{"type":"FeatureCollection", "features": [
{"type":"Feature","geometry":{"type":"Polygon","coordinates":[[[-122.61059373499997,47.315430149000065],[-122.61053195599997,47.32132453500003],[-122.61036615499994,47.32236385800007],[-122.61033496299993,47.32247108400003],[-122.61017671499998,47.32267971100004],[-122.61055691599995,47.32266574300007],[-122.61050969799999,47.32992021000006],[-122.61037654699997,47.33626807900004],[-122.61576407199998,47.33628924200008],[-122.61581040499998,47.33352165200005],[-122.61577395699996,47.32993738000005],[-122.62224270199998,47.32992446100007],[-122.625987566,47.32993357800006],[-122.627818521,47.32440100200005],[-122.63093344099997,47.31801271600005],[-122.631405643,47.316993256000046],[-122.632093775,47.31583143300002],[-122.63188996199995,47.31548163200005],[-122.63147533999995,47.31544199900003],[-122.61798661699999,47.315434511000035],[-122.61557069399998,47.31613757100007],[-122.61430861099997,47.31545961500006],[-122.61183205599997,47.31540760300004],[-122.61059373499997,47.315430149000065]]]},"properties":{"COUNTY":"Pierce","PRECCODE":26300,"PRECNAME":"26-300 Pierce county","PRECINCT":"Pierce 26300","DESCRIPTIO":"C. Gig Harbor Rural West (Lexington, Avery Wood, Harbor Montessori School)","OFFICE":"County Councilor District 7","JURISDICTION":"County Council","RACE":"Pierce County District 7 County Councilor District 7","Name_1":"Brenda Lykins","Party_1":"Democratic_1","Votes_1":"161","Name_2":"Mike Solan","Party_2":"Republican_1","Votes_2":"132","Name_3":"Chuck West","Party_3":"Independent_1","Votes_3":"33","Name_4":"Ann E. Jolie","Party_4":"Republican_2","Votes_4":"5","Name_5":null,"Party_5":null,"Votes_5":"0","Name_6":null,"Party_6":null,"Votes_6":"0","Name_7":null,"Party_7":null,"Votes_7":"0","Votes_total":"331","Pct_1":48.64,"Pct_2":39.88,"Pct_3":9.97,"Pct_4":1.51,"Pct_5":0,"Pct_6":0,"Pct_7":0,"Margin":8.76}},
{"type":"Feature","geometry":{"type":"Polygon","coordinates":[[[-122.62184442599995,47.35361203200006],[-122.62100243299994,47.35344833700003],[-122.62111459799993,47.352827707000074],[-122.61043975299997,47.35271734600007],[-122.61044029899995,47.35320671300007],[-122.61044222999998,47.35628906100004],[-122.61337900799997,47.35633846100006],[-122.61438789999993,47.358559962000065],[-122.61736380999996,47.35877104500002],[-122.61664503099995,47.36057881300007],[-122.61767058899996,47.362831494000034],[-122.61685019599997,47.36324234400007],[-122.61779948599998,47.365340911000025],[-122.61558591999993,47.36543859800003],[-122.61557545399992,47.36601691200008],[-122.61542762299997,47.36601667300004],[-122.615332164,47.37023421200007],[-122.61549360399998,47.37135575600007],[-122.61549106499997,47.372168602000045],[-122.61540275799996,47.372356317000026],[-122.61531193499997,47.372506919000045],[-122.61552151099993,47.37255825100004],[-122.61627436299995,47.37450520600003],[-122.61689557599998,47.37423336800003],[-122.62051205399996,47.37425317700007],[-122.62232968899998,47.37371956100003],[-122.62383752999993,47.37372404400002],[-122.62396203499996,47.37205201000006],[-122.62436978039504,47.37166463208117],[-122.623822778,47.371338760000064],[-122.62324178299994,47.37093381300007],[-122.62292968999995,47.36999475000004],[-122.62330196099995,47.36998519900005],[-122.62247566599996,47.369335824000075],[-122.62376129899997,47.36933888500004],[-122.62366080799997,47.36867662000002],[-122.62481659699995,47.36869383700009],[-122.62435156899994,47.36729754300006],[-122.62352791599993,47.36729361000005],[-122.62354319999994,47.36649377300006],[-122.62621923399996,47.366512826000076],[-122.62632382999996,47.36009908400007],[-122.62101305399996,47.360089524000045],[-122.62103459499997,47.35642768200006],[-122.62279774799997,47.35643726600005],[-122.62280922399997,47.35377347400003],[-122.62184442599995,47.35361203200006]]]},"properties":{"COUNTY":"Pierce","PRECCODE":26301,"PRECNAME":"26-301 Gig Harbor","PRECINCT":"Pierce 26301","DESCRIPTIO":"Gig Harbor Far Northwest (Burnham Drive, McCormick Ridge)","OFFICE":"County Councilor District 7","JURISDICTION":"County Council","RACE":"Pierce County District 7 County Councilor District 7","Name_1":"Brenda Lykins","Party_1":"Democratic_1","Votes_1":"112","Name_2":"Mike Solan","Party_2":"Republican_1","Votes_2":"70","Name_3":"Chuck West","Party_3":"Independent_1","Votes_3":"24","Name_4":"Ann E. Jolie","Party_4":"Republican_2","Votes_4":"5","Name_5":null,"Party_5":null,"Votes_5":"0","Name_6":null,"Party_6":null,"Votes_6":"0","Name_7":null,"Party_7":null,"Votes_7":"0","Votes_total":"211","Pct_1":53.08,"Pct_2":33.18,"Pct_3":11.37,"Pct_4":2.37,"Pct_5":0,"Pct_6":0,"Pct_7":0,"Margin":19.9}},
{"type":"Feature","geometry":{"type":"MultiPolygon","coordinates":[[[[-122.58015595799995,47.34541700500006],[-122.58015761499996,47.346321592000045],[-122.58221158013211,47.346314520076106],[-122.58276585543048,47.34577397974033],[-122.583343421,47.34375549700008],[-122.58246363799998,47.343564177000076],[-122.58204345999998,47.34540319700005],[-122.58015595799995,47.34541700500006]]],[[[-122.60147590499996,47.35943368800008],[-122.60149649699999,47.35992477400003],[-122.60332492899994,47.35988487700006],[-122.60393042499999,47.35988569400006],[-122.60459062899997,47.35986944600006],[-122.60576919199998,47.35972882200008],[-122.60653412,47.35956240200005],[-122.60981973199996,47.35849190600004],[-122.61354362899998,47.35847902300003],[-122.61438789999993,47.358559962000065],[-122.61337900799997,47.35633846100006],[-122.61044222999998,47.35628906100004],[-122.610410985,47.35374127200004],[-122.60928634299995,47.35297815200005],[-122.60830921299998,47.35210472400007],[-122.60689560899996,47.34951029600006],[-122.61005353699993,47.34951936300007],[-122.60876315599992,47.34668916000004],[-122.608348687,47.346330755000054],[-122.60831195099996,47.345611259000066],[-122.60822731299999,47.34542707300005],[-122.60415595099994,47.345422791000026],[-122.601751837,47.34586995700005],[-122.60227183199996,47.346320321000064],[-122.59993079799993,47.34633454900006],[-122.59993469399996,47.345429828000086],[-122.58291370667824,47.345401874597584],[-122.58333217975137,47.34592795423001],[-122.5824989896455,47.34631353735487],[-122.58388245299996,47.34630872400004],[-122.583883411,47.347069179000066],[-122.58520425799998,47.34704879500003],[-122.58524606799995,47.34810890200003],[-122.58923263499997,47.34808345500005],[-122.58927621799995,47.35448175000005],[-122.59462126099997,47.35449377800006],[-122.59457773699995,47.349034348000025],[-122.59991596099997,47.34904865800007],[-122.59999808099995,47.356502800000044],[-122.60147590499996,47.35943368800008]]]]},"properties":{"COUNTY":"Pierce","PRECCODE":26302,"PRECNAME":"26-302 Gig Harbor","PRECINCT":"Pierce 26302","DESCRIPTIO":"Gig Harbor North (Peacock Hill Road Subdivisions, McCormick Creek)","OFFICE":"County Councilor District 7","JURISDICTION":"County Council","RACE":"Pierce County District 7 County Councilor District 7","Name_1":"Brenda Lykins","Party_1":"Democratic_1","Votes_1":"293","Name_2":"Mike Solan","Party_2":"Republican_1","Votes_2":"154","Name_3":"Chuck West","Party_3":"Independent_1","Votes_3":"60","Name_4":"Ann E. Jolie","Party_4":"Republican_2","Votes_4":"13","Name_5":null,"Party_5":null,"Votes_5":"0","Name_6":null,"Party_6":null,"Votes_6":"0","Name_7":null,"Party_7":null,"Votes_7":"0","Votes_total":"520","Pct_1":56.35,"Pct_2":29.62,"Pct_3":11.54,"Pct_4":2.5,"Pct_5":0,"Pct_6":0,"Pct_7":0,"Margin":26.73}},
{"type":"Feature","geometry":{"type":"Polygon","coordinates":[[[-122.58949882499996,47.33498360100003],[-122.58908592603463,47.33537915963073],[-122.59182183072147,47.33632632386487],[-122.59255255099998,47.33630610200004],[-122.59224595799996,47.33669010200003],[-122.5925504459099,47.33745869122557],[-122.5935960890324,47.33788078706009],[-122.59212066699715,47.33775471152485],[-122.58855785799994,47.33983354000003],[-122.5857541845061,47.342150511013045],[-122.58604840299992,47.34289834300006],[-122.58510990199994,47.34423241800004],[-122.5829202672541,47.345318132774274],[-122.58291370667824,47.345401874597584],[-122.59993469399996,47.345429828000086],[-122.59993079799993,47.34633454900006],[-122.60227183199996,47.346320321000064],[-122.601751837,47.34586995700005],[-122.60415595099994,47.345422791000026],[-122.61037495599999,47.345431416000054],[-122.61690573599998,47.34552507200004],[-122.61696942299994,47.34094961300008],[-122.61769519499997,47.34095474300005],[-122.617728356,47.33722807600003],[-122.61574891,47.33720737000004],[-122.61576407199998,47.33628924200008],[-122.61037654699997,47.33626807900004],[-122.61050969799999,47.32992021000006],[-122.59928916099996,47.330428831000056],[-122.59854123399997,47.33045163500003],[-122.58966920099998,47.33073533600004],[-122.58934180899993,47.33073541900006],[-122.58949882499996,47.33498360100003]]]},"properties":{"COUNTY":"Pierce","PRECCODE":26303,"PRECNAME":"26-303 Gig Harbor","PRECINCT":"Pierce 26303","DESCRIPTIO":"Gig Harbor North-Center (Harbor Ridge, Rosedale Village Senior Living, North Harborview Drive)","OFFICE":"County Councilor District 7","JURISDICTION":"County Council","RACE":"Pierce County District 7 County Councilor District 7","Name_1":"Brenda Lykins","Party_1":"Democratic_1","Votes_1":"271","Name_2":"Mike Solan","Party_2":"Republican_1","Votes_2":"173","Name_3":"Chuck West","Party_3":"Independent_1","Votes_3":"44","Name_4":"Ann E. Jolie","Party_4":"Republican_2","Votes_4":"6","Name_5":null,"Party_5":null,"Votes_5":"0","Name_6":null,"Party_6":null,"Votes_6":"0","Name_7":null,"Party_7":null,"Votes_7":"0","Votes_total":"494","Pct_1":54.86,"Pct_2":35.02,"Pct_3":8.91,"Pct_4":1.21,"Pct_5":0,"Pct_6":0,"Pct_7":0,"Margin":19.84}},
{"type":"Feature","geometry":{"type":"Polygon","coordinates":[[[-122.59022680999996,47.32106089700006],[-122.59894812599998,47.33043176800003],[-122.59928916099996,47.330428831000056],[-122.61050969799999,47.32992021000006],[-122.61055691599995,47.32266574300007],[-122.60552669499998,47.322850507000055],[-122.60547769399994,47.32466875300002],[-122.60014945299997,47.32488266000007],[-122.59494045599996,47.325079192000025],[-122.59491840799997,47.32331009800003],[-122.59679500699995,47.32320432900008],[-122.60021723599998,47.32305535800003],[-122.60041855799996,47.31579245900007],[-122.58970775399997,47.316207518000056],[-122.58977962999992,47.30893858500007],[-122.58179734699995,47.30892487000005],[-122.58014936299998,47.30894295700005],[-122.57971893299998,47.309165969000055],[-122.58160988999997,47.31126266900004],[-122.58595056799999,47.31621334900006],[-122.59022680999996,47.32106089700006]]]},"properties":{"COUNTY":"Pierce","PRECCODE":26304,"PRECNAME":"26-304 Gig Harbor","PRECINCT":"Pierce 26304","DESCRIPTIO":"Gig Harbor Southwest (Wollochet Drive Subdivisions, Skansie Avenue Subdivisions)","OFFICE":"County Councilor District 7","JURISDICTION":"County Council","RACE":"Pierce County District 7 County Councilor District 7","Name_1":"Brenda Lykins","Party_1":"Democratic_1","Votes_1":"311","Name_2":"Mike Solan","Party_2":"Republican_1","Votes_2":"183","Name_3":"Chuck West","Party_3":"Independent_1","Votes_3":"72","Name_4":"Ann E. Jolie","Party_4":"Republican_2","Votes_4":"15","Name_5":null,"Party_5":null,"Votes_5":"0","Name_6":null,"Party_6":null,"Votes_6":"0","Name_7":null,"Party_7":null,"Votes_7":"0","Votes_total":"581","Pct_1":53.53,"Pct_2":31.5,"Pct_3":12.39,"Pct_4":2.58,"Pct_5":0,"Pct_6":0,"Pct_7":0,"Margin":22.03}},
{"type":"Feature","geometry":{"type":"Polygon","coordinates":[[[-122.57563468899997,47.305989154000024],[-122.57759960399993,47.30679814500007],[-122.57971893299998,47.309165969000055],[-122.58014936299998,47.30894295700005],[-122.58179734699995,47.30892487000005],[-122.58977962999992,47.30893858500007],[-122.58977707099997,47.30767033300004],[-122.58987307499996,47.30234276100003],[-122.59013113299994,47.294402666000046],[-122.57924784999994,47.294411663000055],[-122.57789868799992,47.29073964300006],[-122.57625071599995,47.290770684000044],[-122.57489789299997,47.29077790700006],[-122.57480575199997,47.29800492000004],[-122.56989834099996,47.29801780800005],[-122.57351383599998,47.30210948000007],[-122.57464921299999,47.30376355100003],[-122.57521636099995,47.30543367900003],[-122.57546078299997,47.30585675800006],[-122.57563468899997,47.305989154000024]]]},"properties":{"COUNTY":"Pierce","PRECCODE":26305,"PRECNAME":"26-305 Gig Harbor","PRECINCT":"Pierce 26305","DESCRIPTIO":"Gig Harbor Far South (Point Fosdick Drive Subdivisions, Harbor Country Apartments)","OFFICE":"County Councilor District 7","JURISDICTION":"County Council","RACE":"Pierce County District 7 County Councilor District 7","Name_1":"Brenda Lykins","Party_1":"Democratic_1","Votes_1":"333","Name_2":"Mike Solan","Party_2":"Republican_1","Votes_2":"188","Name_3":"Chuck West","Party_3":"Independent_1","Votes_3":"55","Name_4":"Ann E. Jolie","Party_4":"Republican_2","Votes_4":"11","Name_5":null,"Party_5":null,"Votes_5":"0","Name_6":null,"Party_6":null,"Votes_6":"0","Name_7":null,"Party_7":null,"Votes_7":"0","Votes_total":"587","Pct_1":56.73,"Pct_2":32.03,"Pct_3":9.37,"Pct_4":1.87,"Pct_5":0,"Pct_6":0,"Pct_7":0,"Margin":24.7}},
{"type":"Feature","geometry":{"type":"Polygon","coordinates":[[[-122.59464447299993,47.36723795700004],[-122.59996944599999,47.36721293500005],[-122.59995964699998,47.36361483300004],[-122.61033016399995,47.36357066100004],[-122.61027006199998,47.366235259000064],[-122.61267249699995,47.36626853800004],[-122.612565287,47.36599119200008],[-122.61557545399992,47.36601691200008],[-122.61558591999993,47.36543859800003],[-122.61779948599998,47.365340911000025],[-122.61685019599997,47.36324234400007],[-122.61767058899996,47.362831494000034],[-122.61664503099995,47.36057881300007],[-122.61736380999996,47.35877104500002],[-122.61496377799995,47.35860623900004],[-122.61354362899998,47.35847902300003],[-122.60981973199996,47.35849190600004],[-122.60653412,47.35956240200005],[-122.60576919199998,47.35972882200008],[-122.60459062899997,47.35986944600006],[-122.60393042499999,47.35988569400006],[-122.60332492899994,47.35988487700006],[-122.60066800399994,47.35993944400008],[-122.59918945499999,47.35992859700007],[-122.59461296499995,47.35976517300003],[-122.59466001699998,47.36361195000006],[-122.59464447299993,47.36723795700004]]]},"properties":{"COUNTY":"Pierce","PRECCODE":26306,"PRECNAME":"26-306 Gig Harbor","PRECINCT":"Pierce 26306","DESCRIPTIO":"Gig Harbor Far North (Olympus Way, The Ridge, Bracera Apartments, Harbor Crossing)","OFFICE":"County Councilor District 7","JURISDICTION":"County Council","RACE":"Pierce County District 7 County Councilor District 7","Name_1":"Brenda Lykins","Party_1":"Democratic_1","Votes_1":"275","Name_2":"Mike Solan","Party_2":"Republican_1","Votes_2":"151","Name_3":"Chuck West","Party_3":"Independent_1","Votes_3":"34","Name_4":"Ann E. Jolie","Party_4":"Republican_2","Votes_4":"19","Name_5":null,"Party_5":null,"Votes_5":"0","Name_6":null,"Party_6":null,"Votes_6":"0","Name_7":null,"Party_7":null,"Votes_7":"0","Votes_total":"479","Pct_1":57.41,"Pct_2":31.52,"Pct_3":7.1,"Pct_4":3.97,"Pct_5":0,"Pct_6":0,"Pct_7":0,"Margin":25.89}},
{"type":"Feature","geometry":{"type":"Polygon","coordinates":[[[-122.57891499299996,47.31481445700007],[-122.57691572299994,47.31482176000003],[-122.57689400299994,47.31482113500004],[-122.57689170799995,47.31530753900006],[-122.57890570199997,47.31530301500004],[-122.57888480099997,47.316330555000036],[-122.575132436,47.31630868700006],[-122.57510114299998,47.31808054300006],[-122.57353864099996,47.318089789000055],[-122.573582157,47.318160728000066],[-122.57362580399997,47.31832784500005],[-122.57367384999996,47.318370949000034],[-122.57367413199995,47.318438739000044],[-122.57382261899994,47.31869404700006],[-122.57408316687187,47.31943384983805],[-122.57412803599996,47.31944887000002],[-122.5743899242924,47.32039003124619],[-122.57477373199998,47.321079139000055],[-122.57476044298285,47.3212271921515],[-122.57614686703856,47.32354003015911],[-122.57652944699996,47.32564356900007],[-122.57775177399996,47.32801160100007],[-122.57869986999998,47.32885143400006],[-122.57883169099995,47.323464356000045],[-122.58773286799999,47.323349304000025],[-122.588577344,47.32260694100006],[-122.58912466299996,47.32207369500003],[-122.59022678199993,47.32106018400003],[-122.581609862,47.31126195600007],[-122.57759957499997,47.30679740500005],[-122.575634661,47.30598844200005],[-122.57518451099995,47.30634565400003],[-122.57495669599996,47.306567654000055],[-122.57473456399995,47.30693553900005],[-122.574462097,47.30893890900006],[-122.57228009,47.30895840100004],[-122.57204136699994,47.309859946000074],[-122.57455322399993,47.309848955000064],[-122.57453781099998,47.31031052700006],[-122.57645934499999,47.31030577700005],[-122.57643832199993,47.31163862000005],[-122.57687279199995,47.31164611500003],[-122.57817840099993,47.311636928000034],[-122.57835612499997,47.31256439900005],[-122.57835014699997,47.312853433000036],[-122.57895358799998,47.31285040400007],[-122.57891499299996,47.31481445700007]]]},"properties":{"COUNTY":"Pierce","PRECCODE":26307,"PRECNAME":"26-307 Gig Harbor","PRECINCT":"Pierce 26307","DESCRIPTIO":"Gig Harbor Southeast (Soundview Drive Subdivisions, Harbor Sunset Senior Living)","OFFICE":"County Councilor District 7","JURISDICTION":"County Council","RACE":"Pierce County District 7 County Councilor District 7","Name_1":"Brenda Lykins","Party_1":"Democratic_1","Votes_1":"347","Name_2":"Mike Solan","Party_2":"Republican_1","Votes_2":"223","Name_3":"Chuck West","Party_3":"Independent_1","Votes_3":"64","Name_4":"Ann E. Jolie","Party_4":"Republican_2","Votes_4":"21","Name_5":null,"Party_5":null,"Votes_5":"0","Name_6":null,"Party_6":null,"Votes_6":"0","Name_7":null,"Party_7":null,"Votes_7":"0","Votes_total":"655","Pct_1":52.98,"Pct_2":34.05,"Pct_3":9.77,"Pct_4":3.21,"Pct_5":0,"Pct_6":0,"Pct_7":0,"Margin":18.93}},
{"type":"Feature","geometry":{"type":"Polygon","coordinates":[[[-122.59918945499999,47.35992859700007],[-122.60066800399994,47.35993944400008],[-122.60149649699999,47.35992477400003],[-122.60147590499996,47.35943368800008],[-122.59999808099995,47.356502800000044],[-122.59991596099997,47.34904865800007],[-122.59457773699995,47.349034348000025],[-122.59462126099997,47.35449377800006],[-122.58927621799995,47.35448175000005],[-122.58930432299996,47.35905848900007],[-122.58936285399996,47.359902291000026],[-122.59364563499994,47.359736553000054],[-122.59918945499999,47.35992859700007]]]},"properties":{"COUNTY":"Pierce","PRECCODE":26308,"PRECNAME":"26-308 Gig Harbor","PRECINCT":"Pierce 26308","DESCRIPTIO":"Gig Harbor Northeast (Harbor Hill, Heron's Key Senior Living, Swift Water Elementary School)","OFFICE":"County Councilor District 7","JURISDICTION":"County Council","RACE":"Pierce County District 7 County Councilor District 7","Name_1":"Brenda Lykins","Party_1":"Democratic_1","Votes_1":"300","Name_2":"Mike Solan","Party_2":"Republican_1","Votes_2":"127","Name_3":"Chuck West","Party_3":"Independent_1","Votes_3":"46","Name_4":"Ann E. Jolie","Party_4":"Republican_2","Votes_4":"10","Name_5":"Write-In","Party_5":"None_1","Votes_5":"1","Name_6":null,"Party_6":null,"Votes_6":"0","Name_7":null,"Party_7":null,"Votes_7":"0","Votes_total":"484","Pct_1":61.98,"Pct_2":26.24,"Pct_3":9.5,"Pct_4":2.07,"Pct_5":0.21,"Pct_6":0,"Pct_7":0,"Margin":35.74}},
{"type":"Feature","geometry":{"type":"Polygon","coordinates":[[[-122.76406427899997,47.36640004700007],[-122.75863893699992,47.36640915400005],[-122.75834374599998,47.36558614800003],[-122.75072171699998,47.36547727400006],[-122.75033984899993,47.37446547400003],[-122.73740581599998,47.374480249000044],[-122.73725654799995,47.374617432000036],[-122.73717760399997,47.377461248000024],[-122.73717935799996,47.379476329000056],[-122.73833813299994,47.379512987000055],[-122.73916138699994,47.380307420000065],[-122.73997314899998,47.381588254000064],[-122.74000593999995,47.38376646900007],[-122.742154655,47.38569493700004],[-122.74190579199993,47.38646323300002],[-122.74011905199997,47.38799230700004],[-122.73956093799997,47.38897543900004],[-122.72449297399999,47.388902974000075],[-122.72209293699993,47.38888192600006],[-122.72049622299994,47.388875940000055],[-122.71318049199996,47.388835474000075],[-122.713715769,47.39592947000005],[-122.71305630599994,47.39623220400006],[-122.71323113299997,47.40330630800002],[-122.76424924799994,47.40344680300006],[-122.76427895299994,47.40293897600003],[-122.76434736899995,47.39885744000003],[-122.76444711699999,47.38330255400007],[-122.76421740899995,47.37659204100003],[-122.76370440999995,47.37482036400007],[-122.76424974799995,47.37380673900003],[-122.76541925099995,47.37350260700003],[-122.76616727999996,47.372599193000035],[-122.76435611499994,47.37094089100004],[-122.76421964499997,47.37078395800006],[-122.76413596499997,47.37055880000002],[-122.76406427899997,47.36640004700007]]]},"properties":{"COUNTY":"Pierce","PRECCODE":26309,"PRECNAME":"26-309 Pierce county","PRECINCT":"Pierce 26309","DESCRIPTIO":"N. Key Peninsula Northwest (Rocky Creek Conservation Area, 164th Avenue NW & 144th, Carney Lake)","OFFICE":"County Councilor District 7","JURISDICTION":"County Council","RACE":"Pierce County District 7 County Councilor District 7","Name_1":"Mike Solan","Party_1":"Republican_1","Votes_1":"86","Name_2":"Brenda Lykins","Party_2":"Democratic_1","Votes_2":"67","Name_3":"Chuck West","Party_3":"Independent_1","Votes_3":"37","Name_4":"Ann E. Jolie","Party_4":"Republican_2","Votes_4":"6","Name_5":null,"Party_5":null,"Votes_5":"0","Name_6":null,"Party_6":null,"Votes_6":"0","Name_7":null,"Party_7":null,"Votes_7":"0","Votes_total":"196","Pct_1":43.88,"Pct_2":34.18,"Pct_3":18.88,"Pct_4":3.06,"Pct_5":0,"Pct_6":0,"Pct_7":0,"Margin":9.7}},
{"type":"Feature","geometry":{"type":"Polygon","coordinates":[[[-122.734667071,47.34588580600007],[-122.73244692499998,47.34542834100006],[-122.73175085699995,47.345450948000064],[-122.73146467043041,47.34548510801569],[-122.73025497799993,47.34774218200005],[-122.73048744199997,47.346106027000076],[-122.73124465399997,47.344746771000075],[-122.72953111899992,47.34234914400009],[-122.72802734799997,47.34279275000005],[-122.729205279,47.34179099400006],[-122.7279284008694,47.338137011893714],[-122.72613195969934,47.33822347136499],[-122.718902986,47.342148640000055],[-122.7120374,47.3438702],[-122.70680818199996,47.34936100500004],[-122.7004031586753,47.35234330140384],[-122.69728934699997,47.35321056300006],[-122.693702326,47.35493461100003],[-122.69216413,47.35661308100003],[-122.69210925669616,47.35802927827983],[-122.69430645799999,47.35543517800005],[-122.69348948399995,47.355827211000076],[-122.694384819,47.355381532000074],[-122.69450548799993,47.35493596200007],[-122.69442802299992,47.35532978500004],[-122.69677789999999,47.353842847000074],[-122.695826905,47.35601187600002],[-122.697020793,47.35915205500004],[-122.69714019599994,47.361207626000066],[-122.69672481912134,47.361946542812234],[-122.69768378199996,47.362592359000075],[-122.69915389499998,47.36498551700002],[-122.69917456799996,47.36597495800003],[-122.69998079987846,47.36684249220799],[-122.69951683299996,47.36905526800007],[-122.7004584444916,47.36984679746537],[-122.70219478099996,47.37020747800006],[-122.70279308599999,47.370966659000025],[-122.70230907399998,47.37250253700006],[-122.70227222999993,47.372675773000026],[-122.70217272999999,47.37311422700002],[-122.70228456899999,47.37327446700005],[-122.70246666899996,47.37326799500005],[-122.70290136499995,47.37327776500006],[-122.70320567399995,47.37320753900007],[-122.70338230699998,47.37323504000005],[-122.70373947999998,47.373452687000054],[-122.703816739,47.373841930000026],[-122.70280125899993,47.374741139000044],[-122.70409027199999,47.375570881000044],[-122.70411128899995,47.37592663500004],[-122.70258527199996,47.37626542900006],[-122.70252625299999,47.37661422800005],[-122.70176894399997,47.37649969100004],[-122.70099433699994,47.37712850100007],[-122.70107390199993,47.37947154900007],[-122.70023270199997,47.37974159500005],[-122.70021764699996,47.38049271700004],[-122.702420911,47.38052927000006],[-122.70461718699994,47.37971025400004],[-122.71183589099994,47.37418864800002],[-122.71247599399999,47.37433853800007],[-122.71621837799992,47.37435096500007],[-122.71627489299996,47.37061332700006],[-122.72883522399998,47.36097260200006],[-122.73755256,47.349692378000036],[-122.741708207,47.34705372600007],[-122.74378814099998,47.34267217900004],[-122.74521992899997,47.34076646000005],[-122.74391702099997,47.340970053000035],[-122.74259423599996,47.34201228500007],[-122.74181214899994,47.342770087000076],[-122.73928978899993,47.34532082400005],[-122.73568701199997,47.345802115000026],[-122.73499881599994,47.34588975500003],[-122.734667071,47.34588580600007]]]},"properties":{"COUNTY":"Pierce","PRECCODE":26310,"PRECNAME":"26-310 Pierce county","PRECINCT":"Pierce 26310","DESCRIPTIO":"N. Key Peninsula South (Cramer Road, Glen Cove, Sunshine Beach)","OFFICE":"County Councilor District 7","JURISDICTION":"County Council","RACE":"Pierce County District 7 County Councilor District 7","Name_1":"Mike Solan","Party_1":"Republican_1","Votes_1":"193","Name_2":"Brenda Lykins","Party_2":"Democratic_1","Votes_2":"181","Name_3":"Chuck West","Party_3":"Independent_1","Votes_3":"77","Name_4":"Ann E. Jolie","Party_4":"Republican_2","Votes_4":"18","Name_5":null,"Party_5":null,"Votes_5":"0","Name_6":null,"Party_6":null,"Votes_6":"0","Name_7":null,"Party_7":null,"Votes_7":"0","Votes_total":"469","Pct_1":41.15,"Pct_2":38.59,"Pct_3":16.42,"Pct_4":3.84,"Pct_5":0,"Pct_6":0,"Pct_7":0,"Margin":2.56}},
{"type":"Feature","geometry":{"type":"Polygon","coordinates":[[[-122.59894812599998,47.33043176800003],[-122.59022680999996,47.32106089700006],[-122.58857737199997,47.322607653000034],[-122.58773289499999,47.32335001700005],[-122.57883998199998,47.323489905000024],[-122.57869986999998,47.32885143400006],[-122.57775177399996,47.32801160100007],[-122.57652944699996,47.32564356900007],[-122.57624374649087,47.327454301927105],[-122.57855531099995,47.329527013000074],[-122.57959084699998,47.32971853000003],[-122.58189376878089,47.33093572801315],[-122.58317016957919,47.33297019950132],[-122.58537178074349,47.333961302802265],[-122.58854120199999,47.33381429000008],[-122.589215143,47.33517325500003],[-122.58949882499996,47.33498360100003],[-122.58934180899993,47.33073541900006],[-122.58966920099998,47.33073533600004],[-122.59854123399997,47.33045163500003],[-122.59894812599998,47.33043176800003]]]},"properties":{"COUNTY":"Pierce","PRECCODE":26311,"PRECNAME":"26-311 Gig Harbor","PRECINCT":"Pierce 26311","DESCRIPTIO":"Gig Harbor South-Center (Pioneer Hill, Downtown, Stinson Avenue Apartments)","OFFICE":"County Councilor District 7","JURISDICTION":"County Council","RACE":"Pierce County District 7 County Councilor District 7","Name_1":"Brenda Lykins","Party_1":"Democratic_1","Votes_1":"314","Name_2":"Mike Solan","Party_2":"Republican_1","Votes_2":"194","Name_3":"Chuck West","Party_3":"Independent_1","Votes_3":"63","Name_4":"Ann E. Jolie","Party_4":"Republican_2","Votes_4":"16","Name_5":null,"Party_5":null,"Votes_5":"0","Name_6":null,"Party_6":null,"Votes_6":"0","Name_7":null,"Party_7":null,"Votes_7":"0","Votes_total":"587","Pct_1":53.49,"Pct_2":33.05,"Pct_3":10.73,"Pct_4":2.73,"Pct_5":0,"Pct_6":0,"Pct_7":0,"Margin":20.44}},
{"type":"Feature","geometry":{"type":"Polygon","coordinates":[[[-122.63885814099996,47.30243629200004],[-122.640232815,47.302414075000065],[-122.64069516099994,47.30250018700007],[-122.64109642799995,47.30261361600002],[-122.64158200999996,47.30283626000004],[-122.64215757699998,47.30330799700004],[-122.64258145899996,47.30427609700007],[-122.64268683599994,47.31189325900004],[-122.64397145899994,47.31339517100008],[-122.64422941999999,47.313810431000036],[-122.64432786099995,47.31423105400006],[-122.64448932599996,47.31620754300007],[-122.64462926499996,47.316575536000066],[-122.644820516,47.31691959600004],[-122.64518084599997,47.31745248300006],[-122.64531388999993,47.31767211800007],[-122.64608068799998,47.31842679100003],[-122.64780001899996,47.31920967700005],[-122.648495155,47.31932594900007],[-122.653779714,47.31995575500008],[-122.65415034599998,47.31990298700003],[-122.65540521799996,47.319371519000065],[-122.65603383899999,47.318937389000034],[-122.65752147999991,47.31810465400008],[-122.65782954299996,47.31812909000007],[-122.65900882399994,47.31865610200004],[-122.65853910099997,47.31599331900002],[-122.658617544,47.315293040000036],[-122.66046023099992,47.31288498300006],[-122.66079133299995,47.31222779700005],[-122.66173577799998,47.31022979800008],[-122.66233775699999,47.30879366800008],[-122.66329525299994,47.30522459100007],[-122.66447371899994,47.30455497700006],[-122.66562905799998,47.30451864500003],[-122.66385035199994,47.30456779200006],[-122.65972436699997,47.304822288000025],[-122.65847653899996,47.304608509000055],[-122.65748574651992,47.30387290723414],[-122.657261975,47.30337285200005],[-122.65715383167557,47.302919387776505],[-122.65672163127336,47.302255686708484],[-122.65638292730443,47.30198795712671],[-122.65595090994056,47.301750084720354],[-122.65430847799996,47.301432595000044],[-122.64919329599996,47.30238768300006],[-122.64213683246058,47.30215345012016],[-122.63885814099996,47.30243629200004]]]},"properties":{"COUNTY":"Pierce","PRECCODE":26312,"PRECNAME":"26-312 Pierce county","PRECINCT":"Pierce 26312","DESCRIPTIO":"S. Gig Harbor Rural Farther West (Dawson Drive, 85th Avenue NW & 68th, Ray Nash Court)","OFFICE":"County Councilor District 7","JURISDICTION":"County Council","RACE":"Pierce County District 7 County Councilor District 7","Name_1":"Mike Solan","Party_1":"Republican_1","Votes_1":"74","Name_2":"Brenda Lykins","Party_2":"Democratic_1","Votes_2":"72","Name_3":"Chuck West","Party_3":"Independent_1","Votes_3":"24","Name_4":"Ann E. Jolie","Party_4":"Republican_2","Votes_4":"4","Name_5":null,"Party_5":null,"Votes_5":"0","Name_6":null,"Party_6":null,"Votes_6":"0","Name_7":null,"Party_7":null,"Votes_7":"0","Votes_total":"174","Pct_1":42.53,"Pct_2":41.38,"Pct_3":13.79,"Pct_4":2.3,"Pct_5":0,"Pct_6":0,"Pct_7":0,"Margin":1.15}},
{"type":"Feature","geometry":{"type":"Polygon","coordinates":[[[-122.69158916899991,47.38907492700009],[-122.694538594,47.38908468800002],[-122.69484779099999,47.38907604600006],[-122.69493941699994,47.40349486900004],[-122.71323113299997,47.40330630800002],[-122.71305630599994,47.39623220400006],[-122.713715769,47.39592947000005],[-122.71318049199996,47.388835474000075],[-122.72049622299994,47.388875940000055],[-122.72209293699993,47.38888192600006],[-122.72449297399999,47.388902974000075],[-122.724389643,47.38541581700008],[-122.72226396299999,47.385245944000076],[-122.72225704199998,47.38289818900005],[-122.718718804,47.38284732300008],[-122.72026343299994,47.377144853000054],[-122.72118715099998,47.375757112000024],[-122.71660114499996,47.37440122500004],[-122.71247599399999,47.37433853800007],[-122.71183589099994,47.37418864800002],[-122.70461718699994,47.37971025400004],[-122.702420911,47.38052927000006],[-122.70021764699996,47.38049271700004],[-122.70023270199997,47.37974159500005],[-122.70107390199993,47.37947154900007],[-122.70099433699994,47.37712850100007],[-122.70176894399997,47.37649969100004],[-122.70252625299999,47.37661422800005],[-122.70258527199996,47.37626542900006],[-122.70411128899995,47.37592663500004],[-122.70409027199999,47.375570881000044],[-122.70280125899993,47.374741139000044],[-122.703816739,47.373841930000026],[-122.70373947999998,47.373452687000054],[-122.70338230699998,47.37323504000005],[-122.70320567399995,47.37320753900007],[-122.70290136499995,47.37327776500006],[-122.70246666899996,47.37326799500005],[-122.70228456899999,47.37327446700005],[-122.70217272999999,47.37311422700002],[-122.70227222999993,47.372675773000026],[-122.70230907399998,47.37250253700006],[-122.70198308999993,47.37207097500004],[-122.70250114499999,47.37127950600006],[-122.70172066599994,47.370805665000034],[-122.70123402999998,47.37108961900003],[-122.70110271899993,47.37050439800004],[-122.70031556999997,47.37080134400002],[-122.700272338,47.37033855400005],[-122.69982900099993,47.370454933000076],[-122.69970423199999,47.371061025000074],[-122.69953453499996,47.37037036400005],[-122.69882425799993,47.37001154100005],[-122.697861548,47.36778690600005],[-122.69809362681646,47.36741287955079],[-122.69752060299996,47.36562692900003],[-122.69401967299994,47.362525843000064],[-122.693494721,47.361360260000026],[-122.69244035899997,47.361553241000074],[-122.69467328299999,47.36383895600005],[-122.69472153,47.36680037800005],[-122.69469860799995,47.36802543500004],[-122.69474592799996,47.37354093300007],[-122.69479351199996,47.37571430100007],[-122.69542095799994,47.37972413400007],[-122.69470560699993,47.38060469800006],[-122.69479273999995,47.38124119500003],[-122.69024410299994,47.38380388400003],[-122.68659511299997,47.38689828900004],[-122.680357164,47.38889868600006],[-122.69158916899991,47.38907492700009]]]},"properties":{"COUNTY":"Pierce","PRECCODE":26313,"PRECNAME":"26-313 Pierce county","PRECINCT":"Pierce 26313","DESCRIPTIO":"N. Key Peninsula Center (Key Peninsula Highway NW & 118th Ave NW, Huge Creek)","OFFICE":"County Councilor District 7","JURISDICTION":"County Council","RACE":"Pierce County District 7 County Councilor District 7","Name_1":"Mike Solan","Party_1":"Republican_1","Votes_1":"133","Name_2":"Brenda Lykins","Party_2":"Democratic_1","Votes_2":"102","Name_3":"Chuck West","Party_3":"Independent_1","Votes_3":"64","Name_4":"Ann E. Jolie","Party_4":"Republican_2","Votes_4":"13","Name_5":null,"Party_5":null,"Votes_5":"0","Name_6":null,"Party_6":null,"Votes_6":"0","Name_7":null,"Party_7":null,"Votes_7":"0","Votes_total":"312","Pct_1":42.63,"Pct_2":32.69,"Pct_3":20.51,"Pct_4":4.17,"Pct_5":0,"Pct_6":0,"Pct_7":0,"Margin":9.94}},
{"type":"Feature","geometry":{"type":"Polygon","coordinates":[[[-122.72118715099998,47.375757112000024],[-122.72026343299994,47.377144853000054],[-122.718718804,47.38284732300008],[-122.72225704199998,47.38289818900005],[-122.72226396299999,47.385245944000076],[-122.724389643,47.38541581700008],[-122.72449297399999,47.388902974000075],[-122.73956093799997,47.38897543900004],[-122.74011905199997,47.38799230700004],[-122.74190579199993,47.38646323300002],[-122.742154655,47.38569493700004],[-122.74000593999995,47.38376646900007],[-122.73997314899998,47.381588254000064],[-122.73916138699994,47.380307420000065],[-122.73833813299994,47.379512987000055],[-122.73717935799996,47.379476329000056],[-122.73718363899998,47.37801078100005],[-122.733932886,47.377997519000075],[-122.73337602699995,47.37797770700007],[-122.72679395499993,47.37731128300003],[-122.72118715099998,47.375757112000024]]]},"properties":{"COUNTY":"Pierce","PRECCODE":26314,"PRECNAME":"26-314 Pierce county","PRECINCT":"Pierce 26314","DESCRIPTIO":"N. Key Peninsula West-Center (Lake Holiday, Lake of the Woods)","OFFICE":"County Councilor District 7","JURISDICTION":"County Council","RACE":"Pierce County District 7 County Councilor District 7","Name_1":"Brenda Lykins","Party_1":"Democratic_1","Votes_1":"162","Name_2":"Mike Solan","Party_2":"Republican_1","Votes_2":"114","Name_3":"Chuck West","Party_3":"Independent_1","Votes_3":"52","Name_4":"Ann E. Jolie","Party_4":"Republican_2","Votes_4":"18","Name_5":"Write-In","Party_5":"None_1","Votes_5":"1","Name_6":null,"Party_6":null,"Votes_6":"0","Name_7":null,"Party_7":null,"Votes_7":"0","Votes_total":"347","Pct_1":46.69,"Pct_2":32.85,"Pct_3":14.99,"Pct_4":5.19,"Pct_5":0.29,"Pct_6":0,"Pct_7":0,"Margin":13.84}},
{"type":"Feature","geometry":{"type":"Polygon","coordinates":[[[-122.76424924799994,47.40344680300006],[-122.80099669899998,47.403381337000035],[-122.80114676,47.39995245200003],[-122.80122750139563,47.35865967957136],[-122.80051530000001,47.3586671],[-122.79747629299999,47.36065090500006],[-122.79560451259971,47.36088141979155],[-122.79189497149336,47.36070026760883],[-122.78888069799997,47.361704284000034],[-122.78852729999997,47.362016],[-122.79184076699994,47.36084873000005],[-122.79249672399999,47.361284205000054],[-122.79241321999996,47.36149205000003],[-122.79154152729318,47.36141047662549],[-122.79073900299994,47.36198637500007],[-122.78893542338692,47.36202249814385],[-122.78774266499994,47.365096147000024],[-122.78446302733309,47.36723954051049],[-122.78415506399992,47.369166601000074],[-122.78296995699998,47.369971580000026],[-122.78179987392166,47.37012576907894],[-122.78166325299998,47.371240090000065],[-122.78105939799997,47.37043699900005],[-122.78292124153674,47.367746561527916],[-122.78298774305951,47.365650665305026],[-122.78477432311065,47.36471578278298],[-122.78458219999999,47.36361270500004],[-122.78536940629552,47.363379812691484],[-122.785145,47.36394],[-122.78637072099994,47.361407249000074],[-122.78799066715693,47.36046673241635],[-122.78617721706006,47.3580326794487],[-122.78589611499993,47.358408275000045],[-122.78589083099993,47.35811504700006],[-122.79122580499995,47.35558254500006],[-122.79071460699997,47.353206485000044],[-122.79115995399997,47.35180713900007],[-122.79402671599996,47.34947646000006],[-122.79571930399997,47.34708155800006],[-122.79627346316971,47.34786534496145],[-122.79585641964877,47.34884400501809],[-122.79646725147981,47.34845015318583],[-122.796065840228,47.346967422986715],[-122.79576873624286,47.346649022703886],[-122.78073685574896,47.34173317361056],[-122.77614889999998,47.3427268],[-122.77575283354322,47.34165214116858],[-122.77454567071298,47.34142333635895],[-122.77371206999999,47.34171049600008],[-122.77220565599998,47.341012482000046],[-122.76671837084086,47.34185131981621],[-122.765311608,47.34288071500003],[-122.76588767799996,47.34331350800005],[-122.76327149799997,47.344059024000046],[-122.763958437,47.344981536000034],[-122.76401953399993,47.362869956000054],[-122.76413596499997,47.37055880000002],[-122.76421964499997,47.37078395800006],[-122.76435611499994,47.37094089100004],[-122.76616727999996,47.372599193000035],[-122.76541925099995,47.37350260700003],[-122.76424974799995,47.37380673900003],[-122.76370440999995,47.37482036400007],[-122.76421740899995,47.37659204100003],[-122.76444711699999,47.38330255400007],[-122.76434736899995,47.39885744000003],[-122.76427895299994,47.40293897600003],[-122.76424924799994,47.40344680300006]]]},"properties":{"COUNTY":"Pierce","PRECCODE":26315,"PRECNAME":"26-315 Pierce county","PRECINCT":"Pierce 26315","DESCRIPTIO":"N. Key Peninsula Far West (Rocky Creek Road, Rocky Bay, Vaughn Bay North)","OFFICE":"County Councilor District 7","JURISDICTION":"County Council","RACE":"Pierce County District 7 County Councilor District 7","Name_1":"Brenda Lykins","Party_1":"Democratic_1","Votes_1":"208","Name_2":"Mike Solan","Party_2":"Republican_1","Votes_2":"164","Name_3":"Chuck West","Party_3":"Independent_1","Votes_3":"113","Name_4":"Ann E. Jolie","Party_4":"Republican_2","Votes_4":"14","Name_5":null,"Party_5":null,"Votes_5":"0","Name_6":null,"Party_6":null,"Votes_6":"0","Name_7":null,"Party_7":null,"Votes_7":"0","Votes_total":"499","Pct_1":41.68,"Pct_2":32.87,"Pct_3":22.65,"Pct_4":2.81,"Pct_5":0,"Pct_6":0,"Pct_7":0,"Margin":8.81}},
{"type":"Feature","geometry":{"type":"Polygon","coordinates":[[[-122.72118715099998,47.375757112000024],[-122.72679395499993,47.37731128300003],[-122.73337602699995,47.37797770700007],[-122.733932886,47.377997519000075],[-122.73718363899998,47.37801078100005],[-122.73717760399997,47.377461248000024],[-122.73725654799995,47.374617432000036],[-122.73740581599998,47.374480249000044],[-122.75033984899993,47.37446547400003],[-122.75072171699998,47.36547727400006],[-122.75834374599998,47.36558614800003],[-122.75863893699992,47.36640915400005],[-122.76406427899997,47.36640004700007],[-122.76401953399993,47.362869956000054],[-122.763958437,47.344981536000034],[-122.76327149799997,47.344059024000046],[-122.75935647799999,47.34538975400005],[-122.753016544,47.345591101000025],[-122.75207175699994,47.34558525300008],[-122.74944240699993,47.345106680000065],[-122.74815460199994,47.34505871300007],[-122.74692084199995,47.34445755900003],[-122.74683155999998,47.34314694700004],[-122.74783474299993,47.34149046600004],[-122.74785900299999,47.34118281700005],[-122.74778733899996,47.34104227100005],[-122.74769538199995,47.340964324000026],[-122.74750761899998,47.340851315000066],[-122.74725593199999,47.34078425100006],[-122.746845777,47.34075719800007],[-122.74521992899997,47.34076646000005],[-122.74378814099998,47.34267217900004],[-122.741708207,47.34705372600007],[-122.73755256,47.349692378000036],[-122.72883522399998,47.36097260200006],[-122.71627489299996,47.37061332700006],[-122.71621837799992,47.37435096500007],[-122.71660114499996,47.37440122500004],[-122.72118715099998,47.375757112000024]]]},"properties":{"COUNTY":"Pierce","PRECCODE":26316,"PRECNAME":"26-316 Pierce county","PRECINCT":"Pierce 26316","DESCRIPTIO":"N. Key Peninsula Southwest (Lake Minterwood, 160th Avenue NW & 118th, Key Peninsula Food Bank)","OFFICE":"County Councilor District 7","JURISDICTION":"County Council","RACE":"Pierce County District 7 County Councilor District 7","Name_1":"Brenda Lykins","Party_1":"Democratic_1","Votes_1":"153","Name_2":"Mike Solan","Party_2":"Republican_1","Votes_2":"132","Name_3":"Chuck West","Party_3":"Independent_1","Votes_3":"86","Name_4":"Ann E. Jolie","Party_4":"Republican_2","Votes_4":"4","Name_5":null,"Party_5":null,"Votes_5":"0","Name_6":null,"Party_6":null,"Votes_6":"0","Name_7":null,"Party_7":null,"Votes_7":"0","Votes_total":"375","Pct_1":40.8,"Pct_2":35.2,"Pct_3":22.93,"Pct_4":1.07,"Pct_5":0,"Pct_6":0,"Pct_7":0,"Margin":5.6}},
{"type":"Feature","geometry":{"type":"Polygon","coordinates":[[[-122.69158916899991,47.38907492700009],[-122.680357164,47.38889868600006],[-122.68659511299997,47.38689828900004],[-122.69024410299994,47.38380388400003],[-122.69479273999995,47.38124119500003],[-122.69470560699993,47.38060469800006],[-122.69542095799994,47.37972413400007],[-122.69479351199996,47.37571430100007],[-122.69477289499996,47.37454892700004],[-122.69379751699995,47.37453947200004],[-122.69255331799997,47.37450406800008],[-122.69158839499995,47.37450043000006],[-122.69013286999996,47.37455952200003],[-122.68957991699996,47.37469109200003],[-122.68915459399994,47.374846610000084],[-122.68470881099996,47.37796112800004],[-122.684582591,47.37825901500002],[-122.68393597699995,47.37991219900004],[-122.68245467099996,47.381348967000065],[-122.68206984199996,47.38168947600007],[-122.68077999199994,47.38261231200004],[-122.676268587,47.38473967400005],[-122.67475267799995,47.38546282200008],[-122.67421289899995,47.38575538600003],[-122.67386608099997,47.38603454500003],[-122.67258773199995,47.38720206100004],[-122.67017859199997,47.38831316800008],[-122.67003062699996,47.388948063000036],[-122.66347546199995,47.389100823000035],[-122.66349748999993,47.38958310000004],[-122.66040700299999,47.38949306400007],[-122.65917324999998,47.391962077000066],[-122.65832735099997,47.392448009000084],[-122.66042025899998,47.392468413000074],[-122.66043123099998,47.393076749000045],[-122.6596171099999,47.39332731100006],[-122.65569175799999,47.393320244000044],[-122.65551184699994,47.38956017400005],[-122.64761271499997,47.38961825400002],[-122.64766957199998,47.40315204200004],[-122.69493941699994,47.40349486900004],[-122.69484779099999,47.38907604600006],[-122.694538594,47.38908468800002],[-122.69158916899991,47.38907492700009]]]},"properties":{"COUNTY":"Pierce","PRECCODE":26317,"PRECNAME":"26-317 Pierce county","PRECINCT":"Pierce 26317","DESCRIPTIO":"N. Key Peninsula Northeast (Gateway Park, Minter Creek Elementary School, Horseshoe Lake)","OFFICE":"County Councilor District 7","JURISDICTION":"County Council","RACE":"Pierce County District 7 County Councilor District 7","Name_1":"Brenda Lykins","Party_1":"Democratic_1","Votes_1":"152","Name_2":"Mike Solan","Party_2":"Republican_1","Votes_2":"107","Name_3":"Chuck West","Party_3":"Independent_1","Votes_3":"42","Name_4":"Ann E. Jolie","Party_4":"Republican_2","Votes_4":"14","Name_5":null,"Party_5":null,"Votes_5":"0","Name_6":null,"Party_6":null,"Votes_6":"0","Name_7":null,"Party_7":null,"Votes_7":"0","Votes_total":"315","Pct_1":48.25,"Pct_2":33.97,"Pct_3":13.33,"Pct_4":4.44,"Pct_5":0,"Pct_6":0,"Pct_7":0,"Margin":14.28}},
{"type":"Feature","geometry":{"type":"Polygon","coordinates":[[[-122.63231987276882,47.382540571231864],[-122.64153566599995,47.37974841300008],[-122.63705808173272,47.38586997181524],[-122.63723576699998,47.38924261100004],[-122.63660306199996,47.39171428900005],[-122.63746880199993,47.39365650900004],[-122.63719260499994,47.396516543000075],[-122.63586934199996,47.398223304000055],[-122.63623183199996,47.39845871800002],[-122.63574166699998,47.39857573200003],[-122.63623249399996,47.39903921100006],[-122.63587448699994,47.39965644100005],[-122.63386760299994,47.39986004700006],[-122.63509677699994,47.40219781600007],[-122.634915731,47.40332529400007],[-122.64766957199998,47.40315204200004],[-122.64761271499997,47.38961825400002],[-122.65551184699994,47.38956017400005],[-122.65569175799999,47.393320244000044],[-122.6596171099999,47.39332731100006],[-122.66043123099998,47.393076749000045],[-122.66042025899998,47.392468413000074],[-122.65832735099997,47.392448009000084],[-122.65917324999998,47.391962077000066],[-122.66040700299999,47.38949306400007],[-122.66349748999993,47.38958310000004],[-122.66347546199995,47.389100823000035],[-122.67003062699996,47.388948063000036],[-122.67017859199997,47.38831316800008],[-122.67258773199995,47.38720206100004],[-122.67386608099997,47.38603454500003],[-122.67421289899995,47.38575538600003],[-122.67475267799995,47.38546282200008],[-122.67524211999995,47.38522750300006],[-122.67410258499994,47.38440178000007],[-122.67146896699995,47.38436980200004],[-122.67126326899992,47.37817840600007],[-122.663430415,47.37798815200006],[-122.66347220799997,47.38131107000003],[-122.66309370199997,47.38169807600008],[-122.65211817999992,47.38132342000005],[-122.65117573899994,47.38305442200005],[-122.65219857299998,47.38588956800004],[-122.65191126599997,47.38599935600006],[-122.64906842399994,47.38493889600005],[-122.64638092399998,47.383468425000046],[-122.64527141999996,47.379850688000026],[-122.6433927,47.37895857500007],[-122.63231987276882,47.382540571231864]]]},"properties":{"COUNTY":"Pierce","PRECCODE":26318,"PRECNAME":"26-318 Pierce county","PRECINCT":"Pierce 26318","DESCRIPTIO":"N. Key Peninsula Far East (Wauna Post Office, Lake Kathryn, Goodrich Drive)","OFFICE":"County Councilor District 7","JURISDICTION":"County Council","RACE":"Pierce County District 7 County Councilor District 7","Name_1":"Brenda Lykins","Party_1":"Democratic_1","Votes_1":"196","Name_2":"Mike Solan","Party_2":"Republican_1","Votes_2":"180","Name_3":"Chuck West","Party_3":"Independent_1","Votes_3":"76","Name_4":"Ann E. Jolie","Party_4":"Republican_2","Votes_4":"15","Name_5":null,"Party_5":null,"Votes_5":"0","Name_6":null,"Party_6":null,"Votes_6":"0","Name_7":null,"Party_7":null,"Votes_7":"0","Votes_total":"467","Pct_1":41.97,"Pct_2":38.54,"Pct_3":16.27,"Pct_4":3.21,"Pct_5":0,"Pct_6":0,"Pct_7":0,"Margin":3.43}},
{"type":"Feature","geometry":{"type":"Polygon","coordinates":[[[-122.693494721,47.361360260000026],[-122.69377989037247,47.36084499748157],[-122.69336020624294,47.359885114408165],[-122.69027167142156,47.360075324245955],[-122.68800936579419,47.36070143086277],[-122.68556227118563,47.36411714507477],[-122.68458346499995,47.36487405500002],[-122.68062657999995,47.36662854400003],[-122.67291355599994,47.36823992300003],[-122.667630235,47.371475381000046],[-122.65726543847265,47.37396211046284],[-122.65566545613244,47.37466442817993],[-122.65421450199995,47.37474343800006],[-122.65109015199997,47.376401182000045],[-122.6299058092163,47.383249184245635],[-122.63231987276882,47.382540571231864],[-122.6433927,47.37895857500007],[-122.64527141999996,47.379850688000026],[-122.64638092399998,47.383468425000046],[-122.64906842399994,47.38493889600005],[-122.65191126599997,47.38599935600006],[-122.65219857299998,47.38588956800004],[-122.65117573899994,47.38305442200005],[-122.65211817999992,47.38132342000005],[-122.66309370199997,47.38169807600008],[-122.66347220799997,47.38131107000003],[-122.663430415,47.37798815200006],[-122.67126326899992,47.37817840600007],[-122.67146896699995,47.38436980200004],[-122.67410258499994,47.38440178000007],[-122.67524211999995,47.38522750300006],[-122.676268587,47.38473967400005],[-122.68077999199994,47.38261231200004],[-122.68206984199996,47.38168947600007],[-122.68245467099996,47.381348967000065],[-122.68393597699995,47.37991219900004],[-122.684582591,47.37825901500002],[-122.68470881099996,47.37796112800004],[-122.68915459399994,47.374846610000084],[-122.68957991699996,47.37469109200003],[-122.69013286999996,47.37455952200003],[-122.69158839499995,47.37450043000006],[-122.69255331799997,47.37450406800008],[-122.69379751699995,47.37453947200004],[-122.69477289499996,47.37454892700004],[-122.69474592799996,47.37354093300007],[-122.69469860799995,47.36802543500004],[-122.69472153,47.36680037800005],[-122.69467328299999,47.36383895600005],[-122.69244035899997,47.361553241000074],[-122.693494721,47.361360260000026]]]},"properties":{"COUNTY":"Pierce","PRECCODE":26319,"PRECNAME":"26-319 Pierce county","PRECINCT":"Pierce 26319","DESCRIPTIO":"N. Key Peninsula Southeast (Minter Creek Elementary School, Wind 'N Tide, Emerald Shores)","OFFICE":"County Councilor District 7","JURISDICTION":"County Council","RACE":"Pierce County District 7 County Councilor District 7","Name_1":"Brenda Lykins","Party_1":"Democratic_1","Votes_1":"279","Name_2":"Mike Solan","Party_2":"Republican_1","Votes_2":"196","Name_3":"Chuck West","Party_3":"Independent_1","Votes_3":"97","Name_4":"Ann E. Jolie","Party_4":"Republican_2","Votes_4":"21","Name_5":"Write-In","Party_5":"None_1","Votes_5":"1","Name_6":null,"Party_6":null,"Votes_6":"0","Name_7":null,"Party_7":null,"Votes_7":"0","Votes_total":"594","Pct_1":46.97,"Pct_2":33,"Pct_3":16.33,"Pct_4":3.54,"Pct_5":0.17,"Pct_6":0,"Pct_7":0,"Margin":13.97}},
{"type":"Feature","geometry":{"type":"MultiPolygon","coordinates":[[[[-122.74259423599996,47.34201228500007],[-122.74391702099997,47.340970053000035],[-122.74521992899997,47.34076646000005],[-122.746845777,47.34075719800007],[-122.74725593199999,47.34078425100006],[-122.74750761899998,47.340851315000066],[-122.74769538199995,47.340964324000026],[-122.74778733899996,47.34104227100005],[-122.74785900299999,47.34118281700005],[-122.74783474299993,47.34149046600004],[-122.74683155999998,47.34314694700004],[-122.74692084199995,47.34445755900003],[-122.74815460199994,47.34505871300007],[-122.74944240699993,47.345106680000065],[-122.75207175699994,47.34558525300008],[-122.753016544,47.345591101000025],[-122.75935647799999,47.34538975400005],[-122.76327149799997,47.344059024000046],[-122.76588767799996,47.34331350800005],[-122.765311608,47.34288071500003],[-122.76377059599994,47.34364114700003],[-122.76574215904454,47.34161003010117],[-122.76317446157337,47.34214038161538],[-122.76223819099997,47.34299463600008],[-122.76305816599992,47.34171974900004],[-122.76405573999993,47.34127733400004],[-122.763898333,47.33939625800007],[-122.76263405699994,47.33862971200005],[-122.762300934,47.33779584700005],[-122.762351095,47.33746242700005],[-122.76254560399997,47.33713828600003],[-122.76321404599996,47.33636848200007],[-122.763652236,47.335800723000034],[-122.76471070699992,47.33431090900007],[-122.76691152699996,47.333310495000035],[-122.76898429,47.331592171000075],[-122.76913875299998,47.33144326400002],[-122.769308487,47.33117003400008],[-122.76937553299994,47.33080972900006],[-122.76945414799994,47.32610740200005],[-122.76944434299999,47.32224195300006],[-122.76971506099994,47.32131729600007],[-122.76939039099994,47.32051361400005],[-122.76949720799995,47.31536686100003],[-122.758983447,47.31530976900006],[-122.75729073499997,47.31654075100004],[-122.75288959599999,47.318286012000044],[-122.75203172399995,47.31540588300004],[-122.73725148199998,47.31543961600005],[-122.73738368699998,47.314845192000064],[-122.73687660347274,47.314299540380546],[-122.73235026720342,47.31923051823291],[-122.73239897679052,47.32158005826127],[-122.72926657111887,47.326084495310766],[-122.72783934016874,47.33025797920906],[-122.7285381131755,47.33241462547641],[-122.72812853799996,47.33073988000007],[-122.7293893873035,47.3312294078552],[-122.729964726,47.33084962400004],[-122.73019837216123,47.33149972632444],[-122.73172324299996,47.33205000400005],[-122.73076597778851,47.332382921600484],[-122.73109059999997,47.3382295],[-122.73001895199994,47.34069749100007],[-122.73083636767515,47.340594727638205],[-122.7318152803094,47.34176540506332],[-122.73406498665173,47.34312554120244],[-122.7367740509999,47.34563805100003],[-122.73469923299996,47.34581516700007],[-122.73325282299999,47.34555561400003],[-122.73305680399994,47.34503874800003],[-122.73146467043041,47.34548510801569],[-122.73175085699995,47.345450948000064],[-122.73244692499998,47.34542834100006],[-122.734667071,47.34588580600007],[-122.73499881599994,47.34588975500003],[-122.73568701199997,47.345802115000026],[-122.73928978899993,47.34532082400005],[-122.74181214899994,47.342770087000076],[-122.74259423599996,47.34201228500007]]],[[[-122.7302549,47.3334688],[-122.72978000569955,47.33283351556765],[-122.72856865353535,47.332507971400695],[-122.72885189999997,47.3333737],[-122.7302549,47.3334688]]],[[[-122.76396921828375,47.3417196294508],[-122.76324249421697,47.34207657748869],[-122.76454583134567,47.3415898468653],[-122.76396921828375,47.3417196294508]]]]},"properties":{"COUNTY":"Pierce","PRECCODE":26320,"PRECNAME":"26-320 Pierce county","PRECINCT":"Pierce 26320","DESCRIPTIO":"S. Key Peninsula Far Northeast (Key Center, The Red Barn, Vaughn Elementary School)","OFFICE":"County Councilor District 7","JURISDICTION":"County Council","RACE":"Pierce County District 7 County Councilor District 7","Name_1":"Brenda Lykins","Party_1":"Democratic_1","Votes_1":"97","Name_2":"Chuck West","Party_2":"Independent_1","Votes_2":"61","Name_3":"Mike Solan","Party_3":"Republican_1","Votes_3":"57","Name_4":"Ann E. Jolie","Party_4":"Republican_2","Votes_4":"5","Name_5":null,"Party_5":null,"Votes_5":"0","Name_6":null,"Party_6":null,"Votes_6":"0","Name_7":null,"Party_7":null,"Votes_7":"0","Votes_total":"220","Pct_1":44.09,"Pct_2":27.73,"Pct_3":25.91,"Pct_4":2.27,"Pct_5":0,"Pct_6":0,"Pct_7":0,"Margin":16.36}},
{"type":"Feature","geometry":{"type":"MultiPolygon","coordinates":[[[[-122.74356322999992,47.30445786200004],[-122.742619823,47.30803203900006],[-122.73688667554684,47.31428523226986],[-122.73739356899993,47.31483071200006],[-122.73726140499998,47.31542513600004],[-122.75204160199995,47.315391401000056],[-122.75289947299997,47.31827153000006],[-122.75730065099998,47.316526269000065],[-122.75899332199995,47.315295287000026],[-122.76950708199998,47.31535237800006],[-122.76940026599996,47.320499132000066],[-122.76972493499994,47.321302840000044],[-122.76937943699996,47.33093721600005],[-122.76931836299994,47.331155551000045],[-122.76914862899997,47.33142878200004],[-122.76899420699998,47.33157768800003],[-122.766921444,47.33329601100007],[-122.76472058499996,47.33429642500005],[-122.76366215699994,47.33578626800005],[-122.76255552399996,47.33712380300005],[-122.76236097499996,47.337447972000064],[-122.76231081399999,47.33778136500007],[-122.762643976,47.33861522900002],[-122.76390821399997,47.33938180300004],[-122.76406565999994,47.34126285100007],[-122.76621803399996,47.34092189900009],[-122.76778778799998,47.33848497200005],[-122.77537541699996,47.337016491000036],[-122.77894591599993,47.33720632600005],[-122.78031107399991,47.338088707000054],[-122.78106387299998,47.33757459600008],[-122.781280181017,47.337874107785254],[-122.78298289499995,47.33744433300006],[-122.789416976,47.33788576400008],[-122.78835492812199,47.34008093681487],[-122.79003285874505,47.33730896190609],[-122.79119078147261,47.3318412431901],[-122.79076357919398,47.328563882460706],[-122.79116747799995,47.32569295400003],[-122.791988644713,47.32306042719704],[-122.79406719999999,47.3195487],[-122.79174446982888,47.31132356068644],[-122.79281369999998,47.3072818],[-122.79156439999998,47.307029],[-122.78884218275076,47.308691955274234],[-122.78673160000001,47.3095153],[-122.78749249199993,47.30924009200003],[-122.78804797699995,47.31003862600005],[-122.78765726546871,47.31119450097356],[-122.78024429099996,47.31574701800008],[-122.77950930699993,47.31610392700002],[-122.77917813,47.31584919200002],[-122.77954747799996,47.31594113600005],[-122.77987456821106,47.31557941448581],[-122.78051093299997,47.31387336700004],[-122.78078701624483,47.3140817360349],[-122.78602471199996,47.310773029000075],[-122.78499834999995,47.308427722000026],[-122.7861603528289,47.30775963413684],[-122.786105696,47.30735791500007],[-122.78659280699998,47.30743330600006],[-122.78633589999997,47.3090943],[-122.78672587109986,47.30779350245857],[-122.78850867887904,47.30513720150885],[-122.78703261847338,47.299543297924096],[-122.78577047499998,47.29966336000006],[-122.78402228399995,47.30047764000005],[-122.78407702199996,47.29991388500008],[-122.78559589399995,47.29861679200008],[-122.78737082099997,47.29837286400004],[-122.787738442,47.29770542600005],[-122.78838272599997,47.298389014000065],[-122.78752214434957,47.29963384249672],[-122.7891728681693,47.29737440580392],[-122.78973346899994,47.29604195900003],[-122.79444395726605,47.290158929168754],[-122.79101479499995,47.28925326500007],[-122.79094563399998,47.28656201900003],[-122.79090571099998,47.28650970800004],[-122.78413987699994,47.285952107000064],[-122.78233637699998,47.28616312300005],[-122.78200428999997,47.286526497000075],[-122.78112232799998,47.288154414000076],[-122.778528715,47.28987690400003],[-122.77329835599996,47.29143928200005],[-122.76419858899999,47.295164054000054],[-122.75800979299997,47.29920294400006],[-122.756863417,47.30009109400004],[-122.75625689799995,47.300718891000024],[-122.75597358399995,47.301059457000065],[-122.75557091799998,47.30163970000007],[-122.75531734099997,47.302093179000046],[-122.75501760299996,47.302805837000044],[-122.75423274699995,47.305703074000064],[-122.75373696599996,47.305705719000066],[-122.74830914499996,47.305637743000034],[-122.74765452899999,47.30550076600009],[-122.74738040099996,47.30493935300006],[-122.74448276899992,47.30546575500006],[-122.74356322999992,47.30445786200004]]],[[[-122.78819748596294,47.340399405287286],[-122.78832622358092,47.34013107748218],[-122.78803803544179,47.34063447761746],[-122.78819748596294,47.340399405287286]]]]},"properties":{"COUNTY":"Pierce","PRECCODE":26321,"PRECNAME":"26-321 Pierce county","PRECINCT":"Pierce 26321","DESCRIPTIO":"S. Key Peninsula North (Crescent Beach, Vaughn Bay South, Key Peninsula Middle School)","OFFICE":"County Councilor District 7","JURISDICTION":"County Council","RACE":"Pierce County District 7 County Councilor District 7","Name_1":"Mike Solan","Party_1":"Republican_1","Votes_1":"147","Name_2":"Brenda Lykins","Party_2":"Democratic_1","Votes_2":"132","Name_3":"Chuck West","Party_3":"Independent_1","Votes_3":"124","Name_4":"Ann E. Jolie","Party_4":"Republican_2","Votes_4":"9","Name_5":null,"Party_5":null,"Votes_5":"0","Name_6":null,"Party_6":null,"Votes_6":"0","Name_7":null,"Party_7":null,"Votes_7":"0","Votes_total":"412","Pct_1":35.68,"Pct_2":32.04,"Pct_3":30.1,"Pct_4":2.18,"Pct_5":0,"Pct_6":0,"Pct_7":0,"Margin":3.64}},
{"type":"Feature","geometry":{"type":"Polygon","coordinates":[[[-122.82980027341546,47.24271433190366],[-122.79067072499998,47.24257688400008],[-122.79073827999997,47.240123296000036],[-122.78787346799997,47.24203430700003],[-122.78462636599993,47.242801213000064],[-122.78416985399994,47.24299387800005],[-122.78241748399995,47.24357225000005],[-122.78194519599995,47.24371532600002],[-122.776832018,47.24542255100004],[-122.77491374899995,47.24667498600007],[-122.77275815199997,47.249204758000076],[-122.76937482499994,47.25064055900003],[-122.76573904699997,47.25587792700003],[-122.76473547299994,47.25840163500004],[-122.76301987299998,47.25768981600004],[-122.76206413799999,47.255852966000084],[-122.76058501499995,47.25665297800003],[-122.75849135699997,47.256527966000085],[-122.75835678799996,47.256746967000026],[-122.75698552799997,47.257007738000034],[-122.75743575199998,47.25757258800007],[-122.75703491099995,47.258717088000026],[-122.75481644535812,47.26178074755488],[-122.75124350799993,47.26385594000004],[-122.75082333432677,47.26309095633158],[-122.75060062245687,47.26326141303216],[-122.75089220948142,47.26446268239523],[-122.75055237599997,47.26668777700007],[-122.74756195352518,47.27096709935646],[-122.74869040718477,47.27325219738606],[-122.7498696,47.2733683],[-122.7523507,47.2713413],[-122.75684825019836,47.27218185498382],[-122.76294868899997,47.26740321300009],[-122.7626159503001,47.26820199667031],[-122.76339168362406,47.26920492239027],[-122.76768869599998,47.26858051300007],[-122.76759448799999,47.26806742900004],[-122.76818233802994,47.26813814066937],[-122.76898983799997,47.26704598800006],[-122.76895659133731,47.26763412800454],[-122.77027086084863,47.26771267917864],[-122.77210152599996,47.26667492900003],[-122.77657938299993,47.26558110000008],[-122.77788030599996,47.26480669000005],[-122.787811203,47.264831066000056],[-122.79328430799995,47.26256398300006],[-122.79358841399994,47.26246942400007],[-122.79492629599999,47.26227182900004],[-122.79546167899997,47.26215115200006],[-122.79751409599997,47.261474239000044],[-122.79884448799999,47.26123530300004],[-122.801155328,47.26118055900008],[-122.80499268299994,47.26128441000003],[-122.80535979299995,47.26130373600005],[-122.80587335999995,47.26138123000004],[-122.80646637299995,47.261544799000035],[-122.80698227899995,47.26155945800008],[-122.80749090199998,47.26152181600002],[-122.80824555699994,47.26156610700008],[-122.80889209099996,47.26179911600007],[-122.80971631799994,47.26227477400005],[-122.81269732599998,47.26452346600007],[-122.81303477799996,47.265172344000064],[-122.81279838199997,47.26592810500006],[-122.81049293899997,47.27192509200006],[-122.81016218506174,47.27280624052212],[-122.81132564950066,47.27326737651272],[-122.81196401895781,47.27407777849093],[-122.81519909095552,47.2751862500866],[-122.81753848699995,47.269386593000036],[-122.82266097645484,47.26171090629339],[-122.82490574977824,47.25607385036981],[-122.82441611195486,47.25447522611724],[-122.82481924799997,47.25463509300005],[-122.82560964399994,47.25289945800005],[-122.82706697971238,47.25115526976583],[-122.828330507,47.24682545500007],[-122.82944022799997,47.24551371900002],[-122.82998727269174,47.2457883156422],[-122.8304642,47.2454891],[-122.83081855240683,47.243860875074695],[-122.82980027341546,47.24271433190366]]]},"properties":{"COUNTY":"Pierce","PRECCODE":26322,"PRECNAME":"26-322 Pierce county","PRECINCT":"Pierce 26322","DESCRIPTIO":"S. Key Peninsula South-Center (Lakebay North, Herron Lake, Russell Road)","OFFICE":"County Councilor District 7","JURISDICTION":"County Council","RACE":"Pierce County District 7 County Councilor District 7","Name_1":"Brenda Lykins","Party_1":"Democratic_1","Votes_1":"127","Name_2":"Mike Solan","Party_2":"Republican_1","Votes_2":"98","Name_3":"Chuck West","Party_3":"Independent_1","Votes_3":"90","Name_4":"Ann E. Jolie","Party_4":"Republican_2","Votes_4":"9","Name_5":null,"Party_5":null,"Votes_5":"0","Name_6":null,"Party_6":null,"Votes_6":"0","Name_7":null,"Party_7":null,"Votes_7":"0","Votes_total":"324","Pct_1":39.2,"Pct_2":30.25,"Pct_3":27.78,"Pct_4":2.78,"Pct_5":0,"Pct_6":0,"Pct_7":0,"Margin":8.95}},
{"type":"Feature","geometry":{"type":"MultiPolygon","coordinates":[[[[-122.71558145832468,47.22340602839373],[-122.71670066227655,47.222981669137575],[-122.71532733508799,47.223029521517965],[-122.71558145832468,47.22340602839373]]],[[[-122.758774554719,47.2133712828098],[-122.75870614899998,47.21369505500008],[-122.75785977499996,47.21323160400004],[-122.75695413853475,47.21170416970474],[-122.75553198171221,47.210347698162906],[-122.7517841,47.2148344],[-122.74886487900503,47.221833966873554],[-122.74852487299997,47.22299757200006],[-122.7494273,47.22393453300003],[-122.74976831267509,47.22504752508877],[-122.75053944799997,47.22491678200004],[-122.750111899,47.22557513800007],[-122.75033261799996,47.226031638000045],[-122.74979084030879,47.22535718421066],[-122.74895167299998,47.22534016300005],[-122.74927098039454,47.22487184287443],[-122.74802526799998,47.22413456800007],[-122.74736825199994,47.22326688600003],[-122.74678979899994,47.217806223000025],[-122.74794124199995,47.21455832100002],[-122.74638234499997,47.214126975000056],[-122.74685718899997,47.21084072800005],[-122.74434326999993,47.207809962000056],[-122.74500765875878,47.20720499931719],[-122.744176155,47.20669970300003],[-122.73849755503835,47.20843257491514],[-122.73699744899996,47.21105113300007],[-122.734764655,47.21324737100008],[-122.72987312,47.21555699600004],[-122.7222889,47.2206591],[-122.7201956315732,47.22115203683082],[-122.72182192399998,47.222073253000076],[-122.72172461899999,47.22291441100003],[-122.7205409,47.224174],[-122.72072821276838,47.22592548108101],[-122.72395294799998,47.22678007600007],[-122.72386544999995,47.22925025300003],[-122.72628062999995,47.23460983500007],[-122.72356067015397,47.239252275725164],[-122.724413827,47.24470924000008],[-122.72083909135047,47.24835277609413],[-122.71841432199996,47.24894336400006],[-122.71824046862123,47.249235651986886],[-122.71856730652118,47.25052230927161],[-122.71897137699995,47.25072666800003],[-122.71996858199998,47.25087870400005],[-122.72155290099992,47.25032509000004],[-122.72317718799997,47.24777711700005],[-122.72550808599998,47.24516452300002],[-122.72651226799998,47.24422691600006],[-122.7271915,47.2440501],[-122.73015134499994,47.24399163700007],[-122.73085609699994,47.24431926100004],[-122.7304724490541,47.24473037771814],[-122.73069454404917,47.24553668726736],[-122.73315317548965,47.24631700977627],[-122.73638988399995,47.24812337600008],[-122.73709520474092,47.24925530020365],[-122.73660067778947,47.25020079647437],[-122.73823430599995,47.251848074000065],[-122.73942820199996,47.25717074600004],[-122.73827689999999,47.2614963],[-122.73637150000002,47.2641],[-122.73690880168803,47.26489263935981],[-122.74109515031626,47.26052349859343],[-122.74065059499998,47.25974762400005],[-122.74206690282429,47.25915725526783],[-122.74377487099997,47.25897353400006],[-122.74469709999997,47.2591896],[-122.7451007253664,47.260025008812356],[-122.74887703099994,47.258726147000054],[-122.75409330478368,47.25866929110123],[-122.7526437,47.2583392],[-122.75460710899995,47.25645166400005],[-122.75557326857808,47.25623246414104],[-122.75773425446862,47.25464807269028],[-122.75759291799996,47.25287937300005],[-122.75814780099995,47.25336639800002],[-122.75842019899994,47.25311832300008],[-122.75813249984276,47.253679823487545],[-122.75861033343307,47.25462934184927],[-122.75763631099994,47.25606111100006],[-122.75713100399997,47.25619616800003],[-122.75807784637871,47.25669246257568],[-122.75682962566829,47.25667951638293],[-122.75698552799997,47.257007738000034],[-122.75835678799996,47.256746967000026],[-122.75849135699997,47.256527966000085],[-122.76058501499995,47.25665297800003],[-122.76206413799999,47.255852966000084],[-122.76301987299998,47.25768981600004],[-122.76473547299994,47.25840163500004],[-122.76573904699997,47.25587792700003],[-122.76937482499994,47.25064055900003],[-122.77275815199997,47.249204758000076],[-122.77491374899995,47.24667498600007],[-122.776832018,47.24542255100004],[-122.78194519599995,47.24371532600002],[-122.78241748399995,47.24357225000005],[-122.78416985399994,47.24299387800005],[-122.78462636599993,47.242801213000064],[-122.78540487699996,47.242071839000054],[-122.78882407099994,47.23556924600006],[-122.789636548,47.232508911000025],[-122.79079324699993,47.22812390100007],[-122.79080314699996,47.22451711500002],[-122.79278334499999,47.22456713300004],[-122.80116959299995,47.22461224600005],[-122.80134959599998,47.224597888000055],[-122.80176660199997,47.22449461100007],[-122.805006849,47.222027223000055],[-122.80574055199996,47.22193778400003],[-122.80631182899997,47.22227200300005],[-122.80761392486329,47.216068315903094],[-122.80508766499997,47.21013824900006],[-122.76802737499997,47.20993832100003],[-122.76347095799994,47.21250384200005],[-122.75910018399995,47.21235632600008],[-122.758774554719,47.2133712828098]]],[[[-122.741529389,47.25985629500007],[-122.741508906,47.259609842000025],[-122.74149250456334,47.26010877558925],[-122.741529389,47.25985629500007]]]]},"properties":{"COUNTY":"Pierce","PRECCODE":26323,"PRECNAME":"26-323 Pierce county","PRECINCT":"Pierce 26323","DESCRIPTIO":"S. Key Peninsula Southeast (Lakebay South, Longbranch North)","OFFICE":"County Councilor District 7","JURISDICTION":"County Council","RACE":"Pierce County District 7 County Councilor District 7","Name_1":"Brenda Lykins","Party_1":"Democratic_1","Votes_1":"222","Name_2":"Mike Solan","Party_2":"Republican_1","Votes_2":"139","Name_3":"Chuck West","Party_3":"Independent_1","Votes_3":"111","Name_4":"Ann E. Jolie","Party_4":"Republican_2","Votes_4":"8","Name_5":null,"Party_5":null,"Votes_5":"0","Name_6":null,"Party_6":null,"Votes_6":"0","Name_7":null,"Party_7":null,"Votes_7":"0","Votes_total":"480","Pct_1":46.25,"Pct_2":28.96,"Pct_3":23.12,"Pct_4":1.67,"Pct_5":0,"Pct_6":0,"Pct_7":0,"Margin":17.29}},
{"type":"Feature","geometry":{"type":"Polygon","coordinates":[[[-122.58894166799996,47.40362977800004],[-122.625048387,47.40353701200007],[-122.62343707499998,47.39987959000006],[-122.61877100899993,47.39422738200005],[-122.61660761999998,47.39019700200004],[-122.61619198999992,47.38901787200006],[-122.61060627899997,47.38907537800003],[-122.599664993,47.38899964800004],[-122.58893180699998,47.389078564000044],[-122.58890157899997,47.396057066000026],[-122.58894166799996,47.40362977800004]]]},"properties":{"COUNTY":"Pierce","PRECCODE":26324,"PRECNAME":"26-324 Pierce county","PRECINCT":"Pierce 26324","DESCRIPTIO":"N. Gig Harbor Rural Farther North (Wellington Ridge, The Lakes Senior MHP, Purdy Transfer Station)","OFFICE":"County Councilor District 7","JURISDICTION":"County Council","RACE":"Pierce County District 7 County Councilor District 7","Name_1":"Mike Solan","Party_1":"Republican_1","Votes_1":"179","Name_2":"Brenda Lykins","Party_2":"Democratic_1","Votes_2":"166","Name_3":"Chuck West","Party_3":"Independent_1","Votes_3":"28","Name_4":"Ann E. Jolie","Party_4":"Republican_2","Votes_4":"19","Name_5":null,"Party_5":null,"Votes_5":"0","Name_6":null,"Party_6":null,"Votes_6":"0","Name_7":null,"Party_7":null,"Votes_7":"0","Votes_total":"392","Pct_1":45.66,"Pct_2":42.35,"Pct_3":7.14,"Pct_4":4.85,"Pct_5":0,"Pct_6":0,"Pct_7":0,"Margin":3.31}},
{"type":"Feature","geometry":{"type":"Polygon","coordinates":[[[-122.56997851499995,47.403436113000055],[-122.58894166799996,47.40362977800004],[-122.58890157899997,47.396057066000026],[-122.58891651899995,47.390088425000044],[-122.58893586499991,47.38851378900006],[-122.58897532299993,47.38747966100004],[-122.58923336299993,47.375985239000045],[-122.58931864899995,47.366706900000054],[-122.594646609,47.366732969000054],[-122.59466001699998,47.36361195000006],[-122.59461296499995,47.35976517300003],[-122.59364563499994,47.359736553000054],[-122.58936285399996,47.359902291000026],[-122.58931666199999,47.36179298100007],[-122.58697560399999,47.36212119800007],[-122.58593480699994,47.362109906000065],[-122.58382294399996,47.36146677100004],[-122.58120164999994,47.361430709000054],[-122.58121089699993,47.359938570000054],[-122.57849458299995,47.359928341000064],[-122.57847937999995,47.36074650700004],[-122.57843555,47.37576774100006],[-122.57601166399996,47.380102531000034],[-122.57585106899997,47.38194400700007],[-122.57367025399998,47.38604774500004],[-122.57402438499997,47.388233111000034],[-122.57337898499998,47.38972556200008],[-122.57347133199995,47.390980041000034],[-122.571139169,47.39548491200003],[-122.57125052699996,47.396949010000064],[-122.56997851499995,47.403436113000055]]]},"properties":{"COUNTY":"Pierce","PRECCODE":26325,"PRECNAME":"26-325 Pierce county","PRECINCT":"Pierce 26325","DESCRIPTIO":"N. Gig Harbor Rural Northeast (Crescent Creek, Woodridge, Washington Water Service Building)","OFFICE":"County Councilor District 7","JURISDICTION":"County Council","RACE":"Pierce County District 7 County Councilor District 7","Name_1":"Brenda Lykins","Party_1":"Democratic_1","Votes_1":"275","Name_2":"Mike Solan","Party_2":"Republican_1","Votes_2":"230","Name_3":"Chuck West","Party_3":"Independent_1","Votes_3":"69","Name_4":"Ann E. Jolie","Party_4":"Republican_2","Votes_4":"13","Name_5":null,"Party_5":null,"Votes_5":"0","Name_6":null,"Party_6":null,"Votes_6":"0","Name_7":null,"Party_7":null,"Votes_7":"0","Votes_total":"587","Pct_1":46.85,"Pct_2":39.18,"Pct_3":11.75,"Pct_4":2.21,"Pct_5":0,"Pct_6":0,"Pct_7":0,"Margin":7.67}},
{"type":"Feature","geometry":{"type":"Polygon","coordinates":[[[-122.55719133799994,47.40342568600005],[-122.56997851499995,47.403436113000055],[-122.57125052699996,47.396949010000064],[-122.571139169,47.39548491200003],[-122.57347133199995,47.390980041000034],[-122.57337898499998,47.38972556200008],[-122.57402438499997,47.388233111000034],[-122.57367025399998,47.38604774500004],[-122.57585106899997,47.38194400700007],[-122.57601166399996,47.380102531000034],[-122.57843555,47.37576774100006],[-122.57847937999995,47.36074650700004],[-122.57849200199996,47.35765173200008],[-122.578519111,47.35387233000006],[-122.57416618699992,47.353800257000046],[-122.57183015299994,47.35323057600005],[-122.568960367,47.35342035700006],[-122.56563722399994,47.35591310500006],[-122.56239719099992,47.35624125100003],[-122.56163036299995,47.35732647300005],[-122.55883104499998,47.35884940000005],[-122.55919097999998,47.36146778400006],[-122.55736114399998,47.364674563000044],[-122.55178611199993,47.36766183100007],[-122.54779046599998,47.37405281300005],[-122.54773948699994,47.374219932000074],[-122.547712861,47.37443275000004],[-122.54768756799997,47.37471841100006],[-122.55064403499996,47.37689885400004],[-122.54777031899997,47.381545886000026],[-122.54788862899993,47.38194518300003],[-122.549797636,47.38242414100005],[-122.54833115999996,47.383461132000036],[-122.54855092299998,47.38367289300004],[-122.55105556299995,47.383460455000034],[-122.55164171099996,47.383920345000035],[-122.55184606399997,47.38531675000007],[-122.55691551699998,47.38531489800005],[-122.55693775099996,47.39044320000005],[-122.55795163299997,47.392115155000056],[-122.55704879899999,47.39414582700005],[-122.55719133799994,47.40342568600005]]]},"properties":{"COUNTY":"Pierce","PRECCODE":26326,"PRECNAME":"26-326 Pierce county","PRECINCT":"Pierce 26326","DESCRIPTIO":"N. Gig Harbor Rural Far Northeast (Point Richmond Ridge, Edgewood Drive, Crescent Lake)","OFFICE":"County Councilor District 7","JURISDICTION":"County Council","RACE":"Pierce County District 7 County Councilor District 7","Name_1":"Brenda Lykins","Party_1":"Democratic_1","Votes_1":"288","Name_2":"Mike Solan","Party_2":"Republican_1","Votes_2":"252","Name_3":"Chuck West","Party_3":"Independent_1","Votes_3":"46","Name_4":"Ann E. Jolie","Party_4":"Republican_2","Votes_4":"16","Name_5":null,"Party_5":null,"Votes_5":"0","Name_6":null,"Party_6":null,"Votes_6":"0","Name_7":null,"Party_7":null,"Votes_7":"0","Votes_total":"602","Pct_1":47.84,"Pct_2":41.86,"Pct_3":7.64,"Pct_4":2.66,"Pct_5":0,"Pct_6":0,"Pct_7":0,"Margin":5.98}},
{"type":"Feature","geometry":{"type":"Polygon","coordinates":[[[-122.56542160999997,47.33724383000003],[-122.55656677658656,47.34747001175099],[-122.55610770599998,47.349348366000065],[-122.55443347699998,47.35217535300006],[-122.55385471499994,47.356217041000036],[-122.5530669308923,47.35730961060318],[-122.55222398399998,47.36080387800007],[-122.54993690299995,47.36313151400003],[-122.54937470399993,47.36511601500006],[-122.54815519899992,47.36653619500004],[-122.54298164835123,47.36985673959683],[-122.54116794699998,47.37346329300004],[-122.53911610383753,47.37550758035503],[-122.53885960755946,47.376996416767334],[-122.54712491999999,47.383212686000036],[-122.55238346099998,47.39089672500006],[-122.553147267,47.394043521000064],[-122.55161787728402,47.40053879191987],[-122.55163679299996,47.40352809800003],[-122.55719133799994,47.40342568600005],[-122.55704879899999,47.39414582700005],[-122.55795163299997,47.392115155000056],[-122.55693775099996,47.39044320000005],[-122.55691551699998,47.38531489800005],[-122.55184606399997,47.38531675000007],[-122.55164171099996,47.383920345000035],[-122.55105556299995,47.383460455000034],[-122.54855092299998,47.38367289300004],[-122.54833115999996,47.383461132000036],[-122.549797636,47.38242414100005],[-122.54788862899993,47.38194518300003],[-122.54777031899997,47.381545886000026],[-122.55064403499996,47.37689885400004],[-122.54768756799997,47.37471841100006],[-122.547712861,47.37443275000004],[-122.54773948699994,47.374219932000074],[-122.54779046599998,47.37405281300005],[-122.55178611199993,47.36766183100007],[-122.55736114399998,47.364674563000044],[-122.55919097999998,47.36146778400006],[-122.55883104499998,47.35884940000005],[-122.56163036299995,47.35732647300005],[-122.56239719099992,47.35624125100003],[-122.562873621,47.35505027800008],[-122.56257886299996,47.35305103400003],[-122.56261164999997,47.348715865000024],[-122.56270032899997,47.34831596900005],[-122.56389633099997,47.34739694600006],[-122.56420022799995,47.347149871000056],[-122.56438141099996,47.34693001800007],[-122.56392982599998,47.34528558800008],[-122.56394519199992,47.34477298900004],[-122.56482520599998,47.34397240000004],[-122.56668798099997,47.343608680000045],[-122.570472749,47.343556448000065],[-122.57173475899995,47.34039904200006],[-122.57214307199996,47.34020506600006],[-122.57380407699996,47.34059156300003],[-122.57475263899994,47.34031140400003],[-122.575309716,47.34021587400008],[-122.57581561399998,47.34020424500005],[-122.57627751999995,47.33926936600005],[-122.57545616,47.33816061900006],[-122.57060756699997,47.33815470200005],[-122.57054759999993,47.33724978400005],[-122.56542160999997,47.33724383000003]]]},"properties":{"COUNTY":"Pierce","PRECCODE":26327,"PRECNAME":"26-327 Pierce county","PRECINCT":"Pierce 26327","DESCRIPTIO":"N. Gig Harbor Rural Far East (Sunrise Beach) & Farther Northeast (Point Richmond, Maplewood Park)","OFFICE":"County Councilor District 7","JURISDICTION":"County Council","RACE":"Pierce County District 7 County Councilor District 7","Name_1":"Brenda Lykins","Party_1":"Democratic_1","Votes_1":"329","Name_2":"Mike Solan","Party_2":"Republican_1","Votes_2":"194","Name_3":"Chuck West","Party_3":"Independent_1","Votes_3":"64","Name_4":"Ann E. Jolie","Party_4":"Republican_2","Votes_4":"7","Name_5":"Write-In","Party_5":"None_1","Votes_5":"1","Name_6":null,"Party_6":null,"Votes_6":"0","Name_7":null,"Party_7":null,"Votes_7":"0","Votes_total":"595","Pct_1":55.29,"Pct_2":32.61,"Pct_3":10.76,"Pct_4":1.18,"Pct_5":0.17,"Pct_6":0,"Pct_7":0,"Margin":22.68}},
{"type":"Feature","geometry":{"type":"Polygon","coordinates":[[[-122.58893180699998,47.389078564000044],[-122.599664993,47.38899964800004],[-122.61060627899997,47.38907537800003],[-122.61619198999992,47.38901787200006],[-122.61598475599996,47.38834677400007],[-122.61570089399999,47.387015665000035],[-122.61562538299994,47.37915368500006],[-122.617510435,47.37423702000006],[-122.61689557599998,47.37423336800003],[-122.61627436299995,47.37450520600003],[-122.61552151099993,47.37255825100004],[-122.61531193499997,47.372506919000045],[-122.61401090799995,47.37476625900006],[-122.613053177,47.37538126100002],[-122.61028102099998,47.375478748000035],[-122.60995900899998,47.374385268000026],[-122.60914726799997,47.374465043000036],[-122.60897388199997,47.374594623000064],[-122.607768074,47.37713425000004],[-122.60493012499995,47.37669417400007],[-122.60338706999995,47.375627172000065],[-122.602508893,47.37693114900003],[-122.60004422599994,47.37783613400006],[-122.59947200099997,47.37916732200006],[-122.59874694499996,47.37920799400006],[-122.59669604799996,47.37849338900003],[-122.59640179999994,47.38009880700008],[-122.59558418899996,47.38090941000007],[-122.59576402399993,47.38163884700004],[-122.59867496599998,47.38124043700003],[-122.59868421099995,47.38177829200004],[-122.58912329599998,47.381752164000034],[-122.58897532299993,47.38747966100004],[-122.58893586499991,47.38851378900006],[-122.58893180699998,47.389078564000044]]]},"properties":{"COUNTY":"Pierce","PRECCODE":26328,"PRECNAME":"26-328 Pierce county","PRECINCT":"Pierce 26328","DESCRIPTIO":"N. Gig Harbor Rural Far North (Wilderness Creek, High Acres), Canterwood North (Bracken Fern Drive)","OFFICE":"County Councilor District 7","JURISDICTION":"County Council","RACE":"Pierce County District 7 County Councilor District 7","Name_1":"Brenda Lykins","Party_1":"Democratic_1","Votes_1":"256","Name_2":"Mike Solan","Party_2":"Republican_1","Votes_2":"226","Name_3":"Chuck West","Party_3":"Independent_1","Votes_3":"64","Name_4":"Ann E. Jolie","Party_4":"Republican_2","Votes_4":"14","Name_5":null,"Party_5":null,"Votes_5":"0","Name_6":null,"Party_6":null,"Votes_6":"0","Name_7":null,"Party_7":null,"Votes_7":"0","Votes_total":"560","Pct_1":45.71,"Pct_2":40.36,"Pct_3":11.43,"Pct_4":2.5,"Pct_5":0,"Pct_6":0,"Pct_7":0,"Margin":5.35}},
{"type":"Feature","geometry":{"type":"Polygon","coordinates":[[[-122.61539572799995,47.36724642300003],[-122.613465004,47.36723941500003],[-122.61298391099996,47.36599492600005],[-122.612565287,47.36599119200008],[-122.61267249699995,47.36626853800004],[-122.61027006199998,47.366235259000064],[-122.61033016399995,47.36357066100004],[-122.59995964699998,47.36361483300004],[-122.59996944599999,47.36721293500005],[-122.59464447299993,47.36723795700004],[-122.594646609,47.366732969000054],[-122.58931864899995,47.366706900000054],[-122.58923336299993,47.375985239000045],[-122.58912329599998,47.381752164000034],[-122.59868421099995,47.38177829200004],[-122.59867496599998,47.38124043700003],[-122.59576402399993,47.38163884700004],[-122.59558418899996,47.38090941000007],[-122.59640179999994,47.38009880700008],[-122.59669604799996,47.37849338900003],[-122.59874694499996,47.37920799400006],[-122.59947200099997,47.37916732200006],[-122.60004422599994,47.37783613400006],[-122.602508893,47.37693114900003],[-122.60338706999995,47.375627172000065],[-122.60493012499995,47.37669417400007],[-122.607768074,47.37713425000004],[-122.60897388199997,47.374594623000064],[-122.60914726799997,47.374465043000036],[-122.60995900899998,47.374385268000026],[-122.61028102099998,47.375478748000035],[-122.613053177,47.37538126100002],[-122.61401090799995,47.37476625900006],[-122.61540275799996,47.372356317000026],[-122.61549106499997,47.372168602000045],[-122.61549360399998,47.37135575600007],[-122.615332164,47.37023421200007],[-122.61539572799995,47.36724642300003]]]},"properties":{"COUNTY":"Pierce","PRECCODE":26329,"PRECNAME":"26-329 Pierce county","PRECINCT":"Pierce 26329","DESCRIPTIO":"Canterwood South (Old Stump Drive), N. Gig Harbor Rural North (Firdrona, Peacock Hill Lane)","OFFICE":"County Councilor District 7","JURISDICTION":"County Council","RACE":"Pierce County District 7 County Councilor District 7","Name_1":"Brenda Lykins","Party_1":"Democratic_1","Votes_1":"292","Name_2":"Mike Solan","Party_2":"Republican_1","Votes_2":"265","Name_3":"Chuck West","Party_3":"Independent_1","Votes_3":"57","Name_4":"Ann E. Jolie","Party_4":"Republican_2","Votes_4":"25","Name_5":null,"Party_5":null,"Votes_5":"0","Name_6":null,"Party_6":null,"Votes_6":"0","Name_7":null,"Party_7":null,"Votes_7":"0","Votes_total":"639","Pct_1":45.7,"Pct_2":41.47,"Pct_3":8.92,"Pct_4":3.91,"Pct_5":0,"Pct_6":0,"Pct_7":0,"Margin":4.23}},
{"type":"Feature","geometry":{"type":"Polygon","coordinates":[[[-122.5824989896455,47.34631353735487],[-122.58227728897002,47.34687164967263],[-122.58221158013211,47.346314520076106],[-122.57865622999996,47.34632675200003],[-122.57866030999996,47.34549764500009],[-122.57918419399998,47.34549591000007],[-122.57918814199996,47.34603562000006],[-122.58015709599998,47.346035831000044],[-122.58015595799995,47.34541700500006],[-122.58204345999998,47.34540319700005],[-122.58246363799998,47.343564177000076],[-122.583343421,47.34375549700008],[-122.5841042,47.3435316],[-122.58299458899997,47.34181879700003],[-122.582749155,47.34088427400007],[-122.58315039999997,47.3388607],[-122.58233613300182,47.33801172343752],[-122.58171718199996,47.33837594900007],[-122.58187270699996,47.33904167500004],[-122.58141401699999,47.33905725500005],[-122.58133104299998,47.338164051000035],[-122.58079497699998,47.338379137000054],[-122.58081151199998,47.33898389500006],[-122.57992889099995,47.338984393000025],[-122.57995823299996,47.34006606400004],[-122.58116007299998,47.34006713600007],[-122.58118424399996,47.34087985900004],[-122.58231918599995,47.34087518100006],[-122.58232905999992,47.34177641500003],[-122.57719252199993,47.341751526000046],[-122.57720320099996,47.34041745900004],[-122.576144952,47.340211296000064],[-122.575309716,47.34021587400008],[-122.57475263899994,47.34031140400003],[-122.57380407699996,47.34059156300003],[-122.57214307199996,47.34020506600006],[-122.57173475899995,47.34039904200006],[-122.570472749,47.343556448000065],[-122.56668798099997,47.343608680000045],[-122.56482520599998,47.34397240000004],[-122.56394519199992,47.34477298900004],[-122.56392982599998,47.34528558800008],[-122.56438141099996,47.34693001800007],[-122.56420022799995,47.347149871000056],[-122.56389633099997,47.34739694600006],[-122.56270032899997,47.34831596900005],[-122.56261164999997,47.348715865000024],[-122.56257886299996,47.35305103400003],[-122.562873621,47.35505027800008],[-122.56239719099992,47.35624125100003],[-122.56563722399994,47.35591310500006],[-122.568960367,47.35342035700006],[-122.57183015299994,47.35323057600005],[-122.57416618699992,47.353800257000046],[-122.578519111,47.35387233000006],[-122.57849200199996,47.35765173200008],[-122.57849458299995,47.359928341000064],[-122.58121089699993,47.359938570000054],[-122.58120164999994,47.361430709000054],[-122.58382294399996,47.36146677100004],[-122.58593480699994,47.362109906000065],[-122.58697560399999,47.36212119800007],[-122.58931666199999,47.36179298100007],[-122.58936285399996,47.359902291000026],[-122.58930432299996,47.35905848900007],[-122.58924171599995,47.34992609800002],[-122.583887001,47.34992733300003],[-122.58388589,47.34902594500005],[-122.58923395699998,47.34903662000004],[-122.58923263499997,47.34808345500005],[-122.58524606799995,47.34810890200003],[-122.58520425799998,47.34704879500003],[-122.583883411,47.347069179000066],[-122.58388245299996,47.34630872400004],[-122.5824989896455,47.34631353735487]]]},"properties":{"COUNTY":"Pierce","PRECCODE":26330,"PRECNAME":"26-330 Pierce county","PRECINCT":"Pierce 26330","DESCRIPTIO":"N. Gig Harbor Rural East (Gig Harbor Cemetery, Agnus Dei Lutheran Church)","OFFICE":"County Councilor District 7","JURISDICTION":"County Council","RACE":"Pierce County District 7 County Councilor District 7","Name_1":"Brenda Lykins","Party_1":"Democratic_1","Votes_1":"189","Name_2":"Mike Solan","Party_2":"Republican_1","Votes_2":"139","Name_3":"Chuck West","Party_3":"Independent_1","Votes_3":"36","Name_4":"Ann E. Jolie","Party_4":"Republican_2","Votes_4":"5","Name_5":null,"Party_5":null,"Votes_5":"0","Name_6":null,"Party_6":null,"Votes_6":"0","Name_7":null,"Party_7":null,"Votes_7":"0","Votes_total":"369","Pct_1":51.22,"Pct_2":37.67,"Pct_3":9.76,"Pct_4":1.36,"Pct_5":0,"Pct_6":0,"Pct_7":0,"Margin":13.55}},
{"type":"Feature","geometry":{"type":"Polygon","coordinates":[[[-122.576144952,47.340211296000064],[-122.57720320099996,47.34041745900004],[-122.57719252199993,47.341751526000046],[-122.58232905999992,47.34177641500003],[-122.58231918599995,47.34087518100006],[-122.58118424399996,47.34087985900004],[-122.58116007299998,47.34006713600007],[-122.57995823299996,47.34006606400004],[-122.57992889099995,47.338984393000025],[-122.58081151199998,47.33898389500006],[-122.58079497699998,47.338379137000054],[-122.58133104299998,47.338164051000035],[-122.58141401699999,47.33905725500005],[-122.58187270699996,47.33904167500004],[-122.58171718199996,47.33837594900007],[-122.58233613300182,47.33801172343752],[-122.5788198,47.3366529],[-122.57732183399996,47.33505508400003],[-122.57597817799996,47.33265466700004],[-122.57590089999998,47.3313004],[-122.57328732199994,47.32783207500006],[-122.57343334748359,47.32674054703275],[-122.57230122833096,47.32692861775802],[-122.56542160999997,47.33724383000003],[-122.57054759999993,47.33724978400005],[-122.57060756699997,47.33815470200005],[-122.57545616,47.33816061900006],[-122.57627751999995,47.33926936600005],[-122.57581561399998,47.34020424500005],[-122.576144952,47.340211296000064]]]},"properties":{"COUNTY":"Pierce","PRECCODE":26331,"PRECNAME":"26-331 Pierce county","PRECINCT":"Pierce 26331","DESCRIPTIO":"C. Gig Harbor Rural Far East (Gig Harbor Lighthouse, Goodman Drive)","OFFICE":"County Councilor District 7","JURISDICTION":"County Council","RACE":"Pierce County District 7 County Councilor District 7","Name_1":"Mike Solan","Party_1":"Republican_1","Votes_1":"99","Name_2":"Brenda Lykins","Party_2":"Democratic_1","Votes_2":"94","Name_3":"Chuck West","Party_3":"Independent_1","Votes_3":"14","Name_4":"Ann E. Jolie","Party_4":"Republican_2","Votes_4":"7","Name_5":null,"Party_5":null,"Votes_5":"0","Name_6":null,"Party_6":null,"Votes_6":"0","Name_7":null,"Party_7":null,"Votes_7":"0","Votes_total":"214","Pct_1":46.26,"Pct_2":43.93,"Pct_3":6.54,"Pct_4":3.27,"Pct_5":0,"Pct_6":0,"Pct_7":0,"Margin":2.33}},
{"type":"Feature","geometry":{"type":"Polygon","coordinates":[[[-122.62708812299995,47.35463397400008],[-122.62459081499998,47.354015178000054],[-122.62280922399997,47.35377347400003],[-122.62279774799997,47.35643726600005],[-122.62103459499997,47.35642768200006],[-122.62101305399996,47.360089524000045],[-122.62632382999996,47.36009908400007],[-122.62621923399996,47.366512826000076],[-122.62354319999994,47.36649377300006],[-122.62352791599993,47.36729361000005],[-122.62435156899994,47.36729754300006],[-122.62481659699995,47.36869383700009],[-122.62366080799997,47.36867662000002],[-122.62376129899997,47.36933888500004],[-122.62247566599996,47.369335824000075],[-122.62330196099995,47.36998519900005],[-122.62292968999995,47.36999475000004],[-122.62324178299994,47.37093381300007],[-122.623822778,47.371338760000064],[-122.62459950780219,47.37155755624442],[-122.62657403399997,47.36997707800003],[-122.62782508199997,47.36945857800004],[-122.63074706499997,47.36893227400003],[-122.62936162826286,47.36961631987578],[-122.63026526393332,47.36942777312372],[-122.63495320561097,47.367101920672496],[-122.63595689299996,47.36443529400003],[-122.63506689799998,47.36124410100007],[-122.63591998552545,47.361617904375635],[-122.63948628667836,47.36042682252924],[-122.64077585999995,47.359566081000025],[-122.64317645583388,47.35919434264167],[-122.65138468899995,47.35642065800005],[-122.65248607593837,47.355729894348435],[-122.65416925499996,47.35381407800002],[-122.65469041399993,47.34992914600008],[-122.65557401399997,47.348398831000054],[-122.65596351699995,47.348449188000075],[-122.65657735642597,47.34991248461018],[-122.65637167399993,47.35071432300003],[-122.65596319101235,47.35068409393328],[-122.658598594304,47.35116225368665],[-122.66504794918991,47.34574207086193],[-122.66380367899993,47.34572309900005],[-122.66359340099997,47.34569800300005],[-122.65347534299998,47.345781751000054],[-122.65178807799995,47.34577169800007],[-122.64771903699994,47.345799370000066],[-122.64252457599997,47.34923651400004],[-122.642390139,47.34939559800005],[-122.642377996,47.35294305300005],[-122.63159602699992,47.35288663800003],[-122.63033788499996,47.35286377800003],[-122.62877811399994,47.35285502200002],[-122.62859491099998,47.352874756000055],[-122.62811119399998,47.35311962400004],[-122.62781562299995,47.35407613200004],[-122.627640021,47.35437379200004],[-122.62736760299997,47.35461365700007],[-122.62731840599996,47.35463090500008],[-122.62708812299995,47.35463397400008]],[[-122.62823533799997,47.36972541800002],[-122.62789537799995,47.36977498300007],[-122.62889040999995,47.36960041400005],[-122.62823533799997,47.36972541800002]]]},"properties":{"COUNTY":"Pierce","PRECCODE":26332,"PRECNAME":"26-332 Pierce county","PRECINCT":"Pierce 26332","DESCRIPTIO":"N. Gig Harbor Rural Northwest (Henderson Bay Estates, Chapman Drive, Henderson Bay)","OFFICE":"County Councilor District 7","JURISDICTION":"County Council","RACE":"Pierce County District 7 County Councilor District 7","Name_1":"Brenda Lykins","Party_1":"Democratic_1","Votes_1":"267","Name_2":"Mike Solan","Party_2":"Republican_1","Votes_2":"189","Name_3":"Chuck West","Party_3":"Independent_1","Votes_3":"78","Name_4":"Ann E. Jolie","Party_4":"Republican_2","Votes_4":"9","Name_5":null,"Party_5":null,"Votes_5":"0","Name_6":null,"Party_6":null,"Votes_6":"0","Name_7":null,"Party_7":null,"Votes_7":"0","Votes_total":"543","Pct_1":49.17,"Pct_2":34.81,"Pct_3":14.36,"Pct_4":1.66,"Pct_5":0,"Pct_6":0,"Pct_7":0,"Margin":14.36}},
{"type":"Feature","geometry":{"type":"Polygon","coordinates":[[[-122.61043975299997,47.35271734600007],[-122.62111459799993,47.352827707000074],[-122.62100243299994,47.35344833700003],[-122.62184442599995,47.35361203200006],[-122.62459081499998,47.354015178000054],[-122.62708812299995,47.35463397400008],[-122.62731840599996,47.35463090500008],[-122.62736760299997,47.35461365700007],[-122.627640021,47.35437379200004],[-122.62781562299995,47.35407613200004],[-122.62811119399998,47.35311962400004],[-122.62859491099998,47.352874756000055],[-122.62877811399994,47.35285502200002],[-122.63033788499996,47.35286377800003],[-122.63159602699992,47.35288663800003],[-122.642377996,47.35294305300005],[-122.642390139,47.34939559800005],[-122.64252457599997,47.34923651400004],[-122.64771903699994,47.345799370000066],[-122.65178807799995,47.34577169800007],[-122.65307468999998,47.34577871000004],[-122.65305601399996,47.34508778900004],[-122.65307156399996,47.34211890300003],[-122.65265928873059,47.3394263],[-122.65157510744241,47.339589134129675],[-122.65044046399998,47.34079569900006],[-122.64959483699997,47.34137381900007],[-122.64923302616373,47.34121169789819],[-122.64927752799998,47.34179119400005],[-122.64816811099998,47.34189610400005],[-122.64801493899995,47.34250809400004],[-122.64802504199997,47.341816777000076],[-122.64868613625684,47.34179576359047],[-122.648906518,47.34117514500008],[-122.65087136399997,47.339402678000056],[-122.65283172512905,47.33903817754619],[-122.653173488,47.33803190200007],[-122.65327843199998,47.33097312800004],[-122.65295440899997,47.33044055200003],[-122.65209658499995,47.33047594400005],[-122.65096614999996,47.33054978900003],[-122.64984570299998,47.33005591500005],[-122.64960988699994,47.329990761000026],[-122.64877622999995,47.329914386000034],[-122.64515945899997,47.32951122600007],[-122.644592356,47.329449390000036],[-122.64003671999997,47.33002034300006],[-122.638392067,47.330743343000044],[-122.63589114599995,47.33184926400002],[-122.63503958899999,47.33183713200003],[-122.63151309099997,47.32999924600005],[-122.62766472699997,47.32994196100003],[-122.62224270199998,47.32992446100007],[-122.61577395699996,47.32993738000005],[-122.61581040499998,47.33352165200005],[-122.61574891,47.33720737000004],[-122.617728356,47.33722807600003],[-122.61769519499997,47.34095474300005],[-122.61696942299994,47.34094961300008],[-122.61690573599998,47.34552507200004],[-122.61037495599999,47.345431416000054],[-122.60822731299999,47.34542707300005],[-122.60831195099996,47.345611259000066],[-122.608348687,47.346330755000054],[-122.60876315599992,47.34668916000004],[-122.61018246699997,47.34981038800003],[-122.60959200899995,47.34992737000005],[-122.609712195,47.350173686000055],[-122.61021102899997,47.350065390000054],[-122.61042777899996,47.35055436400007],[-122.61043975299997,47.35271734600007]]]},"properties":{"COUNTY":"Pierce","PRECCODE":26333,"PRECNAME":"26-333 Pierce county","PRECINCT":"Pierce 26333","DESCRIPTIO":"C. Gig Harbor Rural Northwest (Rosedale Ridge, David Day Drive, Rosedale Gardens)","OFFICE":"County Councilor District 7","JURISDICTION":"County Council","RACE":"Pierce County District 7 County Councilor District 7","Name_1":"Brenda Lykins","Party_1":"Democratic_1","Votes_1":"247","Name_2":"Mike Solan","Party_2":"Republican_1","Votes_2":"209","Name_3":"Chuck West","Party_3":"Independent_1","Votes_3":"68","Name_4":"Ann E. Jolie","Party_4":"Republican_2","Votes_4":"20","Name_5":"Write-In","Party_5":"None_1","Votes_5":"1","Name_6":null,"Party_6":null,"Votes_6":"0","Name_7":null,"Party_7":null,"Votes_7":"0","Votes_total":"545","Pct_1":45.32,"Pct_2":38.35,"Pct_3":12.48,"Pct_4":3.67,"Pct_5":0.18,"Pct_6":0,"Pct_7":0,"Margin":6.97}},
{"type":"Feature","geometry":{"type":"MultiPolygon","coordinates":[[[[-122.65968989199995,47.32042639400004],[-122.65963564697381,47.32060853455285],[-122.65981355177479,47.320096627992314],[-122.65981541499998,47.31985178200006],[-122.65942657099997,47.319190785000046],[-122.66023646537838,47.32008688408392],[-122.65963021950877,47.323332290322675],[-122.66058545299997,47.32352781600008],[-122.66141504456219,47.32436858881637],[-122.66807135999991,47.32401935300004],[-122.66842168,47.32413421900003],[-122.66815205200902,47.324335904453214],[-122.66876357499996,47.32437976300008],[-122.67137176299995,47.32312459100006],[-122.67295179233146,47.32291115763847],[-122.67328533499993,47.32266089800004],[-122.67231930999998,47.322851782000036],[-122.673258,47.322115819000025],[-122.67387353899993,47.32232075800004],[-122.67339108599997,47.322712479000074],[-122.67438935499996,47.32226457300004],[-122.67770208007323,47.3186598826431],[-122.67565391199997,47.31767383000005],[-122.677524378,47.316507796000046],[-122.67805763899997,47.31573669900007],[-122.67721781299997,47.31331473300003],[-122.67966036999997,47.30881569600007],[-122.67970499299999,47.30493173400003],[-122.67960212499997,47.304541578000055],[-122.67438994699994,47.30456940700003],[-122.66737160599993,47.30454263400003],[-122.66719050799996,47.30436256400002],[-122.66701717899998,47.30441871000005],[-122.666723435,47.30447540500007],[-122.66639679199994,47.304494318000074],[-122.66447371899994,47.30455497700006],[-122.66329525299994,47.30522459100007],[-122.66233775699999,47.30879366800008],[-122.66173577799998,47.31022979800008],[-122.66079133299995,47.31222779700005],[-122.66046023099992,47.31288498300006],[-122.658617544,47.315293040000036],[-122.65853910099997,47.31599331900002],[-122.65900882399994,47.31865610200004],[-122.65941189199998,47.31938509900004],[-122.65967493,47.32005491100005],[-122.65968989199995,47.32042639400004]]],[[[-122.65922460116839,47.32179126637759],[-122.65957404782668,47.32078577992072],[-122.65932908999997,47.321296131000054],[-122.65922460116839,47.32179126637759]]],[[[-122.67069631007467,47.33155468084993],[-122.67213610556709,47.331646594146086],[-122.67424114590523,47.331248357947636],[-122.677591,47.3290927],[-122.67691932169383,47.32738968809585],[-122.67507769999999,47.3262891],[-122.67323748899996,47.32665230900005],[-122.67190307363083,47.3261414381077],[-122.66775119347778,47.325997680213554],[-122.66715710891994,47.32663355589511],[-122.66559789305647,47.32717746635751],[-122.664370014,47.32735293700005],[-122.66273970642467,47.32652898582513],[-122.6612509308044,47.32741019952392],[-122.65971581167452,47.32781561606987],[-122.65982290301936,47.32910662961621],[-122.66224878199996,47.33023110100003],[-122.6631072259578,47.33119185260163],[-122.66565550000001,47.3328097],[-122.67069631007467,47.33155468084993]]],[[[-122.65283172512905,47.33903817754619],[-122.6532229,47.3389538],[-122.6551783552217,47.33400314430593],[-122.65475849999993,47.333776797000034],[-122.65517124599994,47.333423562000064],[-122.6561948,47.3273051],[-122.65495492694676,47.32684828389527],[-122.65441634899999,47.32839394900003],[-122.65265143899995,47.33001616300004],[-122.651509036,47.33043788800007],[-122.650807725,47.330453034000065],[-122.65031368699998,47.330099184000055],[-122.65607232599996,47.32354990700002],[-122.65682092699997,47.323195492000075],[-122.65676004711162,47.32497058478081],[-122.65611705574914,47.32567193685563],[-122.65824459810031,47.32461099326785],[-122.65835538999994,47.32311250400006],[-122.65902991921325,47.32235142960741],[-122.65587643799994,47.32349620000008],[-122.65374153299996,47.32590884900003],[-122.65186249599998,47.32761367000006],[-122.65044139699995,47.32914159800003],[-122.64970104299998,47.33001965100004],[-122.64984570299998,47.33005591500005],[-122.65096614999996,47.33054978900003],[-122.65209658499995,47.33047594400005],[-122.65295440899997,47.33044055200003],[-122.65327843199998,47.33097312800004],[-122.653173488,47.33803190200007],[-122.65283172512905,47.33903817754619]]],[[[-122.66380367899993,47.34572309900005],[-122.66521425904067,47.34560135861589],[-122.66700396099998,47.343997984000055],[-122.67085956912564,47.34259396370578],[-122.66952254699999,47.342240082000046],[-122.66854069199995,47.34292434200005],[-122.667839556,47.34282812500004],[-122.66810780699996,47.341080602000034],[-122.66945207681538,47.34220158503761],[-122.66608700631585,47.338321437904455],[-122.6637704091347,47.33827297598812],[-122.66215046999999,47.33863231300006],[-122.66122361599996,47.33845982300004],[-122.65958686799996,47.33690407000005],[-122.65826994799995,47.33446465900005],[-122.65721616576823,47.33382168829988],[-122.65754815999996,47.33411164800003],[-122.65562632634311,47.336710328819194],[-122.65327008099324,47.34088763938054],[-122.65341596939625,47.34142876677936],[-122.65296894088966,47.341097743748755],[-122.6532625009939,47.34097358762435],[-122.652878263,47.34075594300003],[-122.65265928873059,47.3394263],[-122.65307156399996,47.34211890300003],[-122.65305601399996,47.34508778900004],[-122.65307468999998,47.34577871000004],[-122.65347534299998,47.345781751000054],[-122.66359340099997,47.34569800300005],[-122.66380367899993,47.34572309900005]]]]},"properties":{"COUNTY":"Pierce","PRECCODE":26334,"PRECNAME":"26-334 Pierce county","PRECINCT":"Pierce 26334","DESCRIPTIO":"C. Gig Harbor Rural Farthest West (Allen Point, Raft Island View, Voyager Elementary School)","OFFICE":"County Councilor District 7","JURISDICTION":"County Council","RACE":"Pierce County District 7 County Councilor District 7","Name_1":"Brenda Lykins","Party_1":"Democratic_1","Votes_1":"275","Name_2":"Mike Solan","Party_2":"Republican_1","Votes_2":"217","Name_3":"Chuck West","Party_3":"Independent_1","Votes_3":"67","Name_4":"Ann E. Jolie","Party_4":"Republican_2","Votes_4":"22","Name_5":null,"Party_5":null,"Votes_5":"0","Name_6":null,"Party_6":null,"Votes_6":"0","Name_7":null,"Party_7":null,"Votes_7":"0","Votes_total":"581","Pct_1":47.33,"Pct_2":37.35,"Pct_3":11.53,"Pct_4":3.79,"Pct_5":0,"Pct_6":0,"Pct_7":0,"Margin":9.98}},
{"type":"Feature","geometry":{"type":"Polygon","coordinates":[[[-122.64531388999993,47.31767211800007],[-122.644977043,47.317149658000055],[-122.644709208,47.31715055300003],[-122.64451307199998,47.31712508100003],[-122.64347088399994,47.31693286800003],[-122.64335825199998,47.316344851000046],[-122.64280239699998,47.31621780300002],[-122.64204951599994,47.31727560100006],[-122.63847717899995,47.31733983500004],[-122.63791060899995,47.31740428300002],[-122.63774861699996,47.31745115100006],[-122.63739600899999,47.317711177000035],[-122.63595200799993,47.32001035100006],[-122.63351522,47.320774534000066],[-122.63283106499996,47.32028292200004],[-122.63279412499998,47.31886337800006],[-122.631877267,47.31860545700005],[-122.63186011599997,47.31806852600005],[-122.63093344099997,47.31801271600005],[-122.627818521,47.32440100200005],[-122.625987566,47.32993357800006],[-122.62766472699997,47.32994196100003],[-122.63151309099997,47.32999924600005],[-122.63503958899999,47.33183713200003],[-122.63589114599995,47.33184926400002],[-122.638392067,47.330743343000044],[-122.64003671999997,47.33002034300006],[-122.644592356,47.329449390000036],[-122.64515945899997,47.32951122600007],[-122.64877622999995,47.329914386000034],[-122.64960988699994,47.329990761000026],[-122.64970104299998,47.33001965100004],[-122.65044139699995,47.32914159800003],[-122.65186249599998,47.32761367000006],[-122.65374153299996,47.32590884900003],[-122.65587643799994,47.32349620000008],[-122.65902991921325,47.32235142960741],[-122.65922460116839,47.32179126637759],[-122.65932908999997,47.321296131000054],[-122.65957404782668,47.32078577992072],[-122.65968989199995,47.32042639400004],[-122.65967493,47.32005491100005],[-122.65941189199998,47.31938509900004],[-122.65900882399994,47.31865610200004],[-122.65782954299996,47.31812909000007],[-122.65752147999991,47.31810465400008],[-122.65603383899999,47.318937389000034],[-122.65540521799996,47.319371519000065],[-122.65415034599998,47.31990298700003],[-122.653779714,47.31995575500008],[-122.648495155,47.31932594900007],[-122.64780001899996,47.31920967700005],[-122.64608068799998,47.31842679100003],[-122.64531388999993,47.31767211800007]]]},"properties":{"COUNTY":"Pierce","PRECCODE":26335,"PRECNAME":"26-335 Pierce county","PRECINCT":"Pierce 26335","DESCRIPTIO":"C. Gig Harbor Rural Far West (Highlands at Rosedale, Rosedale Street Fire Station, Sylvia Lake)","OFFICE":"County Councilor District 7","JURISDICTION":"County Council","RACE":"Pierce County District 7 County Councilor District 7","Name_1":"Brenda Lykins","Party_1":"Democratic_1","Votes_1":"210","Name_2":"Mike Solan","Party_2":"Republican_1","Votes_2":"147","Name_3":"Chuck West","Party_3":"Independent_1","Votes_3":"46","Name_4":"Ann E. Jolie","Party_4":"Republican_2","Votes_4":"9","Name_5":null,"Party_5":null,"Votes_5":"0","Name_6":null,"Party_6":null,"Votes_6":"0","Name_7":null,"Party_7":null,"Votes_7":"0","Votes_total":"412","Pct_1":50.97,"Pct_2":35.68,"Pct_3":11.17,"Pct_4":2.18,"Pct_5":0,"Pct_6":0,"Pct_7":0,"Margin":15.29}},
{"type":"Feature","geometry":{"type":"Polygon","coordinates":[[[-122.63093344099997,47.31801271600005],[-122.63186011599997,47.31806852600005],[-122.631877267,47.31860545700005],[-122.63279412499998,47.31886337800006],[-122.63283106499996,47.32028292200004],[-122.63351522,47.320774534000066],[-122.63595200799993,47.32001035100006],[-122.63739600899999,47.317711177000035],[-122.63774861699996,47.31745115100006],[-122.63791060899995,47.31740428300002],[-122.63847717899995,47.31733983500004],[-122.64204951599994,47.31727560100006],[-122.64280239699998,47.31621780300002],[-122.64335825199998,47.316344851000046],[-122.64347088399994,47.31693286800003],[-122.64451307199998,47.31712508100003],[-122.644709208,47.31715055300003],[-122.644977043,47.317149658000055],[-122.644820516,47.31691959600004],[-122.64462926499996,47.316575536000066],[-122.64448932599996,47.31620754300007],[-122.64432786099995,47.31423105400006],[-122.64422941999999,47.313810431000036],[-122.64397145899994,47.31339517100008],[-122.64268683599994,47.31189325900004],[-122.64258145899996,47.30427609700007],[-122.64215757699998,47.30330799700004],[-122.64158200999996,47.30283626000004],[-122.64109642799995,47.30261361600002],[-122.64069516099994,47.30250018700007],[-122.640232815,47.302414075000065],[-122.63484974699998,47.30273989800002],[-122.633723649,47.302657152000045],[-122.63297993799995,47.30251552400005],[-122.62879428599994,47.30093392500004],[-122.62297406999993,47.30094801400002],[-122.61845466799997,47.29957368700007],[-122.61691337499998,47.30004378500007],[-122.61570816399997,47.30000032200007],[-122.61529448299994,47.300019966000036],[-122.61299859699994,47.30071172200007],[-122.612190339,47.301273379000065],[-122.61141686599996,47.30201757400004],[-122.61066773799995,47.303499897000044],[-122.61060936599996,47.30389773000007],[-122.61063788599992,47.307337974000056],[-122.61059973399995,47.307888063000064],[-122.61044990099997,47.30838933700005],[-122.61025305299997,47.30870828900004],[-122.61001404499994,47.30897038600005],[-122.60964762199994,47.30928907700007],[-122.60687149699999,47.310207719000054],[-122.60739886499996,47.31264426500007],[-122.60657122699993,47.313585059000054],[-122.60657922699994,47.31555048600006],[-122.60808969,47.31549624100007],[-122.60963264099996,47.31543450200007],[-122.61183205599997,47.31540760300004],[-122.61430861099997,47.31545961500006],[-122.61557069399998,47.31613757100007],[-122.61798661699999,47.315434511000035],[-122.63147533999995,47.31544199900003],[-122.63188996199995,47.31548163200005],[-122.632093775,47.31583143300002],[-122.631405643,47.316993256000046],[-122.63093344099997,47.31801271600005]]]},"properties":{"COUNTY":"Pierce","PRECCODE":26336,"PRECNAME":"26-336 Pierce county","PRECINCT":"Pierce 26336","DESCRIPTIO":"S. Gig Harbor Rural Far West (Gig Harbor Golf Club, Chelsea Park, Greenwood)","OFFICE":"County Councilor District 7","JURISDICTION":"County Council","RACE":"Pierce County District 7 County Councilor District 7","Name_1":"Brenda Lykins","Party_1":"Democratic_1","Votes_1":"236","Name_2":"Mike Solan","Party_2":"Republican_1","Votes_2":"176","Name_3":"Chuck West","Party_3":"Independent_1","Votes_3":"49","Name_4":"Ann E. Jolie","Party_4":"Republican_2","Votes_4":"4","Name_5":null,"Party_5":null,"Votes_5":"0","Name_6":null,"Party_6":null,"Votes_6":"0","Name_7":null,"Party_7":null,"Votes_7":"0","Votes_total":"465","Pct_1":50.75,"Pct_2":37.85,"Pct_3":10.54,"Pct_4":0.86,"Pct_5":0,"Pct_6":0,"Pct_7":0,"Margin":12.9}},
{"type":"Feature","geometry":{"type":"Polygon","coordinates":[[[-122.60657922699994,47.31555048600006],[-122.60657122699993,47.313585059000054],[-122.60739886499996,47.31264426500007],[-122.60687149699999,47.310207719000054],[-122.60964762199994,47.30928907700007],[-122.61001404499994,47.30897038600005],[-122.61025305299997,47.30870828900004],[-122.61044990099997,47.30838933700005],[-122.61059973399995,47.307888063000064],[-122.61063788599992,47.307337974000056],[-122.61060936599996,47.30389773000007],[-122.61066773799995,47.303499897000044],[-122.61141686599996,47.30201757400004],[-122.61162016399999,47.30179668500005],[-122.61176121199995,47.301265564000055],[-122.61135950999994,47.300914781000074],[-122.611777126,47.30026261100004],[-122.611915018,47.300146089000066],[-122.61081977099998,47.29956102200004],[-122.61006509299993,47.29907632300006],[-122.60956760799995,47.29867481200005],[-122.60732852299998,47.29589470200005],[-122.60704983299996,47.295411203000064],[-122.60686216399995,47.29491716300003],[-122.60674346999998,47.294444578000025],[-122.60595184599997,47.29579795100005],[-122.60404353499995,47.29705009600007],[-122.60035499299994,47.297473853000035],[-122.59801803,47.302603273000045],[-122.59661289299999,47.30400724800006],[-122.59500079599997,47.304644117000066],[-122.58983607099998,47.304902242000026],[-122.58977707099997,47.30767033300004],[-122.58977962999992,47.30893858500007],[-122.58970775399997,47.316207518000056],[-122.60657922699994,47.31555048600006]]]},"properties":{"COUNTY":"Pierce","PRECCODE":26337,"PRECNAME":"26-337 Pierce county","PRECINCT":"Pierce 26337","DESCRIPTIO":"S. Gig Harbor Rural West (Harbor Park Estates, Gustafson Drive, Wollochet Heights)","OFFICE":"County Councilor District 7","JURISDICTION":"County Council","RACE":"Pierce County District 7 County Councilor District 7","Name_1":"Brenda Lykins","Party_1":"Democratic_1","Votes_1":"241","Name_2":"Mike Solan","Party_2":"Republican_1","Votes_2":"177","Name_3":"Chuck West","Party_3":"Independent_1","Votes_3":"80","Name_4":"Ann E. Jolie","Party_4":"Republican_2","Votes_4":"7","Name_5":null,"Party_5":null,"Votes_5":"0","Name_6":null,"Party_6":null,"Votes_6":"0","Name_7":null,"Party_7":null,"Votes_7":"0","Votes_total":"505","Pct_1":47.72,"Pct_2":35.05,"Pct_3":15.84,"Pct_4":1.39,"Pct_5":0,"Pct_6":0,"Pct_7":0,"Margin":12.67}},
{"type":"Feature","geometry":{"type":"Polygon","coordinates":[[[-122.67770208007323,47.3186598826431],[-122.68412266099993,47.31231227400008],[-122.6882928,47.3094334],[-122.68898645899995,47.30812302900005],[-122.68862333244412,47.306985670511395],[-122.6822623,47.3025273],[-122.67993660000002,47.2991766],[-122.67980879999999,47.2977675],[-122.68030506499997,47.296619366000066],[-122.68136940513824,47.29556850738834],[-122.68092139199996,47.29515141900003],[-122.68168247603269,47.29512735942993],[-122.68368146083891,47.29224257225348],[-122.68381514299992,47.287971483000035],[-122.685033924,47.284545894000075],[-122.68605388699996,47.28337887500004],[-122.68653708899993,47.28330423600005],[-122.68715919408746,47.285451407414996],[-122.68786795499996,47.28541840800005],[-122.687316696,47.28593895200004],[-122.68770192761791,47.287085400457016],[-122.68715931192378,47.29342024549083],[-122.68777472645075,47.29376517804172],[-122.68822703899995,47.29479980000008],[-122.68748012712422,47.29623813059731],[-122.68904031155245,47.29780340198545],[-122.68988174204105,47.297267139620516],[-122.6908954,47.2938226],[-122.69399093399994,47.289119147000065],[-122.6959173,47.2870743],[-122.6959524,47.2848932],[-122.694769,47.2819197],[-122.69308709999999,47.2807918],[-122.6893699,47.2800906],[-122.68230140546318,47.28081784888509],[-122.6816580162526,47.28096713036781],[-122.68150044391847,47.28112812675252],[-122.68242141301243,47.280859362719205],[-122.6835091141193,47.28099619062372],[-122.68369643744653,47.2811380227451],[-122.68273389699998,47.28372151100006],[-122.68091128699996,47.28596578800005],[-122.67912405499999,47.28691820200004],[-122.67633958009502,47.28724941784035],[-122.67409679499997,47.28807630800002],[-122.67220464899997,47.287750249000055],[-122.66525029999997,47.2851845],[-122.66403453227913,47.28550932858613],[-122.66461155099992,47.285649429000046],[-122.66330307899993,47.28716312300002],[-122.66316442899993,47.28650747400007],[-122.66392893693232,47.28549456135646],[-122.65969642366281,47.28284043519937],[-122.65490544199996,47.28306002000005],[-122.64811569799998,47.28037174100007],[-122.64792641199995,47.280790980000056],[-122.64777123399995,47.28099308200006],[-122.64747992099994,47.28118838200004],[-122.64683223599998,47.28134313800007],[-122.646281424,47.28129909100005],[-122.64614758399995,47.281262981000054],[-122.64850421399996,47.28221187500003],[-122.65489982799994,47.283815478000065],[-122.65734858099997,47.284040343000065],[-122.65870908299998,47.284002172000044],[-122.65957210899997,47.28412251200007],[-122.66194512499996,47.28605407500004],[-122.66123439199998,47.28911622600003],[-122.66122783599994,47.29005526600009],[-122.66788713299995,47.29006249000002],[-122.66790200599995,47.292915695000026],[-122.669143395,47.294337874000064],[-122.66942945799994,47.29840340700008],[-122.66947013899996,47.299037459000026],[-122.66940190199993,47.300730729000065],[-122.66932068999995,47.30095580100004],[-122.67439786699995,47.30100601200007],[-122.67461039299997,47.30191025300007],[-122.67509973599998,47.301363130000034],[-122.67861179099998,47.300360975000046],[-122.68128565099995,47.30402698800003],[-122.68056101999997,47.30441606200003],[-122.68028097299998,47.304525769000065],[-122.679492639,47.30395473500005],[-122.679556017,47.304414035000036],[-122.67966821399995,47.304766879000056],[-122.67970499299999,47.30493173400003],[-122.67966036999997,47.30881569600007],[-122.67721781299997,47.31331473300003],[-122.67805763899997,47.31573669900007],[-122.677524378,47.316507796000046],[-122.67565391199997,47.31767383000005],[-122.67770208007323,47.3186598826431]],[[-122.68106097320872,47.28177154509606],[-122.68081952999994,47.28207080700002],[-122.68141672559157,47.281242513608255],[-122.68106097320872,47.28177154509606]]]},"properties":{"COUNTY":"Pierce","PRECCODE":26338,"PRECNAME":"26-338 Pierce county","PRECINCT":"Pierce 26338","DESCRIPTIO":"Rural SW Gig Harbor Peninsula Far West (Forest Beach, Arletta, Kopachuck State Park)","OFFICE":"County Councilor District 7","JURISDICTION":"County Council","RACE":"Pierce County District 7 County Councilor District 7","Name_1":"Mike Solan","Party_1":"Republican_1","Votes_1":"210","Name_2":"Brenda Lykins","Party_2":"Democratic_1","Votes_2":"160","Name_3":"Chuck West","Party_3":"Independent_1","Votes_3":"62","Name_4":"Ann E. Jolie","Party_4":"Republican_2","Votes_4":"20","Name_5":null,"Party_5":null,"Votes_5":"0","Name_6":null,"Party_6":null,"Votes_6":"0","Name_7":null,"Party_7":null,"Votes_7":"0","Votes_total":"452","Pct_1":46.46,"Pct_2":35.4,"Pct_3":13.72,"Pct_4":4.42,"Pct_5":0,"Pct_6":0,"Pct_7":0,"Margin":11.06}},
{"type":"Feature","geometry":{"type":"Polygon","coordinates":[[[-122.67960212499997,47.304541578000055],[-122.679556017,47.304414035000036],[-122.679492639,47.30395473500005],[-122.68028097299998,47.304525769000065],[-122.68056101999997,47.30441606200003],[-122.68128565099995,47.30402698800003],[-122.67861179099998,47.300360975000046],[-122.67509973599998,47.301363130000034],[-122.67461039299997,47.30191025300007],[-122.67439786699995,47.30100601200007],[-122.66932068999995,47.30095580100004],[-122.66927320399996,47.30111455600007],[-122.66864535699992,47.30230805300004],[-122.66719050799996,47.30436256400002],[-122.66737160599993,47.30454263400003],[-122.67438994699994,47.30456940700003],[-122.67960212499997,47.304541578000055]]]},"properties":{"COUNTY":"Pierce","PRECCODE":26339,"PRECNAME":"26-339 Pierce county","PRECINCT":"Pierce 26339","DESCRIPTIO":"Rural SW Gig Harbor Peninsula Northwest (Kopachuck Ridge)","OFFICE":"County Councilor District 7","JURISDICTION":"County Council","RACE":"Pierce County District 7 County Councilor District 7","Name_1":"Brenda Lykins","Party_1":"Democratic_1","Votes_1":"40","Name_2":"Mike Solan","Party_2":"Republican_1","Votes_2":"31","Name_3":"Chuck West","Party_3":"Independent_1","Votes_3":"11","Name_4":"Ann E. Jolie","Party_4":"Republican_2","Votes_4":"1","Name_5":"Write-In","Party_5":"None_1","Votes_5":"1","Name_6":null,"Party_6":null,"Votes_6":"0","Name_7":null,"Party_7":null,"Votes_7":"0","Votes_total":"84","Pct_1":47.62,"Pct_2":36.9,"Pct_3":13.1,"Pct_4":1.19,"Pct_5":1.19,"Pct_6":0,"Pct_7":0,"Margin":10.72}},
{"type":"Feature","geometry":{"type":"Polygon","coordinates":[[[-122.63885814099996,47.30243629200004],[-122.64213683246058,47.30215345012016],[-122.64919329599996,47.30238768300006],[-122.65430847799996,47.301432595000044],[-122.65595090994056,47.301750084720354],[-122.65638292730443,47.30198795712671],[-122.65672163127336,47.302255686708484],[-122.65715383167557,47.302919387776505],[-122.657261975,47.30337285200005],[-122.65748574651992,47.30387290723414],[-122.65847653899996,47.304608509000055],[-122.65972436699997,47.304822288000025],[-122.66385035199994,47.30456779200006],[-122.666723435,47.30447540500007],[-122.66701717899998,47.30441871000005],[-122.66719050799996,47.30436256400002],[-122.66864535699992,47.30230805300004],[-122.66927320399996,47.30111455600007],[-122.66940190199993,47.300730729000065],[-122.66947013899996,47.299037459000026],[-122.66942945799994,47.29840340700008],[-122.669143395,47.294337874000064],[-122.66790200599995,47.292915695000026],[-122.66788713299995,47.29006249000002],[-122.66122783599994,47.29005526600009],[-122.66117936899997,47.29315218000004],[-122.66091212099998,47.29355007300007],[-122.66073752799996,47.29363615600005],[-122.66051618899994,47.29368767500006],[-122.64191603499994,47.293685560000036],[-122.64184623399994,47.29467869300004],[-122.64035166199996,47.29627916800007],[-122.64045669499995,47.29779617400004],[-122.63802961599998,47.297805037000046],[-122.63809546699999,47.29565591300007],[-122.63917606299998,47.29461923100007],[-122.63937673899993,47.29369312700003],[-122.63203842899998,47.29373827400008],[-122.63206371499996,47.29791582600006],[-122.63166162699999,47.298932885000056],[-122.63264564999997,47.29952477000006],[-122.63270084199993,47.299671800000056],[-122.63209735299995,47.301462472000026],[-122.633083507,47.302533502000074],[-122.633723649,47.302657152000045],[-122.63484974699998,47.30273989800002],[-122.63885814099996,47.30243629200004]]]},"properties":{"COUNTY":"Pierce","PRECCODE":26340,"PRECNAME":"26-340 Pierce county","PRECINCT":"Pierce 26340","DESCRIPTIO":"Rural SW Gig Harbor Peninsula North (Artondale Fire Station, Harbor Family Park)","OFFICE":"County Councilor District 7","JURISDICTION":"County Council","RACE":"Pierce County District 7 County Councilor District 7","Name_1":"Brenda Lykins","Party_1":"Democratic_1","Votes_1":"258","Name_2":"Mike Solan","Party_2":"Republican_1","Votes_2":"196","Name_3":"Chuck West","Party_3":"Independent_1","Votes_3":"41","Name_4":"Ann E. Jolie","Party_4":"Republican_2","Votes_4":"11","Name_5":"Write-In","Party_5":"None_1","Votes_5":"1","Name_6":null,"Party_6":null,"Votes_6":"0","Name_7":null,"Party_7":null,"Votes_7":"0","Votes_total":"507","Pct_1":50.89,"Pct_2":38.66,"Pct_3":8.09,"Pct_4":2.17,"Pct_5":0.2,"Pct_6":0,"Pct_7":0,"Margin":12.23}},
{"type":"Feature","geometry":{"type":"Polygon","coordinates":[[[-122.63203842899998,47.29373827400008],[-122.63937673899993,47.29369312700003],[-122.63917606299998,47.29461923100007],[-122.63809546699999,47.29565591300007],[-122.63802961599998,47.297805037000046],[-122.64045669499995,47.29779617400004],[-122.64035166199996,47.29627916800007],[-122.64184623399994,47.29467869300004],[-122.64191603499994,47.293685560000036],[-122.66051618899994,47.29368767500006],[-122.66073752799996,47.29363615600005],[-122.66091212099998,47.29355007300007],[-122.66117936899997,47.29315218000004],[-122.66123439199998,47.28911622600003],[-122.66194512499996,47.28605407500004],[-122.65957210899997,47.28412251200007],[-122.65870908299998,47.284002172000044],[-122.65734858099997,47.284040343000065],[-122.65489982799994,47.283815478000065],[-122.64850421399996,47.28221187500003],[-122.64614758399995,47.281262981000054],[-122.64494609599996,47.28086439600002],[-122.64266040599996,47.28072308900005],[-122.640254601,47.28167857000005],[-122.639919573,47.28196999200002],[-122.63928717499998,47.28262520000004],[-122.63657854899995,47.28632415900005],[-122.63199038999993,47.28656350300008],[-122.63203842899998,47.29373827400008]]]},"properties":{"COUNTY":"Pierce","PRECCODE":26341,"PRECNAME":"26-341 Pierce county","PRECINCT":"Pierce 26341","DESCRIPTIO":"Rural SW Gig Harbor Peninsula South-Center (Shawnee Hills, Fox Crest, Wildwood Estates)","OFFICE":"County Councilor District 7","JURISDICTION":"County Council","RACE":"Pierce County District 7 County Councilor District 7","Name_1":"Brenda Lykins","Party_1":"Democratic_1","Votes_1":"302","Name_2":"Mike Solan","Party_2":"Republican_1","Votes_2":"250","Name_3":"Chuck West","Party_3":"Independent_1","Votes_3":"58","Name_4":"Ann E. Jolie","Party_4":"Republican_2","Votes_4":"9","Name_5":null,"Party_5":null,"Votes_5":"0","Name_6":null,"Party_6":null,"Votes_6":"0","Name_7":null,"Party_7":null,"Votes_7":"0","Votes_total":"619","Pct_1":48.79,"Pct_2":40.39,"Pct_3":9.37,"Pct_4":1.45,"Pct_5":0,"Pct_6":0,"Pct_7":0,"Margin":8.4}},
{"type":"Feature","geometry":{"type":"Polygon","coordinates":[[[-122.611379931,47.29076620400008],[-122.61151715799996,47.29352385600003],[-122.61247588699996,47.29415638300003],[-122.61259147064308,47.295676591990485],[-122.61337369134118,47.29678139889336],[-122.61447558885168,47.29748462228632],[-122.61433123799998,47.296475703000056],[-122.61491425799993,47.296168866000066],[-122.61471182399997,47.29580022500005],[-122.615354547,47.29562852200008],[-122.61646075799995,47.296157095000076],[-122.61677685699998,47.29671081400004],[-122.61699947799997,47.297644717000026],[-122.61655981499995,47.29803330800007],[-122.61735962999994,47.29801590400006],[-122.61873698199997,47.29874018000003],[-122.61199824799995,47.30002156700004],[-122.61198087699997,47.300089297000056],[-122.611777126,47.30026261100004],[-122.61135950999994,47.300914781000074],[-122.61176121199995,47.301265564000055],[-122.61162016399999,47.30179668500005],[-122.612190339,47.301273379000065],[-122.61299859699994,47.30071172200007],[-122.61529448299994,47.300019966000036],[-122.61570816399997,47.30000032200007],[-122.61691337499998,47.30004378500007],[-122.61845466799997,47.29957368700007],[-122.62297406999993,47.30094801400002],[-122.62879428599994,47.30093392500004],[-122.63297993799995,47.30251552400005],[-122.633083507,47.302533502000074],[-122.63209735299995,47.301462472000026],[-122.63270084199993,47.299671800000056],[-122.63264564999997,47.29952477000006],[-122.63166162699999,47.298932885000056],[-122.63206371499996,47.29791582600006],[-122.63203842899998,47.29373827400008],[-122.63199038999993,47.28656350300008],[-122.63657854899995,47.28632415900005],[-122.63928717499998,47.28262520000004],[-122.639919573,47.28196999200002],[-122.640254601,47.28167857000005],[-122.64266040599996,47.28072308900005],[-122.64494609599996,47.28086439600002],[-122.646281424,47.28129909100005],[-122.64683223599998,47.28134313800007],[-122.64747992099994,47.28118838200004],[-122.64777123399995,47.28099308200006],[-122.64792641199995,47.280790980000056],[-122.64811569799998,47.28037174100007],[-122.64768319399995,47.280550542000064],[-122.64554494199996,47.279688701000055],[-122.64254207899995,47.279164550000075],[-122.63939104524417,47.27810184223833],[-122.62911545199991,47.277845574000025],[-122.62908075599994,47.280311041000054],[-122.62503011199998,47.28336234500006],[-122.62496801599995,47.28359984300005],[-122.62503287699997,47.28384439300003],[-122.62628444499995,47.28413286000006],[-122.62662320099994,47.28426487200005],[-122.62675161799994,47.284498875000054],[-122.62671665099998,47.28652815000003],[-122.62273183299999,47.286503459000066],[-122.62293408599996,47.28720927000006],[-122.62333992699996,47.28787512000007],[-122.623220619,47.288551549000026],[-122.62133095599995,47.28896518100004],[-122.61719458299993,47.288658880000064],[-122.61657874599996,47.28894683100003],[-122.616436567,47.289542324000074],[-122.61423799199996,47.28954010600006],[-122.61488713699997,47.29080129700004],[-122.611379931,47.29076620400008]]]},"properties":{"COUNTY":"Pierce","PRECCODE":26342,"PRECNAME":"26-342 Pierce county","PRECINCT":"Pierce 26342","DESCRIPTIO":"Rural SW Gig Harbor Peninsula East (Artondale Elementary School, Gig Harbor Academy, Ford Drive)","OFFICE":"County Councilor District 7","JURISDICTION":"County Council","RACE":"Pierce County District 7 County Councilor District 7","Name_1":"Brenda Lykins","Party_1":"Democratic_1","Votes_1":"288","Name_2":"Mike Solan","Party_2":"Republican_1","Votes_2":"208","Name_3":"Chuck West","Party_3":"Independent_1","Votes_3":"70","Name_4":"Ann E. Jolie","Party_4":"Republican_2","Votes_4":"16","Name_5":null,"Party_5":null,"Votes_5":"0","Name_6":null,"Party_6":null,"Votes_6":"0","Name_7":null,"Party_7":null,"Votes_7":"0","Votes_total":"582","Pct_1":49.48,"Pct_2":35.74,"Pct_3":12.03,"Pct_4":2.75,"Pct_5":0,"Pct_6":0,"Pct_7":0,"Margin":13.74}},
{"type":"Feature","geometry":{"type":"MultiPolygon","coordinates":[[[[-122.60818472055222,47.288926757853446],[-122.6100948779715,47.28910090345859],[-122.61062889920957,47.28953651490685],[-122.61133345399995,47.28893159200004],[-122.611379931,47.29076620400008],[-122.61488713699997,47.29080129700004],[-122.61423799199996,47.28954010600006],[-122.616436567,47.289542324000074],[-122.61657874599996,47.28894683100003],[-122.61719458299993,47.288658880000064],[-122.62133095599995,47.28896518100004],[-122.623220619,47.288551549000026],[-122.62333992699996,47.28787512000007],[-122.62293408599996,47.28720927000006],[-122.62273183299999,47.286503459000066],[-122.62671665099998,47.28652815000003],[-122.62675161799994,47.284498875000054],[-122.62662320099994,47.28426487200005],[-122.62628444499995,47.28413286000006],[-122.62503287699997,47.28384439300003],[-122.62496801599995,47.28359984300005],[-122.62503011199998,47.28336234500006],[-122.62908075599994,47.280311041000054],[-122.62911545199991,47.277845574000025],[-122.62853709999999,47.2777488],[-122.62504392888326,47.275020553988426],[-122.62387272299995,47.27452214300007],[-122.62161801048046,47.27234469724388],[-122.61699280599996,47.27063756300003],[-122.61362645699995,47.27018404300002],[-122.60856216199994,47.271432719000074],[-122.60492588341626,47.2716156915437],[-122.60093000568507,47.27228858866213],[-122.599532276,47.27325436400008],[-122.59877395737418,47.27558944489701],[-122.6011365069743,47.279948576937414],[-122.59996926405539,47.28053894117386],[-122.60167684906759,47.28137648018092],[-122.60292005390185,47.282752386135165],[-122.60358173499998,47.28271695900002],[-122.60416229092704,47.28364078469459],[-122.60573790199996,47.28339285100003],[-122.606028515,47.28272073300007],[-122.60795282199993,47.28279377700005],[-122.60794552199997,47.28372631400003],[-122.60754346399993,47.284028484000025],[-122.6086888,47.28579050600007],[-122.608576826,47.286806867000045],[-122.60898696,47.28736303700004],[-122.60854304599998,47.28765711300008],[-122.60917865399992,47.28800885900006],[-122.60818472055222,47.288926757853446]]],[[[-122.60601332899992,47.284052872000075],[-122.60587605799995,47.28360527800003],[-122.60448515915722,47.2840113944379],[-122.60470646611267,47.28437848718378],[-122.60601332899992,47.284052872000075]]]]},"properties":{"COUNTY":"Pierce","PRECCODE":26343,"PRECNAME":"26-343 Pierce county","PRECINCT":"Pierce 26343","DESCRIPTIO":"Rural SW Gig Harbor Peninsula Far Southeast (Cromwell, Bayview, East Cromwell)","OFFICE":"County Councilor District 7","JURISDICTION":"County Council","RACE":"Pierce County District 7 County Councilor District 7","Name_1":"Brenda Lykins","Party_1":"Democratic_1","Votes_1":"236","Name_2":"Mike Solan","Party_2":"Republican_1","Votes_2":"212","Name_3":"Chuck West","Party_3":"Independent_1","Votes_3":"34","Name_4":"Ann E. Jolie","Party_4":"Republican_2","Votes_4":"13","Name_5":null,"Party_5":null,"Votes_5":"0","Name_6":null,"Party_6":null,"Votes_6":"0","Name_7":null,"Party_7":null,"Votes_7":"0","Votes_total":"495","Pct_1":47.68,"Pct_2":42.83,"Pct_3":6.87,"Pct_4":2.63,"Pct_5":0,"Pct_6":0,"Pct_7":0,"Margin":4.85}},
{"type":"Feature","geometry":{"type":"Polygon","coordinates":[[[-122.60818472055222,47.288926757853446],[-122.60917865399992,47.28800885900006],[-122.60854304599998,47.28765711300008],[-122.60898696,47.28736303700004],[-122.608576826,47.286806867000045],[-122.6086888,47.28579050600007],[-122.60754346399993,47.284028484000025],[-122.60794552199997,47.28372631400003],[-122.60795282199993,47.28279377700005],[-122.606028515,47.28272073300007],[-122.60573790199996,47.28339285100003],[-122.60416229092704,47.28364078469459],[-122.6044774176537,47.28386953277567],[-122.60587605799995,47.28360527800003],[-122.60601332899992,47.284052872000075],[-122.60470646928472,47.284378492445406],[-122.60711328790055,47.28837063651543],[-122.60818472055222,47.288926757853446]]]},"properties":{"COUNTY":"Pierce","PRECCODE":26344,"PRECNAME":"26-344 Pierce county","PRECINCT":"Pierce 26344","DESCRIPTIO":"S. Gig Harbor Rural Farther Southwest (White Cloud)","OFFICE":"County Councilor District 7","JURISDICTION":"County Council","RACE":"Pierce County District 7 County Councilor District 7","Name_1":"Brenda Lykins","Party_1":"Democratic_1","Votes_1":"44","Name_2":"Mike Solan","Party_2":"Republican_1","Votes_2":"20","Name_3":"Chuck West","Party_3":"Independent_1","Votes_3":"6","Name_4":"Ann E. Jolie","Party_4":"Republican_2","Votes_4":"1","Name_5":null,"Party_5":null,"Votes_5":"0","Name_6":null,"Party_6":null,"Votes_6":"0","Name_7":null,"Party_7":null,"Votes_7":"0","Votes_total":"71","Pct_1":61.97,"Pct_2":28.17,"Pct_3":8.45,"Pct_4":1.41,"Pct_5":0,"Pct_6":0,"Pct_7":0,"Margin":33.8}},
{"type":"Feature","geometry":{"type":"Polygon","coordinates":[[[-122.61199824799995,47.30002156700004],[-122.61240731928078,47.29956264884409],[-122.61086062799995,47.29815982900005],[-122.6113833,47.2969971],[-122.60870705699995,47.29358324100007],[-122.60843895999992,47.29227990000004],[-122.608823,47.2913798],[-122.60766028847932,47.29068058405002],[-122.60649616699997,47.291790897000055],[-122.60390159999997,47.2872889],[-122.5944152,47.283569],[-122.58933596299995,47.27989899800008],[-122.58759134899995,47.280206400000054],[-122.58684667199996,47.28005753400003],[-122.5898976,47.2791994],[-122.59170892952756,47.274772273568516],[-122.59083733276071,47.27117530775143],[-122.58995020799995,47.27061369200004],[-122.59123589799995,47.27072479800006],[-122.59254094999993,47.269390352000066],[-122.595236926,47.26762266900005],[-122.59697142999994,47.267082395000045],[-122.598981,47.2641657],[-122.59595119999997,47.2609504],[-122.59313690299997,47.25967897000004],[-122.5913335,47.2584339],[-122.59066479499997,47.25749960100006],[-122.58934854899996,47.25634671300002],[-122.58924371499992,47.25630488700005],[-122.58859726399996,47.25656116000005],[-122.58743965322408,47.25515870167944],[-122.58711231269223,47.2550816274753],[-122.58673309899997,47.255424348000076],[-122.585571717,47.255504589000054],[-122.58587740099995,47.25752795900008],[-122.58472482599996,47.257414952000026],[-122.58334958799998,47.25741364100002],[-122.58330937399994,47.25742999800008],[-122.58320889299996,47.257602038000066],[-122.583221472,47.259241591000034],[-122.58321078299994,47.261694523000074],[-122.584452646,47.26170693200004],[-122.58469889999996,47.26200300800007],[-122.58465335299995,47.27328603500007],[-122.58430214099997,47.27436127900006],[-122.584429979,47.27436687800008],[-122.58485940799994,47.28023276600004],[-122.58667817899999,47.280495131000066],[-122.58932564199996,47.280657675000036],[-122.59020999899998,47.28265914900004],[-122.591661247,47.28405719100004],[-122.59206625499996,47.28425124100005],[-122.59231879599996,47.28432959000002],[-122.59480768099996,47.284995261000056],[-122.59951054599998,47.28611626900004],[-122.60240843799996,47.287812687000034],[-122.60364031599991,47.28870924100004],[-122.60582544899997,47.29101467000003],[-122.60666209199995,47.29288856600004],[-122.60669373999995,47.29317815700006],[-122.60668521699996,47.293884036000065],[-122.60686216399995,47.29491716300003],[-122.60704983299996,47.295411203000064],[-122.60732852299998,47.29589470200005],[-122.60956760799995,47.29867481200005],[-122.61006509299993,47.29907632300006],[-122.61081977099998,47.29956102200004],[-122.611915018,47.300146089000066],[-122.61199196699998,47.300067867000045],[-122.61199824799995,47.30002156700004]]]},"properties":{"COUNTY":"Pierce","PRECCODE":26345,"PRECNAME":"26-345 Pierce county","PRECINCT":"Pierce 26345","DESCRIPTIO":"S. Gig Harbor Rural Far Southwest (Point Fosdick, Magnolia Heights, East Wollochet Bay)","OFFICE":"County Councilor District 7","JURISDICTION":"County Council","RACE":"Pierce County District 7 County Councilor District 7","Name_1":"Brenda Lykins","Party_1":"Democratic_1","Votes_1":"218","Name_2":"Mike Solan","Party_2":"Republican_1","Votes_2":"197","Name_3":"Chuck West","Party_3":"Independent_1","Votes_3":"75","Name_4":"Ann E. Jolie","Party_4":"Republican_2","Votes_4":"5","Name_5":null,"Party_5":null,"Votes_5":"0","Name_6":null,"Party_6":null,"Votes_6":"0","Name_7":null,"Party_7":null,"Votes_7":"0","Votes_total":"495","Pct_1":44.04,"Pct_2":39.8,"Pct_3":15.15,"Pct_4":1.01,"Pct_5":0,"Pct_6":0,"Pct_7":0,"Margin":4.24}},
{"type":"Feature","geometry":{"type":"Polygon","coordinates":[[[-122.57625071599995,47.290770684000044],[-122.57789868799992,47.29073964300006],[-122.57924784999994,47.294411663000055],[-122.59013113299994,47.294402666000046],[-122.58987307499996,47.30234276100003],[-122.58983607099998,47.304902242000026],[-122.59500079599997,47.304644117000066],[-122.59661289299999,47.30400724800006],[-122.59801803,47.302603273000045],[-122.60035499299994,47.297473853000035],[-122.60404353499995,47.29705009600007],[-122.60595184599997,47.29579795100005],[-122.60674346999998,47.294444578000025],[-122.60668521699996,47.293884036000065],[-122.60669373999995,47.29317815700006],[-122.60666209199995,47.29288856600004],[-122.60582544899997,47.29101467000003],[-122.60364031599991,47.28870924100004],[-122.60240843799996,47.287812687000034],[-122.59951054599998,47.28611626900004],[-122.59480768099996,47.284995261000056],[-122.59231879599996,47.28432959000002],[-122.59206625499996,47.28425124100005],[-122.591661247,47.28405719100004],[-122.59020999899998,47.28265914900004],[-122.58932564199996,47.280657675000036],[-122.58667817899999,47.280495131000066],[-122.58485940799994,47.28023276600004],[-122.584429979,47.27436687800008],[-122.58348834599994,47.27435518100003],[-122.58113355999997,47.27470052900002],[-122.57750660599996,47.27612470500002],[-122.57323030699997,47.27621215800008],[-122.56778369199996,47.27731718800004],[-122.56327897599996,47.27712408000008],[-122.56329451799998,47.280927691000045],[-122.56723688599999,47.28129308700005],[-122.56943429199997,47.281151377000064],[-122.56939436099998,47.28395565500006],[-122.56541153299996,47.28397287100005],[-122.56524848599997,47.28547308000003],[-122.56465234199999,47.28580331900008],[-122.56330676299996,47.285844617000066],[-122.56332807599993,47.28698585600006],[-122.56339613099998,47.28705970800007],[-122.56358837999996,47.287102360000056],[-122.568595777,47.287144488000074],[-122.568641776,47.29054677600004],[-122.56972739299997,47.290780150000046],[-122.57625071599995,47.290770684000044]]]},"properties":{"COUNTY":"Pierce","PRECCODE":26346,"PRECNAME":"26-346 Pierce county","PRECINCT":"Pierce 26346","DESCRIPTIO":"S. Gig Harbor Rural South (Harbor Heights Elementary School, Wollochet Fire Station)","OFFICE":"County Councilor District 7","JURISDICTION":"County Council","RACE":"Pierce County District 7 County Councilor District 7","Name_1":"Brenda Lykins","Party_1":"Democratic_1","Votes_1":"195","Name_2":"Mike Solan","Party_2":"Republican_1","Votes_2":"193","Name_3":"Chuck West","Party_3":"Independent_1","Votes_3":"43","Name_4":"Ann E. Jolie","Party_4":"Republican_2","Votes_4":"11","Name_5":null,"Party_5":null,"Votes_5":"0","Name_6":null,"Party_6":null,"Votes_6":"0","Name_7":null,"Party_7":null,"Votes_7":"0","Votes_total":"442","Pct_1":44.12,"Pct_2":43.67,"Pct_3":9.73,"Pct_4":2.49,"Pct_5":0,"Pct_6":0,"Pct_7":0,"Margin":0.45}},
{"type":"Feature","geometry":{"type":"MultiPolygon","coordinates":[[[[-122.58934854899996,47.25634671300002],[-122.59066479499997,47.25749960100006],[-122.5899688,47.2557542],[-122.58743965322408,47.25515870167944],[-122.58859726399996,47.25656116000005],[-122.58924371499992,47.25630488700005],[-122.58934854899996,47.25634671300002]]],[[[-122.58711231269223,47.2550816274753],[-122.58486806482512,47.25465583061282],[-122.57603360974741,47.257692694771606],[-122.56624737092707,47.26439977233524],[-122.56287860199996,47.26862231500008],[-122.55689491799995,47.27359331200005],[-122.55896424099996,47.27526227200007],[-122.55893630699994,47.274483715000024],[-122.559217989,47.274725458000034],[-122.56067952099994,47.27693154200006],[-122.56043748999997,47.28585691100005],[-122.56102745099999,47.287737608000036],[-122.56248253799998,47.28963902700008],[-122.56989834099996,47.29801780800005],[-122.57480575199997,47.29800492000004],[-122.57489789299997,47.29077790700006],[-122.56972739299997,47.290780150000046],[-122.568641776,47.29054677600004],[-122.568595777,47.287144488000074],[-122.56358837999996,47.287102360000056],[-122.56339613099998,47.28705970800007],[-122.56332807599993,47.28698585600006],[-122.56330676299996,47.285844617000066],[-122.56465234199999,47.28580331900008],[-122.56524848599997,47.28547308000003],[-122.56541153299996,47.28397287100005],[-122.56939436099998,47.28395565500006],[-122.56943429199997,47.281151377000064],[-122.56723688599999,47.28129308700005],[-122.56329451799998,47.280927691000045],[-122.56327897599996,47.27712408000008],[-122.56778369199996,47.27731718800004],[-122.57323030699997,47.27621215800008],[-122.57750660599996,47.27612470500002],[-122.58113355999997,47.27470052900002],[-122.58348834599994,47.27435518100003],[-122.58430214099997,47.27436127900006],[-122.58465335299995,47.27328603500007],[-122.58469889999996,47.26200300800007],[-122.584452646,47.26170693200004],[-122.58321078299994,47.261694523000074],[-122.583221472,47.259241591000034],[-122.58320889299996,47.257602038000066],[-122.58330937399994,47.25742999800008],[-122.58334958799998,47.25741364100002],[-122.58472482599996,47.257414952000026],[-122.58587740099995,47.25752795900008],[-122.585571717,47.255504589000054],[-122.58673309899997,47.255424348000076],[-122.58711231269223,47.2550816274753]]]]},"properties":{"COUNTY":"Pierce","PRECCODE":26347,"PRECNAME":"26-347 Pierce county","PRECINCT":"Pierce 26347","DESCRIPTIO":"S. Gig Harbor Rural South (Tacoma Narrows Airport, The Narrows, Jahn Avenue)","OFFICE":"County Councilor District 7","JURISDICTION":"County Council","RACE":"Pierce County District 7 County Councilor District 7","Name_1":"Brenda Lykins","Party_1":"Democratic_1","Votes_1":"191","Name_2":"Mike Solan","Party_2":"Republican_1","Votes_2":"172","Name_3":"Chuck West","Party_3":"Independent_1","Votes_3":"54","Name_4":"Ann E. Jolie","Party_4":"Republican_2","Votes_4":"9","Name_5":null,"Party_5":null,"Votes_5":"0","Name_6":null,"Party_6":null,"Votes_6":"0","Name_7":null,"Party_7":null,"Votes_7":"0","Votes_total":"426","Pct_1":44.84,"Pct_2":40.38,"Pct_3":12.68,"Pct_4":2.11,"Pct_5":0,"Pct_6":0,"Pct_7":0,"Margin":4.46}},
{"type":"Feature","geometry":{"type":"Polygon","coordinates":[[[-122.57835612499997,47.31256439900005],[-122.57817842799994,47.31163764100006],[-122.57687281899996,47.31164682700006],[-122.57643834999999,47.311639333000066],[-122.57645937299996,47.310306490000066],[-122.57453783799997,47.31031124000003],[-122.574553252,47.30984966700003],[-122.572041395,47.30986065900004],[-122.57225581699998,47.30925171100006],[-122.57228011699998,47.30895911300007],[-122.57446212399995,47.30893962100004],[-122.57473459199997,47.30693625100008],[-122.57563468899997,47.305989154000024],[-122.57546078299997,47.30585675800006],[-122.57521636099995,47.30543367900003],[-122.57464921299999,47.30376355100003],[-122.57351383599998,47.30210948000007],[-122.56855445699992,47.296502950000054],[-122.56843814399996,47.29802407100004],[-122.56638765999998,47.29802507000005],[-122.56565142399997,47.29837028700007],[-122.56529828999999,47.297970902000024],[-122.56732208299994,47.29741231600008],[-122.56500419599993,47.29492527200005],[-122.560980402,47.294886745000035],[-122.56090433499999,47.295715854000036],[-122.55795605799996,47.29528071900006],[-122.558646652,47.29652780600002],[-122.56157193399997,47.29804529600005],[-122.55776656199997,47.29806938500007],[-122.55953209399996,47.29980516100005],[-122.56101029919759,47.30205201800138],[-122.56395810899994,47.30430300900007],[-122.56618377899999,47.30679747500005],[-122.57353866799997,47.31809050100003],[-122.57510116999998,47.31808125600003],[-122.575132436,47.31630868700006],[-122.57888480099997,47.316330555000036],[-122.57890572999995,47.31530372800006],[-122.57689173499996,47.31530825100003],[-122.576894031,47.314821848000065],[-122.57691572299994,47.31482176000003],[-122.57808654399999,47.31481748600004],[-122.57809566799995,47.31440873900004],[-122.57852000799994,47.314407139000025],[-122.57853628499996,47.31349421100003],[-122.57894263099993,47.313492576000044],[-122.57895358799998,47.31285040400007],[-122.57835014699997,47.312853433000036],[-122.57835612499997,47.31256439900005]]]},"properties":{"COUNTY":"Pierce","PRECCODE":26348,"PRECNAME":"26-348 Pierce county","PRECINCT":"Pierce 26348","DESCRIPTIO":"S. Gig Harbor Rural East (Reid Drive, Shore Acres)","OFFICE":"County Councilor District 7","JURISDICTION":"County Council","RACE":"Pierce County District 7 County Councilor District 7","Name_1":"Brenda Lykins","Party_1":"Democratic_1","Votes_1":"326","Name_2":"Mike Solan","Party_2":"Republican_1","Votes_2":"203","Name_3":"Chuck West","Party_3":"Independent_1","Votes_3":"71","Name_4":"Ann E. Jolie","Party_4":"Republican_2","Votes_4":"26","Name_5":null,"Party_5":null,"Votes_5":"0","Name_6":null,"Party_6":null,"Votes_6":"0","Name_7":null,"Party_7":null,"Votes_7":"0","Votes_total":"626","Pct_1":52.08,"Pct_2":32.43,"Pct_3":11.34,"Pct_4":4.15,"Pct_5":0,"Pct_6":0,"Pct_7":0,"Margin":19.65}},
{"type":"Feature","geometry":{"type":"Polygon","coordinates":[[[-122.55776656199997,47.29806938500007],[-122.56157193399997,47.29804529600005],[-122.558646652,47.29652780600002],[-122.55795605799996,47.29528071900006],[-122.56090433499999,47.295715854000036],[-122.560980402,47.294886745000035],[-122.56500419599993,47.29492527200005],[-122.56732208299994,47.29741231600008],[-122.56529828999999,47.297970902000024],[-122.56565142399997,47.29837028700007],[-122.56638765999998,47.29802507000005],[-122.56843814399996,47.29802407100004],[-122.56855445699992,47.296502950000054],[-122.56248253799998,47.28963902700008],[-122.56102745099999,47.287737608000036],[-122.56043748999997,47.28585691100005],[-122.56067952099994,47.27693154200006],[-122.559217989,47.274725458000034],[-122.55893630699994,47.274483715000024],[-122.55896424099996,47.27526227200007],[-122.55689491799995,47.27359331200005],[-122.54944487475862,47.28296941873953],[-122.548461,47.2853864],[-122.54934328660687,47.28874231893772],[-122.55027302719985,47.29029439477654],[-122.55594168132492,47.29663506696034],[-122.55776656199997,47.29806938500007]]]},"properties":{"COUNTY":"Pierce","PRECCODE":26349,"PRECNAME":"26-349 Pierce county","PRECINCT":"Pierce 26349","DESCRIPTIO":"S. Gig Harbor Rural Southeast (Point Evans, Narrows View Condos)","OFFICE":"County Councilor District 7","JURISDICTION":"County Council","RACE":"Pierce County District 7 County Councilor District 7","Name_1":"Brenda Lykins","Party_1":"Democratic_1","Votes_1":"294","Name_2":"Mike Solan","Party_2":"Republican_1","Votes_2":"195","Name_3":"Chuck West","Party_3":"Independent_1","Votes_3":"56","Name_4":"Ann E. Jolie","Party_4":"Republican_2","Votes_4":"9","Name_5":null,"Party_5":null,"Votes_5":"0","Name_6":null,"Party_6":null,"Votes_6":"0","Name_7":null,"Party_7":null,"Votes_7":"0","Votes_total":"554","Pct_1":53.07,"Pct_2":35.2,"Pct_3":10.11,"Pct_4":1.62,"Pct_5":0,"Pct_6":0,"Pct_7":0,"Margin":17.87}},
{"type":"Feature","geometry":{"type":"MultiPolygon","coordinates":[[[[-122.62117037799999,47.24509635900005],[-122.62116864099995,47.24553875500004],[-122.62555434399995,47.24541695200003],[-122.63003630999998,47.24604793900004],[-122.63707417499995,47.249846846000025],[-122.63718975399996,47.25528363700004],[-122.63902314699997,47.257787413000074],[-122.63749377599999,47.25779507600003],[-122.63732321699996,47.26196544500004],[-122.63498938499997,47.26507841500006],[-122.63454443799996,47.26509423800007],[-122.63427940310466,47.26624485301532],[-122.63440096700785,47.26663795474658],[-122.6387573,47.2617536],[-122.63977973419338,47.26182613061419],[-122.64818909999997,47.2661434],[-122.64976398461326,47.2685991499949],[-122.64859989899998,47.26902044200005],[-122.64714127460702,47.2684561600991],[-122.64704559088214,47.27119809589388],[-122.64832705099997,47.271411011000055],[-122.65033569999999,47.2692444],[-122.65118995825736,47.26924845090305],[-122.65122979899996,47.26888757700005],[-122.65216302899995,47.269269027000064],[-122.65204442999999,47.27201937500006],[-122.6500430683178,47.27529535206264],[-122.652774171,47.27243167100005],[-122.65378525799996,47.272834509000056],[-122.65447316019383,47.27387643504274],[-122.65731154699995,47.27403521900004],[-122.6605008,47.2760376],[-122.66493080164581,47.276830335293816],[-122.665996738,47.27730505500005],[-122.66585891434401,47.27782389071781],[-122.66784846087702,47.27661339380337],[-122.66946580000001,47.2742854],[-122.66863280599992,47.27117598500006],[-122.66772645101057,47.27014557772206],[-122.66003459199999,47.265543348000044],[-122.65648609999998,47.2628498],[-122.65274405199995,47.25872054600006],[-122.64553039799992,47.25361975900006],[-122.6416702,47.2485155],[-122.63417408799994,47.24397989200003],[-122.63183639999998,47.2394681],[-122.625794102,47.235560151000065],[-122.62369737299997,47.23328022200007],[-122.62290950999994,47.23354910900007],[-122.62253539499993,47.23549753100007],[-122.62127945099995,47.23547685900007],[-122.62128561299996,47.23638226400004],[-122.621243426,47.24339336600007],[-122.62122098599994,47.24427515900003],[-122.62117037799999,47.24509635900005]]],[[[-122.64286280999995,47.26846229200003],[-122.64302237799994,47.26625424500003],[-122.64163222399995,47.26526237300004],[-122.64097974899995,47.268373687000064],[-122.64180669925173,47.26981442762926],[-122.64273062099996,47.26905007300007],[-122.64286280999995,47.26846229200003]]]]},"properties":{"COUNTY":"Pierce","PRECCODE":26350,"PRECNAME":"26-350 Pierce county","PRECINCT":"Pierce 26350","DESCRIPTIO":"Fox Island West (Fox Island Bridge, United Church of Christ, Leschi Way)","OFFICE":"County Councilor District 7","JURISDICTION":"County Council","RACE":"Pierce County District 7 County Councilor District 7","Name_1":"Brenda Lykins","Party_1":"Democratic_1","Votes_1":"279","Name_2":"Mike Solan","Party_2":"Republican_1","Votes_2":"258","Name_3":"Chuck West","Party_3":"Independent_1","Votes_3":"85","Name_4":"Ann E. Jolie","Party_4":"Republican_2","Votes_4":"15","Name_5":null,"Party_5":null,"Votes_5":"0","Name_6":null,"Party_6":null,"Votes_6":"0","Name_7":null,"Party_7":null,"Votes_7":"0","Votes_total":"637","Pct_1":43.8,"Pct_2":40.5,"Pct_3":13.34,"Pct_4":2.35,"Pct_5":0,"Pct_6":0,"Pct_7":0,"Margin":3.3}},
{"type":"Feature","geometry":{"type":"Polygon","coordinates":[[[-122.60218397499995,47.24127398400003],[-122.60207151599997,47.24058929500006],[-122.601445018941,47.240702301069255],[-122.60330510347583,47.24299719664479],[-122.60402388599998,47.243379720000064],[-122.60366047658592,47.2436724629985],[-122.60446755330167,47.245978367835534],[-122.60820686296661,47.250417913131166],[-122.61192213799994,47.25126128200002],[-122.61406190169966,47.25375859719168],[-122.61583989899998,47.25449430500004],[-122.61621144036302,47.255054552470945],[-122.62329685619329,47.25907771281729],[-122.62883807599994,47.25987581900006],[-122.62767984107234,47.26493917173545],[-122.62920893856253,47.26741183975014],[-122.63152049999998,47.2668648],[-122.63414302399998,47.263866043000064],[-122.63392346592136,47.26509384058431],[-122.63427940310466,47.26624485301532],[-122.63454443799996,47.26509423800007],[-122.63498938499997,47.26507841500006],[-122.63732321699996,47.26196544500004],[-122.63749377599999,47.25779507600003],[-122.63902314699997,47.257787413000074],[-122.63718975399996,47.25528363700004],[-122.63707417499995,47.249846846000025],[-122.63003630999998,47.24604793900004],[-122.62555434399995,47.24541695200003],[-122.62116864099995,47.24553875500004],[-122.62117037799999,47.24509635900005],[-122.62123491099999,47.24383031900004],[-122.62124923299994,47.24271859300007],[-122.61882399499996,47.24273828400004],[-122.617931882,47.24256755500005],[-122.61591244399993,47.24137787500007],[-122.61263976,47.23857383200005],[-122.60540878799998,47.23556729000006],[-122.60523616299997,47.24278965700005],[-122.60432793499997,47.24269059000005],[-122.60218397499995,47.24127398400003]]]},"properties":{"COUNTY":"Pierce","PRECCODE":26351,"PRECNAME":"26-351 Pierce county","PRECINCT":"Pierce 26351","DESCRIPTIO":"Fox Island North (Fox Drive, Nichols Community Center, Mika Drive)","OFFICE":"County Councilor District 7","JURISDICTION":"County Council","RACE":"Pierce County District 7 County Councilor District 7","Name_1":"Brenda Lykins","Party_1":"Democratic_1","Votes_1":"281","Name_2":"Mike Solan","Party_2":"Republican_1","Votes_2":"233","Name_3":"Chuck West","Party_3":"Independent_1","Votes_3":"63","Name_4":"Ann E. Jolie","Party_4":"Republican_2","Votes_4":"10","Name_5":null,"Party_5":null,"Votes_5":"0","Name_6":null,"Party_6":null,"Votes_6":"0","Name_7":null,"Party_7":null,"Votes_7":"0","Votes_total":"587","Pct_1":47.87,"Pct_2":39.69,"Pct_3":10.73,"Pct_4":1.7,"Pct_5":0,"Pct_6":0,"Pct_7":0,"Margin":8.18}},
{"type":"Feature","geometry":{"type":"Polygon","coordinates":[[[-122.62290950999994,47.23354910900007],[-122.623710169,47.23323725700004],[-122.62020200499995,47.227912205000045],[-122.6137523,47.221439],[-122.6106751,47.219502],[-122.60763890000001,47.2185844],[-122.60306199001937,47.21852411830772],[-122.5982981,47.2232092],[-122.59063822447592,47.22799657822984],[-122.58934984339848,47.236589124069134],[-122.59566450871569,47.23930063887344],[-122.59599729999998,47.23921385400007],[-122.59548915699995,47.23835912000004],[-122.59579138399998,47.23662329000007],[-122.59646418194666,47.23894389414875],[-122.59618714597791,47.23927245289617],[-122.598376872724,47.241581963750754],[-122.59941407902939,47.242076992091434],[-122.59991523436777,47.24199495160058],[-122.60011954952043,47.24155580443304],[-122.59989108399996,47.240393950000055],[-122.60045596399996,47.23820450900008],[-122.60249961499996,47.23981179900005],[-122.60271511099997,47.24115726700006],[-122.60218397499995,47.24127398400003],[-122.60432793499997,47.24269059000005],[-122.60523616299997,47.24278965700005],[-122.60540878799998,47.23556729000006],[-122.61263976,47.23857383200005],[-122.61591244399993,47.24137787500007],[-122.617931882,47.24256755500005],[-122.61882399499996,47.24273828400004],[-122.62124923299994,47.24271859300007],[-122.62128561299996,47.23638226400004],[-122.62127945099995,47.23547685900007],[-122.62253539499993,47.23549753100007],[-122.62290950999994,47.23354910900007]]]},"properties":{"COUNTY":"Pierce","PRECCODE":26352,"PRECNAME":"26-352 Pierce county","PRECINCT":"Pierce 26352","DESCRIPTIO":"Fox Island South (Fox Island Historical Museum, Gibson Point, Fox Island Fishing Pier)","OFFICE":"County Councilor District 7","JURISDICTION":"County Council","RACE":"Pierce County District 7 County Councilor District 7","Name_1":"Brenda Lykins","Party_1":"Democratic_1","Votes_1":"283","Name_2":"Mike Solan","Party_2":"Republican_1","Votes_2":"221","Name_3":"Chuck West","Party_3":"Independent_1","Votes_3":"72","Name_4":"Ann E. Jolie","Party_4":"Republican_2","Votes_4":"15","Name_5":null,"Party_5":null,"Votes_5":"0","Name_6":null,"Party_6":null,"Votes_6":"0","Name_7":null,"Party_7":null,"Votes_7":"0","Votes_total":"591","Pct_1":47.88,"Pct_2":37.39,"Pct_3":12.18,"Pct_4":2.54,"Pct_5":0,"Pct_6":0,"Pct_7":0,"Margin":10.49}},
{"type":"Feature","geometry":{"type":"Polygon","coordinates":[[[-122.79094563399998,47.28656201900003],[-122.79101479499995,47.28925326500007],[-122.79444395726605,47.290158929168754],[-122.7968281590604,47.287444218533544],[-122.80113159317652,47.285060262031095],[-122.806442993093,47.28152699925485],[-122.807682409,47.27974544700003],[-122.81095652340807,47.27698605504092],[-122.81124149099998,47.27657239400003],[-122.81193391635873,47.274720489226226],[-122.81198220991108,47.27431251517363],[-122.81177371827472,47.2750031591506],[-122.81138572599998,47.27495348000008],[-122.81121026399995,47.274248046000025],[-122.81165345099997,47.27399273500003],[-122.81060387924889,47.274100304647924],[-122.81074865060577,47.27369736215592],[-122.81018854899997,47.27326257900006],[-122.80915677699993,47.27288453400007],[-122.80827975699998,47.273013176000056],[-122.807678389,47.27264711500004],[-122.81016218506215,47.27280624052216],[-122.81049293899997,47.27192509200006],[-122.81279838199997,47.26592810500006],[-122.81303477799996,47.265172344000064],[-122.81269732599998,47.26452346600007],[-122.80971631799994,47.26227477400005],[-122.80889209099996,47.26179911600007],[-122.80824555699994,47.26156610700008],[-122.80749090199998,47.26152181600002],[-122.80698227899995,47.26155945800008],[-122.80646637299995,47.261544799000035],[-122.80587335999995,47.26138123000004],[-122.80535979299995,47.26130373600005],[-122.80499268299994,47.26128441000003],[-122.801155328,47.26118055900008],[-122.79884448799999,47.26123530300004],[-122.79751409599997,47.261474239000044],[-122.79546167899997,47.26215115200006],[-122.79492629599999,47.26227182900004],[-122.79358841399994,47.26246942400007],[-122.79328430799995,47.26256398300006],[-122.787811203,47.264831066000056],[-122.77788030599996,47.26480669000005],[-122.77657938299993,47.26558110000008],[-122.77210152599996,47.26667492900003],[-122.77027086084863,47.26771267917864],[-122.7712155391826,47.26776914057944],[-122.77138937499993,47.267330156000064],[-122.77209220399999,47.267160036000064],[-122.77141717299999,47.26744236600007],[-122.77130820799998,47.26852485700004],[-122.77127702299997,47.267962184000055],[-122.77001389899996,47.268392817000056],[-122.76896026764216,47.26834001645212],[-122.76681014699994,47.26981728100002],[-122.76122619643056,47.273932796975664],[-122.75765840099993,47.277566440000044],[-122.75370718684003,47.27982876120354],[-122.75301879270964,47.28241358801462],[-122.75381168993738,47.28677583573979],[-122.75325048808779,47.2896967952728],[-122.74647568808781,47.29876677701962],[-122.743513,47.3039334],[-122.74356322999992,47.30445786200004],[-122.74447285199993,47.30548023600005],[-122.74737048299993,47.30495383500004],[-122.74764461199996,47.305515247000066],[-122.74829922699998,47.30565219700002],[-122.75422287199996,47.30571755500005],[-122.75466397799994,47.30410824200004],[-122.75490144999998,47.303171563000035],[-122.75500772799994,47.30282032000008],[-122.75530742599994,47.302107634000045],[-122.75556100399997,47.30165418200005],[-122.75596366999996,47.30107393900004],[-122.75624702399995,47.30073337300007],[-122.75685354199997,47.30010554900008],[-122.75799991899996,47.29921739800006],[-122.76418871799996,47.29517853700003],[-122.77328848799998,47.29145376500003],[-122.77851880899998,47.28989138800005],[-122.78111246299996,47.28816889800004],[-122.78147165599992,47.287766677000036],[-122.78200428999997,47.286526497000075],[-122.78233637699998,47.28616312300005],[-122.78413987699994,47.285952107000064],[-122.79090571099998,47.28650970800004],[-122.79094563399998,47.28656201900003]]]},"properties":{"COUNTY":"Pierce","PRECCODE":26353,"PRECNAME":"26-353 Pierce county","PRECINCT":"Pierce 26353","DESCRIPTIO":"S. Key Peninsula North-Center (Home, Jackson Lake)","OFFICE":"County Councilor District 7","JURISDICTION":"County Council","RACE":"Pierce County District 7 County Councilor District 7","Name_1":"Brenda Lykins","Party_1":"Democratic_1","Votes_1":"172","Name_2":"Chuck West","Party_2":"Independent_1","Votes_2":"114","Name_3":"Mike Solan","Party_3":"Republican_1","Votes_3":"104","Name_4":"Ann E. Jolie","Party_4":"Republican_2","Votes_4":"6","Name_5":null,"Party_5":null,"Votes_5":"0","Name_6":null,"Party_6":null,"Votes_6":"0","Name_7":null,"Party_7":null,"Votes_7":"0","Votes_total":"396","Pct_1":43.43,"Pct_2":28.79,"Pct_3":26.26,"Pct_4":1.52,"Pct_5":0,"Pct_6":0,"Pct_7":0,"Margin":14.64}},
{"type":"Feature","geometry":{"type":"Polygon","coordinates":[[[-122.758774554719,47.2133712828098],[-122.75910018399995,47.21235632600008],[-122.76347095799994,47.21250384200005],[-122.76802737499997,47.20993832100003],[-122.80508766499997,47.21013824900006],[-122.80413402892123,47.207955052689],[-122.80106769699995,47.20482478200006],[-122.79953726999996,47.202250546000066],[-122.79437566999997,47.195544134000045],[-122.78958396632267,47.187955604618395],[-122.7844945109383,47.185535364062034],[-122.78121009999997,47.1853328],[-122.77737326926649,47.186403475150364],[-122.77800603299994,47.186594],[-122.77762852099993,47.18688943500007],[-122.77713479299993,47.18663172700007],[-122.77525587162135,47.18744829929527],[-122.77346976379293,47.1875022601652],[-122.7729322100547,47.187642734479574],[-122.77308315199998,47.187859306000064],[-122.77174379114834,47.18799389727918],[-122.77061907999993,47.189454675000036],[-122.76809674399998,47.18935604400008],[-122.77056824699997,47.18906380000004],[-122.77062691199997,47.188047435000044],[-122.771964863,47.186539880000055],[-122.77455994199995,47.186133623000046],[-122.77500397099998,47.18476766500004],[-122.77530612499999,47.18449215300006],[-122.77568670160686,47.184773114243825],[-122.77651809739726,47.18367379626776],[-122.77683989075705,47.18170374575696],[-122.77541022719042,47.17813057562243],[-122.77360843499997,47.17659910700007],[-122.77299189699994,47.17511498900006],[-122.77203213699991,47.17502687700005],[-122.77155334649544,47.17429577929381],[-122.77054222199997,47.17389590400006],[-122.77171724066152,47.17380892463084],[-122.77204337999993,47.173438531000045],[-122.77250917394944,47.17412097412723],[-122.77368245153015,47.174385636258606],[-122.77418536019118,47.17335045674613],[-122.773356,47.1707419],[-122.77297070031172,47.170362847191605],[-122.77346215999994,47.17142721700003],[-122.77171621899998,47.16985727500003],[-122.77204046999995,47.16947993000008],[-122.7700879,47.1675267],[-122.76594189999999,47.1670981],[-122.76168133128697,47.16786715635561],[-122.75502180661131,47.1718558737667],[-122.7531934795386,47.175579560544065],[-122.74783098499992,47.17919443200003],[-122.74873330699997,47.17883101700005],[-122.74953380299995,47.17892628800006],[-122.74902077099993,47.17852124700004],[-122.74950986299997,47.17806563700003],[-122.75053826899996,47.17936395200007],[-122.74862188023906,47.1870008199307],[-122.74700543386162,47.19111082120619],[-122.74149256399994,47.19721217200003],[-122.7401139,47.2001769],[-122.74195238599998,47.19912578800006],[-122.74377836899257,47.198697486188834],[-122.74516704099995,47.19878886600002],[-122.74493015499996,47.19804467300003],[-122.74769362939448,47.19477047313601],[-122.74777930199997,47.19189324800004],[-122.74890098917075,47.191862768660116],[-122.74867779199998,47.19277971400004],[-122.74821253161781,47.19289833284561],[-122.74894255636478,47.19392293495439],[-122.74947149599997,47.194064386000036],[-122.74892542599999,47.194790883000046],[-122.75087901799995,47.19485986000006],[-122.74877625799998,47.19553146700008],[-122.74916533199996,47.19692562600005],[-122.74834806799996,47.197081397000034],[-122.75087911936308,47.199313586774124],[-122.75065232345275,47.20228551844515],[-122.75242847569505,47.20811385268065],[-122.75421472984206,47.20836288442836],[-122.75790334699997,47.206059197000066],[-122.75677601772162,47.20734828591923],[-122.75612483757774,47.2089941753049],[-122.758774554719,47.2133712828098]]]},"properties":{"COUNTY":"Pierce","PRECCODE":26354,"PRECNAME":"26-354 Pierce county","PRECINCT":"Pierce 26354","DESCRIPTIO":"S. Key Peninsula Far South (Longbranch South, Taylor Bay)","OFFICE":"County Councilor District 7","JURISDICTION":"County Council","RACE":"Pierce County District 7 County Councilor District 7","Name_1":"Brenda Lykins","Party_1":"Democratic_1","Votes_1":"144","Name_2":"Mike Solan","Party_2":"Republican_1","Votes_2":"102","Name_3":"Chuck West","Party_3":"Independent_1","Votes_3":"70","Name_4":"Ann E. Jolie","Party_4":"Republican_2","Votes_4":"6","Name_5":null,"Party_5":null,"Votes_5":"0","Name_6":null,"Party_6":null,"Votes_6":"0","Name_7":null,"Party_7":null,"Votes_7":"0","Votes_total":"322","Pct_1":44.72,"Pct_2":31.68,"Pct_3":21.74,"Pct_4":1.86,"Pct_5":0,"Pct_6":0,"Pct_7":0,"Margin":13.04}},
{"type":"Feature","geometry":{"type":"Polygon","coordinates":[[[-122.78882407099994,47.23556924600006],[-122.78540487699996,47.242071839000054],[-122.78462636599993,47.242801213000064],[-122.78787346799997,47.24203430700003],[-122.79073827999997,47.240123296000036],[-122.79067072499998,47.24257688400008],[-122.82980027341546,47.24271433190366],[-122.82657048999997,47.23924182000007],[-122.82561959999998,47.236309],[-122.8234081,47.2345339],[-122.82247020000001,47.2328822],[-122.82255887899998,47.231887304000054],[-122.82139876999997,47.230844475000026],[-122.82045377299995,47.231254773000046],[-122.82042372599994,47.23019388500006],[-122.82083786150476,47.23008894526376],[-122.82202973892639,47.231171565969184],[-122.82244761983759,47.23075209325243],[-122.823031804,47.23173296400005],[-122.822476,47.2307433],[-122.81820629999999,47.2283173],[-122.81042082799996,47.226004886000055],[-122.80896297099997,47.224107581000055],[-122.806144321,47.222191793000036],[-122.80609788799995,47.22251695200003],[-122.80578918699996,47.222078511000056],[-122.805680092,47.22251498900005],[-122.80516914399998,47.222547109000054],[-122.805006849,47.222027223000055],[-122.80176660199997,47.22449461100007],[-122.80134959599998,47.224597888000055],[-122.80116959299995,47.22461224600005],[-122.79278334499999,47.22456713300004],[-122.79080314699996,47.22451711500002],[-122.79079324699993,47.22812390100007],[-122.789636548,47.232508911000025],[-122.78882407099994,47.23556924600006]]]},"properties":{"COUNTY":"Pierce","PRECCODE":26355,"PRECNAME":"26-355 Pierce county","PRECINCT":"Pierce 26355","DESCRIPTIO":"S. Key Peninsula Southwest (Palmer Lake, Joemma Beach)","OFFICE":"County Councilor District 7","JURISDICTION":"County Council","RACE":"Pierce County District 7 County Councilor District 7","Name_1":"Brenda Lykins","Party_1":"Democratic_1","Votes_1":"165","Name_2":"Mike Solan","Party_2":"Republican_1","Votes_2":"92","Name_3":"Chuck West","Party_3":"Independent_1","Votes_3":"75","Name_4":"Ann E. Jolie","Party_4":"Republican_2","Votes_4":"9","Name_5":null,"Party_5":null,"Votes_5":"0","Name_6":null,"Party_6":null,"Votes_6":"0","Name_7":null,"Party_7":null,"Votes_7":"0","Votes_total":"341","Pct_1":48.39,"Pct_2":26.98,"Pct_3":21.99,"Pct_4":2.64,"Pct_5":0,"Pct_6":0,"Pct_7":0,"Margin":21.41}},
{"type":"Feature","geometry":{"type":"Polygon","coordinates":[[[-122.59625122299995,47.32323626500005],[-122.59623583199998,47.32329345100003],[-122.59615111099997,47.32503353900006],[-122.60014945299997,47.32488266000007],[-122.60547769399994,47.32466875300002],[-122.60552669499998,47.322850507000055],[-122.61017671499998,47.32267971100004],[-122.61033496299993,47.32247108400003],[-122.61036615499994,47.32236385800007],[-122.61053195599997,47.32132453500003],[-122.61059373499997,47.315430149000065],[-122.60963264099996,47.31543450200007],[-122.60808969,47.31549624100007],[-122.603084267,47.31568959300005],[-122.60304714099996,47.31748766100003],[-122.60036873499995,47.31758987700004],[-122.60021723599998,47.32305535800003],[-122.59679500699995,47.32320432900008],[-122.59625122299995,47.32323626500005]]]},"properties":{"COUNTY":"Pierce","PRECCODE":26356,"PRECNAME":"26-356 Pierce county","PRECINCT":"Pierce 26356","DESCRIPTIO":"S. Gig Harbor Rural Near Northwest (Cedarwood Lane)","OFFICE":"County Councilor District 7","JURISDICTION":"County Council","RACE":"Pierce County District 7 County Councilor District 7","Name_1":"Brenda Lykins","Party_1":"Democratic_1","Votes_1":"52","Name_2":"Mike Solan","Party_2":"Republican_1","Votes_2":"46","Name_3":"Chuck West","Party_3":"Independent_1","Votes_3":"15","Name_4":null,"Party_4":null,"Votes_4":"0","Name_5":null,"Party_5":null,"Votes_5":"0","Name_6":null,"Party_6":null,"Votes_6":"0","Name_7":null,"Party_7":null,"Votes_7":"0","Votes_total":"113","Pct_1":46.02,"Pct_2":40.71,"Pct_3":13.27,"Pct_4":0,"Pct_5":0,"Pct_6":0,"Pct_7":0,"Margin":5.31}},
{"type":"Feature","geometry":{"type":"Polygon","coordinates":[[[-122.625048387,47.40353701200007],[-122.62723278001414,47.403425573948006],[-122.62848911799993,47.40254375800003],[-122.62996579353697,47.40221008914644],[-122.62936451399999,47.401002393000056],[-122.63053953168551,47.39987675110611],[-122.62945240899994,47.39975319400002],[-122.62849653499993,47.39856857100005],[-122.62886284799998,47.39757414600007],[-122.630942293,47.396994312000054],[-122.62975418199994,47.39634847100006],[-122.63031479899996,47.39650611300004],[-122.63049433506663,47.396279649395964],[-122.62921848799998,47.39505220600006],[-122.630066,47.3912619],[-122.62886269999997,47.3876588],[-122.62753862825409,47.38608534326013],[-122.626779533,47.38635749800005],[-122.62698846099993,47.38739034000009],[-122.62625906399995,47.387913036000036],[-122.62623560299994,47.38595608400004],[-122.626927342,47.385453822000045],[-122.62802292126013,47.38530140573286],[-122.62864098299997,47.385541774000046],[-122.62661040499997,47.38350265500003],[-122.625530192,47.38164131800005],[-122.62525325245807,47.37884297519976],[-122.62383818199999,47.37375982300005],[-122.62232968899998,47.37371956100003],[-122.62051205399996,47.37425317700007],[-122.617510435,47.37423702000006],[-122.61562538299994,47.37915368500006],[-122.61570089399999,47.387015665000035],[-122.61598475599996,47.38834677400007],[-122.61660761999998,47.39019700200004],[-122.61877100899993,47.39422738200005],[-122.62343707499998,47.39987959000006],[-122.625048387,47.40353701200007]]]},"properties":{"COUNTY":"Pierce","PRECCODE":26357,"PRECNAME":"26-357 Pierce county","PRECINCT":"Pierce 26357","DESCRIPTIO":"N. Gig Harbor Rural Far Northwest (Purdy Village, Peninsula High School, Cedar Mobile Manor MHP)","OFFICE":"County Councilor District 7","JURISDICTION":"County Council","RACE":"Pierce County District 7 County Councilor District 7","Name_1":"Brenda Lykins","Party_1":"Democratic_1","Votes_1":"74","Name_2":"Mike Solan","Party_2":"Republican_1","Votes_2":"74","Name_3":"Chuck West","Party_3":"Independent_1","Votes_3":"25","Name_4":"Ann E. Jolie","Party_4":"Republican_2","Votes_4":"14","Name_5":null,"Party_5":null,"Votes_5":"0","Name_6":null,"Party_6":null,"Votes_6":"0","Name_7":null,"Party_7":null,"Votes_7":"0","Votes_total":"187","Pct_1":39.57,"Pct_2":39.57,"Pct_3":13.37,"Pct_4":7.49,"Pct_5":0,"Pct_6":0,"Pct_7":0,"Margin":0}},
{"type":"Feature","geometry":{"type":"MultiPolygon","coordinates":[[[[-122.57853628499996,47.31349421100003],[-122.57852958599995,47.31404037200008],[-122.57893129599995,47.31403969700005],[-122.57894263099993,47.313492576000044],[-122.57853628499996,47.31349421100003]]],[[[-122.57891499299996,47.31481445700007],[-122.57892301899994,47.31440564600006],[-122.57809566799995,47.31440873900004],[-122.57808654399999,47.31481748600004],[-122.57891499299996,47.31481445700007]]],[[[-122.59494045599996,47.325079192000025],[-122.59615111099997,47.32503353900006],[-122.59623583199998,47.32329345100003],[-122.59625122299995,47.32323626500005],[-122.59491840799997,47.32331009800003],[-122.59494045599996,47.325079192000025]]],[[[-122.58015709599998,47.346035831000044],[-122.57918814199996,47.34603562000006],[-122.57918419399998,47.34549591000007],[-122.57866030999996,47.34549764500009],[-122.57865622999996,47.34632675200003],[-122.58015761499996,47.346321592000045],[-122.58015709599998,47.346035831000044]]],[[[-122.61298391099996,47.36599492600005],[-122.613465004,47.36723941500003],[-122.61539572799995,47.36724642300003],[-122.61542762299997,47.36601667300004],[-122.61298391099996,47.36599492600005]]]]},"properties":{"COUNTY":"Pierce","PRECCODE":26358,"PRECNAME":"26-358 Gig Harbor","PRECINCT":"Pierce 26358","DESCRIPTIO":"Gig Harbor Far Southwest (Heritage)","OFFICE":"County Councilor District 7","JURISDICTION":"County Council","RACE":"Pierce County District 7 County Councilor District 7","Name_1":"Mike Solan","Party_1":"Republican_1","Votes_1":"8","Name_2":"Brenda Lykins","Party_2":"Democratic_1","Votes_2":"5","Name_3":"Chuck West","Party_3":"Independent_1","Votes_3":"2","Name_4":"Ann E. Jolie","Party_4":"Republican_2","Votes_4":"1","Name_5":null,"Party_5":null,"Votes_5":"0","Name_6":null,"Party_6":null,"Votes_6":"0","Name_7":null,"Party_7":null,"Votes_7":"0","Votes_total":"16","Pct_1":50,"Pct_2":31.25,"Pct_3":12.5,"Pct_4":6.25,"Pct_5":0,"Pct_6":0,"Pct_7":0,"Margin":18.75}},
{"type":"Feature","geometry":{"type":"Polygon","coordinates":[[[-122.83967874499994,47.26030158200007],[-122.8401862,47.2574036],[-122.8366149,47.2566319],[-122.83430879999999,47.2575586],[-122.83250146902768,47.262346510933554],[-122.82645345580482,47.27030871897788],[-122.83112570702129,47.27122960187599],[-122.83200533599997,47.270988843000055],[-122.832440941848,47.270249854958614],[-122.83219098053198,47.271096850965584],[-122.83152341236442,47.27152661954153],[-122.83239855099536,47.272072135166525],[-122.836191392,47.26897080100007],[-122.8384715546242,47.267994284542034],[-122.83916944899994,47.26733082800007],[-122.84012625131564,47.26725135526974],[-122.8404413,47.2645964],[-122.83967874499994,47.26030158200007]]]},"properties":{"COUNTY":"Pierce","PRECCODE":26359,"PRECNAME":"26-359 Pierce county","PRECINCT":"Pierce 26359","DESCRIPTIO":"Herron Island","OFFICE":"County Councilor District 7","JURISDICTION":"County Council","RACE":"Pierce County District 7 County Councilor District 7","Name_1":"Brenda Lykins","Party_1":"Democratic_1","Votes_1":"27","Name_2":"Mike Solan","Party_2":"Republican_1","Votes_2":"13","Name_3":"Chuck West","Party_3":"Independent_1","Votes_3":"13","Name_4":"Ann E. Jolie","Party_4":"Republican_2","Votes_4":"3","Name_5":null,"Party_5":null,"Votes_5":"0","Name_6":null,"Party_6":null,"Votes_6":"0","Name_7":null,"Party_7":null,"Votes_7":"0","Votes_total":"56","Pct_1":48.21,"Pct_2":23.21,"Pct_3":23.21,"Pct_4":5.36,"Pct_5":0,"Pct_6":0,"Pct_7":0,"Margin":25}},
{"type":"Feature","geometry":{"type":"Polygon","coordinates":[[[-122.61042777899996,47.35055436400007],[-122.61021102899997,47.350065390000054],[-122.609712195,47.350173686000055],[-122.60959200899995,47.34992737000005],[-122.61018246699997,47.34981038800003],[-122.61005353699993,47.34951936300007],[-122.60689560899996,47.34951029600006],[-122.60830921299998,47.35210472400007],[-122.60928634299995,47.35297815200005],[-122.61041073699998,47.35374111200007],[-122.61044029899995,47.35320671300007],[-122.61042777899996,47.35055436400007]]]},"properties":{"COUNTY":"Pierce","PRECCODE":26367,"PRECNAME":"26-367 Pierce county","PRECINCT":"Pierce 26367","DESCRIPTIO":"Gig Harbor Rural Nearest Northwest (Maplehills Apartments, Unincorporated Burnham Drive)","OFFICE":"County Councilor District 7","JURISDICTION":"County Council","RACE":"Pierce County District 7 County Councilor District 7","Name_1":"Mike Solan","Party_1":"Republican_1","Votes_1":"2","Name_2":null,"Party_2":null,"Votes_2":"0","Name_3":null,"Party_3":null,"Votes_3":"0","Name_4":null,"Party_4":null,"Votes_4":"0","Name_5":null,"Party_5":null,"Votes_5":"0","Name_6":null,"Party_6":null,"Votes_6":"0","Name_7":null,"Party_7":null,"Votes_7":"0","Votes_total":"2","Pct_1":100,"Pct_2":0,"Pct_3":0,"Pct_4":0,"Pct_5":0,"Pct_6":0,"Pct_7":0,"Margin":100}},
{"type":"Feature","geometry":{"type":"MultiPolygon","coordinates":[[[[-122.57892301899994,47.31440564600006],[-122.57893024799996,47.31403971600008],[-122.57852958599995,47.31404037200008],[-122.57852000799994,47.314407139000025],[-122.57892301899994,47.31440564600006]]],[[[-122.60304714099996,47.31748766100003],[-122.60304983699996,47.315690903000075],[-122.60041855799996,47.31579245900007],[-122.60036876199997,47.31758850500006],[-122.60304714099996,47.31748766100003]]],[[[-122.58923395699998,47.34903662000004],[-122.58388589,47.34902594500005],[-122.583887001,47.34992733300003],[-122.58924171599995,47.34992609800002],[-122.58923395699998,47.34903662000004]]]]},"properties":{"COUNTY":"Pierce","PRECCODE":26378,"PRECNAME":"26-378 Gig Harbor","PRECINCT":"Pierce 26378","DESCRIPTIO":"Gig Harbor Farther Southwest (Bellesara)","OFFICE":"County Councilor District 7","JURISDICTION":"County Council","RACE":"Pierce County District 7 County Councilor District 7","Name_1":"Brenda Lykins","Party_1":"Democratic_1","Votes_1":"16","Name_2":"Mike Solan","Party_2":"Republican_1","Votes_2":"12","Name_3":"Chuck West","Party_3":"Independent_1","Votes_3":"3","Name_4":"Ann E. Jolie","Party_4":"Republican_2","Votes_4":"2","Name_5":"Write-In","Party_5":"None_1","Votes_5":"1","Name_6":null,"Party_6":null,"Votes_6":"0","Name_7":null,"Party_7":null,"Votes_7":"0","Votes_total":"34","Pct_1":47.06,"Pct_2":35.29,"Pct_3":8.82,"Pct_4":5.88,"Pct_5":2.94,"Pct_6":0,"Pct_7":0,"Margin":11.77}},
{"type":"Feature","geometry":{"type":"Polygon","coordinates":[[[-122.50699087999999,47.30286041500005],[-122.50931972999993,47.30177630800006],[-122.51562055899994,47.301768019000065],[-122.51571948099998,47.29443626700003],[-122.50515713499996,47.294334573000064],[-122.50518780599998,47.29485536300006],[-122.50513991837568,47.30079525303719],[-122.50699087999999,47.30286041500005]]]},"properties":{"COUNTY":"Pierce","PRECCODE":27401,"PRECNAME":"27-401 Ruston","PRECINCT":"Pierce 27401","DESCRIPTIO":"Ruston","OFFICE":"County Councilor District 7","JURISDICTION":"County Council","RACE":"Pierce County District 7 County Councilor District 7","Name_1":"Brenda Lykins","Party_1":"Democratic_1","Votes_1":"233","Name_2":"Mike Solan","Party_2":"Republican_1","Votes_2":"84","Name_3":"Chuck West","Party_3":"Independent_1","Votes_3":"34","Name_4":"Ann E. Jolie","Party_4":"Republican_2","Votes_4":"4","Name_5":null,"Party_5":null,"Votes_5":"0","Name_6":null,"Party_6":null,"Votes_6":"0","Name_7":null,"Party_7":null,"Votes_7":"0","Votes_total":"355","Pct_1":65.63,"Pct_2":23.66,"Pct_3":9.58,"Pct_4":1.13,"Pct_5":0,"Pct_6":0,"Pct_7":0,"Margin":41.97}},
{"type":"Feature","geometry":{"type":"Polygon","coordinates":[[[-122.49613423099998,47.277746240000056],[-122.49611470799996,47.27960498300008],[-122.49612350999996,47.28054586800005],[-122.49605658399999,47.281981845000075],[-122.50119329899998,47.28200416200007],[-122.50118351099997,47.28056802300006],[-122.50518302499995,47.28057115200004],[-122.50517020399994,47.283428195000056],[-122.50782074299995,47.283444915000075],[-122.50783829799997,47.277836795000034],[-122.50386109399993,47.27779012600007],[-122.50252604999997,47.277794665000044],[-122.49613423099998,47.277746240000056]]]},"properties":{"COUNTY":"Pierce","PRECCODE":27402,"PRECNAME":"27-402 Tacoma","PRECINCT":"Pierce 27402","DESCRIPTIO":"Proctor Area Farther Northwest (St. Luke's Memorial Episcopal Church, N 35th & Huson, Perkins Street)","OFFICE":"County Councilor District 7","JURISDICTION":"County Council","RACE":"Pierce County District 7 County Councilor District 7","Name_1":"Brenda Lykins","Party_1":"Democratic_1","Votes_1":"238","Name_2":"Mike Solan","Party_2":"Republican_1","Votes_2":"55","Name_3":"Chuck West","Party_3":"Independent_1","Votes_3":"28","Name_4":"Ann E. Jolie","Party_4":"Republican_2","Votes_4":"2","Name_5":null,"Party_5":null,"Votes_5":"0","Name_6":null,"Party_6":null,"Votes_6":"0","Name_7":null,"Party_7":null,"Votes_7":"0","Votes_total":"323","Pct_1":73.68,"Pct_2":17.03,"Pct_3":8.67,"Pct_4":0.62,"Pct_5":0,"Pct_6":0,"Pct_7":0,"Margin":56.65}},
{"type":"Feature","geometry":{"type":"Polygon","coordinates":[[[-122.52105670699994,47.29084963900004],[-122.52109221499995,47.289946402000055],[-122.51709771499995,47.28991997300005],[-122.51710631899996,47.287200288000065],[-122.51241347399996,47.287125024000034],[-122.50511813699994,47.287061057000074],[-122.505100154,47.289616122000034],[-122.50513010099996,47.29069790600005],[-122.52105670699994,47.29084963900004]]]},"properties":{"COUNTY":"Pierce","PRECCODE":27403,"PRECNAME":"27-403 Tacoma","PRECINCT":"Pierce 27403","DESCRIPTIO":"NW Tacoma South (Holy Cross Catholic Church, Central Co-Op Market)","OFFICE":"County Councilor District 7","JURISDICTION":"County Council","RACE":"Pierce County District 7 County Councilor District 7","Name_1":"Brenda Lykins","Party_1":"Democratic_1","Votes_1":"177","Name_2":"Mike Solan","Party_2":"Republican_1","Votes_2":"47","Name_3":"Chuck West","Party_3":"Independent_1","Votes_3":"21","Name_4":"Ann E. Jolie","Party_4":"Republican_2","Votes_4":"7","Name_5":null,"Party_5":null,"Votes_5":"0","Name_6":null,"Party_6":null,"Votes_6":"0","Name_7":null,"Party_7":null,"Votes_7":"0","Votes_total":"252","Pct_1":70.24,"Pct_2":18.65,"Pct_3":8.33,"Pct_4":2.78,"Pct_5":0,"Pct_6":0,"Pct_7":0,"Margin":51.59}},
{"type":"Feature","geometry":{"type":"Polygon","coordinates":[[[-122.47629463799993,47.26509774500004],[-122.47781785099993,47.26509163400004],[-122.47778707599996,47.26585945800008],[-122.47944992199996,47.265869974000054],[-122.47944335699997,47.26640213200005],[-122.484090273,47.266424389000065],[-122.48408632999997,47.26550346700003],[-122.48413272599997,47.25994603500004],[-122.48363818299995,47.25707080100005],[-122.48070213199998,47.25704562500004],[-122.48069645099997,47.25791477100005],[-122.47937840199992,47.257927401000074],[-122.47941201099997,47.25992505000005],[-122.47788217399994,47.25991141500003],[-122.47629999499998,47.25988425400004],[-122.476341521,47.264581957000075],[-122.47629463799993,47.26509774500004]]]},"properties":{"COUNTY":"Pierce","PRECCODE":27404,"PRECNAME":"27-404 Tacoma","PRECINCT":"Pierce 27404","DESCRIPTIO":"UPS Area Center (N 14th & Alder, N 18th & Warner, University of Puget Sound)","OFFICE":"County Councilor District 7","JURISDICTION":"County Council","RACE":"Pierce County District 7 County Councilor District 7","Name_1":"Brenda Lykins","Party_1":"Democratic_1","Votes_1":"79","Name_2":"Mike Solan","Party_2":"Republican_1","Votes_2":"18","Name_3":"Chuck West","Party_3":"Independent_1","Votes_3":"9","Name_4":"Ann E. Jolie","Party_4":"Republican_2","Votes_4":"1","Name_5":null,"Party_5":null,"Votes_5":"0","Name_6":null,"Party_6":null,"Votes_6":"0","Name_7":null,"Party_7":null,"Votes_7":"0","Votes_total":"107","Pct_1":73.83,"Pct_2":16.82,"Pct_3":8.41,"Pct_4":0.93,"Pct_5":0,"Pct_6":0,"Pct_7":0,"Margin":57.01}},
{"type":"Feature","geometry":{"type":"Polygon","coordinates":[[[-122.50699087999999,47.30286041500005],[-122.50788380583468,47.30528446738387],[-122.50893786104524,47.30588543607501],[-122.50934025904452,47.30666030667288],[-122.51304217422441,47.30693392443886],[-122.51081740506935,47.305616052182785],[-122.50749127170127,47.30283342116855],[-122.50853228292806,47.302250436404165],[-122.5095702930937,47.302175789333475],[-122.51372268714886,47.30552442205591],[-122.52033479358792,47.308087088713],[-122.52386596499996,47.310077971000055],[-122.53463716899995,47.31731449000005],[-122.54205337183821,47.318706539894734],[-122.54513219884143,47.31841580901665],[-122.54747956199998,47.317661445000056],[-122.54769403567397,47.316491196436935],[-122.54721202699993,47.31574004600004],[-122.54475169399996,47.31324114600005],[-122.54068934099995,47.31004637800004],[-122.53778621599997,47.30688869600004],[-122.52808710581317,47.29212043938366],[-122.52631729499994,47.293616868000065],[-122.52633665299999,47.29455310000003],[-122.52500823999996,47.29456945900006],[-122.52498187499997,47.29628572000007],[-122.52097973099995,47.29647039400004],[-122.52103569999997,47.29449321900005],[-122.51571948099998,47.29443626700003],[-122.51562055899994,47.301768019000065],[-122.50931972999993,47.30177630800006],[-122.50699087999999,47.30286041500005]]]},"properties":{"COUNTY":"Pierce","PRECCODE":27405,"PRECNAME":"27-405 Tacoma","PRECINCT":"Pierce 27405","DESCRIPTIO":"NW Tacoma Northwest (Point Defiance Park, Franke Tobey Jones Senior Living, Parkview Lane)","OFFICE":"County Councilor District 7","JURISDICTION":"County Council","RACE":"Pierce County District 7 County Councilor District 7","Name_1":"Brenda Lykins","Party_1":"Democratic_1","Votes_1":"410","Name_2":"Mike Solan","Party_2":"Republican_1","Votes_2":"126","Name_3":"Chuck West","Party_3":"Independent_1","Votes_3":"61","Name_4":"Ann E. Jolie","Party_4":"Republican_2","Votes_4":"6","Name_5":null,"Party_5":null,"Votes_5":"0","Name_6":null,"Party_6":null,"Votes_6":"0","Name_7":null,"Party_7":null,"Votes_7":"0","Votes_total":"603","Pct_1":67.99,"Pct_2":20.9,"Pct_3":10.12,"Pct_4":1,"Pct_5":0,"Pct_6":0,"Pct_7":0,"Margin":47.09}},
{"type":"Feature","geometry":{"type":"Polygon","coordinates":[[[-122.52808710581317,47.29212043938366],[-122.5288298402492,47.285405098122645],[-122.52950300799993,47.28296013700003],[-122.53069423783133,47.27933043158914],[-122.53272572961151,47.27634002741284],[-122.53002403999993,47.27507301300005],[-122.52754679999995,47.27426046800008],[-122.52535718599995,47.27295245000004],[-122.52383953699994,47.272623069000076],[-122.52390221399997,47.272122366000076],[-122.52293101199996,47.271984922000065],[-122.52241690799997,47.27184412600007],[-122.52058546099994,47.27121828200006],[-122.52062933199994,47.27367230700003],[-122.52063400499996,47.27439795600003],[-122.52246328099993,47.27435164300004],[-122.523874235,47.27390657500007],[-122.52387734799998,47.274755336000055],[-122.52373750799995,47.27564844500005],[-122.52181668099995,47.280127869000076],[-122.52120057199991,47.281903242000055],[-122.52109221499995,47.289946402000055],[-122.52105670699994,47.29084963900004],[-122.52103569999997,47.29449321900005],[-122.52097973099995,47.29647039400004],[-122.52498187499997,47.29628572000007],[-122.52500823999996,47.29456945900006],[-122.52633665299999,47.29455310000003],[-122.52631729499994,47.293616868000065],[-122.52808710581317,47.29212043938366]]]},"properties":{"COUNTY":"Pierce","PRECCODE":27406,"PRECNAME":"27-406 Tacoma","PRECINCT":"Pierce 27406","DESCRIPTIO":"NW Tacoma Southwest (Five Views) & Far Southwest (Narrows Reach Condos, Marinera Street)","OFFICE":"County Councilor District 7","JURISDICTION":"County Council","RACE":"Pierce County District 7 County Councilor District 7","Name_1":"Brenda Lykins","Party_1":"Democratic_1","Votes_1":"433","Name_2":"Mike Solan","Party_2":"Republican_1","Votes_2":"145","Name_3":"Chuck West","Party_3":"Independent_1","Votes_3":"71","Name_4":"Ann E. Jolie","Party_4":"Republican_2","Votes_4":"13","Name_5":null,"Party_5":null,"Votes_5":"0","Name_6":null,"Party_6":null,"Votes_6":"0","Name_7":null,"Party_7":null,"Votes_7":"0","Votes_total":"662","Pct_1":65.41,"Pct_2":21.9,"Pct_3":10.73,"Pct_4":1.96,"Pct_5":0,"Pct_6":0,"Pct_7":0,"Margin":43.51}},
{"type":"Feature","geometry":{"type":"Polygon","coordinates":[[[-122.50513010099996,47.29069790600005],[-122.50513516899998,47.293905367000036],[-122.50515713499996,47.294334573000064],[-122.51571948099998,47.29443626700003],[-122.52103569999997,47.29449321900005],[-122.52105670699994,47.29084963900004],[-122.50513010099996,47.29069790600005]]]},"properties":{"COUNTY":"Pierce","PRECCODE":27407,"PRECNAME":"27-407 Tacoma","PRECINCT":"Pierce 27407","DESCRIPTIO":"NW Tacoma Center (Baltimore Park, Ruby Street, N 48th & Defiance)","OFFICE":"County Councilor District 7","JURISDICTION":"County Council","RACE":"Pierce County District 7 County Councilor District 7","Name_1":"Brenda Lykins","Party_1":"Democratic_1","Votes_1":"208","Name_2":"Mike Solan","Party_2":"Republican_1","Votes_2":"52","Name_3":"Chuck West","Party_3":"Independent_1","Votes_3":"34","Name_4":"Ann E. Jolie","Party_4":"Republican_2","Votes_4":"3","Name_5":null,"Party_5":null,"Votes_5":"0","Name_6":null,"Party_6":null,"Votes_6":"0","Name_7":null,"Party_7":null,"Votes_7":"0","Votes_total":"297","Pct_1":70.03,"Pct_2":17.51,"Pct_3":11.45,"Pct_4":1.01,"Pct_5":0,"Pct_6":0,"Pct_7":0,"Margin":52.52}},
{"type":"Feature","geometry":{"type":"Polygon","coordinates":[[[-122.51241347399996,47.287125024000034],[-122.51710631899996,47.287200288000065],[-122.51709771499995,47.28991997300005],[-122.52109221499995,47.289946402000055],[-122.52120057199991,47.281903242000055],[-122.52181668099995,47.280127869000076],[-122.52373750799995,47.27564844500005],[-122.52387734799998,47.274755336000055],[-122.523874235,47.27390657500007],[-122.52246328099993,47.27435164300004],[-122.52063400499996,47.27439795600003],[-122.52062933199994,47.27367230700003],[-122.51852627199996,47.27301052300003],[-122.51765395999996,47.27303509600006],[-122.51588895199995,47.27300833400005],[-122.51584845999997,47.27986947400007],[-122.51580219399995,47.28413959100004],[-122.51236920199995,47.28444207700005],[-122.51199247599999,47.28491377600005],[-122.51189874799996,47.28521957600003],[-122.51241347399996,47.287125024000034]]]},"properties":{"COUNTY":"Pierce","PRECCODE":27408,"PRECNAME":"27-408 Tacoma","PRECINCT":"Pierce 27408","DESCRIPTIO":"Westgate Area Northwest (Claremont, Vassault Park) & Far Northwest (Point Defiance Elementary)","OFFICE":"County Councilor District 7","JURISDICTION":"County Council","RACE":"Pierce County District 7 County Councilor District 7","Name_1":"Brenda Lykins","Party_1":"Democratic_1","Votes_1":"331","Name_2":"Mike Solan","Party_2":"Republican_1","Votes_2":"138","Name_3":"Chuck West","Party_3":"Independent_1","Votes_3":"38","Name_4":"Ann E. Jolie","Party_4":"Republican_2","Votes_4":"11","Name_5":null,"Party_5":null,"Votes_5":"0","Name_6":null,"Party_6":null,"Votes_6":"0","Name_7":null,"Party_7":null,"Votes_7":"0","Votes_total":"518","Pct_1":63.9,"Pct_2":26.64,"Pct_3":7.34,"Pct_4":2.12,"Pct_5":0,"Pct_6":0,"Pct_7":0,"Margin":37.26}},
{"type":"Feature","geometry":{"type":"Polygon","coordinates":[[[-122.50782074299995,47.283444915000075],[-122.51099826999997,47.28349776600004],[-122.51213218199996,47.28473245600002],[-122.51236920199995,47.28444207700005],[-122.51580219399995,47.28413959100004],[-122.51584845999997,47.27986947400007],[-122.51588500199996,47.274029667000036],[-122.513788258,47.27402035400007],[-122.51053000299997,47.27398454100006],[-122.51021111199998,47.27400093500005],[-122.51005349099992,47.27401538000002],[-122.50978022699996,47.27406224500003],[-122.50811440999998,47.27444603800006],[-122.50822294999996,47.274615701000066],[-122.50827540799999,47.27473178700006],[-122.50828449599999,47.275066218000056],[-122.50823758799997,47.27519104800007],[-122.50787033399996,47.275758972000055],[-122.50782074299995,47.283444915000075]]]},"properties":{"COUNTY":"Pierce","PRECCODE":27409,"PRECNAME":"27-409 Tacoma","PRECINCT":"Pierce 27409","DESCRIPTIO":"Westgate Area Northeast (Redwood Park Apartments, Truman Middle School)","OFFICE":"County Councilor District 7","JURISDICTION":"County Council","RACE":"Pierce County District 7 County Councilor District 7","Name_1":"Brenda Lykins","Party_1":"Democratic_1","Votes_1":"279","Name_2":"Mike Solan","Party_2":"Republican_1","Votes_2":"108","Name_3":"Chuck West","Party_3":"Independent_1","Votes_3":"25","Name_4":"Ann E. Jolie","Party_4":"Republican_2","Votes_4":"11","Name_5":"Write-In","Party_5":"None_1","Votes_5":"1","Name_6":null,"Party_6":null,"Votes_6":"0","Name_7":null,"Party_7":null,"Votes_7":"0","Votes_total":"424","Pct_1":65.8,"Pct_2":25.47,"Pct_3":5.9,"Pct_4":2.59,"Pct_5":0.24,"Pct_6":0,"Pct_7":0,"Margin":40.33}},
{"type":"Feature","geometry":{"type":"Polygon","coordinates":[[[-122.49730656899999,47.28461283200005],[-122.497265272,47.28947523000005],[-122.505100154,47.289616122000034],[-122.50511813699994,47.287061057000074],[-122.51241347399996,47.287125024000034],[-122.51189874799996,47.28521957600003],[-122.51199247599999,47.28491377600005],[-122.51213218199996,47.28473245600002],[-122.51099826999997,47.28349776600004],[-122.50782074299995,47.283444915000075],[-122.50517020399994,47.283428195000056],[-122.50518302499995,47.28057115200004],[-122.50118351099997,47.28056802300006],[-122.50119329899998,47.28200416200007],[-122.49605658399999,47.281981845000075],[-122.49659800999997,47.28315319400007],[-122.49598250599998,47.28460396700006],[-122.49730656899999,47.28461283200005]]]},"properties":{"COUNTY":"Pierce","PRECCODE":27410,"PRECNAME":"27-410 Tacoma","PRECINCT":"Pierce 27410","DESCRIPTIO":"NW Tacoma Southeast (Sherman Elementary School, Jane Clark Park, N 40th & Bennett)","OFFICE":"County Councilor District 7","JURISDICTION":"County Council","RACE":"Pierce County District 7 County Councilor District 7","Name_1":"Brenda Lykins","Party_1":"Democratic_1","Votes_1":"366","Name_2":"Mike Solan","Party_2":"Republican_1","Votes_2":"91","Name_3":"Chuck West","Party_3":"Independent_1","Votes_3":"64","Name_4":"Ann E. Jolie","Party_4":"Republican_2","Votes_4":"7","Name_5":"Write-In","Party_5":"None_1","Votes_5":"1","Name_6":null,"Party_6":null,"Votes_6":"0","Name_7":null,"Party_7":null,"Votes_7":"0","Votes_total":"529","Pct_1":69.19,"Pct_2":17.2,"Pct_3":12.1,"Pct_4":1.32,"Pct_5":0.19,"Pct_6":0,"Pct_7":0,"Margin":51.99}},
{"type":"Feature","geometry":{"type":"Polygon","coordinates":[[[-122.48877551002174,47.28755392109084],[-122.48980664915916,47.28793374844193],[-122.49161015752989,47.28991592701627],[-122.49529406599997,47.29271562400004],[-122.49888250799994,47.294746238000066],[-122.49972174,47.29424746500007],[-122.50024440799996,47.294284137000034],[-122.502458398,47.29485526600006],[-122.50300804399994,47.294478440000034],[-122.50248368899999,47.29311682600007],[-122.49992947599996,47.29302042600005],[-122.49986935499996,47.29247705100004],[-122.49854628299994,47.29174140600002],[-122.49854329399994,47.290683978000054],[-122.50513010099996,47.29069790600005],[-122.505100154,47.289616122000034],[-122.497265272,47.28947523000005],[-122.49730656899999,47.28461283200005],[-122.49521352099998,47.28460415500006],[-122.49449034699995,47.28544977400002],[-122.49449322099994,47.285199609000074],[-122.49189395499994,47.285200158000066],[-122.49188047199998,47.287037836000074],[-122.48950634299995,47.28704589600005],[-122.48877551002174,47.28755392109084]]]},"properties":{"COUNTY":"Pierce","PRECCODE":27411,"PRECNAME":"27-411 Tacoma","PRECINCT":"Pierce 27411","DESCRIPTIO":"NW Tacoma Far East (Weyerhaeuser Mansion, N 41st & Stevens) & East (Orchard and Vine Garden)","OFFICE":"County Councilor District 7","JURISDICTION":"County Council","RACE":"Pierce County District 7 County Councilor District 7","Name_1":"Brenda Lykins","Party_1":"Democratic_1","Votes_1":"136","Name_2":"Mike Solan","Party_2":"Republican_1","Votes_2":"53","Name_3":"Chuck West","Party_3":"Independent_1","Votes_3":"20","Name_4":"Ann E. Jolie","Party_4":"Republican_2","Votes_4":"2","Name_5":null,"Party_5":null,"Votes_5":"0","Name_6":null,"Party_6":null,"Votes_6":"0","Name_7":null,"Party_7":null,"Votes_7":"0","Votes_total":"211","Pct_1":64.45,"Pct_2":25.12,"Pct_3":9.48,"Pct_4":0.95,"Pct_5":0,"Pct_6":0,"Pct_7":0,"Margin":39.33}},
{"type":"Feature","geometry":{"type":"Polygon","coordinates":[[[-122.50528215599995,47.271045350000065],[-122.50522908199997,47.274951731000044],[-122.50604769399993,47.274930925000035],[-122.50964383699994,47.27409266600005],[-122.50994408099994,47.274031320000056],[-122.51021111199998,47.27400093500005],[-122.51053000299997,47.27398454100006],[-122.513788258,47.27402035400007],[-122.51588500199996,47.274029667000036],[-122.51588895199995,47.27300833400005],[-122.51765395999996,47.27303509600006],[-122.51852627199996,47.27301052300003],[-122.52062933199994,47.27367230700003],[-122.52058546099994,47.27121828200006],[-122.52241690799997,47.27184412600007],[-122.52293101199996,47.271984922000065],[-122.52390221399997,47.272122366000076],[-122.52457478099997,47.27211300100004],[-122.52519176699998,47.27204133500003],[-122.52904846199996,47.27129998800007],[-122.53074245399995,47.27000679000002],[-122.529442235,47.26963804600006],[-122.52664290799996,47.269729117000054],[-122.52659032699997,47.268925539000065],[-122.52658496299993,47.265418627000024],[-122.52516609599996,47.265529994000076],[-122.51591620599997,47.26713384200008],[-122.51320281399992,47.26737522500007],[-122.51310943499998,47.271097121000025],[-122.50528215599995,47.271045350000065]]]},"properties":{"COUNTY":"Pierce","PRECCODE":27412,"PRECNAME":"27-412 Tacoma","PRECINCT":"Pierce 27412","DESCRIPTIO":"Skyline East (Skyline Elementary), Westgate Area Center (Mance Street, Golden Hemlock Apartments)","OFFICE":"County Councilor District 7","JURISDICTION":"County Council","RACE":"Pierce County District 7 County Councilor District 7","Name_1":"Brenda Lykins","Party_1":"Democratic_1","Votes_1":"262","Name_2":"Mike Solan","Party_2":"Republican_1","Votes_2":"111","Name_3":"Chuck West","Party_3":"Independent_1","Votes_3":"52","Name_4":"Ann E. Jolie","Party_4":"Republican_2","Votes_4":"7","Name_5":"Write-In","Party_5":"None_1","Votes_5":"1","Name_6":null,"Party_6":null,"Votes_6":"0","Name_7":null,"Party_7":null,"Votes_7":"0","Votes_total":"433","Pct_1":60.51,"Pct_2":25.64,"Pct_3":12.01,"Pct_4":1.62,"Pct_5":0.23,"Pct_6":0,"Pct_7":0,"Margin":34.87}},
{"type":"Feature","geometry":{"type":"Polygon","coordinates":[[[-122.49613423099998,47.277746240000056],[-122.50252604999997,47.277794665000044],[-122.50386109399993,47.27779012600007],[-122.50783829799997,47.277836795000034],[-122.50787033399996,47.275758972000055],[-122.50823758799997,47.27519104800007],[-122.50828449599999,47.275066218000056],[-122.50827540799999,47.27473178700006],[-122.50822294999996,47.274615701000066],[-122.50811440999998,47.27444603800006],[-122.50604769399993,47.274930925000035],[-122.50522908199997,47.274951731000044],[-122.50528215599995,47.271045350000065],[-122.50232442699996,47.271058793000066],[-122.50232445799996,47.27198853600003],[-122.50231762399993,47.27306366700003],[-122.499247261,47.27305380000006],[-122.49925503799992,47.27397874400003],[-122.49771947199994,47.27397061800008],[-122.497709897,47.27490425300004],[-122.496186026,47.274904682000056],[-122.49613423099998,47.277746240000056]]]},"properties":{"COUNTY":"Pierce","PRECCODE":27413,"PRECNAME":"27-413 Tacoma","PRECINCT":"Pierce 27413","DESCRIPTIO":"Proctor Area Far Northwest (N 31st & Verde, N 27th & Huson, N 31st & Orchard)","OFFICE":"County Councilor District 7","JURISDICTION":"County Council","RACE":"Pierce County District 7 County Councilor District 7","Name_1":"Brenda Lykins","Party_1":"Democratic_1","Votes_1":"222","Name_2":"Mike Solan","Party_2":"Republican_1","Votes_2":"47","Name_3":"Chuck West","Party_3":"Independent_1","Votes_3":"20","Name_4":"Ann E. Jolie","Party_4":"Republican_2","Votes_4":"3","Name_5":null,"Party_5":null,"Votes_5":"0","Name_6":null,"Party_6":null,"Votes_6":"0","Name_7":null,"Party_7":null,"Votes_7":"0","Votes_total":"292","Pct_1":76.03,"Pct_2":16.1,"Pct_3":6.85,"Pct_4":1.03,"Pct_5":0,"Pct_6":0,"Pct_7":0,"Margin":59.93}},
{"type":"Feature","geometry":{"type":"Polygon","coordinates":[[[-122.47780684999995,47.28062050900007],[-122.48429793666179,47.28413669512915],[-122.48877551002174,47.28755392109084],[-122.48950634299995,47.28704589600005],[-122.49188047199998,47.287037836000074],[-122.49189395499994,47.285200158000066],[-122.49449322099994,47.285199609000074],[-122.49449034699995,47.28544977400002],[-122.49521352099998,47.28460415500006],[-122.49598250599998,47.28460396700006],[-122.49659800999997,47.28315319400007],[-122.49605658399999,47.281981845000075],[-122.49415709699996,47.281466978000026],[-122.48876190399994,47.28147802100005],[-122.48884521499998,47.27486340200005],[-122.48410110699996,47.274768556000026],[-122.48260936099993,47.27469911700007],[-122.47938085299997,47.274727657000035],[-122.47773730199998,47.27471894400003],[-122.47777166199994,47.27712764000006],[-122.477802914,47.27949453700006],[-122.47867637999997,47.27975069400002],[-122.47780684999995,47.28062050900007]]]},"properties":{"COUNTY":"Pierce","PRECCODE":27414,"PRECNAME":"27-414 Tacoma","PRECINCT":"Pierce 27414","DESCRIPTIO":"Proctor Area Northeast (Puget Creek Park, 35th Street Hill) & Far Northeast (N 39th & Monroe)","OFFICE":"County Councilor District 7","JURISDICTION":"County Council","RACE":"Pierce County District 7 County Councilor District 7","Name_1":"Brenda Lykins","Party_1":"Democratic_1","Votes_1":"336","Name_2":"Mike Solan","Party_2":"Republican_1","Votes_2":"100","Name_3":"Chuck West","Party_3":"Independent_1","Votes_3":"51","Name_4":"Ann E. Jolie","Party_4":"Republican_2","Votes_4":"7","Name_5":null,"Party_5":null,"Votes_5":"0","Name_6":null,"Party_6":null,"Votes_6":"0","Name_7":null,"Party_7":null,"Votes_7":"0","Votes_total":"494","Pct_1":68.02,"Pct_2":20.24,"Pct_3":10.32,"Pct_4":1.42,"Pct_5":0,"Pct_6":0,"Pct_7":0,"Margin":47.78}},
{"type":"Feature","geometry":{"type":"Polygon","coordinates":[[[-122.50528215599995,47.271045350000065],[-122.51310943499998,47.271097121000025],[-122.51320281399992,47.26737522500007],[-122.51591620599997,47.26713384200008],[-122.51594173899997,47.263317482000055],[-122.51591160799995,47.26276831900003],[-122.51594894299993,47.255428805000065],[-122.50513640099994,47.25538252300004],[-122.50520425399996,47.259913038000036],[-122.50528215599995,47.271045350000065]]]},"properties":{"COUNTY":"Pierce","PRECCODE":27415,"PRECNAME":"27-415 Tacoma","PRECINCT":"Pierce 27415","DESCRIPTIO":"Westgate Area Southeast (Kandle Park, Silas High School, N 10th & Bennett)","OFFICE":"County Councilor District 7","JURISDICTION":"County Council","RACE":"Pierce County District 7 County Councilor District 7","Name_1":"Brenda Lykins","Party_1":"Democratic_1","Votes_1":"339","Name_2":"Mike Solan","Party_2":"Republican_1","Votes_2":"128","Name_3":"Chuck West","Party_3":"Independent_1","Votes_3":"67","Name_4":"Ann E. Jolie","Party_4":"Republican_2","Votes_4":"13","Name_5":"Write-In","Party_5":"None_1","Votes_5":"1","Name_6":null,"Party_6":null,"Votes_6":"0","Name_7":null,"Party_7":null,"Votes_7":"0","Votes_total":"548","Pct_1":61.86,"Pct_2":23.36,"Pct_3":12.23,"Pct_4":2.37,"Pct_5":0.18,"Pct_6":0,"Pct_7":0,"Margin":38.5}},
{"type":"Feature","geometry":{"type":"Polygon","coordinates":[[[-122.50232442699996,47.271058793000066],[-122.50528215599995,47.271045350000065],[-122.50520425399996,47.259913038000036],[-122.49770236299997,47.25992404200007],[-122.49617952899993,47.25992253900006],[-122.49617497499997,47.263646283000064],[-122.496190233,47.264571266000075],[-122.49620509799993,47.271065299000036],[-122.50232442699996,47.271058793000066]]]},"properties":{"COUNTY":"Pierce","PRECCODE":27416,"PRECNAME":"27-416 Tacoma","PRECINCT":"Pierce 27416","DESCRIPTIO":"Proctor Area Southwest (N 11th-26th & Stevens-Orchard)","OFFICE":"County Councilor District 7","JURISDICTION":"County Council","RACE":"Pierce County District 7 County Councilor District 7","Name_1":"Brenda Lykins","Party_1":"Democratic_1","Votes_1":"399","Name_2":"Mike Solan","Party_2":"Republican_1","Votes_2":"123","Name_3":"Chuck West","Party_3":"Independent_1","Votes_3":"66","Name_4":"Ann E. Jolie","Party_4":"Republican_2","Votes_4":"5","Name_5":null,"Party_5":null,"Votes_5":"0","Name_6":null,"Party_6":null,"Votes_6":"0","Name_7":null,"Party_7":null,"Votes_7":"0","Votes_total":"593","Pct_1":67.28,"Pct_2":20.74,"Pct_3":11.13,"Pct_4":0.84,"Pct_5":0,"Pct_6":0,"Pct_7":0,"Margin":46.54}},
{"type":"Feature","geometry":{"type":"Polygon","coordinates":[[[-122.48410784399998,47.272014253000066],[-122.50232445799996,47.27198853600003],[-122.50232442699996,47.271058793000066],[-122.49620509799993,47.271065299000036],[-122.49619592299995,47.26827253000004],[-122.484094901,47.26828930000005],[-122.48410784399998,47.272014253000066]]]},"properties":{"COUNTY":"Pierce","PRECCODE":27417,"PRECNAME":"27-417 Tacoma","PRECINCT":"Pierce 27417","DESCRIPTIO":"Proctor District South (Wheelock Public Library, N 24th & Mason, Proctor Station Apartments)","OFFICE":"County Councilor District 7","JURISDICTION":"County Council","RACE":"Pierce County District 7 County Councilor District 7","Name_1":"Brenda Lykins","Party_1":"Democratic_1","Votes_1":"245","Name_2":"Mike Solan","Party_2":"Republican_1","Votes_2":"36","Name_3":"Chuck West","Party_3":"Independent_1","Votes_3":"35","Name_4":"Ann E. Jolie","Party_4":"Republican_2","Votes_4":"2","Name_5":null,"Party_5":null,"Votes_5":"0","Name_6":null,"Party_6":null,"Votes_6":"0","Name_7":null,"Party_7":null,"Votes_7":"0","Votes_total":"318","Pct_1":77.04,"Pct_2":11.32,"Pct_3":11.01,"Pct_4":0.63,"Pct_5":0,"Pct_6":0,"Pct_7":0,"Margin":65.72}},
{"type":"Feature","geometry":{"type":"Polygon","coordinates":[[[-122.484094901,47.26828930000005],[-122.49619592299995,47.26827253000004],[-122.496190233,47.264571266000075],[-122.49617497499997,47.263646283000064],[-122.49617952899993,47.25992253900006],[-122.49312893399997,47.25992227500006],[-122.48413272599997,47.25994603500004],[-122.48408632999997,47.26550346700003],[-122.484094901,47.26828930000005]]]},"properties":{"COUNTY":"Pierce","PRECCODE":27418,"PRECNAME":"27-418 Tacoma","PRECINCT":"Pierce 27418","DESCRIPTIO":"UPS Area West (Jefferson Elementary School), Proctor Area South (Cushman Substation)","OFFICE":"County Councilor District 7","JURISDICTION":"County Council","RACE":"Pierce County District 7 County Councilor District 7","Name_1":"Brenda Lykins","Party_1":"Democratic_1","Votes_1":"437","Name_2":"Mike Solan","Party_2":"Republican_1","Votes_2":"85","Name_3":"Chuck West","Party_3":"Independent_1","Votes_3":"51","Name_4":"Ann E. Jolie","Party_4":"Republican_2","Votes_4":"8","Name_5":null,"Party_5":null,"Votes_5":"0","Name_6":null,"Party_6":null,"Votes_6":"0","Name_7":null,"Party_7":null,"Votes_7":"0","Votes_total":"581","Pct_1":75.22,"Pct_2":14.63,"Pct_3":8.78,"Pct_4":1.38,"Pct_5":0,"Pct_6":0,"Pct_7":0,"Margin":60.59}},
{"type":"Feature","geometry":{"type":"Polygon","coordinates":[[[-122.49770236299997,47.25992404200007],[-122.50520425399996,47.259913038000036],[-122.50513640099994,47.25538252300004],[-122.48364991299997,47.255275290000036],[-122.48363818299995,47.25707080100005],[-122.48413272599997,47.25994603500004],[-122.49312893399997,47.25992227500006],[-122.49770236299997,47.25992404200007]]]},"properties":{"COUNTY":"Pierce","PRECCODE":27419,"PRECNAME":"27-419 Tacoma","PRECINCT":"Pierce 27419","DESCRIPTIO":"UPS Area Southeast (Washington Park, Jefferson Park, N 9th & Huson)","OFFICE":"County Councilor District 7","JURISDICTION":"County Council","RACE":"Pierce County District 7 County Councilor District 7","Name_1":"Brenda Lykins","Party_1":"Democratic_1","Votes_1":"394","Name_2":"Mike Solan","Party_2":"Republican_1","Votes_2":"89","Name_3":"Chuck West","Party_3":"Independent_1","Votes_3":"50","Name_4":"Ann E. Jolie","Party_4":"Republican_2","Votes_4":"4","Name_5":null,"Party_5":null,"Votes_5":"0","Name_6":null,"Party_6":null,"Votes_6":"0","Name_7":null,"Party_7":null,"Votes_7":"0","Votes_total":"537","Pct_1":73.37,"Pct_2":16.57,"Pct_3":9.31,"Pct_4":0.74,"Pct_5":0,"Pct_6":0,"Pct_7":0,"Margin":56.8}},
{"type":"Feature","geometry":{"type":"Polygon","coordinates":[[[-122.47773730199998,47.27471894400003],[-122.47938085299997,47.274727657000035],[-122.48260936099993,47.27469911700007],[-122.48410110699996,47.274768556000026],[-122.48411548099995,47.272438855000075],[-122.48409253399993,47.27015578200007],[-122.484090273,47.266424389000065],[-122.47944335699997,47.26640213200005],[-122.47944992199996,47.265869974000054],[-122.47778707599996,47.26585945800008],[-122.47781785099993,47.26509163400004],[-122.47629463799993,47.26509774500004],[-122.47625728799994,47.26585059700006],[-122.472774337,47.266222631000055],[-122.47277603999996,47.26750230800007],[-122.473326108,47.267505117000034],[-122.47333165199996,47.26833983900007],[-122.47474723399993,47.26835060500008],[-122.474732814,47.26917653500004],[-122.47771398799995,47.26921662600005],[-122.47771565899995,47.27199911200006],[-122.47773730199998,47.27471894400003]]]},"properties":{"COUNTY":"Pierce","PRECCODE":27420,"PRECNAME":"27-420 Tacoma","PRECINCT":"Pierce 27420","DESCRIPTIO":"Proctor Area East (N 29th & Puget Sound), UPS Area North (N 20th & Junett)","OFFICE":"County Councilor District 7","JURISDICTION":"County Council","RACE":"Pierce County District 7 County Councilor District 7","Name_1":"Brenda Lykins","Party_1":"Democratic_1","Votes_1":"489","Name_2":"Mike Solan","Party_2":"Republican_1","Votes_2":"72","Name_3":"Chuck West","Party_3":"Independent_1","Votes_3":"52","Name_4":"Ann E. Jolie","Party_4":"Republican_2","Votes_4":"5","Name_5":null,"Party_5":null,"Votes_5":"0","Name_6":null,"Party_6":null,"Votes_6":"0","Name_7":null,"Party_7":null,"Votes_7":"0","Votes_total":"618","Pct_1":79.13,"Pct_2":11.65,"Pct_3":8.41,"Pct_4":0.81,"Pct_5":0,"Pct_6":0,"Pct_7":0,"Margin":67.48}},
{"type":"Feature","geometry":{"type":"Polygon","coordinates":[[[-122.47788217399994,47.25991141500003],[-122.47941201099997,47.25992505000005],[-122.47937840199992,47.257927401000074],[-122.48069645099997,47.25791477100005],[-122.48070213199998,47.25704562500004],[-122.48363818299995,47.25707080100005],[-122.48364991299997,47.255275290000036],[-122.46833882699997,47.25545026800006],[-122.46817544699994,47.25722933900005],[-122.46817874099997,47.25980482500006],[-122.47480696699995,47.259870197000055],[-122.47788217399994,47.25991141500003]]]},"properties":{"COUNTY":"Pierce","PRECCODE":27421,"PRECNAME":"27-421 Tacoma","PRECINCT":"Pierce 27421","DESCRIPTIO":"UPS Area Southeast (N 7th & Puget Sound, Buckley's Addition 8th-11th)","OFFICE":"County Councilor District 7","JURISDICTION":"County Council","RACE":"Pierce County District 7 County Councilor District 7","Name_1":"Brenda Lykins","Party_1":"Democratic_1","Votes_1":"377","Name_2":"Mike Solan","Party_2":"Republican_1","Votes_2":"52","Name_3":"Chuck West","Party_3":"Independent_1","Votes_3":"48","Name_4":"Ann E. Jolie","Party_4":"Republican_2","Votes_4":"1","Name_5":null,"Party_5":null,"Votes_5":"0","Name_6":null,"Party_6":null,"Votes_6":"0","Name_7":null,"Party_7":null,"Votes_7":"0","Votes_total":"478","Pct_1":78.87,"Pct_2":10.88,"Pct_3":10.04,"Pct_4":0.21,"Pct_5":0,"Pct_6":0,"Pct_7":0,"Margin":67.99}},
{"type":"Feature","geometry":{"type":"Polygon","coordinates":[[[-122.46476407299997,47.275880872000066],[-122.46953703799991,47.27676443000007],[-122.46993510799994,47.277399323000054],[-122.47096943899999,47.27725355100006],[-122.47201659199997,47.27774087400008],[-122.47018220399994,47.27749234300006],[-122.47278847999998,47.27806478700006],[-122.47483593967947,47.27922205768828],[-122.47510648071453,47.2803414433594],[-122.47631235729345,47.280049841068305],[-122.47780684999995,47.28062050900007],[-122.47867637999997,47.27975069400002],[-122.477802914,47.27949453700006],[-122.47777166199994,47.27712764000006],[-122.477724234,47.27379014600007],[-122.47771565899995,47.27199911200006],[-122.47771398799995,47.26921662600005],[-122.474732814,47.26917653500004],[-122.47474723399993,47.26835060500008],[-122.47333165199996,47.26833983900007],[-122.47330583499996,47.26871929200008],[-122.47196556899996,47.26876827600006],[-122.46809418499996,47.268748867000056],[-122.46686555899996,47.268343603000055],[-122.46690732599993,47.274761365000074],[-122.46529990699995,47.27477185600002],[-122.46530884899992,47.27580510000006],[-122.46476407299997,47.275880872000066]]]},"properties":{"COUNTY":"Pierce","PRECCODE":27422,"PRECNAME":"27-422 Tacoma","PRECINCT":"Pierce 27422","DESCRIPTIO":"UPS Area Far Northeast (Old Town Park, N 25th & Junett, Prospect Hill)","OFFICE":"County Councilor District 7","JURISDICTION":"County Council","RACE":"Pierce County District 7 County Councilor District 7","Name_1":"Brenda Lykins","Party_1":"Democratic_1","Votes_1":"437","Name_2":"Mike Solan","Party_2":"Republican_1","Votes_2":"112","Name_3":"Chuck West","Party_3":"Independent_1","Votes_3":"71","Name_4":"Ann E. Jolie","Party_4":"Republican_2","Votes_4":"8","Name_5":null,"Party_5":null,"Votes_5":"0","Name_6":null,"Party_6":null,"Votes_6":"0","Name_7":null,"Party_7":null,"Votes_7":"0","Votes_total":"628","Pct_1":69.59,"Pct_2":17.83,"Pct_3":11.31,"Pct_4":1.27,"Pct_5":0,"Pct_6":0,"Pct_7":0,"Margin":51.76}},
{"type":"Feature","geometry":{"type":"Polygon","coordinates":[[[-122.46818274599997,47.268746677000074],[-122.47196556899996,47.26876827600006],[-122.47330583499996,47.26871929200008],[-122.47333165199996,47.26833983900007],[-122.473326108,47.267505117000034],[-122.47277603999996,47.26750230800007],[-122.472774337,47.266222631000055],[-122.47625728799994,47.26585059700006],[-122.47629463799993,47.26509774500004],[-122.476341521,47.264581957000075],[-122.47629999499998,47.25988425400004],[-122.47480696699995,47.259870197000055],[-122.46817874099997,47.25980482500006],[-122.46818274599997,47.268746677000074]]]},"properties":{"COUNTY":"Pierce","PRECCODE":27423,"PRECNAME":"27-423 Tacoma","PRECINCT":"Pierce 27423","DESCRIPTIO":"UPS Area East (N 14th & Junett, Buckley's Addition 11th-21st, Three Bridges District)","OFFICE":"County Councilor District 7","JURISDICTION":"County Council","RACE":"Pierce County District 7 County Councilor District 7","Name_1":"Brenda Lykins","Party_1":"Democratic_1","Votes_1":"535","Name_2":"Mike Solan","Party_2":"Republican_1","Votes_2":"70","Name_3":"Chuck West","Party_3":"Independent_1","Votes_3":"38","Name_4":"Ann E. Jolie","Party_4":"Republican_2","Votes_4":"4","Name_5":null,"Party_5":null,"Votes_5":"0","Name_6":null,"Party_6":null,"Votes_6":"0","Name_7":null,"Party_7":null,"Votes_7":"0","Votes_total":"647","Pct_1":82.69,"Pct_2":10.82,"Pct_3":5.87,"Pct_4":0.62,"Pct_5":0,"Pct_6":0,"Pct_7":0,"Margin":71.87}},
{"type":"Feature","geometry":{"type":"Polygon","coordinates":[[[-122.46690732599993,47.274761365000074],[-122.46686555899996,47.268343603000055],[-122.46809418499996,47.268748867000056],[-122.46818274599997,47.268746677000074],[-122.46818071699994,47.26436403700006],[-122.46332460999999,47.262784649000025],[-122.46080525999999,47.26637114100003],[-122.46218645299994,47.266819465000026],[-122.46090108399994,47.26865022900006],[-122.45814035199999,47.26775830500003],[-122.45700028199997,47.26689155300006],[-122.45537795699995,47.26686017500003],[-122.45612506799992,47.267213328000025],[-122.45638074999997,47.267835778000055],[-122.45787758899995,47.268528530000026],[-122.459267196,47.27138777600003],[-122.46082369499999,47.27192195400004],[-122.463673724,47.27191586600002],[-122.46369129099998,47.274777189000076],[-122.46690732599993,47.274761365000074]]]},"properties":{"COUNTY":"Pierce","PRECCODE":27424,"PRECNAME":"27-424 Tacoma","PRECINCT":"Pierce 27424","DESCRIPTIO":"North Slope Northwest (Lowell Elementary School, 'K' Street Apartments, McCarver Street Hill)","OFFICE":"County Councilor District 7","JURISDICTION":"County Council","RACE":"Pierce County District 7 County Councilor District 7","Name_1":"Brenda Lykins","Party_1":"Democratic_1","Votes_1":"404","Name_2":"Mike Solan","Party_2":"Republican_1","Votes_2":"87","Name_3":"Chuck West","Party_3":"Independent_1","Votes_3":"47","Name_4":"Ann E. Jolie","Party_4":"Republican_2","Votes_4":"5","Name_5":"Write-In","Party_5":"None_1","Votes_5":"1","Name_6":null,"Party_6":null,"Votes_6":"0","Name_7":null,"Party_7":null,"Votes_7":"0","Votes_total":"544","Pct_1":74.26,"Pct_2":15.99,"Pct_3":8.64,"Pct_4":0.92,"Pct_5":0.18,"Pct_6":0,"Pct_7":0,"Margin":58.27}},
{"type":"Feature","geometry":{"type":"Polygon","coordinates":[[[-122.46818071699994,47.26436403700006],[-122.46817544699994,47.25722933900005],[-122.46833882699997,47.25545026800006],[-122.46470300299997,47.25548684800004],[-122.46301924499996,47.25609836900002],[-122.45863548899996,47.256551840000036],[-122.458990854,47.25809515000003],[-122.45766878399996,47.25876423700004],[-122.45905120299994,47.259210327000055],[-122.45780080599998,47.26098940600007],[-122.46818071699994,47.26436403700006]]]},"properties":{"COUNTY":"Pierce","PRECCODE":27425,"PRECNAME":"27-425 Tacoma","PRECINCT":"Pierce 27425","DESCRIPTIO":"North Slope Far South (Hilltop Heritage Middle School, North Cushman Avenue, Savannah Condos)","OFFICE":"County Councilor District 7","JURISDICTION":"County Council","RACE":"Pierce County District 7 County Councilor District 7","Name_1":"Brenda Lykins","Party_1":"Democratic_1","Votes_1":"434","Name_2":"Mike Solan","Party_2":"Republican_1","Votes_2":"59","Name_3":"Chuck West","Party_3":"Independent_1","Votes_3":"32","Name_4":"Ann E. Jolie","Party_4":"Republican_2","Votes_4":"5","Name_5":null,"Party_5":null,"Votes_5":"0","Name_6":null,"Party_6":null,"Votes_6":"0","Name_7":null,"Party_7":null,"Votes_7":"0","Votes_total":"530","Pct_1":81.89,"Pct_2":11.13,"Pct_3":6.04,"Pct_4":0.94,"Pct_5":0,"Pct_6":0,"Pct_7":0,"Margin":70.76}},
{"type":"Feature","geometry":{"type":"Polygon","coordinates":[[[-122.44189354399998,47.26019274500003],[-122.44075385199996,47.25844538500007],[-122.44035364999995,47.25848582300006],[-122.44134317399994,47.26118419000005],[-122.440353857,47.26126919000006],[-122.43917381199996,47.260579772000035],[-122.44540639367524,47.267367718749334],[-122.44799052299999,47.26833809200007],[-122.45205056676515,47.271588973872205],[-122.4573797,47.2735242],[-122.45716826832931,47.27405336600319],[-122.45853182199994,47.274003127000064],[-122.45861512399993,47.27436454900004],[-122.4577792483437,47.27420188176485],[-122.46008174709601,47.274829988841574],[-122.45969519713664,47.27496547754085],[-122.46191327929692,47.27573786990467],[-122.46315495299994,47.27547008800007],[-122.46476407299997,47.275880872000066],[-122.46530884899992,47.27580510000006],[-122.46529990699995,47.27477185600002],[-122.46369129099998,47.274777189000076],[-122.463673724,47.27191586600002],[-122.46082369499999,47.27192195400004],[-122.459267196,47.27138777600003],[-122.45787758899995,47.268528530000026],[-122.45638074999997,47.267835778000055],[-122.45612506799992,47.267213328000025],[-122.45537795699995,47.26686017500003],[-122.44703505999996,47.26414132000007],[-122.445907467,47.26471087400006],[-122.44189354399998,47.26019274500003]]]},"properties":{"COUNTY":"Pierce","PRECCODE":27426,"PRECNAME":"27-426 Tacoma","PRECINCT":"Pierce 27426","DESCRIPTIO":"Stadium District North (Ansonia Condos), North Slope North (Garfield Park)","OFFICE":"County Councilor District 7","JURISDICTION":"County Council","RACE":"Pierce County District 7 County Councilor District 7","Name_1":"Brenda Lykins","Party_1":"Democratic_1","Votes_1":"316","Name_2":"Mike Solan","Party_2":"Republican_1","Votes_2":"93","Name_3":"Chuck West","Party_3":"Independent_1","Votes_3":"41","Name_4":"Ann E. Jolie","Party_4":"Republican_2","Votes_4":"7","Name_5":null,"Party_5":null,"Votes_5":"0","Name_6":null,"Party_6":null,"Votes_6":"0","Name_7":null,"Party_7":null,"Votes_7":"0","Votes_total":"457","Pct_1":69.15,"Pct_2":20.35,"Pct_3":8.97,"Pct_4":1.53,"Pct_5":0,"Pct_6":0,"Pct_7":0,"Margin":48.8}},
{"type":"Feature","geometry":{"type":"Polygon","coordinates":[[[-122.45537795699995,47.26686017500003],[-122.45700028199997,47.26689155300006],[-122.45814035199999,47.26775830500003],[-122.46090108399994,47.26865022900006],[-122.46218645299994,47.266819465000026],[-122.46080525999999,47.26637114100003],[-122.46332460999999,47.262784649000025],[-122.45917831199995,47.26143834700008],[-122.45855661699996,47.26232714400003],[-122.45717617199993,47.26188202900004],[-122.45592361199996,47.26366043500008],[-122.45316498899994,47.262761670000025],[-122.45123227699996,47.26550603600003],[-122.45537795699995,47.26686017500003]]]},"properties":{"COUNTY":"Pierce","PRECCODE":27427,"PRECNAME":"27-427 Tacoma","PRECINCT":"Pierce 27427","DESCRIPTIO":"North Slope Center ('G' Street Apartments, North Slope Park)","OFFICE":"County Councilor District 7","JURISDICTION":"County Council","RACE":"Pierce County District 7 County Councilor District 7","Name_1":"Brenda Lykins","Party_1":"Democratic_1","Votes_1":"349","Name_2":"Mike Solan","Party_2":"Republican_1","Votes_2":"54","Name_3":"Chuck West","Party_3":"Independent_1","Votes_3":"42","Name_4":"Ann E. Jolie","Party_4":"Republican_2","Votes_4":"5","Name_5":null,"Party_5":null,"Votes_5":"0","Name_6":null,"Party_6":null,"Votes_6":"0","Name_7":null,"Party_7":null,"Votes_7":"0","Votes_total":"450","Pct_1":77.56,"Pct_2":12,"Pct_3":9.33,"Pct_4":1.11,"Pct_5":0,"Pct_6":0,"Pct_7":0,"Margin":65.56}},
{"type":"Feature","geometry":{"type":"Polygon","coordinates":[[[-122.45003623599996,47.25745212900006],[-122.44635277099997,47.257837118000054],[-122.44656305699998,47.25887844400006],[-122.44585819999998,47.25894694700003],[-122.44598308699993,47.26003298500007],[-122.44520343699995,47.26024913300006],[-122.44652857599998,47.262057263000024],[-122.44703505999996,47.26414132000007],[-122.45123227699996,47.26550603600003],[-122.45316498899994,47.262761670000025],[-122.45109696299996,47.26208794200004],[-122.45003623599996,47.25745212900006]]]},"properties":{"COUNTY":"Pierce","PRECCODE":27428,"PRECNAME":"27-428 Tacoma","PRECINCT":"Pierce 27428","DESCRIPTIO":"Stadium District South (Stadium Apartments), St. Helens West (Wright Park Senior Apartments)","OFFICE":"County Councilor District 7","JURISDICTION":"County Council","RACE":"Pierce County District 7 County Councilor District 7","Name_1":"Brenda Lykins","Party_1":"Democratic_1","Votes_1":"259","Name_2":"Mike Solan","Party_2":"Republican_1","Votes_2":"41","Name_3":"Chuck West","Party_3":"Independent_1","Votes_3":"20","Name_4":"Ann E. Jolie","Party_4":"Republican_2","Votes_4":"3","Name_5":null,"Party_5":null,"Votes_5":"0","Name_6":null,"Party_6":null,"Votes_6":"0","Name_7":null,"Party_7":null,"Votes_7":"0","Votes_total":"323","Pct_1":80.19,"Pct_2":12.69,"Pct_3":6.19,"Pct_4":0.93,"Pct_5":0,"Pct_6":0,"Pct_7":0,"Margin":67.5}},
{"type":"Feature","geometry":{"type":"Polygon","coordinates":[[[-122.44189354399998,47.26019274500003],[-122.445907467,47.26471087400006],[-122.44703505999996,47.26414132000007],[-122.44652857599998,47.262057263000024],[-122.44520343699995,47.26024913300006],[-122.44598308699993,47.26003298500007],[-122.44585819999998,47.25894694700003],[-122.44656305699998,47.25887844400006],[-122.44635277099997,47.257837118000054],[-122.44201470599995,47.25904641400006],[-122.44228185399996,47.25943797700006],[-122.44155258299998,47.25966606300005],[-122.44189354399998,47.26019274500003]]]},"properties":{"COUNTY":"Pierce","PRECCODE":27429,"PRECNAME":"27-429 Tacoma","PRECINCT":"Pierce 27429","DESCRIPTIO":"St. Helens East (Orion Apartments, Overlook on Broadway Condos, Hanna Heights Apartments)","OFFICE":"County Councilor District 7","JURISDICTION":"County Council","RACE":"Pierce County District 7 County Councilor District 7","Name_1":"Brenda Lykins","Party_1":"Democratic_1","Votes_1":"265","Name_2":"Mike Solan","Party_2":"Republican_1","Votes_2":"42","Name_3":"Chuck West","Party_3":"Independent_1","Votes_3":"30","Name_4":"Ann E. Jolie","Party_4":"Republican_2","Votes_4":"3","Name_5":"Write-In","Party_5":"None_1","Votes_5":"1","Name_6":null,"Party_6":null,"Votes_6":"0","Name_7":null,"Party_7":null,"Votes_7":"0","Votes_total":"341","Pct_1":77.71,"Pct_2":12.32,"Pct_3":8.8,"Pct_4":0.88,"Pct_5":0.29,"Pct_6":0,"Pct_7":0,"Margin":65.39}},
{"type":"Feature","geometry":{"type":"Polygon","coordinates":[[[-122.49972174,47.29424746500007],[-122.49888250799994,47.294746238000066],[-122.49992185999999,47.29538121600006],[-122.49902587111798,47.29653477057346],[-122.50102318399996,47.29784564800007],[-122.50161382399995,47.297911691000074],[-122.5020023797499,47.2986411937024],[-122.50513991837568,47.30079525303719],[-122.50518780599998,47.29485536300006],[-122.50513516899998,47.293905367000036],[-122.50513010099996,47.29069790600005],[-122.49854329399994,47.290683978000054],[-122.49854628299994,47.29174140600002],[-122.49986935499996,47.29247705100004],[-122.49992947599996,47.29302042600005],[-122.50248368899999,47.29311682600007],[-122.50300804399994,47.294478440000034],[-122.502458398,47.29485526600006],[-122.50024440799996,47.294284137000034],[-122.49972174,47.29424746500007]]]},"properties":{"COUNTY":"Pierce","PRECCODE":27473,"PRECNAME":"27-473 Tacoma","PRECINCT":"Pierce 27473","DESCRIPTIO":"Point Ruston (Rainier Condos, Copperline Apartments), NW Tacoma Northeast (Ferdinand Street Hill)","OFFICE":"County Councilor District 7","JURISDICTION":"County Council","RACE":"Pierce County District 7 County Councilor District 7","Name_1":"Brenda Lykins","Party_1":"Democratic_1","Votes_1":"351","Name_2":"Mike Solan","Party_2":"Republican_1","Votes_2":"157","Name_3":"Chuck West","Party_3":"Independent_1","Votes_3":"59","Name_4":"Ann E. Jolie","Party_4":"Republican_2","Votes_4":"10","Name_5":"Write-In","Party_5":"None_1","Votes_5":"1","Name_6":null,"Party_6":null,"Votes_6":"0","Name_7":null,"Party_7":null,"Votes_7":"0","Votes_total":"578","Pct_1":60.73,"Pct_2":27.16,"Pct_3":10.21,"Pct_4":1.73,"Pct_5":0.17,"Pct_6":0,"Pct_7":0,"Margin":33.57}},
{"type":"Feature","geometry":{"type":"Polygon","coordinates":[[[-122.48884521499998,47.27486340200005],[-122.48876190399994,47.28147802100005],[-122.49415709699996,47.281466978000026],[-122.49605658399999,47.281981845000075],[-122.49612350999996,47.28054586800005],[-122.49612305299998,47.27869169300004],[-122.496186026,47.274904682000056],[-122.48884521499998,47.27486340200005]]]},"properties":{"COUNTY":"Pierce","PRECCODE":27478,"PRECNAME":"27-478 Tacoma","PRECINCT":"Pierce 27478","DESCRIPTIO":"Proctor Area North (N 30th-37th & Proctor-Stevens)","OFFICE":"County Councilor District 7","JURISDICTION":"County Council","RACE":"Pierce County District 7 County Councilor District 7","Name_1":"Brenda Lykins","Party_1":"Democratic_1","Votes_1":"274","Name_2":"Mike Solan","Party_2":"Republican_1","Votes_2":"65","Name_3":"Chuck West","Party_3":"Independent_1","Votes_3":"32","Name_4":"Ann E. Jolie","Party_4":"Republican_2","Votes_4":"2","Name_5":null,"Party_5":null,"Votes_5":"0","Name_6":null,"Party_6":null,"Votes_6":"0","Name_7":null,"Party_7":null,"Votes_7":"0","Votes_total":"373","Pct_1":73.46,"Pct_2":17.43,"Pct_3":8.58,"Pct_4":0.54,"Pct_5":0,"Pct_6":0,"Pct_7":0,"Margin":56.03}},
{"type":"Feature","geometry":{"type":"Polygon","coordinates":[[[-122.45592361199996,47.26366043500008],[-122.45717617199993,47.26188202900004],[-122.45855661699996,47.26232714400003],[-122.45917831199995,47.26143834700008],[-122.45780080599998,47.26098940600007],[-122.45905120299994,47.259210327000055],[-122.45766878399996,47.25876423700004],[-122.458990854,47.25809515000003],[-122.45863548899996,47.256551840000036],[-122.45003623599996,47.25745212900006],[-122.45109696299996,47.26208794200004],[-122.45592361199996,47.26366043500008]]]},"properties":{"COUNTY":"Pierce","PRECCODE":27480,"PRECNAME":"27-480 Tacoma","PRECINCT":"Pierce 27480","DESCRIPTIO":"North Slope East (Maples Apartments), The Wedge (Mary Bridge Children's Hospital)","OFFICE":"County Councilor District 7","JURISDICTION":"County Council","RACE":"Pierce County District 7 County Councilor District 7","Name_1":"Brenda Lykins","Party_1":"Democratic_1","Votes_1":"182","Name_2":"Chuck West","Party_2":"Independent_1","Votes_2":"24","Name_3":"Mike Solan","Party_3":"Republican_1","Votes_3":"17","Name_4":"Ann E. Jolie","Party_4":"Republican_2","Votes_4":"3","Name_5":null,"Party_5":null,"Votes_5":"0","Name_6":null,"Party_6":null,"Votes_6":"0","Name_7":null,"Party_7":null,"Votes_7":"0","Votes_total":"226","Pct_1":80.53,"Pct_2":10.62,"Pct_3":7.52,"Pct_4":1.33,"Pct_5":0,"Pct_6":0,"Pct_7":0,"Margin":69.91}},
{"type":"Feature","geometry":{"type":"Polygon","coordinates":[[[-122.48410784399998,47.272014253000066],[-122.48411548099995,47.272438855000075],[-122.48410110699996,47.274768556000026],[-122.48884521499998,47.27486340200005],[-122.496186026,47.274904682000056],[-122.497709897,47.27490425300004],[-122.49771947199994,47.27397061800008],[-122.49925503799992,47.27397874400003],[-122.499247261,47.27305380000006],[-122.50231762399993,47.27306366700003],[-122.50232445799996,47.27198853600003],[-122.48410784399998,47.272014253000066]]]},"properties":{"COUNTY":"Pierce","PRECCODE":27486,"PRECNAME":"27-486 Tacoma","PRECINCT":"Pierce 27486","DESCRIPTIO":"Proctor District North (Mason Middle School, N 28th & Verde, Proctor Flats Apartments)","OFFICE":"County Councilor District 7","JURISDICTION":"County Council","RACE":"Pierce County District 7 County Councilor District 7","Name_1":"Brenda Lykins","Party_1":"Democratic_1","Votes_1":"252","Name_2":"Mike Solan","Party_2":"Republican_1","Votes_2":"56","Name_3":"Chuck West","Party_3":"Independent_1","Votes_3":"38","Name_4":"Ann E. Jolie","Party_4":"Republican_2","Votes_4":"2","Name_5":null,"Party_5":null,"Votes_5":"0","Name_6":null,"Party_6":null,"Votes_6":"0","Name_7":null,"Party_7":null,"Votes_7":"0","Votes_total":"348","Pct_1":72.41,"Pct_2":16.09,"Pct_3":10.92,"Pct_4":0.57,"Pct_5":0,"Pct_6":0,"Pct_7":0,"Margin":56.32}},
{"type":"Feature","geometry":{"type":"Polygon","coordinates":[[[-122.53002403999993,47.27507301300005],[-122.53272574334316,47.27634000719893],[-122.5342369047514,47.27418102969685],[-122.54494605199996,47.26403887800006],[-122.540185141,47.260237759000056],[-122.53866468599995,47.25946369800004],[-122.53800141199997,47.259223410000054],[-122.53765837499995,47.25912764100007],[-122.53712617399998,47.259016301000024],[-122.53715828699994,47.25970650600004],[-122.537194866,47.26358044800003],[-122.53585431899994,47.26358062000002],[-122.53586772399994,47.265429856000026],[-122.53186441999996,47.26540009000007],[-122.53212384399997,47.26827047700004],[-122.53074245399995,47.27000679000002],[-122.52904846199996,47.27129998800007],[-122.52519176699998,47.27204133500003],[-122.52457478099997,47.27211300100004],[-122.52390221399997,47.272122366000076],[-122.52383953699994,47.272623069000076],[-122.52535718599995,47.27295245000004],[-122.52754679999995,47.27426046800008],[-122.53002403999993,47.27507301300005]]]},"properties":{"COUNTY":"Pierce","PRECCODE":27501,"PRECNAME":"27-501 Tacoma","PRECINCT":"Pierce 27501","DESCRIPTIO":"Skyline West (Cascade Avenue), Skyline Northwest (Bridgeview Drive, Narrows Place)","OFFICE":"County Councilor District 7","JURISDICTION":"County Council","RACE":"Pierce County District 7 County Councilor District 7","Name_1":"Brenda Lykins","Party_1":"Democratic_1","Votes_1":"291","Name_2":"Mike Solan","Party_2":"Republican_1","Votes_2":"145","Name_3":"Chuck West","Party_3":"Independent_1","Votes_3":"57","Name_4":"Ann E. Jolie","Party_4":"Republican_2","Votes_4":"5","Name_5":null,"Party_5":null,"Votes_5":"0","Name_6":null,"Party_6":null,"Votes_6":"0","Name_7":null,"Party_7":null,"Votes_7":"0","Votes_total":"498","Pct_1":58.43,"Pct_2":29.12,"Pct_3":11.45,"Pct_4":1,"Pct_5":0,"Pct_6":0,"Pct_7":0,"Margin":29.31}},
{"type":"Feature","geometry":{"type":"Polygon","coordinates":[[[-122.52659032699997,47.268925539000065],[-122.52664290799996,47.269729117000054],[-122.529442235,47.26963804600006],[-122.53074245399995,47.27000679000002],[-122.53212384399997,47.26827047700004],[-122.53186441999996,47.26540009000007],[-122.53586772399994,47.265429856000026],[-122.53585431899994,47.26358062000002],[-122.537194866,47.26358044800003],[-122.53715828699994,47.25970650600004],[-122.53712270899997,47.258921771000075],[-122.53666616399991,47.25884222900004],[-122.53558716899991,47.25875489400005],[-122.53021296199994,47.25888091600007],[-122.52656999699995,47.25869472300007],[-122.52659032699997,47.268925539000065]]]},"properties":{"COUNTY":"Pierce","PRECCODE":27502,"PRECNAME":"27-502 Tacoma","PRECINCT":"Pierce 27502","DESCRIPTIO":"Skyline South (Skyline Drive, Heatherwood, Optimist Park)","OFFICE":"County Councilor District 7","JURISDICTION":"County Council","RACE":"Pierce County District 7 County Councilor District 7","Name_1":"Brenda Lykins","Party_1":"Democratic_1","Votes_1":"322","Name_2":"Mike Solan","Party_2":"Republican_1","Votes_2":"119","Name_3":"Chuck West","Party_3":"Independent_1","Votes_3":"65","Name_4":"Ann E. Jolie","Party_4":"Republican_2","Votes_4":"15","Name_5":null,"Party_5":null,"Votes_5":"0","Name_6":null,"Party_6":null,"Votes_6":"0","Name_7":null,"Party_7":null,"Votes_7":"0","Votes_total":"521","Pct_1":61.8,"Pct_2":22.84,"Pct_3":12.48,"Pct_4":2.88,"Pct_5":0,"Pct_6":0,"Pct_7":0,"Margin":38.96}},
{"type":"Feature","geometry":{"type":"Polygon","coordinates":[[[-122.51849265499997,47.263013371000056],[-122.521246524,47.261776542000064],[-122.52125651899995,47.258505602000064],[-122.52126952499998,47.25828931600006],[-122.51858896399995,47.258095045000054],[-122.51755836399995,47.25793813500007],[-122.51713137899998,47.25783263300008],[-122.515954826,47.25737602200007],[-122.51591160799995,47.26276831900003],[-122.51594173899997,47.263317482000055],[-122.51795962199996,47.26321093300003],[-122.51849265499997,47.263013371000056]]]},"properties":{"COUNTY":"Pierce","PRECCODE":27503,"PRECNAME":"27-503 Tacoma","PRECINCT":"Pierce 27503","DESCRIPTIO":"Westgate Area Far South (Westside Estates Apartments, Parkway Gardens Senior Condos)","OFFICE":"County Councilor District 7","JURISDICTION":"County Council","RACE":"Pierce County District 7 County Councilor District 7","Name_1":"Brenda Lykins","Party_1":"Democratic_1","Votes_1":"141","Name_2":"Mike Solan","Party_2":"Republican_1","Votes_2":"19","Name_3":"Chuck West","Party_3":"Independent_1","Votes_3":"19","Name_4":"Ann E. Jolie","Party_4":"Republican_2","Votes_4":"7","Name_5":"Write-In","Party_5":"None_1","Votes_5":"1","Name_6":null,"Party_6":null,"Votes_6":"0","Name_7":null,"Party_7":null,"Votes_7":"0","Votes_total":"187","Pct_1":75.4,"Pct_2":10.16,"Pct_3":10.16,"Pct_4":3.74,"Pct_5":0.53,"Pct_6":0,"Pct_7":0,"Margin":65.24}},
{"type":"Feature","geometry":{"type":"Polygon","coordinates":[[[-122.54494605199996,47.26403887800006],[-122.550458963,47.25518476600008],[-122.55239509770159,47.25371140436029],[-122.55275520632885,47.25240458223838],[-122.55253294444816,47.25047315378128],[-122.5518707024536,47.24890135934812],[-122.55145716962582,47.24883029291722],[-122.55114196780553,47.249383891951105],[-122.55043370220726,47.2491225587862],[-122.55026516747375,47.24857182711667],[-122.5508089677003,47.24776822609389],[-122.55190063613394,47.248828093229704],[-122.55314070060247,47.24714169266442],[-122.55415480599999,47.246499182000036],[-122.55354851799994,47.24649871700006],[-122.54999563999996,47.246756333000064],[-122.54954836399999,47.24718021800004],[-122.54767483399996,47.25180214500005],[-122.54680485299998,47.252227429000065],[-122.54314110699993,47.25247823000006],[-122.53956665899993,47.25358864700008],[-122.53899556299997,47.254445856000075],[-122.53902171399996,47.254893696000074],[-122.53860726,47.255362785000045],[-122.53776516299995,47.25555282600004],[-122.53135040299998,47.255516501000045],[-122.53134690599995,47.25885135400006],[-122.53558716899991,47.25875489400005],[-122.53666616399991,47.25884222900004],[-122.53712270899997,47.258921771000075],[-122.53712617399998,47.259016301000024],[-122.53738206399996,47.259065116000045],[-122.53781963899996,47.25917123600004],[-122.53800141199997,47.259223410000054],[-122.53866468599995,47.25946369800004],[-122.540185141,47.260237759000056],[-122.54494605199996,47.26403887800006]]]},"properties":{"COUNTY":"Pierce","PRECCODE":27504,"PRECNAME":"27-504 Tacoma","PRECINCT":"Pierce 27504","DESCRIPTIO":"West Slope Center (North Sunset Drive, Cogir Senior Living), TCC Area Far NW (Sunset Plaza Condos)","OFFICE":"County Councilor District 7","JURISDICTION":"County Council","RACE":"Pierce County District 7 County Councilor District 7","Name_1":"Brenda Lykins","Party_1":"Democratic_1","Votes_1":"292","Name_2":"Mike Solan","Party_2":"Republican_1","Votes_2":"111","Name_3":"Chuck West","Party_3":"Independent_1","Votes_3":"42","Name_4":"Ann E. Jolie","Party_4":"Republican_2","Votes_4":"12","Name_5":null,"Party_5":null,"Votes_5":"0","Name_6":null,"Party_6":null,"Votes_6":"0","Name_7":null,"Party_7":null,"Votes_7":"0","Votes_total":"457","Pct_1":63.89,"Pct_2":24.29,"Pct_3":9.19,"Pct_4":2.63,"Pct_5":0,"Pct_6":0,"Pct_7":0,"Margin":39.6}},
{"type":"Feature","geometry":{"type":"Polygon","coordinates":[[[-122.55354851799994,47.24649871700006],[-122.55418869799993,47.24649021600004],[-122.55485570099992,47.24595756300005],[-122.55631673899994,47.243782667000055],[-122.5579087,47.2435058],[-122.55810839868082,47.2442902275182],[-122.55920191599994,47.24394030200005],[-122.56005636959267,47.244035292133944],[-122.55915364799995,47.24362680300004],[-122.55917190508046,47.24267473344739],[-122.53977116799997,47.24268773300003],[-122.539607108,47.246792787000054],[-122.53877654499993,47.24687567500006],[-122.53878919299996,47.24993828100003],[-122.53699775399997,47.24992798000005],[-122.53697930899995,47.25509454300004],[-122.53700028599997,47.255546562000056],[-122.53776516299995,47.25555282600004],[-122.53860726,47.255362785000045],[-122.53902171399996,47.254893696000074],[-122.53899556299997,47.254445856000075],[-122.53956665899993,47.25358864700008],[-122.54314110699993,47.25247823000006],[-122.54680485299998,47.252227429000065],[-122.54767483399996,47.25180214500005],[-122.54954836399999,47.24718021800004],[-122.54999563999996,47.246756333000064],[-122.55354851799994,47.24649871700006]]]},"properties":{"COUNTY":"Pierce","PRECCODE":27505,"PRECNAME":"27-505 Tacoma","PRECINCT":"Pierce 27505","DESCRIPTIO":"West Slope South (South Sunset Drive, Titlow Park, Hegra Road)","OFFICE":"County Councilor District 7","JURISDICTION":"County Council","RACE":"Pierce County District 7 County Councilor District 7","Name_1":"Brenda Lykins","Party_1":"Democratic_1","Votes_1":"323","Name_2":"Mike Solan","Party_2":"Republican_1","Votes_2":"164","Name_3":"Chuck West","Party_3":"Independent_1","Votes_3":"52","Name_4":"Ann E. Jolie","Party_4":"Republican_2","Votes_4":"15","Name_5":null,"Party_5":null,"Votes_5":"0","Name_6":null,"Party_6":null,"Votes_6":"0","Name_7":null,"Party_7":null,"Votes_7":"0","Votes_total":"554","Pct_1":58.3,"Pct_2":29.6,"Pct_3":9.39,"Pct_4":2.71,"Pct_5":0,"Pct_6":0,"Pct_7":0,"Margin":28.7}},
{"type":"Feature","geometry":{"type":"Polygon","coordinates":[[[-122.52632704799996,47.24273398100007],[-122.52633671299998,47.24992033200004],[-122.53515589199998,47.24993899600002],[-122.53515830099995,47.25359875100002],[-122.53698395999999,47.253614927000065],[-122.53699775399997,47.24992798000005],[-122.53878919299996,47.24993828100003],[-122.53877654499993,47.24687567500006],[-122.539607108,47.246792787000054],[-122.53977116799997,47.24268773300003],[-122.52632704799996,47.24273398100007]]]},"properties":{"COUNTY":"Pierce","PRECCODE":27506,"PRECNAME":"27-506 Tacoma","PRECINCT":"Pierce 27506","DESCRIPTIO":"West Slope Southeast (St. Charles Borromeo Church), TCC Area West (Lakeside Landing Apartments)","OFFICE":"County Councilor District 7","JURISDICTION":"County Council","RACE":"Pierce County District 7 County Councilor District 7","Name_1":"Brenda Lykins","Party_1":"Democratic_1","Votes_1":"307","Name_2":"Mike Solan","Party_2":"Republican_1","Votes_2":"114","Name_3":"Chuck West","Party_3":"Independent_1","Votes_3":"54","Name_4":"Ann E. Jolie","Party_4":"Republican_2","Votes_4":"13","Name_5":"Write-In","Party_5":"None_1","Votes_5":"1","Name_6":null,"Party_6":null,"Votes_6":"0","Name_7":null,"Party_7":null,"Votes_7":"0","Votes_total":"489","Pct_1":62.78,"Pct_2":23.31,"Pct_3":11.04,"Pct_4":2.66,"Pct_5":0.2,"Pct_6":0,"Pct_7":0,"Margin":39.47}},
{"type":"Feature","geometry":{"type":"Polygon","coordinates":[[[-122.52633671299998,47.24992033200004],[-122.52632704799996,47.24273398100007],[-122.51595884499996,47.242797125000045],[-122.51594894299993,47.255428805000065],[-122.515954826,47.25737602200007],[-122.51713137899998,47.25783263300008],[-122.51755836399995,47.25793813500007],[-122.51858896399995,47.258095045000054],[-122.521789201,47.25832700700005],[-122.52656999699995,47.25869472300007],[-122.52633671299998,47.24992033200004]]]},"properties":{"COUNTY":"Pierce","PRECCODE":27507,"PRECNAME":"27-507 Tacoma","PRECINCT":"Pierce 27507","DESCRIPTIO":"TCC Area North (Outrigger Apartments, Spanish Hills Apartments)","OFFICE":"County Councilor District 7","JURISDICTION":"County Council","RACE":"Pierce County District 7 County Councilor District 7","Name_1":"Brenda Lykins","Party_1":"Democratic_1","Votes_1":"81","Name_2":"Mike Solan","Party_2":"Republican_1","Votes_2":"31","Name_3":"Chuck West","Party_3":"Independent_1","Votes_3":"10","Name_4":"Ann E. Jolie","Party_4":"Republican_2","Votes_4":"5","Name_5":null,"Party_5":null,"Votes_5":"0","Name_6":null,"Party_6":null,"Votes_6":"0","Name_7":null,"Party_7":null,"Votes_7":"0","Votes_total":"127","Pct_1":63.78,"Pct_2":24.41,"Pct_3":7.87,"Pct_4":3.94,"Pct_5":0,"Pct_6":0,"Pct_7":0,"Margin":39.37}},
{"type":"Feature","geometry":{"type":"Polygon","coordinates":[[[-122.51795962199996,47.26321093300003],[-122.51594173899997,47.263317482000055],[-122.51591620599997,47.26713384200008],[-122.52516609599996,47.265529994000076],[-122.526580465,47.26541898000004],[-122.52656999699995,47.25869472300007],[-122.521789201,47.25832700700005],[-122.52126952499998,47.25828931600006],[-122.52125651899995,47.258505602000064],[-122.521246524,47.261776542000064],[-122.51849265499997,47.263013371000056],[-122.51795962199996,47.26321093300003]]]},"properties":{"COUNTY":"Pierce","PRECCODE":27510,"PRECNAME":"27-510 Tacoma","PRECINCT":"Pierce 27510","DESCRIPTIO":"Westgate Area Southwest (Terrace Senior Living, Highlands Condos, Highlands Golf Course)","OFFICE":"County Councilor District 7","JURISDICTION":"County Council","RACE":"Pierce County District 7 County Councilor District 7","Name_1":"Brenda Lykins","Party_1":"Democratic_1","Votes_1":"317","Name_2":"Mike Solan","Party_2":"Republican_1","Votes_2":"91","Name_3":"Chuck West","Party_3":"Independent_1","Votes_3":"45","Name_4":"Ann E. Jolie","Party_4":"Republican_2","Votes_4":"5","Name_5":null,"Party_5":null,"Votes_5":"0","Name_6":null,"Party_6":null,"Votes_6":"0","Name_7":null,"Party_7":null,"Votes_7":"0","Votes_total":"458","Pct_1":69.21,"Pct_2":19.87,"Pct_3":9.83,"Pct_4":1.09,"Pct_5":0,"Pct_6":0,"Pct_7":0,"Margin":49.34}},
{"type":"Feature","geometry":{"type":"Polygon","coordinates":[[[-122.52656999699995,47.25869472300007],[-122.53021296199994,47.25888091600007],[-122.53134690599995,47.25885135400006],[-122.53135040299998,47.255516501000045],[-122.53700028599997,47.255546562000056],[-122.53697930899995,47.25509454300004],[-122.53698395999999,47.253614927000065],[-122.53515830099995,47.25359875100002],[-122.53515589199998,47.24993899600002],[-122.52633671299998,47.24992033200004],[-122.52656999699995,47.25869472300007]]]},"properties":{"COUNTY":"Pierce","PRECCODE":27591,"PRECNAME":"27-591 Tacoma","PRECINCT":"Pierce 27591","DESCRIPTIO":"TCC Area Northwest (Swasey Library, Rochester Street, Miramar Apartments, Geiger Elementary)","OFFICE":"County Councilor District 7","JURISDICTION":"County Council","RACE":"Pierce County District 7 County Councilor District 7","Name_1":"Brenda Lykins","Party_1":"Democratic_1","Votes_1":"204","Name_2":"Mike Solan","Party_2":"Republican_1","Votes_2":"49","Name_3":"Chuck West","Party_3":"Independent_1","Votes_3":"31","Name_4":"Ann E. Jolie","Party_4":"Republican_2","Votes_4":"5","Name_5":null,"Party_5":null,"Votes_5":"0","Name_6":null,"Party_6":null,"Votes_6":"0","Name_7":null,"Party_7":null,"Votes_7":"0","Votes_total":"289","Pct_1":70.59,"Pct_2":16.96,"Pct_3":10.73,"Pct_4":1.73,"Pct_5":0,"Pct_6":0,"Pct_7":0,"Margin":53.63}}
]}