{
"type": "FeatureCollection",
"crs": { "type": "name", "properties": { "name": "urn:ogc:def:crs:OGC:1.3:CRS84" } },
"features": [
{ "type": "Feature", "properties": { "DISTRICT": "Yakima County District 1", "OFFICE": "County Commissioner District 1", "JURISDICTION": "County Council", "RACE": "Yakima County District 1 County Commissioner District 1", "Name_1": "Roman Buermann", "Party_1": "(Prefers Tea Party)_1", "Votes_1": "0", "Name_2": "Robert Udell", "Party_2": "Republican_1", "Votes_2": "0", "Name_3": "Dave Mullen", "Party_3": "Republican_3", "Votes_3": "0", "Name_4": "Kristoffer Strutner", "Party_4": "Republican_2", "Votes_4": "0", "Name_5": "Write-In", "Party_5": "None_1", "Votes_5": "0", "Name_6": null, "Party_6": null, "Votes_6": "0", "Name_7": null, "Party_7": null, "Votes_7": "0", "Votes_total": "0", "Pct_1": null, "Pct_2": null, "Pct_3": null, "Pct_4": null, "Pct_5": null, "Pct_6": null, "Pct_7": null, "Margin": 0.0 }, "geometry": { "type": "MultiPolygon", "coordinates": [ [ [ [ -121.277009099999958, 46.474379551 ], [ -121.273773927999983, 46.474401524000044 ], [ -121.271255058999941, 46.474418568000033 ], [ -121.268012714999983, 46.474407414000083 ], [ -121.266760532999939, 46.473844499000052 ], [ -121.26618306999994, 46.472608701000027 ], [ -121.265723116, 46.471624336000026 ], [ -121.265303432999985, 46.470144399000056 ], [ -121.268988655, 46.469263165000065 ], [ -121.272536355999989, 46.467508361000085 ], [ -121.27690793099994, 46.465725559000106 ], [ -121.279525358999976, 46.465105083000012 ], [ -121.281082648000037, 46.464210542000075 ], [ -121.281124846999973, 46.464183102000021 ], [ -121.281134463999976, 46.464176848000037 ], [ -121.283176370999982, 46.462849015000039 ], [ -121.283180318999953, 46.462847616000012 ], [ -121.283897157999945, 46.462598180000072 ], [ -121.286962164999963, 46.461531584000014 ], [ -121.291420997000031, 46.460186308000083 ], [ -121.294002988999964, 46.458558610000054 ], [ -121.29653116599998, 46.457433766000065 ], [ -121.299247257, 46.456480147000036 ], [ -121.301225973999948, 46.456591136000071 ], [ -121.301945422999964, 46.456198250000071 ], [ -121.303413129, 46.455396715000099 ], [ -121.304721422999975, 46.456065349 ], [ -121.306876596000038, 46.457166729000086 ], [ -121.309546833999903, 46.45614437100005 ], [ -121.312301419, 46.456129084000032 ], [ -121.315497870999977, 46.455644713000012 ], [ -121.318160571999925, 46.455160139000064 ], [ -121.318985361999964, 46.45472752700006 ], [ -121.320173474999947, 46.455311139000031 ], [ -121.321823120999923, 46.45612141900002 ], [ -121.322141064000036, 46.456966200000103 ], [ -121.322481421999953, 46.457870507000052 ], [ -121.323917774999956, 46.457967584000095 ], [ -121.324653739000013, 46.458017318000032 ], [ -121.324654765, 46.458018045000095 ], [ -121.325325134999957, 46.458494179000056 ], [ -121.327209716999931, 46.458505559000017 ], [ -121.327923165999977, 46.458837049000088 ], [ -121.329475718999916, 46.459558381000086 ], [ -121.33123877899996, 46.459800406000042 ], [ -121.332804664999941, 46.460015339000059 ], [ -121.333484017000018, 46.460918002000049 ], [ -121.33399759199996, 46.461600375000025 ], [ -121.338729738999987, 46.462133285000064 ], [ -121.338763307999926, 46.462122669000074 ], [ -121.339876764999957, 46.46177407 ], [ -121.339991089, 46.461738277000066 ], [ -121.342209354999952, 46.461988199000047 ], [ -121.344384548999983, 46.461636319000064 ], [ -121.34661916499995, 46.461274779000085 ], [ -121.34777300599994, 46.461786237000034 ], [ -121.349163449999978, 46.461499737000047 ], [ -121.350143988999918, 46.461297684000023 ], [ -121.351944471999943, 46.462735480000063 ], [ -121.352641573999989, 46.463292131000024 ], [ -121.354414606999953, 46.464847085000073 ], [ -121.355428880999952, 46.465319345000069 ], [ -121.356385094999922, 46.465764555000042 ], [ -121.357319011999934, 46.466420507000052 ], [ -121.358072120999978, 46.466949449000026 ], [ -121.360673224999985, 46.467233157000052 ], [ -121.36067494699995, 46.467233794000016 ], [ -121.362389400999973, 46.467868606000053 ], [ -121.362702301999917, 46.467984677000061 ], [ -121.363935893999937, 46.467895955000095 ], [ -121.364876778999985, 46.467828276 ], [ -121.36705113899994, 46.467977009000052 ], [ -121.37097244899995, 46.467294213000045 ], [ -121.372046445999985, 46.466327978000031 ], [ -121.374120492, 46.466843966000091 ], [ -121.374405357999947, 46.467685153000062 ], [ -121.375031550999978, 46.467722005 ], [ -121.376206430999929, 46.467912158000011 ], [ -121.378768720000011, 46.468043448000039 ], [ -121.380448765000025, 46.468129501000057 ], [ -121.382030593999986, 46.469421275000087 ], [ -121.383256250999963, 46.470422130000031 ], [ -121.384079789999987, 46.471311528000079 ], [ -121.38440964899992, 46.47166775700007 ], [ -121.387399857999981, 46.47285385100006 ], [ -121.391394549000012, 46.474438177000053 ], [ -121.388922716999943, 46.474457450000052 ], [ -121.385789917, 46.474481800000021 ], [ -121.383995247, 46.474495711000017 ], [ -121.381728293000023, 46.47451324200005 ], [ -121.377918548999929, 46.474542602000078 ], [ -121.374336475999925, 46.47455928300004 ], [ -121.371471618999948, 46.474550266000094 ], [ -121.369566756999987, 46.474544231000039 ], [ -121.36762869099995, 46.474538059000061 ], [ -121.365156760999966, 46.474530137000023 ], [ -121.361810926999979, 46.47451933100011 ], [ -121.358253073999947, 46.474507732000035 ], [ -121.354953359999953, 46.474496876000025 ], [ -121.353333449999937, 46.474491505000024 ], [ -121.350159424999958, 46.474480913000036 ], [ -121.346262394999926, 46.474467787000016 ], [ -121.341963831999976, 46.474453156000052 ], [ -121.340145555999982, 46.474446917000066 ], [ -121.338648752999958, 46.474441761 ], [ -121.335814898999956, 46.47443194300007 ], [ -121.333028163999955, 46.474422512000089 ], [ -121.330927240000022, 46.474415833000073 ], [ -121.326676380999942, 46.4744022 ], [ -121.325455801999937, 46.474398256000036 ], [ -121.324110004999966, 46.474393893000034 ], [ -121.321455620999984, 46.474385239000114 ], [ -121.318282594999985, 46.474374816000051 ], [ -121.315331027999932, 46.474365039000041 ], [ -121.312071664, 46.474354001000016 ], [ -121.310945653, 46.474349851000028 ], [ -121.308418031999935, 46.474340495000057 ], [ -121.305418902999946, 46.474329323000106 ], [ -121.300907852, 46.474312370000035 ], [ -121.298153213, 46.474301929000063 ], [ -121.295955921, 46.474293553000081 ], [ -121.293625810999941, 46.474284625000053 ], [ -121.29074477199994, 46.474285240000015 ], [ -121.286525683, 46.474314385000113 ], [ -121.28215703099994, 46.474344398000021 ], [ -121.280913341999977, 46.474352912000015 ], [ -121.277009099999958, 46.474379551 ] ] ], [ [ [ -120.614824307, 46.565130329000056 ], [ -120.614825669999959, 46.564572287000033 ], [ -120.614827437999963, 46.563848195000048 ], [ -120.613473203999945, 46.563841320000051 ], [ -120.610210962999986, 46.563830154000073 ], [ -120.610009364999939, 46.563830956000061 ], [ -120.609129282999959, 46.563827401000026 ], [ -120.608301909999966, 46.56382465400003 ], [ -120.607838557999969, 46.563823113000069 ], [ -120.607577216999971, 46.56382242400008 ], [ -120.607580624999969, 46.563743755000075 ], [ -120.606616909999957, 46.563731889000053 ], [ -120.605682255999966, 46.563725186000056 ], [ -120.604733267999961, 46.563718373000029 ], [ -120.604351813999983, 46.563715631000036 ], [ -120.60378504, 46.563711557000033 ], [ -120.603261337999982, 46.563707789000034 ], [ -120.602859283999976, 46.563704895000058 ], [ -120.602578051999956, 46.563702869000053 ], [ -120.602258463999988, 46.563700567000069 ], [ -120.602258411999969, 46.563673146000042 ], [ -120.601972245999946, 46.563671563000071 ], [ -120.601807186999963, 46.563670650000063 ], [ -120.601806868999972, 46.563698072000079 ], [ -120.601098273, 46.563693611000076 ], [ -120.600779111999941, 46.563691599000038 ], [ -120.600179433, 46.563687818000062 ], [ -120.599717827999939, 46.563684907000038 ], [ -120.599220008999964, 46.56368176400008 ], [ -120.598784354999964, 46.563678849000041 ], [ -120.598240740999984, 46.563674830000025 ], [ -120.59761436399998, 46.563670196000032 ], [ -120.597265826999944, 46.563667615000043 ], [ -120.597208037999962, 46.563667188000068 ], [ -120.597061237999981, 46.563668311000072 ], [ -120.596936930999959, 46.563670868000031 ], [ -120.596378060999939, 46.563667116000033 ], [ -120.595861254999988, 46.563663143000042 ], [ -120.595419414999981, 46.563659744000063 ], [ -120.595311604999949, 46.563658915000076 ], [ -120.595113127, 46.563657387000035 ], [ -120.595113425999955, 46.563629966000065 ], [ -120.594567838999978, 46.563625912000077 ], [ -120.594342662999964, 46.563624238000045 ], [ -120.594136704, 46.563622707000036 ], [ -120.594180183999981, 46.563491489000057 ], [ -120.594194948, 46.563446932000033 ], [ -120.594203920999973, 46.563301901000045 ], [ -120.594208085, 46.563234599000054 ], [ -120.59420913699995, 46.563208988000042 ], [ -120.594209015, 46.563138768000044 ], [ -120.594208757999979, 46.562990590000027 ], [ -120.594208103999961, 46.562612708000074 ], [ -120.594207782999945, 46.562427040000046 ], [ -120.594207209999979, 46.562096170000075 ], [ -120.594206970999949, 46.561958109000045 ], [ -120.594206295, 46.561567730000036 ], [ -120.594206033999967, 46.561417172000063 ], [ -120.59420541999998, 46.561062499000059 ], [ -120.594205269999975, 46.560976073000063 ], [ -120.594268761999956, 46.560976173000029 ], [ -120.594358318, 46.560976315000062 ], [ -120.594483295999964, 46.560976513000071 ], [ -120.594595463999951, 46.560976690000075 ], [ -120.594664996999938, 46.560976800000049 ], [ -120.59476657, 46.560976960000062 ], [ -120.594929364, 46.560977217000072 ], [ -120.595038959999954, 46.560977390000062 ], [ -120.595110249999948, 46.560977503000061 ], [ -120.595252379999977, 46.560977726000033 ], [ -120.595407473999956, 46.560977970000067 ], [ -120.595565439999973, 46.560978219000049 ], [ -120.595574844999987, 46.560978234000061 ], [ -120.595660630999987, 46.560978420000026 ], [ -120.595761909999965, 46.56097864000003 ], [ -120.59589329399995, 46.560978925000029 ], [ -120.596019059999946, 46.560979198000041 ], [ -120.596186165999939, 46.560979561000067 ], [ -120.596216682999966, 46.560979627000052 ], [ -120.596297027, 46.56097980100003 ], [ -120.596422660999963, 46.560980073000053 ], [ -120.59656922299996, 46.560980391000044 ], [ -120.596680947999971, 46.560980632000053 ], [ -120.596784767999964, 46.56098085800005 ], [ -120.596868714999971, 46.560981039000069 ], [ -120.596930475999955, 46.560981172000027 ], [ -120.596931649999988, 46.560802736000028 ], [ -120.596932338999977, 46.560697960000027 ], [ -120.596932876999972, 46.560616200000027 ], [ -120.596933233999948, 46.560561802000052 ], [ -120.596933899999954, 46.560460560000081 ], [ -120.596934393999959, 46.560385408000059 ], [ -120.596934857999941, 46.560314732000052 ], [ -120.596935187999975, 46.560264725000081 ], [ -120.596935800999972, 46.56017143300005 ], [ -120.596936319999941, 46.560092313000041 ], [ -120.596936913999969, 46.560002247000057 ], [ -120.596937500999957, 46.55991285500005 ], [ -120.596938001999945, 46.559836811000025 ], [ -120.596938562, 46.559751493000078 ], [ -120.596938976999979, 46.559688271000027 ], [ -120.596939377999945, 46.55962726000007 ], [ -120.596939744999986, 46.559571560000052 ], [ -120.596940120999989, 46.559514535000062 ], [ -120.596940421999989, 46.559468560000028 ], [ -120.596940745999973, 46.559419266000077 ], [ -120.596942937999984, 46.559085854000045 ], [ -120.596943238999984, 46.559040183000036 ], [ -120.596943578999969, 46.558988465000027 ], [ -120.596943881999948, 46.558942496000043 ], [ -120.596944292999979, 46.558879919000049 ], [ -120.596944867, 46.558792607000044 ], [ -120.596945310999956, 46.558724985000026 ], [ -120.596945822999942, 46.558647173000054 ], [ -120.596946319999972, 46.558571588000063 ], [ -120.596946604999971, 46.558528271000057 ], [ -120.596947019999959, 46.558464976000039 ], [ -120.59694647699996, 46.558219550000047 ], [ -120.59685226, 46.558219294000025 ], [ -120.596649471999967, 46.558218815000032 ], [ -120.596506371999965, 46.55821985700004 ], [ -120.596347435999974, 46.558223171000066 ], [ -120.59624419499994, 46.558226543000046 ], [ -120.596141028999966, 46.558230872000081 ], [ -120.596053807999965, 46.558235283000045 ], [ -120.595950830999982, 46.558241379000037 ], [ -120.595911255999965, 46.558243978000064 ], [ -120.595879610999987, 46.558246159000078 ], [ -120.595871701999954, 46.558246718000078 ], [ -120.595866365999939, 46.55824924500007 ], [ -120.595828854999979, 46.558249129000046 ], [ -120.595712873999958, 46.55824877200007 ], [ -120.595605189999958, 46.558248441000046 ], [ -120.595505865999939, 46.558248136000032 ], [ -120.595407161999958, 46.558247832000063 ], [ -120.595277744999976, 46.558247433000076 ], [ -120.595175193999978, 46.558247118000054 ], [ -120.59515571299994, 46.558247057000074 ], [ -120.595109817999969, 46.55824691600003 ], [ -120.594975891999979, 46.558246503000078 ], [ -120.594857947999969, 46.558246140000051 ], [ -120.594757353999967, 46.558245829000043 ], [ -120.594675973999983, 46.558245579000072 ], [ -120.594563810999944, 46.558245233000036 ], [ -120.594420889, 46.55824479100005 ], [ -120.594329881999954, 46.558244510000065 ], [ -120.594272839999974, 46.558244334000051 ], [ -120.594257030999984, 46.558243053000069 ], [ -120.593814831999964, 46.558243274000063 ], [ -120.593052205999982, 46.558240453000053 ], [ -120.592857241, 46.558240389000048 ], [ -120.592795123999963, 46.558240362000049 ], [ -120.592537186999948, 46.558240354000077 ], [ -120.592370801999948, 46.558240027000068 ], [ -120.592319040999939, 46.55823999100005 ], [ -120.59231924, 46.558357034000039 ], [ -120.592319295999971, 46.558390508000059 ], [ -120.592325050999989, 46.558892807000063 ], [ -120.59233011799995, 46.559334637000063 ], [ -120.59215818399997, 46.559334677000038 ], [ -120.59172486999995, 46.559334777000061 ], [ -120.591725568999948, 46.559533670000064 ], [ -120.591726262999941, 46.559731106000072 ], [ -120.591726955999945, 46.55992854200008 ], [ -120.591727313999968, 46.560030635000032 ], [ -120.591727649999939, 46.560125979000077 ], [ -120.591728342999943, 46.560323415000028 ], [ -120.591729037, 46.560520851000035 ], [ -120.59172972999994, 46.560718287000043 ], [ -120.591730424, 46.56091572400004 ], [ -120.591731078999942, 46.561102191000032 ], [ -120.591732470999943, 46.561498873000062 ], [ -120.591733584999986, 46.561815553000031 ], [ -120.591736750999985, 46.561836010000036 ], [ -120.591733654, 46.561835253000027 ], [ -120.59173366999994, 46.561839708000036 ], [ -120.590394399, 46.561840976000042 ], [ -120.589070204999985, 46.561842200000058 ], [ -120.586405047999961, 46.561844958000052 ], [ -120.586405939999963, 46.563681781000071 ], [ -120.585910762999958, 46.563678861000028 ], [ -120.585913609999977, 46.564028303000043 ], [ -120.585913711999979, 46.564040823000028 ], [ -120.585913767999955, 46.564047770000059 ], [ -120.585910422999973, 46.564580268000043 ], [ -120.58590606599995, 46.565273845000036 ], [ -120.585904683999956, 46.565493884000034 ], [ -120.585902048999969, 46.56591338800007 ], [ -120.585901128999978, 46.566119873000048 ], [ -120.585900211999956, 46.566325534000043 ], [ -120.585899703999985, 46.566439252000066 ], [ -120.585915608, 46.566439240000079 ], [ -120.585915200999978, 46.56653044400008 ], [ -120.585914283999955, 46.566736106000064 ], [ -120.585913366999989, 46.566941768000049 ], [ -120.585912449999967, 46.567147430000034 ], [ -120.585911532999944, 46.567353139000033 ], [ -120.585911474999989, 46.567364034000036 ], [ -120.585691880999946, 46.567361221000056 ], [ -120.585399699, 46.567357476000041 ], [ -120.585107517999973, 46.567353732000072 ], [ -120.584815336999952, 46.567349986000067 ], [ -120.58462056999997, 46.567347489000042 ], [ -120.584523155999989, 46.567346240000063 ], [ -120.584231331999945, 46.567342498000073 ], [ -120.583911323999985, 46.567338393000057 ], [ -120.583607009, 46.567334489000075 ], [ -120.583313053999973, 46.567334720000076 ], [ -120.583276081999941, 46.567334869000035 ], [ -120.58327606499995, 46.567323900000076 ], [ -120.583254832999955, 46.567324022000037 ], [ -120.583222285999966, 46.567324209000049 ], [ -120.583027373, 46.567325326000059 ], [ -120.583023396999977, 46.567325349000043 ], [ -120.58273711399994, 46.567326991000073 ], [ -120.582505030999982, 46.567328321000048 ], [ -120.582446852999965, 46.56732865400005 ], [ -120.582156590999944, 46.567330318000074 ], [ -120.581866329999968, 46.567331980000063 ], [ -120.581709876, 46.567332875000034 ], [ -120.581576069, 46.567333645000076 ], [ -120.581285807999961, 46.567335316000026 ], [ -120.580969919999973, 46.56733713300008 ], [ -120.580914719999953, 46.567337450000025 ], [ -120.58065019199995, 46.567338964000044 ], [ -120.580545097999959, 46.567339565000054 ], [ -120.580549701999985, 46.567606547000025 ], [ -120.580577131999974, 46.569151889000068 ], [ -120.581492752999964, 46.569154795000031 ], [ -120.582657984999969, 46.569158482000034 ], [ -120.583219542999984, 46.569160254000053 ], [ -120.583231019999971, 46.570901362000029 ], [ -120.583075918999953, 46.570900865000056 ], [ -120.577839223999931, 46.570883963 ], [ -120.574487278999968, 46.570873017000068 ], [ -120.574488089999946, 46.570739251000106 ], [ -120.574489352999962, 46.570572662000089 ], [ -120.574490676999986, 46.570450807000043 ], [ -120.574491531999968, 46.570349345000082 ], [ -120.574491951, 46.570292102000053 ], [ -120.574492846999988, 46.570220548000087 ], [ -120.574745829999955, 46.57022038300007 ], [ -120.575134497999969, 46.570220128000052 ], [ -120.575132404999977, 46.570144291000084 ], [ -120.57513033799998, 46.570086621000016 ], [ -120.575127730999938, 46.56999878800012 ], [ -120.57519979199995, 46.569994199000099 ], [ -120.575197201, 46.569917077000113 ], [ -120.575194093, 46.569826330000062 ], [ -120.575189960999936, 46.569713389000043 ], [ -120.575188922999942, 46.56968177 ], [ -120.575186333, 46.569605675000012 ], [ -120.575127187999982, 46.569605714000019 ], [ -120.575123016, 46.569463810000087 ], [ -120.575120392999949, 46.569363980000091 ], [ -120.575116234999967, 46.569231844000079 ], [ -120.575113610999921, 46.569131327000022 ], [ -120.574915802, 46.569131800000065 ], [ -120.574713518999957, 46.569132275000101 ], [ -120.574474955999932, 46.569132859000064 ], [ -120.574253290999977, 46.569133432000022 ], [ -120.573974965999952, 46.56913412600008 ], [ -120.573834312999949, 46.569134474000109 ], [ -120.573659864, 46.569134929000057 ], [ -120.573377563, 46.569135625000023 ], [ -120.573190190999938, 46.569136088000064 ], [ -120.573000830999902, 46.56913655200001 ], [ -120.572637021, 46.569137383000083 ], [ -120.572635294999955, 46.569333535000055 ], [ -120.572633058999941, 46.569520433000065 ], [ -120.572631323999971, 46.569709816000014 ], [ -120.572629093999964, 46.569900998000023 ], [ -120.572627362, 46.570092780000081 ], [ -120.57262513499991, 46.570285933000079 ], [ -120.572623403999941, 46.570478572000027 ], [ -120.572621177999935, 46.570672240000064 ], [ -120.572621437999956, 46.570866934 ], [ -120.572476802999986, 46.570866425000055 ], [ -120.571396761999964, 46.570862991000041 ], [ -120.570235711999914, 46.570862939000037 ], [ -120.568946773000022, 46.570862866000027 ], [ -120.568302198999987, 46.570862395000077 ], [ -120.562068679, 46.570845917000049 ], [ -120.56212148, 46.567322599000114 ], [ -120.562709803999923, 46.567321117000084 ], [ -120.563679729999976, 46.567318665000059 ], [ -120.564718524999947, 46.567316030000015 ], [ -120.565006974999918, 46.567316208000122 ], [ -120.565918563999944, 46.567317098000018 ], [ -120.567278718999944, 46.567318411000038 ], [ -120.567895467, 46.567319001000087 ], [ -120.568602283999951, 46.56731967500005 ], [ -120.569273685999988, 46.567320309000102 ], [ -120.570410868999929, 46.567321754000048 ], [ -120.570950813999929, 46.567322435000015 ], [ -120.571623836999933, 46.567319217000012 ], [ -120.57181667, 46.56731943900003 ], [ -120.57261114, 46.567325226000065 ], [ -120.572620390999958, 46.56699032700007 ], [ -120.57263027499998, 46.566632516000041 ], [ -120.572639351999925, 46.566303899000026 ], [ -120.572646892999927, 46.566030882000085 ], [ -120.572653634999952, 46.56590637900009 ], [ -120.572661115999949, 46.565515913000112 ], [ -120.57267808999994, 46.56491597600003 ], [ -120.572686631999929, 46.564614073 ], [ -120.572706562999898, 46.563896994000096 ], [ -120.572708724999984, 46.563819209000059 ], [ -120.572711772999966, 46.563709541000044 ], [ -120.571835440999934, 46.563698571000025 ], [ -120.570851003999934, 46.563696850000056 ], [ -120.570311361999956, 46.56369590200007 ], [ -120.568641440999983, 46.563692954 ], [ -120.567620518999988, 46.563691141000028 ], [ -120.566402746999941, 46.563688964000029 ], [ -120.56527608899998, 46.563686939000036 ], [ -120.565141558999954, 46.563688053000043 ], [ -120.564412028999982, 46.563684188000074 ], [ -120.563664541999955, 46.563677608000063 ], [ -120.562782159999955, 46.563674626000086 ], [ -120.561414855999985, 46.563665061000094 ], [ -120.56029549, 46.563662735000079 ], [ -120.559945692000014, 46.563662007000104 ], [ -120.55994576800002, 46.563731230000059 ], [ -120.559493440999987, 46.563729970000047 ], [ -120.558851723, 46.563728179000073 ], [ -120.558239190000037, 46.56372646600002 ], [ -120.557695967999948, 46.563724945000075 ], [ -120.557052583, 46.563723139000011 ], [ -120.557054500999982, 46.563655940000046 ], [ -120.556829688000036, 46.563653618000032 ], [ -120.55318377, 46.563638878000056 ], [ -120.552787062000036, 46.56363554600005 ], [ -120.552785858000021, 46.562684469000047 ], [ -120.552783431, 46.56076708100003 ], [ -120.552574642999957, 46.561151835000068 ], [ -120.55243895400001, 46.561238514000046 ], [ -120.55222044999995, 46.561375354000091 ], [ -120.551916731999967, 46.561544633000061 ], [ -120.551649085999927, 46.561683282000075 ], [ -120.551431234999939, 46.561724 ], [ -120.551168044999926, 46.561773191000057 ], [ -120.551005535999977, 46.56180356400008 ], [ -120.550906473999945, 46.561822080000105 ], [ -120.550821985999974, 46.561837870000076 ], [ -120.550515664999949, 46.561895121000106 ], [ -120.550455623999952, 46.561906343000061 ], [ -120.550410820999971, 46.56191471600004 ], [ -120.550150174, 46.561867300000117 ], [ -120.549859043999973, 46.561814337000087 ], [ -120.549698813999953, 46.561785187000069 ], [ -120.549449919999958, 46.561496613 ], [ -120.549298809999982, 46.561478847000039 ], [ -120.546157420999947, 46.561059127000036 ], [ -120.546145548999931, 46.55781516800004 ], [ -120.546331331999937, 46.557815163000036 ], [ -120.546694352999964, 46.557815400000059 ], [ -120.54681858099994, 46.557815672000082 ], [ -120.547116029999941, 46.557816324000044 ], [ -120.547402441000017, 46.557816949 ], [ -120.547530809999984, 46.557817230000033 ], [ -120.547855874999968, 46.557817939000088 ], [ -120.548140896999925, 46.557818560000051 ], [ -120.548236145999979, 46.557818768000068 ], [ -120.548423856999975, 46.557819176000102 ], [ -120.548681052999939, 46.557819736000063 ], [ -120.54891042, 46.557820234000104 ], [ -120.549335546999913, 46.557821155000092 ], [ -120.54933607199996, 46.557821526000033 ], [ -120.549461411999928, 46.557821800000056 ], [ -120.550040940999921, 46.557823066000068 ], [ -120.550961762999989, 46.557825584000099 ], [ -120.552267806999964, 46.557829144000038 ], [ -120.552270286, 46.557348405000056 ], [ -120.55227006299998, 46.556980942000024 ], [ -120.552269743999943, 46.556455359000061 ], [ -120.552259727, 46.55588999 ], [ -120.552250986, 46.555451536000049 ], [ -120.552242344, 46.555018129000068 ], [ -120.55222823699998, 46.554310518000051 ], [ -120.552227418, 46.554269390000023 ], [ -120.551966125999968, 46.554269509000036 ], [ -120.551968785, 46.553586708000026 ], [ -120.55197144399996, 46.552903907000022 ], [ -120.551974103, 46.552221107000015 ], [ -120.551972691999978, 46.551663152000032 ], [ -120.551972273999937, 46.551497611000102 ], [ -120.551971462999958, 46.551177348000074 ], [ -120.551971420999962, 46.551160491000097 ], [ -120.551915846999975, 46.551151496000067 ], [ -120.551896049000021, 46.551148291000068 ], [ -120.551840971, 46.551118250000066 ], [ -120.551789603000017, 46.55109023300006 ], [ -120.551746763000025, 46.551053196000012 ], [ -120.551737216999939, 46.551032665 ], [ -120.551727440999926, 46.550984564000018 ], [ -120.551727393999926, 46.550934289000033 ], [ -120.551705331999969, 46.550908959000068 ], [ -120.551660575, 46.550884681000106 ], [ -120.551567714999948, 46.550836495000027 ], [ -120.551412486, 46.55075399200004 ], [ -120.551328214999941, 46.55070509800008 ], [ -120.551243913999983, 46.550625619000073 ], [ -120.551207638, 46.550598483000051 ], [ -120.551164058999944, 46.550558374000019 ], [ -120.551088653999926, 46.550509475000055 ], [ -120.550955667000025, 46.550509534000064 ], [ -120.55089806099997, 46.550530967000057 ], [ -120.550831606999978, 46.550573813000049 ], [ -120.550769609, 46.550641123000027 ], [ -120.550703186999911, 46.550717609000046 ], [ -120.550650040999955, 46.550769623000086 ], [ -120.5505569809999, 46.550803306000034 ], [ -120.550432838999924, 46.55078195300004 ], [ -120.550283290999985, 46.5507311430001 ], [ -120.550172872999909, 46.550695353000073 ], [ -120.550069219999955, 46.550650606000012 ], [ -120.54993621899996, 46.550635373 ], [ -120.549772198999975, 46.550632386000103 ], [ -120.549499048999934, 46.550644739000056 ], [ -120.549538668999929, 46.54638783500009 ], [ -120.54953581999996, 46.543257718000099 ], [ -120.549551765999951, 46.541674527000019 ], [ -120.549495212999972, 46.539028341000098 ], [ -120.549538733999938, 46.535393485000085 ], [ -120.549539068999962, 46.53536553 ], [ -120.54409023499997, 46.535335369000073 ], [ -120.544522044, 46.52097588400008 ], [ -120.544595535999946, 46.520975855000081 ], [ -120.548397199999982, 46.520893327000088 ], [ -120.549402853999979, 46.521004728000072 ], [ -120.55019781299994, 46.52095142200001 ], [ -120.550202778999989, 46.52095107700007 ], [ -120.58607703999995, 46.521017163000032 ], [ -120.586540355999915, 46.521017943000096 ], [ -120.591952476999978, 46.521018858000083 ], [ -120.60675144899993, 46.521111394000101 ], [ -120.613439909, 46.521178732000081 ], [ -120.629049853999973, 46.521199501000112 ], [ -120.629098364, 46.521199562000028 ], [ -120.629449558, 46.509343259000026 ], [ -120.629443690999963, 46.506874854000067 ], [ -120.64293117899993, 46.50674651700011 ], [ -120.650839451999943, 46.506736348000068 ], [ -120.651271388999973, 46.506212187000038 ], [ -120.65178561899998, 46.505293637000065 ], [ -120.651849501999934, 46.504525648000026 ], [ -120.651865844999961, 46.504333586000037 ], [ -120.652089932999942, 46.503517653000117 ], [ -120.653257812000021, 46.503101590000064 ], [ -120.654089921999955, 46.502621613000052 ], [ -120.654729777999961, 46.502269574000053 ], [ -120.655625637999918, 46.502045638 ], [ -120.656713950999986, 46.501773615000054 ], [ -120.657593955999971, 46.501565624000072 ], [ -120.658473936999954, 46.501181611 ], [ -120.659193741999914, 46.500685556000086 ], [ -120.65973805, 46.500269523000036 ], [ -120.660267954999981, 46.499853593000083 ], [ -120.66039998799998, 46.49951560200001 ], [ -120.661691896999926, 46.498125537000099 ], [ -120.662683666999925, 46.497805518000092 ], [ -120.66364409, 46.498125499000011 ], [ -120.667746161999929, 46.498652479 ], [ -120.66791223, 46.498743499000071 ], [ -120.669731355999957, 46.499201502000041 ], [ -120.670989224999943, 46.499853472000076 ], [ -120.671082061, 46.500173486000087 ], [ -120.67119414899993, 46.500301431000011 ], [ -120.671529961999923, 46.500541470000066 ], [ -120.672170265999966, 46.500845492000089 ], [ -120.67319409699995, 46.501245506000053 ], [ -120.674650207999989, 46.501594415000056 ], [ -120.675130519999939, 46.501709500000075 ], [ -120.678330290999924, 46.502621476000037 ], [ -120.680730293, 46.503037434000085 ], [ -120.682330627999974, 46.503309369000114 ], [ -120.688170783999936, 46.503853310000089 ], [ -120.689722966999938, 46.503965316000027 ], [ -120.691515038999967, 46.504109291000042 ], [ -120.69353101999998, 46.504397252000061 ], [ -120.695530956999988, 46.50472403900001 ], [ -120.695978817, 46.504797213000117 ], [ -120.701931182999914, 46.50553315500008 ], [ -120.704811305999925, 46.505885201000076 ], [ -120.706203172999977, 46.505981246000026 ], [ -120.706683297, 46.505869232000087 ], [ -120.707227083999967, 46.505789237000037 ], [ -120.707787381999964, 46.505613233000041 ], [ -120.70820351299993, 46.505645210000111 ], [ -120.708715457000011, 46.505677182000092 ], [ -120.709339405999941, 46.505789156000034 ], [ -120.71161164499992, 46.506189189000089 ], [ -120.712843557999975, 46.506381169000079 ], [ -120.713659273999966, 46.506525155000091 ], [ -120.714107314, 46.506589101000053 ], [ -120.714362987999934, 46.506717161999987 ], [ -120.717136933999939, 46.506452965000065 ], [ -120.718395530999899, 46.50633307 ], [ -120.719355211, 46.506349056 ], [ -120.719899067999961, 46.506413052000049 ], [ -120.720507227, 46.506541106000078 ], [ -120.721387072999974, 46.506701024000073 ], [ -120.722155354999941, 46.506893030000064 ], [ -120.722635076999936, 46.507053029000069 ], [ -120.723483258999948, 46.507357044000088 ], [ -120.723527985999922, 46.507368525000061 ], [ -120.723763501999954, 46.507428714000064 ], [ -120.724171561999967, 46.507532997000077 ], [ -120.724939104999976, 46.507661057000107 ], [ -120.725483181999962, 46.507773015000041 ], [ -120.725819279999968, 46.507773037000042 ], [ -120.725963183999966, 46.50775698500005 ], [ -120.726491504999984, 46.507660989 ], [ -120.72738138299998, 46.507388998000067 ], [ -120.727452399, 46.507367292000048 ], [ -120.727643286999978, 46.507308982000019 ], [ -120.731339339, 46.506141002000014 ], [ -120.732491467999935, 46.50588492200005 ], [ -120.733227422999988, 46.505708948000056 ], [ -120.733435459999967, 46.505484948000088 ], [ -120.733820241, 46.505148925000086 ], [ -120.734555836999945, 46.504892906000038 ], [ -120.735596241999957, 46.50452493600006 ], [ -120.736763853999932, 46.504188915000057 ], [ -120.738124054999943, 46.50396491 ], [ -120.738476084999945, 46.503980887000075 ], [ -120.738668191999935, 46.504092916000019 ], [ -120.73878016599997, 46.50415686700007 ], [ -120.738956249999973, 46.504236880000029 ], [ -120.73918020499994, 46.504252864000108 ], [ -120.739468131999956, 46.504140859000074 ], [ -120.739676350999957, 46.503964920000087 ], [ -120.740028103000014, 46.503692874000045 ], [ -120.740860100999939, 46.50313291100008 ], [ -120.741596273999917, 46.502908894000015 ], [ -120.742732113000017, 46.502364984000046 ], [ -120.743580234999939, 46.501980896000063 ], [ -120.744556271999954, 46.501564908000013 ], [ -120.745420455999962, 46.501004927000047 ], [ -120.746092176999937, 46.500588894 ], [ -120.746524289999982, 46.500316910000052 ], [ -120.746812522999946, 46.500060919000099 ], [ -120.747023037999952, 46.499852913000026 ], [ -120.748649338999954, 46.499235899000048 ], [ -120.749774348999964, 46.498960850000024 ], [ -120.751196181999916, 46.498901860000032 ], [ -120.751641365999987, 46.498888883000021 ], [ -120.751729472999983, 46.498861759000086 ], [ -120.754233659999969, 46.498090812000072 ], [ -120.754421248999947, 46.497961676000045 ], [ -120.754531513999922, 46.497885768000067 ], [ -120.75449832399994, 46.497793721000093 ], [ -120.754660445999932, 46.497647336000057 ], [ -120.755028676000023, 46.497314791000079 ], [ -120.755359384999949, 46.497131781000036 ], [ -120.756054280999976, 46.497131767000035 ], [ -120.757708509999986, 46.497315717000063 ], [ -120.758999770999978, 46.497156748000059 ], [ -120.759627814999973, 46.497293718000023 ], [ -120.760155977999986, 46.497613698000031 ], [ -120.762801355999926, 46.499420678000057 ], [ -120.762903212999916, 46.499852686000096 ], [ -120.763003471999951, 46.500029637000083 ], [ -120.763170059999965, 46.500323648000077 ], [ -120.763699240999969, 46.500843620000111 ], [ -120.764327297999969, 46.501278609000039 ], [ -120.764492494999956, 46.501666679 ], [ -120.764889406999941, 46.502032618000079 ], [ -120.765352557999975, 46.502238665000071 ], [ -120.766841158999952, 46.502216602000026 ], [ -120.767729716999938, 46.50193378900007 ], [ -120.768993646999974, 46.501531483000093 ], [ -120.770713558999901, 46.501212493 ], [ -120.771342727, 46.500961458000091 ], [ -120.771640641999966, 46.500778478000051 ], [ -120.772104576999979, 46.500641463000079 ], [ -120.774585673, 46.50057348200005 ], [ -120.77554535499992, 46.500802461000077 ], [ -120.776967425, 46.501762398000011 ], [ -120.777302299999988, 46.501890009000093 ], [ -120.777927836999964, 46.50212838 ], [ -120.779415707999974, 46.502449360000099 ], [ -120.780044532999952, 46.502426311000058 ], [ -120.781623442999944, 46.501944581000075 ], [ -120.782063690999948, 46.501810256000063 ], [ -120.78507606499997, 46.501285270000061 ], [ -120.786961020999968, 46.50187921 ], [ -120.787264105, 46.502009969000071 ], [ -120.787756078999934, 46.502222216000042 ], [ -120.789409939, 46.502474178000021 ], [ -120.790629643999935, 46.502474666000062 ], [ -120.791859202999973, 46.502475145000098 ], [ -120.79566427099995, 46.501767036000039 ], [ -120.797716388000012, 46.502041069000065 ], [ -120.80125758, 46.501928009000039 ], [ -120.803340931999983, 46.502544980000017 ], [ -120.803870773999947, 46.502932968000053 ], [ -120.804367032999963, 46.503527994000081 ], [ -120.80447386500002, 46.503596545000072 ], [ -120.804829864999988, 46.503824976000054 ], [ -120.80542307099995, 46.503999923000052 ], [ -120.805525005000035, 46.504029900000042 ], [ -120.806022048999949, 46.504052821000073 ], [ -120.806541762999956, 46.504006429000057 ], [ -120.806783172999957, 46.503984880000047 ], [ -120.807344875999974, 46.504029817000038 ], [ -120.809143572999943, 46.504520833000072 ], [ -120.810026229999963, 46.504761771000027 ], [ -120.812938443999954, 46.505743773000098 ], [ -120.814030521999896, 46.506246716000057 ], [ -120.815225871999957, 46.506522263000114 ], [ -120.815718189, 46.506635745 ], [ -120.816209299999969, 46.506868927000021 ], [ -120.817306233999957, 46.50738974100004 ], [ -120.81793567299998, 46.507549696000041 ], [ -120.820748276999907, 46.508006555000094 ], [ -120.821283444999963, 46.50806076600005 ], [ -120.822999566999925, 46.50823458700004 ], [ -120.826407456999988, 46.50793756700007 ], [ -120.82922174899997, 46.508165494000011 ], [ -120.830544883999934, 46.508096460000068 ], [ -120.831736632999949, 46.507730518000081 ], [ -120.833853923999982, 46.506907337 ], [ -120.835773989999964, 46.506313331000058 ], [ -120.837229066, 46.505673363000042 ], [ -120.839248125, 46.505284330000094 ], [ -120.842326121999946, 46.505146263000043 ], [ -120.843352162000016, 46.50576326900002 ], [ -120.844348338000017, 46.506006696 ], [ -120.845966975999914, 46.50640220400004 ], [ -120.847654695999935, 46.50660711700003 ], [ -120.850321067000024, 46.506775636000029 ], [ -120.850533748999936, 46.506789074999986 ], [ -120.851461, 46.506926080000042 ], [ -120.85146377099997, 46.506927308000058 ], [ -120.852388042999976, 46.507337129000035 ], [ -120.852684912999933, 46.507336127000045 ], [ -120.853085777999979, 46.507138462000029 ], [ -120.853611797999974, 46.506879080000061 ], [ -120.85457677899997, 46.507295526000057 ], [ -120.854670713999937, 46.507336063000039 ], [ -120.85698811, 46.507861009000038 ], [ -120.860199258999955, 46.50824795300008 ], [ -120.863475154999932, 46.508063874000037 ], [ -120.866255383999928, 46.508221842000054 ], [ -120.867480147999927, 46.508221850000055 ], [ -120.868141371999926, 46.507992802000018 ], [ -120.869070652, 46.507283408000035 ], [ -120.870059164999972, 46.50652876700012 ], [ -120.87108539499998, 46.505957710000033 ], [ -120.871184428, 46.505774773000084 ], [ -120.872110186999947, 46.505179696000056 ], [ -120.873268334999935, 46.504813686000055 ], [ -120.875616586999982, 46.503395710000063 ], [ -120.876198444999901, 46.503188728000076 ], [ -120.878769345, 46.502685687000024 ], [ -120.880346484000015, 46.502632065000029 ], [ -120.881417550999984, 46.502595637000034 ], [ -120.882575526999972, 46.502504526000045 ], [ -120.884658679000026, 46.502056032000063 ], [ -120.884693453999972, 46.502048544000061 ], [ -120.885184304, 46.501886728000088 ], [ -120.886977514999941, 46.501295541000019 ], [ -120.887938967000011, 46.500519482000115 ], [ -120.888865730999953, 46.500172524000092 ], [ -120.889210899, 46.499850506 ], [ -120.889754504999942, 46.499443487000079 ], [ -120.890217794, 46.499397516 ], [ -120.891706598999988, 46.499489426000061 ], [ -120.89187498699998, 46.499850481000095 ], [ -120.892042766, 46.500195427000037 ], [ -120.892332218999968, 46.500192553000062 ], [ -120.894259963999957, 46.500173398000079 ], [ -120.894952065999931, 46.499850337000083 ], [ -120.895611872999908, 46.499524299000015 ], [ -120.900708835000017, 46.498192313000033 ], [ -120.901404071999977, 46.498101263000045 ], [ -120.902231214999944, 46.498329301000084 ], [ -120.903256893, 46.498353278000117 ], [ -120.904216171999948, 46.498125281000078 ], [ -120.905110035999925, 46.497645221000063 ], [ -120.906997083999926, 46.496366198000018 ], [ -120.907744031, 46.496026239000045 ], [ -120.908255028, 46.495795265000027 ], [ -120.908519342999924, 46.495416566000046 ], [ -120.909116350999938, 46.494561173000058 ], [ -120.909678224999979, 46.494630114000081 ], [ -120.910618866, 46.495092071000023 ], [ -120.910934640000022, 46.495247146000061 ], [ -120.912159958999979, 46.495293121000046 ], [ -120.913431084999985, 46.494903203000028 ], [ -120.913946596999921, 46.494745065000089 ], [ -120.914051111999953, 46.494735064000061 ], [ -120.915137929999986, 46.494631052000067 ], [ -120.91543603199996, 46.494540074 ], [ -120.91571464799992, 46.494283265000071 ], [ -120.915931854999954, 46.494083057000111 ], [ -120.916343417, 46.494043899000069 ], [ -120.919043064999983, 46.493787005000044 ], [ -120.919737010999938, 46.493604068000096 ], [ -120.920762824999898, 46.493398995000092 ], [ -120.921690074999972, 46.492965043000069 ], [ -120.921756009999925, 46.492827002000105 ], [ -120.921259913, 46.492598998000069 ], [ -120.921366204, 46.492545047000043 ], [ -120.921662135999966, 46.492305036000083 ], [ -120.921853780000021, 46.491992998000022 ], [ -120.921986971999942, 46.491760014000107 ], [ -120.921899910999926, 46.491477028000048 ], [ -120.921889011999909, 46.491159054000029 ], [ -120.922055203999989, 46.491022012000059 ], [ -120.922021852999976, 46.490816981000059 ], [ -120.921772151999932, 46.490557576000093 ], [ -120.921757178999925, 46.490542021000046 ], [ -120.921757096999926, 46.490339009000124 ], [ -120.921756767, 46.490040019000077 ], [ -120.921942107999953, 46.489556014000087 ], [ -120.922683905999961, 46.48761698700006 ], [ -120.922981990999929, 46.487274988000095 ], [ -120.92414006300001, 46.486863982000017 ], [ -120.924636811999989, 46.486543949000094 ], [ -120.924935050999963, 46.486223968000083 ], [ -120.925144022999945, 46.48607924600001 ], [ -120.925496757, 46.485834962000048 ], [ -120.926654959, 46.485446898000092 ], [ -120.927041157999966, 46.485266764000109 ], [ -120.927879196999939, 46.484875871 ], [ -120.928012062, 46.484669875000108 ], [ -120.930162257999925, 46.484350893000091 ], [ -120.932466908, 46.484112867000114 ], [ -120.93393309, 46.483961880000059 ], [ -120.935520933999925, 46.483573805000013 ], [ -120.936163046999937, 46.483323865000024 ], [ -120.939227134999982, 46.482134751000046 ], [ -120.940120057999962, 46.481608742000049 ], [ -120.940682306999946, 46.481060693000089 ], [ -120.941145254999967, 46.48007769300002 ], [ -120.941873373, 46.480100672000056 ], [ -120.943362413, 46.480762639000027 ], [ -120.944420154999946, 46.48110567900008 ], [ -120.944850559999949, 46.48112868300003 ], [ -120.946868189, 46.480465662000057 ], [ -120.948555450999976, 46.480122606000094 ], [ -120.949217356999952, 46.479757598000091 ], [ -120.950837284999949, 46.478477606000055 ], [ -120.950905387, 46.478432604000062 ], [ -120.95149957699995, 46.478043598000028 ], [ -120.952383675, 46.477791581000048 ], [ -120.952623758999977, 46.47772361600002 ], [ -120.953351580999978, 46.477654486000077 ], [ -120.953682613999916, 46.477723527000101 ], [ -120.954443681000015, 46.477654514000079 ], [ -120.955137839999978, 46.47795151300005 ], [ -120.956494684999981, 46.478339438 ], [ -120.957552540000023, 46.478750484000074 ], [ -120.958165229, 46.479032622000062 ], [ -120.96420301199997, 46.481720329000041 ], [ -120.965593084999966, 46.481971242000022 ], [ -120.965294776999968, 46.482543276000101 ], [ -120.96526223499994, 46.482567746 ], [ -120.965290088999936, 46.482865939000064 ], [ -120.964176945999938, 46.483378645000116 ], [ -120.964071917999959, 46.483457311000052 ], [ -120.963252239999989, 46.483469723000013 ], [ -120.962550156, 46.483480368000095 ], [ -120.962021893999975, 46.48368303400008 ], [ -120.961359088999941, 46.483937401000077 ], [ -120.960928662999947, 46.483915402000029 ], [ -120.960564859999948, 46.483732368000076 ], [ -120.960365977, 46.483275384000102 ], [ -120.960134868999901, 46.483115379 ], [ -120.959042963999977, 46.48309243700006 ], [ -120.958447768999932, 46.482772442000055 ], [ -120.957917575999943, 46.482864465000027 ], [ -120.957487623999981, 46.483252417000067 ], [ -120.957090803000014, 46.483390433000025 ], [ -120.956329726, 46.483230399000021 ], [ -120.955999837999983, 46.482887478000066 ], [ -120.955833593, 46.482293415000029 ], [ -120.95550268099997, 46.482064472 ], [ -120.955105670999984, 46.482179430000016 ], [ -120.954973938, 46.482567470000056 ], [ -120.954964579999938, 46.482991786000085 ], [ -120.954940570999909, 46.484098468000077 ], [ -120.954576940999928, 46.484647424000023 ], [ -120.954611321999934, 46.485437400000109 ], [ -120.954643806999954, 46.48617845100005 ], [ -120.954411624000016, 46.486543408000045 ], [ -120.954147534999933, 46.486772409 ], [ -120.952989689999967, 46.487183462000068 ], [ -120.952228739999981, 46.487641435000036 ], [ -120.95183456599996, 46.48804422100006 ], [ -120.951401505, 46.488486494000057 ], [ -120.949516526000011, 46.489857515000075 ], [ -120.949119855999967, 46.49038344500007 ], [ -120.948887709999937, 46.491000507000059 ], [ -120.94892064, 46.49150349500011 ], [ -120.949450518999967, 46.492143441000032 ], [ -120.949186614999974, 46.492316878000082 ], [ -120.948688954000019, 46.49248832100006 ], [ -120.948375772999952, 46.492628568000029 ], [ -120.9481671, 46.492736030000039 ], [ -120.948156610999931, 46.493167272000015 ], [ -120.948020695999972, 46.493027961000031 ], [ -120.947840149999948, 46.493076903 ], [ -120.947606982999929, 46.493174771000014 ], [ -120.947606507700456, 46.493175042415885 ], [ -120.947838898999933, 46.493077501000045 ], [ -120.948019444999957, 46.493028558000084 ], [ -120.94815536, 46.493167870000065 ], [ -120.948499007999928, 46.49301335400007 ], [ -120.94873782199997, 46.492866132000053 ], [ -120.948903794999936, 46.492834168000073 ], [ -120.949314125999962, 46.492658038000066 ], [ -120.949524442999959, 46.492556802000038 ], [ -120.94965748999995, 46.492492759000072 ], [ -120.949875234000018, 46.492387947000012 ], [ -120.950193389999967, 46.492299484000064 ], [ -120.950459086999928, 46.492212776 ], [ -120.950670550000012, 46.492142570000048 ], [ -120.950750882999913, 46.492115901000062 ], [ -120.950849483999988, 46.492105488000092 ], [ -120.951061086, 46.492083142000105 ], [ -120.951223354999925, 46.492066005000019 ], [ -120.951373333, 46.492050167000045 ], [ -120.951540742999981, 46.492044204000081 ], [ -120.951717129999921, 46.492038993000094 ], [ -120.951879445999936, 46.492034198000056 ], [ -120.952075406999896, 46.492028409000021 ], [ -120.952144575999938, 46.492026365000115 ], [ -120.952598179, 46.49197021 ], [ -120.952788719999944, 46.491946621000089 ], [ -120.952845748999962, 46.491939561000038 ], [ -120.953114113999959, 46.491929378000087 ], [ -120.953364883999924, 46.491919863000099 ], [ -120.953582661, 46.491919519000071 ], [ -120.953814310999988, 46.491921766000075 ], [ -120.954092929999945, 46.491924469000033 ], [ -120.954272205999942, 46.491926208000088 ], [ -120.954371828000021, 46.491929740000025 ], [ -120.95459466299998, 46.491988572000011 ], [ -120.954780690999911, 46.492037687000078 ], [ -120.955037044999983, 46.492105367000079 ], [ -120.955280870999914, 46.492155219000033 ], [ -120.955393811999926, 46.492178311000075 ], [ -120.955518639999951, 46.492203833000055 ], [ -120.95562958, 46.492226516000066 ], [ -120.955741755999938, 46.49224945000001 ], [ -120.955843267, 46.49227020500004 ], [ -120.955946124999983, 46.492273909000083 ], [ -120.956183105999955, 46.492284490000067 ], [ -120.956324255, 46.492290423000028 ], [ -120.956452991, 46.492291524000031 ], [ -120.95664929199998, 46.492282156000051 ], [ -120.956786899999912, 46.492275588000041 ], [ -120.956940978999953, 46.492268233000054 ], [ -120.957144021999966, 46.492258542000052 ], [ -120.95749038799994, 46.492180117000046 ], [ -120.957667111, 46.492140103000025 ], [ -120.957888439000016, 46.492098388000038 ], [ -120.95809868, 46.492058762000042 ], [ -120.958212451999913, 46.492037319000048 ], [ -120.958535882999939, 46.491937027000098 ], [ -120.958716611999975, 46.491879893000075 ], [ -120.958844643, 46.491839420000105 ], [ -120.958975634999902, 46.491799109000056 ], [ -120.959223956999935, 46.491723815000043 ], [ -120.959451677999951, 46.491654766000103 ], [ -120.959646548, 46.491595677000099 ], [ -120.959897531999985, 46.491545055000081 ], [ -120.960038937999954, 46.491516534000034 ], [ -120.96018050899994, 46.491494207000052 ], [ -120.960400926999981, 46.491459443000018 ], [ -120.960633297999934, 46.491422794000094 ], [ -120.96074132699998, 46.491406742 ], [ -120.960945210999981, 46.491381403000041 ], [ -120.961178969999963, 46.491352352000035 ], [ -120.961349028, 46.491331218000063 ], [ -120.961664876000015, 46.491333567 ], [ -120.961968300999985, 46.491336846000088 ], [ -120.962227333000016, 46.49133964400005 ], [ -120.962467195999963, 46.491332176000057 ], [ -120.962635410999937, 46.491326937000068 ], [ -120.962955109999925, 46.491316980000043 ], [ -120.963181646999928, 46.491309925000081 ], [ -120.963439578999953, 46.491270655000029 ], [ -120.963617103999979, 46.491243627000102 ], [ -120.963800836999908, 46.491215653 ], [ -120.963966743999961, 46.491190393000046 ], [ -120.964070309, 46.491178516000041 ], [ -120.964200475999931, 46.491163589000053 ], [ -120.964468957999941, 46.491063286000013 ], [ -120.964620269999941, 46.49100675600004 ], [ -120.964668067, 46.490992081000073 ], [ -120.964927454999952, 46.490912442000052 ], [ -120.965068300999974, 46.490869198000027 ], [ -120.965272552, 46.490817666000027 ], [ -120.965554426999958, 46.490746549000093 ], [ -120.965803551999969, 46.490683695000044 ], [ -120.965950928, 46.490646511000079 ], [ -120.966257364999947, 46.490569196000074 ], [ -120.966422347, 46.490527569000093 ], [ -120.966687188999984, 46.490505568000053 ], [ -120.966811625999981, 46.490495230000086 ], [ -120.966813843999986, 46.490473284000046 ], [ -120.967184788999944, 46.49048728900005 ], [ -120.967305868000011, 46.49049186000007 ], [ -120.967509750999923, 46.490502030000115 ], [ -120.968021815000014, 46.490532662000071 ], [ -120.968155736999989, 46.490540674000023 ], [ -120.96821891499998, 46.490539953000052 ], [ -120.968409314000013, 46.490534300000029 ], [ -120.968551284999947, 46.490530086000035 ], [ -120.968633032999961, 46.49050577000007 ], [ -120.968919850999981, 46.490418015000088 ], [ -120.969108814999984, 46.490360199000101 ], [ -120.96949277899995, 46.490210797 ], [ -120.969683133999979, 46.490178664 ], [ -120.969885866999974, 46.490144444000101 ], [ -120.970091186, 46.49010978500008 ], [ -120.970276242999944, 46.49005974900011 ], [ -120.970474463, 46.489881543000109 ], [ -120.970656536999968, 46.489759368000037 ], [ -120.970829115999948, 46.489643563000051 ], [ -120.971156765999964, 46.489583082000109 ], [ -120.971554900999948, 46.489423759000069 ], [ -120.971775459, 46.48939073600009 ], [ -120.971940322999956, 46.48936605100009 ], [ -120.972082499999914, 46.489344763000105 ], [ -120.972181590000019, 46.489333495000061 ], [ -120.972325112, 46.489318019000024 ], [ -120.972550865999935, 46.489293674000052 ], [ -120.972666593000014, 46.489281194000085 ], [ -120.973221150999976, 46.489062089000079 ], [ -120.973443363999976, 46.488929390000109 ], [ -120.973738464999968, 46.488753161 ], [ -120.973902485999943, 46.488655210000076 ], [ -120.974179661999969, 46.488607296000019 ], [ -120.97438011999995, 46.488572642000079 ], [ -120.97448659899996, 46.48855423600007 ], [ -120.974668734999938, 46.488465594000019 ], [ -120.974823743999963, 46.488390154000079 ], [ -120.974905351999965, 46.488350437000079 ], [ -120.975140157999945, 46.488236159000039 ], [ -120.975429875999936, 46.488112695000041 ], [ -120.975537714999973, 46.488066739000054 ], [ -120.975798160999943, 46.487956567 ], [ -120.976192764, 46.487867142000063 ], [ -120.976690570999978, 46.487687677000046 ], [ -120.976741493999924, 46.487665848000105 ], [ -120.977101458999954, 46.487511550000036 ], [ -120.977387080999961, 46.48738911700012 ], [ -120.977691403, 46.487302384000053 ], [ -120.977907193999926, 46.487240882000023 ], [ -120.978077088999939, 46.487192460000102 ], [ -120.978280845999933, 46.487134387 ], [ -120.978482688999932, 46.487076859000041 ], [ -120.978670805999954, 46.487023242000049 ], [ -120.978849477999987, 46.486972318 ], [ -120.979123960999971, 46.486894084000021 ], [ -120.97948244899996, 46.486791906000093 ], [ -120.97994884900001, 46.486658968000015 ], [ -120.980261014999897, 46.486556741000086 ], [ -120.980589042999952, 46.48644932100008 ], [ -120.980843872999984, 46.486436508000082 ], [ -120.980994314, 46.486428945000078 ], [ -120.981064456999945, 46.486427610000057 ], [ -120.981300174999902, 46.486426617000063 ], [ -120.981587557999973, 46.486425405000055 ], [ -120.981929617999938, 46.486384541000049 ], [ -120.982085694999967, 46.486257200000082 ], [ -120.982099600999973, 46.486245854000032 ], [ -120.982255927000026, 46.486176210000039 ], [ -120.982339877999948, 46.486157824000031 ], [ -120.982516482, 46.486119147000025 ], [ -120.982668882, 46.486085770000017 ], [ -120.982792198999988, 46.486045205000039 ], [ -120.982929644, 46.485999992000117 ], [ -120.983048213999936, 46.485960988000087 ], [ -120.983124112, 46.485936020000061 ], [ -120.983416259999927, 46.485895794000022 ], [ -120.983705255999951, 46.485856000000105 ], [ -120.983936360999977, 46.485824176000044 ], [ -120.984306159999932, 46.485694495000061 ], [ -120.984570036, 46.485471072000053 ], [ -120.98464241799995, 46.485412266000068 ], [ -120.984844352999957, 46.485248737000042 ], [ -120.984963952, 46.48516510300005 ], [ -120.985213005, 46.484990942000117 ], [ -120.985289921999964, 46.484934165000034 ], [ -120.985468135999966, 46.484802613000078 ], [ -120.985879844999928, 46.484574198000097 ], [ -120.986068217999971, 46.484477753000107 ], [ -120.986249858999898, 46.484384754000054 ], [ -120.986462131999971, 46.484276071000032 ], [ -120.986695658999935, 46.484248161000032 ], [ -120.986980414999948, 46.484214330000071 ], [ -120.987488433999971, 46.484173144000039 ], [ -120.987811699, 46.484152049000073 ], [ -120.988065204999913, 46.484135505000033 ], [ -120.988270155999913, 46.484079745000038 ], [ -120.988279956000014, 46.483925997000021 ], [ -120.988747390999961, 46.483608870000069 ], [ -120.988816545, 46.483462463000123 ], [ -120.988991140999971, 46.483287838000066 ], [ -120.989210891999946, 46.483112935000072 ], [ -120.989356463, 46.48302190200009 ], [ -120.98964214899992, 46.482895390000103 ], [ -120.990144897999954, 46.482792369000016 ], [ -120.990490524000037, 46.482599613000055 ], [ -120.990877030999954, 46.482483119000094 ], [ -120.991259381999967, 46.482401521 ], [ -120.991829975999934, 46.482383262 ], [ -120.991889734999987, 46.482381350000026 ], [ -120.992014422999915, 46.482377360000051 ], [ -120.992260929999972, 46.482253730000032 ], [ -120.99228018899997, 46.482244072000036 ], [ -120.992350178999985, 46.482191581000045 ], [ -120.992425832999942, 46.482116148000017 ], [ -120.99257443599997, 46.481967977000103 ], [ -120.992669102, 46.48184579400003 ], [ -120.992743613999934, 46.48174460900001 ], [ -120.992878314999984, 46.481604857000079 ], [ -120.993249291999945, 46.48141892400006 ], [ -120.993455207999929, 46.481362332000089 ], [ -120.993837673999963, 46.481294607000081 ], [ -120.994365731999949, 46.481246687000109 ], [ -120.994521889999987, 46.481232516 ], [ -120.994893398, 46.481105704000079 ], [ -120.995047939999907, 46.481086114000057 ], [ -120.995547153999908, 46.481022829000061 ], [ -120.995642666, 46.480994564000035 ], [ -120.995727758999934, 46.480966428000016 ], [ -120.995797869999961, 46.480927819000016 ], [ -120.995957898999976, 46.480791467000103 ], [ -120.996013781999977, 46.480557547000025 ], [ -120.996014890999973, 46.480552906000085 ], [ -120.996108467999989, 46.480161205000094 ], [ -120.997058269999982, 46.480171040000108 ], [ -120.997291537999914, 46.480173455000042 ], [ -120.997271468999941, 46.480149205000075 ], [ -120.997293612, 46.480140579000071 ], [ -120.997381944000026, 46.480176445000019 ], [ -120.997442840999909, 46.480177706000035 ], [ -121.003664889000021, 46.480337273 ], [ -121.016708133999913, 46.480258874000093 ], [ -121.02476710699996, 46.480269235000058 ], [ -121.039702475, 46.480323028000072 ], [ -121.056087200999954, 46.480306548000037 ], [ -121.073953777999961, 46.480323672000033 ], [ -121.092792622999937, 46.480338738000036 ], [ -121.09587108700002, 46.480340898000037 ], [ -121.115482069000024, 46.480352706000041 ], [ -121.125231566999972, 46.480357297000062 ], [ -121.125231627320602, 46.480356696440907 ], [ -121.115483317999946, 46.48035210700008 ], [ -121.095872335999942, 46.480340299000076 ], [ -121.092793871999959, 46.480338138000079 ], [ -121.073955026999982, 46.480323072000076 ], [ -121.056088449999976, 46.480305949000076 ], [ -121.039703724, 46.480322429000111 ], [ -121.024768356999971, 46.480268637 ], [ -121.016709383999924, 46.48025827500004 ], [ -121.00366585299993, 46.480305730000062 ], [ -120.997383193999951, 46.480175847000062 ], [ -120.997294862000018, 46.480139981000022 ], [ -120.998902404999967, 46.479513775000079 ], [ -121.00079415, 46.478604428000068 ], [ -121.00104960999991, 46.478571181000071 ], [ -121.001271924, 46.478515228000063 ], [ -121.001424562999929, 46.478473434000065 ], [ -121.001731471999932, 46.478386043000029 ], [ -121.001856477999965, 46.478325440000077 ], [ -121.002070423, 46.478217652000041 ], [ -121.002227176, 46.478134258000068 ], [ -121.002411215000038, 46.47797154200002 ], [ -121.002590351999942, 46.477818646000067 ], [ -121.002808456999958, 46.477632488000033 ], [ -121.002987516999937, 46.47746856900006 ], [ -121.00318610199993, 46.477286774000028 ], [ -121.003506652999988, 46.477103216000025 ], [ -121.003788452999942, 46.47695355900008 ], [ -121.003828042999942, 46.476943515000045 ], [ -121.004166440999953, 46.476863259000069 ], [ -121.004519296999931, 46.476788426 ], [ -121.004966777, 46.476604303000045 ], [ -121.005049893999953, 46.476557034000045 ], [ -121.005277613999965, 46.476427529000077 ], [ -121.005490867999939, 46.476257933000078 ], [ -121.005634769999944, 46.476070436000015 ], [ -121.005708841999947, 46.475981532000034 ], [ -121.005945473999986, 46.475790438000033 ], [ -121.00611380899997, 46.475688653000049 ], [ -121.006265796000022, 46.475610783 ], [ -121.00658692599994, 46.475446251000065 ], [ -121.006884192999934, 46.475293943000075 ], [ -121.007160304999957, 46.475171154000037 ], [ -121.007365165999943, 46.475150005000067 ], [ -121.007598313999964, 46.475020793000034 ], [ -121.007734446999947, 46.474959473000112 ], [ -121.007996255999942, 46.474762672000082 ], [ -121.008170312999951, 46.474579752000047 ], [ -121.008332759999973, 46.47444709500008 ], [ -121.008635718, 46.474226882000067 ], [ -121.008847042999989, 46.474115903000033 ], [ -121.009044106999951, 46.474042917000034 ], [ -121.009290177999972, 46.473982837000037 ], [ -121.009882599999955, 46.473828343000044 ], [ -121.010544418, 46.473678674 ], [ -121.010797902000022, 46.47363706400003 ], [ -121.010953502999925, 46.473513157000077 ], [ -121.011263534, 46.473311167000062 ], [ -121.011874855999949, 46.473198485000069 ], [ -121.012501202999914, 46.473056012 ], [ -121.012839959999965, 46.472872285000079 ], [ -121.013424384, 46.472586383000049 ], [ -121.013638803999982, 46.472544942000084 ], [ -121.013921635999935, 46.472509939000119 ], [ -121.014155901999956, 46.472502137000092 ], [ -121.014545878999982, 46.472439665000074 ], [ -121.014740069999974, 46.472324107000105 ], [ -121.014924879999981, 46.472249065000028 ], [ -121.015313323999976, 46.472024692000026 ], [ -121.015648985999945, 46.471885871000083 ], [ -121.015852970999944, 46.471735212000056 ], [ -121.016121286999947, 46.471550333000032 ], [ -121.016488716999973, 46.471385246000054 ], [ -121.016870823999966, 46.471234863000042 ], [ -121.017018239, 46.471169654000064 ], [ -121.017130614999971, 46.471119241000068 ], [ -121.017247561999966, 46.471049958000023 ], [ -121.017509278999938, 46.470894904000069 ], [ -121.017660512999939, 46.470786245000049 ], [ -121.01792166099996, 46.470598918000093 ], [ -121.018257758999965, 46.470359770000115 ], [ -121.018469377999978, 46.470209191 ], [ -121.018801266, 46.470024619000093 ], [ -121.019167269, 46.469824120000027 ], [ -121.019473241999904, 46.469678971000093 ], [ -121.019878241999933, 46.46948769600008 ], [ -121.020053700999966, 46.469384880000099 ], [ -121.020344365999946, 46.469214552000039 ], [ -121.020473010000032, 46.469145528000098 ], [ -121.020640861999965, 46.469033441000064 ], [ -121.020873169999916, 46.468886872000013 ], [ -121.020927344999961, 46.468852692000027 ], [ -121.021210988999982, 46.468673729000052 ], [ -121.022074668999949, 46.468130501000047 ], [ -121.022441477, 46.46791548100002 ], [ -121.022662462, 46.467785938000048 ], [ -121.022865316, 46.467667024000072 ], [ -121.023299201000015, 46.467412676000073 ], [ -121.023644145999953, 46.46721046200004 ], [ -121.023896713999974, 46.467113762000032 ], [ -121.024122881999944, 46.46709604400008 ], [ -121.024253754999947, 46.467081148 ], [ -121.024685999, 46.467046457000059 ], [ -121.025753870999978, 46.467102607000086 ], [ -121.026374716999925, 46.467131122000048 ], [ -121.026772561999977, 46.467149392000053 ], [ -121.027145213, 46.467149471000056 ], [ -121.027149715999926, 46.467150032000106 ], [ -121.027200183000019, 46.46715632700009 ], [ -121.027609852999987, 46.467160339000067 ], [ -121.027886046, 46.46711588200003 ], [ -121.028398693999975, 46.467047527000062 ], [ -121.028671308999961, 46.466999982000033 ], [ -121.029095287999965, 46.466926038000047 ], [ -121.029385287999972, 46.466866776000117 ], [ -121.029656856999978, 46.466811279000055 ], [ -121.029778536, 46.466786413000037 ], [ -121.03007492299993, 46.466741087000017 ], [ -121.030514707999899, 46.466673829000051 ], [ -121.030705185000031, 46.466664963000028 ], [ -121.030948970999944, 46.466653616000066 ], [ -121.031515503999927, 46.466696465000055 ], [ -121.031964197999926, 46.466534366000054 ], [ -121.032366543999913, 46.466326837000025 ], [ -121.032595787999966, 46.466243899000091 ], [ -121.032858978999982, 46.46615252200008 ], [ -121.033165101999899, 46.466101657000046 ], [ -121.033246405999975, 46.466086519000037 ], [ -121.033583341999957, 46.466074504000019 ], [ -121.033834605999971, 46.466054244000119 ], [ -121.033918346999968, 46.466039361000043 ], [ -121.03411385699998, 46.465838312000109 ], [ -121.034286110999929, 46.46557666800004 ], [ -121.034455984999951, 46.464814269000023 ], [ -121.034657291, 46.46436152400004 ], [ -121.034973108999935, 46.464020031000118 ], [ -121.041038715999974, 46.465092953000074 ], [ -121.042139913999961, 46.465290931000027 ], [ -121.044055964999956, 46.465312237000013 ], [ -121.045412934999973, 46.465630379000046 ], [ -121.045609860999917, 46.465678285000102 ], [ -121.046138644999971, 46.465724260000087 ], [ -121.047396717999973, 46.465824927000064 ], [ -121.048121607, 46.465885977000056 ], [ -121.05093719, 46.465771472 ], [ -121.051829802999947, 46.465885936000049 ], [ -121.054935029000021, 46.46586299800002 ], [ -121.057315358999972, 46.465634075 ], [ -121.060261227, 46.465794132 ], [ -121.06174832899994, 46.466068937 ], [ -121.062873275999934, 46.466389041000113 ], [ -121.068661645999967, 46.46743995700011 ], [ -121.069852288999982, 46.467393913000123 ], [ -121.070877325999973, 46.467119876 ], [ -121.072031779000014, 46.466698897000079 ], [ -121.072070346, 46.466686706000047 ], [ -121.073588858999969, 46.465931384000079 ], [ -121.074745763999942, 46.46555003000006 ], [ -121.074977522000026, 46.465473633000045 ], [ -121.075838005, 46.465359861000046 ], [ -121.076663433999983, 46.465496493000067 ], [ -121.078090047999979, 46.465954267000022 ], [ -121.079081947999981, 46.46602293900002 ], [ -121.07913631199996, 46.466031242000085 ], [ -121.080730134999939, 46.46627465400006 ], [ -121.082752116, 46.46668657700004 ], [ -121.084071675999922, 46.466636985000022 ], [ -121.085065615999923, 46.466477727000076 ], [ -121.086553682999934, 46.46595274000007 ], [ -121.087345222999971, 46.465519244000085 ], [ -121.087879030999915, 46.464969922000108 ], [ -121.088504591999978, 46.464649535000071 ], [ -121.089000664999986, 46.464557937000038 ], [ -121.090953938999959, 46.464763883000025 ], [ -121.091876879000026, 46.464741019 ], [ -121.092441403999928, 46.464603718 ], [ -121.093097685999965, 46.464191708000023 ], [ -121.093960579999944, 46.463985662000027 ], [ -121.095188086999897, 46.463917053000038 ], [ -121.096309705999985, 46.464100074000079 ], [ -121.097049589, 46.463760619000062 ], [ -121.099117237999934, 46.462818346000077 ], [ -121.100011658999946, 46.461424588000042 ], [ -121.100109031000017, 46.460762240000044 ], [ -121.100307631999925, 46.460418922000059 ], [ -121.102321665999938, 46.458770987000044 ], [ -121.103051658999945, 46.458040594000096 ], [ -121.103680024999974, 46.457630297999984 ], [ -121.104968979999953, 46.456989487000079 ], [ -121.106556024, 46.456440145 ], [ -121.108109134999978, 46.45609757600009 ], [ -121.111881373999907, 46.454746369000112 ], [ -121.113563884999934, 46.454494556000057 ], [ -121.114322871999946, 46.454242808000103 ], [ -121.115086137999953, 46.454151201000073 ], [ -121.11667287399996, 46.454380104000094 ], [ -121.117535120999989, 46.454357189000063 ], [ -121.118519000999939, 46.454082514000071 ], [ -121.11947998499997, 46.453670584000093 ], [ -121.120327113999977, 46.452625363000031 ], [ -121.12030634999995, 46.451768086000065 ], [ -121.120289698, 46.451080533000024 ], [ -121.119532176999925, 46.449316545000087 ], [ -121.117565434, 46.447357371000074 ], [ -121.118967694999938, 46.445069629000059 ], [ -121.120144424999964, 46.444893046000104 ], [ -121.12112193399993, 46.445990566000049 ], [ -121.121600206999972, 46.447445585 ], [ -121.122051375999916, 46.448261363 ], [ -121.122994541999972, 46.44912253000011 ], [ -121.123683831999983, 46.450244997 ], [ -121.124039793999941, 46.452270474000066 ], [ -121.124576879999978, 46.454734756000036 ], [ -121.123619933000029, 46.456798432 ], [ -121.124202721999922, 46.458053537000097 ], [ -121.125786003000016, 46.458659400000045 ], [ -121.125586995999981, 46.46003335800004 ], [ -121.125737055999963, 46.461179333000089 ], [ -121.124687207999955, 46.461895341000094 ], [ -121.12505753399995, 46.463649588000109 ], [ -121.125417950999932, 46.464365241000081 ], [ -121.124912512999941, 46.464889389000106 ], [ -121.124933757999926, 46.464968458000079 ], [ -121.125168538999986, 46.465802213000053 ], [ -121.125507972, 46.467151880000081 ], [ -121.12576016, 46.468895202000084 ], [ -121.125772749999982, 46.469041161000078 ], [ -121.126010429999923, 46.470161336000039 ], [ -121.126201972999965, 46.471034765000098 ], [ -121.127436473999964, 46.470879928000073 ], [ -121.12826983, 46.470775396000043 ], [ -121.130566126999923, 46.470451142000037 ], [ -121.132282757999945, 46.470283278000089 ], [ -121.133763101999946, 46.46980639300007 ], [ -121.135134638999915, 46.470808110000085 ], [ -121.137897655999907, 46.471196004000028 ], [ -121.138051165, 46.471298240000046 ], [ -121.13993537599994, 46.472514693000065 ], [ -121.141164126, 46.473754197000041 ], [ -121.141420605, 46.474012913000038 ], [ -121.14153157500003, 46.474124981000074 ], [ -121.142053830999984, 46.474547445000034 ], [ -121.125804129999906, 46.474668620000024 ], [ -121.12580407039826, 46.474669213401356 ], [ -121.142052947, 46.474578989000072 ], [ -121.142336695999944, 46.474808517000056 ], [ -121.143594151999977, 46.476209438000062 ], [ -121.143818552999974, 46.476559977000107 ], [ -121.144053156999945, 46.476926447000054 ], [ -121.144020410999985, 46.477255533000104 ], [ -121.143893046999921, 46.478535455000049 ], [ -121.144657289999927, 46.480095369000061 ], [ -121.145774471999985, 46.481494315000084 ], [ -121.145254827999977, 46.48232431400001 ], [ -121.145274990999965, 46.48306316500004 ], [ -121.146206590999952, 46.484122338000098 ], [ -121.147850575, 46.485700302000097 ], [ -121.149765635, 46.48782027500009 ], [ -121.150203892999926, 46.48907109800011 ], [ -121.152879005999935, 46.491024122000056 ], [ -121.15356870799998, 46.491588776000057 ], [ -121.155118736999981, 46.491714697000084 ], [ -121.155955524999939, 46.491755312000073 ], [ -121.156040585999961, 46.491729886 ], [ -121.158787166999929, 46.492546193000052 ], [ -121.160671807999989, 46.492675849000122 ], [ -121.16082747999998, 46.492702371000092 ], [ -121.162624928999932, 46.49300774900005 ], [ -121.163954145999966, 46.493906875000015 ], [ -121.165455448000017, 46.494586970000064 ], [ -121.165459440999896, 46.494588832000041 ], [ -121.165515851999942, 46.494615326 ], [ -121.166539269999987, 46.495098088000077 ], [ -121.16868240300002, 46.49638284200006 ], [ -121.169309514999952, 46.496594931000025 ], [ -121.170895475, 46.49713128100008 ], [ -121.172521588999984, 46.497935839000036 ], [ -121.176450245999959, 46.498481496000068 ], [ -121.176586780999983, 46.498577263000087 ], [ -121.178440757, 46.499877606000027 ], [ -121.178929211, 46.499877618000028 ], [ -121.180615173999954, 46.49909939500003 ], [ -121.181782471999909, 46.499122342000064 ], [ -121.18262168699998, 46.498870522000104 ], [ -121.186963421999948, 46.498818525000061 ], [ -121.187573344999961, 46.499004331000073 ], [ -121.188840079999963, 46.49939304800008 ], [ -121.189801274, 46.499877521000023 ], [ -121.188992644999985, 46.499877517000108 ], [ -121.189040684999952, 46.500143488000091 ], [ -121.189183364999948, 46.500278114000039 ], [ -121.190544886999987, 46.500583199000054 ], [ -121.191174821999965, 46.500583245000058 ], [ -121.191899508999981, 46.500617507000051 ], [ -121.192288837999953, 46.500785428 ], [ -121.193213091999951, 46.501288436000053 ], [ -121.193890774999971, 46.501723690000098 ], [ -121.194378158999982, 46.502261392 ], [ -121.194394614, 46.502276082000058 ], [ -121.195203173999943, 46.502997825000094 ], [ -121.196446821999984, 46.504947058 ], [ -121.195698148999952, 46.506304349000025 ], [ -121.195486626999951, 46.506690467000091 ], [ -121.195218821, 46.507179321000123 ], [ -121.200319415999957, 46.509220238000061 ], [ -121.201613481, 46.509739249000106 ], [ -121.201746317999977, 46.509876233000071 ], [ -121.20284991299998, 46.51015914200012 ], [ -121.207539271999934, 46.511361113000092 ], [ -121.208300132999923, 46.511615402000082 ], [ -121.20863135999997, 46.511726099 ], [ -121.209059561999965, 46.512161954000099 ], [ -121.209327361999911, 46.512595120000057 ], [ -121.209654990999937, 46.512513644000066 ], [ -121.209617525999946, 46.51207707800009 ], [ -121.209778834999966, 46.511276661000032 ], [ -121.209779348000012, 46.511274118000088 ], [ -121.210569525000025, 46.51064593100007 ], [ -121.212179815999946, 46.510392095000029 ], [ -121.212638506999966, 46.510310907000061 ], [ -121.212715767999967, 46.51029628500001 ], [ -121.214040680999986, 46.50967322000006 ], [ -121.215215668999946, 46.509280232000052 ], [ -121.216530104999904, 46.509261026000061 ], [ -121.217992268, 46.509074281000061 ], [ -121.218580695999933, 46.508859794000081 ], [ -121.218974546000013, 46.5087162290001 ], [ -121.219419414999962, 46.508116718000061 ], [ -121.22002931699997, 46.507082966000056 ], [ -121.221013953999915, 46.506419199000028 ], [ -121.223349372999962, 46.506275975000079 ], [ -121.225345568999927, 46.506159965000073 ], [ -121.226912422999987, 46.505604970000071 ], [ -121.229650441999951, 46.504759762000035 ], [ -121.232143061999963, 46.504315069000015 ], [ -121.232618230999933, 46.50465292700008 ], [ -121.233585845999968, 46.505098857000029 ], [ -121.23374175, 46.505100341000059 ], [ -121.234120585999975, 46.505103819000084 ], [ -121.235153654000015, 46.504475869 ], [ -121.236400983999928, 46.503544338000012 ], [ -121.236883152999937, 46.503184232000059 ], [ -121.238167623, 46.501990827000085 ], [ -121.239459758999971, 46.500561860000069 ], [ -121.24001138999995, 46.499876820000054 ], [ -121.240121963999954, 46.499876821000051 ], [ -121.242440767999966, 46.499876822000054 ], [ -121.244621550000019, 46.4989037550001 ], [ -121.246534482999934, 46.498602638000051 ], [ -121.248374671999954, 46.497596759000047 ], [ -121.251203859000015, 46.495712717000039 ], [ -121.252394078, 46.495421136000068 ], [ -121.254225424, 46.495871226000098 ], [ -121.255780957999917, 46.492535061000105 ], [ -121.25591151999997, 46.492255026000031 ], [ -121.256544991999974, 46.492104500000011 ], [ -121.259767141999944, 46.491338782000071 ], [ -121.259642078, 46.491339442000033 ], [ -121.26032909, 46.490777748000014 ], [ -121.260637543999934, 46.490546109000029 ], [ -121.260816821999938, 46.490411740000106 ], [ -121.26085942, 46.490370150000039 ], [ -121.260862845999924, 46.49036669900002 ], [ -121.261793568999934, 46.489382509000031 ], [ -121.264006298999959, 46.486105802000075 ], [ -121.264733255999971, 46.486311839000074 ], [ -121.266301783999907, 46.485309369000085 ], [ -121.267850089999939, 46.484319866000099 ], [ -121.269831021999977, 46.482342024000054 ], [ -121.269953333999965, 46.482219897000078 ], [ -121.270845345999959, 46.480379850000062 ], [ -121.271610659999965, 46.479059632000073 ], [ -121.271929883, 46.478508930000075 ], [ -121.272286392999916, 46.4776150860001 ], [ -121.272474627999941, 46.477137502000019 ], [ -121.269789184999979, 46.475237884000052 ], [ -121.268011904, 46.474438959000032 ], [ -121.271254249999956, 46.474450113000067 ], [ -121.27377312, 46.474433069000078 ], [ -121.277008293999984, 46.474411096000033 ], [ -121.28091253799991, 46.474384457000049 ], [ -121.282156227999963, 46.474375943000055 ], [ -121.286524882999927, 46.474345930000062 ], [ -121.29074397499997, 46.474316785000049 ], [ -121.293625014999961, 46.474316170000087 ], [ -121.295955125999924, 46.474325098000023 ], [ -121.298152419999923, 46.474333474 ], [ -121.300907060999933, 46.47434391500007 ], [ -121.305418113999977, 46.474360868000055 ], [ -121.308417243999969, 46.474372041 ], [ -121.310944867000018, 46.474381397000066 ], [ -121.312070878999933, 46.47438554600005 ], [ -121.315330244999956, 46.474396585000079 ], [ -121.318281812999928, 46.474406361 ], [ -121.321454841, 46.474416785000059 ], [ -121.32410922699998, 46.474425438000068 ], [ -121.325455023999965, 46.474429802000074 ], [ -121.326675603999959, 46.474433745000042 ], [ -121.330926465999966, 46.474447378000015 ], [ -121.333027390999973, 46.474454057000038 ], [ -121.335814126999978, 46.474463489000108 ], [ -121.338647982999973, 46.474473306000029 ], [ -121.340144787000014, 46.474478463000011 ], [ -121.341963064, 46.474484701000087 ], [ -121.346261628999954, 46.474499333000054 ], [ -121.350158661999984, 46.474512458000071 ], [ -121.353332687999966, 46.474523050000059 ], [ -121.354952599999976, 46.474528421000059 ], [ -121.358252314999973, 46.474539278000073 ], [ -121.361810170999917, 46.474550877000055 ], [ -121.365156006999911, 46.474561683000061 ], [ -121.36762793799997, 46.474569604000095 ], [ -121.369566004999925, 46.474575777000069 ], [ -121.371470867999975, 46.474581812000039 ], [ -121.374335726999959, 46.474590829000071 ], [ -121.377917801999956, 46.474574148000023 ], [ -121.381727547999958, 46.474544787000085 ], [ -121.38399450299994, 46.474527256000052 ], [ -121.385789173999939, 46.474513346000059 ], [ -121.388921975999978, 46.474488996000083 ], [ -121.39139380899995, 46.474469723 ], [ -121.39354043099992, 46.475320993 ], [ -121.395667939, 46.477244735000099 ], [ -121.397098639999982, 46.478223150000055 ], [ -121.398231944999964, 46.478998147000048 ], [ -121.398383019000036, 46.479178165000022 ], [ -121.40035184999995, 46.48152407300006 ], [ -121.402281596999927, 46.482035365000087 ], [ -121.405994671000016, 46.48301903400003 ], [ -121.406961446999986, 46.48382799200008 ], [ -121.407280921999941, 46.48560895 ], [ -121.408142449, 46.486784806000038 ], [ -121.408440823, 46.48719202900007 ], [ -121.407306024999983, 46.488376580000114 ], [ -121.407305678999947, 46.488376940000052 ], [ -121.407601700999933, 46.488569126000058 ], [ -121.409821956999963, 46.489477014000038 ], [ -121.411254641999932, 46.490059833000032 ], [ -121.414153103999936, 46.491239806000053 ], [ -121.414788718999958, 46.490826310000031 ], [ -121.415233719999918, 46.490536811000062 ], [ -121.417436333999902, 46.48973635500009 ], [ -121.417437883000034, 46.489736756000035 ], [ -121.420064912999962, 46.490416746000072 ], [ -121.421028823999961, 46.491426515000043 ], [ -121.421757867999972, 46.492190211 ], [ -121.421800553999958, 46.492234926000052 ], [ -121.422679073, 46.492439681000029 ], [ -121.422709152, 46.492457263000063 ], [ -121.423079824999931, 46.492674946000044 ], [ -121.423184006999932, 46.492736127000043 ], [ -121.423253467, 46.492776917000043 ], [ -121.423258611999984, 46.49277993900003 ], [ -121.423387363999979, 46.492967266000072 ], [ -121.423893407, 46.49333408300005 ], [ -121.424671399, 46.493521725000029 ], [ -121.425111579, 46.49377980200007 ], [ -121.425744879, 46.494390166000031 ], [ -121.426488390999964, 46.495117556 ], [ -121.427603750999964, 46.496138957000042 ], [ -121.428331511999957, 46.496667382000069 ], [ -121.429666358999924, 46.497631532000085 ], [ -121.430016418999926, 46.498422520000069 ], [ -121.43299493, 46.498400542000027 ], [ -121.43347350099998, 46.498403058000058 ], [ -121.433793887999926, 46.49850216500009 ], [ -121.435335203999912, 46.498906569000063 ], [ -121.436473350999933, 46.499362422000033 ], [ -121.436984194000019, 46.499422422000023 ], [ -121.437554426999952, 46.499385434000075 ], [ -121.438107426999963, 46.499875467000031 ], [ -121.438310676999905, 46.49997458100006 ], [ -121.438507257999916, 46.499974594000058 ], [ -121.438806594999988, 46.499974619000064 ], [ -121.439007395, 46.500075465000059 ], [ -121.439210924999955, 46.500075421000055 ], [ -121.439407476999975, 46.500073804000095 ], [ -121.439607531, 46.500073787000098 ], [ -121.440004165999952, 46.50007378 ], [ -121.440805669000014, 46.500176791000094 ], [ -121.441507599, 46.50017674900009 ], [ -121.441807650999962, 46.500275401000081 ], [ -121.442707397999982, 46.500375361000089 ], [ -121.443209004000011, 46.50047431700002 ], [ -121.443910700999979, 46.500775668000081 ], [ -121.444307571999957, 46.501075338000099 ], [ -121.444441981999972, 46.50118280800011 ], [ -121.444807461000011, 46.501475365000069 ], [ -121.445108798, 46.501675895000048 ], [ -121.445505446999945, 46.502076431000063 ], [ -121.446107352999917, 46.50217531600007 ], [ -121.446607735000015, 46.502373935999984 ], [ -121.447507788999971, 46.502374872000061 ], [ -121.447517261999963, 46.502377192999987 ], [ -121.448007463999929, 46.502475366000027 ], [ -121.448709929999964, 46.502675299000053 ], [ -121.448732705999987, 46.502700391000083 ], [ -121.449007560999988, 46.502975347000095 ], [ -121.449107597999912, 46.50307530000002 ], [ -121.449610024, 46.503674709000052 ], [ -121.450007014, 46.504376634000046 ], [ -121.450205122999947, 46.504975572000042 ], [ -121.450304454, 46.505376079000051 ], [ -121.451007723000018, 46.505875256000053 ], [ -121.451201909999909, 46.506021300000057 ], [ -121.451807593999931, 46.506475264000045 ], [ -121.452105015999948, 46.507073628000086 ], [ -121.452107828999914, 46.507575293000023 ], [ -121.451908064999898, 46.508275241000028 ], [ -121.451507950999925, 46.508875218000114 ], [ -121.451607785999926, 46.509275290000083 ], [ -121.452107804, 46.50967528500005 ], [ -121.452707878999902, 46.510174884 ], [ -121.453104648999968, 46.510575479000103 ], [ -121.453607923999954, 46.51107519500006 ], [ -121.454007939999912, 46.51157525600005 ], [ -121.454308158999979, 46.512075208000027 ], [ -121.454507821999982, 46.512475216000084 ], [ -121.45480605799996, 46.512974840000034 ], [ -121.455408751, 46.513676741000019 ], [ -121.455706263999929, 46.51427569400002 ], [ -121.455807884999984, 46.514775161000046 ], [ -121.455790108999935, 46.514922285000047 ], [ -121.455706429999935, 46.515473350000079 ], [ -121.455615050999924, 46.515755639000076 ], [ -121.455507955999948, 46.516076110000036 ], [ -121.455566811000025, 46.516487063000021 ], [ -121.455608114999976, 46.516775098000053 ], [ -121.455508139999964, 46.517275050000116 ], [ -121.455309893, 46.518174157 ], [ -121.455207977, 46.518875091999988 ], [ -121.455125437, 46.519123798000052 ], [ -121.455004468999945, 46.519474978000062 ], [ -121.454905542999938, 46.520176916000054 ], [ -121.454808270999962, 46.520775057000073 ], [ -121.454707049999939, 46.521374688000037 ], [ -121.454608292000032, 46.521775045000034 ], [ -121.45440947099992, 46.522274965000101 ], [ -121.454394709999946, 46.522311168000073 ], [ -121.454108140999949, 46.523075090000042 ], [ -121.453807016999988, 46.523774172000067 ], [ -121.453602818999968, 46.52405294400004 ], [ -121.45351636299992, 46.524163961000077 ], [ -121.453208197, 46.524574977000064 ], [ -121.45270841199995, 46.525275028000081 ], [ -121.452508117, 46.526175002000024 ], [ -121.452227625999967, 46.527005114000055 ], [ -121.452224034000025, 46.527026912000082 ], [ -121.452208483999982, 46.52707494700006 ], [ -121.452106295999954, 46.527791992000054 ], [ -121.452108308999954, 46.528475002000079 ], [ -121.452006268000034, 46.528973510000114 ], [ -121.451983246999987, 46.528991956000041 ], [ -121.451510628999969, 46.529373999000036 ], [ -121.451105888999962, 46.529576191000068 ], [ -121.450808417999951, 46.529976741999988 ], [ -121.450205718999911, 46.530476499000038 ], [ -121.450409195999967, 46.531377311000057 ], [ -121.450808605999967, 46.532376160000098 ], [ -121.451008312999974, 46.532974910000078 ], [ -121.451166620999928, 46.533449912000037 ], [ -121.451205544999951, 46.533573938000082 ], [ -121.451177879999975, 46.533611019000041 ], [ -121.450908557999981, 46.533974912000041 ], [ -121.450205685999904, 46.533974502 ], [ -121.449404756999982, 46.534275794000067 ], [ -121.448809447999935, 46.534775567000032 ], [ -121.447408165999903, 46.535174896000029 ], [ -121.446009585999917, 46.535473660000058 ], [ -121.445479115999987, 46.535619282000027 ], [ -121.444911066999964, 46.535775068000042 ], [ -121.443209732999975, 46.535775067000039 ], [ -121.442408533000034, 46.535576683000059 ], [ -121.44120812700001, 46.53567501600002 ], [ -121.440408095999985, 46.535974951000057 ], [ -121.440007936, 46.536275020000105 ], [ -121.439806750999963, 46.536274789000089 ], [ -121.439108279, 46.53667500500007 ], [ -121.438205383999986, 46.537176134000056 ], [ -121.437205344999924, 46.537575557000068 ], [ -121.436205525999981, 46.538075322000026 ], [ -121.435308020999969, 46.538574928000067 ], [ -121.434908552999957, 46.538773418000055 ], [ -121.434710337999903, 46.538975577 ], [ -121.434600733999986, 46.539044004000061 ], [ -121.433909180999962, 46.539475325000048 ], [ -121.432711159999954, 46.539776656000107 ], [ -121.432207926999979, 46.539776734000029 ], [ -121.431406437999925, 46.539475350000046 ], [ -121.429705193999936, 46.539574556000083 ], [ -121.428307710999945, 46.539774967000056 ], [ -121.427111108999966, 46.54007425800004 ], [ -121.426307970999957, 46.540375060000059 ], [ -121.426007064999922, 46.54067547500005 ], [ -121.425211334, 46.540974581000015 ], [ -121.425175249999938, 46.541072913000072 ], [ -121.42510764499994, 46.541275025000097 ], [ -121.424807234999946, 46.542073087000048 ], [ -121.424410403999985, 46.542576695000058 ], [ -121.423507725999983, 46.543074961000073 ], [ -121.422510431999982, 46.543473117000069 ], [ -121.421607671, 46.543674936000066 ], [ -121.420707664999952, 46.544274969000064 ], [ -121.420546076999983, 46.544355799000094 ], [ -121.419507558999953, 46.544875010000062 ], [ -121.419103215999982, 46.545232113000033 ], [ -121.41860790500003, 46.545674959000081 ], [ -121.417704140999945, 46.546173959000072 ], [ -121.416707876999936, 46.546875001000075 ], [ -121.41664236499993, 46.547026699000106 ], [ -121.416629548770501, 46.547026659653568 ], [ -121.416407860999982, 46.547542427000053 ], [ -121.416911537, 46.548744003000088 ], [ -121.417605422999955, 46.549644188000052 ], [ -121.418406853999912, 46.550143976000101 ], [ -121.418910183, 46.550143960000099 ], [ -121.419608574999955, 46.550543357000016 ], [ -121.420207206000015, 46.551242558000048 ], [ -121.420308494999958, 46.551943275000028 ], [ -121.41981051199997, 46.55264255900007 ], [ -121.419706642, 46.552847272000044 ], [ -121.419408609999934, 46.554147322000048 ], [ -121.419159447999917, 46.554311297000027 ], [ -121.418811040999955, 46.554542228000038 ], [ -121.417508837999947, 46.555143322000035 ], [ -121.41620975999993, 46.555843102000026 ], [ -121.415008741999955, 46.556643377000071 ], [ -121.414408478999931, 46.557443293000091 ], [ -121.413808438000018, 46.557843248000054 ], [ -121.412906060999973, 46.558143289 ], [ -121.412905824999953, 46.558543846000113 ], [ -121.41360795199995, 46.559043519000063 ], [ -121.414210526, 46.559444058000075 ], [ -121.414216105, 46.559450784000013 ], [ -121.414508756999965, 46.55974324700005 ], [ -121.414706617, 46.56004298200007 ], [ -121.41520862699997, 46.560343281000051 ], [ -121.416208597000022, 46.560643189000082 ], [ -121.416705511, 46.561141573000022 ], [ -121.41670572799994, 46.561744292000064 ], [ -121.417208957999918, 46.562144840000073 ], [ -121.417508804999954, 46.562243216000041 ], [ -121.417910924999916, 46.562541563000124 ], [ -121.418605640999928, 46.562743718000064 ], [ -121.418711083999952, 46.563042817000031 ], [ -121.419508755999956, 46.563543143000039 ], [ -121.42010822, 46.563842381000022 ], [ -121.420518237, 46.564018448000112 ], [ -121.42109577, 46.564548215000066 ], [ -121.421207218999982, 46.564643386000036 ], [ -121.421512395, 46.565143123000084 ], [ -121.421408853999964, 46.56604310900012 ], [ -121.421405394999951, 46.566543104000104 ], [ -121.421510235999918, 46.567245503000045 ], [ -121.421708824999911, 46.567643173000086 ], [ -121.422208863999984, 46.568143137000064 ], [ -121.422512024999932, 46.568141463000103 ], [ -121.423309042999975, 46.568743149000056 ], [ -121.423412366, 46.569442218000077 ], [ -121.423603704999934, 46.569587217000084 ], [ -121.423809146999972, 46.569743072000016 ], [ -121.424411774, 46.569842755000089 ], [ -121.424312211999933, 46.570243345000016 ], [ -121.423510982999986, 46.571444886000045 ], [ -121.422908263999943, 46.57204381600004 ], [ -121.42190916399997, 46.572543013000043 ], [ -121.421108089999947, 46.573142417000078 ], [ -121.420808979999975, 46.573943023000062 ], [ -121.420406230999959, 46.574641623000048 ], [ -121.419609123, 46.57574300700005 ], [ -121.418862888, 46.576150160000076 ], [ -121.418509223999948, 46.576343080000051 ], [ -121.417608959999981, 46.576343022000046 ], [ -121.416709107999949, 46.576043093000095 ], [ -121.415608899999953, 46.576243099000038 ], [ -121.415210764999969, 46.576541345000109 ], [ -121.414011935, 46.577144908000044 ], [ -121.413310928999977, 46.577643789000021 ], [ -121.412609013999898, 46.578444845000043 ], [ -121.412154813999976, 46.579091417000072 ], [ -121.411906925999986, 46.579444289000051 ], [ -121.411609104999954, 46.580242974000051 ], [ -121.411408997, 46.580642980000022 ], [ -121.410308965999931, 46.580741466000084 ], [ -121.408608925999957, 46.580843080000058 ], [ -121.407306246, 46.581042728000057 ], [ -121.406708880999958, 46.58144304900005 ], [ -121.406308902, 46.582143032000054 ], [ -121.405711861999976, 46.583041595000061 ], [ -121.405010010999902, 46.584544470000068 ], [ -121.40430901, 46.585442990000068 ], [ -121.40370877099997, 46.586243014 ], [ -121.403209262999937, 46.587241487000021 ], [ -121.403209149999938, 46.588042938000072 ], [ -121.403209366999945, 46.588744462000122 ], [ -121.403011165999985, 46.589743983000041 ], [ -121.402507651999983, 46.590743426000046 ], [ -121.402011766999976, 46.591544501000072 ], [ -121.40170926, 46.59264296500001 ], [ -121.401706265999934, 46.593242019000101 ], [ -121.402509211000023, 46.594042879000021 ], [ -121.402705788999938, 46.594142195000067 ], [ -121.403109276999928, 46.594842850000042 ], [ -121.403308676, 46.595141648000073 ], [ -121.403705734999988, 46.595843551000058 ], [ -121.404109919999939, 46.596644550000079 ], [ -121.404308199999917, 46.597144317000037 ], [ -121.404407517999971, 46.597644008 ], [ -121.404712383999964, 46.598242943000081 ], [ -121.405307369999903, 46.598643503000091 ], [ -121.405708888, 46.59904285 ], [ -121.405910143999947, 46.59924239 ], [ -121.405808723999911, 46.599542793000069 ], [ -121.405909033999947, 46.59974279 ], [ -121.406108446999923, 46.59974206800004 ], [ -121.40660879499994, 46.600042762000051 ], [ -121.407008997, 46.600242779999988 ], [ -121.407512495, 46.6006423420001 ], [ -121.407808947999939, 46.600942762000088 ], [ -121.407908769999935, 46.601142760000116 ], [ -121.408107585999957, 46.601641830000105 ], [ -121.407909206999975, 46.601943176000084 ], [ -121.407809797000013, 46.602244509000059 ], [ -121.407779665999911, 46.602286654000082 ], [ -121.407608876999987, 46.602542789000047 ], [ -121.407308689000018, 46.602942809000105 ], [ -121.406808735999959, 46.603442792000081 ], [ -121.406108486000022, 46.604041198000033 ], [ -121.405408944999962, 46.604742774000087 ], [ -121.404811632999923, 46.605341984000106 ], [ -121.404749276, 46.605390640000046 ], [ -121.404308988999986, 46.605742740000046 ], [ -121.403911121999926, 46.606043855000088 ], [ -121.403684175999985, 46.606095266000082 ], [ -121.403008696999962, 46.606242685000019 ], [ -121.401706073999918, 46.606543643000052 ], [ -121.401208842999978, 46.606642770000086 ], [ -121.401111160999989, 46.606841159000069 ], [ -121.401008891999965, 46.606942745000033 ], [ -121.401009054999975, 46.607342696000089 ], [ -121.401208674999964, 46.607742705000057 ], [ -121.401227843999962, 46.607818825000045 ], [ -121.4013098, 46.608141946000046 ], [ -121.401111187999987, 46.608943071000077 ], [ -121.400905434999927, 46.609343615000085 ], [ -121.400706794000016, 46.609843340000047 ], [ -121.40060748199997, 46.610243903000061 ], [ -121.400211205999952, 46.610644402000069 ], [ -121.399608296999986, 46.611243371000064 ], [ -121.399211656999938, 46.611743021000017 ], [ -121.398309118999961, 46.612242699000063 ], [ -121.397808859999955, 46.61234277700008 ], [ -121.396907633, 46.612742425000107 ], [ -121.396508663999938, 46.613042664 ], [ -121.396007184000013, 46.613642705000082 ], [ -121.395803779999966, 46.613887336000069 ], [ -121.395508678999974, 46.614242720000078 ], [ -121.394409076999935, 46.614742709000055 ], [ -121.393108453999972, 46.615241084000083 ], [ -121.39270238099995, 46.615323265000043 ], [ -121.392108886999964, 46.615443241000023 ], [ -121.391215962999979, 46.615930105000068 ], [ -121.39101035600001, 46.616042169000018 ], [ -121.390852109999983, 46.616099790000078 ], [ -121.389911536999961, 46.616442784000036 ], [ -121.389009119999983, 46.616442769000031 ], [ -121.388609435999953, 46.616642720000058 ], [ -121.388210384999979, 46.616942502 ], [ -121.388198874999915, 46.616968816000039 ], [ -121.388009120000021, 46.617442738000079 ], [ -121.387973544000019, 46.617488005 ], [ -121.387709205, 46.617842702000047 ], [ -121.387508421, 46.618342504000097 ], [ -121.387309058999918, 46.619142751000055 ], [ -121.387109405000018, 46.619742639000037 ], [ -121.387009248999988, 46.62034261200003 ], [ -121.386806438, 46.62084105800006 ], [ -121.386906467999921, 46.621544031000049 ], [ -121.387210876999973, 46.621844270000025 ], [ -121.387431142999986, 46.622110111000083 ], [ -121.38770674099996, 46.622443223000019 ], [ -121.388009437999969, 46.62294263400004 ], [ -121.388108798999923, 46.623542602000036 ], [ -121.38791259199995, 46.624140751000056 ], [ -121.388208659000014, 46.624842630000039 ], [ -121.388809063999958, 46.625442566000032 ], [ -121.38920929799994, 46.625941217000076 ], [ -121.389408854999928, 46.626642558000107 ], [ -121.389407632999919, 46.626841472000045 ], [ -121.389608956999965, 46.627042581000076 ], [ -121.38910891, 46.627742587000085 ], [ -121.389011086999972, 46.628241505000069 ], [ -121.389010118999977, 46.628942603999988 ], [ -121.389008776999958, 46.629742599000011 ], [ -121.388708874000017, 46.630542514000027 ], [ -121.388309013999972, 46.631042491000095 ], [ -121.387508122999961, 46.631941668000067 ], [ -121.387210565999951, 46.632643521000048 ], [ -121.387208964, 46.633642507000019 ], [ -121.386806210999978, 46.63424191000005 ], [ -121.386774689999939, 46.634322966000099 ], [ -121.386667291999942, 46.634572492000046 ], [ -121.386509107, 46.63494247200002 ], [ -121.386508631999959, 46.635004863000027 ], [ -121.386509303999915, 46.635442515000094 ], [ -121.386709197999934, 46.636042476000085 ], [ -121.387111623999928, 46.636641382000079 ], [ -121.387597763999921, 46.637063359000088 ], [ -121.387809209999915, 46.637242456000074 ], [ -121.388912034999947, 46.637942102000054 ], [ -121.390109458999987, 46.63864246 ], [ -121.390165355999912, 46.638682474000028 ], [ -121.390809427999912, 46.639142460000073 ], [ -121.391506108, 46.639441263000016 ], [ -121.39291027499992, 46.639544215000093 ], [ -121.393909598, 46.639542417000037 ], [ -121.396312880999986, 46.639841741000019 ], [ -121.396367911999917, 46.63985904900003 ], [ -121.397009473999987, 46.640042388000012 ], [ -121.398212504999961, 46.64044062100001 ], [ -121.398509481999923, 46.640642336 ], [ -121.398708520999961, 46.641241685000033 ], [ -121.398109584999972, 46.642042340000025 ], [ -121.397510789999984, 46.642641689000051 ], [ -121.396808798999984, 46.643442716000074 ], [ -121.396110598999954, 46.64414284300009 ], [ -121.395511780999968, 46.644743552000058 ], [ -121.395107535999912, 46.64534247900005 ], [ -121.39470945999993, 46.645742283000089 ], [ -121.395306672999951, 46.646039526000081 ], [ -121.395310184999985, 46.646041213000046 ], [ -121.396007720999961, 46.646143565000074 ], [ -121.397209777999947, 46.646143581000075 ], [ -121.398609439000026, 46.646143577000075 ], [ -121.399509860999913, 46.646143536000075 ], [ -121.400310883999936, 46.646242650000012 ], [ -121.400707589, 46.646242701000105 ], [ -121.401409902999916, 46.646542172000103 ], [ -121.402111724999898, 46.646841557000094 ], [ -121.402809915999939, 46.647041815000058 ], [ -121.402813915999914, 46.647042897000055 ], [ -121.402934773999974, 46.647067054000011 ], [ -121.403809754999983, 46.647242173000024 ], [ -121.40540759799994, 46.647543463 ], [ -121.407208210999968, 46.64794390300009 ], [ -121.408612068999958, 46.648043067000032 ], [ -121.409611579999961, 46.648043104000038 ], [ -121.410008128999905, 46.647943887000089 ], [ -121.411411822999966, 46.647943952000091 ], [ -121.412109843999986, 46.648042174000047 ], [ -121.413009866999943, 46.648342142000089 ], [ -121.41370865199994, 46.648840385000014 ], [ -121.413754598999915, 46.648879011000098 ], [ -121.414309445, 46.649342062000045 ], [ -121.415012966999939, 46.649942753000097 ], [ -121.415134293999941, 46.650141716000036 ], [ -121.415509785000012, 46.650742025000056 ], [ -121.416111575999977, 46.651743301000039 ], [ -121.416110612, 46.65254200800004 ], [ -121.416109779999928, 46.653141983000033 ], [ -121.41670970699991, 46.653942052000062 ], [ -121.417111008999896, 46.654741567000045 ], [ -121.417209957999916, 46.655442036000096 ], [ -121.417210045, 46.655741976000044 ], [ -121.417111141999911, 46.655840206000086 ], [ -121.417099193999988, 46.655869696000039 ], [ -121.416810043999959, 46.65664200100008 ], [ -121.416508235999942, 46.657343192000013 ], [ -121.416309963999964, 46.658338867000062 ], [ -121.416309685999948, 46.658942006000046 ], [ -121.416309851999955, 46.659541972000042 ], [ -121.41600988, 46.660441878000071 ], [ -121.415608134999985, 46.661241731000082 ], [ -121.41555795, 46.661306834000051 ], [ -121.41520979199997, 46.661741873000075 ], [ -121.414608881, 46.662542541000064 ], [ -121.413910033, 46.663441940000048 ], [ -121.413409772, 46.664041953000044 ], [ -121.412610003999987, 46.665041900000091 ], [ -121.412403863999984, 46.665041913 ], [ -121.412108615999983, 46.665042979000091 ], [ -121.411511332999936, 46.665441767000047 ], [ -121.411511085999919, 46.66584231800006 ], [ -121.411810079999967, 46.666241943000088 ], [ -121.412209853, 46.666741889000065 ], [ -121.412411633, 46.667341447000112 ], [ -121.412455699999924, 46.667563652000112 ], [ -121.412510656000023, 46.667841130000063 ], [ -121.412610093, 46.668543054000054 ], [ -121.412510863999955, 46.669542386000053 ], [ -121.412110175999928, 46.670441796000041 ], [ -121.412010144999911, 46.670741847000087 ], [ -121.412210013000021, 46.671641788000031 ], [ -121.412808089999942, 46.672441635000041 ], [ -121.413122161, 46.672817141000024 ], [ -121.413311209999918, 46.673042817000045 ], [ -121.413510079000034, 46.673940707000085 ], [ -121.413610331999976, 46.674541758000075 ], [ -121.413610347999978, 46.675341739000011 ], [ -121.413006762999956, 46.67614181800004 ], [ -121.412919939999966, 46.676220751000088 ], [ -121.412210234999947, 46.676841792000047 ], [ -121.411410199000017, 46.677541789000053 ], [ -121.410809657999977, 46.67814070000005 ], [ -121.410206843999916, 46.678842547000031 ], [ -121.409810047999954, 46.679742859 ], [ -121.409310070999979, 46.680341735000084 ], [ -121.408931051999971, 46.680847696000029 ], [ -121.408710349, 46.681141672000102 ], [ -121.408510385999975, 46.681841686000027 ], [ -121.408307219999955, 46.682439832000043 ], [ -121.408510228999958, 46.683141708000029 ], [ -121.408610066999969, 46.683541720000086 ], [ -121.408310076999925, 46.683741715000025 ], [ -121.407410202999984, 46.683841738000041 ], [ -121.406407511999973, 46.683839817000063 ], [ -121.406010413999979, 46.684041688000065 ], [ -121.405110033999918, 46.684141697 ], [ -121.404713697999981, 46.684240207000059 ], [ -121.404709729000018, 46.684241181000054 ], [ -121.404209848999955, 46.684343420000076 ], [ -121.40360716, 46.684942308000068 ], [ -121.402806088999981, 46.685144524000101 ], [ -121.402111696, 46.685442046000027 ], [ -121.401209950999899, 46.685941724000067 ], [ -121.400951798999941, 46.686113947000109 ], [ -121.400909919999947, 46.686141699000096 ], [ -121.400707982999933, 46.686639812000095 ], [ -121.40050959999995, 46.686841987000037 ], [ -121.400309847999935, 46.686841671000103 ], [ -121.39960961, 46.687540026000065 ], [ -121.399113338999967, 46.687742222000097 ], [ -121.398106624, 46.68774223 ], [ -121.397312961999958, 46.687643040000061 ], [ -121.396710086999988, 46.68724249900005 ], [ -121.396310093999929, 46.687242543000053 ], [ -121.396109849999974, 46.687242566000052 ], [ -121.395909103999969, 46.68724250700005 ], [ -121.394306660999987, 46.686941201000074 ], [ -121.393513293999987, 46.687040369000023 ], [ -121.392709848999942, 46.687041745000045 ], [ -121.392109812999948, 46.686841774000108 ], [ -121.391110590999958, 46.686842092000049 ], [ -121.390309483999928, 46.686742910000099 ], [ -121.389710563000023, 46.686640527000066 ], [ -121.389706582999963, 46.686640814 ], [ -121.388510264000018, 46.68674179 ], [ -121.387310083, 46.686941848000039 ], [ -121.386210235999954, 46.686941873000045 ], [ -121.385110204999975, 46.686441851000062 ], [ -121.384110574999951, 46.686141402000068 ], [ -121.384106574999976, 46.686140490000085 ], [ -121.382810115, 46.685841891000067 ], [ -121.381108090999959, 46.685842734000047 ], [ -121.379712004999988, 46.685941896 ], [ -121.378811698000021, 46.685743561000017 ], [ -121.377509861999954, 46.685941895000084 ], [ -121.376209997999965, 46.685861859000035 ], [ -121.375044784999915, 46.687367276000067 ], [ -121.375042341999986, 46.687370207000043 ], [ -121.374739717999901, 46.688002985 ], [ -121.374531882999932, 46.68870685200006 ], [ -121.373973865999943, 46.689844869000076 ], [ -121.373567931999929, 46.690714866000029 ], [ -121.373738038999974, 46.692091136000037 ], [ -121.374195917999941, 46.693239402000096 ], [ -121.374953991999959, 46.69424980200003 ], [ -121.376210207999975, 46.69513179000009 ], [ -121.378377112999942, 46.696348289000113 ], [ -121.378681416, 46.696772810000063 ], [ -121.379015517000013, 46.697375863000048 ], [ -121.379392110999987, 46.697679766000057 ], [ -121.379552044, 46.698141213000042 ], [ -121.379960996999984, 46.698965385000022 ], [ -121.380072520999974, 46.699482733000018 ], [ -121.380017192999929, 46.700433699 ], [ -121.380035482999929, 46.701284950000101 ], [ -121.379513849999938, 46.702486041 ], [ -121.378272472, 46.703396652000031 ], [ -121.377270776999978, 46.70381737600011 ], [ -121.37641724199996, 46.704064709000058 ], [ -121.376210389, 46.704214715000035 ], [ -121.373659243999938, 46.70542372900006 ], [ -121.372082765999977, 46.706453370000077 ], [ -121.371355049999977, 46.70659601600007 ], [ -121.370915440999937, 46.706682224000097 ], [ -121.369605993999954, 46.706438759000022 ], [ -121.368916671999941, 46.706769973000071 ], [ -121.368511978999933, 46.70757480900005 ], [ -121.368298468999939, 46.708681046 ], [ -121.368262321999978, 46.708695459000047 ], [ -121.367757993999987, 46.708911631 ], [ -121.366482713999986, 46.709405885000123 ], [ -121.364926246, 46.709768303 ], [ -121.363649883, 46.710228684000079 ], [ -121.361639857999947, 46.711122700000061 ], [ -121.35948423499994, 46.712015716000053 ], [ -121.357336112000013, 46.712504750000015 ], [ -121.35598173299995, 46.712261038000101 ], [ -121.354824457999939, 46.711748214000039 ], [ -121.353120653999923, 46.711940777000073 ], [ -121.35233751899996, 46.712370022000059 ], [ -121.352947856999918, 46.713216870000053 ], [ -121.353843112, 46.714464704000093 ], [ -121.355029368999936, 46.716117673000078 ], [ -121.356808413999957, 46.716768278000089 ], [ -121.358387676999982, 46.718019449000046 ], [ -121.36023536, 46.720414591000072 ], [ -121.362004540000015, 46.721937056000094 ], [ -121.362760216999916, 46.722848573000107 ], [ -121.364213605, 46.723093518000034 ], [ -121.366174402999974, 46.72461653200002 ], [ -121.367804792999948, 46.725701539000084 ], [ -121.36813774499997, 46.726073509000045 ], [ -121.368870950999977, 46.725976777000035 ], [ -121.370219954000035, 46.726388515000082 ], [ -121.371668307999968, 46.726901459000068 ], [ -121.372785992999979, 46.726875478000053 ], [ -121.374241819, 46.726983765000043 ], [ -121.376210112999971, 46.727216492000025 ], [ -121.37701897, 46.727235505000088 ], [ -121.377957689999974, 46.727208785000094 ], [ -121.378893589999961, 46.727100411 ], [ -121.379766166999943, 46.727267769 ], [ -121.379849719000021, 46.727624565000035 ], [ -121.380604673999954, 46.728345384000079 ], [ -121.381624457999962, 46.728796365000093 ], [ -121.382541729, 46.728430332000094 ], [ -121.38385861899998, 46.728788341000048 ], [ -121.384447520999942, 46.728401342 ], [ -121.38540422799997, 46.728253934000065 ], [ -121.386563604999978, 46.727696955000077 ], [ -121.387761761, 46.7276833170001 ], [ -121.388546627, 46.727515276000055 ], [ -121.390738692999918, 46.727709257000114 ], [ -121.392862785, 46.727861219000076 ], [ -121.393104881999946, 46.72779026400007 ], [ -121.393990908999982, 46.727530217000044 ], [ -121.395725802999905, 46.726965229000015 ], [ -121.398870052999911, 46.72692246500003 ], [ -121.399824108999979, 46.727219975000047 ], [ -121.401525500999981, 46.72737260800006 ], [ -121.401655048999956, 46.728028705999989 ], [ -121.402555229, 46.728082128000061 ], [ -121.403890528, 46.727921902000034 ], [ -121.406461903999954, 46.727273374000021 ], [ -121.407917948, 46.728134070000095 ], [ -121.409383406, 46.729077714000013 ], [ -121.409438711999954, 46.729521952 ], [ -121.409539964, 46.730298068000089 ], [ -121.410085639000016, 46.73301904100007 ], [ -121.412069072, 46.73558162000009 ], [ -121.413419624, 46.735814336000068 ], [ -121.414868984999927, 46.735963124000122 ], [ -121.418424812999973, 46.736611538000041 ], [ -121.42196473999995, 46.738431091000045 ], [ -121.42526106499993, 46.738759164 ], [ -121.426610293999929, 46.738818802000061 ], [ -121.427785903999933, 46.739280029000028 ], [ -121.429611775999931, 46.739482830000021 ], [ -121.430176837999966, 46.740217807000086 ], [ -121.430967572000029, 46.74152091300008 ], [ -121.431076631999986, 46.742935726000077 ], [ -121.430449292999953, 46.744152984000074 ], [ -121.429853827999978, 46.745747556000026 ], [ -121.429292708, 46.746787650000023 ], [ -121.428304741999966, 46.747160712000067 ], [ -121.426935637999932, 46.748021711000078 ], [ -121.426191843999945, 46.749115882000105 ], [ -121.425962856999917, 46.749840745000036 ], [ -121.425810611000017, 46.750241231000047 ], [ -121.42551101299992, 46.750540583000031 ], [ -121.425009396999982, 46.75104234800007 ], [ -121.424991829999954, 46.751065028 ], [ -121.42451191499994, 46.751640743000024 ], [ -121.424451929999947, 46.751720409000043 ], [ -121.424448523999942, 46.751725407 ], [ -121.423911629000017, 46.752440748000048 ], [ -121.42361303699991, 46.753239607000062 ], [ -121.424009678999951, 46.753540976000039 ], [ -121.424711732999953, 46.75394074700008 ], [ -121.424832182999978, 46.754364913000089 ], [ -121.424910184999945, 46.754639624000085 ], [ -121.424513683, 46.755341496000071 ], [ -121.424511899999942, 46.756640655000091 ], [ -121.425108441, 46.757840128000041 ], [ -121.426413394999969, 46.758141448000103 ], [ -121.427612010999937, 46.757940666000096 ], [ -121.42841169699993, 46.758240647000051 ], [ -121.429011445999905, 46.758340685000064 ], [ -121.430311319999987, 46.758140596000032 ], [ -121.431211750999978, 46.758438971000025 ], [ -121.431812415999943, 46.758940042000098 ], [ -121.431814946999964, 46.758942164000096 ], [ -121.433111624999967, 46.759541353000024 ], [ -121.435614123999983, 46.759140834000014 ], [ -121.437414798999939, 46.758740253000084 ], [ -121.440011537999951, 46.758140567000027 ], [ -121.441908650999977, 46.757839904000022 ], [ -121.442711675999973, 46.758040523000012 ], [ -121.443014864999924, 46.758839373000029 ], [ -121.442675087999973, 46.759234908000067 ], [ -121.442412066999964, 46.759541288000015 ], [ -121.441111908999957, 46.760040508000024 ], [ -121.43991173799995, 46.760640529000021 ], [ -121.438909989999928, 46.761639372000062 ], [ -121.438910353999958, 46.762840993000097 ], [ -121.440113868999973, 46.764242121000031 ], [ -121.44070316399997, 46.764740669000069 ], [ -121.44112184799998, 46.765094502000039 ], [ -121.441412938999989, 46.765339603000065 ], [ -121.442114768999971, 46.76614067 ], [ -121.443015165999952, 46.766941729000024 ], [ -121.443712021999971, 46.767540499000091 ], [ -121.444211877000029, 46.767740515000035 ], [ -121.444510669999971, 46.768139626000014 ], [ -121.445014062999959, 46.768341839000051 ], [ -121.446013500999968, 46.768238827000054 ], [ -121.446608456, 46.768341727000042 ], [ -121.446944177999967, 46.768768979000043 ], [ -121.447310640999916, 46.769242080000019 ], [ -121.448012083999956, 46.770640498 ], [ -121.448212434000013, 46.771940389000079 ], [ -121.447913610999976, 46.772740169 ], [ -121.448515066, 46.77343944700003 ], [ -121.449408915999982, 46.773541234000014 ], [ -121.450589390999951, 46.774993432 ], [ -121.451110136999958, 46.775639206000051 ], [ -121.451212459, 46.775840428 ], [ -121.45181274699992, 46.776440464000089 ], [ -121.45181199299995, 46.77653953400003 ], [ -121.451911341, 46.776741638000054 ], [ -121.451917495999965, 46.776751184000041 ], [ -121.452012627999935, 46.77694046800007 ], [ -121.452109662999973, 46.777039241000075 ], [ -121.452209277999955, 46.777341606000043 ], [ -121.452812590999955, 46.778140425000061 ], [ -121.45421533399994, 46.779339482000061 ], [ -121.455113641999915, 46.779942679000051 ], [ -121.455512918999915, 46.780740267000056 ], [ -121.455512735999903, 46.781239188000036 ], [ -121.455413582999952, 46.781841767000067 ], [ -121.455413666999959, 46.782440777000069 ], [ -121.455314189, 46.782742054000039 ], [ -121.455413494999945, 46.782940384000014 ], [ -121.45541303, 46.783140401000047 ], [ -121.455412795999976, 46.783240324000054 ], [ -121.455411616999967, 46.783739424000046 ], [ -121.455512966999919, 46.783940308000062 ], [ -121.455215375, 46.784439646000074 ], [ -121.45541263399997, 46.785240286000061 ], [ -121.455512877, 46.786340295000038 ], [ -121.454613091999988, 46.78784024900007 ], [ -121.453811463999912, 46.788738828000078 ], [ -121.452911281999945, 46.789341541000027 ], [ -121.452209396999962, 46.789841310999989 ], [ -121.452013004999969, 46.7899402890001 ], [ -121.450712685000028, 46.790040356000119 ], [ -121.449812949, 46.791440349000048 ], [ -121.448412555999965, 46.792440331000094 ], [ -121.447263779999943, 46.792248429000026 ], [ -121.447211741, 46.79224080300002 ], [ -121.445412762, 46.791940440000033 ], [ -121.443511436999984, 46.792439226000091 ], [ -121.442916254999943, 46.793140987000072 ], [ -121.443712741999946, 46.794540359000038 ], [ -121.444912597000013, 46.795140471000039 ], [ -121.448012873000025, 46.796238555000038 ], [ -121.450512910000015, 46.797740351000037 ], [ -121.450615069999941, 46.798840174000091 ], [ -121.451013260999943, 46.800140299000105 ], [ -121.451812983999943, 46.800740225 ], [ -121.453811720999937, 46.801338764000057 ], [ -121.455712623999915, 46.802840280000034 ], [ -121.457112672999941, 46.804440204000073 ], [ -121.456115185000016, 46.805538723000019 ], [ -121.456312587999918, 46.806540225000013 ], [ -121.457114980999961, 46.807339076000034 ], [ -121.458213729999912, 46.808041013000022 ], [ -121.458712776, 46.809440190000061 ], [ -121.45731284999998, 46.810540191000037 ], [ -121.457912904999986, 46.811440127000068 ], [ -121.459413085000037, 46.811940235000058 ], [ -121.461513254999986, 46.811840239000048 ], [ -121.46321309399994, 46.812840114 ], [ -121.463494283999935, 46.8130979250001 ], [ -121.464412990999918, 46.813940140000064 ], [ -121.46641548999996, 46.815441484000118 ], [ -121.466888540999932, 46.815704701000051 ], [ -121.468213377999959, 46.816440119000056 ], [ -121.470917405999955, 46.818040019000094 ], [ -121.471213491999933, 46.818039060000018 ], [ -121.471512093999948, 46.818039106000107 ], [ -121.472012928999916, 46.818540127000084 ], [ -121.472313427, 46.818840259000048 ], [ -121.47271331499995, 46.819641722000014 ], [ -121.473813645999954, 46.81974003400007 ], [ -121.474513543999961, 46.820339963000059 ], [ -121.47331287, 46.820938350000098 ], [ -121.471916778999955, 46.821640184000081 ], [ -121.471513676, 46.821939925 ], [ -121.471813393000019, 46.822139973000041 ], [ -121.47281342399998, 46.822739945000123 ], [ -121.47191692399997, 46.823539866000054 ], [ -121.47170897, 46.823695019000098 ], [ -121.47071107999993, 46.824440257000035 ], [ -121.470512949999971, 46.825840299000056 ], [ -121.471097613999945, 46.826472928000086 ], [ -121.471713870999949, 46.827139909000024 ], [ -121.471613551999909, 46.828339970000023 ], [ -121.471613722999919, 46.829239934000057 ], [ -121.472611058000027, 46.830238582000085 ], [ -121.472727769999906, 46.830340942000113 ], [ -121.47351397999995, 46.831039895000039 ], [ -121.473513847000021, 46.831948945000114 ], [ -121.473678978999914, 46.831993993000019 ], [ -121.474213500999909, 46.832138229000051 ], [ -121.475411357999988, 46.83234042 ], [ -121.476515856999981, 46.834039451000066 ], [ -121.476517400999938, 46.834042008000011 ], [ -121.477715271999926, 46.834739834000104 ], [ -121.479813797999924, 46.833839478000037 ], [ -121.481013853, 46.833139913000068 ], [ -121.482811864, 46.833740353000096 ], [ -121.485013661000011, 46.835639696000044 ], [ -121.484014189, 46.836739666000014 ], [ -121.482613575999935, 46.838638132000064 ], [ -121.483216348999989, 46.839839729000097 ], [ -121.485313756999972, 46.841039662000085 ], [ -121.485916888999967, 46.842338420000075 ], [ -121.487613882999952, 46.842639551000033 ], [ -121.488716867, 46.843238672000041 ], [ -121.488814098999967, 46.843939504000033 ], [ -121.489312290999976, 46.845039136000068 ], [ -121.490411044999931, 46.845840174000088 ], [ -121.490411035999927, 46.846740481000062 ], [ -121.490714263999976, 46.847639547000021 ], [ -121.491214035999931, 46.848439568000046 ], [ -121.490311691999977, 46.849338226000057 ], [ -121.491112953000012, 46.850040186000051 ], [ -121.492516785, 46.851340916000026 ], [ -121.493212514, 46.85274166900011 ], [ -121.494813409999949, 46.853339858000041 ], [ -121.494714408, 46.854640700000026 ], [ -121.49621704, 46.85613985500008 ], [ -121.495316818999939, 46.858840513000068 ], [ -121.495267317999932, 46.859110536000024 ], [ -121.494912482999965, 46.861037788000061 ], [ -121.495327057999987, 46.862602236 ], [ -121.495416185, 46.862937557000038 ], [ -121.497012674999922, 46.863441662000092 ], [ -121.497714821999935, 46.863739445000043 ], [ -121.499014533, 46.863839392000052 ], [ -121.49991499, 46.864239300000101 ], [ -121.500614655999968, 46.864239384000015 ], [ -121.500814909000013, 46.864339274000024 ], [ -121.501115638999948, 46.864440518000052 ], [ -121.501214935999897, 46.864162004 ], [ -121.502200936999941, 46.864322576000063 ], [ -121.503091976999954, 46.864482425000055 ], [ -121.504087058999957, 46.864619935000064 ], [ -121.504791809, 46.864651314000085 ], [ -121.505356874999947, 46.864642262000046 ], [ -121.505678388, 46.864516736000049 ], [ -121.505904861, 46.86444037200004 ], [ -121.506296340999967, 46.864234366000048 ], [ -121.50696990499992, 46.864228298000079 ], [ -121.50743292599995, 46.864402315000085 ], [ -121.507592141999979, 46.864686283000047 ], [ -121.507846293999947, 46.865237299000071 ], [ -121.507921568999961, 46.865897686 ], [ -121.507855095999972, 46.866541320000053 ], [ -121.508058735999938, 46.866929101000075 ], [ -121.508104512, 46.867347232000036 ], [ -121.50826245699993, 46.867535574000073 ], [ -121.508264501, 46.867537956 ], [ -121.50886396099996, 46.867817204000104 ], [ -121.509160373999961, 46.86816732100003 ], [ -121.50955384400001, 46.868388558000042 ], [ -121.509556681999982, 46.868406701000033 ], [ -121.509640366999975, 46.869034278000086 ], [ -121.509732017000019, 46.869526215000022 ], [ -121.510603309, 46.86990727200002 ], [ -121.511216280999989, 46.869891258000031 ], [ -121.511545660999971, 46.869918183000038 ], [ -121.51204925899998, 46.870280696000101 ], [ -121.512735428, 46.870650168000026 ], [ -121.513788431999913, 46.870857184000016 ], [ -121.51488757, 46.871498082000109 ], [ -121.515412327999982, 46.871681121000066 ], [ -121.51584103799992, 46.871833127000031 ], [ -121.51684814499994, 46.872175917000057 ], [ -121.517290377000023, 46.872275696000052 ], [ -121.517817067999914, 46.872348161000012 ], [ -121.518358804999963, 46.872210883000022 ], [ -121.518602996000013, 46.872092518000088 ], [ -121.51885843, 46.872120077000055 ], [ -121.519257598, 46.87218903800008 ], [ -121.519284517, 46.872185201000029 ], [ -121.519517316, 46.872152116000045 ], [ -121.519998894999958, 46.872111682000074 ], [ -121.520510508000015, 46.872100118000091 ], [ -121.521746419999957, 46.872302352000041 ], [ -121.522717488999916, 46.872587139000068 ], [ -121.523096526999922, 46.872912663000086 ], [ -121.523287540999917, 46.873286478000111 ], [ -121.523028799999921, 46.873613047000042 ], [ -121.522845420999928, 46.873828057000068 ], [ -121.522721892000021, 46.874036022000041 ], [ -121.521075035999914, 46.874785740000078 ], [ -121.520988566999947, 46.874839125000058 ], [ -121.521015447999957, 46.87493914900007 ], [ -121.521265766999974, 46.875039074 ], [ -121.52101387, 46.875438075000055 ], [ -121.520914838999985, 46.875540931000039 ], [ -121.520915079, 46.875739054000086 ], [ -121.520914968999989, 46.875839146000018 ], [ -121.520914829999981, 46.87593769500009 ], [ -121.520815673999948, 46.876139957000042 ], [ -121.520815544999934, 46.876239022000064 ], [ -121.52071607699996, 46.876239390000094 ], [ -121.520616968999931, 46.876338304000022 ], [ -121.520418706999962, 46.876639650000087 ], [ -121.520217030999973, 46.876839736000122 ], [ -121.520014362, 46.877040173000097 ], [ -121.520015114999964, 46.87723914900004 ], [ -121.520015499999914, 46.877339065000044 ], [ -121.519816076000012, 46.877738284000039 ], [ -121.519815864999913, 46.877939152000046 ], [ -121.51971565499997, 46.878139023000067 ], [ -121.51961754200002, 46.878237928000075 ], [ -121.519715927, 46.878339031000095 ], [ -121.519716944999985, 46.878737672000035 ], [ -121.519816110999926, 46.87903912300002 ], [ -121.519816267999943, 46.879339051000059 ], [ -121.51981592700001, 46.879639156000017 ], [ -121.519815810999901, 46.879739076000114 ], [ -121.519815958, 46.880038491000022 ], [ -121.519617809999957, 46.880240772000057 ], [ -121.519415969999955, 46.88053906300005 ], [ -121.519315759, 46.880739104000078 ], [ -121.519213407999985, 46.881037885000111 ], [ -121.519114365999954, 46.88114091000002 ], [ -121.51911423599995, 46.881240145000056 ], [ -121.518816832999946, 46.881640743000077 ], [ -121.518715849000017, 46.881640780000076 ], [ -121.51831590999997, 46.881640723000075 ], [ -121.518015454999983, 46.881640640000064 ], [ -121.517717868999966, 46.881739936000024 ], [ -121.517515649999922, 46.881939164000073 ], [ -121.517415925999941, 46.882139028 ], [ -121.517415688999918, 46.882339040000033 ], [ -121.517313565, 46.882437978000048 ], [ -121.517115393999944, 46.882640083000069 ], [ -121.516917179999965, 46.882839961000087 ], [ -121.516718481999959, 46.883040699000091 ], [ -121.516415870999964, 46.883139179000068 ], [ -121.516015679999981, 46.883339125000091 ], [ -121.515719578, 46.883438232000032 ], [ -121.515515497, 46.883539096000028 ], [ -121.515314772, 46.88373882100003 ], [ -121.514915576999911, 46.883939097000081 ], [ -121.514717600999958, 46.883939130000087 ], [ -121.514712101999947, 46.883939178000091 ], [ -121.51451564599995, 46.883940397000103 ], [ -121.514414667999944, 46.883940945000056 ], [ -121.514115926, 46.884139476000051 ], [ -121.513815696999941, 46.884338875000033 ], [ -121.513515609999985, 46.884439211000071 ], [ -121.513215761999959, 46.884739210000113 ], [ -121.513018121999949, 46.884837443000073 ], [ -121.512815418999963, 46.885039066000054 ], [ -121.512615427999933, 46.88543913200003 ], [ -121.512316545, 46.885737751000043 ], [ -121.5123113, 46.885751336000013 ], [ -121.512215695, 46.886039081000021 ], [ -121.51217328999995, 46.886124120000041 ], [ -121.512115445999953, 46.886239116000048 ], [ -121.512019061999979, 46.88653886500007 ], [ -121.512004690999945, 46.886572411 ], [ -121.511915689999952, 46.88683918900005 ], [ -121.511815435999907, 46.88703905200007 ], [ -121.511713713999939, 46.887240642000052 ], [ -121.511615431999971, 46.887439117000042 ], [ -121.511416294999933, 46.887538216000067 ], [ -121.511316937999965, 46.887839704000058 ], [ -121.511315538999938, 46.888139131000052 ], [ -121.511416278999931, 46.888339283000093 ], [ -121.511515887, 46.888639193000039 ], [ -121.511614479999977, 46.888938255 ], [ -121.511915603999938, 46.889239135000025 ], [ -121.512115472999952, 46.889339181000047 ], [ -121.512514817999957, 46.889838519000058 ], [ -121.512514959999976, 46.890139818000122 ], [ -121.512815693999983, 46.890339066000088 ], [ -121.513018465999977, 46.890540375000043 ], [ -121.513115943999964, 46.890539174000033 ], [ -121.513117826000027, 46.89063959 ], [ -121.513216831999955, 46.891040109000095 ], [ -121.513415687999981, 46.891539153000082 ], [ -121.513613783999944, 46.891837337000062 ], [ -121.513613574999923, 46.892039577000013 ], [ -121.513515687, 46.892339168000021 ], [ -121.513415290999944, 46.892638438000091 ], [ -121.513217071999975, 46.89284070700004 ], [ -121.513018277999961, 46.893039039000016 ], [ -121.51281576, 46.893439128000082 ], [ -121.512614114, 46.893538765000066 ], [ -121.512315846999925, 46.893739171000036 ], [ -121.512118222999916, 46.893840143000041 ], [ -121.512091869999963, 46.893874824000072 ], [ -121.511915803999955, 46.89413911 ], [ -121.511815666999937, 46.89423905200001 ], [ -121.511515738999989, 46.894538191000066 ], [ -121.511215972999963, 46.894739121000086 ], [ -121.510813668999987, 46.894938723000081 ], [ -121.510317901999912, 46.895140858000019 ], [ -121.509915566999922, 46.895339087000075 ], [ -121.509615773, 46.895539156000019 ], [ -121.509417202, 46.895938175 ], [ -121.509218956000012, 46.896140438000032 ], [ -121.509218931999925, 46.896540970000046 ], [ -121.509316009999964, 46.896839189000026 ], [ -121.509516796999975, 46.89704069400009 ], [ -121.509815675000013, 46.897139190000068 ], [ -121.509816040999951, 46.897239105999986 ], [ -121.509716028999932, 46.89723912600008 ], [ -121.50961588, 46.89733906700009 ], [ -121.509112148999975, 46.897437405000055 ], [ -121.508913362999962, 46.897637959000036 ], [ -121.508715567999928, 46.89783798800007 ], [ -121.508417794999986, 46.898040092 ], [ -121.508402982999911, 46.898077071000046 ], [ -121.508315856999985, 46.898339200000059 ], [ -121.508236300999982, 46.898497745000036 ], [ -121.508215567999954, 46.898539060000076 ], [ -121.50821563199996, 46.898837444000073 ], [ -121.508015994999965, 46.89893911200005 ], [ -121.507915708000013, 46.899139143000077 ], [ -121.50771601400001, 46.899237897000077 ], [ -121.507615746999974, 46.899439126000033 ], [ -121.507319409999965, 46.899638474 ], [ -121.507113139999959, 46.899840631000032 ], [ -121.506816651999941, 46.900139554000077 ], [ -121.50661735499996, 46.90034044900009 ], [ -121.506316403999932, 46.90023870800011 ], [ -121.506312868999913, 46.900236853000045 ], [ -121.506116014999961, 46.900139170000045 ], [ -121.505615561999946, 46.900039169000117 ], [ -121.505316008999941, 46.900039216000032 ], [ -121.504717393999968, 46.900038960000103 ], [ -121.504115505999906, 46.900239424000077 ], [ -121.503515600999918, 46.900439181000088 ], [ -121.503214733999982, 46.900638042000018 ], [ -121.502715723, 46.90093923400007 ], [ -121.502618420999937, 46.901139748000055 ], [ -121.502413766999965, 46.901538292000076 ], [ -121.502115779999912, 46.9018391010001 ], [ -121.501915944, 46.902039136000042 ], [ -121.501719297999969, 46.902438466000042 ], [ -121.501715516000019, 46.902639193000041 ], [ -121.501415502999976, 46.902939160000081 ], [ -121.50121577299997, 46.903037389000033 ], [ -121.500815818, 46.90363918 ], [ -121.500712228999959, 46.903689783000104 ], [ -121.500615617999955, 46.903739125000101 ], [ -121.500415918999963, 46.903839238000032 ], [ -121.500115835, 46.903838762000085 ], [ -121.499918780999948, 46.90383858800007 ], [ -121.499615505999898, 46.904639200000055 ], [ -121.499615599, 46.905239225000052 ], [ -121.499315972, 46.906237927000085 ], [ -121.498015803999962, 46.906439277000047 ], [ -121.496813499999959, 46.907039096000027 ], [ -121.49679851599997, 46.907175820000056 ], [ -121.496715718999951, 46.907839290000062 ], [ -121.496615616000028, 46.908839169000018 ], [ -121.496524006999906, 46.908862072000048 ], [ -121.495815525, 46.909039247000052 ], [ -121.495615606999976, 46.908938831000093 ], [ -121.494204363, 46.909060889000067 ], [ -121.490915819999955, 46.909339303000095 ], [ -121.490015652999901, 46.90983909900006 ], [ -121.488615401999951, 46.911439201000029 ], [ -121.488115876, 46.911941024000072 ], [ -121.48781555099994, 46.912039236000027 ], [ -121.486613015, 46.912337821000037 ], [ -121.485018152999942, 46.913039768000033 ], [ -121.48461396899998, 46.913341095000092 ], [ -121.483515500999957, 46.913341061 ], [ -121.482515796999934, 46.912940500000076 ], [ -121.481012667, 46.912940467000077 ], [ -121.479318757, 46.913039729000026 ], [ -121.478312080999928, 46.91344024900004 ], [ -121.477114102000016, 46.913940074 ], [ -121.476517229999928, 46.913739991000057 ], [ -121.475015373, 46.913839444000118 ], [ -121.473715423, 46.91553945400009 ], [ -121.473515031999938, 46.915939449000057 ], [ -121.472437061, 46.916163993000069 ], [ -121.472040894, 46.916248575000054 ], [ -121.471615321999963, 46.91633940400002 ], [ -121.471216414999915, 46.916438746000068 ], [ -121.470918683999969, 46.916740154000045 ], [ -121.469714933999938, 46.917539531000017 ], [ -121.468914909, 46.917839508000057 ], [ -121.468315313999952, 46.917739494000045 ], [ -121.467111919999951, 46.918338492000046 ], [ -121.466112101999911, 46.919440839000039 ], [ -121.465715741999972, 46.920440427000052 ], [ -121.464914631999946, 46.921439808000052 ], [ -121.463315052999945, 46.921739417000062 ], [ -121.461878064999965, 46.921899166000046 ], [ -121.461515571999911, 46.921939557000016 ], [ -121.459818327, 46.921840435000071 ], [ -121.459462291999927, 46.921906472000032 ], [ -121.458414787999942, 46.922137998 ], [ -121.456514840999944, 46.922740793000052 ], [ -121.455614624999981, 46.924541297000076 ], [ -121.45631632499996, 46.925941167000083 ], [ -121.456217194999923, 46.928340690000027 ], [ -121.455614435999962, 46.929340067000027 ], [ -121.454516078999944, 46.928939569000107 ], [ -121.453715008999922, 46.92913798700009 ], [ -121.452715445999914, 46.930139606000097 ], [ -121.451914475999985, 46.931339066000042 ], [ -121.450213091999984, 46.933040397000035 ], [ -121.449312466999984, 46.934440493000061 ], [ -121.449617799999942, 46.935840412000076 ], [ -121.44981633699993, 46.93774010800005 ], [ -121.450215520999919, 46.939039503000089 ], [ -121.45141547, 46.940339483000095 ], [ -121.452015952999943, 46.942039447000063 ], [ -121.451315883999925, 46.943039600000034 ], [ -121.451617251, 46.944038163000059 ], [ -121.452212199999934, 46.944740031000045 ], [ -121.451815876999916, 46.945539555000025 ], [ -121.451113504999967, 46.946838104000086 ], [ -121.450114078999974, 46.948039696000123 ], [ -121.450015049999948, 46.948840873000066 ], [ -121.45091530900001, 46.949340568000018 ], [ -121.451418648, 46.949840278000067 ], [ -121.451816133999927, 46.950439578 ], [ -121.452319044999982, 46.951141006000043 ], [ -121.452915571999952, 46.952239439000067 ], [ -121.453089391999939, 46.952586766000117 ], [ -121.453318157999959, 46.953040752000021 ], [ -121.4534173979999, 46.954040295000034 ], [ -121.453417146999968, 46.954139527000073 ], [ -121.453417394, 46.954238585 ], [ -121.452315598999959, 46.956339431000103 ], [ -121.453315656999919, 46.957039485000031 ], [ -121.454615582000017, 46.957539441000094 ], [ -121.455217883000017, 46.957938741000092 ], [ -121.456215673999978, 46.958139379000087 ], [ -121.457216916999954, 46.959438031000069 ], [ -121.457251707999902, 46.959480245000094 ], [ -121.457916004999973, 46.960239435000027 ], [ -121.457926591999964, 46.960300016000069 ], [ -121.45801806599998, 46.960940914000069 ], [ -121.457613738999925, 46.961940353000074 ], [ -121.457415897, 46.962839359000029 ], [ -121.457415645999959, 46.964039384000024 ], [ -121.456916045999932, 46.964439428000084 ], [ -121.456821970999954, 46.964470716000093 ], [ -121.456615905999968, 46.964539437 ], [ -121.456118703999948, 46.964538252000089 ], [ -121.455117664999989, 46.964641844000042 ], [ -121.453715783, 46.965239415000013 ], [ -121.452914052, 46.966338784000115 ], [ -121.45231759099994, 46.967041414000079 ], [ -121.450213167, 46.968040124000019 ], [ -121.448718118000016, 46.969840648000051 ], [ -121.447415699, 46.970239546000101 ], [ -121.445415993, 46.970939442000017 ], [ -121.444516392, 46.971439544000091 ], [ -121.444516111999974, 46.972339473000034 ], [ -121.443714902999943, 46.972540043000024 ], [ -121.442764062999956, 46.972803870000092 ], [ -121.441915918999953, 46.973041830000064 ], [ -121.441615315999954, 46.974239333000114 ], [ -121.442317149999937, 46.974540540000078 ], [ -121.442996506000014, 46.974414501000041 ], [ -121.443415824999974, 46.974338232000036 ], [ -121.443716302999974, 46.974539545 ], [ -121.444018474999922, 46.975238536000099 ], [ -121.444915606, 46.976939518000059 ], [ -121.445915692999961, 46.978139384000038 ], [ -121.445918187, 46.979339208000013 ], [ -121.445461078, 46.979976385000064 ], [ -121.445414634999977, 46.980041205000099 ], [ -121.444516119999975, 46.980039490000046 ], [ -121.443316585999938, 46.980437837000053 ], [ -121.442316368999954, 46.981639521 ], [ -121.440716118999973, 46.982239747000023 ], [ -121.439016187, 46.982639733000077 ], [ -121.43761641299993, 46.983539741000115 ], [ -121.435316111999938, 46.984039670000087 ], [ -121.433316067, 46.984439778000066 ], [ -121.431712509999926, 46.985439221000071 ], [ -121.429416343999932, 46.986739690000022 ], [ -121.427813910999944, 46.986938549000044 ], [ -121.427317567, 46.987640405000029 ], [ -121.425814733, 46.988041007000049 ], [ -121.423615968999968, 46.988139881000059 ], [ -121.420515806999973, 46.988839922000068 ], [ -121.42001650399996, 46.989639285000038 ], [ -121.419859782999964, 46.990524860000036 ], [ -121.419715880999959, 46.991339894000063 ], [ -121.418612704999987, 46.992038839000074 ], [ -121.418062337, 46.992401752000077 ], [ -121.416915702999987, 46.993139931000051 ], [ -121.416514189999987, 46.993537983000031 ], [ -121.415117919999929, 46.994239910000026 ], [ -121.412913230999933, 46.995040940000045 ], [ -121.410850656, 46.995865998000099 ], [ -121.410415741999969, 46.996039957000015 ], [ -121.408312785999968, 46.997238382000049 ], [ -121.407214122999932, 46.998340779000046 ], [ -121.407232316, 46.998439522000048 ], [ -121.407315879999913, 46.998939979000063 ], [ -121.407415970000017, 46.999439962000046 ], [ -121.407061471, 46.999840010000106 ], [ -121.410203838999934, 47.003168974000033 ], [ -121.410013929999948, 47.00379189600006 ], [ -121.408869776999964, 47.004638795000055 ], [ -121.405970584999977, 47.009079257000018 ], [ -121.406207001, 47.009819128000039 ], [ -121.4067061, 47.011637994000075 ], [ -121.405940901999912, 47.013250001000053 ], [ -121.40495723799998, 47.013403053000012 ], [ -121.404559263999914, 47.013817142000079 ], [ -121.404696523999988, 47.014561050000083 ], [ -121.404521129999949, 47.01548804300004 ], [ -121.403300487999942, 47.015438314000015 ], [ -121.401049117999918, 47.016207079000026 ], [ -121.399958122999976, 47.017110195000058 ], [ -121.39825803, 47.017614106000096 ], [ -121.397412750999948, 47.018349217000079 ], [ -121.396404678999943, 47.018518152000112 ], [ -121.396333076999966, 47.019276201000039 ], [ -121.396242462999936, 47.021061983 ], [ -121.394646951, 47.023378207000064 ], [ -121.395579300999955, 47.024589814000038 ], [ -121.396539895000032, 47.025387143000017 ], [ -121.396937773, 47.026375130000055 ], [ -121.396578925999975, 47.028338141000027 ], [ -121.398528260999967, 47.031400063000063 ], [ -121.399745119000016, 47.031502146000072 ], [ -121.400325375999984, 47.033378834000096 ], [ -121.397146459999945, 47.035877093000032 ], [ -121.395808658999925, 47.037704946000105 ], [ -121.395707025999954, 47.037804106000046 ], [ -121.393632382999982, 47.039830279000093 ], [ -121.39380192199998, 47.040802560000074 ], [ -121.389473154000015, 47.043551310000041 ], [ -121.388849193999988, 47.044725252 ], [ -121.386923052999961, 47.045995238000017 ], [ -121.386096434999956, 47.049488589000042 ], [ -121.383197174999964, 47.049900696000037 ], [ -121.380616366999945, 47.050715434000033 ], [ -121.379420735999958, 47.051785029000072 ], [ -121.378794824999957, 47.05313544400007 ], [ -121.378863519999953, 47.054180658000043 ], [ -121.378823363, 47.054178393000036 ], [ -121.378764183, 47.054178329000116 ], [ -121.378444146999982, 47.054235435000045 ], [ -121.377307281999975, 47.054485894000074 ], [ -121.377249445, 47.054506727000025 ], [ -121.376603925999959, 47.054718312000034 ], [ -121.376269206999979, 47.054859840000105 ], [ -121.376216355999958, 47.054878921000089 ], [ -121.373612087999945, 47.05643333600009 ], [ -121.373507452, 47.056877991000114 ], [ -121.373749203000017, 47.057466551000047 ], [ -121.373950428999962, 47.058029882000028 ], [ -121.374566272999942, 47.058675587999986 ], [ -121.375567513999911, 47.059826669000103 ], [ -121.376216462999963, 47.06025395400011 ], [ -121.37703410999994, 47.061122616000041 ], [ -121.377533583999963, 47.062749461000088 ], [ -121.377538377999912, 47.065015523000085 ], [ -121.377092549999972, 47.06616250000004 ], [ -121.376216624999969, 47.066866478000023 ], [ -121.375607512999935, 47.066642143000117 ], [ -121.375819472999979, 47.066967691000052 ], [ -121.375575475999952, 47.067603459000075 ], [ -121.375422898999943, 47.06877202400004 ], [ -121.37546138799992, 47.068887068000052 ], [ -121.375662593999962, 47.06947644400006 ], [ -121.375857994999961, 47.070078716000062 ], [ -121.375749549999966, 47.071215585000068 ], [ -121.375552751000029, 47.071515442000099 ], [ -121.375404630999938, 47.071816471000048 ], [ -121.375400260000021, 47.072350338000078 ], [ -121.375240002999988, 47.073139879000038 ], [ -121.375613744999924, 47.073231471000064 ], [ -121.37621638499995, 47.073608552000088 ], [ -121.379349571999938, 47.075552458000082 ], [ -121.379962567999939, 47.07729786800008 ], [ -121.380640035999946, 47.079516463000061 ], [ -121.383586492999939, 47.083016046000068 ], [ -121.383487472999917, 47.084046080000029 ], [ -121.382523446, 47.085235422000025 ], [ -121.379685248, 47.086771343000102 ], [ -121.379238015999945, 47.085780434000092 ], [ -121.379161676999928, 47.084454234000049 ], [ -121.377662006000023, 47.082679406000103 ], [ -121.377262220999981, 47.081947933000066 ], [ -121.376216760999981, 47.081375768000065 ], [ -121.37582759699994, 47.081172386000027 ], [ -121.373561646999946, 47.080120860000065 ], [ -121.371287611999904, 47.07927757 ], [ -121.370280746, 47.078820053000079 ], [ -121.368642369999975, 47.077656590000096 ], [ -121.367270626, 47.076377651000058 ], [ -121.366435245999966, 47.075440334000042 ], [ -121.366565566, 47.073841630000103 ], [ -121.366366999, 47.073567206000043 ], [ -121.364856098999965, 47.072266489000071 ], [ -121.364857116999957, 47.072173597000109 ], [ -121.364322065999914, 47.071625605000065 ], [ -121.363217398999907, 47.071031660000038 ], [ -121.362381249999913, 47.07075771100002 ], [ -121.361514214999943, 47.070622286000095 ], [ -121.359103540999968, 47.070736907 ], [ -121.358836197999963, 47.070645325000051 ], [ -121.357028036000017, 47.071423436000039 ], [ -121.356260799999944, 47.071948737000071 ], [ -121.355624171000031, 47.072770058000081 ], [ -121.352884952999958, 47.07524080900005 ], [ -121.351649351999953, 47.076199515000063 ], [ -121.349177288999968, 47.077847663000092 ], [ -121.348437483999945, 47.078213845000015 ], [ -121.346698002, 47.078694636000094 ], [ -121.345660196000011, 47.078809008000057 ], [ -121.34278408599998, 47.078831922000084 ], [ -121.341411171, 47.07917525800007 ], [ -121.340647885999985, 47.079037892000073 ], [ -121.340142245999985, 47.078466099000103 ], [ -121.33820193499993, 47.077621104000087 ], [ -121.337267948999923, 47.077119242000045 ], [ -121.336764509999924, 47.076524112000094 ], [ -121.33582591699998, 47.075885002000064 ], [ -121.335259314, 47.075679684000036 ], [ -121.331075711999972, 47.075429164000091 ], [ -121.330538441000016, 47.075497981000105 ], [ -121.328532310999933, 47.075314972000058 ], [ -121.327829922, 47.075314869000053 ], [ -121.327326468, 47.075658312000044 ], [ -121.325960756999976, 47.076276296000017 ], [ -121.322847898999981, 47.075932983000037 ], [ -121.321345212, 47.075566833000025 ], [ -121.320238708999923, 47.075452167000044 ], [ -121.318632596, 47.075475220000087 ], [ -121.317629416999949, 47.075887284000075 ], [ -121.316660569999982, 47.076116069000086 ], [ -121.314119569999974, 47.076459454000073 ], [ -121.312778335999937, 47.076549277000048 ], [ -121.310907558999958, 47.076890611000046 ], [ -121.309166453999964, 47.078217602000059 ], [ -121.308329119999954, 47.079291465 ], [ -121.306790367999909, 47.082011463000086 ], [ -121.305853779999964, 47.082629290000042 ], [ -121.303644688999967, 47.083383474000094 ], [ -121.30294228799994, 47.083793485000093 ], [ -121.302173061999966, 47.084501631000066 ], [ -121.302072258999985, 47.084707636000054 ], [ -121.298372948999969, 47.085851649000034 ], [ -121.298091753999969, 47.085940650000026 ], [ -121.297221809999925, 47.086054624000042 ], [ -121.296217863, 47.08603156 ], [ -121.294545326, 47.085757573000066 ], [ -121.293440689999983, 47.085779736000035 ], [ -121.292571754000036, 47.085962731000073 ], [ -121.290697359999925, 47.086122446000054 ], [ -121.289225564, 47.086464633000034 ], [ -121.287317823, 47.087057066000028 ], [ -121.284941189, 47.088017677000018 ], [ -121.281629056999947, 47.088839764000092 ], [ -121.281528505999972, 47.088930757000071 ], [ -121.281435507999916, 47.088919733000047 ], [ -121.28112738, 47.088884801000084 ], [ -121.279956333000015, 47.088518783 ], [ -121.279286317, 47.088062315000066 ], [ -121.277380932, 47.087055837000015 ], [ -121.275476467999979, 47.086805414 ], [ -121.274972835999975, 47.086504267000031 ], [ -121.274102972999941, 47.085615026 ], [ -121.273263944999968, 47.085089051000082 ], [ -121.272062756999972, 47.084746119000044 ], [ -121.271159894999968, 47.084630991000019 ], [ -121.269288730999961, 47.084631305000045 ], [ -121.268212873999929, 47.084699990000047 ], [ -121.267610251, 47.084631335000047 ], [ -121.266076760999937, 47.083853208000058 ], [ -121.265039039999962, 47.083143754000069 ], [ -121.264756652999964, 47.083010240000121 ], [ -121.264367636000017, 47.082823278000021 ], [ -121.263062976999976, 47.082571422000051 ], [ -121.26098911699998, 47.082638918000043 ], [ -121.25928709799993, 47.082067973000051 ], [ -121.257312765, 47.082111271 ], [ -121.256944826000023, 47.082065186000086 ], [ -121.256543176, 47.081905186 ], [ -121.255974741999964, 47.081516296000061 ], [ -121.255707883, 47.081128172 ], [ -121.255510315, 47.080671902000091 ], [ -121.254373158999954, 47.079619059000024 ], [ -121.253870712999955, 47.07888732600005 ], [ -121.253770958999965, 47.078499306000012 ], [ -121.25356794299995, 47.078333200000031 ], [ -121.253434991999967, 47.077974873000052 ], [ -121.252435265999935, 47.076876214 ], [ -121.251214600999916, 47.076121042000054 ], [ -121.249657735999975, 47.075575403000116 ], [ -121.247453325000023, 47.075255005000074 ], [ -121.247115367000035, 47.075051374000097 ], [ -121.246179006, 47.074023028000099 ], [ -121.245374566999971, 47.073498342000029 ], [ -121.244470190999934, 47.073110365000083 ], [ -121.243233935999953, 47.073065547000013 ], [ -121.242165873999966, 47.073248588000062 ], [ -121.23968625199997, 47.073042747000081 ], [ -121.239286307, 47.072815499000022 ], [ -121.239051462999939, 47.072518472000048 ], [ -121.237816747999915, 47.071925197000077 ], [ -121.236939469999982, 47.071238457 ], [ -121.236006176000032, 47.070782734000048 ], [ -121.234567840999944, 47.070555745 ], [ -121.233663782999926, 47.069481679000049 ], [ -121.233292878999976, 47.06920966900001 ], [ -121.231621487999973, 47.068476690000026 ], [ -121.230151071999984, 47.06706069800002 ], [ -121.229447014, 47.066558059000087 ], [ -121.228508552999983, 47.066191765000063 ], [ -121.226503829999928, 47.06587382200005 ], [ -121.225765873999975, 47.065867497000056 ], [ -121.224464993999987, 47.065852362000051 ], [ -121.223129613999987, 47.066630538000041 ], [ -121.222862864999939, 47.066676251 ], [ -121.222290746999946, 47.066580951000027 ], [ -121.220785687000031, 47.065852773000081 ], [ -121.219313622999906, 47.0656018130001 ], [ -121.21844325999993, 47.065144871000044 ], [ -121.218140235, 47.064688851000057 ], [ -121.218041006999954, 47.064620234000067 ], [ -121.218208664999963, 47.063613237000055 ], [ -121.218275410999979, 47.063201871000039 ], [ -121.218241382999921, 47.061739936000045 ], [ -121.216568347999967, 47.061076499000045 ], [ -121.215955441999967, 47.060737216000035 ], [ -121.215500190999961, 47.06048537900007 ], [ -121.215194697999905, 47.060141957999988 ], [ -121.215194762999914, 47.059844455000068 ], [ -121.215095848999979, 47.059798626 ], [ -121.215263547999911, 47.058791631000084 ], [ -121.215029279999982, 47.058221042000035 ], [ -121.214326986999964, 47.057605024000047 ], [ -121.214294576999947, 47.057467955000078 ], [ -121.212854889999932, 47.055891147000082 ], [ -121.212051655, 47.055526284000095 ], [ -121.210983317999975, 47.055251648000109 ], [ -121.210713804999969, 47.055046119000068 ], [ -121.21054699499993, 47.054680238000081 ], [ -121.210546795, 47.054018228000103 ], [ -121.210380500000014, 47.053653200000014 ], [ -121.209075702999968, 47.052783625000096 ], [ -121.207804947999989, 47.052670266000042 ], [ -121.207169067999956, 47.052441269000013 ], [ -121.206566751999944, 47.051482187000062 ], [ -121.206168803999972, 47.051116515000089 ], [ -121.205734039999967, 47.050887650000071 ], [ -121.203559656, 47.05100220800005 ], [ -121.201118133999955, 47.050704655000033 ], [ -121.200047758999943, 47.05045426600001 ], [ -121.199348689999923, 47.05018173800002 ], [ -121.199346653999939, 47.050179351000089 ], [ -121.199080861999974, 47.04990745100006 ], [ -121.19908069799996, 47.049701463000069 ], [ -121.200416152999964, 47.049243683000029 ], [ -121.200446495999984, 47.048877447000017 ], [ -121.199981315999963, 47.048465377000113 ], [ -121.199043439999983, 47.047872286000072 ], [ -121.197707558999937, 47.047210476000025 ], [ -121.196639282000021, 47.046844195000091 ], [ -121.196034549, 47.046455401000074 ], [ -121.195867407, 47.045976395000054 ], [ -121.194597132999974, 47.045496321000037 ], [ -121.194262449999911, 47.045244361000059 ], [ -121.194327657999978, 47.044856838000058 ], [ -121.194830958999958, 47.044536426000015 ], [ -121.194864199999955, 47.044353371000057 ], [ -121.194663374999948, 47.044216283 ], [ -121.193259074999929, 47.043759452000032 ], [ -121.192624239999986, 47.043325579000019 ], [ -121.192591319999934, 47.043143778000072 ], [ -121.190817777999911, 47.042549122 ], [ -121.189948070999989, 47.042526220000049 ], [ -121.18921574899997, 47.042778059000099 ], [ -121.188681803999927, 47.043212935000021 ], [ -121.187442900999912, 47.043531536 ], [ -121.186106098999971, 47.044353683000082 ], [ -121.185339843999898, 47.044582391000091 ], [ -121.183997356999939, 47.04460526700003 ], [ -121.182761270999976, 47.044834172000051 ], [ -121.18215839600002, 47.044582393 ], [ -121.18135712299997, 47.043827090000036 ], [ -121.181288667, 47.04321089700003 ], [ -121.181025106999954, 47.042708617000038 ], [ -121.179320240999928, 47.041862661000032 ], [ -121.178686659, 47.04119889400009 ], [ -121.178685083999952, 47.040834737000068 ], [ -121.17898436800003, 47.040035407000104 ], [ -121.178915880999952, 47.039852270000047 ], [ -121.178114690000015, 47.039692122000119 ], [ -121.176412967, 47.039005481000061 ], [ -121.172568564999963, 47.037679939000078 ], [ -121.171098633000014, 47.036835063000069 ], [ -121.169794618999944, 47.036469048000072 ], [ -121.168825622999975, 47.035828938000044 ], [ -121.168358553999965, 47.035599948000019 ], [ -121.166185417999927, 47.035324954 ], [ -121.165417519999977, 47.035051077000077 ], [ -121.164581231999975, 47.034433986000089 ], [ -121.163648822999917, 47.033337085000014 ], [ -121.16338160599993, 47.032764865000011 ], [ -121.162109098999977, 47.032217099999983 ], [ -121.161675070999948, 47.032102028000054 ], [ -121.160572122999909, 47.031234177000016 ], [ -121.160108446, 47.030457085000108 ], [ -121.159772698000026, 47.029564440000058 ], [ -121.159103161999951, 47.028880205000021 ], [ -121.157964618, 47.028126324 ], [ -121.157163272999938, 47.027851726000016 ], [ -121.156530300999975, 47.027943244000035 ], [ -121.155858843000019, 47.027920329 ], [ -121.155591786999949, 47.027805828000034 ], [ -121.155561273, 47.027439777000033 ], [ -121.155697681, 47.027280482 ], [ -121.155630002999914, 47.027073506000107 ], [ -121.155393193999942, 47.026890455000057 ], [ -121.153790687999958, 47.026433243000064 ], [ -121.15325680700002, 47.026386912000049 ], [ -121.151715740999961, 47.026822005000078 ], [ -121.151448564999967, 47.026737999000055 ], [ -121.150581807999927, 47.026479663 ], [ -121.150014186999954, 47.025837815 ], [ -121.149714703999948, 47.025609349000021 ], [ -121.148277535999966, 47.025014374000087 ], [ -121.147944521999946, 47.024580444000065 ], [ -121.147892814000016, 47.024281517000112 ], [ -121.147844436999932, 47.024009477000071 ], [ -121.147641295999989, 47.023621431000031 ], [ -121.147214329999926, 47.023209447000049 ], [ -121.14343769299991, 47.021653090000058 ], [ -121.143368402999954, 47.02151654900004 ], [ -121.143001255999948, 47.021493576000097 ], [ -121.142333363999924, 47.021173574000088 ], [ -121.142233176, 47.020967456000086 ], [ -121.141966165000014, 47.019756479000073 ], [ -121.141797059999959, 47.019528294000025 ], [ -121.140864466999986, 47.019367591000048 ], [ -121.139325098999976, 47.019345287000071 ], [ -121.138990892999956, 47.019140292000074 ], [ -121.138760418999979, 47.01838392800002 ], [ -121.138459980999983, 47.018109510000052 ], [ -121.137892090999983, 47.018018569000077 ], [ -121.136691011, 47.017993330000117 ], [ -121.135922326999989, 47.017491335000059 ], [ -121.135821303999975, 47.017126525000073 ], [ -121.135387005000013, 47.01676063700009 ], [ -121.135085933999974, 47.016600520000075 ], [ -121.134986285999986, 47.016394564000088 ], [ -121.134226109999972, 47.015632538 ], [ -121.13412163299995, 47.015526861000055 ], [ -121.134083482999984, 47.015137711000101 ], [ -121.13391880099995, 47.015068697000075 ], [ -121.133755680999954, 47.014748611000059 ], [ -121.133496000999955, 47.013844501000037 ], [ -121.133219022999953, 47.012874679000085 ], [ -121.132984761999936, 47.012555155000022 ], [ -121.132786608999979, 47.011639738000042 ], [ -121.132686091000011, 47.01157156900009 ], [ -121.132619905999945, 47.011183600000052 ], [ -121.131818666, 47.010200711000081 ], [ -121.131183990999972, 47.0097898060001 ], [ -121.129551393999989, 47.009354874000088 ], [ -121.12894883499996, 47.008988681000076 ], [ -121.128246614999938, 47.00832501000005 ], [ -121.127346740999911, 47.007294986 ], [ -121.126946339, 47.006427957000028 ], [ -121.127019005999983, 47.004919989000051 ], [ -121.126696093, 47.00455397700005 ], [ -121.126463211, 47.004389867000064 ], [ -121.126210127999926, 47.004211985 ], [ -121.125805478999936, 47.004098334000012 ], [ -121.124805058999939, 47.003893998000066 ], [ -121.123703104999976, 47.003574011000062 ], [ -121.123365569000029, 47.003370703000023 ], [ -121.123333909999985, 47.003232404000038 ], [ -121.122997793999971, 47.002934831000019 ], [ -121.122832744, 47.002568983000039 ], [ -121.122898828999951, 47.001609962 ], [ -121.123730366999922, 47.000211171000082 ], [ -121.123798777, 46.999844918000065 ], [ -121.123960975, 46.999401039000112 ], [ -121.123791129999972, 46.999356715 ], [ -121.123402097999943, 46.999333799000055 ], [ -121.122223610999953, 46.999275900000058 ], [ -121.121654893999974, 46.999093542000068 ], [ -121.121494824999957, 46.998940854000047 ], [ -121.120953907999976, 46.998431018000055 ], [ -121.120256829999931, 46.998194162000082 ], [ -121.120220617999962, 46.998181846000044 ], [ -121.117847857999919, 46.997907193000053 ], [ -121.117306299999967, 46.997643950000032 ], [ -121.116944647999972, 46.997472970000011 ], [ -121.116856012999932, 46.997476186 ], [ -121.115241639999937, 46.997542052000043 ], [ -121.11490939399998, 46.997445113000012 ], [ -121.114071004999971, 46.997201433000015 ], [ -121.113670616999983, 46.996971011000042 ], [ -121.113058589999966, 46.996322876000065 ], [ -121.113002803999962, 46.996263020000086 ], [ -121.112697998999977, 46.995713845000033 ], [ -121.112200224, 46.99546405600006 ], [ -121.112094959, 46.995458274000022 ], [ -121.11069862, 46.995397130000114 ], [ -121.108562407999912, 46.995649207000014 ], [ -121.108459225, 46.99573938000001 ], [ -121.107860601999931, 46.99574065200003 ], [ -121.106418656999907, 46.995900940000055 ], [ -121.105685992999952, 46.995832301000064 ], [ -121.104986370999981, 46.995672313000057 ], [ -121.104846486999946, 46.995572279000044 ], [ -121.102649347999971, 46.994005092000044 ], [ -121.102613002999973, 46.993890462000067 ], [ -121.101932509999983, 46.993466268000049 ], [ -121.101879039, 46.993432958000049 ], [ -121.101848424999957, 46.993382905 ], [ -121.101711169999973, 46.993158265000055 ], [ -121.101744265999955, 46.991903466000061 ], [ -121.101577154999987, 46.991606319 ], [ -121.101208035999903, 46.9913414150001 ], [ -121.100910087999949, 46.991124981000041 ], [ -121.099490089999961, 46.991132203000106 ], [ -121.099416970999954, 46.991133441000031 ], [ -121.097590977999943, 46.991117386000035 ], [ -121.09243259, 46.99106946600007 ], [ -121.089808571999953, 46.991045733000057 ], [ -121.089848785999905, 46.982304604000056 ], [ -121.089846922000021, 46.982042412000034 ], [ -121.089896304999925, 46.971712569000033 ], [ -121.089907512999972, 46.969347027000062 ], [ -121.084605029, 46.969347146000075 ], [ -121.084605093, 46.965746048000014 ], [ -121.079210779999983, 46.965647160000088 ], [ -121.079309891999927, 46.962145131000057 ], [ -121.077390942999955, 46.962145339000074 ], [ -121.074007119999933, 46.962145281000069 ], [ -121.074007847999908, 46.95844597800005 ], [ -121.070162454999974, 46.958517515000018 ], [ -121.069663962000021, 46.958528036000089 ], [ -121.068707995999972, 46.958546127000076 ], [ -121.068706466999942, 46.955406029000059 ], [ -121.068706257999921, 46.954809433000079 ], [ -121.068705107, 46.951521475000078 ], [ -121.068707848999964, 46.947646150000068 ], [ -121.063507605000012, 46.94764617400007 ], [ -121.063508974999948, 46.94422722700007 ], [ -121.063509005999961, 46.943846430000093 ], [ -121.058207065999937, 46.943946284000091 ], [ -121.058207233999951, 46.936746277000061 ], [ -121.052906919999899, 46.936644344000065 ], [ -121.053010712999964, 46.933047181000063 ], [ -121.042405402, 46.933047413000082 ], [ -121.042405145999979, 46.923950604000055 ], [ -121.042404958999953, 46.922436668000024 ], [ -121.042405032999966, 46.922144985000045 ], [ -121.037206772, 46.922146737000013 ], [ -121.037106457999968, 46.918546761000044 ], [ -121.031807992999973, 46.918547881000052 ], [ -121.031808074999972, 46.91494692 ], [ -121.026505453, 46.914946961000091 ], [ -121.026804317999947, 46.911225866000052 ], [ -121.025390955999981, 46.911339780000063 ], [ -121.009038606999937, 46.911243255000066 ], [ -121.001205243999905, 46.911213023000052 ], [ -120.998825575999916, 46.911225417000011 ], [ -120.990535851999965, 46.911221286000028 ], [ -120.987427277999984, 46.911219583000062 ], [ -120.97645157800001, 46.911377961000021 ], [ -120.969945809999956, 46.911363920000014 ], [ -120.960959176999978, 46.911343364000089 ], [ -120.958000086999931, 46.911388252000073 ], [ -120.952142903999984, 46.911477046000051 ], [ -120.915446731999964, 46.911268140000082 ], [ -120.91543372699995, 46.911268016000072 ], [ -120.906705674999969, 46.911237491000037 ], [ -120.903432533999947, 46.911226046000067 ], [ -120.885052715999933, 46.911168695000114 ], [ -120.876997457999934, 46.911142578000089 ], [ -120.876997985999978, 46.911146518000059 ], [ -120.877005552999975, 46.911227553000103 ], [ -120.876997557999943, 46.911228607000098 ], [ -120.876605437, 46.911229206000058 ], [ -120.876202310999957, 46.911229667 ], [ -120.867686551999952, 46.911224967000066 ], [ -120.867519997999935, 46.91122481400005 ], [ -120.850707792999955, 46.911096124000061 ], [ -120.844387253999955, 46.911089846000074 ], [ -120.843179317999926, 46.911081286000076 ], [ -120.833110988999977, 46.91097565000004 ], [ -120.823214663999963, 46.91093771500001 ], [ -120.820155890999928, 46.910968199000045 ], [ -120.812868011, 46.911036739000032 ], [ -120.811732832999951, 46.911067582 ], [ -120.810229948999947, 46.911082781000026 ], [ -120.808032605999941, 46.910968378000064 ], [ -120.807733925, 46.910952897000115 ], [ -120.80263838800002, 46.910693923000089 ], [ -120.796824688999948, 46.910800062000078 ], [ -120.795240861, 46.910829156 ], [ -120.781441422999976, 46.911082397 ], [ -120.776317301999939, 46.911176558000058 ], [ -120.773208112999981, 46.911233508000059 ], [ -120.765993490999989, 46.911365912000093 ], [ -120.764970761000015, 46.911385065000076 ], [ -120.752687485999942, 46.91162553200008 ], [ -120.75119945499992, 46.911614223000029 ], [ -120.733903068999936, 46.911652555 ], [ -120.704819628999985, 46.911755624000094 ], [ -120.693039485999989, 46.911797748000026 ], [ -120.691882121999967, 46.911800368000065 ], [ -120.686966093999914, 46.911816855000012 ], [ -120.686406421999962, 46.911819477000051 ], [ -120.664863198999953, 46.911893307000028 ], [ -120.664329532999943, 46.911895613000041 ], [ -120.652621362000033, 46.911936754000074 ], [ -120.64211205699992, 46.911974886000031 ], [ -120.641300801999947, 46.911977941000018 ], [ -120.634897781999953, 46.912001047000061 ], [ -120.63354757999997, 46.905618973000031 ], [ -120.633373290999941, 46.904299943000048 ], [ -120.633272619999957, 46.896123828000079 ], [ -120.633200656999961, 46.890050593000112 ], [ -120.63309059, 46.881284931000032 ], [ -120.633337168999972, 46.874852959000044 ], [ -120.63384137599995, 46.863698777000053 ], [ -120.63386949599996, 46.861734099000032 ], [ -120.633948135999987, 46.856763778000101 ], [ -120.634235073999932, 46.838894079000013 ], [ -120.634298813999962, 46.833582021000055 ], [ -120.63438524, 46.828964178000064 ], [ -120.634444622999951, 46.825929539000064 ], [ -120.63444639, 46.825836994000049 ], [ -120.626196226999951, 46.825995104000071 ], [ -120.624266997999925, 46.825993812000057 ], [ -120.624270015, 46.825993788000055 ], [ -120.624255485999953, 46.825993778000054 ], [ -120.624256650491077, 46.825983595493298 ], [ -120.624255485999981, 46.825993777000065 ], [ -120.624246202999984, 46.825993771000071 ], [ -120.624091978999957, 46.825994990000027 ], [ -120.624231670999961, 46.825993787000073 ], [ -120.622330615999942, 46.825992429000053 ], [ -120.618035046999978, 46.825989210000046 ], [ -120.605771512999979, 46.825956594000047 ], [ -120.602154501999962, 46.82590639600005 ], [ -120.587964106999948, 46.825666725000076 ], [ -120.587495202999946, 46.825666568000031 ], [ -120.585437145999947, 46.825639325000054 ], [ -120.577168152999946, 46.825529496000058 ], [ -120.563635203, 46.825350814000046 ], [ -120.554760432999956, 46.825233880000042 ], [ -120.554008386999953, 46.82522378200008 ], [ -120.551106071, 46.825186550000069 ], [ -120.547703385999966, 46.825133172000051 ], [ -120.539554749, 46.825007390000053 ], [ -120.523021392999965, 46.824751913000057 ], [ -120.509244132999982, 46.824542369000028 ], [ -120.509287358999984, 46.817448393000063 ], [ -120.509383482999965, 46.801665566000054 ], [ -120.509395445999985, 46.801573364000035 ], [ -120.509417620999955, 46.797049675000039 ], [ -120.509440515, 46.793814916000031 ], [ -120.509576123999977, 46.770437347000041 ], [ -120.509598126999947, 46.766848376000041 ], [ -120.509623635999958, 46.762687069000037 ], [ -120.509605199999953, 46.752042030000041 ], [ -120.509601412, 46.749854436000078 ], [ -120.509556429999975, 46.749273462000076 ], [ -120.509556436999958, 46.749272262000034 ], [ -120.509630744, 46.738120479000031 ], [ -120.507393711999953, 46.738108562000036 ], [ -120.501192644999946, 46.737868862000028 ], [ -120.500284128999965, 46.737843721000047 ], [ -120.492929612999944, 46.737639943000033 ], [ -120.475449842999979, 46.737601887000039 ], [ -120.465914871999985, 46.73758176900003 ], [ -120.450958961999959, 46.737548616000026 ], [ -120.450630916999955, 46.737544876000072 ], [ -120.44826799599997, 46.737567677000072 ], [ -120.448267989000016, 46.737567677000101 ], [ -120.448267984670522, 46.737567677109666 ], [ -120.448258781999954, 46.737567910000031 ], [ -120.445446437999962, 46.737574405000039 ], [ -120.431327873000015, 46.737605983000073 ], [ -120.425765988999984, 46.73762128500001 ], [ -120.420577525999946, 46.737632806000072 ], [ -120.414365522999958, 46.737647189000022 ], [ -120.412100582999955, 46.737653189000071 ], [ -120.387045576, 46.737496380000067 ], [ -120.386969305999983, 46.737492020000062 ], [ -120.386366129999914, 46.73745757700005 ], [ -120.386364203999932, 46.737457478000046 ], [ -120.385934430999981, 46.737435297000076 ], [ -120.385491251, 46.737419432000095 ], [ -120.385381577999979, 46.737415552000037 ], [ -120.384706434999899, 46.737464318000079 ], [ -120.384550197999943, 46.737552936000036 ], [ -120.381795196999988, 46.737551331000084 ], [ -120.381670916999909, 46.737615470000058 ], [ -120.381529169, 46.737688332000047 ], [ -120.376187900000019, 46.737581406000082 ], [ -120.371482168999947, 46.737531415000035 ], [ -120.37097314699993, 46.737531444000034 ], [ -120.360325570999933, 46.737327457000035 ], [ -120.347515979000022, 46.737082697000034 ], [ -120.322954151, 46.737017773000076 ], [ -120.310184772999946, 46.737028805000101 ], [ -120.298994418999982, 46.736870926000094 ], [ -120.283045758999947, 46.736647014000042 ], [ -120.274225535999975, 46.736752619000079 ], [ -120.266756044999937, 46.736695344000047 ], [ -120.251184290999916, 46.736615413 ], [ -120.249217912999939, 46.736639238000109 ], [ -120.245753132999965, 46.736613275000096 ], [ -120.243859223999934, 46.736598350000101 ], [ -120.223003807999987, 46.736443550000082 ], [ -120.218795738999987, 46.736413603000095 ], [ -120.213485896999941, 46.736287782000076 ], [ -120.202553345999988, 46.736372913000011 ], [ -120.196441887999953, 46.73638766500008 ], [ -120.189748016999971, 46.73639927300006 ], [ -120.184196323999984, 46.736402075000029 ], [ -120.177299792999932, 46.73640518200002 ], [ -120.170946325999964, 46.736407678000049 ], [ -120.164120836, 46.73632718100005 ], [ -120.157147212999973, 46.736244518000049 ], [ -120.148661964, 46.7361614430001 ], [ -120.143932437, 46.736169416000052 ], [ -120.131158647999939, 46.736189976000063 ], [ -120.128925753999937, 46.736193425000081 ], [ -120.124368556, 46.736269955000111 ], [ -120.090881575999944, 46.736764953000034 ], [ -120.089420123999986, 46.736783674000073 ], [ -120.087727956999956, 46.736805326000088 ], [ -120.086753809999905, 46.736817779000049 ], [ -120.086140593999971, 46.736827573000063 ], [ -120.084192267999981, 46.736843605000054 ], [ -120.082809658999977, 46.736856733000074 ], [ -120.043462523999906, 46.737234030000117 ], [ -120.028057278999896, 46.737385825000068 ], [ -120.026924868, 46.737396902000093 ], [ -120.024712591, 46.737418509000108 ], [ -120.008213488, 46.737498795000086 ], [ -120.001533027999955, 46.737525934000111 ], [ -120.000338245999956, 46.737499020000016 ], [ -119.99703866699997, 46.737424627000081 ], [ -119.994030175, 46.737356714000057 ], [ -119.985591953999929, 46.737165811000068 ], [ -119.984040100999962, 46.737130634 ], [ -119.982542073, 46.737110119000079 ], [ -119.980073052999913, 46.737040617000012 ], [ -119.979081300999923, 46.737052650000031 ], [ -119.978443573, 46.737060383000049 ], [ -119.977477623999931, 46.737072090000041 ], [ -119.973037856999923, 46.737128012000049 ], [ -119.973142637999985, 46.736265364000083 ], [ -119.973245843, 46.733339368000017 ], [ -119.973460459, 46.728897731000039 ], [ -119.973378366999953, 46.72431239400008 ], [ -119.973388340999975, 46.723798457 ], [ -119.973387910000028, 46.723740185000075 ], [ -119.973170622999987, 46.722710452000051 ], [ -119.972802551, 46.721811391000088 ], [ -119.972792893, 46.721779469000111 ], [ -119.969299733999989, 46.714773431000054 ], [ -119.96857348199994, 46.713516816 ], [ -119.964918314999935, 46.707687978000088 ], [ -119.962995789000018, 46.704830824000034 ], [ -119.961133301999936, 46.701416742000077 ], [ -119.956762102000013, 46.693524196000034 ], [ -119.956211452000019, 46.692796624000053 ], [ -119.955325170999956, 46.691661611000022 ], [ -119.954231716, 46.690327141000097 ], [ -119.95416776199994, 46.690247313000064 ], [ -119.952946683999983, 46.688236960000083 ], [ -119.952221653999942, 46.686833188000023 ], [ -119.950900108999932, 46.684921650000042 ], [ -119.949024963999946, 46.682209802000017 ], [ -119.948461239999929, 46.680731711000114 ], [ -119.947876559999969, 46.67886866700006 ], [ -119.946787813999947, 46.676626565000092 ], [ -119.946455157999949, 46.675941725 ], [ -119.944233755999917, 46.673249201000068 ], [ -119.941669657999952, 46.6714601400001 ], [ -119.938570451999936, 46.66933282400003 ], [ -119.936757455999938, 46.667892844000079 ], [ -119.935344718999929, 46.666611714000041 ], [ -119.933838318999989, 46.665246893000088 ], [ -119.932498027999941, 46.664002418000059 ], [ -119.930475821999963, 46.66255684300009 ], [ -119.927041738999947, 46.661020885000013 ], [ -119.921551966999942, 46.658714957 ], [ -119.919840958999941, 46.65763590300007 ], [ -119.917315733, 46.655429065000085 ], [ -119.915823035999949, 46.653509032000031 ], [ -119.915352666000018, 46.652071087000067 ], [ -119.915130034999976, 46.651389112000039 ], [ -119.914678550999923, 46.650197737000056 ], [ -119.914503729999979, 46.649736388000065 ], [ -119.912431731999959, 46.64691287100004 ], [ -119.91060006, 46.644885782000095 ], [ -119.910285405999971, 46.644537539000062 ], [ -119.908623126999927, 46.64270119600009 ], [ -119.905357050999953, 46.6393542920001 ], [ -119.905344258999961, 46.639340772000047 ], [ -119.901498112999974, 46.635608200000036 ], [ -119.897599654, 46.633275466000022 ], [ -119.894782682999974, 46.632337253000024 ], [ -119.890424113999941, 46.631678365000042 ], [ -119.884305889999979, 46.630956388000079 ], [ -119.881561839999961, 46.630636441000071 ], [ -119.878050664999961, 46.629784470000104 ], [ -119.876167920999976, 46.629342754000056 ], [ -119.874071828999917, 46.628591513000075 ], [ -119.873981295999968, 46.626775489000096 ], [ -119.87395504600002, 46.625944535 ], [ -119.8739547119999, 46.625282542000022 ], [ -119.873926049999938, 46.624920153000062 ], [ -119.873924747, 46.624860502000011 ], [ -119.874471012999905, 46.610772510000096 ], [ -119.87450411899998, 46.609365237000098 ], [ -119.87493836000003, 46.589250329000052 ], [ -119.875023879, 46.585443439000109 ], [ -119.875068071000015, 46.58350148000001 ], [ -119.875095566999974, 46.577820451999983 ], [ -119.875098065, 46.577256846000068 ], [ -119.875479916999979, 46.572141367000029 ], [ -119.875678179999952, 46.568898786000055 ], [ -119.876166451999936, 46.56758148100004 ], [ -119.876360238, 46.56619846800001 ], [ -119.876449095999973, 46.565557177000059 ], [ -119.876848921, 46.562723073000043 ], [ -119.876893720999988, 46.562405487000056 ], [ -119.876166133, 46.562408461000039 ], [ -119.87427061899993, 46.562762483000022 ], [ -119.874262346999956, 46.561407674000101 ], [ -119.874201255999964, 46.552029478000058 ], [ -119.874203600999977, 46.548326058000058 ], [ -119.874203565999977, 46.548326057000054 ], [ -119.874204799, 46.54587997600008 ], [ -119.874205063999923, 46.54538892300004 ], [ -119.874204703, 46.543000916999986 ], [ -119.874204085999935, 46.536103454000035 ], [ -119.874204091999928, 46.536076785000049 ], [ -119.874204091999928, 46.53607643900002 ], [ -119.874204091999928, 46.536076368000103 ], [ -119.874204081999935, 46.535969468000047 ], [ -119.874278745999987, 46.534412225999986 ], [ -119.874279470999952, 46.534396927000053 ], [ -119.874650997999964, 46.526646803000069 ], [ -119.874651810999936, 46.526629994000103 ], [ -119.874662683999958, 46.526403147000075 ], [ -119.874563211999984, 46.525464743000057 ], [ -119.874627343999961, 46.524351916000086 ], [ -119.874627360999966, 46.524351446000047 ], [ -119.874627718999989, 46.524345390000079 ], [ -119.874656839999915, 46.523366555000088 ], [ -119.874662346, 46.52323307000006 ], [ -119.874670144999953, 46.52295909300004 ], [ -119.874670280999965, 46.522954656000117 ], [ -119.874818743, 46.51774379400009 ], [ -119.874807258999923, 46.517270740000114 ], [ -119.874806350999933, 46.517233672000067 ], [ -119.874763818999966, 46.515481575000052 ], [ -119.874762519999948, 46.515427671000033 ], [ -119.874669754999914, 46.511605918 ], [ -119.874664038999981, 46.511325489000079 ], [ -119.874643016, 46.510389141000054 ], [ -119.874641081000036, 46.510306992 ], [ -119.874641076999936, 46.510306852000085 ], [ -119.874641073999939, 46.510306750000076 ], [ -119.874641069999939, 46.510306630000066 ], [ -119.874640775, 46.510294462000033 ], [ -119.874616309999936, 46.509256002 ], [ -119.874506627999921, 46.504627449000012 ], [ -119.874502246, 46.504471823000102 ], [ -119.874501824999967, 46.50445652500008 ], [ -119.874486186999917, 46.503900203000057 ], [ -119.874197018999965, 46.499860426000026 ], [ -119.874211678999941, 46.498811994000057 ], [ -119.874211682999942, 46.498811665000026 ], [ -119.874212102999977, 46.498781031000071 ], [ -119.874280527999957, 46.493887403 ], [ -119.874529308999925, 46.474857401000101 ], [ -119.874524695, 46.474740657000034 ], [ -119.874455413999939, 46.472909534000053 ], [ -119.874061306999934, 46.462816386 ], [ -119.873826415999943, 46.456750574000026 ], [ -119.873768354999939, 46.455242869000067 ], [ -119.874899495999912, 46.45603685800004 ], [ -119.877088172, 46.45696089800002 ], [ -119.87926703399998, 46.458796832000047 ], [ -119.880132591999924, 46.460017662000077 ], [ -119.88451787799994, 46.461257433000071 ], [ -119.886277722999978, 46.461266910000056 ], [ -119.888044395999955, 46.460668376000093 ], [ -119.892463798999955, 46.45886784200006 ], [ -119.894801837999964, 46.457634230000046 ], [ -119.895132689999983, 46.457588165000054 ], [ -119.896355380999978, 46.456286218000066 ], [ -119.897843595000012, 46.456355182 ], [ -119.89913312799996, 46.4566301240001 ], [ -119.899363523999924, 46.456607170000062 ], [ -119.900124676999923, 46.45631012000009 ], [ -119.900553964000011, 46.456242190000061 ], [ -119.902636340999905, 46.456677136000081 ], [ -119.903165583, 46.456540134000115 ], [ -119.903430188999963, 46.456654123000042 ], [ -119.905478399999964, 46.456678094000068 ], [ -119.905644552999945, 46.456997066000085 ], [ -119.907461884999947, 46.457546063000031 ], [ -119.907826440999912, 46.457501079000039 ], [ -119.907858692, 46.457363103 ], [ -119.907428905999964, 46.457112094000095 ], [ -119.906372187000017, 46.456678119000074 ], [ -119.906372204999926, 46.456312108000077 ], [ -119.90680224499998, 46.455536131 ], [ -119.907297743999948, 46.455216057000072 ], [ -119.909181974999981, 46.454714046000014 ], [ -119.909546271999915, 46.454508031000017 ], [ -119.91017390899998, 46.453983040000011 ], [ -119.910736802999921, 46.453298060000094 ], [ -119.911099833999941, 46.453024076000069 ], [ -119.912125241999959, 46.452955064000044 ], [ -119.912322635999956, 46.453047004000013 ], [ -119.913149918000016, 46.45323002500006 ], [ -119.913776847999927, 46.453504050000085 ], [ -119.913842827999972, 46.453640989000043 ], [ -119.914206622999956, 46.453664024 ], [ -119.914835546999953, 46.453938052000112 ], [ -119.916091596999962, 46.453915006000067 ], [ -119.916288975999947, 46.453823977000084 ], [ -119.916553780999919, 46.453549988000063 ], [ -119.916818021000026, 46.452864993000055 ], [ -119.917149069999965, 46.452795984000026 ], [ -119.917974933, 46.453298954000076 ], [ -119.917611235999928, 46.453823963000083 ], [ -119.917215478999964, 46.454006962000037 ], [ -119.916388483, 46.45425802700003 ], [ -119.91473548299993, 46.454943020000037 ], [ -119.914306491999966, 46.455263039000052 ], [ -119.914173585999976, 46.455446004000088 ], [ -119.914040956999926, 46.455879978000027 ], [ -119.913775878999942, 46.456177013000087 ], [ -119.913297241999942, 46.45650003 ], [ -119.913313158000022, 46.456588036 ], [ -119.913709970999903, 46.456770982000116 ], [ -119.914007817999945, 46.456748002000083 ], [ -119.914998714999953, 46.455926025000018 ], [ -119.915462200999926, 46.455812025000085 ], [ -119.916453765999989, 46.456313968000053 ], [ -119.917082440999963, 46.456336977 ], [ -119.917412547000012, 46.456451011000112 ], [ -119.917809331999976, 46.456452007000017 ], [ -119.918338533999972, 46.456314934000041 ], [ -119.918800821999952, 46.456405986000028 ], [ -119.919561654999924, 46.456314991000049 ], [ -119.920024129999916, 46.456108929000052 ], [ -119.920586315999969, 46.456040913000017 ], [ -119.921247397999963, 46.455720934000098 ], [ -119.921675956999977, 46.455811973000081 ], [ -119.921842542, 46.455537903000057 ], [ -119.922799964, 46.455240924000087 ], [ -119.922999291999957, 46.455058884000032 ], [ -119.92309795499996, 46.454921926000068 ], [ -119.923462198999985, 46.454715952000079 ], [ -119.924057647999959, 46.453938947 ], [ -119.924387366999966, 46.453619933 ], [ -119.924948991999898, 46.453413922 ], [ -119.924949516999945, 46.452705899000122 ], [ -119.925412526999978, 46.451220878000086 ], [ -119.925378955999946, 46.450923941000035 ], [ -119.925660756, 46.450819953000043 ], [ -119.925809138999924, 46.450763882000025 ], [ -119.926140335999975, 46.450489948 ], [ -119.926191099, 46.450378883000056 ], [ -119.926437691999979, 46.449849917000073 ], [ -119.927825279999936, 46.449758932000094 ], [ -119.929212971000013, 46.449941902000049 ], [ -119.930435948999943, 46.44994184300004 ], [ -119.93096525199995, 46.449690906000065 ], [ -119.931461427999977, 46.449096845000028 ], [ -119.931957199999957, 46.448159906000043 ], [ -119.933543902999972, 46.445509911000073 ], [ -119.934171421999935, 46.44386490400003 ], [ -119.934204761999936, 46.443805853000029 ], [ -119.934998070999939, 46.442379848 ], [ -119.93681571999997, 46.442014854000078 ], [ -119.937247698, 46.442151101000071 ], [ -119.937250224999943, 46.442482846000075 ], [ -119.937272676999939, 46.445880831000032 ], [ -119.937278604999989, 46.44665178700005 ], [ -119.938600731999955, 46.446743825000027 ], [ -119.943095512999975, 46.447725738 ], [ -119.944186066999961, 46.447770733 ], [ -119.945401521999898, 46.448212757000064 ], [ -119.945442034999971, 46.448227695000057 ], [ -119.945772395999953, 46.448707743000071 ], [ -119.945905304999926, 46.448707703000068 ], [ -119.94719469999994, 46.450077732000096 ], [ -119.949805219999931, 46.45126576200007 ], [ -119.950962279999928, 46.451608722000024 ], [ -119.951590384000028, 46.451585777000084 ], [ -119.954730879, 46.450579752000067 ], [ -119.955456624, 46.450213694000063 ], [ -119.956316639999926, 46.450008694000068 ], [ -119.957572956999954, 46.449847651000063 ], [ -119.958299538999938, 46.449893693000057 ], [ -119.958596957999944, 46.450007710000072 ], [ -119.959687714999959, 46.450738643000065 ], [ -119.960943800999971, 46.450601641000013 ], [ -119.962463418999945, 46.450897607000073 ], [ -119.963158504, 46.450920589000113 ], [ -119.963446286, 46.451007639000032 ], [ -119.963686597999981, 46.451080582000024 ], [ -119.964679192999952, 46.451513640000066 ], [ -119.965703887999922, 46.451810581000117 ], [ -119.967984779, 46.452266601000105 ], [ -119.968434240999969, 46.452660585000018 ], [ -119.969208257999966, 46.45334059000006 ], [ -119.970101397999969, 46.453911535000046 ], [ -119.970596782000015, 46.454482516000041 ], [ -119.971391425999954, 46.454984524000096 ], [ -119.972084904999946, 46.455281500000069 ], [ -119.975060048, 46.455874445000099 ], [ -119.975820918999986, 46.456284485000012 ], [ -119.976152361999965, 46.456581488000069 ], [ -119.976317262999927, 46.456970449000011 ], [ -119.976483986999952, 46.458409454000062 ], [ -119.976583308, 46.458500405000038 ], [ -119.976649352999956, 46.458957469000019 ], [ -119.976881069999948, 46.459414435999989 ], [ -119.977443474999944, 46.459733403 ], [ -119.977874064999952, 46.460350415000072 ], [ -119.97850208499996, 46.46096747100006 ], [ -119.978965557999942, 46.461675467000106 ], [ -119.979893053999945, 46.462725448000029 ], [ -119.980520666, 46.463182496000101 ], [ -119.981414032999936, 46.46334149600002 ], [ -119.982042039999939, 46.463341435000103 ], [ -119.982339337000013, 46.463272427000078 ], [ -119.983528333999985, 46.462701421000084 ], [ -119.986503954999989, 46.462562393000042 ], [ -119.987264195999913, 46.462425440000075 ], [ -119.988057311, 46.462379382000087 ], [ -119.989644572999964, 46.462812399000029 ], [ -119.989778271999924, 46.463155353000076 ], [ -119.990107503, 46.463383405000023 ], [ -119.990175023999981, 46.463589377000105 ], [ -119.989448192999973, 46.464183345000045 ], [ -119.989249744999981, 46.464503388000054 ], [ -119.989250014, 46.464686352000093 ], [ -119.989416056999971, 46.46475436500004 ], [ -119.98984501399994, 46.464822355000067 ], [ -119.989978090999941, 46.464914388000047 ], [ -119.989977436999965, 46.465302331 ], [ -119.990640390999928, 46.465599314000052 ], [ -119.990771913999978, 46.465964367000055 ], [ -119.991003576999958, 46.466124366000059 ], [ -119.991598801999913, 46.466238338000075 ], [ -119.99202947400002, 46.466443355000074 ], [ -119.993251687999987, 46.466671340000019 ], [ -119.99414543499995, 46.467013289000072 ], [ -119.995104452, 46.467058326000064 ], [ -119.996989075999963, 46.467651264000011 ], [ -119.996989006999954, 46.46776626800002 ], [ -119.998081631000034, 46.46849623700011 ], [ -119.998610930999945, 46.468770219000042 ], [ -119.999437945999986, 46.469363266000087 ], [ -120.001169302999969, 46.471213222000117 ], [ -120.002434017999988, 46.47212720300007 ], [ -120.004978030999979, 46.474002234000046 ], [ -120.005473292000019, 46.474756276000086 ], [ -120.005278570999977, 46.476000580000097 ], [ -120.005273140999975, 46.476035277000037 ], [ -120.012780154000012, 46.476039194000094 ], [ -120.015789141999932, 46.475903142000028 ], [ -120.018170291999951, 46.47556212100006 ], [ -120.020650722999918, 46.475494064000024 ], [ -120.024155830999945, 46.475016062000087 ], [ -120.026172415999909, 46.474994027000037 ], [ -120.027396140999912, 46.475085995 ], [ -120.030007966, 46.4757719730001 ], [ -120.031730074999942, 46.476416968000088 ], [ -120.032751874000013, 46.476800957000066 ], [ -120.033744284999969, 46.477257916000035 ], [ -120.03377645999997, 46.477440922 ], [ -120.034636266999968, 46.477623962000038 ], [ -120.036157310999968, 46.478469883000038 ], [ -120.038007883999967, 46.479314889000058 ], [ -120.038934032999947, 46.479520875000048 ], [ -120.039992451999936, 46.480046858000044 ], [ -120.040389417000014, 46.480046828000042 ], [ -120.040521407000014, 46.480046846000043 ], [ -120.040917735000022, 46.47988681800004 ], [ -120.041513400999932, 46.479270833000051 ], [ -120.041909784999959, 46.478630820000035 ], [ -120.041977139999929, 46.478173819000055 ], [ -120.041910807999955, 46.478036868000096 ], [ -120.041943745000012, 46.476597829000042 ], [ -120.041997979999962, 46.476402832000076 ], [ -120.042000665000018, 46.476393333 ], [ -120.042640239, 46.474130874000032 ], [ -120.043169384, 46.473627903000072 ], [ -120.044525537999931, 46.473308877000051 ], [ -120.047301811999958, 46.473445807000104 ], [ -120.04832857400001, 46.473057816000065 ], [ -120.049650992999915, 46.472372848000056 ], [ -120.050378602999984, 46.472098834000029 ], [ -120.055107124999978, 46.471322789000034 ], [ -120.056693416999963, 46.470751715000034 ], [ -120.057553874999925, 46.470728744 ], [ -120.058446468999961, 46.471025708000056 ], [ -120.059009086999978, 46.471391745000055 ], [ -120.059470738999977, 46.471482737000038 ], [ -120.060563386999974, 46.471460725000078 ], [ -120.061290122999978, 46.471163672000017 ], [ -120.061703227999956, 46.471122668000085 ], [ -120.062434100999951, 46.47105040200006 ], [ -120.06257808999996, 46.471036129000034 ], [ -120.063603891999918, 46.470934649000071 ], [ -120.064695847999943, 46.470500657000045 ], [ -120.06509176900002, 46.470249622000061 ], [ -120.065687573000019, 46.470066616000018 ], [ -120.065919583999943, 46.469838691000078 ], [ -120.065985122999948, 46.469084648000035 ], [ -120.065820087999967, 46.468627692000062 ], [ -120.065885824, 46.467599681000095 ], [ -120.066216783999934, 46.467279666000081 ], [ -120.067174798999972, 46.466708628000085 ], [ -120.068266459999975, 46.466297653000012 ], [ -120.068794836, 46.465977606000088 ], [ -120.070216758999962, 46.464949651000033 ], [ -120.071010187999974, 46.464606597000071 ], [ -120.077787359999917, 46.463395537000054 ], [ -120.081623306999958, 46.463075535000044 ], [ -120.08231725199991, 46.462755519000034 ], [ -120.083342070999976, 46.461978492000043 ], [ -120.08420107099991, 46.461476534999989 ], [ -120.085027172999958, 46.461384505000105 ], [ -120.085424, 46.461384491000011 ], [ -120.085571551999962, 46.461419476000067 ], [ -120.087275880000035, 46.461818479000037 ], [ -120.089094359999947, 46.461817499000048 ], [ -120.090879138, 46.461680456000074 ], [ -120.091309563, 46.461698452000057 ], [ -120.092532415000022, 46.461748413000102 ], [ -120.096795865, 46.46167940200008 ], [ -120.098978614999936, 46.461518357000074 ], [ -120.099970345000017, 46.461564342000059 ], [ -120.100828990999915, 46.461495364000037 ], [ -120.102067128999948, 46.461490346000069 ], [ -120.10760747599997, 46.461470279 ], [ -120.109194131999985, 46.46156124700007 ], [ -120.11011874699993, 46.461560210000073 ], [ -120.112499010999954, 46.461240188000062 ], [ -120.114185360999954, 46.46126218200002 ], [ -120.116136314, 46.461535187000045 ], [ -120.117954633999901, 46.461626127000024 ], [ -120.11894661799991, 46.461922177000091 ], [ -120.119806694999923, 46.462356179000032 ], [ -120.122617561999974, 46.462743080000067 ], [ -120.125030507999966, 46.463221072000096 ], [ -120.125162463999956, 46.463220048000011 ], [ -120.125236679999972, 46.4632200510001 ], [ -120.125374275999988, 46.4632200570001 ], [ -120.126006739, 46.46322007500001 ], [ -120.126174899999967, 46.463220112000016 ], [ -120.127877860999916, 46.462853073000112 ], [ -120.129629513999987, 46.462763049000031 ], [ -120.130918983999919, 46.462945987000069 ], [ -120.131943631999974, 46.463267053000081 ], [ -120.132901998999955, 46.46326696800007 ], [ -120.133096759999901, 46.463220976000088 ], [ -120.134158989999946, 46.462970985 ], [ -120.137731386999945, 46.461646990000062 ], [ -120.138094357999961, 46.461441958000059 ], [ -120.139252614999961, 46.461213991000115 ], [ -120.144145843, 46.460850922000098 ], [ -120.146558751999976, 46.460508869000037 ], [ -120.148278781, 46.460075851000092 ], [ -120.149071916, 46.460075893000095 ], [ -120.149825901000028, 46.460224833000076 ], [ -120.152542650000015, 46.460762818 ], [ -120.154161801999962, 46.460899791000053 ], [ -120.154624776999981, 46.461105833000047 ], [ -120.155020772999976, 46.46147174900004 ], [ -120.155218775, 46.461928760000013 ], [ -120.155317928999963, 46.462407752000033 ], [ -120.155979214999959, 46.463733737000055 ], [ -120.1560441, 46.464692775000096 ], [ -120.155778867, 46.465766849000055 ], [ -120.155910992, 46.466132824000049 ], [ -120.155909977, 46.467000826000103 ], [ -120.156108117999963, 46.467754855000052 ], [ -120.157264077999955, 46.46939982 ], [ -120.157295994000023, 46.470793832000055 ], [ -120.157395195999968, 46.47111282900007 ], [ -120.157891308999979, 46.471113803000065 ], [ -120.160966165000019, 46.472484755000075 ], [ -120.161759334999928, 46.473147730000044 ], [ -120.160700271999957, 46.474152790000069 ], [ -120.160303339999984, 46.474791750000087 ], [ -120.159909364999976, 46.476545524000066 ], [ -120.160065736999954, 46.476662265000044 ], [ -120.160070365999985, 46.476665720000064 ], [ -120.159852897999926, 46.477002367000033 ], [ -120.159793281999967, 46.477094656000119 ], [ -120.158978633999979, 46.478355711000098 ], [ -120.158572677999956, 46.479289462000082 ], [ -120.158382553999957, 46.47972676100003 ], [ -120.158085993000014, 46.480292211000098 ], [ -120.157450340999915, 46.48150416 ], [ -120.157388662999963, 46.481621754000059 ], [ -120.157388257000022, 46.48223875700004 ], [ -120.157406275, 46.482292612000052 ], [ -120.15748761899998, 46.482535730000095 ], [ -120.157817644999923, 46.482924746000045 ], [ -120.158162235999924, 46.483131117000063 ], [ -120.158313499000016, 46.483221707000013 ], [ -120.159305511999932, 46.483610727000048 ], [ -120.159570629999934, 46.483907679000012 ], [ -120.159569407, 46.484341719000042 ], [ -120.159527835999938, 46.484410760000074 ], [ -120.159404430999942, 46.484615709000067 ], [ -120.158275521999983, 46.485444781000098 ], [ -120.157352417999988, 46.486122683000055 ], [ -120.156678906999943, 46.486530546000047 ], [ -120.155466367999978, 46.487264805000052 ], [ -120.155164492999958, 46.487371593 ], [ -120.154242306999961, 46.487697806 ], [ -120.154241949999928, 46.488142076000074 ], [ -120.154241445999972, 46.488771817000043 ], [ -120.154096952, 46.488960232000089 ], [ -120.153421576999989, 46.489840880000031 ], [ -120.15305040600002, 46.490324852000107 ], [ -120.152850133999962, 46.490745432 ], [ -120.152648299999967, 46.491169317000079 ], [ -120.152633886000018, 46.491199588 ], [ -120.15247947999994, 46.491523798000102 ], [ -120.15246135299995, 46.491561866000055 ], [ -120.152321505000018, 46.491855801000035 ], [ -120.152116803999945, 46.492065264000047 ], [ -120.15122791899995, 46.492974811000074 ], [ -120.150269099999932, 46.493659836000091 ], [ -120.14921018299998, 46.494161845000058 ], [ -120.148424501999983, 46.494823394 ], [ -120.148315897999964, 46.494914838000099 ], [ -120.147678388999978, 46.495221799 ], [ -120.146934749, 46.495579853000059 ], [ -120.146594876999941, 46.495713856000044 ], [ -120.146264173999938, 46.496193837000057 ], [ -120.146064704999958, 46.496718871000063 ], [ -120.146083811000025, 46.497597901000056 ], [ -120.146096749999941, 46.498203889000102 ], [ -120.146248645999989, 46.499000496000107 ], [ -120.146412126000016, 46.499857831000078 ], [ -120.145994547000015, 46.500650315000016 ], [ -120.145553887999966, 46.501486573000108 ], [ -120.145090642999918, 46.502365664000102 ], [ -120.145074211999983, 46.502396844000017 ], [ -120.144866454999928, 46.502802669000019 ], [ -120.144486922999974, 46.503544012000077 ], [ -120.144495796678839, 46.503547110260705 ], [ -120.144486957999973, 46.503544013000074 ], [ -120.144866489999927, 46.502802669000019 ], [ -120.145090678, 46.502365664000102 ], [ -120.145553922999966, 46.501486573000108 ], [ -120.145994581999929, 46.500650315000016 ], [ -120.14641216099993, 46.499857831000078 ], [ -120.146248680999989, 46.499000497000019 ], [ -120.146096784999941, 46.498203889000102 ], [ -120.146083845999939, 46.497597901000056 ], [ -120.146064739999957, 46.496718871000063 ], [ -120.146264208999938, 46.496193837000057 ], [ -120.146594911999941, 46.495713856000044 ], [ -120.146934785, 46.495579853000059 ], [ -120.147678424999981, 46.495221799 ], [ -120.148315933999967, 46.494914838000099 ], [ -120.148424536999983, 46.494823394 ], [ -120.149210217999979, 46.494161845000058 ], [ -120.150269135999935, 46.493659836000091 ], [ -120.151227954999953, 46.492974811000074 ], [ -120.152116839999948, 46.492065265000051 ], [ -120.152321539999932, 46.491855801000035 ], [ -120.152461388999953, 46.491561866000055 ], [ -120.152479514999939, 46.491523798000102 ], [ -120.152633894999923, 46.491199588 ], [ -120.152850168999962, 46.490745433 ], [ -120.153050442000023, 46.490324852000107 ], [ -120.153421612, 46.48984088100012 ], [ -120.154096986999917, 46.488960232000089 ], [ -120.154241480999971, 46.488771817000043 ], [ -120.154241984999928, 46.488142076000074 ], [ -120.154242341999961, 46.487697806 ], [ -120.155164527999972, 46.487371593 ], [ -120.155466403, 46.487264805000052 ], [ -120.156678941999942, 46.486530546000047 ], [ -120.157352454, 46.486122683000055 ], [ -120.158275556999982, 46.485444781000098 ], [ -120.159404465999955, 46.484615709000067 ], [ -120.159527870999952, 46.484410760000074 ], [ -120.159569441999921, 46.484341719000042 ], [ -120.159570665000018, 46.483907679000012 ], [ -120.159305547999935, 46.483610727000048 ], [ -120.15831353399993, 46.483221707000013 ], [ -120.158162271000023, 46.483131118000067 ], [ -120.157817680000022, 46.482924747000041 ], [ -120.157487653999979, 46.482535730000095 ], [ -120.157406311, 46.482292612000052 ], [ -120.157388291999936, 46.48223875700004 ], [ -120.157388697999963, 46.481621754000059 ], [ -120.157450377, 46.48150416 ], [ -120.158086027999929, 46.480292211000098 ], [ -120.158382588999956, 46.47972676100003 ], [ -120.158572713999959, 46.479289462000082 ], [ -120.158978668999978, 46.478355711000098 ], [ -120.159793316999966, 46.477094656000119 ], [ -120.159852933999929, 46.477002367000033 ], [ -120.160070400999984, 46.476665720000064 ], [ -120.159909399999989, 46.47654552500007 ], [ -120.167184559999924, 46.4765287110001 ], [ -120.167420345999986, 46.476528146000049 ], [ -120.176904622, 46.476555379000082 ], [ -120.176976396, 46.476555582000103 ], [ -120.188249397999968, 46.476547414000045 ], [ -120.19540238699993, 46.476507421000022 ], [ -120.209250165999947, 46.476464430000107 ], [ -120.219779601999946, 46.476411662 ], [ -120.250950592999942, 46.476483912000035 ], [ -120.219707827999954, 46.476411486000082 ], [ -120.209178391999956, 46.476464247000095 ], [ -120.195330612999939, 46.47650723000001 ], [ -120.188177623999977, 46.476547218000029 ], [ -120.188314437999935, 46.469630045000045 ], [ -120.188141742999946, 46.462789917000038 ], [ -120.18835179699991, 46.456069944000021 ], [ -120.188666099999978, 46.451840891000053 ], [ -120.188677948999981, 46.451242515000011 ], [ -120.188657655, 46.448543405000066 ], [ -120.188828654999938, 46.447690434 ], [ -120.188857416999909, 46.447690512000108 ], [ -120.188716003999943, 46.437629164000029 ], [ -120.188738434999934, 46.433438725000052 ], [ -120.188783329, 46.425571927000099 ], [ -120.188754037999956, 46.422476611000036 ], [ -120.188729833999957, 46.419918624000047 ], [ -120.18867056, 46.418666965000057 ], [ -120.18867679899995, 46.41861599300006 ], [ -120.188625858999956, 46.413907486000028 ], [ -120.188740865999989, 46.404086999000072 ], [ -120.188680265999949, 46.401073174000032 ], [ -120.188754401999972, 46.394938250000052 ], [ -120.188745037, 46.389717981000047 ], [ -120.192673064999951, 46.389688362000072 ], [ -120.191161415999943, 46.388769388000071 ], [ -120.190386137999951, 46.388336749000075 ], [ -120.190038858999969, 46.387905270000033 ], [ -120.190079329999946, 46.387582479000059 ], [ -120.190703016999976, 46.387315088000037 ], [ -120.191910976999964, 46.386914732000037 ], [ -120.192769619999979, 46.386351971000067 ], [ -120.193473919999974, 46.385573522000072 ], [ -120.193828606999944, 46.384686495000039 ], [ -120.19375325599998, 46.384255756000073 ], [ -120.193249236999975, 46.384039134000034 ], [ -120.192471584999964, 46.384037038000031 ], [ -120.191772002, 46.38398133100003 ], [ -120.191306931999975, 46.383710987000029 ], [ -120.191232819999982, 46.383064983000054 ], [ -120.191391695, 46.382473426000047 ], [ -120.191121712999973, 46.382042159000036 ], [ -120.190307896999968, 46.381609414000081 ], [ -120.189842702999954, 46.381365973000072 ], [ -120.189072598999985, 46.380045358000075 ], [ -120.188609725999981, 46.379398289000051 ], [ -120.188651426999968, 46.378860233000069 ], [ -120.195144757999969, 46.378823971000031 ], [ -120.202570678999962, 46.378789776000076 ], [ -120.204051689999972, 46.37876706600008 ], [ -120.204051822999986, 46.375179495000054 ], [ -120.203955655999948, 46.371542655000042 ], [ -120.20720879299995, 46.371528351000052 ], [ -120.21098808, 46.371469699000045 ], [ -120.212828506999983, 46.37142884800005 ], [ -120.219532113999946, 46.371445545000029 ], [ -120.222883902999968, 46.371408326000051 ], [ -120.223596629999975, 46.371385377000081 ], [ -120.223771043999989, 46.371855156000038 ], [ -120.223872123999968, 46.373019150000061 ], [ -120.223544087, 46.374231636000047 ], [ -120.222966196999948, 46.375294831000076 ], [ -120.222568947999946, 46.37608620900005 ], [ -120.223029464999968, 46.376978736000069 ], [ -120.22388510899998, 46.377599793000059 ], [ -120.225029784999947, 46.377577794000047 ], [ -120.226603231999945, 46.377680644000066 ], [ -120.227316660999975, 46.378127971000026 ], [ -120.22756411599994, 46.378660905000061 ], [ -120.227736858999947, 46.379973577000044 ], [ -120.228232290999983, 46.381039443000077 ], [ -120.229620787999977, 46.382404536000081 ], [ -120.230260648999945, 46.383223160000057 ], [ -120.231901953999966, 46.384167886000057 ], [ -120.233223641, 46.384542392000071 ], [ -120.234618009999963, 46.38474377600005 ], [ -120.235832616999971, 46.385142682000037 ], [ -120.236691998999959, 46.385045692000062 ], [ -120.236910175999981, 46.384278620000032 ], [ -120.237240002999954, 46.382645250000053 ], [ -120.237960596999983, 46.381631759000072 ], [ -120.239680514999975, 46.381066167000029 ], [ -120.241183237999962, 46.381069589000049 ], [ -120.242112112999962, 46.381344121000041 ], [ -120.243073746999983, 46.382237613000029 ], [ -120.243534998999962, 46.383055760000047 ], [ -120.243826094999974, 46.384248956000079 ], [ -120.243877388999977, 46.384401438000054 ], [ -120.243813938999949, 46.385889057000043 ], [ -120.244144501, 46.38712133100006 ], [ -120.245633786999974, 46.389406052000027 ], [ -120.246988763, 46.390982009000027 ], [ -120.247695976999978, 46.391561593000063 ], [ -120.247977625999965, 46.391781901000058 ], [ -120.248261572, 46.391907227000047 ], [ -120.248659670999984, 46.392080749000058 ], [ -120.249139068999966, 46.392168677000029 ], [ -120.24976496499994, 46.392359484000053 ], [ -120.250289671999951, 46.392545750000068 ], [ -120.251047770999946, 46.392825430000073 ], [ -120.251601670999946, 46.39307874900004 ], [ -120.251758625999969, 46.394168899000078 ], [ -120.252154626999982, 46.394694899000058 ], [ -120.252415144999986, 46.394829055000059 ], [ -120.252136163999978, 46.394759969000063 ], [ -120.25187931399995, 46.394696363000037 ], [ -120.251652547999981, 46.394640207000066 ], [ -120.251600061999966, 46.395506334000061 ], [ -120.251598081999987, 46.395505900000046 ], [ -120.251584617, 46.395846451000068 ], [ -120.250766681999949, 46.395371352000041 ], [ -120.250245661999941, 46.395348136000052 ], [ -120.249758704999977, 46.395255846000055 ], [ -120.249602558, 46.395166808000056 ], [ -120.247921352, 46.395000110000069 ], [ -120.247391966999942, 46.39495129200003 ], [ -120.246712068999955, 46.394882084000074 ], [ -120.246486778999952, 46.394854503000033 ], [ -120.246379336999951, 46.394840725000051 ], [ -120.246188741999958, 46.394809793000036 ], [ -120.246097086999953, 46.39502297100006 ], [ -120.247229188999938, 46.395411512000067 ], [ -120.246957302999988, 46.395621289000076 ], [ -120.246654305, 46.396221582000067 ], [ -120.24636589, 46.396774500000049 ], [ -120.24622917, 46.397063829000047 ], [ -120.246317108999961, 46.397317515000054 ], [ -120.245984004999968, 46.397472471000071 ], [ -120.245408794999946, 46.397466034000047 ], [ -120.244882572999984, 46.397460142000057 ], [ -120.244459842999959, 46.397901441000045 ], [ -120.244303053999943, 46.397906513000066 ], [ -120.243532486, 46.397400679000043 ], [ -120.243572465999989, 46.400807250000071 ], [ -120.243204943999956, 46.400991439000052 ], [ -120.242951603, 46.401233900000079 ], [ -120.242934059999982, 46.401276623000058 ], [ -120.242823195999961, 46.401460361000034 ], [ -120.242991381999957, 46.401835315000028 ], [ -120.243012306999958, 46.401916173000075 ], [ -120.243254782999941, 46.402298579000046 ], [ -120.243562826999948, 46.402225830000077 ], [ -120.243775204999963, 46.402160237000032 ], [ -120.24392409099994, 46.402109154000073 ], [ -120.244296118999955, 46.402021894000029 ], [ -120.244402784999977, 46.401992740000026 ], [ -120.244976953, 46.401803096000037 ], [ -120.245061782999983, 46.401781262000043 ], [ -120.245296629, 46.401465913000038 ], [ -120.245424377999939, 46.401378104000059 ], [ -120.245520280999983, 46.40131953100007 ], [ -120.245637691999946, 46.401217045000067 ], [ -120.245754864, 46.401165889000026 ], [ -120.245871608999948, 46.401099991000081 ], [ -120.246063067999955, 46.401056371000038 ], [ -120.246329052999954, 46.400968868000064 ], [ -120.246848909, 46.400947999000039 ], [ -120.24741169899994, 46.400963902000058 ], [ -120.247910608999973, 46.400972376000027 ], [ -120.248398211999984, 46.401068917000032 ], [ -120.249204836, 46.401180814000043 ], [ -120.249257818, 46.401188300000058 ], [ -120.249788742999954, 46.401130679000062 ], [ -120.250097030999939, 46.401109331000043 ], [ -120.250309094999977, 46.401109796000071 ], [ -120.250489379999976, 46.401124930000037 ], [ -120.250637921999953, 46.401147279000043 ], [ -120.250871620999987, 46.401184468000054 ], [ -120.251009127999964, 46.401236186000062 ], [ -120.251147164999963, 46.40128062000008 ], [ -120.251189046999968, 46.401332043000025 ], [ -120.251220984999975, 46.401390899000035 ], [ -120.251273565999952, 46.401486479000027 ], [ -120.251294435999966, 46.401581990000068 ], [ -120.251239819999967, 46.401824217000069 ], [ -120.251197134, 46.401948982000079 ], [ -120.251196865999987, 46.402007768000033 ], [ -120.251153952999971, 46.402073746000042 ], [ -120.25098346599998, 46.402190862000054 ], [ -120.250845418999972, 46.402256717000057 ], [ -120.250781299999971, 46.402300625000066 ], [ -120.249856128999966, 46.402643780000062 ], [ -120.249409277999973, 46.402841098000067 ], [ -120.24879266, 46.403104112000051 ], [ -120.24826040499994, 46.403338 ], [ -120.247781829999951, 46.403535242000032 ], [ -120.247536495999952, 46.403762305000043 ], [ -120.247461083999951, 46.403997201000038 ], [ -120.247386314999972, 46.404092500000047 ], [ -120.247216138999988, 46.404246375000071 ], [ -120.247098723999954, 46.404348863000052 ], [ -120.246939052999949, 46.404480737000029 ], [ -120.246704456999964, 46.40463446800004 ], [ -120.246533952, 46.40475157700007 ], [ -120.246385419999967, 46.404832058000068 ], [ -120.246209294999971, 46.405091923000043 ], [ -120.246210809, 46.405405571000074 ], [ -120.246348034, 46.405626113000039 ], [ -120.246587451999972, 46.40582194600006 ], [ -120.247057934999987, 46.405986069000051 ], [ -120.247331095999982, 46.406065600000034 ], [ -120.247549693999986, 46.406157521000068 ], [ -120.247693151999954, 46.40631774600007 ], [ -120.247782404999953, 46.406519499000069 ], [ -120.247763090999968, 46.406731381000043 ], [ -120.247699188999945, 46.406941023000059 ], [ -120.247629771999982, 46.407057243000054 ], [ -120.247511754999948, 46.407181583000067 ], [ -120.247207208999953, 46.407457190000059 ], [ -120.246899755999948, 46.407718307000039 ], [ -120.246697539999957, 46.407939124000052 ], [ -120.246710100999962, 46.408435671000063 ], [ -120.246970432999944, 46.40871981500004 ], [ -120.247231007999972, 46.408844993000059 ], [ -120.247491968999952, 46.408887134000054 ], [ -120.247789267999963, 46.408894048000036 ], [ -120.248092926999959, 46.408811594000042 ], [ -120.248441455999966, 46.408648881000033 ], [ -120.248460113999954, 46.408640170000069 ], [ -120.24844645099995, 46.408772821000071 ], [ -120.248448394999969, 46.40951758500006 ], [ -120.248449808999965, 46.410059669000077 ], [ -120.248450371, 46.410275155000079 ], [ -120.249023304, 46.410267941000029 ], [ -120.249025267999968, 46.41101761200008 ], [ -120.251405172999966, 46.410987644000045 ], [ -120.251523414999951, 46.41098809500005 ], [ -120.25204111, 46.410990076000076 ], [ -120.252734618999966, 46.410990631000061 ], [ -120.252930248999974, 46.410993476000044 ], [ -120.254486705999966, 46.410999402000073 ], [ -120.254800512999964, 46.410619219000068 ], [ -120.255260277, 46.410757062000073 ], [ -120.255272653999953, 46.410759745000064 ], [ -120.255389592999961, 46.410652705000075 ], [ -120.255454207999946, 46.410609911000051 ], [ -120.25567184099998, 46.410481663000041 ], [ -120.255922895999959, 46.410415101000069 ], [ -120.256336671999975, 46.410419585000056 ], [ -120.256670161999978, 46.410425696000061 ], [ -120.256974946999946, 46.410422747000041 ], [ -120.257438277999938, 46.410316443000056 ], [ -120.257759360999955, 46.410214377000045 ], [ -120.257922555999983, 46.410068099000057 ], [ -120.258135351999954, 46.409911213000044 ], [ -120.258378965999952, 46.40973288400005 ], [ -120.258793651999952, 46.409530835000055 ], [ -120.259227359999954, 46.409397210000066 ], [ -120.259564928999964, 46.409262952000063 ], [ -120.259740422, 46.409247725000057 ], [ -120.259920873999988, 46.409232080000038 ], [ -120.260041339999987, 46.409221622000075 ], [ -120.260225683999977, 46.409222010000065 ], [ -120.260661272999982, 46.409222925000051 ], [ -120.261173671, 46.409224257000062 ], [ -120.261683093999977, 46.409225751000065 ], [ -120.261955646, 46.409226492000073 ], [ -120.261954587999981, 46.409469007000041 ], [ -120.261953847999962, 46.409638682000036 ], [ -120.261952657, 46.40991161900007 ], [ -120.26195009199995, 46.410158845000069 ], [ -120.261944765999942, 46.410470936000081 ], [ -120.261937644999989, 46.410740004000047 ], [ -120.261929954999971, 46.411025782000081 ], [ -120.262181837999947, 46.410995200000059 ], [ -120.262327892999963, 46.411140673000034 ], [ -120.262330309999982, 46.411141189000034 ], [ -120.262211440999977, 46.411223207000035 ], [ -120.26221179199996, 46.411610551000081 ], [ -120.262667717999989, 46.411611501000039 ], [ -120.264667647999943, 46.41161564600003 ], [ -120.264667791999955, 46.411426020000079 ], [ -120.264014036, 46.411424669000041 ], [ -120.264015365999967, 46.411117266000076 ], [ -120.264337042999955, 46.41111776300005 ], [ -120.264665606999984, 46.411117499000056 ], [ -120.264982799999984, 46.411111383000048 ], [ -120.265274690999945, 46.411111470000037 ], [ -120.265879778999988, 46.411112714000069 ], [ -120.266463078999948, 46.411109968000062 ], [ -120.266870442999959, 46.411108831000035 ], [ -120.267276318999961, 46.411108374000037 ], [ -120.267276194999965, 46.41113733800006 ], [ -120.267502665999984, 46.411138486000027 ], [ -120.267794056999946, 46.41114002300003 ], [ -120.268281203999948, 46.411140157000034 ], [ -120.268861516999948, 46.41114056300006 ], [ -120.269299597999975, 46.411141450000059 ], [ -120.269630142999972, 46.411142118000043 ], [ -120.269940368, 46.411142744000074 ], [ -120.269946373999971, 46.411951292000026 ], [ -120.27169026699994, 46.411963537000076 ], [ -120.271690299999989, 46.411955535000061 ], [ -120.271699676999958, 46.411964927000042 ], [ -120.27170255599998, 46.412342849000026 ], [ -120.271703270999978, 46.412630465000063 ], [ -120.271704033, 46.412937234000026 ], [ -120.271463350999966, 46.412936218000027 ], [ -120.271461636999959, 46.413349068000059 ], [ -120.272333872, 46.41334727900005 ], [ -120.272345186999985, 46.413345481000079 ], [ -120.272376833999942, 46.413343575000056 ], [ -120.272375495999938, 46.414258112000027 ], [ -120.272375723999971, 46.414322298000059 ], [ -120.272375891999957, 46.414400795000063 ], [ -120.272376551999969, 46.414480065000078 ], [ -120.272376418999954, 46.414511943000036 ], [ -120.272377010999946, 46.414607666000052 ], [ -120.272377544999983, 46.414717271000029 ], [ -120.272377338999945, 46.414766631000077 ], [ -120.27246209599997, 46.414764486000081 ], [ -120.272461766, 46.41484366800006 ], [ -120.272461666999959, 46.414867320000042 ], [ -120.272463615999982, 46.41487529300008 ], [ -120.272462204999954, 46.414975897000033 ], [ -120.272460746999968, 46.415087898000081 ], [ -120.272460613999954, 46.41511977600004 ], [ -120.272459211999944, 46.415218237000033 ], [ -120.272458490999952, 46.415272223000045 ], [ -120.272457674999941, 46.415349090000063 ], [ -120.272456941999963, 46.415406076000068 ], [ -120.272455646999958, 46.415478914000062 ], [ -120.272454940999978, 46.415529388000039 ], [ -120.272454116999938, 46.415608140000074 ], [ -120.272453456, 46.415647815000057 ], [ -120.272452574999988, 46.41574010800008 ], [ -120.272451906999947, 46.415781411000069 ], [ -120.272450543, 46.415870703000053 ], [ -120.272449785999981, 46.415933344000052 ], [ -120.272449005999988, 46.416001556000026 ], [ -120.272448244999964, 46.416065312000057 ], [ -120.272446970999965, 46.416133009000077 ], [ -120.272446198999944, 46.416199421000044 ], [ -120.272445442, 46.416261976000044 ], [ -120.272444706999977, 46.416319477000059 ], [ -120.272443926999983, 46.416387432000079 ], [ -120.272443181999961, 46.416447417000029 ], [ -120.272441901999969, 46.416516656000056 ], [ -120.272441686999969, 46.416567987000064 ], [ -120.272440375999963, 46.416644853000037 ], [ -120.272439600999974, 46.416711608000071 ], [ -120.27243886399998, 46.416769536000061 ], [ -120.272438127999976, 46.416827294000029 ], [ -120.272437345999947, 46.41689576300007 ], [ -120.272436089999985, 46.416959260000056 ], [ -120.272435344999963, 46.417019074000052 ], [ -120.272435257999973, 46.417039898000041 ], [ -120.272434482, 46.41710716700004 ], [ -120.272433821, 46.417146842000079 ], [ -120.272403090999944, 46.417147038000053 ], [ -120.272332711, 46.417147412000077 ], [ -120.272315858999946, 46.417147463000049 ], [ -120.272315508999952, 46.417231445000027 ], [ -120.272315216999971, 46.417301457000065 ], [ -120.272314966999943, 46.417361272000051 ], [ -120.272314737999977, 46.417416116000027 ], [ -120.27231444399996, 46.417486471000075 ], [ -120.272314046999952, 46.417581678000033 ], [ -120.27231365199998, 46.417676371000027 ], [ -120.272313262999944, 46.417769434000036 ], [ -120.272313022, 46.417827193000051 ], [ -120.272312718999956, 46.41789977600007 ], [ -120.272312449999959, 46.417964303000076 ], [ -120.272293064999985, 46.417977633000078 ], [ -120.272237892999954, 46.418015143000048 ], [ -120.272176755999965, 46.418056669000066 ], [ -120.272098224, 46.418109986000047 ], [ -120.272053983999967, 46.418140233000031 ], [ -120.27211594299996, 46.418139586000052 ], [ -120.2722121, 46.418138579000072 ], [ -120.272306274999949, 46.418137567000031 ], [ -120.272415318999947, 46.41813641300007 ], [ -120.272479258999965, 46.418135770000049 ], [ -120.272558563999951, 46.418134900000041 ], [ -120.272612094999943, 46.418134321000025 ], [ -120.272696738999969, 46.418142792000026 ], [ -120.272873861999983, 46.418160517000047 ], [ -120.273038695999958, 46.418177011000068 ], [ -120.273082173999967, 46.418177039000057 ], [ -120.273505184999976, 46.418177298000046 ], [ -120.273923500999956, 46.418177553000078 ], [ -120.274314075999939, 46.418177790000072 ], [ -120.274867187999973, 46.418178123000075 ], [ -120.275569440999959, 46.418178541000032 ], [ -120.275585381999974, 46.418130961000031 ], [ -120.275607412999989, 46.418065210000066 ], [ -120.275613299999975, 46.418047640000054 ], [ -120.275629079999987, 46.418015787000058 ], [ -120.275646208999945, 46.417981212000029 ], [ -120.275672137999948, 46.41792887400004 ], [ -120.275688069999944, 46.417896713000061 ], [ -120.275700189999952, 46.417872252000052 ], [ -120.275712258999988, 46.41784788800004 ], [ -120.275742359999981, 46.417803573000072 ], [ -120.275820727999985, 46.417688200000043 ], [ -120.275879165, 46.417602169000077 ], [ -120.27590188299996, 46.417539753000028 ], [ -120.275930733999985, 46.41746048400006 ], [ -120.27595778999995, 46.417386151000073 ], [ -120.27598265499995, 46.417317835000063 ], [ -120.276007787999959, 46.417248783000048 ], [ -120.276032098999963, 46.417181993000042 ], [ -120.276059194999959, 46.417107544000032 ], [ -120.276078601999984, 46.417062025000064 ], [ -120.276108784999963, 46.416991232000044 ], [ -120.276146475999951, 46.416902832000062 ], [ -120.276177181999969, 46.416830807000053 ], [ -120.276205213999958, 46.416765062000081 ], [ -120.276241987, 46.416678810000064 ], [ -120.276297996999972, 46.416597126000056 ], [ -120.276386947, 46.416453320000073 ], [ -120.276482312999974, 46.416312276000042 ], [ -120.276660142999958, 46.416056824000066 ], [ -120.276847860999965, 46.415791973000069 ], [ -120.276937378999946, 46.415668980000078 ], [ -120.276978246999988, 46.41563450600006 ], [ -120.27710809499996, 46.415436790000058 ], [ -120.277193048999948, 46.415307433000066 ], [ -120.277234907999969, 46.415093168000055 ], [ -120.277273641999955, 46.414894900000036 ], [ -120.277303072999985, 46.414744250000069 ], [ -120.277043917999947, 46.414743618000045 ], [ -120.277043311999989, 46.414559982000071 ], [ -120.277045976999943, 46.411603759000059 ], [ -120.277049767999983, 46.411161066000034 ], [ -120.276918633999969, 46.410993018000056 ], [ -120.276923093, 46.409902297000031 ], [ -120.276925304999963, 46.409240219000026 ], [ -120.276921820999974, 46.40839304800005 ], [ -120.276922856999988, 46.408393983000053 ], [ -120.277212854999959, 46.408524698000065 ], [ -120.278215560999968, 46.408976649000067 ], [ -120.279137376, 46.409392124000078 ], [ -120.279498001999968, 46.409554660000026 ], [ -120.279473414999984, 46.409361019000073 ], [ -120.279473453999969, 46.409361037000053 ], [ -120.279403182999943, 46.408846557000061 ], [ -120.279191435999962, 46.408515278000039 ], [ -120.279529327999967, 46.40792009200004 ], [ -120.279358896999952, 46.407421188000058 ], [ -120.279003088999957, 46.406812062000029 ], [ -120.279067544999975, 46.40655818700003 ], [ -120.279693331999965, 46.406575080000039 ], [ -120.28031905499995, 46.406607737000058 ], [ -120.281664617999979, 46.406682391000061 ], [ -120.281893057, 46.407054746000028 ], [ -120.28199295099995, 46.407229670000049 ], [ -120.28223605, 46.407654412000056 ], [ -120.282461933999969, 46.408048012000052 ], [ -120.282888237999941, 46.408387321000077 ], [ -120.283154578999984, 46.408578071000079 ], [ -120.283214338999983, 46.408629088000055 ], [ -120.283980577999955, 46.408974095000076 ], [ -120.285900258999959, 46.409440197000038 ], [ -120.285791916, 46.40970763100006 ], [ -120.285968471, 46.410140537000075 ], [ -120.286187053, 46.410470537000037 ], [ -120.286360465999962, 46.410803085000055 ], [ -120.286519885999951, 46.411101805000044 ], [ -120.286776527999962, 46.411244967000073 ], [ -120.287036067999964, 46.411407588000031 ], [ -120.287420230999942, 46.411511053000027 ], [ -120.287821740999959, 46.411614292000081 ], [ -120.288242065999953, 46.41172219300006 ], [ -120.288821083999949, 46.41180262000006 ], [ -120.289148110999975, 46.411902350000048 ], [ -120.290198323999959, 46.412144269000066 ], [ -120.290885940999942, 46.412161144000038 ], [ -120.291663706999941, 46.412180227000079 ], [ -120.291676226999982, 46.412271778000047 ], [ -120.29171999, 46.412327489000063 ], [ -120.292035952999981, 46.412721548000036 ], [ -120.292220570999973, 46.412958610000032 ], [ -120.29246471, 46.413525424000056 ], [ -120.292718621999938, 46.413882650000062 ], [ -120.292825833, 46.41400399500003 ], [ -120.293305399999952, 46.41446267300006 ], [ -120.293391290999978, 46.414553323000064 ], [ -120.293433994999987, 46.414662576000069 ], [ -120.293187799999941, 46.429272969000067 ], [ -120.293173875999955, 46.43294468800012 ], [ -120.294461232999979, 46.432947015000046 ], [ -120.295423558000024, 46.433006117000055 ], [ -120.295837761000016, 46.43319044900003 ], [ -120.296053031999975, 46.433317052000021 ], [ -120.296234898999913, 46.43350096700005 ], [ -120.296449356999986, 46.433845582000053 ], [ -120.29671386499993, 46.434121440000055 ], [ -120.296978929000019, 46.434248130000057 ], [ -120.297360337999962, 46.434329128000094 ], [ -120.297742087999922, 46.434318332 ], [ -120.298157368, 46.434215797000043 ], [ -120.298556391999981, 46.434021438000038 ], [ -120.29900570700002, 46.433689473000108 ], [ -120.299271829999924, 46.4335293 ], [ -120.299770924000015, 46.43319742000007 ], [ -120.300219552, 46.433049039000053 ], [ -120.300551464999941, 46.433049620000098 ], [ -120.300766997000011, 46.43310736800008 ], [ -120.301429441999929, 46.433487179000068 ], [ -120.302554295, 46.434498877000109 ], [ -120.303611978000035, 46.435739937000029 ], [ -120.303859645, 46.436096069 ], [ -120.303975160999968, 46.436279858000027 ], [ -120.304040638999979, 46.436532407000051 ], [ -120.303990065999969, 46.436750333000056 ], [ -120.303889702, 46.43696817400005 ], [ -120.30378975, 46.43707127100005 ], [ -120.303656646, 46.437162838000077 ], [ -120.303440100000017, 46.437380479000055 ], [ -120.303289816999936, 46.437632656000048 ], [ -120.303222517999956, 46.437884976000056 ], [ -120.303387372000017, 46.438195069000045 ], [ -120.303618905999897, 46.438424956000055 ], [ -120.303834298999959, 46.438528595000015 ], [ -120.304248940999983, 46.438609628000059 ], [ -120.30506163299998, 46.438771661000054 ], [ -120.306023503, 46.438991314000113 ], [ -120.306919071999928, 46.439187897000032 ], [ -120.30744986599997, 46.439280590000067 ], [ -120.307914594999957, 46.439281373000043 ], [ -120.308329774999947, 46.439213225000088 ], [ -120.308562662999933, 46.439064449000035 ], [ -120.308778871999976, 46.43893859300001 ], [ -120.309178373999899, 46.438606505000067 ], [ -120.309494923999978, 46.438262802000054 ], [ -120.309728165999914, 46.438010755000072 ], [ -120.309945007999914, 46.437701308000044 ], [ -120.31022791599996, 46.437483766000078 ], [ -120.310460870999961, 46.43731203800008 ], [ -120.310693506999939, 46.437232103000035 ], [ -120.310959095999976, 46.43722106900001 ], [ -120.311324186999983, 46.437233148000033 ], [ -120.311539509999946, 46.437359722000025 ], [ -120.311638972999916, 46.437394310000045 ], [ -120.311705003999961, 46.437497688000072 ], [ -120.311786997999917, 46.437784683000103 ], [ -120.311835837999951, 46.438060148000069 ], [ -120.311967903999957, 46.438266905000035 ], [ -120.312166555999966, 46.438416399000062 ], [ -120.312547937, 46.438520295000039 ], [ -120.313029296999943, 46.438509612000047 ], [ -120.313494372999955, 46.438407103 ], [ -120.313909733999949, 46.438281563 ], [ -120.314142368999924, 46.438201621000054 ], [ -120.314391364999921, 46.438190552000023 ], [ -120.314706554999987, 46.438236963000044 ], [ -120.315004720999966, 46.438409562000025 ], [ -120.31515339500001, 46.438616342000081 ], [ -120.315185578999916, 46.438914728000078 ], [ -120.315035112, 46.439235766000088 ], [ -120.314667199000013, 46.440049851000033 ], [ -120.31434957699993, 46.440714847999985 ], [ -120.314065416999952, 46.441299579000052 ], [ -120.31381499499993, 46.441723722000063 ], [ -120.313714111999928, 46.442102211000112 ], [ -120.31371305299993, 46.442412018 ], [ -120.313894148, 46.442848340000033 ], [ -120.314159099999983, 46.443032362000068 ], [ -120.314789847999947, 46.443033387000064 ], [ -120.315387941999958, 46.44287371500009 ], [ -120.315852972999977, 46.442794146000075 ], [ -120.316400996999931, 46.442714708999986 ], [ -120.316782763, 46.442715322000041 ], [ -120.31724679200002, 46.442934080000022 ], [ -120.317412008999924, 46.443163831000021 ], [ -120.317444284999922, 46.443439268000077 ], [ -120.31734342399993, 46.443817761000041 ], [ -120.317209785999978, 46.444069983000034 ], [ -120.317191956000016, 46.44443713400004 ], [ -120.317373660999948, 46.444701335000047 ], [ -120.317655155999972, 46.444908324000032 ], [ -120.318202546999956, 46.445023941 ], [ -120.318700523999951, 46.445024734000071 ], [ -120.319231889999955, 46.444968205000102 ], [ -120.319696934999968, 46.44488862 ], [ -120.320061964999979, 46.444935094000115 ], [ -120.32042654299994, 46.445119258000076 ], [ -120.320724348999988, 46.445418060000108 ], [ -120.321055695999959, 46.445613644000041 ], [ -120.321337434, 46.445751778 ], [ -120.321768831999989, 46.445809825000019 ], [ -120.322150881999974, 46.44573010100008 ], [ -120.322582991999937, 46.445570132000078 ], [ -120.323098428999955, 46.445307022000073 ], [ -120.323564212999941, 46.444997935000075 ], [ -120.323996607999931, 46.444746167000027 ], [ -120.324229808999945, 46.444494090000042 ], [ -120.324479535, 46.444264987000096 ], [ -120.325028222999933, 46.443978971000057 ], [ -120.325543632999938, 46.443715850000046 ], [ -120.325926175999967, 46.443475472000053 ], [ -120.326358730999971, 46.44316632300005 ], [ -120.32677398899996, 46.443075160000056 ], [ -120.327305218999939, 46.443053016000093 ], [ -120.327537272999962, 46.443156636000047 ], [ -120.32778541899998, 46.443420921000069 ], [ -120.327784512999983, 46.443707779000086 ], [ -120.327849930999989, 46.444017686000059 ], [ -120.327832136000026, 46.444396313000034 ], [ -120.327797886999946, 46.444729018000032 ], [ -120.327863378999936, 46.445015976000057 ], [ -120.327962068999938, 46.445302984000094 ], [ -120.328076815999921, 46.445762131000066 ], [ -120.328043147999978, 46.445911248000058 ], [ -120.32800853699996, 46.446358696000047 ], [ -120.327891613999967, 46.446588007000102 ], [ -120.327674984999987, 46.446851590000058 ], [ -120.327325115999898, 46.447252664000118 ], [ -120.327191371999945, 46.447550795 ], [ -120.327157044000032, 46.447906448000033 ], [ -120.327239280999905, 46.448147534000086 ], [ -120.327404592, 46.448365797000022 ], [ -120.327570268999935, 46.448469317000061 ], [ -120.327852148, 46.448573012000026 ], [ -120.328233702999938, 46.448653907000057 ], [ -120.32856570899996, 46.448654407000014 ], [ -120.329064115, 46.448528936000024 ], [ -120.329612821999916, 46.448242898000068 ], [ -120.330244558999965, 46.447945506000067 ], [ -120.330543860999953, 46.447785310000043 ], [ -120.330893564999926, 46.447430124000057 ], [ -120.331126818999948, 46.447155084000038 ], [ -120.331459631999962, 46.446891666000091 ], [ -120.331825216999917, 46.446765987000084 ], [ -120.332223681999935, 46.446743625000096 ], [ -120.332588876999949, 46.446744161000055 ], [ -120.33287051, 46.446928164 ], [ -120.333350608, 46.447353418000013 ], [ -120.333565461999939, 46.447663539000096 ], [ -120.33381344799993, 46.447996657000033 ], [ -120.334128082999939, 46.448249550000085 ], [ -120.334260534999984, 46.448364486000095 ], [ -120.334409310999945, 46.44857124100006 ], [ -120.334425319000019, 46.448766328000033 ], [ -120.33444149999994, 46.448904044000059 ], [ -120.334440837999978, 46.449122056000071 ], [ -120.33427399699994, 46.449397198 ], [ -120.334239679999939, 46.4497643280001 ], [ -120.334239121999985, 46.44994791700001 ], [ -120.334288504999989, 46.45008568100004 ], [ -120.33445406, 46.450235088000056 ], [ -120.33476926699997, 46.450304390000021 ], [ -120.335018244999972, 46.450316225000023 ], [ -120.335155164999932, 46.450258791000067 ], [ -120.335136700999911, 46.453336508000078 ], [ -120.335088433999914, 46.45620389 ], [ -120.335042994999966, 46.458902919000124 ], [ -120.335084981999984, 46.462045593 ], [ -120.334966411999943, 46.462045861000021 ], [ -120.331554684000011, 46.462053548000036 ], [ -120.329593209999985, 46.462103253000066 ], [ -120.328270361999955, 46.462131777000117 ], [ -120.326485963999929, 46.462170230000012 ], [ -120.324563724999948, 46.462162786000107 ], [ -120.32439035999991, 46.462162113000048 ], [ -120.324493161999982, 46.473072023000086 ], [ -120.324493692999937, 46.473128433000042 ], [ -120.31398917999995, 46.473084122000017 ], [ -120.313985760999941, 46.473359195000043 ], [ -120.313983758999953, 46.473548846000014 ], [ -120.313951298999925, 46.476623488000037 ], [ -120.313977042000019, 46.476623629000045 ], [ -120.314020208999949, 46.476623865000064 ], [ -120.313971881999947, 46.478970180000047 ], [ -120.313883408, 46.483265041000045 ], [ -120.313746346999935, 46.489827113000047 ], [ -120.313600866999977, 46.49884010300007 ], [ -120.313302934000021, 46.505811472000104 ], [ -120.313290025999933, 46.506113480000046 ], [ -120.313763812999966, 46.506116247000094 ], [ -120.313766677000018, 46.506116252 ], [ -120.322654463999982, 46.50616779300001 ], [ -120.322654572, 46.50616779300001 ], [ -120.322681795999941, 46.506167949000023 ], [ -120.330353738999932, 46.506159891000067 ], [ -120.340430693999977, 46.506055811000067 ], [ -120.350527638999978, 46.506030108000076 ], [ -120.35056448200001, 46.506030012000068 ], [ -120.357444441000027, 46.506067356000045 ], [ -120.357451799000017, 46.506067396000049 ], [ -120.358574622, 46.506073356000101 ], [ -120.358617432, 46.506073632000032 ], [ -120.360111443999983, 46.50608160700007 ], [ -120.360190915999979, 46.50606456 ], [ -120.361027868999955, 46.505885030000059 ], [ -120.361050632999977, 46.505883748000045 ], [ -120.361090044999955, 46.505881531000036 ], [ -120.361107787, 46.505880532000042 ], [ -120.361108373999954, 46.505880500000039 ], [ -120.361715029999971, 46.50584635900006 ], [ -120.361728592999938, 46.505849724000072 ], [ -120.361875298, 46.505886122000064 ], [ -120.361922019999952, 46.505897713000046 ], [ -120.362105759999963, 46.505943299000087 ], [ -120.362346926000029, 46.506003131000064 ], [ -120.362515769999959, 46.506045021000062 ], [ -120.362596423999975, 46.50604770000011 ], [ -120.363148107999976, 46.506066026000028 ], [ -120.36387412899991, 46.506090137000065 ], [ -120.363924331999982, 46.506089505000013 ], [ -120.363986251999947, 46.50608828700009 ], [ -120.365789574999951, 46.506052798000084 ], [ -120.365789913999976, 46.506052792000084 ], [ -120.366996450999977, 46.506030530000018 ], [ -120.367518857000036, 46.506023393000049 ], [ -120.368850465999984, 46.506008510000065 ], [ -120.368851989999939, 46.506008492000063 ], [ -120.369401761999953, 46.506001020000063 ], [ -120.372706780999934, 46.505961674 ], [ -120.373065028, 46.505958339000088 ], [ -120.37514387399996, 46.505940428000024 ], [ -120.375146737999941, 46.505940404000022 ], [ -120.381195268999988, 46.505888075000044 ], [ -120.386062061999979, 46.505853900000062 ], [ -120.386118959999976, 46.505853499000025 ], [ -120.391271599999982, 46.506016711000029 ], [ -120.396071756999959, 46.506092861000113 ], [ -120.396080406999957, 46.506092998000035 ], [ -120.396645197999973, 46.506092352000074 ], [ -120.39664806199994, 46.506092353000071 ], [ -120.400941005999954, 46.506087375000014 ], [ -120.416963124999938, 46.506067301000044 ], [ -120.416964435999958, 46.506178256000076 ], [ -120.416964687999979, 46.506199534000061 ], [ -120.416973474, 46.50694235400006 ], [ -120.416984849999963, 46.507904184000061 ], [ -120.416997901999977, 46.509007727000061 ], [ -120.417005460999974, 46.50964679200009 ], [ -120.417019524999901, 46.510835813000064 ], [ -120.417032616, 46.511942407000049 ], [ -120.417034369999968, 46.512090736000069 ], [ -120.417052217000034, 46.5135993210001 ], [ -120.417068193999924, 46.514863912000102 ], [ -120.417068194999928, 46.514864006000025 ], [ -120.41706819700002, 46.514864165000034 ], [ -120.417079101999946, 46.515516194000071 ], [ -120.417096506999968, 46.51655683200002 ], [ -120.417118327999987, 46.517861471000053 ], [ -120.417131878999953, 46.518671703000038 ], [ -120.417148520999916, 46.519666607000019 ], [ -120.417164110999963, 46.520598607000039 ], [ -120.417178278999984, 46.521543957000098 ], [ -120.417191413999916, 46.522482371000116 ], [ -120.417204650999935, 46.523428077000027 ], [ -120.417211056999932, 46.523885757000059 ], [ -120.417224887999922, 46.52487388900002 ], [ -120.417234936999961, 46.525591785000088 ], [ -120.417246008, 46.526382664000067 ], [ -120.417254950999933, 46.52702151700008 ], [ -120.417266893999937, 46.527874654000058 ], [ -120.417269646999983, 46.528004185000029 ], [ -120.417285291999946, 46.528740509000023 ], [ -120.417301402999954, 46.529287540000077 ], [ -120.417307907999955, 46.529508407000051 ], [ -120.417340587, 46.530617922000019 ], [ -120.41736979300002, 46.531609476 ], [ -120.417387258999952, 46.532202447000024 ], [ -120.417407251, 46.532881159000048 ], [ -120.417445189999953, 46.534169092000035 ], [ -120.417467453999919, 46.534924853000035 ], [ -120.417539302999913, 46.534924819000032 ], [ -120.417539305, 46.53492490500004 ], [ -120.418703488999967, 46.534924356 ], [ -120.421583058999929, 46.534922948000059 ], [ -120.422157101, 46.534922659000031 ], [ -120.43326888299994, 46.534782293000056 ], [ -120.436991161, 46.534671067 ], [ -120.438009736999987, 46.534640609000057 ], [ -120.438012601999958, 46.53464052300005 ], [ -120.438084753999973, 46.534638365000049 ], [ -120.438112327999946, 46.534637541000066 ], [ -120.439676368000036, 46.534668032000106 ], [ -120.439835378999959, 46.534671133000096 ], [ -120.439835526999971, 46.534671133000096 ], [ -120.444245386999981, 46.534756983000094 ], [ -120.447344706, 46.534819553000027 ], [ -120.451533322, 46.534840416000065 ], [ -120.451574054, 46.534840618 ], [ -120.454805076999904, 46.534822746000025 ], [ -120.456615606999961, 46.534817116000092 ], [ -120.45910724499997, 46.534809320000072 ], [ -120.459111233999948, 46.534809308000071 ], [ -120.459116378000019, 46.534809475 ], [ -120.459137966999933, 46.534809842000115 ], [ -120.459185201999944, 46.534810642 ], [ -120.459224138999957, 46.534811302000058 ], [ -120.459263495999934, 46.534811969000025 ], [ -120.459305577999956, 46.53481268200008 ], [ -120.459339745999941, 46.534813262000043 ], [ -120.459371435999984, 46.534813799000084 ], [ -120.459406959, 46.534814402000045 ], [ -120.459451469999948, 46.534815156000022 ], [ -120.459499453, 46.534815969000086 ], [ -120.459534631999986, 46.534816566000046 ], [ -120.459568430999937, 46.534817138000093 ], [ -120.459606712, 46.534817787000058 ], [ -120.459639082999928, 46.534818335000104 ], [ -120.459680474999971, 46.534819037000076 ], [ -120.459712953999912, 46.534819588000033 ], [ -120.459753664, 46.534820278 ], [ -120.459797107999947, 46.534821014000059 ], [ -120.459838809999923, 46.534821721000029 ], [ -120.459879184999977, 46.534822404000089 ], [ -120.459924367999989, 46.534823171000063 ], [ -120.459972637999982, 46.534823988000042 ], [ -120.460005428999949, 46.534824544000088 ], [ -120.460043019999944, 46.534825182000048 ], [ -120.460088868999918, 46.534825958000027 ], [ -120.46013406900002, 46.534826724 ], [ -120.460188230999975, 46.534827642000074 ], [ -120.460240671999955, 46.534828530000063 ], [ -120.460287914999967, 46.53482933100004 ], [ -120.460326900999988, 46.534829991 ], [ -120.460360012999971, 46.534830552000052 ], [ -120.460392441, 46.534831102000098 ], [ -120.460410678999907, 46.534831410000031 ], [ -120.460468304999964, 46.534832386000026 ], [ -120.460510748000019, 46.534833106000086 ], [ -120.460557277999953, 46.534833894000059 ], [ -120.460625270999984, 46.534835046000069 ], [ -120.460682471000013, 46.53483601500006 ], [ -120.460751496999947, 46.534837184000068 ], [ -120.460792544999975, 46.534837879000037 ], [ -120.460832887000024, 46.534838563000093 ], [ -120.46088257599996, 46.534839404000074 ], [ -120.460917401999907, 46.534839995000034 ], [ -120.460959128999988, 46.534840701000093 ], [ -120.461013300999937, 46.534841619000076 ], [ -120.461090208, 46.534842921000099 ], [ -120.461131263999931, 46.534843617000064 ], [ -120.461172958, 46.534844323000037 ], [ -120.461218166999927, 46.534845088000097 ], [ -120.461265057999981, 46.534845883000074 ], [ -120.461310955999963, 46.534846659000053 ], [ -120.461356516999913, 46.534847431000024 ], [ -120.461405812999914, 46.534848266 ], [ -120.461445110999961, 46.534848931000063 ], [ -120.461478549999981, 46.534849498000021 ], [ -120.461543810999956, 46.53485060200002 ], [ -120.461579966000016, 46.534851214000071 ], [ -120.461632765999951, 46.534852108000059 ], [ -120.461672442999941, 46.534852780000023 ], [ -120.461708335999987, 46.534853388000073 ], [ -120.461763153999982, 46.534854316000065 ], [ -120.461809060999968, 46.53485509300004 ], [ -120.461856574999985, 46.534855898000018 ], [ -120.461909400999915, 46.534856792 ], [ -120.461952835999966, 46.534857527000064 ], [ -120.462012530999928, 46.534858538000059 ], [ -120.462057346, 46.534859296000029 ], [ -120.462112559999937, 46.534860231000017 ], [ -120.462149765, 46.53486086100007 ], [ -120.462198806999979, 46.534861691000053 ], [ -120.462239123999936, 46.534862373000109 ], [ -120.462300878999983, 46.534863419000018 ], [ -120.462358817999984, 46.534864399000099 ], [ -120.462403673999958, 46.534865158000073 ], [ -120.462444349999956, 46.534865847000042 ], [ -120.462470969000023, 46.534866297000079 ], [ -120.462508912999965, 46.53486693900004 ], [ -120.462550624999949, 46.534867645000098 ], [ -120.462580297, 46.534868148000051 ], [ -120.462614070999962, 46.534868719 ], [ -120.462654404, 46.534869402000069 ], [ -120.462693398999946, 46.534870061000035 ], [ -120.462732369999983, 46.53487072100009 ], [ -120.462775838999931, 46.534871456000062 ], [ -120.462825159000019, 46.534872291000042 ], [ -120.462861059999966, 46.534872898000089 ], [ -120.462893472, 46.534873447000045 ], [ -120.462935569999914, 46.534874159000019 ], [ -120.462972488999952, 46.53487478300007 ], [ -120.46300801199996, 46.534875384000031 ], [ -120.46305248999991, 46.534876137 ], [ -120.463090408999932, 46.534876778000054 ], [ -120.46314632099994, 46.534877725000044 ], [ -120.463186301999968, 46.5348784010001 ], [ -120.46325183999997, 46.534879510000017 ], [ -120.463289448999973, 46.53488014600007 ], [ -120.463338735999969, 46.534880980000047 ], [ -120.463374604, 46.534881587 ], [ -120.46341878600002, 46.534882334000073 ], [ -120.463444346, 46.534882766000109 ], [ -120.463468828999979, 46.534883181000055 ], [ -120.463521596999911, 46.534884073000036 ], [ -120.463564713000011, 46.5348848020001 ], [ -120.463599201999941, 46.534885386000056 ], [ -120.463637794999926, 46.534886039000114 ], [ -120.463680574999913, 46.534886762000085 ], [ -120.46372194099996, 46.53488746200005 ], [ -120.463763381999925, 46.534888162000108 ], [ -120.463799595, 46.53488877500007 ], [ -120.463850277999924, 46.534889632000052 ], [ -120.463896881999958, 46.534890420000032 ], [ -120.463933726, 46.53489104300008 ], [ -120.463967214, 46.534891609000042 ], [ -120.463991723, 46.534892024000072 ], [ -120.464031710999933, 46.534892700000043 ], [ -120.464066207999934, 46.534893283 ], [ -120.464109981, 46.53489402400006 ], [ -120.464146233999898, 46.534894636000026 ], [ -120.464179697, 46.534895203000069 ], [ -120.464217632999947, 46.534895844000033 ], [ -120.464252146999954, 46.534896427 ], [ -120.46429696200002, 46.534897186000059 ], [ -120.464339758, 46.53489790900003 ], [ -120.464379770999955, 46.534898585000086 ], [ -120.464437658999941, 46.534899564000078 ], [ -120.464475661999984, 46.534900207000042 ], [ -120.464502533999976, 46.53490066100008 ], [ -120.464539099999982, 46.534901279000039 ], [ -120.464569116999897, 46.534901787000081 ], [ -120.46460431899996, 46.534902381000045 ], [ -120.46463813599992, 46.534902953 ], [ -120.464674306999896, 46.534903564000054 ], [ -120.464708106000032, 46.534904136000101 ], [ -120.464748825999934, 46.534904825000069 ], [ -120.46479017599998, 46.534905524000038 ], [ -120.464828448999953, 46.534906171000088 ], [ -120.464866072999953, 46.534906807000056 ], [ -120.464902639999963, 46.534907424000018 ], [ -120.46494196299993, 46.534908089000069 ], [ -120.464979915999962, 46.534908731000037 ], [ -120.465008552999933, 46.534909214999985 ], [ -120.465048590999956, 46.534909891000041 ], [ -120.465089251999942, 46.534910578 ], [ -120.465140624999933, 46.534911447000084 ], [ -120.465179938999896, 46.534912111000047 ], [ -120.465220321999951, 46.534912793000018 ], [ -120.465258972999948, 46.534913447000072 ], [ -120.465306518999981, 46.53491425000005 ], [ -120.465343808999961, 46.53491488 ], [ -120.465376244999973, 46.534915428000055 ], [ -120.465422110999953, 46.534916203000122 ], [ -120.465445517999939, 46.534916599000063 ], [ -120.465476963999961, 46.534917130000018 ], [ -120.46550279299997, 46.534917567000058 ], [ -120.465544545999961, 46.534918272000027 ], [ -120.465597996000028, 46.534919176000102 ], [ -120.465661834999977, 46.534920254000014 ], [ -120.46573115799994, 46.534921425000022 ], [ -120.465778377999939, 46.534922223000088 ], [ -120.465816346999972, 46.534922865000048 ], [ -120.465880129000013, 46.534923942000049 ], [ -120.465910808999979, 46.534924460000092 ], [ -120.46591240199993, 46.534923295000084 ], [ -120.466006834000012, 46.534854212000056 ], [ -120.466210147999959, 46.534706240000069 ], [ -120.466213484999969, 46.53470303100007 ], [ -120.466328383999979, 46.534618971000043 ], [ -120.466723271999967, 46.534330072000031 ], [ -120.467176081999952, 46.533948503000076 ], [ -120.467218215999964, 46.533913446000021 ], [ -120.467466082999962, 46.53370721000001 ], [ -120.467660908999918, 46.53349585900002 ], [ -120.468462989000017, 46.532750980000024 ], [ -120.46919598800001, 46.532043437000013 ], [ -120.470749317999918, 46.530668894000058 ], [ -120.474983440999964, 46.528123975 ], [ -120.474973984999977, 46.5281435630001 ], [ -120.474966577999979, 46.528158902000037 ], [ -120.474943066, 46.528207599000069 ], [ -120.474910677999972, 46.528274677000113 ], [ -120.474879582999975, 46.528339078000023 ], [ -120.47484588199994, 46.528408876000114 ], [ -120.474815357, 46.528472098000108 ], [ -120.47478420999991, 46.528536606000024 ], [ -120.474753703999951, 46.528599785000011 ], [ -120.474724977999983, 46.528659279000053 ], [ -120.474696293, 46.528718688 ], [ -120.474665115, 46.528783259000093 ], [ -120.474636368999924, 46.528842796000049 ], [ -120.474607890999977, 46.528901777000044 ], [ -120.474577663999952, 46.528964377000072 ], [ -120.474546443999955, 46.529029034000089 ], [ -120.474517686999974, 46.529088592000043 ], [ -120.474486320999944, 46.529153554000089 ], [ -120.474430260999924, 46.529269673000016 ], [ -120.474410429999978, 46.529310734000042 ], [ -120.474395908999924, 46.529340798000042 ], [ -120.474389064999983, 46.529354972000057 ], [ -120.474377739999937, 46.529370414 ], [ -120.474319426, 46.529449915 ], [ -120.47427122499991, 46.529515632000027 ], [ -120.474257846999961, 46.529533869000026 ], [ -120.474226564999952, 46.529576516000091 ], [ -120.474188667999925, 46.529628184000018 ], [ -120.474163518999973, 46.529662469000101 ], [ -120.474128963999959, 46.52970958 ], [ -120.474099775999946, 46.529749374000097 ], [ -120.47407372, 46.529784896000102 ], [ -120.474033101999936, 46.529840272000065 ], [ -120.473993604999947, 46.529894121000083 ], [ -120.47396468999996, 46.529933540000059 ], [ -120.473928046999944, 46.529983496000014 ], [ -120.473902971, 46.530017683 ], [ -120.473869599999901, 46.530063180000035 ], [ -120.473841172999954, 46.530101934000044 ], [ -120.473817768999965, 46.530133840000111 ], [ -120.473789058999984, 46.530172981000064 ], [ -120.473770948, 46.53019767300006 ], [ -120.473736391999978, 46.53024478100005 ], [ -120.473701767999955, 46.530291986000051 ], [ -120.473665820999912, 46.530340992000021 ], [ -120.473627364000023, 46.530393421 ], [ -120.473599985999982, 46.530430746000071 ], [ -120.473569609999956, 46.530472156000037 ], [ -120.473541328999914, 46.530510713000027 ], [ -120.473513387000011, 46.530548805000073 ], [ -120.473486149999971, 46.530585937000033 ], [ -120.473467199999916, 46.530611772000043 ], [ -120.473441140999981, 46.530647297000051 ], [ -120.473411531999929, 46.530687663000016 ], [ -120.473381783999955, 46.530728217000082 ], [ -120.473359215999949, 46.530758984000052 ], [ -120.473336706999959, 46.530789670000019 ], [ -120.473313579, 46.530821200000048 ], [ -120.47330501, 46.530832882000041 ], [ -120.473288754999984, 46.530855042 ], [ -120.473267425999907, 46.530911939000099 ], [ -120.473233925999978, 46.531001310000121 ], [ -120.473217306999928, 46.531045643000056 ], [ -120.473192917999953, 46.531110706000021 ], [ -120.473163696999933, 46.53118866100008 ], [ -120.473144416999943, 46.531240091000072 ], [ -120.473138693999914, 46.531255359000092 ], [ -120.473123001999951, 46.531297222 ], [ -120.473097287999948, 46.531365816000083 ], [ -120.473079216999963, 46.531437813 ], [ -120.473070430999954, 46.531472817000051 ], [ -120.473049901999943, 46.531554608000071 ], [ -120.473033328999989, 46.531620614000111 ], [ -120.473020150999957, 46.531673098000013 ], [ -120.473001582000023, 46.53174709200001 ], [ -120.472982256999941, 46.531824100000073 ], [ -120.472974468999908, 46.531855136000068 ], [ -120.472967164999929, 46.531884242000075 ], [ -120.472963969999938, 46.531896972000062 ], [ -120.472942466999925, 46.531982495000122 ], [ -120.472927858999967, 46.532040685000055 ], [ -120.472914151999987, 46.532095280000043 ], [ -120.472883714999952, 46.532216514000034 ], [ -120.472871305, 46.532265944000038 ], [ -120.472860858000018, 46.532307556000021 ], [ -120.472836551999961, 46.532404367000034 ], [ -120.472825058999987, 46.532450149000091 ], [ -120.472812602999937, 46.532499761000025 ], [ -120.472806385999945, 46.532524525000028 ], [ -120.472793993999986, 46.53257388400003 ], [ -120.472780566999944, 46.532627363000103 ], [ -120.472766886999963, 46.532681847000077 ], [ -120.472755261999978, 46.532728152000089 ], [ -120.472745646999982, 46.532766450000061 ], [ -120.472738145, 46.53279632900005 ], [ -120.472727614999911, 46.532838275000053 ], [ -120.472717787, 46.532877416000098 ], [ -120.472713565, 46.532894233000064 ], [ -120.472706468999945, 46.532922496 ], [ -120.472702491999968, 46.532938340000072 ], [ -120.472695789999946, 46.532965064000066 ], [ -120.472671290999969, 46.533063216000102 ], [ -120.472648743999969, 46.533082761000031 ], [ -120.472612950000027, 46.533113791000027 ], [ -120.472576448000027, 46.533145433000065 ], [ -120.472530683999963, 46.533185106000062 ], [ -120.472467140999953, 46.533240190000093 ], [ -120.472429056, 46.533273204000068 ], [ -120.472387090999987, 46.533309583000062 ], [ -120.472356052, 46.533336489000064 ], [ -120.472340286999938, 46.53335015600004 ], [ -120.472283181, 46.533399659000054 ], [ -120.472231646999916, 46.533444332000016 ], [ -120.472186790999928, 46.533483215000039 ], [ -120.472157835999937, 46.533508316000074 ], [ -120.472132436999971, 46.533530334000027 ], [ -120.472107443999946, 46.533552 ], [ -120.472095399999915, 46.533562440000019 ], [ -120.472050707999955, 46.53360118100003 ], [ -120.471978164999896, 46.533664065000082 ], [ -120.471934552000022, 46.533701872 ], [ -120.471885199999932, 46.533744654 ], [ -120.471853863, 46.533771818000027 ], [ -120.471769817999984, 46.533844673000011 ], [ -120.471717040999962, 46.53389042200007 ], [ -120.47167573900002, 46.533926225000101 ], [ -120.471639301000025, 46.533957812000047 ], [ -120.471614874999958, 46.533978984000022 ], [ -120.471607915, 46.533985018000081 ], [ -120.471615222999986, 46.53407259100004 ], [ -120.471624835999975, 46.534187776000067 ], [ -120.471632835999927, 46.534283630000097 ], [ -120.471639200999917, 46.534359896000097 ], [ -120.471642718999945, 46.534402053000036 ], [ -120.471655474999935, 46.53455488700007 ], [ -120.471660100999969, 46.534610331000039 ], [ -120.471670590999949, 46.534736022000047 ], [ -120.471677449999973, 46.534818202000096 ], [ -120.471688866999941, 46.534955002000046 ], [ -120.471719744000012, 46.534960147000028 ], [ -120.471790076999966, 46.534971868000106 ], [ -120.47184099, 46.534980352000012 ], [ -120.471901657999965, 46.534990462000046 ], [ -120.471984927000022, 46.535004339000039 ], [ -120.47207366, 46.535019126000108 ], [ -120.472162144999942, 46.535033871000088 ], [ -120.472303069999967, 46.535057355000077 ], [ -120.472388126999988, 46.535071529000092 ], [ -120.472426298999949, 46.53507789 ], [ -120.472564445, 46.535100911000036 ], [ -120.472702124999941, 46.535123853000073 ], [ -120.4727821339999, 46.535137186000021 ], [ -120.472861269999967, 46.535150373000043 ], [ -120.47288878800002, 46.535154958000071 ], [ -120.472925371999935, 46.535179354000043 ], [ -120.473014131999903, 46.535238545000055 ], [ -120.473086955999989, 46.53528710700008 ], [ -120.473138347999978, 46.535321377000074 ], [ -120.473188695999966, 46.535354952 ], [ -120.473205086999897, 46.535445049 ], [ -120.473220687999941, 46.535530795000078 ], [ -120.473225943000031, 46.535559681000073 ], [ -120.473245432999946, 46.535666810000052 ], [ -120.473256289999966, 46.535726485000019 ], [ -120.473261145, 46.535753173 ], [ -120.473277075999988, 46.535840735000058 ], [ -120.473286076999941, 46.535890214000062 ], [ -120.47329674300002, 46.535948834000031 ], [ -120.47331092499995, 46.536026787 ], [ -120.473319297999936, 46.536072809000075 ], [ -120.473326796999928, 46.536114027000018 ], [ -120.473332776999897, 46.536146896000076 ], [ -120.473347492999963, 46.536227780000019 ], [ -120.473359271999954, 46.536292521000043 ], [ -120.473370389999985, 46.536353630000036 ], [ -120.473382701000034, 46.536421300000043 ], [ -120.473388825, 46.536454958999983 ], [ -120.473427622000017, 46.536507768 ], [ -120.473461867000012, 46.536554383000038 ], [ -120.473551365999953, 46.536676206000081 ], [ -120.473616093999979, 46.536764311000091 ], [ -120.473736706999915, 46.536928484000086 ], [ -120.473746223, 46.536941437000088 ], [ -120.473771019000012, 46.536979314000028 ], [ -120.473855772, 46.537108769999989 ], [ -120.47387407, 46.537136723000081 ], [ -120.473883498, 46.537151123000029 ], [ -120.473886787999987, 46.537156148000093 ], [ -120.473894111999982, 46.537167334000038 ], [ -120.473910507, 46.537192378000071 ], [ -120.473959731999983, 46.537267568000075 ], [ -120.473998059999957, 46.537326113000034 ], [ -120.474004664999981, 46.53733620200007 ], [ -120.474019544999962, 46.537358931 ], [ -120.474030605999985, 46.537375825000062 ], [ -120.474046096000023, 46.537399486000062 ], [ -120.474108131, 46.53749424100009 ], [ -120.474126289, 46.537521977000075 ], [ -120.474160492, 46.537574221000042 ], [ -120.47418077899998, 46.537605209000034 ], [ -120.474222468999969, 46.537668888000063 ], [ -120.474255389999939, 46.537719174000046 ], [ -120.474277899999933, 46.537753554000048 ], [ -120.474292473999981, 46.537775817000025 ], [ -120.474312678999965, 46.537806678 ], [ -120.474319988999952, 46.537817845000042 ], [ -120.474345963999966, 46.537857519000035 ], [ -120.474387243999928, 46.537920572000104 ], [ -120.47442734699996, 46.537981828000021 ], [ -120.474457213999941, 46.538027446000065 ], [ -120.474491851999957, 46.53808035300009 ], [ -120.474522998999959, 46.53812792800003 ], [ -120.474553123999968, 46.538173941000018 ], [ -120.474576548999948, 46.538209718000047 ], [ -120.474593991999981, 46.538236363000031 ], [ -120.474623644999937, 46.538281656000045 ], [ -120.474659532999979, 46.53833646900005 ], [ -120.47467877299998, 46.538365857 ], [ -120.474698412999913, 46.538395856000079 ], [ -120.474715126999968, 46.538421385000063 ], [ -120.474731782, 46.538446825000037 ], [ -120.474775686, 46.538513882000075 ], [ -120.474817506, 46.53857775900012 ], [ -120.47484786499993, 46.538624129000048 ], [ -120.474868269999931, 46.538655295000055 ], [ -120.474900876999968, 46.53870509700009 ], [ -120.474937431999976, 46.538760931000091 ], [ -120.474966605, 46.538805490000044 ], [ -120.475004041999981, 46.538862669000068 ], [ -120.475066715000011, 46.538958394000083 ], [ -120.475126131999957, 46.539049145000043 ], [ -120.475148265, 46.53908295100009 ], [ -120.475189404999952, 46.539145787000045 ], [ -120.475249904999984, 46.539238190000056 ], [ -120.475283404, 46.539289356000026 ], [ -120.475316444999976, 46.539339820000023 ], [ -120.475367610999953, 46.539417968000095 ], [ -120.475395528999954, 46.539460607000073 ], [ -120.475420142999937, 46.539498202000075 ], [ -120.475471284, 46.539576312000051 ], [ -120.475515210999987, 46.539643402000095 ], [ -120.475551391999971, 46.539698662000049 ], [ -120.475555900999979, 46.539705699000102 ], [ -120.475550251999962, 46.539711011000094 ], [ -120.475525852999979, 46.539733955000038 ], [ -120.475490008999955, 46.539767662000074 ], [ -120.475449479999966, 46.539805773000033 ], [ -120.475429983999959, 46.539824202000048 ], [ -120.475355361, 46.53989436700008 ], [ -120.475242282999972, 46.540000692 ], [ -120.475140558, 46.540096339000094 ], [ -120.47506740599998, 46.540165122000097 ], [ -120.475012950999911, 46.54021632400007 ], [ -120.474947225999983, 46.540278122000032 ], [ -120.474899387000022, 46.540323103000027 ], [ -120.474837864, 46.540380950000014 ], [ -120.474800755000032, 46.540415841000062 ], [ -120.474774004999944, 46.540440993000097 ], [ -120.474743975999957, 46.540469229000038 ], [ -120.474753352000022, 46.540535470000101 ], [ -120.474769268, 46.540647919000079 ], [ -120.474779137999931, 46.540717649000072 ], [ -120.474783004999978, 46.540744972000027 ], [ -120.474798934999967, 46.540857517000099 ], [ -120.474767115, 46.540968474000046 ], [ -120.474722555999961, 46.541123857000024 ], [ -120.474704669, 46.541186227000033 ], [ -120.474662812999981, 46.541332175000029 ], [ -120.474643849999921, 46.541398304000083 ], [ -120.474614220999968, 46.541501620000105 ], [ -120.474585512, 46.541601727000035 ], [ -120.474579548999941, 46.541622517000071 ], [ -120.474536354999913, 46.541773136000096 ], [ -120.474515432999965, 46.541846086000092 ], [ -120.47444914499998, 46.542077216000031 ], [ -120.474397795, 46.542256277000014 ], [ -120.474386381999935, 46.542296072000021 ], [ -120.474343840999978, 46.542444411000041 ], [ -120.47433812999995, 46.54246432300009 ], [ -120.474337151999947, 46.542467588000093 ], [ -120.472423374999963, 46.542465031000056 ], [ -120.472420768999925, 46.542465028000059 ], [ -120.472420508, 46.542465028000059 ], [ -120.47092777599994, 46.54246300800007 ], [ -120.470924909999979, 46.542463004000069 ], [ -120.47092309, 46.542499500000069 ], [ -120.470920648999979, 46.542548446000033 ], [ -120.470920051999926, 46.542560404000042 ], [ -120.470917230999959, 46.542616960000018 ], [ -120.470915211999966, 46.54265746600008 ], [ -120.470913313999986, 46.542695499000033 ], [ -120.470908754999968, 46.542786928000048 ], [ -120.470904185000038, 46.542878579000082 ], [ -120.470902651999907, 46.542909315000045 ], [ -120.470899364, 46.542975246 ], [ -120.470895684999959, 46.543048999000057 ], [ -120.470892323999948, 46.54311638300004 ], [ -120.470889333999963, 46.543182778000116 ], [ -120.470886386999979, 46.543249663000054 ], [ -120.47088376399995, 46.543309167000089 ], [ -120.470882955999969, 46.543327508000097 ], [ -120.470879599999961, 46.543403689000094 ], [ -120.470877532999964, 46.543450589000066 ], [ -120.47087451199998, 46.543519138000057 ], [ -120.470873410999971, 46.543544131 ], [ -120.470870506, 46.543610058000027 ], [ -120.470867297, 46.5436828590001 ], [ -120.470864692999967, 46.543741945000107 ], [ -120.470864045, 46.543756668000078 ], [ -120.470862062, 46.543801631000072 ], [ -120.470859585999989, 46.543857834000015 ], [ -120.470857213999963, 46.543911653000023 ], [ -120.470854697000021, 46.543968773000046 ], [ -120.470852505000025, 46.544018534000074 ], [ -120.470850408999937, 46.544066105000105 ], [ -120.470848351999948, 46.544112753000057 ], [ -120.470845300999954, 46.544175638000105 ], [ -120.470842682999915, 46.544227550000052 ], [ -120.470839452999925, 46.54429157000002 ], [ -120.470836667999961, 46.544346778000055 ], [ -120.470834760999978, 46.544384597000075 ], [ -120.470831768, 46.544443920000013 ], [ -120.470828538, 46.54450794100007 ], [ -120.470825717999944, 46.544563860999986 ], [ -120.470824204999985, 46.544593851000073 ], [ -120.470820098, 46.544675244000054 ], [ -120.47081650799997, 46.544746422000081 ], [ -120.470813949999936, 46.544797121000016 ], [ -120.470812654000014, 46.544822814 ], [ -120.470809012999979, 46.544894976000116 ], [ -120.470805206999927, 46.544970433000053 ], [ -120.470801964999922, 46.545034707000042 ], [ -120.470797976999947, 46.545113756000013 ], [ -120.470794375999915, 46.545185114000056 ], [ -120.470792609999947, 46.545220122000018 ], [ -120.47079228099993, 46.54522666500003 ], [ -120.470792515999946, 46.545245778 ], [ -120.470793449999931, 46.545321947 ], [ -120.470793761999957, 46.545347429000074 ], [ -120.47079453899994, 46.545410742000072 ], [ -120.470795443000014, 46.545484293000115 ], [ -120.470796090999968, 46.545537143000047 ], [ -120.470796325, 46.545556174000112 ], [ -120.470797136999977, 46.545622356000081 ], [ -120.470797888000035, 46.54568353100008 ], [ -120.47079847, 46.54573091 ], [ -120.47079886100002, 46.54576280600007 ], [ -120.470800729999908, 46.545915144000062 ], [ -120.470801658999989, 46.545990839000105 ], [ -120.470802643999988, 46.546071049 ], [ -120.470802340999953, 46.546129636000046 ], [ -120.470801842999919, 46.546189861000052 ], [ -120.470801191999954, 46.546268651000091 ], [ -120.470800139999952, 46.546395995000054 ], [ -120.470799191999959, 46.546510727000047 ], [ -120.470798621999919, 46.546579757000075 ], [ -120.470797859999948, 46.546671881000059 ], [ -120.470797253999976, 46.546745199000085 ], [ -120.470796907999954, 46.546787055000081 ], [ -120.470799225999968, 46.546902742000064 ], [ -120.470800578999985, 46.546970348000059 ], [ -120.470801017999932, 46.546992263 ], [ -120.470802060999929, 46.54704438600006 ], [ -120.470802920000011, 46.547087221000048 ], [ -120.470803855, 46.54713388400009 ], [ -120.470804927999907, 46.547187439 ], [ -120.470806061999909, 46.547244094000064 ], [ -120.470807083, 46.547295030000015 ], [ -120.470807864999969, 46.547334101000047 ], [ -120.470809123999985, 46.547396934000098 ], [ -120.470810649000029, 46.547473091 ], [ -120.470811521, 46.547516653000052 ], [ -120.470812268999978, 46.547554017000039 ], [ -120.470811516999916, 46.547604526000043 ], [ -120.470809870999958, 46.547688297000043 ], [ -120.470808835999961, 46.547740900000043 ], [ -120.470807745999963, 46.547796356000013 ], [ -120.470806144, 46.547877782000093 ], [ -120.470805330999937, 46.547919202000053 ], [ -120.470804379999947, 46.547967517000053 ], [ -120.47080399, 46.547994650000078 ], [ -120.470803286999953, 46.548052737 ], [ -120.470802741999989, 46.54809772400008 ], [ -120.47080222299995, 46.548140566000072 ], [ -120.47080181599992, 46.548174117 ], [ -120.470801582999982, 46.548193409000092 ], [ -120.47080067, 46.548268875000119 ], [ -120.470800009999948, 46.548323388000014 ], [ -120.470799343999971, 46.548378374000031 ], [ -120.470799029999952, 46.548404312000045 ], [ -120.470798145999964, 46.548477393000056 ], [ -120.470797573000013, 46.548524761000067 ], [ -120.470797012999967, 46.548570937000065 ], [ -120.470796510999918, 46.548612358000028 ], [ -120.470796876999955, 46.548710647000078 ], [ -120.47079792699995, 46.54876207300007 ], [ -120.470798927999937, 46.548811109000042 ], [ -120.470802394999964, 46.548981050000073 ], [ -120.470803162999943, 46.549018665000077 ], [ -120.470804526999956, 46.5490855400001 ], [ -120.470805420999952, 46.549129343000082 ], [ -120.470806198, 46.549167435000037 ], [ -120.47080716, 46.549214574000118 ], [ -120.47080852000002, 46.549281215000036 ], [ -120.470809510999928, 46.549329778000057 ], [ -120.47081028799991, 46.549367853000014 ], [ -120.470811167999983, 46.549410949000027 ], [ -120.470811396, 46.549422149000065 ], [ -120.470812741999936, 46.549488088000011 ], [ -120.470813949999936, 46.549547351000029 ], [ -120.470815207999962, 46.549609007000072 ], [ -120.470815601999988, 46.549628277000068 ], [ -120.470817040000014, 46.549698753000037 ], [ -120.470817835, 46.549737297000028 ], [ -120.47081852599996, 46.549771339000088 ], [ -120.470818828, 46.549818144000056 ], [ -120.470818826999988, 46.549818268000067 ], [ -120.47081852999996, 46.54983421000005 ], [ -120.470817566999969, 46.549885880000062 ], [ -120.470816569999982, 46.549939197000036 ], [ -120.470815398999974, 46.550003460000021 ], [ -120.470814615, 46.550045820000065 ], [ -120.470812473, 46.550161509000041 ], [ -120.470811552000015, 46.550211262000076 ], [ -120.470810753999942, 46.550254335 ], [ -120.470809206, 46.550337884000072 ], [ -120.470807975999975, 46.550404051000037 ], [ -120.470807361999931, 46.550438248000027 ], [ -120.470807355999924, 46.550438535000048 ], [ -120.470807355000019, 46.550438577000051 ], [ -120.470806900999975, 46.550462381000067 ], [ -120.470805586999958, 46.550533319000074 ], [ -120.470804533999967, 46.550590206999985 ], [ -120.470803356999951, 46.550653765000092 ], [ -120.470802915, 46.550678043000062 ], [ -120.470802665999898, 46.550691080000071 ], [ -120.470801654999903, 46.550745647000056 ], [ -120.470800825999916, 46.55079040900003 ], [ -120.470799900999936, 46.550840377000078 ], [ -120.470799102999962, 46.550883469 ], [ -120.470798025999954, 46.550941555000101 ], [ -120.470797196999982, 46.550986310000077 ], [ -120.4707964, 46.551029392 ], [ -120.470795606999928, 46.55107214300007 ], [ -120.470795321, 46.55108747500001 ], [ -120.470793984999972, 46.551159821000041 ], [ -120.470792294999924, 46.551251055000044 ], [ -120.470792269999919, 46.551252420000068 ], [ -120.47079145499994, 46.551296465000071 ], [ -120.470790352000037, 46.551355958000016 ], [ -120.470789016000012, 46.551426897000027 ], [ -120.470788091999935, 46.551477117 ], [ -120.47078752299997, 46.551508066000082 ], [ -120.470786545999985, 46.551561143000029 ], [ -120.470785535, 46.551615648 ], [ -120.470783957999942, 46.551700646000029 ], [ -120.470782060999966, 46.55180346400001 ], [ -120.470780341, 46.551896548000073 ], [ -120.470779309999912, 46.552006995000063 ], [ -120.470779194, 46.55202007700008 ], [ -120.470778800999966, 46.552066976000049 ], [ -120.470778560999946, 46.552095537000106 ], [ -120.470777426999945, 46.552230744000013 ], [ -120.470776236999924, 46.552372615000117 ], [ -120.470775857, 46.552418075000055 ], [ -120.470774468999963, 46.552583510000069 ], [ -120.470774106999926, 46.552626599000078 ], [ -120.470773019999925, 46.552756331000069 ], [ -120.47077252699998, 46.552815125000045 ], [ -120.470771817999918, 46.552899630000113 ], [ -120.470771256999967, 46.552966516000048 ], [ -120.470770862000023, 46.553013643000043 ], [ -120.470770021999954, 46.553113863000071 ], [ -120.470769381999986, 46.553190029000071 ], [ -120.470769076999957, 46.55322644400006 ], [ -120.470768356999898, 46.553312385000069 ], [ -120.470767770999942, 46.553382120000066 ], [ -120.470767337, 46.553434011 ], [ -120.470766983999965, 46.553476 ], [ -120.470769850999929, 46.553476001000014 ], [ -120.470881644999949, 46.553477136000019 ], [ -120.471692646, 46.553475376000051 ], [ -120.471693083000034, 46.553475389000056 ], [ -120.471694586999973, 46.55347544100006 ], [ -120.471698882999974, 46.553475587000072 ], [ -120.471714560999942, 46.553476117000024 ], [ -120.471733735000015, 46.553476765 ], [ -120.471751381999965, 46.553477362000038 ], [ -120.471769691999967, 46.553477981000093 ], [ -120.471788142999984, 46.553478605000052 ], [ -120.471805897999943, 46.553479205000016 ], [ -120.471821902999935, 46.553479746000058 ], [ -120.471830326000017, 46.553480032000081 ], [ -120.471840756, 46.55348038400011 ], [ -120.471853385999964, 46.553480811000057 ], [ -120.47186758, 46.55348129 ], [ -120.471882338999961, 46.553481790000049 ], [ -120.471909260999979, 46.553482700000039 ], [ -120.471929683999974, 46.553483390000096 ], [ -120.471945675999962, 46.553483931000052 ], [ -120.471960279999934, 46.553484425000093 ], [ -120.471987707999986, 46.553485352000081 ], [ -120.472016491999966, 46.553486325000073 ], [ -120.472040418999896, 46.553487135000047 ], [ -120.472063890999976, 46.553487928000024 ], [ -120.472089862, 46.553488806000097 ], [ -120.472118855999909, 46.553489786000092 ], [ -120.47214143, 46.553490549000067 ], [ -120.472165301999937, 46.553491357000041 ], [ -120.472193742999977, 46.553492318000032 ], [ -120.472220216999943, 46.55349321300011 ], [ -120.472238754999964, 46.553493840000073 ], [ -120.472262551999989, 46.553494644000047 ], [ -120.472264528999972, 46.553494711000056 ], [ -120.472262751, 46.553502440000074 ], [ -120.472261937999932, 46.553505974000096 ], [ -120.472243258999981, 46.553587196000066 ], [ -120.472206197999938, 46.553748332000076 ], [ -120.472195797999973, 46.553793554 ], [ -120.47216427999993, 46.553930600000058 ], [ -120.472147716999984, 46.554002611000065 ], [ -120.472116522999983, 46.55413824 ], [ -120.472099820999929, 46.554210863000066 ], [ -120.472053444, 46.554412502000055 ], [ -120.47205097399997, 46.554423245000052 ], [ -120.472020588999953, 46.554555354000058 ], [ -120.47200263199997, 46.554633428000038 ], [ -120.471960957999983, 46.554814620000016 ], [ -120.471953508999903, 46.554847009000035 ], [ -120.471916833999984, 46.554993801000101 ], [ -120.47190028699994, 46.555057835000071 ], [ -120.471873915999979, 46.555159892000077 ], [ -120.471857747999977, 46.555222459000014 ], [ -120.471846596999939, 46.555265615000032 ], [ -120.471821967999944, 46.555360925000102 ], [ -120.471794809999921, 46.55547353 ], [ -120.471770805999981, 46.55558620900009 ], [ -120.471763910000021, 46.555618583000104 ], [ -120.471762348999988, 46.555625909000085 ], [ -120.471758306000012, 46.555644892000061 ], [ -120.471737550999975, 46.555742314000035 ], [ -120.471724317999943, 46.555804428000023 ], [ -120.4717154, 46.555846294000027 ], [ -120.471698708999966, 46.555924636000022 ], [ -120.471684971999977, 46.555989116000028 ], [ -120.471672413999912, 46.55604806500002 ], [ -120.471652219999939, 46.556142855000047 ], [ -120.471637780999984, 46.556210631000063 ], [ -120.471627647999938, 46.556258191 ], [ -120.471603686, 46.556370667000067 ], [ -120.471578622999971, 46.556415148000021 ], [ -120.471549441999954, 46.556466935000039 ], [ -120.471463797999974, 46.556618929000095 ], [ -120.471432410999952, 46.556674633000085 ], [ -120.47137291300001, 46.556780223000025 ], [ -120.471280027999953, 46.556834347000063 ], [ -120.471190649000022, 46.556886427000023 ], [ -120.470941765999953, 46.557031449000121 ], [ -120.470843374999973, 46.557088780000065 ], [ -120.470682009999948, 46.557182805000032 ], [ -120.470676311999924, 46.557183116000054 ], [ -120.470663989999963, 46.557183788000025 ], [ -120.470642179999942, 46.557184977000119 ], [ -120.47062658199998, 46.557185827000104 ], [ -120.470618451999925, 46.557186270000052 ], [ -120.470601556999952, 46.55718719100004 ], [ -120.470578530999916, 46.557188447000051 ], [ -120.470562222999988, 46.557189335000039 ], [ -120.470551232999966, 46.557189934000085 ], [ -120.470538125999951, 46.557190649000056 ], [ -120.470516746999948, 46.557191814000063 ], [ -120.470493187999963, 46.557193098 ], [ -120.470466955999925, 46.557194528000025 ], [ -120.470459132999977, 46.557194955000057 ], [ -120.470439871999986, 46.557196005000058 ], [ -120.470416184999976, 46.557197295999984 ], [ -120.470394110999933, 46.5571985 ], [ -120.470371100999984, 46.557199754000102 ], [ -120.470355944999966, 46.55720058 ], [ -120.470350925, 46.557200854000016 ], [ -120.470334797999911, 46.557201733000085 ], [ -120.470318982999927, 46.557202594000067 ], [ -120.470298050999972, 46.557203736000076 ], [ -120.470278574999966, 46.557204797000075 ], [ -120.470265325999932, 46.557205520000046 ], [ -120.470249403999944, 46.557206387000029 ], [ -120.470245435999971, 46.557206604000044 ], [ -120.470231130999949, 46.557207384000023 ], [ -120.470217159999947, 46.557208145000082 ], [ -120.470206725999972, 46.557208713000044 ], [ -120.470198519999911, 46.557209161000081 ], [ -120.470192232000016, 46.557209504000106 ], [ -120.470179722999958, 46.557210185000073 ], [ -120.470166977999966, 46.557210908000044 ], [ -120.470147687999969, 46.55721193100004 ], [ -120.470124911999946, 46.557213173000058 ], [ -120.470103344999941, 46.557214349000063 ], [ -120.470085006999938, 46.557215348000057 ], [ -120.470060661999966, 46.557216676000081 ], [ -120.470039351999972, 46.557217837000088 ], [ -120.470014655999975, 46.557219183000022 ], [ -120.469981761000014, 46.557220976000082 ], [ -120.469974216999915, 46.557221387000027 ], [ -120.469955499999969, 46.557222408000023 ], [ -120.469935344999982, 46.557223507000025 ], [ -120.469919551999922, 46.557224367000096 ], [ -120.469900793999969, 46.55722539 ], [ -120.469879817, 46.557226533000097 ], [ -120.469852912, 46.557227999000041 ], [ -120.469840622999968, 46.557228669 ], [ -120.469823648999977, 46.557229594 ], [ -120.469801067999981, 46.557230825 ], [ -120.469771496999925, 46.557232437000053 ], [ -120.469748667, 46.557233681000064 ], [ -120.469741464000023, 46.5572340740001 ], [ -120.469723416999955, 46.557235057000092 ], [ -120.46971585699994, 46.557235470000123 ], [ -120.469705519999977, 46.557236033000081 ], [ -120.469692472999967, 46.557236744000051 ], [ -120.469678846, 46.557237487000023 ], [ -120.469665149999926, 46.557238233000085 ], [ -120.469649695999976, 46.557239075000069 ], [ -120.469641888999959, 46.557239502000101 ], [ -120.46964158900002, 46.557239592000023 ], [ -120.469640435999921, 46.557239580000022 ], [ -120.467050034999914, 46.557211895000037 ], [ -120.466692268999978, 46.557209392000097 ], [ -120.464622634999969, 46.557184555000084 ], [ -120.464550540999952, 46.557179381000012 ], [ -120.464544584999913, 46.558012222000087 ], [ -120.464541714999939, 46.558423797000039 ], [ -120.464538707999949, 46.558855057000102 ], [ -120.464538701999956, 46.558855796000074 ], [ -120.46453247499997, 46.559705116 ], [ -120.464526451000012, 46.560554359000015 ], [ -120.464524539999942, 46.560819675000033 ], [ -120.464520308999937, 46.561409417000064 ], [ -120.464513340999986, 46.562380643000047 ], [ -120.464512035999974, 46.562562665 ], [ -120.464511642999938, 46.562617583000112 ], [ -120.464510618999938, 46.56276043300003 ], [ -120.464510406000016, 46.562790316000104 ], [ -120.46451072399995, 46.562790389000021 ], [ -120.464510342000011, 46.562799146000032 ], [ -120.464510532999938, 46.562825194000055 ], [ -120.464510607999941, 46.562835358 ], [ -120.464510782999952, 46.562859250000031 ], [ -120.464573663999914, 46.562861607000052 ], [ -120.464728097, 46.562867398 ], [ -120.464750922999926, 46.562868253000069 ], [ -120.464851200999959, 46.562872013000025 ], [ -120.464896445999983, 46.562873709000073 ], [ -120.465165021, 46.562883778000106 ], [ -120.46529306999993, 46.562888578000063 ], [ -120.465356575999948, 46.562890958 ], [ -120.46537323, 46.56328858300003 ], [ -120.465390859999943, 46.563709492000037 ], [ -120.465408402999969, 46.564128333000056 ], [ -120.465426452999949, 46.564559259000092 ], [ -120.465433811999944, 46.564734928000064 ], [ -120.465436976999939, 46.564810479000094 ], [ -120.465440152999932, 46.564886297000065 ], [ -120.46544328100002, 46.564960999000029 ], [ -120.465446455999924, 46.56503680200008 ], [ -120.46544964, 46.565112794000065 ], [ -120.465452808999913, 46.565188439000018 ], [ -120.465455956, 46.565263569000102 ], [ -120.465459106, 46.56533879800002 ], [ -120.465460233, 46.565365680000113 ], [ -120.465462239, 46.56541358700008 ], [ -120.465462738999932, 46.56542551600009 ], [ -120.465465368999972, 46.565488302000048 ], [ -120.465466255999957, 46.56550947500002 ], [ -120.465468512999976, 46.565563366000042 ], [ -120.465471712999971, 46.565639753000056 ], [ -120.465475248999908, 46.565724148000108 ], [ -120.465476007999968, 46.565742285000098 ], [ -120.465478916000038, 46.56581171800007 ], [ -120.465479158999969, 46.565817507000105 ], [ -120.465482077999937, 46.565887191000101 ], [ -120.465482765, 46.565903583000122 ], [ -120.465485281999932, 46.565963677000035 ], [ -120.465485265000027, 46.565992 ], [ -120.465485233999928, 46.566041334000062 ], [ -120.465485212999937, 46.566074448000052 ], [ -120.465485182999927, 46.566123783000045 ], [ -120.465485160999933, 46.566158409000067 ], [ -120.465485136000012, 46.566196902000058 ], [ -120.465485114000018, 46.566234637000072 ], [ -120.465485089999916, 46.566271618000023 ], [ -120.465485067, 46.566307589000068 ], [ -120.465485049, 46.566339190000107 ], [ -120.465485035999919, 46.566358520000016 ], [ -120.465485002, 46.566412057 ], [ -120.465484983999914, 46.566442481000124 ], [ -120.465484954, 46.56649072300003 ], [ -120.465484934999907, 46.56652114700006 ], [ -120.465484912, 46.566558295000029 ], [ -120.465484898999989, 46.566579811000032 ], [ -120.46548488, 46.566608995000045 ], [ -120.465484864, 46.566615305000035 ], [ -120.465484873, 46.566615801000076 ], [ -120.465484927, 46.566619144000086 ], [ -120.465498226999941, 46.566619154000087 ], [ -120.46551274, 46.566619165000091 ], [ -120.465515606999958, 46.566619166000088 ], [ -120.465766795999954, 46.566621356 ], [ -120.465771860999936, 46.56662140000001 ], [ -120.468955208999986, 46.566649111000082 ], [ -120.46895572899993, 46.566649111000082 ], [ -120.472400460999935, 46.566643572000068 ], [ -120.472400372000024, 46.566817803000092 ], [ -120.472400309999927, 46.566941114 ], [ -120.472400221, 46.567117104000076 ], [ -120.472400157, 46.567242756000084 ], [ -120.472400133999912, 46.567287241000031 ], [ -120.472400047999898, 46.567457379000075 ], [ -120.47239996, 46.567630638000026 ], [ -120.472399497999945, 46.567803896000058 ], [ -120.472399783999975, 46.567977156 ], [ -120.472399695999968, 46.568150414000044 ], [ -120.472399607999961, 46.568325234000028 ], [ -120.472399517999946, 46.568501615000059 ], [ -120.472399428999935, 46.568676825000075 ], [ -120.47239933900002, 46.568853596000046 ], [ -120.472399249999924, 46.569030367000018 ], [ -120.472399159999924, 46.569207528000021 ], [ -120.47239907, 46.569383908000049 ], [ -120.47239898, 46.569561070000056 ], [ -120.47239888999998, 46.569738621000091 ], [ -120.472398799999979, 46.569916172000035 ], [ -120.472398709999965, 46.57009372300007 ], [ -120.472398619999964, 46.570271275000017 ], [ -120.472398586999958, 46.570337365000071 ], [ -120.472391104999957, 46.57038912100009 ], [ -120.472389156999981, 46.570389133000091 ], [ -120.47238629, 46.570389145 ], [ -120.47212112999992, 46.570390302000099 ], [ -120.470010254999963, 46.570399405000053 ], [ -120.470009328999978, 46.570399396000049 ], [ -120.468782122999954, 46.570387337000028 ], [ -120.468779256, 46.570387336000032 ], [ -120.467263725999914, 46.570386912000082 ], [ -120.46666630199995, 46.570395394000073 ], [ -120.466663433999898, 46.570395394000073 ], [ -120.466636633999897, 46.570417057 ], [ -120.466611540999949, 46.57043733900008 ], [ -120.466585943999974, 46.570458030000019 ], [ -120.466559777999933, 46.570479181000081 ], [ -120.466533362999968, 46.570500533000072 ], [ -120.466506828, 46.570521982000066 ], [ -120.466480276999931, 46.570543443000069 ], [ -120.466453659999942, 46.570564957000073 ], [ -120.466427178999979, 46.57058638900007 ], [ -120.466404865, 46.570604414000051 ], [ -120.466402196999951, 46.570608309000107 ], [ -120.46638744599997, 46.570629832000108 ], [ -120.466373522999973, 46.570650148000013 ], [ -120.466365391999929, 46.570662014000021 ], [ -120.466358803, 46.570671625000017 ], [ -120.466344049999933, 46.570693147000021 ], [ -120.466329343999959, 46.57071460300002 ], [ -120.466314776, 46.570735852 ], [ -120.466300337999968, 46.570756977000059 ], [ -120.466285663999898, 46.570778395000055 ], [ -120.466271071999941, 46.570799698000044 ], [ -120.466256477999977, 46.570821001000027 ], [ -120.466241883999928, 46.570842304000017 ], [ -120.466227273999962, 46.57086363000009 ], [ -120.466212624999983, 46.570885013000087 ], [ -120.466198015999936, 46.570906340000072 ], [ -120.466177010999971, 46.570937001000033 ], [ -120.466145153999918, 46.571004109000079 ], [ -120.466141081000018, 46.571012689000078 ], [ -120.466090919999957, 46.571118356000028 ], [ -120.466080044999941, 46.571141267000058 ], [ -120.466079963999931, 46.571141436000076 ], [ -120.466068764999989, 46.571190641000058 ], [ -120.466061664000023, 46.571221841000067 ], [ -120.46603923499994, 46.571320388000046 ], [ -120.466023235999955, 46.571390685 ], [ -120.466013749999959, 46.571432360000074 ], [ -120.46598842, 46.571543657000049 ], [ -120.465984695999964, 46.571560914000052 ], [ -120.465977285999969, 46.571595261000056 ], [ -120.465972256, 46.571644067000094 ], [ -120.465954952999979, 46.571811931000042 ], [ -120.46595149599996, 46.571845476000064 ], [ -120.465941119, 46.571946148000045 ], [ -120.465937538999967, 46.571980878000076 ], [ -120.465933756000013, 46.57201758700009 ], [ -120.465930591999921, 46.572048290000055 ], [ -120.465920110999946, 46.572149959000029 ], [ -120.465916090999968, 46.572188969000059 ], [ -120.465910741999963, 46.572240852000093 ], [ -120.465899188999984, 46.572352942000038 ], [ -120.465895686999971, 46.572386905 ], [ -120.465895678999971, 46.572386990000012 ], [ -120.465895329999938, 46.572390379000026 ], [ -120.465890206999958, 46.572442031000037 ], [ -120.465877483999975, 46.572575111000035 ], [ -120.465870448999922, 46.572648689000083 ], [ -120.465856661999936, 46.572792893000027 ], [ -120.465850636999974, 46.572855918000087 ], [ -120.465839872999965, 46.57296850600008 ], [ -120.465831698, 46.573053997000045 ], [ -120.465818285999958, 46.573194280000017 ], [ -120.46581190299996, 46.573261052000035 ], [ -120.465797055999971, 46.573416344000094 ], [ -120.465792548999957, 46.573463474000086 ], [ -120.465780144999911, 46.573593204000076 ], [ -120.465772822999924, 46.573669802000019 ], [ -120.465758444999977, 46.573820168000026 ], [ -120.465752615999946, 46.573881138 ], [ -120.465751933999968, 46.573890778000091 ], [ -120.465751694999952, 46.573890769000094 ], [ -120.465028097999948, 46.573866061000089 ], [ -120.465027876999926, 46.573866067 ], [ -120.465025009999962, 46.573866066000093 ], [ -120.465025333999989, 46.573866970000076 ], [ -120.465074129999934, 46.574002847000038 ], [ -120.465061250999938, 46.574181291000059 ], [ -120.465057077999944, 46.574239097000046 ], [ -120.465046043000015, 46.574395054000071 ], [ -120.465037015999968, 46.57451982 ], [ -120.465044941, 46.574562069000123 ], [ -120.465078643999959, 46.574713755000062 ], [ -120.465141589000012, 46.574996989000049 ], [ -120.46520448699998, 46.575356405000036 ], [ -120.465267426999944, 46.575650521000036 ], [ -120.465456656999962, 46.575890176000058 ], [ -120.465477630999928, 46.575904652000098 ], [ -120.46559875699991, 46.575988251000091 ], [ -120.46593018199998, 46.576184415000064 ], [ -120.466435475999958, 46.576554844000071 ], [ -120.466656522999941, 46.576805474000025 ], [ -120.466845743999968, 46.577077775000085 ], [ -120.46689330399991, 46.57733923800005 ], [ -120.466909111999968, 46.577502573000061 ], [ -120.466877245, 46.577589714000077 ], [ -120.46681395599991, 46.577851058000121 ], [ -120.466624370999952, 46.57816686700005 ], [ -120.466466141999916, 46.57841738500008 ], [ -120.466402976000012, 46.578471782000051 ], [ -120.466055371999943, 46.578689510000039 ], [ -120.465964893, 46.57876287000007 ], [ -120.465922537999973, 46.578797210000069 ], [ -120.465786801999926, 46.578907261000026 ], [ -120.465438668, 46.579168606000067 ], [ -120.464917529999951, 46.579440693000016 ], [ -120.464776188999977, 46.579529220000062 ], [ -120.464222292999978, 46.579876139000078 ], [ -120.464048783999914, 46.579991908000061 ], [ -120.463716509999955, 46.580213610000023 ], [ -120.463497318999941, 46.58034073200006 ], [ -120.463416137999971, 46.580387813000044 ], [ -120.46322668000002, 46.580474902000056 ], [ -120.462705043999932, 46.580714330000063 ], [ -120.46264047499993, 46.580745895000099 ], [ -120.462507621999947, 46.580810841000051 ], [ -120.462310699999989, 46.58090392500003 ], [ -120.462187671999942, 46.580970384000111 ], [ -120.462082884999973, 46.581026988000083 ], [ -120.462081400999935, 46.581027790000064 ], [ -120.462074480999902, 46.581031529000015 ], [ -120.462068209, 46.581041096 ], [ -120.46197508100002, 46.581183159000041 ], [ -120.460936519999976, 46.580221621000064 ], [ -120.460117705, 46.579483541000101 ], [ -120.458867007999984, 46.578613700000069 ], [ -120.458111421999917, 46.578120035000083 ], [ -120.457037370999956, 46.577812969999989 ], [ -120.455969606999972, 46.577524414 ], [ -120.454597576999959, 46.5771788220001 ], [ -120.453965187999955, 46.57711691300004 ], [ -120.452871346999956, 46.577177759 ], [ -120.451400216999915, 46.577036248000113 ], [ -120.451399743999957, 46.577083224 ], [ -120.45133071599993, 46.577082081000086 ], [ -120.451327848999966, 46.577082034000085 ], [ -120.444344283, 46.576966122000087 ], [ -120.442590613000021, 46.576936806000056 ], [ -120.441532115000015, 46.576646738000036 ], [ -120.441394493, 46.576609024000028 ], [ -120.441339280999955, 46.576589953000045 ], [ -120.440579482999979, 46.576327493000093 ], [ -120.439163, 46.57604 ], [ -120.43851831299996, 46.575787949000038 ], [ -120.436445090999925, 46.574974850000082 ], [ -120.435467441999947, 46.574595035000101 ], [ -120.435466707999979, 46.574459867000016 ], [ -120.435467975999984, 46.574693538000076 ], [ -120.435469108999939, 46.574902619000056 ], [ -120.435470383999984, 46.575137497000071 ], [ -120.435471705999987, 46.575381007000033 ], [ -120.435472879999963, 46.575597449000043 ], [ -120.435473792999971, 46.575765925000042 ], [ -120.435474706999969, 46.575934423000035 ], [ -120.435475740999948, 46.576125040000079 ], [ -120.435476602, 46.576283683000042 ], [ -120.435477441999979, 46.576438636000034 ], [ -120.435478242999977, 46.576586250000048 ], [ -120.435479284999985, 46.576778080000054 ], [ -120.435480331999941, 46.576971146000062 ], [ -120.435480655999982, 46.577031003000059 ], [ -120.435410340999965, 46.577031181000052 ], [ -120.435480741, 46.577031003000059 ], [ -120.435484274999965, 46.577697990000047 ], [ -120.435511434999967, 46.58270333300004 ], [ -120.435540442999979, 46.588048427000047 ], [ -120.435540436999986, 46.588048755000045 ], [ -120.435538698999949, 46.588159850000068 ], [ -120.435531834999949, 46.588598655000048 ], [ -120.436087865999951, 46.589295991000014 ], [ -120.436479685999956, 46.589694594000044 ], [ -120.437077848999976, 46.590093224000071 ], [ -120.437572652999961, 46.590449205000041 ], [ -120.438067284999946, 46.590961573000065 ], [ -120.438644416, 46.591516744000081 ], [ -120.439375064999979, 46.591745504000095 ], [ -120.439947852000032, 46.591750605000072 ], [ -120.441259002999971, 46.591757713000035 ], [ -120.44259849599996, 46.591764733000083 ], [ -120.443891250999982, 46.591771716000039 ], [ -120.445295382, 46.591778823 ], [ -120.445923365999988, 46.591779122000034 ], [ -120.445907599999927, 46.594132833000089 ], [ -120.445896079999955, 46.595432405000061 ], [ -120.445879032999969, 46.597355372 ], [ -120.44588624899994, 46.598099615000123 ], [ -120.445892253, 46.599062116 ], [ -120.445891337, 46.59998211 ], [ -120.445880298999981, 46.604575905000047 ], [ -120.445905872999973, 46.606364317000043 ], [ -120.456479913999942, 46.60650113500003 ], [ -120.456489990999955, 46.608202904000052 ], [ -120.456760581999959, 46.608174299000041 ], [ -120.457031691999987, 46.608116902000063 ], [ -120.457427583999959, 46.608131446000073 ], [ -120.457656734999944, 46.608303944000056 ], [ -120.458094262999964, 46.608505140000034 ], [ -120.458406965, 46.608691977000035 ], [ -120.458760777999942, 46.609108741000057 ], [ -120.458906798999976, 46.609381724000059 ], [ -120.459448281999983, 46.609597347000033 ], [ -120.45996930299998, 46.609913564000067 ], [ -120.460281542999951, 46.610071689000051 ], [ -120.460406767999984, 46.61022966400003 ], [ -120.460739777999947, 46.610560208000038 ], [ -120.460906766, 46.610746989000063 ], [ -120.46103151799997, 46.610876341000051 ], [ -120.461281531999987, 46.611120563000043 ], [ -120.461552478999977, 46.611307378000049 ], [ -120.461760745, 46.611508568000033 ], [ -120.462198324999974, 46.611695436000048 ], [ -120.462594095999975, 46.611925393000035 ], [ -120.46298995799998, 46.612026125000057 ], [ -120.46346936599997, 46.612155502000064 ], [ -120.463927923999961, 46.612227458000064 ], [ -120.464053164999939, 46.612385514000039 ], [ -120.464073405999955, 46.61261534700003 ], [ -120.464344359999984, 46.612816551000037 ], [ -120.464617228999941, 46.613138839000044 ], [ -120.464827520999961, 46.613312602000065 ], [ -120.465065171999981, 46.613486373000057 ], [ -120.465345081999942, 46.61369871800008 ], [ -120.465527037999948, 46.613853190000043 ], [ -120.466045341999973, 46.613863028000026 ], [ -120.466045619999989, 46.613863031000051 ], [ -120.46693, 46.614559 ], [ -120.466955202999941, 46.614543449000053 ], [ -120.466954924999982, 46.615001887000062 ], [ -120.46694008299994, 46.615686992000064 ], [ -120.466982299999984, 46.615793177000057 ], [ -120.46705234999996, 46.615937931000076 ], [ -120.467108005999989, 46.616034437000053 ], [ -120.467178016999981, 46.616246717000081 ], [ -120.467177905999961, 46.61643001200008 ], [ -120.467205622999984, 46.616661646000068 ], [ -120.467219364999949, 46.616970398000035 ], [ -120.467205332, 46.617144093000036 ], [ -120.467163405999941, 46.617375707000065 ], [ -120.46714945399998, 46.617414264000047 ], [ -120.466939054999955, 46.61737564200007 ], [ -120.46688900099997, 46.617299 ], [ -120.466884489, 46.617560662000074 ], [ -120.466877742999941, 46.618063842000026 ], [ -120.466865943999949, 46.618965811000066 ], [ -120.46684638399995, 46.61961425100003 ], [ -120.466901877999959, 46.619609626000056 ], [ -120.467157195999988, 46.619421177000085 ], [ -120.467347902999947, 46.619126280000025 ], [ -120.467585877000019, 46.618815113000032 ], [ -120.468132483999938, 46.618995477000034 ], [ -120.469321231999984, 46.61933985600011 ], [ -120.470224499000025, 46.619585859000033 ], [ -120.470295990999986, 46.619848011000052 ], [ -120.470176979, 46.620060924 ], [ -120.47008127399998, 46.62040495300004 ], [ -120.470109456, 46.620722107000077 ], [ -120.470454600999958, 46.620920489000063 ], [ -120.471389861999981, 46.620930667000017 ], [ -120.472210231999924, 46.620891193000034 ], [ -120.472915232999981, 46.620752541000023 ], [ -120.474555546, 46.620505095000063 ], [ -120.475274905, 46.620495313000056 ], [ -120.476037438999953, 46.620723502000018 ], [ -120.476567087999982, 46.621113768000065 ], [ -120.476724409999946, 46.622002856000087 ], [ -120.476954741, 46.623195478000092 ], [ -120.477111559, 46.624127926000057 ], [ -120.477247604999974, 46.624778527000068 ], [ -120.477667511, 46.624778610000071 ], [ -120.477698281999963, 46.626173597000033 ], [ -120.477708397999919, 46.626983132000042 ], [ -120.477739173999979, 46.628370919000119 ], [ -120.478116816999957, 46.628363794000059 ], [ -120.478302034, 46.629293502000067 ], [ -120.479491289, 46.635652148000119 ], [ -120.482254553999951, 46.63566906300008 ], [ -120.483715558999961, 46.635669280000059 ], [ -120.486347955999975, 46.635678279000047 ], [ -120.487471911999947, 46.635678407000071 ], [ -120.488337929999929, 46.635678499000079 ], [ -120.488717576992258, 46.635681578081154 ], [ -120.488714295999984, 46.635494069000096 ], [ -120.488711456000019, 46.635331816000082 ], [ -120.488708491999944, 46.63516240900001 ], [ -120.48870383900001, 46.634896556000037 ], [ -120.488699844999942, 46.634668280000071 ], [ -120.488696256, 46.634463252000067 ], [ -120.488692072, 46.634224146000093 ], [ -120.488688514999978, 46.634020837000058 ], [ -120.488685700999923, 46.633860022000071 ], [ -120.488683177999988, 46.63371592600005 ], [ -120.48867893, 46.633473298000048 ], [ -120.488675213999954, 46.633261049000076 ], [ -120.488671970999945, 46.633075767000022 ], [ -120.488665602999959, 46.632712031000032 ], [ -120.48866285, 46.63255480200008 ], [ -120.488659667, 46.632372999000047 ], [ -120.488653774999946, 46.632036400000089 ], [ -120.488647925999913, 46.631702308000065 ], [ -120.488643338999978, 46.631440260000055 ], [ -120.488638156, 46.631144199000076 ], [ -120.488633907999912, 46.630901506000065 ], [ -120.488628883000018, 46.630614536000039 ], [ -120.488622667999948, 46.63025947700006 ], [ -120.488615455999977, 46.629847463000075 ], [ -120.488609054999984, 46.629481792000014 ], [ -120.488603687999984, 46.629175184000047 ], [ -120.488600377999973, 46.628986074000032 ], [ -120.488596414, 46.62875962600004 ], [ -120.488589932, 46.628389286000036 ], [ -120.488581058999969, 46.628080679000085 ], [ -120.488580091999978, 46.627487496000029 ], [ -120.488560884, 46.626834644000013 ], [ -120.488549612999947, 46.626183740000073 ], [ -120.488539296999988, 46.625619388000096 ], [ -120.488538614000021, 46.62492566500007 ], [ -120.488519540999945, 46.624280977000112 ], [ -120.488515489999969, 46.623631742000036 ], [ -120.488953727, 46.623747757000046 ], [ -120.489129087999927, 46.623770380000053 ], [ -120.489161363999941, 46.623774759000057 ], [ -120.489290105999928, 46.623787952000086 ], [ -120.489379536999962, 46.623794604000103 ], [ -120.489504725999922, 46.623801757000074 ], [ -120.489762471999938, 46.623805004000076 ], [ -120.489924162, 46.623807863000046 ], [ -120.490122892, 46.623812913000016 ], [ -120.490380053999971, 46.623820959000064 ], [ -120.490598019999965, 46.623830971000089 ], [ -120.49106372599995, 46.62385275700003 ], [ -120.49117436399996, 46.623869758000104 ], [ -120.491340363999925, 46.623916757000082 ], [ -120.491448182999974, 46.623971854000025 ], [ -120.491593714999937, 46.624046224000047 ], [ -120.491785727, 46.624148757000093 ], [ -120.491897341000012, 46.624196425000044 ], [ -120.492094139999949, 46.624275476 ], [ -120.492327124999946, 46.624368771 ], [ -120.492593170999939, 46.624473515000055 ], [ -120.492785107999921, 46.624543078000038 ], [ -120.493037726999944, 46.624642757000025 ], [ -120.492933514999947, 46.624532440000046 ], [ -120.492641348999925, 46.624248576000092 ], [ -120.492259586999964, 46.623882125000058 ], [ -120.492021677999986, 46.623649681000103 ], [ -120.491886154999975, 46.623505417000068 ], [ -120.492009146999933, 46.623563168000047 ], [ -120.492303156, 46.623687270000104 ], [ -120.492874268999927, 46.623882171000062 ], [ -120.49325434999993, 46.624024014000078 ], [ -120.493574731999971, 46.624149400000057 ], [ -120.493982176999936, 46.62431438000003 ], [ -120.494180676000013, 46.624391855000049 ], [ -120.494775197999914, 46.624470292000055 ], [ -120.495450816999949, 46.624559355000052 ], [ -120.496459777999945, 46.624561790000072 ], [ -120.496713514999968, 46.624521266 ], [ -120.497134422999977, 46.624352463999983 ], [ -120.497507062999901, 46.624276806000033 ], [ -120.498033928999973, 46.62431315000002 ], [ -120.498269251999915, 46.624343832000072 ], [ -120.498501093, 46.624375283000099 ], [ -120.498740893999937, 46.624407764000033 ], [ -120.498999600999937, 46.624442815000087 ], [ -120.499168755999989, 46.624480349000088 ], [ -120.499593632999975, 46.624578640000045 ], [ -120.499992144, 46.624670760000029 ], [ -120.500146871000013, 46.624706493000055 ], [ -120.500291649, 46.624752853000075 ], [ -120.500563792999955, 46.624839572000056 ], [ -120.500929968999969, 46.625017809000056 ], [ -120.501195151999966, 46.62521704100002 ], [ -120.501355854999943, 46.62535380300006 ], [ -120.501545912999944, 46.625515588000034 ], [ -120.501699659999971, 46.625865380000022 ], [ -120.501846940999897, 46.626249878000039 ], [ -120.502139008, 46.626650911000091 ], [ -120.502792793, 46.627116463000064 ], [ -120.503065457, 46.627317832000116 ], [ -120.503451069000022, 46.627606431000103 ], [ -120.503815290999952, 46.627881834000064 ], [ -120.504058600999926, 46.628017647000021 ], [ -120.504430285999945, 46.628224752000015 ], [ -120.504577070000011, 46.628306582000036 ], [ -120.504818890999957, 46.628441279000079 ], [ -120.505002996, 46.628544102000056 ], [ -120.505209987999976, 46.628659349 ], [ -120.50556725099996, 46.628858565000051 ], [ -120.505832963000017, 46.629006714000056 ], [ -120.506381306, 46.629312347000031 ], [ -120.506741065999918, 46.629510190000055 ], [ -120.508879243, 46.630460539000083 ], [ -120.509255407999945, 46.630475849000021 ], [ -120.509255409013264, 46.630481799813637 ], [ -120.509272, 46.630134 ], [ -120.509486838, 46.630159111000104 ], [ -120.509957039, 46.630214067000033 ], [ -120.510798257999966, 46.630312382000085 ], [ -120.511485026999949, 46.630392641000064 ], [ -120.511849000999959, 46.630512 ], [ -120.512598578999985, 46.630590866000034 ], [ -120.513660220999981, 46.630704138000077 ], [ -120.514349, 46.630778 ], [ -120.514700001999955, 46.630462277000049 ], [ -120.515084846, 46.630045664000043 ], [ -120.515086195999928, 46.630033912000044 ], [ -120.515087998999903, 46.630035 ], [ -120.515091554999927, 46.630036601 ], [ -120.515231, 46.629885 ], [ -120.515475877999933, 46.629773188000058 ], [ -120.515477920999928, 46.629769211000081 ], [ -120.515498031, 46.629762962 ], [ -120.516317, 46.629388 ], [ -120.517779737999945, 46.629035100000095 ], [ -120.517823003999979, 46.629021208000012 ], [ -120.519426, 46.628631 ], [ -120.520004645999919, 46.628233183000091 ], [ -120.520242, 46.62807 ], [ -120.520522224000018, 46.628000355000012 ], [ -120.520985538, 46.627885204000052 ], [ -120.523967388999949, 46.627120748000038 ], [ -120.52569, 46.626681 ], [ -120.527659831, 46.626442896000071 ], [ -120.529851192999956, 46.62617797200005 ], [ -120.532329813, 46.625878266000029 ], [ -120.53266528499995, 46.625837697000065 ], [ -120.534108987999957, 46.62566255400003 ], [ -120.534118286999956, 46.625664257000039 ], [ -120.536344731999975, 46.625513726000065 ], [ -120.538566, 46.625364 ], [ -120.538708781999958, 46.625327966000043 ], [ -120.540772611999955, 46.624807087000079 ], [ -120.542261011, 46.624431408000078 ], [ -120.542845, 46.624284 ], [ -120.54416, 46.624383 ], [ -120.546422336999967, 46.624942205000025 ], [ -120.548967, 46.625571128000047 ], [ -120.549274, 46.625647 ], [ -120.551458946999958, 46.625834885000074 ], [ -120.55286532699995, 46.625955797000074 ], [ -120.55319652999998, 46.625984269000071 ], [ -120.554199599999947, 46.626070493000043 ], [ -120.554902108999954, 46.626130877000037 ], [ -120.555373292999946, 46.62617137400008 ], [ -120.55589992299997, 46.62621663300007 ], [ -120.55623, 46.626245 ], [ -120.556824168999981, 46.626255073000038 ], [ -120.557282717999954, 46.626262846000031 ], [ -120.557500249999975, 46.626266531000056 ], [ -120.557862487999955, 46.626272669000059 ], [ -120.559537588999945, 46.626295743000071 ], [ -120.559537773999978, 46.62629576900008 ], [ -120.559538781999947, 46.626295759000072 ], [ -120.559546519999969, 46.626301186000035 ], [ -120.562230905999968, 46.626346593000051 ], [ -120.56225509799998, 46.626558941000042 ], [ -120.562223466999967, 46.628915746000075 ], [ -120.562227552999957, 46.629008035000027 ], [ -120.562226070999941, 46.628974536000044 ], [ -120.570043976999955, 46.629045511000072 ], [ -120.570055412999977, 46.628632306000043 ], [ -120.57005561699998, 46.628624914000056 ], [ -120.570059424999954, 46.628487387000064 ], [ -120.570283704722343, 46.628613279817174 ], [ -120.570068509999942, 46.628487382000074 ], [ -120.570066749999967, 46.628260903000076 ], [ -120.570084889999961, 46.627592222 ], [ -120.570068240999916, 46.627121279000015 ], [ -120.569413988999955, 46.626742147000087 ], [ -120.567622438999962, 46.62558566700006 ], [ -120.567452112, 46.625569938000091 ], [ -120.564584543999956, 46.625293178000014 ], [ -120.564441827999971, 46.625065666000111 ], [ -120.564152946999954, 46.624664441000043 ], [ -120.56380394599995, 46.624322597000088 ], [ -120.563492980999968, 46.624018006000021 ], [ -120.563196265999935, 46.623838831000029 ], [ -120.562962762999973, 46.623689168000084 ], [ -120.562700629999966, 46.623565064000026 ], [ -120.562555757999959, 46.623485043000066 ], [ -120.562239475, 46.623343182000056 ], [ -120.562625007999927, 46.623201666000071 ], [ -120.563177378999967, 46.623007013000041 ], [ -120.563595144, 46.622890498000082 ], [ -120.56424038999991, 46.622782628000039 ], [ -120.564441752999954, 46.622773654000092 ], [ -120.564686766999984, 46.622762922000092 ], [ -120.566317773000023, 46.623456561000111 ], [ -120.568717158999945, 46.624455233000049 ], [ -120.570093177999937, 46.625014447000048 ], [ -120.571071436999958, 46.625411737000057 ], [ -120.572006179999946, 46.625791735000057 ], [ -120.572719876999926, 46.626081260000028 ], [ -120.572710949999987, 46.625559347000014 ], [ -120.572706427999975, 46.625324336000105 ], [ -120.572706425813635, 46.625324222339813 ], [ -120.572623995999905, 46.625276707000076 ], [ -120.571318970000021, 46.624529653000081 ], [ -120.570216661999936, 46.623903728000073 ], [ -120.569679002999948, 46.623603086000067 ], [ -120.569353879999966, 46.623407048000011 ], [ -120.569126628, 46.623271825000103 ], [ -120.568939142999923, 46.623159648000055 ], [ -120.568859377999985, 46.623112750000082 ], [ -120.568697183999987, 46.623023200000048 ], [ -120.568614376999975, 46.622979750000091 ], [ -120.568529916, 46.622937180000037 ], [ -120.568444790999976, 46.622895670000062 ], [ -120.56835837700001, 46.622854750000052 ], [ -120.568182955999973, 46.622777486000054 ], [ -120.568003763999982, 46.622703897000093 ], [ -120.56782059899993, 46.622634766000061 ], [ -120.567634453999986, 46.622570093000036 ], [ -120.567444376999973, 46.622509749000109 ], [ -120.567155376999949, 46.622427750000071 ], [ -120.566959112999967, 46.622379654 ], [ -120.566859376999972, 46.622356749000062 ], [ -120.56666004, 46.622315731000043 ], [ -120.566458375999929, 46.622278750000092 ], [ -120.56625499499998, 46.622247412000071 ], [ -120.566152494000022, 46.622233332000064 ], [ -120.565946998999976, 46.622209028 ], [ -120.565843507999944, 46.622198719000039 ], [ -120.565740019, 46.622189610000085 ], [ -120.56563652899996, 46.622181785000059 ], [ -120.565532544999968, 46.622175247000051 ], [ -120.565428376999975, 46.62216975000004 ], [ -120.565324083999954, 46.622165854000073 ], [ -120.565220104999966, 46.622162999000103 ], [ -120.564971359, 46.622164769000072 ], [ -120.564843011000036, 46.622169726000038 ], [ -120.564714376999959, 46.622175750000096 ], [ -120.564586819999974, 46.622184354000098 ], [ -120.564445377, 46.62219575000006 ], [ -120.564304375999967, 46.62220475 ], [ -120.564204284999946, 46.622217732000102 ], [ -120.564070375999961, 46.62222975100012 ], [ -120.563848628999907, 46.622261633000093 ], [ -120.563150477999969, 46.621976521000043 ], [ -120.562290598999965, 46.621625253000019 ], [ -120.561369426999946, 46.621248934000057 ], [ -120.561114004999951, 46.621152536000075 ], [ -120.560928485999966, 46.621068505000054 ], [ -120.561220549999973, 46.620662683000049 ], [ -120.561831549, 46.619869788000081 ], [ -120.561979024999943, 46.619629769000028 ], [ -120.562094627999912, 46.619360633000049 ], [ -120.562136521999918, 46.619018870000019 ], [ -120.562092418, 46.617426390000062 ], [ -120.562060862999957, 46.617237370000055 ], [ -120.561923152999938, 46.616873853000087 ], [ -120.561836867, 46.616673466000023 ], [ -120.560968251999981, 46.615274749000022 ], [ -120.560916298999942, 46.615077855000074 ], [ -120.560958240999952, 46.614331454000045 ], [ -120.561016753, 46.614167922000014 ], [ -120.561301615000019, 46.613584035000024 ], [ -120.561571025999939, 46.612979159000069 ], [ -120.561622788999955, 46.610813687000039 ], [ -120.561684573, 46.610470970000016 ], [ -120.561939791999976, 46.609648871000033 ], [ -120.561950041000031, 46.609040108000023 ], [ -120.561956798999972, 46.607114512000038 ], [ -120.562035184999971, 46.605199673000051 ], [ -120.562072072, 46.604837431000099 ], [ -120.562001446999929, 46.603526375000072 ], [ -120.561995560999975, 46.602725668000076 ], [ -120.561979531999981, 46.601752468000022 ], [ -120.561974714999934, 46.601453575000072 ], [ -120.561961867999941, 46.600653644000054 ], [ -120.561949593999898, 46.599919180000036 ], [ -120.56194445999995, 46.599610721000033 ], [ -120.561938122999948, 46.599229846000071 ], [ -120.561932152999987, 46.598818888000039 ], [ -120.561928388999945, 46.59849220500007 ], [ -120.56192413399998, 46.59812296900003 ], [ -120.561920646999965, 46.597820436000063 ], [ -120.561917580999989, 46.597554363000029 ], [ -120.56191569899994, 46.597390979000068 ], [ -120.561912493999955, 46.597112811000045 ], [ -120.561920775999965, 46.596884396000064 ], [ -120.561930194999945, 46.596821524000063 ], [ -120.561955417999968, 46.59663551400007 ], [ -120.561999280999942, 46.596393420000027 ], [ -120.56200714199997, 46.59631029500008 ], [ -120.561302148999971, 46.596313620000046 ], [ -120.56059195399996, 46.596316965000028 ], [ -120.55988051199995, 46.596316083000033 ], [ -120.558731016999957, 46.596314648000032 ], [ -120.55840898799994, 46.59631424500003 ], [ -120.55666163799998, 46.596326605000058 ], [ -120.555338444999961, 46.596336937000046 ], [ -120.554045586999962, 46.596349037000039 ], [ -120.552721393999946, 46.59635471100006 ], [ -120.551396194999938, 46.596347773000048 ], [ -120.551376998999956, 46.596071 ], [ -120.551384431999963, 46.595377750000068 ], [ -120.551382010999987, 46.594280488000038 ], [ -120.551380219999942, 46.59341121500006 ], [ -120.551378885999952, 46.592762486000026 ], [ -120.552693041999987, 46.592754694000064 ], [ -120.553994769999974, 46.592746889000068 ], [ -120.555783276999989, 46.592736176000074 ], [ -120.556687233, 46.592735732000051 ], [ -120.558491649999951, 46.592723941000031 ], [ -120.559291678999955, 46.592718731000048 ], [ -120.561903584, 46.592703380000046 ], [ -120.567121430999975, 46.592678671000044 ], [ -120.568427632999942, 46.592673184000034 ], [ -120.569492183999955, 46.592668687000071 ], [ -120.571029098999986, 46.592663887000072 ], [ -120.572365639999987, 46.592665021000073 ], [ -120.572365091, 46.592636429000038 ], [ -120.572356269999943, 46.592177814000081 ], [ -120.572347853999986, 46.591740222000055 ], [ -120.572354811999958, 46.59162746100003 ], [ -120.572337422999965, 46.591197862000058 ], [ -120.572333712999978, 46.590810668000074 ], [ -120.572321304999946, 46.590359746000047 ], [ -120.572318656999983, 46.589913701000057 ], [ -120.572318100999951, 46.589819884000065 ], [ -120.572316073999957, 46.589489881000077 ], [ -120.572313023999982, 46.588993210000069 ], [ -120.572310363999975, 46.588573107000059 ], [ -120.572307329999944, 46.588093814000047 ], [ -120.572305471, 46.587800117000029 ], [ -120.572300538999968, 46.587322762000042 ], [ -120.572295711999971, 46.586940775000073 ], [ -120.572291058999951, 46.586572516000047 ], [ -120.572285175, 46.586107024000057 ], [ -120.572280348, 46.58572498400008 ], [ -120.572275893999972, 46.585372632000031 ], [ -120.572279398999967, 46.584926788000075 ], [ -120.572283177999964, 46.584493507000047 ], [ -120.572293626999965, 46.584038816000032 ], [ -120.572299155999985, 46.583798186000081 ], [ -120.572307897999963, 46.58342059000006 ], [ -120.572315610999965, 46.583087354000043 ], [ -120.572325802999956, 46.582641823000074 ], [ -120.572331584999972, 46.582389034000073 ], [ -120.572341793999954, 46.581954633000066 ], [ -120.572346913, 46.581803535000063 ], [ -120.572385398, 46.581734049000033 ], [ -120.572885547999988, 46.581739375000041 ], [ -120.573764406999942, 46.581748728000036 ], [ -120.574833677999948, 46.581760098000075 ], [ -120.576153518999945, 46.581774118000055 ], [ -120.577029787999948, 46.581783418000043 ], [ -120.577126891999967, 46.581784448000064 ], [ -120.577191272, 46.58178513200005 ], [ -120.577215202, 46.581785386000035 ], [ -120.577240556, 46.581786642000054 ], [ -120.577241317999949, 46.581786650000026 ], [ -120.577641799, 46.581790898000065 ], [ -120.577685086999963, 46.581791356000053 ], [ -120.577747457999976, 46.581792018000044 ], [ -120.577747139999985, 46.581846434000056 ], [ -120.577745267999944, 46.582166589000053 ], [ -120.577743339, 46.58249618900004 ], [ -120.577741358999958, 46.582834839000043 ], [ -120.577739349999945, 46.583178291000081 ], [ -120.577737341999978, 46.583521651000069 ], [ -120.577735332999964, 46.583865174000039 ], [ -120.577733481999985, 46.584181525000076 ], [ -120.577731339999957, 46.584551942000076 ], [ -120.57772953999995, 46.584863115000076 ], [ -120.577728011999966, 46.585127464000038 ], [ -120.577727812999967, 46.58541410600003 ], [ -120.583095711999988, 46.585485169000037 ], [ -120.583095725999954, 46.585486153000033 ], [ -120.583097119811981, 46.585584407721242 ], [ -120.583097169999974, 46.58548617200006 ], [ -120.583946788, 46.585509845000047 ], [ -120.584917275999942, 46.585527605000038 ], [ -120.586510423999982, 46.585556741000062 ], [ -120.589062378999984, 46.585601119000046 ], [ -120.590971860999957, 46.585631627000055 ], [ -120.593731440999989, 46.585661070000072 ], [ -120.593930604999969, 46.585663083000043 ], [ -120.59441745099997, 46.585673375000056 ], [ -120.595202815, 46.585689975000037 ], [ -120.596476314999961, 46.585702239000057 ], [ -120.597228855999958, 46.585706520000031 ], [ -120.597518376999972, 46.585715770000036 ], [ -120.597748950999971, 46.585727073000044 ], [ -120.597968563999984, 46.585739262000061 ], [ -120.598118545999966, 46.585747914000081 ], [ -120.598417268999981, 46.585765145000039 ], [ -120.598629873, 46.585765546000061 ], [ -120.598962257999972, 46.585766172000035 ], [ -120.599803007999981, 46.585780083000031 ], [ -120.600122426999974, 46.585784567000076 ], [ -120.600687899999969, 46.58579250400004 ], [ -120.601209821999987, 46.585799827000073 ], [ -120.601585683999986, 46.585802268000066 ], [ -120.602194391999944, 46.585808494000048 ], [ -120.602352116999953, 46.585810107000043 ], [ -120.602475458999947, 46.585807162000037 ], [ -120.602583225999979, 46.58580458800003 ], [ -120.602703212, 46.585801723000031 ], [ -120.602970107999965, 46.585781690000033 ], [ -120.603216221999958, 46.585763217000078 ], [ -120.60334112299995, 46.585755680000034 ], [ -120.603645451999967, 46.585741451000047 ], [ -120.603821590999985, 46.585736340000039 ], [ -120.604002844999968, 46.585733631000039 ], [ -120.604218369999955, 46.58573393000006 ], [ -120.604327366999939, 46.585735140000054 ], [ -120.608692032999954, 46.585778379000033 ], [ -120.610281973999975, 46.585787398000036 ], [ -120.610987460999979, 46.585792222000066 ], [ -120.611589932999948, 46.585792342000047 ], [ -120.612607226999955, 46.585798901000032 ], [ -120.614112494999972, 46.585808589000067 ], [ -120.614799, 46.585813 ], [ -120.614800662999983, 46.584911481000063 ], [ -120.614800751999951, 46.584863690000077 ], [ -120.614807921999954, 46.583058701000027 ], [ -120.614809970999943, 46.581355769000027 ], [ -120.614959812, 46.581338309000046 ], [ -120.61495980899997, 46.581337136000059 ], [ -120.614775684, 46.581359765000059 ], [ -120.614775641, 46.58135982500005 ], [ -120.614361665, 46.581470588000059 ], [ -120.61309238399997, 46.58182692500003 ], [ -120.613028, 46.581845 ], [ -120.612643618, 46.58184446100006 ], [ -120.612217311, 46.581843863000074 ], [ -120.611380860999986, 46.581842685000026 ], [ -120.610722926999983, 46.581841755000028 ], [ -120.610190411999952, 46.581840999000065 ], [ -120.609495593999952, 46.581840009000075 ], [ -120.608790474999978, 46.58183899900007 ], [ -120.608275677, 46.581618174000027 ], [ -120.607724755, 46.581381850000071 ], [ -120.607407855999952, 46.581245909000074 ], [ -120.606910589, 46.581032798000081 ], [ -120.606399243999988, 46.580813235000051 ], [ -120.606005448999952, 46.580644505000066 ], [ -120.605880604999982, 46.580591481000056 ], [ -120.605742567, 46.580533714000069 ], [ -120.605671435999966, 46.580486766000035 ], [ -120.605192851999959, 46.58030039700003 ], [ -120.605078747, 46.580246948000081 ], [ -120.604572282999982, 46.580029669000055 ], [ -120.604305, 46.579915 ], [ -120.604304944999967, 46.579915003000053 ], [ -120.604311796, 46.578805198000055 ], [ -120.604305855999939, 46.575707701000056 ], [ -120.604300723999984, 46.573031223000044 ], [ -120.604297032999966, 46.571106563000058 ], [ -120.604293603999963, 46.571072422000043 ], [ -120.604329451999945, 46.570236471000044 ], [ -120.604303310999967, 46.56982268400003 ], [ -120.604319662999956, 46.569126094000069 ], [ -120.604321453999944, 46.568558771000028 ], [ -120.604322094999986, 46.568091720000041 ], [ -120.604322272, 46.567962181000041 ], [ -120.60432246299996, 46.567823169000064 ], [ -120.604322563999972, 46.567748901000073 ], [ -120.604322617999969, 46.567709734000061 ], [ -120.604325067, 46.567690622000043 ], [ -120.604331983999941, 46.567669192000039 ], [ -120.604337922999946, 46.567656161000059 ], [ -120.604350308999983, 46.567635926000037 ], [ -120.604361711999957, 46.567621434000046 ], [ -120.604384531, 46.567599048000034 ], [ -120.60440587, 46.567582918000028 ], [ -120.60444608399996, 46.567560515000025 ], [ -120.604469920999975, 46.567550724000057 ], [ -120.60450270299998, 46.567540668000049 ], [ -120.604525554999952, 46.56753559200007 ], [ -120.604552384999977, 46.567531454000061 ], [ -120.604580211999973, 46.567529114000081 ], [ -120.60466400599995, 46.567529335000074 ], [ -120.604904114999954, 46.567529964000073 ], [ -120.605252032999942, 46.567530875000045 ], [ -120.605522712999971, 46.567531584000051 ], [ -120.605884359999948, 46.567532568000047 ], [ -120.606119097999965, 46.567533390000051 ], [ -120.606789876, 46.567535734000046 ], [ -120.608258881999973, 46.567540854000072 ], [ -120.608954597999968, 46.56754327200008 ], [ -120.609518140999967, 46.567545228000029 ], [ -120.609571330999984, 46.567647068000042 ], [ -120.609583608999969, 46.567652601000077 ], [ -120.610508555999957, 46.56765835200008 ], [ -120.611939559999939, 46.56766723700008 ], [ -120.613847970999984, 46.567679056000031 ], [ -120.614843945999951, 46.567685212000072 ], [ -120.614832785999965, 46.567559384000049 ], [ -120.614820972999951, 46.566200647000073 ], [ -120.614821657999983, 46.565993798000079 ], [ -120.614824307, 46.565130329000056 ] ] ] ] } },
{ "type": "Feature", "properties": { "DISTRICT": "Garfield County District 1", "OFFICE": "County Commissioner District 1", "JURISDICTION": "County Council", "RACE": "Garfield County District 1 County Commissioner District 1", "Name_1": "Beau Blachly", "Party_1": "None_1", "Votes_1": "0", "Name_2": "Vonda Vonni Mulrony", "Party_2": "None_3", "Votes_2": "0", "Name_3": "Write-In", "Party_3": "None_2", "Votes_3": "0", "Name_4": null, "Party_4": null, "Votes_4": "0", "Name_5": null, "Party_5": null, "Votes_5": "0", "Name_6": null, "Party_6": null, "Votes_6": "0", "Name_7": null, "Party_7": null, "Votes_7": "0", "Votes_total": "0", "Pct_1": null, "Pct_2": null, "Pct_3": null, "Pct_4": null, "Pct_5": null, "Pct_6": null, "Pct_7": null, "Margin": 0.0 }, "geometry": { "type": "Polygon", "coordinates": [ [ [ -117.595183820999978, 46.47548604800005 ], [ -117.595273820999978, 46.47539604800005 ], [ -117.595403821, 46.47530604800005 ], [ -117.595640820999961, 46.475196048000043 ], [ -117.595903820999979, 46.475076048000062 ], [ -117.595963820999941, 46.475056048000056 ], [ -117.596002820999956, 46.475042048000034 ], [ -117.596083820999979, 46.475016048000043 ], [ -117.59612182099994, 46.475008048000063 ], [ -117.59616282099995, 46.475000048000027 ], [ -117.596183820999954, 46.474996048000037 ], [ -117.596323820999942, 46.47497604800003 ], [ -117.596449820999965, 46.474969048000048 ], [ -117.596523820999948, 46.474966048000056 ], [ -117.596674846999974, 46.474922897000056 ], [ -117.596702114999971, 46.474921691000077 ], [ -117.596708171999978, 46.474913376000075 ], [ -117.596733820999987, 46.474906047000047 ], [ -117.596833820999962, 46.47485604700006 ], [ -117.596873820999974, 46.474816047000047 ], [ -117.596913820999987, 46.47476604700006 ], [ -117.596963820999974, 46.474716047000072 ], [ -117.596983820999981, 46.474666047000028 ], [ -117.597003820999987, 46.474576047000028 ], [ -117.597003820999987, 46.474556047000078 ], [ -117.597024821, 46.474449047000064 ], [ -117.597083820999956, 46.47416604700004 ], [ -117.597166820999973, 46.474174047000076 ], [ -117.597371820999967, 46.474193047000028 ], [ -117.597393820999969, 46.474196047000078 ], [ -117.598235822, 46.47428504700008 ], [ -117.598523821999947, 46.474316047000059 ], [ -117.598814821999952, 46.47434604700004 ], [ -117.599373821999961, 46.474406047000059 ], [ -117.599690821999957, 46.474437047000038 ], [ -117.599983821999956, 46.474466047000078 ], [ -117.600273821999963, 46.474493047000067 ], [ -117.600610821999965, 46.474524047000045 ], [ -117.601053821999983, 46.474566047000053 ], [ -117.601143821999983, 46.47457504700003 ], [ -117.601433822, 46.474606047000066 ], [ -117.601412821999986, 46.474699047000058 ], [ -117.601350821999972, 46.474981047000028 ], [ -117.601343822, 46.475016047000054 ], [ -117.601353821999965, 46.475076047000073 ], [ -117.601513821999959, 46.475156047000041 ], [ -117.601583821999952, 46.475176047000048 ], [ -117.601613822, 46.475176047000048 ], [ -117.601653821999946, 46.475326047000067 ], [ -117.601693822999948, 46.475446047000048 ], [ -117.601743823, 46.475526047000074 ], [ -117.601803822999955, 46.475586047000036 ], [ -117.601833823, 46.475626047000048 ], [ -117.601913822999961, 46.475646047000055 ], [ -117.602083822999987, 46.475676047000036 ], [ -117.602493822999975, 46.475696047000042 ], [ -117.602583822999975, 46.475696047000042 ], [ -117.602813822999963, 46.475756047000061 ], [ -117.603003823, 46.475756047000061 ], [ -117.603243822999957, 46.47574604700003 ], [ -117.603403822999951, 46.475706047000074 ], [ -117.603573822999977, 46.47565604700003 ], [ -117.603633822999939, 46.475616047000074 ], [ -117.603653822999945, 46.475586047000036 ], [ -117.603673822999951, 46.475536047000048 ], [ -117.603663822999977, 46.475266047000048 ], [ -117.603653822999945, 46.475176047000048 ], [ -117.603633822999939, 46.475136047000035 ], [ -117.603593822999983, 46.475096047000079 ], [ -117.603493822999951, 46.475056047000066 ], [ -117.602833822999969, 46.474936047000028 ], [ -117.602840822999951, 46.474899047000065 ], [ -117.602865822999945, 46.474791047000053 ], [ -117.602873822999982, 46.474756047000028 ], [ -117.603164822999986, 46.474784047000071 ], [ -117.604040823, 46.474868047000029 ], [ -117.604223822999984, 46.474886047000041 ], [ -117.604333823, 46.474886047000041 ], [ -117.604378823, 46.474699047000058 ], [ -117.604423823, 46.474516047000066 ], [ -117.604453822999972, 46.474416047000034 ], [ -117.604515822999986, 46.474141047000046 ], [ -117.60453382299994, 46.474066047000065 ], [ -117.604543822999972, 46.474006047000046 ], [ -117.604563822999978, 46.473956047000058 ], [ -117.604581823, 46.473878047000028 ], [ -117.604638822999959, 46.47364804700004 ], [ -117.604658822999966, 46.473571047000064 ], [ -117.604682822999962, 46.473470047000035 ], [ -117.60471382299994, 46.473346047000064 ], [ -117.604751822999958, 46.473167047000061 ], [ -117.60477382299996, 46.473066047000032 ], [ -117.606186822999973, 46.473234046000073 ], [ -117.607643822999989, 46.473346046000074 ], [ -117.607679822999955, 46.473169046000066 ], [ -117.607733823, 46.47291604600008 ], [ -117.607800823, 46.472641046000035 ], [ -117.607843822999939, 46.472466046000079 ], [ -117.607686823, 46.472450046000063 ], [ -117.607218822999982, 46.47240204600007 ], [ -117.607062822999978, 46.472387046000051 ], [ -117.606922823, 46.472372046000032 ], [ -117.606502822999971, 46.472330046000081 ], [ -117.606363822999981, 46.47231604600006 ], [ -117.606080822999957, 46.472287046000076 ], [ -117.605483822999986, 46.47222604600006 ], [ -117.605234821999943, 46.472197046000076 ], [ -117.60495382199997, 46.472166046000041 ], [ -117.60492082199994, 46.472162046000051 ], [ -117.604821821999963, 46.472153046000074 ], [ -117.604789821999987, 46.472150046000081 ], [ -117.604527821999966, 46.472125046000031 ], [ -117.603744821999953, 46.472050047000039 ], [ -117.603483821999987, 46.472026047000043 ], [ -117.603188822, 46.471997047000059 ], [ -117.602306821999946, 46.471913047000044 ], [ -117.60223382199996, 46.471906047000061 ], [ -117.602013821999947, 46.47187604700008 ], [ -117.601722821999942, 46.471844047000047 ], [ -117.600852821999979, 46.471748047000062 ], [ -117.60056382199997, 46.471716047000029 ], [ -117.600271820999978, 46.471689047000041 ], [ -117.599395820999973, 46.471611047000067 ], [ -117.599103820999972, 46.471586047000073 ], [ -117.598808820999977, 46.471556047000036 ], [ -117.597926820999987, 46.471466047000035 ], [ -117.597633820999988, 46.471436047000054 ], [ -117.597631821, 46.471344047000059 ], [ -117.597626846999958, 46.471115270000041 ], [ -117.597625820999951, 46.471068047000074 ], [ -117.597623820999956, 46.470976047000079 ], [ -117.59750582099997, 46.470974047000027 ], [ -117.597151820999954, 46.470968047000042 ], [ -117.597033820999968, 46.470966047000047 ], [ -117.596874820999972, 46.470966047000047 ], [ -117.596397820999982, 46.470966047000047 ], [ -117.596238820999986, 46.470966047000047 ], [ -117.596123821, 46.470966047000047 ], [ -117.59589281999996, 46.470963047000055 ], [ -117.595243819999951, 46.470956047000072 ], [ -117.595233819999976, 46.471386047000067 ], [ -117.595223821, 46.472146047000081 ], [ -117.594827820999967, 46.47216604700003 ], [ -117.594653820999952, 46.472176047000062 ], [ -117.594537819999971, 46.472176048000051 ], [ -117.594524821, 46.472511048000058 ], [ -117.594499820999943, 46.47252504800008 ], [ -117.594375820999971, 46.472592048000081 ], [ -117.59422682099995, 46.472656048000033 ], [ -117.594113820999951, 46.472706048000077 ], [ -117.593931820999956, 46.472761048000052 ], [ -117.59358181999994, 46.472808048000047 ], [ -117.593454819999977, 46.472790048000036 ], [ -117.593341819999978, 46.472770048000029 ], [ -117.59304382, 46.472718048000047 ], [ -117.592905819999942, 46.472694048000051 ], [ -117.59274481999995, 46.472676048000039 ], [ -117.59256481999995, 46.472656048000033 ], [ -117.591905819999965, 46.472646048000058 ], [ -117.591840819999959, 46.472646048000058 ], [ -117.59153981999998, 46.472650048000048 ], [ -117.591251819999968, 46.472653048000041 ], [ -117.591231819999962, 46.472654048000038 ], [ -117.590794819999985, 46.472597048000068 ], [ -117.590572819999977, 46.472554048000063 ], [ -117.590402819999952, 46.472515048000048 ], [ -117.590157819999945, 46.472459048000076 ], [ -117.59015581999995, 46.472494048000044 ], [ -117.590152819999958, 46.472531048000064 ], [ -117.590154819999952, 46.472600048000061 ], [ -117.590156819999947, 46.472636048000027 ], [ -117.590156819999947, 46.472716048000052 ], [ -117.59015581999995, 46.472956048000071 ], [ -117.590156819999947, 46.47303604800004 ], [ -117.590153819999955, 46.473089048000077 ], [ -117.590153819999955, 46.473136048000072 ], [ -117.590150819999963, 46.473224048000077 ], [ -117.59014381999998, 46.473536048000028 ], [ -117.59014381999998, 46.473736048000035 ], [ -117.590140819999988, 46.473788048000074 ], [ -117.590133819999949, 46.473976048000054 ], [ -117.589987797, 46.473977041000069 ], [ -117.589839819999952, 46.473978048000049 ], [ -117.58901382, 46.473986048000029 ], [ -117.588957819999962, 46.473986048000029 ], [ -117.588663819999965, 46.473986048000029 ], [ -117.588643819999959, 46.474576048000074 ], [ -117.588623819999953, 46.474726048000036 ], [ -117.588613819999978, 46.474746048000043 ], [ -117.58760381999997, 46.474746048000043 ], [ -117.587303819999988, 46.474736048000068 ], [ -117.587213819999988, 46.474646048000068 ], [ -117.587173819999975, 46.474536048000061 ], [ -117.587163819999944, 46.474136048000048 ], [ -117.587153819999969, 46.473976048000054 ], [ -117.586813818999985, 46.473966048000079 ], [ -117.585693818999971, 46.473986049000075 ], [ -117.585695818999966, 46.473852049000072 ], [ -117.585703818999946, 46.473536049000074 ], [ -117.585703818999946, 46.473450049000064 ], [ -117.585703818999946, 46.473316048000072 ], [ -117.585703818999946, 46.47303604800004 ], [ -117.585694818999968, 46.472629048000044 ], [ -117.585693818999971, 46.472606048000046 ], [ -117.585693818999971, 46.472503048000078 ], [ -117.585693818999971, 46.472196048000058 ], [ -117.585693818999971, 46.472094048000031 ], [ -117.585693818999971, 46.471924048000062 ], [ -117.585693818999971, 46.47141504800004 ], [ -117.585693818999971, 46.471246048000069 ], [ -117.585963818999971, 46.471248048000064 ], [ -117.586723818999985, 46.471256048000043 ], [ -117.586773818999973, 46.471257048000041 ], [ -117.587043818999973, 46.47126404800008 ], [ -117.587398818999986, 46.47127204800006 ], [ -117.587913819, 46.471286048000081 ], [ -117.588263818999962, 46.471306048000031 ], [ -117.588464818999967, 46.471289048000074 ], [ -117.588763818999951, 46.471266048000075 ], [ -117.58881981899998, 46.47126404800008 ], [ -117.589084819, 46.471251048000056 ], [ -117.58923281899996, 46.471244048000074 ], [ -117.589884818999963, 46.471242048000079 ], [ -117.589936818999945, 46.471242048000079 ], [ -117.589996317999976, 46.471244539000054 ], [ -117.590151818999971, 46.471251048000056 ], [ -117.590147818999981, 46.471189048000042 ], [ -117.590145818999986, 46.471160048000058 ], [ -117.590125818999979, 46.471006048000049 ], [ -117.590117818999943, 46.47094604800003 ], [ -117.590081818999977, 46.470808048000038 ], [ -117.589974818999963, 46.470385048000026 ], [ -117.590593819, 46.470356048000042 ], [ -117.590863819, 46.470356048000042 ], [ -117.591073818999973, 46.47038604800008 ], [ -117.591463819999944, 46.47038604800008 ], [ -117.591983819999939, 46.470376048000048 ], [ -117.593016819999946, 46.470375048000051 ], [ -117.594493819999968, 46.470366047000027 ], [ -117.594542819999958, 46.47036504700003 ], [ -117.595523819999983, 46.470356047000053 ], [ -117.596432819999961, 46.470367047000082 ], [ -117.597063820999949, 46.470376047000059 ], [ -117.597063820999949, 46.470287047000056 ], [ -117.597063820999949, 46.47013604700004 ], [ -117.597068819999947, 46.470023047000041 ], [ -117.59707382, 46.469936047000033 ], [ -117.598103820999938, 46.469946047000064 ], [ -117.598923820999971, 46.469926047000058 ], [ -117.599723820999941, 46.469936047000033 ], [ -117.600693821, 46.469966047000071 ], [ -117.600713820999943, 46.469976047000046 ], [ -117.600715821, 46.470060047000061 ], [ -117.600721820999979, 46.47031204700005 ], [ -117.600723820999974, 46.470396047000065 ], [ -117.600723820999974, 46.470486047000065 ], [ -117.600721820999979, 46.470508047000067 ], [ -117.600699820999978, 46.470844047000071 ], [ -117.60069823799995, 46.470873604000076 ], [ -117.600693821, 46.470956047000072 ], [ -117.600996820999967, 46.470959047000065 ], [ -117.601453821999939, 46.470966047000047 ], [ -117.601908821999984, 46.470966047000047 ], [ -117.602213821999953, 46.470966047000047 ], [ -117.602510821999942, 46.470968047000042 ], [ -117.603404821999959, 46.470974047000027 ], [ -117.603703821999943, 46.470976046000033 ], [ -117.603657821999946, 46.471185047000063 ], [ -117.603603821999968, 46.471436047000054 ], [ -117.603583821999962, 46.471556047000036 ], [ -117.604403821999938, 46.471656046000078 ], [ -117.604627821999941, 46.471677046000025 ], [ -117.605043821999971, 46.47171604600004 ], [ -117.605173821999983, 46.471726046000072 ], [ -117.605993822999949, 46.471816046000072 ], [ -117.606453822999981, 46.471856046000028 ], [ -117.606683822999969, 46.471876046000034 ], [ -117.607804101999989, 46.471992555000043 ], [ -117.607933822999939, 46.472006046000047 ], [ -117.607998822999946, 46.47174504600008 ], [ -117.608043822999946, 46.471566046000078 ], [ -117.608329822999963, 46.471590046000074 ], [ -117.609187822999957, 46.471664046000058 ], [ -117.609323822999954, 46.471676046000027 ], [ -117.609473822999973, 46.471696046000034 ], [ -117.609438822999948, 46.471878046000029 ], [ -117.609383822999973, 46.472166046000041 ], [ -117.609336822999978, 46.472425046000069 ], [ -117.609333822999986, 46.472446046000073 ], [ -117.609293822999973, 46.472606046000067 ], [ -117.609250822999968, 46.472783046000075 ], [ -117.609183822999967, 46.473066046000042 ], [ -117.609124822999945, 46.473317046000034 ], [ -117.609083823, 46.473496046000037 ], [ -117.609067822999975, 46.473586046000037 ], [ -117.609019823999972, 46.47385504600004 ], [ -117.609003823999956, 46.473946046000037 ], [ -117.608913823999956, 46.474396046000038 ], [ -117.608753823999962, 46.474386046000063 ], [ -117.608013822999965, 46.474286046000032 ], [ -117.607483822999939, 46.47416604600005 ], [ -117.60744482299998, 46.474317046000067 ], [ -117.607293822999964, 46.474896046000026 ], [ -117.606943823, 46.474836046000064 ], [ -117.606673823, 46.474816046000058 ], [ -117.606263822999949, 46.474806046000026 ], [ -117.605693531999975, 46.474815879000062 ], [ -117.605683823, 46.474816047000047 ], [ -117.605690167999967, 46.474829118000059 ], [ -117.60573382299998, 46.474919047000071 ], [ -117.605781822999973, 46.47500304700003 ], [ -117.605773823, 46.475242047000052 ], [ -117.605783822999967, 46.475514047000047 ], [ -117.605763822999961, 46.475596047000067 ], [ -117.605763822999961, 46.475646047000055 ], [ -117.605693822999967, 46.47601604700003 ], [ -117.605603822999967, 46.476326047000043 ], [ -117.605592822999938, 46.476345047000052 ], [ -117.605323823, 46.476806047000025 ], [ -117.605290822999962, 46.476866047000044 ], [ -117.605163823999987, 46.477106047000063 ], [ -117.604883823999955, 46.477776047000077 ], [ -117.604813823999962, 46.477906047000033 ], [ -117.604673823999974, 46.478116047000071 ], [ -117.604493823999974, 46.478356047000034 ], [ -117.604433823999955, 46.478448047000029 ], [ -117.604163823999954, 46.478866047000054 ], [ -117.604120823999949, 46.478962047000039 ], [ -117.604113823999967, 46.47897604700006 ], [ -117.604023823999967, 46.47930604700008 ], [ -117.604019823999977, 46.479320047000044 ], [ -117.603933823999967, 46.479726047000042 ], [ -117.603923824, 46.479856047000055 ], [ -117.603973823999979, 46.480086047000043 ], [ -117.604053823999948, 46.480306047000056 ], [ -117.604058824, 46.480332047000047 ], [ -117.60405682399994, 46.480407047000028 ], [ -117.604053823999948, 46.480606047000038 ], [ -117.60400782399995, 46.480773047000071 ], [ -117.603993823999986, 46.48082604700005 ], [ -117.603971823999984, 46.480871047000051 ], [ -117.603893823999954, 46.481036047000032 ], [ -117.603870823999955, 46.481165047000047 ], [ -117.603863823999973, 46.481206047000057 ], [ -117.603870823999955, 46.481269047000069 ], [ -117.603889823999964, 46.481431047000058 ], [ -117.60391382399996, 46.481636047000052 ], [ -117.603980823999962, 46.481914047000032 ], [ -117.60400382399996, 46.482006047000027 ], [ -117.604034823999939, 46.482068047000041 ], [ -117.604083823999986, 46.482166047000078 ], [ -117.604085718999954, 46.482169836000025 ], [ -117.604089816999988, 46.482178032000036 ], [ -117.604220830999964, 46.482178367000074 ], [ -117.604323533999946, 46.482178628000042 ], [ -117.605606476999981, 46.48218188900006 ], [ -117.606068463999975, 46.482183064000026 ], [ -117.606077272999983, 46.481422395000038 ], [ -117.606090677999987, 46.480264788000056 ], [ -117.606090729999949, 46.480260319000081 ], [ -117.606110689, 46.478536772000041 ], [ -117.606712022999943, 46.478540423000027 ], [ -117.606719646999977, 46.478540469000052 ], [ -117.608676267999954, 46.478552348000051 ], [ -117.610253657999976, 46.478561924000076 ], [ -117.610640512999964, 46.478564273000075 ], [ -117.611375209999949, 46.478568733000031 ], [ -117.612238656999978, 46.47856826900005 ], [ -117.612604757999975, 46.478568073000076 ], [ -117.614102963999983, 46.478567268000063 ], [ -117.614569002999986, 46.478567017000046 ], [ -117.614708641999982, 46.478566942000043 ], [ -117.616079105999972, 46.478566206000039 ], [ -117.616533247999939, 46.478565962000062 ], [ -117.616713174999973, 46.478565865000064 ], [ -117.618079041999977, 46.478565131000039 ], [ -117.619468069, 46.478564385000027 ], [ -117.62164189799995, 46.47856321900008 ], [ -117.621826530999954, 46.478563118000068 ], [ -117.621840371999951, 46.478563110000039 ], [ -117.621836815, 46.480123028000037 ], [ -117.621835606, 46.480653305000033 ], [ -117.621835591999968, 46.480659334000052 ], [ -117.622197159999985, 46.480659778000074 ], [ -117.622986172999958, 46.479432862000067 ], [ -117.627104086999964, 46.47938496900008 ], [ -117.627104258999964, 46.479209497000056 ], [ -117.627104761999988, 46.478693656000075 ], [ -117.627104918999976, 46.478532781000069 ], [ -117.628423722999969, 46.478530298000067 ], [ -117.62842345699994, 46.478463092000027 ], [ -117.628422229999956, 46.478153162000069 ], [ -117.628421536999952, 46.477978088000043 ], [ -117.628421252999942, 46.477906287000053 ], [ -117.62842113, 46.477875279000045 ], [ -117.62841825299995, 46.477148099000033 ], [ -117.628594827999962, 46.47711204400008 ], [ -117.628737827999942, 46.477052044000061 ], [ -117.628832827999986, 46.477011044000051 ], [ -117.628941827999938, 46.476933044000077 ], [ -117.629070827999954, 46.476843044000077 ], [ -117.629205827999954, 46.476712044000067 ], [ -117.629396827999983, 46.476580044000059 ], [ -117.629519827999957, 46.476526044000082 ], [ -117.629650827999967, 46.47647104400005 ], [ -117.629745827999955, 46.476457044000028 ], [ -117.629896827999971, 46.47638904400003 ], [ -117.630087827999944, 46.476343044000032 ], [ -117.630190827999968, 46.476342044000035 ], [ -117.630444827999952, 46.476404044000049 ], [ -117.630603827999948, 46.476466044000063 ], [ -117.631953827999951, 46.47637304400007 ], [ -117.632199827999955, 46.476376044000062 ], [ -117.632660827999985, 46.476445044000059 ], [ -117.633072828999957, 46.476529044000074 ], [ -117.633454828999959, 46.476644044000068 ], [ -117.634023828999943, 46.476664044000074 ], [ -117.634208828999988, 46.476671044000057 ], [ -117.634502828999985, 46.476710044000072 ], [ -117.634589829, 46.47674504400004 ], [ -117.635018828999989, 46.476833044000045 ], [ -117.63524082899994, 46.476859044000037 ], [ -117.635748828999965, 46.47684204400008 ], [ -117.636035828999979, 46.476913044000071 ], [ -117.636241828999971, 46.476988044000052 ], [ -117.636424828999964, 46.477027044000067 ], [ -117.63657582899998, 46.477045044000079 ], [ -117.63715482899994, 46.477032044000055 ], [ -117.637892829999942, 46.477082043000053 ], [ -117.638297829999942, 46.477152043000046 ], [ -117.638440829999979, 46.477191043000062 ], [ -117.638686829999983, 46.47717704300004 ], [ -117.63911582999998, 46.47707504300007 ], [ -117.639306829999953, 46.47699304300005 ], [ -117.639648829999942, 46.476789043000053 ], [ -117.639894829999946, 46.476698043000056 ], [ -117.640021829999966, 46.47667004300007 ], [ -117.640434829999947, 46.476699043000053 ], [ -117.640839829999948, 46.476683043000037 ], [ -117.641085829999952, 46.476601043000073 ], [ -117.641228829999989, 46.476577043000077 ], [ -117.641459829999974, 46.476585043000057 ], [ -117.641887829999973, 46.476664043000028 ], [ -117.642340829999966, 46.476765043000057 ], [ -117.642514829999982, 46.476737043000071 ], [ -117.642586829999971, 46.476710043000026 ], [ -117.642665829999942, 46.476655043000051 ], [ -117.642824829999938, 46.47661804300003 ], [ -117.643102829999975, 46.476603043000068 ], [ -117.643460829999981, 46.476542043000052 ], [ -117.644087829999989, 46.476395043000025 ], [ -117.644214830999942, 46.476394043000028 ], [ -117.644396831, 46.476425043000063 ], [ -117.644555831, 46.476487043000077 ], [ -117.644723830999965, 46.476526043000035 ], [ -117.645080830999973, 46.476511043000073 ], [ -117.645699830999945, 46.476390043000038 ], [ -117.646041831, 46.47625804300003 ], [ -117.646367830999964, 46.476085042000079 ], [ -117.646613830999968, 46.476007042000049 ], [ -117.647185830999945, 46.475896042000045 ], [ -117.647923830999957, 46.475806042000045 ], [ -117.648066831, 46.475742042000036 ], [ -117.648209830999974, 46.475611042000025 ], [ -117.648336831, 46.47546604200005 ], [ -117.648455830999978, 46.47538004200004 ], [ -117.648558830999946, 46.475362042000029 ], [ -117.648694830999943, 46.475388042000077 ], [ -117.648924830999988, 46.475373042000058 ], [ -117.649138830999959, 46.475291042000038 ], [ -117.649464830999989, 46.475055042000065 ], [ -117.649607830999969, 46.475000042000033 ], [ -117.649703830999954, 46.474991042000056 ], [ -117.650004831, 46.474998042000038 ], [ -117.65041783099997, 46.475032042000066 ], [ -117.651339831999962, 46.474927042000047 ], [ -117.651823832, 46.474902042000053 ], [ -117.652481831999978, 46.474831042000062 ], [ -117.65272883199998, 46.474762042000066 ], [ -117.652872831999957, 46.474662042000034 ], [ -117.652966831999947, 46.474580042000071 ], [ -117.653022831999976, 46.474571042000036 ], [ -117.653189831999953, 46.474692042000072 ], [ -117.653277831999958, 46.474723042000051 ], [ -117.653824831999941, 46.474702042000047 ], [ -117.65402383199995, 46.474638042000038 ], [ -117.654284831999973, 46.474515042000064 ], [ -117.654507831999979, 46.474522042000046 ], [ -117.654785831999959, 46.474548042000038 ], [ -117.655063831999939, 46.474609042000054 ], [ -117.65519883199994, 46.474667041000032 ], [ -117.655286831999945, 46.474662041000045 ], [ -117.655389831999969, 46.474625041000081 ], [ -117.655508831999953, 46.474669041000027 ], [ -117.655579831999944, 46.474759041000027 ], [ -117.655634831999976, 46.474849041000027 ], [ -117.655769831999976, 46.47484804100003 ], [ -117.65603183199994, 46.474680041000056 ], [ -117.65615083199998, 46.474679041000059 ], [ -117.656461832, 46.474763041000074 ], [ -117.656595832, 46.474744041000065 ], [ -117.656635831999949, 46.474699041000065 ], [ -117.656674831999965, 46.474609041000065 ], [ -117.656746831999953, 46.474550041000043 ], [ -117.656961831999979, 46.474504041000046 ], [ -117.657278832999964, 46.474488041000029 ], [ -117.657476832999976, 46.474447041000076 ], [ -117.657643832999952, 46.474333041000079 ], [ -117.657723832999977, 46.474315041000068 ], [ -117.657827832999942, 46.474319041000058 ], [ -117.658033833, 46.474317041000063 ], [ -117.658192832999987, 46.47428104100004 ], [ -117.658290832999967, 46.474223041000073 ], [ -117.658359832999963, 46.474181041000065 ], [ -117.658446832999971, 46.474158041000067 ], [ -117.658850832999974, 46.474304041000039 ], [ -117.659018832999948, 46.474303041000042 ], [ -117.659177832999944, 46.474270041000068 ], [ -117.659288832999948, 46.474211041000046 ], [ -117.659446832999947, 46.474071041000059 ], [ -117.659557832999951, 46.474034041000039 ], [ -117.659923833, 46.474091041000065 ], [ -117.660305832999939, 46.474156041000072 ], [ -117.660479832999954, 46.474164041000051 ], [ -117.660685832999945, 46.474095041000055 ], [ -117.661535832999959, 46.473748041000079 ], [ -117.662067832999981, 46.473331041000051 ], [ -117.662186832999964, 46.473258041000065 ], [ -117.662417832999949, 46.473140041000079 ], [ -117.66295783299995, 46.472980041000028 ], [ -117.663018832999967, 46.472953041000039 ], [ -117.663235832999987, 46.472856041000057 ], [ -117.663370832999988, 46.472689041000081 ], [ -117.663457832999939, 46.472684041000036 ], [ -117.663623832999974, 46.472760040000026 ], [ -117.663735832999976, 46.472772040000052 ], [ -117.663878832999956, 46.472718040000075 ], [ -117.664060832999951, 46.472681040000055 ], [ -117.664299832999973, 46.47267904000006 ], [ -117.664498832999982, 46.472687040000039 ], [ -117.66472883299997, 46.472654040000066 ], [ -117.664975833999961, 46.472572040000045 ], [ -117.66514183399994, 46.472494040000072 ], [ -117.665435834, 46.472335040000075 ], [ -117.665625833999968, 46.472289040000078 ], [ -117.66622883399998, 46.472317040000064 ], [ -117.666753833999962, 46.472319040000059 ], [ -117.667046833999962, 46.472258040000042 ], [ -117.667222833999972, 46.472172040000032 ], [ -117.667316833999962, 46.472086040000079 ], [ -117.667380833999971, 46.47192804000008 ], [ -117.667651833999969, 46.471710040000062 ], [ -117.668008833999977, 46.471483040000066 ], [ -117.668238833999965, 46.471342040000081 ], [ -117.668476833999989, 46.47124604000004 ], [ -117.668699834, 46.471187040000075 ], [ -117.668881834, 46.471190040000067 ], [ -117.668966833999946, 46.471229040000026 ], [ -117.66915983399997, 46.471319040000026 ], [ -117.669390833999955, 46.471322040000075 ], [ -117.669627833999982, 46.471244040000045 ], [ -117.670223833999955, 46.471106040000052 ], [ -117.670564833999947, 46.470973040000047 ], [ -117.671112833999985, 46.470826040000077 ], [ -117.671287833999941, 46.470717040000068 ], [ -117.671962833999942, 46.470101039000042 ], [ -117.672034833999987, 46.470002039000065 ], [ -117.672073833999946, 46.469884039000078 ], [ -117.672121833999938, 46.469807039000045 ], [ -117.672200833999966, 46.469717039000045 ], [ -117.672336833999964, 46.469590039000082 ], [ -117.672748833999947, 46.469300039000075 ], [ -117.672812833999956, 46.469232039000076 ], [ -117.672844833999989, 46.469173039000054 ], [ -117.672892833999981, 46.469047039000031 ], [ -117.67292383399996, 46.468759039000076 ], [ -117.672948833999953, 46.468619039000032 ], [ -117.672987833999969, 46.468538039000066 ], [ -117.673051833999978, 46.468448039000066 ], [ -117.673075833999974, 46.468272039000055 ], [ -117.673130833999949, 46.468105039000079 ], [ -117.673177833999944, 46.468019039000069 ], [ -117.673320833999981, 46.46786503900006 ], [ -117.673511833999953, 46.467756039000051 ], [ -117.673781833999954, 46.467656039000076 ], [ -117.67406783399997, 46.467519039000081 ], [ -117.674171834, 46.46743303900007 ], [ -117.674170834, 46.467352039000048 ], [ -117.674091833999967, 46.46716303900007 ], [ -117.674059834, 46.466988039000057 ], [ -117.674084833999984, 46.466871039000068 ], [ -117.674123833999943, 46.466785039000058 ], [ -117.674408833999962, 46.466599039000073 ], [ -117.674560833999976, 46.466495039000051 ], [ -117.675648833999958, 46.465786039000079 ], [ -117.676061833999938, 46.46559903900004 ], [ -117.676418833999946, 46.465413039000055 ], [ -117.67657483399995, 46.465300039000056 ], [ -117.676744833999976, 46.465177039000025 ], [ -117.676902833999975, 46.465041039000027 ], [ -117.677069833999951, 46.464923039000041 ], [ -117.677200833999962, 46.464871039000059 ], [ -117.677291833999959, 46.464836039000033 ], [ -117.677784833999965, 46.46476603800005 ], [ -117.678054833999965, 46.464670038000065 ], [ -117.678498833999981, 46.464415038000027 ], [ -117.678752833999965, 46.464319038000042 ], [ -117.679601833999982, 46.464125038000077 ], [ -117.680093834, 46.463951038000062 ], [ -117.680205834, 46.463946038000074 ], [ -117.680562834999989, 46.464011038000081 ], [ -117.680785835, 46.46402303800005 ], [ -117.680936834999954, 46.464004038000041 ], [ -117.681515834999971, 46.463875038000026 ], [ -117.682317835, 46.463636038000061 ], [ -117.682594834999975, 46.463504038000053 ], [ -117.682809834999944, 46.463368038000056 ], [ -117.68295283499998, 46.463313038000081 ], [ -117.683484834999945, 46.463238038000043 ], [ -117.683738834999986, 46.463160038000069 ], [ -117.684365835, 46.463057038000045 ], [ -117.684698834999949, 46.463037038000039 ], [ -117.685198835, 46.462966038000047 ], [ -117.686263834999977, 46.462852037000062 ], [ -117.687048834999985, 46.462712037000074 ], [ -117.687311834999946, 46.462616037000032 ], [ -117.687363834999985, 46.462577037000074 ], [ -117.687747834999982, 46.462285037000072 ], [ -117.687898835999988, 46.462235037000028 ], [ -117.688684836, 46.462158037000052 ], [ -117.688835835999953, 46.462121037000031 ], [ -117.689327835999961, 46.461929037000061 ], [ -117.689558835999946, 46.461883037000064 ], [ -117.689724835999982, 46.461877037000079 ], [ -117.68987283599995, 46.461917037000035 ], [ -117.690344835999952, 46.462044037000055 ], [ -117.690550835999943, 46.462057037000079 ], [ -117.690669835999984, 46.462029037000036 ], [ -117.690970835999963, 46.461910037000052 ], [ -117.691177835999952, 46.461891037000044 ], [ -117.691223835999949, 46.461901037000075 ], [ -117.691471835999948, 46.461961037000037 ], [ -117.691701836, 46.461969037000074 ], [ -117.691892835999965, 46.461945037000078 ], [ -117.691986835999955, 46.461971037000069 ], [ -117.692106836, 46.462047037000048 ], [ -117.692161835999968, 46.462110037000059 ], [ -117.692217835999941, 46.462141037000038 ], [ -117.692813835999971, 46.462232037000035 ], [ -117.69297983599995, 46.462240037000072 ], [ -117.693130835999966, 46.462203037000052 ], [ -117.693264835999969, 46.462216037000076 ], [ -117.69336883699998, 46.462256037000031 ], [ -117.693543837, 46.462250037000047 ], [ -117.693662836999977, 46.462263037000071 ], [ -117.693829836999953, 46.462325037000028 ], [ -117.693979836999972, 46.462427037000054 ], [ -117.69425083699997, 46.46268703700008 ], [ -117.694337836999978, 46.462731037000026 ], [ -117.694464836999941, 46.462726037000039 ], [ -117.694686836999949, 46.462626037000064 ], [ -117.694829836999986, 46.462598037000078 ], [ -117.695051837, 46.462619037000081 ], [ -117.69513283699996, 46.462648037000065 ], [ -117.695504836999987, 46.462783037000065 ], [ -117.695790836999947, 46.462821036000037 ], [ -117.695948836999946, 46.462829036000073 ], [ -117.696067836999987, 46.462811036000062 ], [ -117.696337836999987, 46.462733036000031 ], [ -117.696473836999985, 46.46266203600004 ], [ -117.696548836999966, 46.462622036000027 ], [ -117.696777836999956, 46.462503036000044 ], [ -117.696853837, 46.462464036000028 ], [ -117.697481836999941, 46.462604036000073 ], [ -117.698638837999965, 46.462830036000071 ], [ -117.699052837999943, 46.46289103600003 ], [ -117.699831837999966, 46.463062036000053 ], [ -117.701308837999989, 46.46336403600003 ], [ -117.70222083799996, 46.463412036000079 ], [ -117.702411837999989, 46.463478036000026 ], [ -117.702729838999971, 46.463643036000065 ], [ -117.702903838999987, 46.463687036000067 ], [ -117.703309838999985, 46.463707036000073 ], [ -117.703396839, 46.463720036000041 ], [ -117.70363483899996, 46.463795036000079 ], [ -117.703983838999989, 46.463796036000076 ], [ -117.704785838999953, 46.463801036000064 ], [ -117.705151838999939, 46.463839036000081 ], [ -117.705507838999949, 46.463891036000064 ], [ -117.705785838999986, 46.463988036000046 ], [ -117.705825838999942, 46.464012036000042 ], [ -117.705948838999973, 46.464085036000029 ], [ -117.705989838999983, 46.464110036000079 ], [ -117.706093838999948, 46.464016036000032 ], [ -117.706533838999974, 46.463636035000036 ], [ -117.706914838999978, 46.463343035000037 ], [ -117.707433838999975, 46.462946035000073 ], [ -117.707853838999938, 46.462656035000066 ], [ -117.708193838999989, 46.462376035000034 ], [ -117.708603838999977, 46.462016035000033 ], [ -117.708773838999946, 46.461836035000033 ], [ -117.708893838999984, 46.461656035000033 ], [ -117.709003839, 46.461556035000058 ], [ -117.709173838999959, 46.461426035000045 ], [ -117.709563838999941, 46.46114603500007 ], [ -117.709669838999957, 46.461039035000056 ], [ -117.709723839, 46.460986035000076 ], [ -117.709883838999986, 46.46081603500005 ], [ -117.710303838999948, 46.460316035000062 ], [ -117.71040383899998, 46.46021603500003 ], [ -117.71049383899998, 46.460176035000075 ], [ -117.710563838999974, 46.460136035000062 ], [ -117.710753838999949, 46.460076035000043 ], [ -117.710943838999981, 46.460026035000055 ], [ -117.711243838999962, 46.459966035000036 ], [ -117.711703838999938, 46.459906035000074 ], [ -117.711953838999989, 46.459896035000043 ], [ -117.712373838999952, 46.459896035000043 ], [ -117.713053839999986, 46.45994603500003 ], [ -117.713463839999974, 46.459986034000053 ], [ -117.713763839999956, 46.459986034000053 ], [ -117.713943839999956, 46.459976034000078 ], [ -117.71415384, 46.459936034000066 ], [ -117.71489583999994, 46.459756034000065 ], [ -117.715313839999965, 46.459656034000034 ], [ -117.71568383999994, 46.459556034000059 ], [ -117.715943839999966, 46.459476034000033 ], [ -117.717003839999961, 46.459066034000045 ], [ -117.717583839999975, 46.458886034000045 ], [ -117.718073839999988, 46.458756034000032 ], [ -117.718593839999983, 46.458636034000051 ], [ -117.718913839999971, 46.458576034000032 ], [ -117.719383839999978, 46.458546034000051 ], [ -117.719613840999955, 46.458566034000057 ], [ -117.719793840999955, 46.458586034000064 ], [ -117.720103840999968, 46.458546034000051 ], [ -117.720293840999943, 46.458496034000063 ], [ -117.720573840999975, 46.458376034000025 ], [ -117.720783840999957, 46.458266034000076 ], [ -117.721133840999983, 46.458126034000031 ], [ -117.721523840999964, 46.457986034000044 ], [ -117.721763840999984, 46.45791603300006 ], [ -117.72225384099994, 46.457796033000079 ], [ -117.723053840999967, 46.457626033000054 ], [ -117.723233840999967, 46.45755603300006 ], [ -117.723623840999949, 46.457356033000053 ], [ -117.723773840999968, 46.457256033000078 ], [ -117.723903840999981, 46.457146033000072 ], [ -117.723983840999949, 46.45704603300004 ], [ -117.724093840999956, 46.456886033000046 ], [ -117.724203840999962, 46.456626033000077 ], [ -117.724663841, 46.455396033000056 ], [ -117.724913840999989, 46.454896033000068 ], [ -117.725043840999945, 46.454586033000055 ], [ -117.725143840999976, 46.454296033000048 ], [ -117.725233840999977, 46.453936033000048 ], [ -117.725294839999947, 46.453502033000063 ], [ -117.725363839999943, 46.45301603300004 ], [ -117.725483839999981, 46.452386033000039 ], [ -117.72570384, 46.45152603300005 ], [ -117.72607383999997, 46.450476033000029 ], [ -117.726363839999976, 46.449756032000039 ], [ -117.726483839999958, 46.449486032000038 ], [ -117.726543839999977, 46.449396032000038 ], [ -117.726603839999939, 46.449346032000051 ], [ -117.726673839999989, 46.44931603200007 ], [ -117.72676384, 46.449296032000063 ], [ -117.72685384, 46.449286032000032 ], [ -117.727113839999959, 46.449276032000057 ], [ -117.728767839999989, 46.449284032000037 ], [ -117.733203840999977, 46.449306032000038 ], [ -117.735059840999952, 46.449334032000081 ], [ -117.735143840999967, 46.449336032000076 ], [ -117.736646841999971, 46.44933603100003 ], [ -117.737157841999988, 46.44933603100003 ], [ -117.737297841999975, 46.44933603100003 ], [ -117.737365127999965, 46.44933603100003 ], [ -117.737307768999983, 46.456680333000065 ], [ -117.737303340999972, 46.471366033000038 ], [ -117.737303314999963, 46.471454099000027 ], [ -117.750450210999986, 46.471364877000042 ], [ -117.758558364999942, 46.471309096000027 ], [ -117.758613179999941, 46.471309234000046 ], [ -117.761191898999982, 46.471315674000039 ], [ -117.779467107999949, 46.471206401000074 ], [ -117.822103075999962, 46.470940092000035 ], [ -117.863347348, 46.470667320000075 ], [ -117.863305984999954, 46.474353357000041 ], [ -117.863262240999973, 46.478050257000064 ], [ -117.863218554999946, 46.48174173700005 ], [ -117.863174862999983, 46.485433215000057 ], [ -117.86310541499995, 46.489175653000075 ], [ -117.86307697899997, 46.490707919000045 ], [ -117.862974858999962, 46.496209785000076 ], [ -117.862966491999941, 46.496660524000049 ], [ -117.862897014999987, 46.500402956000073 ], [ -117.862836047999963, 46.504102428000067 ], [ -117.862804559999972, 46.506012860000055 ], [ -117.862775071999977, 46.507801899000071 ], [ -117.862714086999972, 46.511501367000051 ], [ -117.862653094999985, 46.515200833000051 ], [ -117.862585957999954, 46.518873144000054 ], [ -117.862518811999962, 46.522545453000077 ], [ -117.862451657999941, 46.526217760000065 ], [ -117.862439227999971, 46.526897431000066 ], [ -117.862384493999969, 46.529890064000028 ], [ -117.862288361999958, 46.53357516300008 ], [ -117.862281002999964, 46.533857239000042 ], [ -117.862192216999972, 46.53726025900005 ], [ -117.862167196999962, 46.538219168000069 ], [ -117.86213612499995, 46.539409954000064 ], [ -117.862137150999956, 46.539410383000074 ], [ -117.862117543999943, 46.540122036000071 ], [ -117.862096058999953, 46.540945353000041 ], [ -117.861999887999957, 46.544630445000053 ], [ -117.861905591999971, 46.548249543000054 ], [ -117.861811282999952, 46.55186863800003 ], [ -117.861716960999956, 46.555487731000028 ], [ -117.861597392999954, 46.560074817000043 ], [ -117.861593539999944, 46.560222624000062 ], [ -117.853167996999957, 46.560191149000048 ], [ -117.853121270999964, 46.57492473800005 ], [ -117.852907738999988, 46.579744624000057 ], [ -117.852776026999948, 46.582717646000049 ], [ -117.852478829999939, 46.589426023000044 ], [ -117.852351536999947, 46.59681934200006 ], [ -117.852223667999965, 46.600278791000051 ], [ -117.852129296999976, 46.602831588000072 ], [ -117.852112391999981, 46.603288882000072 ], [ -117.852082414, 46.604099817000076 ], [ -117.85210897099995, 46.607737180000072 ], [ -117.852187750999974, 46.618524338000043 ], [ -117.852187658, 46.618529941000077 ], [ -117.852118864999966, 46.622679429000073 ], [ -117.852109117999987, 46.623267297000041 ], [ -117.852107277999949, 46.623378176000074 ], [ -117.852086134999979, 46.62465334500007 ], [ -117.851846225999964, 46.624671079000052 ], [ -117.850393414999985, 46.624778460000073 ], [ -117.849350729999969, 46.624763260000066 ], [ -117.845226500999956, 46.624319570000068 ], [ -117.84172455199996, 46.623815257000047 ], [ -117.83814876799994, 46.62331630500006 ], [ -117.834075677999977, 46.622706058000063 ], [ -117.833612151999944, 46.622636600000078 ], [ -117.831733191999945, 46.622394262000057 ], [ -117.831166347999954, 46.622321147000036 ], [ -117.831031945999939, 46.622303810000062 ], [ -117.829090827999948, 46.622053786000038 ], [ -117.825752125999941, 46.621960751000074 ], [ -117.822147288999986, 46.622055345000035 ], [ -117.81989204499996, 46.62224059600004 ], [ -117.813619990999939, 46.622998199000051 ], [ -117.809698356999945, 46.62353771100004 ], [ -117.80918307099995, 46.623608595000064 ], [ -117.808322698999973, 46.623793658000068 ], [ -117.806186024999988, 46.624253216000056 ], [ -117.805156131999979, 46.624503794000077 ], [ -117.803553586999953, 46.624893676000056 ], [ -117.802920480999944, 46.62505112000008 ], [ -117.801428206999958, 46.62545304300005 ], [ -117.800714402999972, 46.625645287000054 ], [ -117.800385562999963, 46.625777356000071 ], [ -117.798653526999942, 46.626472937000074 ], [ -117.797241730999986, 46.627039910000065 ], [ -117.793640043999972, 46.62884499200004 ], [ -117.792802083999959, 46.62926492500003 ], [ -117.792296918999966, 46.629518076000068 ], [ -117.78996706199996, 46.631030225000075 ], [ -117.789513162999981, 46.631365965000043 ], [ -117.788312675999975, 46.632253913000056 ], [ -117.786805158, 46.633367194000073 ], [ -117.78611448099997, 46.633876607000047 ], [ -117.781505423999988, 46.637371162000079 ], [ -117.780688506999979, 46.637990477000073 ], [ -117.780091968999955, 46.638442707000081 ], [ -117.778717938999989, 46.639586215000065 ], [ -117.776943375999963, 46.641062963000081 ], [ -117.776697998999964, 46.641267150000033 ], [ -117.775982531999944, 46.641862508000031 ], [ -117.772659339999962, 46.645183666000037 ], [ -117.772501039999952, 46.645341857000062 ], [ -117.77170145599996, 46.646254745000078 ], [ -117.771180164999976, 46.646849886000041 ], [ -117.77037097699997, 46.647887472000036 ], [ -117.76932325699994, 46.64923086500005 ], [ -117.767895843999952, 46.651212602000044 ], [ -117.767287580999948, 46.652057030000037 ], [ -117.766922126999987, 46.652564362000078 ], [ -117.766568868999968, 46.653179647000059 ], [ -117.766066026999965, 46.654055444000051 ], [ -117.765031052999973, 46.65585320100007 ], [ -117.763671349999981, 46.65875477700007 ], [ -117.763652505999971, 46.658808940000029 ], [ -117.763572268999951, 46.659039566000047 ], [ -117.763382411999942, 46.659585271000026 ], [ -117.762645246999966, 46.662309486000026 ], [ -117.762485336999987, 46.662900240000056 ], [ -117.762439539999946, 46.663069424000071 ], [ -117.761614725999948, 46.667332385000066 ], [ -117.761569341999973, 46.667623216000038 ], [ -117.761149341999953, 46.670314498000039 ], [ -117.760871560999988, 46.67313333900006 ], [ -117.760331375999954, 46.675543091000065 ], [ -117.75985482699997, 46.676967948000026 ], [ -117.758890914999938, 46.679832132000058 ], [ -117.757591741999988, 46.682345834000046 ], [ -117.75622294599998, 46.684306774000049 ], [ -117.755999189999955, 46.684627312000032 ], [ -117.755750380999984, 46.684938055000032 ], [ -117.75446915699996, 46.686538136000081 ], [ -117.752292136999984, 46.688662886000031 ], [ -117.75115889999995, 46.689701360000072 ], [ -117.751037957, 46.689780042000052 ], [ -117.749957835999965, 46.690482723000059 ], [ -117.749389953, 46.690852152000048 ], [ -117.748445638999954, 46.691230617000031 ], [ -117.747105515999976, 46.691825931000039 ], [ -117.746668275, 46.69201750600007 ], [ -117.745298784999989, 46.69261752500006 ], [ -117.744096756999966, 46.693161907000047 ], [ -117.742993186999968, 46.693690839000055 ], [ -117.742590593999978, 46.693883863000053 ], [ -117.740868167999963, 46.69458325100004 ], [ -117.739498954999988, 46.694728127000076 ], [ -117.738237315999982, 46.694678877000058 ], [ -117.736967127999947, 46.694326876000048 ], [ -117.736161020999987, 46.694025512000053 ], [ -117.735048548999941, 46.693827379000027 ], [ -117.734127417999957, 46.693708924000077 ], [ -117.732900987, 46.693790794000051 ], [ -117.732342123999956, 46.693954432000055 ], [ -117.731979994999961, 46.694060463000028 ], [ -117.728283604999945, 46.695185299000059 ], [ -117.724205275999964, 46.696173376000047 ], [ -117.72213678199995, 46.696552721000046 ], [ -117.721646806999956, 46.69664257200003 ], [ -117.719225288999951, 46.697086612000078 ], [ -117.715515142999948, 46.697576373000061 ], [ -117.711624516999962, 46.698007759000063 ], [ -117.708348541999953, 46.698311998000065 ], [ -117.705402670999945, 46.698555599000031 ], [ -117.702302466999981, 46.698775301000069 ], [ -117.700245822999989, 46.698943564000047 ], [ -117.699266553999962, 46.699023736000072 ], [ -117.696095111999966, 46.699578857000063 ], [ -117.693050520999975, 46.700533676000077 ], [ -117.690575861999946, 46.701531694000039 ], [ -117.690186605999941, 46.70166527400005 ], [ -117.687479608, 46.702594172000033 ], [ -117.684276308, 46.703103248000048 ], [ -117.681092047, 46.703168007000045 ], [ -117.678588693999984, 46.702909040000065 ], [ -117.677856712999983, 46.702833564000059 ], [ -117.67598938499998, 46.702502393000032 ], [ -117.675804319999941, 46.70250933300008 ], [ -117.673535591999951, 46.702594378000072 ], [ -117.671006281999951, 46.702720118000059 ], [ -117.668289878999985, 46.702685107000036 ], [ -117.665307666, 46.702585507000038 ], [ -117.661482104999948, 46.702366357000074 ], [ -117.660906715999943, 46.702303531000041 ], [ -117.657924683999966, 46.70197792700003 ], [ -117.657175631999962, 46.701849072000073 ], [ -117.654958055999941, 46.701468040000066 ], [ -117.651726383999971, 46.700802274000068 ], [ -117.64825303899994, 46.699804591000031 ], [ -117.645396123999944, 46.698463337000078 ], [ -117.645340628999975, 46.69842316200004 ], [ -117.644095431999972, 46.697521694000045 ], [ -117.643727448, 46.697255281000025 ], [ -117.643171710999979, 46.696852933000059 ], [ -117.641116446999945, 46.695061488000078 ], [ -117.640236925999943, 46.694209946000058 ], [ -117.639478606999944, 46.693475724000052 ], [ -117.639391904999968, 46.693391775000066 ], [ -117.638001119999956, 46.691747712000051 ], [ -117.637713891999965, 46.691409017000069 ], [ -117.637039367999989, 46.690492754000047 ], [ -117.637018238999985, 46.690464053000028 ], [ -117.637010055999951, 46.690452936000042 ], [ -117.635927823999964, 46.688982774000067 ], [ -117.634190138999941, 46.686775849000071 ], [ -117.632353884999986, 46.684816622000028 ], [ -117.632142422999948, 46.684590987000036 ], [ -117.630158403999985, 46.682486376000043 ], [ -117.628679183999964, 46.681091722000076 ], [ -117.626726503999976, 46.679642477000073 ], [ -117.626293585999974, 46.679197362000025 ], [ -117.624984662999964, 46.678504765000071 ], [ -117.622859008999967, 46.677276275000054 ], [ -117.622633939999957, 46.677160178000065 ], [ -117.622012066999957, 46.676841669000055 ], [ -117.620607896999957, 46.676122459000055 ], [ -117.61847525099995, 46.675178586000072 ], [ -117.616462640999941, 46.674416047000079 ], [ -117.615497372, 46.674163116000045 ], [ -117.613995413999987, 46.673770132000072 ], [ -117.611091005999981, 46.673212085000046 ], [ -117.608403030999966, 46.672857540000052 ], [ -117.605204283999967, 46.672625494000044 ], [ -117.602717585, 46.672497449000048 ], [ -117.601649202999965, 46.672492643000055 ], [ -117.600607069999967, 46.672487946000047 ], [ -117.600481705999982, 46.672487380000064 ], [ -117.597791847999986, 46.672542569000029 ], [ -117.596014637999986, 46.672825978000049 ], [ -117.593844013999956, 46.67345884000008 ], [ -117.591852845999938, 46.673902767000072 ], [ -117.58733327799996, 46.674696764000032 ], [ -117.585025532999964, 46.67498297700007 ], [ -117.583014164999952, 46.675170527000034 ], [ -117.582941611999956, 46.675171854000041 ], [ -117.580771389999938, 46.675211515000058 ], [ -117.579306933999987, 46.675384620000045 ], [ -117.577043479999986, 46.675920986000051 ], [ -117.575177550999967, 46.676329766000038 ], [ -117.572434704999978, 46.676919823000048 ], [ -117.571071696999979, 46.677206220000073 ], [ -117.570104413999957, 46.677399330000071 ], [ -117.569933698999989, 46.677431648000038 ], [ -117.568291155999987, 46.677742588000058 ], [ -117.56753445399994, 46.677885826000079 ], [ -117.565145807999954, 46.678263199000071 ], [ -117.562707125999964, 46.678680429000053 ], [ -117.559549243999982, 46.679198513000074 ], [ -117.558923853999943, 46.679282079000075 ], [ -117.557681541999955, 46.679448068000056 ], [ -117.557241967999971, 46.679506798000034 ], [ -117.554751196999973, 46.679742102000034 ], [ -117.551915093, 46.680132917000037 ], [ -117.549917595999943, 46.680278404000035 ], [ -117.549639395999975, 46.680298679000032 ], [ -117.54674938, 46.680359380000027 ], [ -117.54415572299996, 46.680139504000067 ], [ -117.541308322999953, 46.679602087000035 ], [ -117.538782961999971, 46.678971914000044 ], [ -117.536533563999967, 46.67843696400007 ], [ -117.534150951999948, 46.678005207000069 ], [ -117.530417713999952, 46.677375287000075 ], [ -117.528480024999965, 46.677229872000055 ], [ -117.526730927999949, 46.677098896000075 ], [ -117.519956780999962, 46.676922914000045 ], [ -117.517163634999974, 46.676963951000062 ], [ -117.514416910999955, 46.677284987000064 ], [ -117.51194649699994, 46.677872180000065 ], [ -117.509146758999975, 46.67857486500003 ], [ -117.506966781999949, 46.679280124000059 ], [ -117.506571857999973, 46.679428468000026 ], [ -117.504171614999962, 46.680329966000045 ], [ -117.501920155, 46.681388321000043 ], [ -117.501313442999958, 46.681688862000044 ], [ -117.501063838999983, 46.681825221000054 ], [ -117.500647403999949, 46.682052718000079 ], [ -117.499386734999973, 46.683110181000075 ], [ -117.498427355999979, 46.684342559000072 ], [ -117.497584352, 46.686173999000061 ], [ -117.497396504, 46.686918178000042 ], [ -117.497168099999953, 46.687822995000033 ], [ -117.496955577999984, 46.689933345000043 ], [ -117.496265507999965, 46.690692906000038 ], [ -117.495558074999963, 46.691332777000071 ], [ -117.4948465, 46.691975827000078 ], [ -117.493504909999956, 46.693263837000075 ], [ -117.491622568999958, 46.694377299000053 ], [ -117.490003832999946, 46.695374665000031 ], [ -117.487579053, 46.696459013000037 ], [ -117.487363778999963, 46.696555278000062 ], [ -117.484594554999944, 46.69772086200004 ], [ -117.484335501999965, 46.697829893000062 ], [ -117.484070823999957, 46.697927560000039 ], [ -117.480304175999947, 46.699314876000074 ], [ -117.477466374999949, 46.700027394000074 ], [ -117.477440139999942, 46.700033981000047 ], [ -117.476138602999981, 46.700259859000028 ], [ -117.475585702999979, 46.70035580800004 ], [ -117.475584742999956, 46.700355782000031 ], [ -117.475496298999985, 46.700345337000044 ], [ -117.474622473999943, 46.700242133000074 ], [ -117.471992728999965, 46.69990580800004 ], [ -117.471472638999956, 46.699943362000056 ], [ -117.470593030999964, 46.700006870000038 ], [ -117.467439814999977, 46.700045083000077 ], [ -117.465658495999946, 46.699765746000026 ], [ -117.465206959999989, 46.699694934000036 ], [ -117.464768824999965, 46.699626221000074 ], [ -117.462804719999951, 46.698765839000032 ], [ -117.462417315999971, 46.698596931000054 ], [ -117.460133732999964, 46.69706754300006 ], [ -117.458871388999967, 46.695822122000038 ], [ -117.458756917999949, 46.695697647000031 ], [ -117.457640261, 46.694483363000074 ], [ -117.454956378999952, 46.692058557000053 ], [ -117.454499339, 46.691645607000055 ], [ -117.454373959999941, 46.691532322000057 ], [ -117.454286573, 46.691348528000049 ], [ -117.453571427999975, 46.689879530000042 ], [ -117.453137493999975, 46.68844613300007 ], [ -117.452922195999975, 46.68631466800008 ], [ -117.452734704999955, 46.685738917000037 ], [ -117.452482251999982, 46.684963658000072 ], [ -117.452471533, 46.684930740000027 ], [ -117.452463457999954, 46.684919690000072 ], [ -117.451432865999948, 46.683509207000043 ], [ -117.450803733999976, 46.681328798000038 ], [ -117.449944029999983, 46.679066259000081 ], [ -117.44975300699997, 46.678541276000033 ], [ -117.449149704999968, 46.676883166000039 ], [ -117.44834614399997, 46.674865320000038 ], [ -117.448257425999941, 46.674724262000041 ], [ -117.447003092999978, 46.672729824000044 ], [ -117.446198309999943, 46.67163004400004 ], [ -117.445639451999966, 46.670866305000061 ], [ -117.44532421599996, 46.670435491000035 ], [ -117.445262739999976, 46.67036928300007 ], [ -117.443525699999952, 46.668498440000064 ], [ -117.442564330999971, 46.667377300000055 ], [ -117.441860975999987, 46.666560993000076 ], [ -117.441832815999987, 46.666528310000047 ], [ -117.441819200999987, 46.666517184000043 ], [ -117.439637833999939, 46.664734467000073 ], [ -117.438525532999961, 46.664067462000048 ], [ -117.437407286999985, 46.663396864000049 ], [ -117.436917971999947, 46.663120280000044 ], [ -117.436892614999977, 46.66310594600003 ], [ -117.435962590999964, 46.662580238000032 ], [ -117.43560118, 46.66188638400007 ], [ -117.435582930999942, 46.661851555000055 ], [ -117.435498632999952, 46.661690667000073 ], [ -117.434909771999969, 46.661049433000073 ], [ -117.434636836999971, 46.660752218000027 ], [ -117.432739223999988, 46.659452599000076 ], [ -117.430602629999953, 46.658257515000059 ], [ -117.431722655999977, 46.657034212000042 ], [ -117.431798798999978, 46.656996141000036 ], [ -117.431863829999941, 46.65696607700005 ], [ -117.431643829999985, 46.656836077000037 ], [ -117.431513829999972, 46.656766078000032 ], [ -117.431443829999978, 46.656736078000051 ], [ -117.431341829999951, 46.656709078000063 ], [ -117.431173829999977, 46.656666078000057 ], [ -117.431071829999951, 46.656651078000039 ], [ -117.430833829999983, 46.65661607800007 ], [ -117.430513829999938, 46.656516078000038 ], [ -117.429393829999981, 46.656226078000032 ], [ -117.429153829999962, 46.656136078000031 ], [ -117.428953828999965, 46.656026078000025 ], [ -117.428529828999956, 46.655811078000056 ], [ -117.428343828999971, 46.655716078000069 ], [ -117.427913828999976, 46.655516078000062 ], [ -117.427333828999963, 46.655266078000068 ], [ -117.426623829, 46.654996078000067 ], [ -117.425393828999972, 46.65461607800006 ], [ -117.424683827999957, 46.654426078000029 ], [ -117.423883827999987, 46.654226078000079 ], [ -117.42299382799996, 46.654046078000079 ], [ -117.422733828, 46.653976078000028 ], [ -117.422563827999966, 46.653936078000072 ], [ -117.422203827999965, 46.65383607800004 ], [ -117.421873827999946, 46.653686078000078 ], [ -117.421543827999983, 46.65347607800004 ], [ -117.421193826999968, 46.653246078000052 ], [ -117.420960826999988, 46.653139078000038 ], [ -117.420643827, 46.653026078000039 ], [ -117.42018382699996, 46.652916078000032 ], [ -117.419613826999978, 46.652786078000076 ], [ -117.419103826999958, 46.652686078000045 ], [ -117.418723826999951, 46.652586079000059 ], [ -117.41851382699997, 46.652486079000028 ], [ -117.418396826999981, 46.652390079000043 ], [ -117.418343826999944, 46.65234607900004 ], [ -117.418320826999945, 46.652311079000071 ], [ -117.41827382699995, 46.652236079000033 ], [ -117.418233827, 46.652106079000077 ], [ -117.418226826999955, 46.652001079000058 ], [ -117.418223826999963, 46.651956079000058 ], [ -117.418231826999943, 46.651892079000049 ], [ -117.418238826999982, 46.651829079000038 ], [ -117.418243826999969, 46.651786079000033 ], [ -117.418283826999982, 46.65165607800003 ], [ -117.418288826999969, 46.651647078000053 ], [ -117.418324827, 46.651595078000071 ], [ -117.418383826999957, 46.651506078000068 ], [ -117.418543826999951, 46.651346078000074 ], [ -117.418723826999951, 46.651176078000049 ], [ -117.419013826999958, 46.650846078000029 ], [ -117.419183826999983, 46.650706078000042 ], [ -117.419293827, 46.650576078000029 ], [ -117.419353825999963, 46.650436078000041 ], [ -117.419413825999982, 46.650216078000028 ], [ -117.41949382599995, 46.649956078000059 ], [ -117.419573825999976, 46.649816078000072 ], [ -117.419773825999982, 46.64953607800004 ], [ -117.419943825999951, 46.649336078000033 ], [ -117.420113825999977, 46.649086078000039 ], [ -117.420233825999958, 46.648706078000032 ], [ -117.420313825999983, 46.648536078000063 ], [ -117.420473825999977, 46.64822607800005 ], [ -117.420463825999946, 46.648116078000044 ], [ -117.420413825999958, 46.647876078000081 ], [ -117.420303825999952, 46.647586078000074 ], [ -117.420243825999989, 46.647396078000043 ], [ -117.42018382599997, 46.647276078000061 ], [ -117.420083825999939, 46.647106078000036 ], [ -117.419873825999957, 46.646896078000054 ], [ -117.419673825999951, 46.646756078000067 ], [ -117.419413825999982, 46.646636078000029 ], [ -117.419341826, 46.646607078000045 ], [ -117.419143825999981, 46.646526078000079 ], [ -117.418893825999987, 46.646406078000041 ], [ -117.418862825999952, 46.646397078000064 ], [ -117.418693825, 46.646346078000079 ], [ -117.418493824999985, 46.646296078000034 ], [ -117.418283824999946, 46.646226078000041 ], [ -117.41821482499995, 46.646199078000052 ], [ -117.417973825, 46.646106078000059 ], [ -117.417733824999971, 46.646036078000066 ], [ -117.41755382499997, 46.645976078000047 ], [ -117.417423824999958, 46.645896078000078 ], [ -117.417243824999957, 46.645716078000078 ], [ -117.416973824999957, 46.645356078000077 ], [ -117.416833824999969, 46.645046078000064 ], [ -117.416763824999975, 46.64479607800007 ], [ -117.416731824999943, 46.644652078000036 ], [ -117.416723824999963, 46.64461607800007 ], [ -117.416633824999963, 46.644416078000063 ], [ -117.416453824999962, 46.644216078000056 ], [ -117.416103823999947, 46.643856078000056 ], [ -117.415763823999953, 46.64348607800008 ], [ -117.415523824, 46.643276078000042 ], [ -117.415273823999939, 46.643136078000055 ], [ -117.415013823999971, 46.643006078000042 ], [ -117.41432382399995, 46.642646078000041 ], [ -117.413993823999988, 46.64243607800006 ], [ -117.413703823999981, 46.642276078000066 ], [ -117.413513823999949, 46.642096078000066 ], [ -117.413363823999987, 46.64192607800004 ], [ -117.413113822999946, 46.641606078000052 ], [ -117.412963822999984, 46.641506078000077 ], [ -117.412573822999946, 46.641286078000064 ], [ -117.412363822999964, 46.64121607800007 ], [ -117.412033822999945, 46.641116078000039 ], [ -117.411063822999949, 46.640796078000051 ], [ -117.410753823, 46.640716078000025 ], [ -117.410593822999942, 46.640656078000063 ], [ -117.410503822999942, 46.640586078000069 ], [ -117.410383822999961, 46.640426078000075 ], [ -117.410203822999961, 46.640116078000062 ], [ -117.410043821999977, 46.639716078000049 ], [ -117.409843821999971, 46.639296078000029 ], [ -117.409633821999989, 46.63909607800008 ], [ -117.409323821999976, 46.638866078000035 ], [ -117.408993821999957, 46.638656079000043 ], [ -117.408853821999969, 46.638546079000037 ], [ -117.408763821999969, 46.638516079000055 ], [ -117.408633821999956, 46.638516079000055 ], [ -117.408602821999978, 46.638547079000034 ], [ -117.408593821999943, 46.638556079000068 ], [ -117.408573822, 46.638606079000056 ], [ -117.408583821999969, 46.638686079000081 ], [ -117.408633821999956, 46.638816079000037 ], [ -117.408723821999956, 46.638936079000075 ], [ -117.408833821999963, 46.639096079000069 ], [ -117.408923821999963, 46.639266079000038 ], [ -117.408963821999976, 46.639416079000057 ], [ -117.40897382199995, 46.639756079000051 ], [ -117.408943821999969, 46.639916079000045 ], [ -117.408893821999982, 46.640066079000064 ], [ -117.408853821999969, 46.640336079000065 ], [ -117.408783821999975, 46.64061607900004 ], [ -117.408803821999982, 46.640936079000028 ], [ -117.408853822999959, 46.641086079000047 ], [ -117.408963822999965, 46.641276079000079 ], [ -117.409163822999972, 46.641566079000029 ], [ -117.409553822999953, 46.64217607900008 ], [ -117.409743822999985, 46.642456079000056 ], [ -117.409853823, 46.642656079000062 ], [ -117.409923822999986, 46.642806079000081 ], [ -117.409963822999941, 46.642876079000075 ], [ -117.41002382299996, 46.64306607900005 ], [ -117.410113822999961, 46.643316079000044 ], [ -117.410403822999967, 46.643976079000026 ], [ -117.410603823999963, 46.644516079000027 ], [ -117.410643823999976, 46.644676079000078 ], [ -117.410733823999976, 46.644856079000078 ], [ -117.410783823999964, 46.645026079000047 ], [ -117.410793823999938, 46.645146079000028 ], [ -117.410753823999983, 46.64524607900006 ], [ -117.410683823999989, 46.645316079000054 ], [ -117.410613823999938, 46.645366079000041 ], [ -117.410513823999963, 46.645386079000048 ], [ -117.410343824, 46.645396079000079 ], [ -117.410213823999982, 46.645376079000073 ], [ -117.410003823999944, 46.645306079000079 ], [ -117.409803824, 46.64515607900006 ], [ -117.40957382299996, 46.644846079000047 ], [ -117.409253822999972, 46.644356079000033 ], [ -117.408903822999946, 46.643936079000071 ], [ -117.408603822999964, 46.643646079000064 ], [ -117.408243822999964, 46.643336079000051 ], [ -117.407803822999938, 46.643036079000069 ], [ -117.407093822999968, 46.642566079000062 ], [ -117.406543821999946, 46.642156079000074 ], [ -117.406363821999946, 46.642006079000055 ], [ -117.406333821999965, 46.641896079000048 ], [ -117.406293821999952, 46.641616079000073 ], [ -117.406293821999952, 46.641426079000041 ], [ -117.406263821999971, 46.641246079000041 ], [ -117.406223821999959, 46.641116079000028 ], [ -117.406143822, 46.640956079000034 ], [ -117.406043821999958, 46.640736079000078 ], [ -117.405933821999952, 46.640516079000065 ], [ -117.405863821999958, 46.640406079000059 ], [ -117.405713821999939, 46.640216079000027 ], [ -117.405493821999983, 46.640006079000045 ], [ -117.405353821999938, 46.63990607900007 ], [ -117.405163821999963, 46.639806079000039 ], [ -117.404863821, 46.639686079000057 ], [ -117.404593821, 46.63954607900007 ], [ -117.404373820999979, 46.639406079000025 ], [ -117.404203820999953, 46.639266079000038 ], [ -117.404113820999953, 46.639156079000031 ], [ -117.404023820999953, 46.639076079000063 ], [ -117.404013820999978, 46.638976079000031 ], [ -117.404003820999947, 46.638776079000081 ], [ -117.404013820999978, 46.638676079000049 ], [ -117.404093820999947, 46.638426079000055 ], [ -117.404173820999972, 46.637996079000061 ], [ -117.404213820999985, 46.637716079000029 ], [ -117.404273820999947, 46.63736607900006 ], [ -117.40440382099996, 46.637026079000066 ], [ -117.404463820999979, 46.636836079000034 ], [ -117.404483820999985, 46.636606079000046 ], [ -117.404503821, 46.636286079000058 ], [ -117.404553820999979, 46.636046079000039 ], [ -117.404663820999986, 46.635686079000038 ], [ -117.40476382099996, 46.635466079000025 ], [ -117.404923820999954, 46.635336079000069 ], [ -117.405083820999948, 46.635216079000031 ], [ -117.405453820999981, 46.635036079000031 ], [ -117.405623820999949, 46.634926079000081 ], [ -117.405783820999943, 46.634786079000037 ], [ -117.40589382099995, 46.634666079000056 ], [ -117.406013820999988, 46.634516079000036 ], [ -117.406093820999956, 46.634366078000028 ], [ -117.406183820999956, 46.634096078000027 ], [ -117.406233819999954, 46.633896078000078 ], [ -117.40631381999998, 46.633646078000027 ], [ -117.40640381999998, 46.633456078000052 ], [ -117.406503819999955, 46.633176078000076 ], [ -117.406543819999968, 46.632986078000044 ], [ -117.406553819999942, 46.632866078000063 ], [ -117.406513819999986, 46.632666078000057 ], [ -117.406303819999948, 46.632016078000049 ], [ -117.406143819999954, 46.631606078000061 ], [ -117.40608382, 46.631366078000042 ], [ -117.40599382, 46.630856078000079 ], [ -117.405973819999986, 46.630696078000028 ], [ -117.405963819999954, 46.630546078000066 ], [ -117.406003819999967, 46.630346078000059 ], [ -117.406023819999973, 46.630146078000053 ], [ -117.40598381999996, 46.629916078000065 ], [ -117.405933819999973, 46.629716078000058 ], [ -117.405923819999941, 46.629586078000045 ], [ -117.405933818999983, 46.629476078000039 ], [ -117.405963818999965, 46.629386078000039 ], [ -117.406043819, 46.629236078000076 ], [ -117.406163818999971, 46.62903607800007 ], [ -117.406253818999971, 46.628926078000063 ], [ -117.406363818999978, 46.628836078000063 ], [ -117.406673819, 46.628596078000044 ], [ -117.407173818999979, 46.628256078000049 ], [ -117.407583818999967, 46.627986078000049 ], [ -117.407753819, 46.62790607800008 ], [ -117.407913819999976, 46.62783607800003 ], [ -117.408153819999939, 46.627766078000036 ], [ -117.408313819999989, 46.627626078000048 ], [ -117.408453819999977, 46.627476078000029 ], [ -117.408503819999964, 46.627416078000067 ], [ -117.408613819999971, 46.627246078000042 ], [ -117.408653819, 46.627116078000029 ], [ -117.408683818999975, 46.626956078000035 ], [ -117.408705818999977, 46.626704078000046 ], [ -117.408753818999969, 46.626176078000071 ], [ -117.408773818999975, 46.625756078000052 ], [ -117.408793818999982, 46.625556078000045 ], [ -117.408833819, 46.625426078000032 ], [ -117.408953818999976, 46.625086078000038 ], [ -117.40902381899997, 46.624866078000025 ], [ -117.409033818999944, 46.624726077000048 ], [ -117.409033818999944, 46.624626077000073 ], [ -117.409003818999963, 46.624356077000073 ], [ -117.409003818999963, 46.624216077000028 ], [ -117.409063818999982, 46.623976077000066 ], [ -117.409133818999976, 46.62380607700004 ], [ -117.409233818999951, 46.623636077000072 ], [ -117.409453818999964, 46.623336077000033 ], [ -117.409594818999949, 46.623172077000049 ], [ -117.409763818999977, 46.622976077000033 ], [ -117.409923818999971, 46.622756077000076 ], [ -117.409973818999958, 46.622606077000057 ], [ -117.410043818999952, 46.622306077000076 ], [ -117.410043818999952, 46.622186077000038 ], [ -117.409993818999965, 46.622086077000063 ], [ -117.409980818999941, 46.622070077000046 ], [ -117.409933818999946, 46.622016077000069 ], [ -117.409853818999977, 46.621976077000056 ], [ -117.409693818999983, 46.621926077000069 ], [ -117.409523818999958, 46.62186607700005 ], [ -117.409403817999987, 46.621786077000081 ], [ -117.409363817999974, 46.621736077000037 ], [ -117.409343817999968, 46.621666077000043 ], [ -117.409343817999968, 46.621496077000074 ], [ -117.409344817999965, 46.621448077000025 ], [ -117.409363817999974, 46.620696077000048 ], [ -117.409403817999987, 46.619926077000059 ], [ -117.409443817999943, 46.619426077000071 ], [ -117.409456817999967, 46.619203077000066 ], [ -117.409483817999956, 46.618736077000051 ], [ -117.409491818, 46.618430077000028 ], [ -117.409503817999962, 46.618026077000081 ], [ -117.409523817999968, 46.617866077000031 ], [ -117.409543817999975, 46.617796077000037 ], [ -117.409583817999987, 46.617736077000075 ], [ -117.409633817999975, 46.617696077000062 ], [ -117.409843817999956, 46.61759607700003 ], [ -117.409593817999962, 46.617516077000062 ], [ -117.409373817999949, 46.617426077000061 ], [ -117.409103816999959, 46.617266077000068 ], [ -117.40886381699994, 46.617106077000074 ], [ -117.408483817, 46.616676077000079 ], [ -117.407943816999989, 46.615916077000065 ], [ -117.407562816999985, 46.615396077000071 ], [ -117.407531816999949, 46.615353077000066 ], [ -117.407503816999963, 46.615316077000045 ], [ -117.406644815999982, 46.614192077000041 ], [ -117.406403815999965, 46.613876077000043 ], [ -117.405893815999946, 46.613146077000067 ], [ -117.405673816, 46.612786077000067 ], [ -117.405593815999964, 46.612606077000066 ], [ -117.405483815999958, 46.61225607700004 ], [ -117.405413815999964, 46.611926077000078 ], [ -117.405383815999983, 46.611696077000033 ], [ -117.405373814999962, 46.611046077000026 ], [ -117.405343814999981, 46.610126077000075 ], [ -117.405343814999981, 46.609206077000067 ], [ -117.405283814999962, 46.607076077000045 ], [ -117.405283813999972, 46.606305077000059 ], [ -117.405283813999972, 46.606098454000062 ], [ -117.405283813999972, 46.606096077000075 ], [ -117.405303813999979, 46.605216076000033 ], [ -117.405303813999979, 46.604996076000077 ], [ -117.405282813999975, 46.604944076000038 ], [ -117.405263813999966, 46.604896076000045 ], [ -117.405203813999947, 46.604696076000039 ], [ -117.405053813999984, 46.60443607600007 ], [ -117.404843813999946, 46.604106076000051 ], [ -117.404673813999977, 46.603816076000044 ], [ -117.404553813999939, 46.603556076000075 ], [ -117.404463813999939, 46.603306076000081 ], [ -117.404093812999974, 46.602106076000041 ], [ -117.404013812999949, 46.601866076000078 ], [ -117.404013812999949, 46.601756076000072 ], [ -117.404043812999987, 46.601546076000034 ], [ -117.404073812999968, 46.601466076000065 ], [ -117.404133812999987, 46.601356076000059 ], [ -117.404203812999981, 46.601266076000059 ], [ -117.404363812999975, 46.601076076000027 ], [ -117.404633812999975, 46.600816076000058 ], [ -117.40469281299994, 46.600761076000026 ], [ -117.405163812999945, 46.600336076000076 ], [ -117.405643812999983, 46.599916076000056 ], [ -117.405879346999939, 46.599727275000077 ], [ -117.405895812999972, 46.599714076000055 ], [ -117.405993812999952, 46.599636076000081 ], [ -117.406323812999972, 46.599416076000068 ], [ -117.407173812999986, 46.59893607600003 ], [ -117.407743812999968, 46.598576076000029 ], [ -117.408063812999956, 46.598356076000073 ], [ -117.408193812999968, 46.598206076000054 ], [ -117.408233812999981, 46.598086076000072 ], [ -117.408233812999981, 46.597986076000041 ], [ -117.408203812999943, 46.597876076000034 ], [ -117.408163812999987, 46.597816076000072 ], [ -117.408108812999956, 46.597744076000026 ], [ -117.408063812999956, 46.597686076000059 ], [ -117.407923812999968, 46.597576076000053 ], [ -117.407905812999957, 46.597570076000068 ], [ -117.407820812999944, 46.597542076000082 ], [ -117.407503812999948, 46.597436076000065 ], [ -117.406473813, 46.597196076000046 ], [ -117.406179813, 46.597130076000042 ], [ -117.406115385999954, 46.597115842000051 ], [ -117.403943811999966, 46.596636076000038 ], [ -117.403363811999952, 46.596486076000076 ], [ -117.403212812, 46.596426076000057 ], [ -117.403033812, 46.596356076000063 ], [ -117.402910811999959, 46.596292076000054 ], [ -117.402763811999989, 46.596216076000076 ], [ -117.402563811999983, 46.596076076000031 ], [ -117.402413811999963, 46.595936076000044 ], [ -117.402243812, 46.595746076000069 ], [ -117.401783810999973, 46.594946076000042 ], [ -117.401346810999939, 46.594092076000038 ], [ -117.401103810999984, 46.593616076000046 ], [ -117.401043810999965, 46.593446076000077 ], [ -117.400993810999978, 46.593096076000052 ], [ -117.401003810999953, 46.592956076000064 ], [ -117.401043810999965, 46.59261607600007 ], [ -117.401343809999958, 46.590666076000048 ], [ -117.401493809999977, 46.589806076000059 ], [ -117.401523809999958, 46.589446076000058 ], [ -117.401513809999983, 46.589306076000071 ], [ -117.401463809999939, 46.589166076000026 ], [ -117.401353809999989, 46.589006076000032 ], [ -117.40111380999997, 46.588826076000032 ], [ -117.40087380999995, 46.588696076000076 ], [ -117.40056381, 46.588616076000051 ], [ -117.40029381, 46.588606076000076 ], [ -117.398903808999989, 46.588596076000044 ], [ -117.398444808999955, 46.588587076000067 ], [ -117.398343808999982, 46.58858607600007 ], [ -117.39815380899995, 46.588566076000063 ], [ -117.397933809, 46.588516076000076 ], [ -117.39770380899995, 46.588426076000076 ], [ -117.397523808999949, 46.588326076000044 ], [ -117.397353808999981, 46.588196076000031 ], [ -117.397243808999974, 46.588046076000069 ], [ -117.397153808999974, 46.58789607600005 ], [ -117.397043808999967, 46.58756607600003 ], [ -117.39690380899998, 46.587016076000054 ], [ -117.396814808999977, 46.586740076000069 ], [ -117.39672380899998, 46.586456076000047 ], [ -117.396428807999939, 46.585605076000036 ], [ -117.396353807999958, 46.585386076000077 ], [ -117.396323807999977, 46.585326076000058 ], [ -117.396843807999971, 46.585136076000026 ], [ -117.396913807999965, 46.585076076000064 ], [ -117.396943807999946, 46.585026076000077 ], [ -117.396933807999972, 46.584966076000057 ], [ -117.396893807999959, 46.584906076000038 ], [ -117.396803807999959, 46.58482607600007 ], [ -117.396703807999984, 46.584756076000076 ], [ -117.396623807999958, 46.584676076000051 ], [ -117.396583807999946, 46.584606076000057 ], [ -117.396553807999965, 46.584506076000025 ], [ -117.396543808, 46.584426076000057 ], [ -117.396563807999939, 46.584346076000031 ], [ -117.396623807999958, 46.584176076000062 ], [ -117.396753807999971, 46.583886076000056 ], [ -117.396783807999952, 46.583746076000068 ], [ -117.396793807999984, 46.583576076000043 ], [ -117.396793807999984, 46.583266076000029 ], [ -117.396813808, 46.58306607600008 ], [ -117.396843807999971, 46.582986076000054 ], [ -117.396913807999965, 46.582836076000035 ], [ -117.396983807999959, 46.582776076000073 ], [ -117.397093807999966, 46.582706076000079 ], [ -117.397213807999947, 46.582666076000066 ], [ -117.397453807999966, 46.582616076000079 ], [ -117.397933807999948, 46.582536076000054 ], [ -117.398103807999973, 46.582496076000041 ], [ -117.398233807999986, 46.582446076000053 ], [ -117.398683807999987, 46.58219607500007 ], [ -117.398881807999942, 46.582105075000072 ], [ -117.399143807999963, 46.581986075000032 ], [ -117.39970380799997, 46.581696075000025 ], [ -117.400053807999939, 46.581546075000063 ], [ -117.400263807999977, 46.581496075000075 ], [ -117.400743807999959, 46.581396075000043 ], [ -117.400973807999947, 46.58132607500005 ], [ -117.401143807999972, 46.581246075000081 ], [ -117.401623807999954, 46.58079607500008 ], [ -117.40173380799996, 46.58070607500008 ], [ -117.401833808, 46.580646075000061 ], [ -117.401923808, 46.580606075000048 ], [ -117.402053807999948, 46.580576075000067 ], [ -117.402293807999968, 46.580546075000029 ], [ -117.402703807999956, 46.580506075000073 ], [ -117.403083807999963, 46.580476075000036 ], [ -117.405403808999949, 46.580416075000073 ], [ -117.406073808999963, 46.580406075000042 ], [ -117.407283808999978, 46.580416074000027 ], [ -117.407543808999947, 46.580406074000052 ], [ -117.407653808999953, 46.580396074000078 ], [ -117.407703808999941, 46.580346074000033 ], [ -117.407743808999953, 46.580256074000033 ], [ -117.407773809, 46.580146074000027 ], [ -117.407793808999941, 46.579966074000026 ], [ -117.407833808999953, 46.579446074000032 ], [ -117.407883808999941, 46.578936074000069 ], [ -117.408143807999977, 46.575766074000057 ], [ -117.408203807999939, 46.575176074000069 ], [ -117.408233807999977, 46.574646074000043 ], [ -117.408223807999946, 46.574446074000036 ], [ -117.408193807999965, 46.574286074000042 ], [ -117.408173807999958, 46.574126074000048 ], [ -117.408193807999965, 46.574056074000055 ], [ -117.408223807999946, 46.573996074000036 ], [ -117.408264807999956, 46.573940074000063 ], [ -117.408283807999965, 46.573916074000067 ], [ -117.408403807999946, 46.573816074000035 ], [ -117.408513807999952, 46.57371607400006 ], [ -117.408613807999984, 46.573616074000029 ], [ -117.408673807999946, 46.573526074000029 ], [ -117.408679807999988, 46.573507074000076 ], [ -117.408703807999984, 46.573436074000028 ], [ -117.40874380799994, 46.573286074000066 ], [ -117.408773807999978, 46.573206074000041 ], [ -117.408913807999966, 46.573006074000034 ], [ -117.409123807999947, 46.572766074000072 ], [ -117.40916380799996, 46.572676074000071 ], [ -117.40925380799996, 46.572366074000058 ], [ -117.409363807999966, 46.571946074000039 ], [ -117.409393807999948, 46.571766074000038 ], [ -117.409403807999979, 46.571636074000025 ], [ -117.409383807999973, 46.571476074000032 ], [ -117.409293807999973, 46.571166074000075 ], [ -117.409293807999973, 46.571116074000031 ], [ -117.409313807999979, 46.571036074000062 ], [ -117.409503806999965, 46.570436074000042 ], [ -117.409533806999946, 46.570206073000065 ], [ -117.409553806999952, 46.569856073000039 ], [ -117.409553806999952, 46.569396073000064 ], [ -117.409523806999971, 46.569096073000026 ], [ -117.409639806999962, 46.569103073000065 ], [ -117.40969380699994, 46.569106073000057 ], [ -117.410173806999978, 46.569076073000076 ], [ -117.410413806999941, 46.569046073000038 ], [ -117.411003806999986, 46.568946073000063 ], [ -117.411383807, 46.568856073000063 ], [ -117.411893807999945, 46.568696073000069 ], [ -117.412333807999971, 46.568536073000075 ], [ -117.412632807999955, 46.568386073000056 ], [ -117.412693807999972, 46.568356073000075 ], [ -117.413033807999966, 46.568156073000068 ], [ -117.414283808, 46.567376073000048 ], [ -117.415903807999939, 46.566336073000059 ], [ -117.416423808, 46.565986072000044 ], [ -117.416923807999979, 46.565606072000037 ], [ -117.417243807999967, 46.565346072000068 ], [ -117.417523807999942, 46.56504607200003 ], [ -117.417843807999986, 46.564646072000073 ], [ -117.418023807999987, 46.56442607200006 ], [ -117.418703807999975, 46.563566072000071 ], [ -117.420073807999984, 46.562676072000045 ], [ -117.420256807999976, 46.562620072000072 ], [ -117.420633808, 46.562506072000076 ], [ -117.421033807999947, 46.562436072000025 ], [ -117.421553807999942, 46.56239607200007 ], [ -117.421933807999949, 46.562376072000063 ], [ -117.422363807999943, 46.562386072000038 ], [ -117.422723807999944, 46.562426072000051 ], [ -117.42343380799997, 46.56257607200007 ], [ -117.423406807999982, 46.562497072000042 ], [ -117.423393807999958, 46.562456072000032 ], [ -117.423342807999973, 46.562258072000077 ], [ -117.423322807999966, 46.562178072000052 ], [ -117.423113807999982, 46.561356071000034 ], [ -117.423036807999949, 46.561074071000064 ], [ -117.422853807999957, 46.560396071000071 ], [ -117.422608806999961, 46.559404071000074 ], [ -117.422513806999973, 46.55901607100003 ], [ -117.422413806999941, 46.558726071000081 ], [ -117.422333806999973, 46.558556071000055 ], [ -117.422223806999966, 46.55836607100008 ], [ -117.421973806999972, 46.557996071000048 ], [ -117.421886806999964, 46.557891071000029 ], [ -117.421453806999978, 46.557366071000047 ], [ -117.421383806999984, 46.557246071000066 ], [ -117.421363806999977, 46.557146071000034 ], [ -117.421383806999984, 46.557046071000059 ], [ -117.421433806999971, 46.556976071000065 ], [ -117.421457806999967, 46.556959071000051 ], [ -117.421503806999965, 46.556926071000078 ], [ -117.421623806999946, 46.556886071000065 ], [ -117.421743806999984, 46.556866071000059 ], [ -117.421883806999972, 46.556866071000059 ], [ -117.422033807, 46.556906071000071 ], [ -117.422163806999947, 46.556976071000065 ], [ -117.422733806999986, 46.557306071000028 ], [ -117.422933807, 46.557396071000028 ], [ -117.423173806999955, 46.557476071000053 ], [ -117.424113806999969, 46.557696071000066 ], [ -117.424363806999963, 46.557786071000066 ], [ -117.424613807999947, 46.557896071000073 ], [ -117.426743807999969, 46.559006071000056 ], [ -117.427023807999944, 46.559136071000069 ], [ -117.427253807999989, 46.559216071000037 ], [ -117.427503807999983, 46.559286071000031 ], [ -117.427723807999939, 46.559336071000075 ], [ -117.427913807999971, 46.559357071000079 ], [ -117.427963807999959, 46.559371071000044 ], [ -117.428103809, 46.559386071000063 ], [ -117.428313808999974, 46.559396071000037 ], [ -117.435183809999955, 46.559386070000073 ], [ -117.43648380999997, 46.559376070000042 ], [ -117.437163809999959, 46.559376070000042 ], [ -117.437523809999959, 46.559396070000048 ], [ -117.437706809999952, 46.559417070000052 ], [ -117.437773809999953, 46.559426070000029 ], [ -117.43797380999996, 46.559476070000073 ], [ -117.438113809999948, 46.559516070000029 ], [ -117.43825381, 46.559566070000074 ], [ -117.438373809999973, 46.559616070000061 ], [ -117.438473809999948, 46.55967607000008 ], [ -117.438573810999969, 46.559746070000074 ], [ -117.438653811, 46.559816070000068 ], [ -117.438733810999963, 46.559906070000068 ], [ -117.438783810999951, 46.560006070000043 ], [ -117.438793810999982, 46.560116070000049 ], [ -117.438923810999938, 46.560646070000075 ], [ -117.439013810999938, 46.560846070000025 ], [ -117.439083810999989, 46.560916070000076 ], [ -117.439163810999958, 46.560976070000038 ], [ -117.439303810999945, 46.561046070000032 ], [ -117.439423810999983, 46.561086070000044 ], [ -117.439543810999965, 46.561106070000051 ], [ -117.439673810999977, 46.561116070000026 ], [ -117.439843810999946, 46.561106070000051 ], [ -117.439963810999984, 46.561086070000044 ], [ -117.440123810999978, 46.561036070000057 ], [ -117.440283810999972, 46.560936070000025 ], [ -117.440463810999972, 46.560706070000037 ], [ -117.440773810999985, 46.560186070000043 ], [ -117.441233810999961, 46.559506069000065 ], [ -117.441294810999977, 46.559416069000065 ], [ -117.441298133999965, 46.55941129100006 ], [ -117.441593810999962, 46.558986069000071 ], [ -117.441823810999949, 46.558726069000045 ], [ -117.442563810999957, 46.557826069000043 ], [ -117.442723810999951, 46.557616069000062 ], [ -117.442803810999976, 46.557436069000062 ], [ -117.442853810999964, 46.557266069000036 ], [ -117.44287381099997, 46.556986069000061 ], [ -117.442863810999938, 46.556486069000073 ], [ -117.44287381099997, 46.556426069000054 ], [ -117.442923810999957, 46.556366069000035 ], [ -117.443107810999948, 46.556182069000045 ], [ -117.443133810999939, 46.556156069000053 ], [ -117.443213810999964, 46.556066069000053 ], [ -117.443303810999964, 46.555926069000066 ], [ -117.443333810999945, 46.555836069000065 ], [ -117.443333810999945, 46.55575606900004 ], [ -117.443313810999939, 46.555636069000059 ], [ -117.443243809999956, 46.555476069000065 ], [ -117.44309381, 46.555196069000033 ], [ -117.443023809999943, 46.55504606900007 ], [ -117.442973809999955, 46.554916069000058 ], [ -117.442953809999949, 46.554836069000032 ], [ -117.442933809999943, 46.554696069000045 ], [ -117.442953809999949, 46.554576069000063 ], [ -117.44300381, 46.554366069000025 ], [ -117.443123809999975, 46.554026069000031 ], [ -117.443213809999975, 46.553806069000075 ], [ -117.443243809999956, 46.553686069000037 ], [ -117.443253809999987, 46.55330606900003 ], [ -117.443283809999969, 46.552946069000029 ], [ -117.44331380999995, 46.552856069000029 ], [ -117.443383809999943, 46.552746069000079 ], [ -117.443503809999982, 46.552606069000035 ], [ -117.443643809999969, 46.552496069000028 ], [ -117.443803809999963, 46.552406069000028 ], [ -117.443993809999938, 46.552336069000035 ], [ -117.444223809999983, 46.552276069000072 ], [ -117.44445380999997, 46.55223606900006 ], [ -117.44469381, 46.552216069000053 ], [ -117.445057927, 46.552208153000038 ], [ -117.445153809999965, 46.552206069000079 ], [ -117.445723809999947, 46.552206068000032 ], [ -117.446393809999961, 46.552226068000039 ], [ -117.447353810999971, 46.552246068000045 ], [ -117.448133811, 46.552256068000077 ], [ -117.448593810999967, 46.552246068000045 ], [ -117.448823810999954, 46.55223606800007 ], [ -117.44908381099998, 46.552206068000032 ], [ -117.449343810999949, 46.552166068000076 ], [ -117.449943810999969, 46.552046068000038 ], [ -117.450263810999957, 46.552016068000057 ], [ -117.450473810999938, 46.552016068000057 ], [ -117.45066381099997, 46.552026068000032 ], [ -117.450833810999939, 46.552046068000038 ], [ -117.451223810999977, 46.552126068000064 ], [ -117.451693810999984, 46.552196068000057 ], [ -117.451933810999947, 46.552226068000039 ], [ -117.452203810999947, 46.55223606800007 ], [ -117.452343811, 46.55223606800007 ], [ -117.452533810999967, 46.552226068000039 ], [ -117.452733811999963, 46.552206068000032 ], [ -117.452973811999982, 46.552166068000076 ], [ -117.453093811999963, 46.55214206800008 ], [ -117.453323811999951, 46.552096068000026 ], [ -117.453643811999939, 46.552026068000032 ], [ -117.454213811999978, 46.551926068000057 ], [ -117.454553811999972, 46.551896068000076 ], [ -117.454893811999966, 46.55187606800007 ], [ -117.455533811999942, 46.55189606700003 ], [ -117.455713811999942, 46.551916067000036 ], [ -117.45592381199998, 46.551946067000074 ], [ -117.456793811999944, 46.552096067000036 ], [ -117.457293811999989, 46.552176067000062 ], [ -117.457523811999977, 46.552196067000068 ], [ -117.457743812, 46.552186067000036 ], [ -117.457863811999971, 46.552176067000062 ], [ -117.458013812, 46.552136067000049 ], [ -117.458144811999944, 46.552090067000051 ], [ -117.458343812999942, 46.552269067000054 ], [ -117.458431812999947, 46.552399067000067 ], [ -117.458575812999982, 46.552489067000067 ], [ -117.45894081299997, 46.55254106700005 ], [ -117.459434812999973, 46.552580067000065 ], [ -117.460085812999978, 46.552559067000061 ], [ -117.460308812999983, 46.55259006700004 ], [ -117.460738812999978, 46.552701067000044 ], [ -117.461072812999987, 46.552722067000047 ], [ -117.46148481299997, 46.552702067000041 ], [ -117.462105813, 46.552556067000069 ], [ -117.462646813, 46.552409067000042 ], [ -117.463131812999961, 46.552246067000056 ], [ -117.463719813999944, 46.55211306700005 ], [ -117.463894813999957, 46.552103067000075 ], [ -117.464292813999975, 46.552133067000057 ], [ -117.464785813999981, 46.552122067000028 ], [ -117.465620813999976, 46.552339066000059 ], [ -117.465843813999982, 46.55236906600004 ], [ -117.465938813999969, 46.552360066000062 ], [ -117.466161813999975, 46.552413066000042 ], [ -117.466320813999971, 46.552489066000078 ], [ -117.466463813999951, 46.55253306600008 ], [ -117.466956813999957, 46.552554066000027 ], [ -117.467005813999947, 46.552565066000057 ], [ -117.467052813999942, 46.552576066000029 ], [ -117.467226813999957, 46.552634066000053 ], [ -117.467688813999985, 46.552897066000071 ], [ -117.467863813999941, 46.552942066000071 ], [ -117.468133814999987, 46.552976066000042 ], [ -117.468769814999973, 46.553001066000036 ], [ -117.46912081499994, 46.553098066000075 ], [ -117.469246814999963, 46.553166066000074 ], [ -117.469613814999946, 46.553263066000056 ], [ -117.469962814999974, 46.55323906600006 ], [ -117.470201814999939, 46.553175066000051 ], [ -117.470853814999941, 46.553253066000082 ], [ -117.470948814999986, 46.553307066000059 ], [ -117.471076814999947, 46.553459066000073 ], [ -117.471347814999945, 46.553629066000042 ], [ -117.471489814999984, 46.553696066000043 ], [ -117.471871814999986, 46.553816066000081 ], [ -117.472079814999972, 46.55380606600005 ], [ -117.472158814999943, 46.55376106600005 ], [ -117.47230181499998, 46.553585066000039 ], [ -117.472412814999984, 46.553530066000064 ], [ -117.472571814999981, 46.553552066000066 ], [ -117.472810816, 46.553641066000068 ], [ -117.473128815999985, 46.55389206600006 ], [ -117.473430815999961, 46.55408006600004 ], [ -117.473573815999941, 46.554133066000077 ], [ -117.473653815999967, 46.554146066000044 ], [ -117.473860815999956, 46.554123066000045 ], [ -117.473987815999976, 46.55406806600007 ], [ -117.474225815999944, 46.55389606600005 ], [ -117.474368815999981, 46.553819066000074 ], [ -117.474496815999942, 46.553801066000062 ], [ -117.474814816, 46.553822066000066 ], [ -117.474909815999979, 46.553844066000067 ], [ -117.475005815999964, 46.553907066000079 ], [ -117.475084816, 46.554028066000058 ], [ -117.475179815999979, 46.554095066000059 ], [ -117.475370815999952, 46.55420706600006 ], [ -117.475761815999988, 46.554389066000056 ], [ -117.475837634999948, 46.554437224000026 ], [ -117.476142816, 46.55463106600007 ], [ -117.476493815999959, 46.554818066000053 ], [ -117.476683816, 46.554831066000077 ], [ -117.476795816999982, 46.554808066000078 ], [ -117.477558816999988, 46.55450806500005 ], [ -117.477829816999986, 46.554493065000031 ], [ -117.478003816999944, 46.554515065000032 ], [ -117.478178816999957, 46.554573065000056 ], [ -117.478369816999987, 46.554734065000048 ], [ -117.47849681699995, 46.554823065000051 ], [ -117.478655816999947, 46.554899065000029 ], [ -117.478799816999981, 46.554957065000053 ], [ -117.479260816999954, 46.555054065000036 ], [ -117.479595816999961, 46.555174065000074 ], [ -117.479785817, 46.555273065000051 ], [ -117.480119816999945, 46.555406065000057 ], [ -117.480486816999985, 46.555499065000049 ], [ -117.480804816999978, 46.555507065000029 ], [ -117.480931816999941, 46.555475065000053 ], [ -117.480962816999977, 46.555488065000077 ], [ -117.481169816999966, 46.555465065000078 ], [ -117.481408817999977, 46.555464065000081 ], [ -117.48159981799995, 46.555440065000028 ], [ -117.481916817999945, 46.555277065000041 ], [ -117.482027817999949, 46.555245065000065 ], [ -117.482139817999951, 46.555245065000065 ], [ -117.48233081799998, 46.555212065000035 ], [ -117.482505818, 46.555221065000069 ], [ -117.482775818, 46.55530006500004 ], [ -117.48387381799995, 46.555372065000029 ], [ -117.483905817999982, 46.555359065000061 ], [ -117.484112817999971, 46.555403065000064 ], [ -117.484350817999939, 46.555478065000045 ], [ -117.484573817999944, 46.555590065000047 ], [ -117.48479681799995, 46.555764065000062 ], [ -117.484892818, 46.556016065000051 ], [ -117.484955817999946, 46.556106065000051 ], [ -117.485305817999972, 46.556104065000056 ], [ -117.485806817999958, 46.55626006500006 ], [ -117.486332818999983, 46.55659006500008 ], [ -117.486539818999972, 46.55650406500007 ], [ -117.486745818999964, 46.556463065000059 ], [ -117.48690481899996, 46.556439065000063 ], [ -117.487127818999966, 46.556461065000065 ], [ -117.487285818999965, 46.556505065000067 ], [ -117.488193818999946, 46.556956064000076 ], [ -117.488400819, 46.557031064000057 ], [ -117.488702818999968, 46.557098064000058 ], [ -117.490134819, 46.557168064000052 ], [ -117.490929819999963, 46.55730006400006 ], [ -117.491932819999988, 46.557552064000049 ], [ -117.492266819999941, 46.557577064000043 ], [ -117.492504819999965, 46.55763006400008 ], [ -117.49259281999997, 46.557657064000068 ], [ -117.492647819999945, 46.55767506400008 ], [ -117.492981819999954, 46.557885064000061 ], [ -117.493189819999941, 46.558059064000076 ], [ -117.493307819999984, 46.558266064000065 ], [ -117.49338881999995, 46.558356064000066 ], [ -117.493706819999943, 46.558552064000025 ], [ -117.493960820999973, 46.558672064000064 ], [ -117.494103820999953, 46.558708064000029 ], [ -117.494565820999981, 46.558728064000036 ], [ -117.495726820999948, 46.558678064000048 ], [ -117.497587820999968, 46.558391064000034 ], [ -117.497682820999955, 46.558368064000035 ], [ -117.498271820999946, 46.558352064000076 ], [ -117.49884382099998, 46.558408064000048 ], [ -117.499257820999958, 46.558496063000064 ], [ -117.499703821999958, 46.558638063000046 ], [ -117.499830821999979, 46.558705063000048 ], [ -117.500324821999982, 46.559023063000041 ], [ -117.500786821999952, 46.55934906300007 ], [ -117.500902110999959, 46.559401941000033 ], [ -117.500919821999958, 46.55941006300003 ], [ -117.501030821999962, 46.559462063000069 ], [ -117.501096821999965, 46.559506063000072 ], [ -117.501527821999957, 46.559797063000076 ], [ -117.501895822, 46.560046063000073 ], [ -117.501927821999971, 46.560046063000073 ], [ -117.502039821999972, 46.560127063000039 ], [ -117.502245821999963, 46.560225063000075 ], [ -117.502913822999972, 46.560433063000062 ], [ -117.502931822999983, 46.560437063000052 ], [ -117.503103822999947, 46.560477063000064 ], [ -117.503326822999952, 46.560580063000032 ], [ -117.503422823, 46.560602063000033 ], [ -117.503549822999958, 46.56070006300007 ], [ -117.503772822999963, 46.560821063000049 ], [ -117.504137822999951, 46.560909063000054 ], [ -117.504375822999975, 46.560931063000055 ], [ -117.505314823, 46.560954063000054 ], [ -117.505887822999966, 46.561086063000062 ], [ -117.506380822999972, 46.561327063000078 ], [ -117.50674582299996, 46.561429063000048 ], [ -117.506959823999978, 46.561449063000055 ], [ -117.507255823999969, 46.561418063000076 ], [ -117.507891823999955, 46.561298063000038 ], [ -117.508352823999985, 46.561296063000043 ], [ -117.508559823999974, 46.561317063000047 ], [ -117.508972823999954, 46.561410063000039 ], [ -117.509767824, 46.561699063000049 ], [ -117.509958823999966, 46.561730063000027 ], [ -117.510102823999944, 46.561742063000054 ], [ -117.510372823999944, 46.561710063000078 ], [ -117.510913823999942, 46.561577063000072 ], [ -117.511231824, 46.561557062000077 ], [ -117.511565823999945, 46.561587062000058 ], [ -117.511661823999987, 46.561623062000081 ], [ -117.511915823999971, 46.561667062000026 ], [ -117.512376825, 46.561633062000055 ], [ -117.512599824999938, 46.561686062000035 ], [ -117.512774824999951, 46.56167606200006 ], [ -117.513235824999981, 46.561566062000054 ], [ -117.513331824999966, 46.561525062000044 ], [ -117.513474824999946, 46.561381062000066 ], [ -117.513681825, 46.561281062000035 ], [ -117.513912824999977, 46.561217062000026 ], [ -117.514277824999965, 46.561193062000029 ], [ -117.514548824999963, 46.561232062000045 ], [ -117.515518824999958, 46.561277062000045 ], [ -117.515931824999939, 46.561356062000073 ], [ -117.516743825, 46.561375062000081 ], [ -117.517815824999957, 46.561321062000047 ], [ -117.518032825999967, 46.561311062000073 ], [ -117.518398825999952, 46.561323062000042 ], [ -117.518700825999986, 46.561375062000081 ], [ -117.518922826, 46.561343062000049 ], [ -117.519082825999988, 46.561355062000075 ], [ -117.519225825999968, 46.561386062000054 ], [ -117.519352825999988, 46.561444062000078 ], [ -117.519654825999964, 46.561695062000069 ], [ -117.519781825999985, 46.561762062000071 ], [ -117.520083825999961, 46.561828062000075 ], [ -117.520465825999963, 46.561853062000068 ], [ -117.520815825999989, 46.561811062000061 ], [ -117.521006825999962, 46.561770061000061 ], [ -117.521165825999958, 46.561692061000031 ], [ -117.521298825999963, 46.561561061000077 ], [ -117.521532825999941, 46.561331061000033 ], [ -117.52169082599994, 46.561231061000058 ], [ -117.521914825999943, 46.561131061000026 ], [ -117.522152825999967, 46.561053061000052 ], [ -117.522285825999973, 46.561028061000059 ], [ -117.522549825999988, 46.560980061000066 ], [ -117.522900825999955, 46.560848061000058 ], [ -117.523075313999982, 46.560832842000082 ], [ -117.52339382599996, 46.560805061000053 ], [ -117.523584826, 46.560768061000033 ], [ -117.523886825999966, 46.560802061000061 ], [ -117.524204826999949, 46.560770061000028 ], [ -117.524729826999987, 46.560749061000081 ], [ -117.52504782699998, 46.560770061000028 ], [ -117.525206826999977, 46.560814061000031 ], [ -117.525412826999968, 46.560827061000055 ], [ -117.525679826999976, 46.560800061000066 ], [ -117.525922826999988, 46.560748061000027 ], [ -117.526574827, 46.560700061000034 ], [ -117.526734826999984, 46.560668061000058 ], [ -117.526816826999948, 46.560666061000063 ], [ -117.527131826999948, 46.560657061000029 ], [ -117.527560826999945, 46.560709061000068 ], [ -117.52826082699994, 46.560886061000076 ], [ -117.528547826999954, 46.56090706100008 ], [ -117.529405828, 46.560867061000067 ], [ -117.530027827999959, 46.560734060000073 ], [ -117.530838827999958, 46.560703060000037 ], [ -117.531505827999979, 46.560812060000046 ], [ -117.532260827999949, 46.560998060000031 ], [ -117.532778827999948, 46.561126060000049 ], [ -117.532857827999976, 46.561166060000062 ], [ -117.532905827999969, 46.561166060000062 ], [ -117.533223827999961, 46.561299060000067 ], [ -117.53362182799998, 46.561410060000071 ], [ -117.534193828999946, 46.561641060000056 ], [ -117.534432828999968, 46.561914060000049 ], [ -117.534639828999957, 46.562058060000027 ], [ -117.535768828999949, 46.56259706000003 ], [ -117.536324828999966, 46.562824060000025 ], [ -117.536658828999975, 46.563002060000031 ], [ -117.536849828999948, 46.563109060000045 ], [ -117.537517829999956, 46.56361006000003 ], [ -117.537899829999958, 46.56392806000008 ], [ -117.53858383, 46.564388060000056 ], [ -117.539234829999941, 46.564664060000041 ], [ -117.539490829999977, 46.564816060000055 ], [ -117.53977683, 46.564895060000026 ], [ -117.54047583, 46.564951060000055 ], [ -117.540857830999983, 46.56494906000006 ], [ -117.541176830999973, 46.565015060000064 ], [ -117.541478830999949, 46.565157060000047 ], [ -117.541796830999942, 46.565277060000028 ], [ -117.542464830999961, 46.56550406000008 ], [ -117.542734830999962, 46.565624060000061 ], [ -117.543243830999984, 46.565779059000079 ], [ -117.54341883099994, 46.565855059000057 ], [ -117.543593830999953, 46.565975059000039 ], [ -117.543784830999982, 46.56604205900004 ], [ -117.544404830999952, 46.566318059000025 ], [ -117.545414831999949, 46.566831059000037 ], [ -117.547186831999966, 46.567652059000068 ], [ -117.547593831999961, 46.567841059000045 ], [ -117.547737831999939, 46.567922059000068 ], [ -117.548023832999945, 46.568155059000048 ], [ -117.548516832999951, 46.568427059000044 ], [ -117.548676832999945, 46.568493059000048 ], [ -117.549025832999973, 46.568595059000074 ], [ -117.549343832999966, 46.568661059000078 ], [ -117.549551832999953, 46.56868305900008 ], [ -117.550346833, 46.568638059000079 ], [ -117.551014832999954, 46.568540059000043 ], [ -117.551460832999965, 46.568561059000046 ], [ -117.551603832999945, 46.568592059000025 ], [ -117.551984832999949, 46.568756059000066 ], [ -117.552302832999942, 46.569020059000081 ], [ -117.552308832999984, 46.569028059000061 ], [ -117.552637833999938, 46.569437059000052 ], [ -117.552732833999983, 46.569482059000052 ], [ -117.553018833999943, 46.569737059000033 ], [ -117.553416833999961, 46.569938059000037 ], [ -117.553560833999938, 46.569991059000074 ], [ -117.553909833999967, 46.570070059000045 ], [ -117.55417483399998, 46.570088059000057 ], [ -117.554896833999976, 46.570137059000047 ], [ -117.555500833999986, 46.570157059000053 ], [ -117.555707833999975, 46.570214059000079 ], [ -117.556455834999952, 46.57055305800003 ], [ -117.556885834999946, 46.57078505800007 ], [ -117.557680834999985, 46.571253058000082 ], [ -117.558364834999963, 46.57170405800008 ], [ -117.558826835, 46.57194105800005 ], [ -117.559032834999982, 46.572007058000054 ], [ -117.559478835, 46.572095058000059 ], [ -117.559924836, 46.572115058000065 ], [ -117.560130835999985, 46.572105058000034 ], [ -117.560337835999974, 46.572127058000035 ], [ -117.560397836, 46.572147058000041 ], [ -117.560623836, 46.572224058000074 ], [ -117.560846835999939, 46.572381058000076 ], [ -117.560989835999976, 46.572510058000034 ], [ -117.561109835999957, 46.572775058000047 ], [ -117.561204835999945, 46.572919058000025 ], [ -117.561395835999974, 46.573071058000039 ], [ -117.561474835999945, 46.573079058000076 ], [ -117.561602835999963, 46.573146058000077 ], [ -117.562126835999948, 46.573324058000026 ], [ -117.56217483599994, 46.573324058000026 ], [ -117.562997835999965, 46.573716058000059 ], [ -117.563209836999988, 46.573818058000029 ], [ -117.563496836999946, 46.573907058000032 ], [ -117.564769836999972, 46.573954058000027 ], [ -117.565022836999958, 46.574007058000063 ], [ -117.56526183699998, 46.574096058000066 ], [ -117.565665836999983, 46.574185058000069 ], [ -117.56591483699998, 46.574241058000041 ], [ -117.566502836999973, 46.574306058000047 ], [ -117.566566836999982, 46.574292058000026 ], [ -117.566645836999953, 46.574314058000027 ], [ -117.566666836999957, 46.574314058000027 ], [ -117.566788837, 46.574318058000074 ], [ -117.566977836999968, 46.574304058000052 ], [ -117.567081836999989, 46.57429705800007 ], [ -117.566916836999951, 46.574168058000055 ], [ -117.566643836999958, 46.573956058000078 ], [ -117.56642583699994, 46.573778058000073 ], [ -117.566263836999951, 46.573646058000065 ], [ -117.566210836999971, 46.57360305800006 ], [ -117.566103836999957, 46.573516058000052 ], [ -117.566052836999972, 46.573478058000035 ], [ -117.565998836999938, 46.573438058000079 ], [ -117.565923836999957, 46.57338205800005 ], [ -117.565701836999949, 46.573215058000073 ], [ -117.565663836999988, 46.573186058000033 ], [ -117.565627836999965, 46.573161058000039 ], [ -117.565069836999953, 46.572781058000032 ], [ -117.564973836999968, 46.572716058000026 ], [ -117.564543835999984, 46.572466058000032 ], [ -117.564113836, 46.572236058000044 ], [ -117.563813835999952, 46.572066058000075 ], [ -117.563613835999945, 46.571946058000037 ], [ -117.563463835999983, 46.571836058000031 ], [ -117.563340835999952, 46.571739058000048 ], [ -117.563273835999951, 46.571686058000068 ], [ -117.563113835999957, 46.571546058000081 ], [ -117.562943835999988, 46.571376058000055 ], [ -117.562853835999988, 46.57127605800008 ], [ -117.562813835999975, 46.571226058000036 ], [ -117.562663835999956, 46.570996058000048 ], [ -117.562523835999968, 46.57073605800008 ], [ -117.562443835999943, 46.570536058000073 ], [ -117.562383835999981, 46.570286058000079 ], [ -117.562353835999943, 46.570086058000072 ], [ -117.562343834999979, 46.569646058000046 ], [ -117.562333834999947, 46.568746058000045 ], [ -117.562343834999979, 46.567756058000043 ], [ -117.562334834999945, 46.567200058000026 ], [ -117.562333834999947, 46.567086058000029 ], [ -117.562303834999966, 46.566856058000042 ], [ -117.562233834999972, 46.566586058000041 ], [ -117.562123834999966, 46.56619605800006 ], [ -117.561983834999978, 46.565846058000034 ], [ -117.56195383499994, 46.565756058000034 ], [ -117.561903834999953, 46.565676058000065 ], [ -117.561853834999965, 46.565556058000027 ], [ -117.561803833999988, 46.565476058000058 ], [ -117.561783833999982, 46.565396058000033 ], [ -117.561773833999951, 46.565316058000064 ], [ -117.561723833999963, 46.565026058000058 ], [ -117.561723833999963, 46.564676058000032 ], [ -117.561733834, 46.564486058000057 ], [ -117.561773833999951, 46.564196057000061 ], [ -117.561863833999951, 46.563906057000054 ], [ -117.562003833999938, 46.563616057000047 ], [ -117.56228383399997, 46.563096057000052 ], [ -117.562643833999971, 46.562496057000033 ], [ -117.563133833999984, 46.561636057000044 ], [ -117.563363833999972, 46.561336057000062 ], [ -117.563553833999947, 46.561106057000075 ], [ -117.564852833999964, 46.559619057000077 ], [ -117.564859699999943, 46.559611239000048 ], [ -117.56508383399995, 46.559356057000059 ], [ -117.565473833999988, 46.558886057000052 ], [ -117.565703833999976, 46.558546057000058 ], [ -117.565853833999938, 46.558276057000057 ], [ -117.565973833999976, 46.557986057000051 ], [ -117.566123833999939, 46.557506057000069 ], [ -117.566193833999989, 46.557186057000081 ], [ -117.566223832999981, 46.556886057000042 ], [ -117.566249832999972, 46.556097056000056 ], [ -117.566273832999968, 46.55541605600007 ], [ -117.566303832999949, 46.554886056000043 ], [ -117.566383832999975, 46.55392605600008 ], [ -117.56643883199996, 46.551909056000056 ], [ -117.566440831999955, 46.551822056000049 ], [ -117.566443831999948, 46.551736056000038 ], [ -117.566451831999984, 46.55156205600008 ], [ -117.566456831999972, 46.55147605600007 ], [ -117.56648383199996, 46.550926056000037 ], [ -117.566583832, 46.549406056000066 ], [ -117.566586831999984, 46.549370056000043 ], [ -117.566643831999954, 46.548706056000071 ], [ -117.56672383199998, 46.548246056000039 ], [ -117.566823831999955, 46.547776056000032 ], [ -117.566913831999955, 46.547436056000038 ], [ -117.567183830999966, 46.546706056000062 ], [ -117.567383830999972, 46.546086056000036 ], [ -117.567693830999985, 46.545256056000028 ], [ -117.567863830999954, 46.544706055000063 ], [ -117.568003830999942, 46.54430605500005 ], [ -117.568053830999986, 46.544106055000043 ], [ -117.568083830999967, 46.543576055000074 ], [ -117.568053830999986, 46.543306055000073 ], [ -117.568045830999949, 46.543269055000053 ], [ -117.568003830999942, 46.543046055000048 ], [ -117.567933830999948, 46.542846055000041 ], [ -117.56779383099996, 46.542526055000053 ], [ -117.567673830999979, 46.54230605500004 ], [ -117.567473829999983, 46.542046055000071 ], [ -117.567013829999951, 46.54159605500007 ], [ -117.566939829999967, 46.541531055000064 ], [ -117.566642829999978, 46.541267055000048 ], [ -117.566573829999982, 46.541206055000032 ], [ -117.566123829999981, 46.540796055000044 ], [ -117.56576382999998, 46.540476055000056 ], [ -117.56544882999998, 46.540228055000057 ], [ -117.565293829999973, 46.540106055000081 ], [ -117.564873829999954, 46.539816055000074 ], [ -117.563873828999988, 46.539256055000067 ], [ -117.563859828999966, 46.53924805500003 ], [ -117.563163828999961, 46.538846056000068 ], [ -117.562513828999954, 46.538486056000067 ], [ -117.558979827999963, 46.536484056000063 ], [ -117.558753827999965, 46.536356056000045 ], [ -117.558493827999939, 46.536176056000045 ], [ -117.558469402999947, 46.536153586000069 ], [ -117.558243826999956, 46.535946056000057 ], [ -117.558113826999943, 46.535786056000063 ], [ -117.558073826999987, 46.53574605600005 ], [ -117.557983826999987, 46.535596056000031 ], [ -117.557903826999961, 46.535426056000063 ], [ -117.557823827, 46.535236056000031 ], [ -117.557794826999952, 46.535118056000044 ], [ -117.557781826999985, 46.535067056000059 ], [ -117.557763826999974, 46.534996056000068 ], [ -117.557759826999984, 46.53491305600005 ], [ -117.557758826999986, 46.534861056000068 ], [ -117.557759826999984, 46.534768056000075 ], [ -117.557762826999976, 46.534489056000041 ], [ -117.557763826999974, 46.534466056000042 ], [ -117.557780826999988, 46.534399056000041 ], [ -117.557786826999973, 46.534372056000052 ], [ -117.557806826999979, 46.534292056000027 ], [ -117.557813826999961, 46.534266056000035 ], [ -117.557609826999965, 46.534230056000069 ], [ -117.557523826999955, 46.534216056000048 ], [ -117.557213826999941, 46.534146056000054 ], [ -117.556993826999985, 46.534046056000079 ], [ -117.556481826999971, 46.533866056000079 ], [ -117.555823826999983, 46.533636056000034 ], [ -117.554943825999942, 46.533316056000047 ], [ -117.554253825999979, 46.533086056000059 ], [ -117.55368382599994, 46.532916056000033 ], [ -117.553123826, 46.532776056000046 ], [ -117.552663825999957, 46.532646056000033 ], [ -117.552497825999978, 46.532587056000068 ], [ -117.552323825999963, 46.532526056000052 ], [ -117.55192382599995, 46.532376056000032 ], [ -117.551683824999941, 46.532246056000076 ], [ -117.551243824999972, 46.531986056000051 ], [ -117.551211824999939, 46.532011056000044 ], [ -117.551118824999946, 46.53208705600008 ], [ -117.551087824999968, 46.532113056000071 ], [ -117.550973824999971, 46.532206056000064 ], [ -117.550883824999971, 46.532246056000076 ], [ -117.550733824999952, 46.532286056000032 ], [ -117.55025382499997, 46.532366056000058 ], [ -117.550095824999971, 46.532388056000059 ], [ -117.546986824999976, 46.532835057000057 ], [ -117.546633824999958, 46.532886057000042 ], [ -117.54595382499997, 46.533004057000028 ], [ -117.545616160999941, 46.533062210000026 ], [ -117.545593824999969, 46.533066057000042 ], [ -117.545033823999972, 46.533106057000055 ], [ -117.544853823999972, 46.533106057000055 ], [ -117.544333823999978, 46.533056057000067 ], [ -117.544064823999975, 46.533011057000067 ], [ -117.543003823999982, 46.532836057000054 ], [ -117.542623823999975, 46.532756057000029 ], [ -117.541609823999977, 46.532592057000045 ], [ -117.54114382399996, 46.532516057000066 ], [ -117.538446822999958, 46.532036058000074 ], [ -117.53782382299994, 46.531926058000067 ], [ -117.537373822999939, 46.531856058000074 ], [ -117.537123822999945, 46.531826058000036 ], [ -117.536723822999988, 46.531826058000036 ], [ -117.536563823, 46.531836058000067 ], [ -117.536523822999982, 46.531836058000067 ], [ -117.536391822999974, 46.531850058000032 ], [ -117.536349822999966, 46.531855058000076 ], [ -117.53624382299995, 46.531866058000048 ], [ -117.536043822999943, 46.531896058000029 ], [ -117.535523821999959, 46.531996058000061 ], [ -117.535255821999954, 46.532035058000076 ], [ -117.534503821999976, 46.53214605800008 ], [ -117.534233821999976, 46.532176058000061 ], [ -117.533723821999956, 46.532216058000074 ], [ -117.533453821999956, 46.532216058000074 ], [ -117.533183821999955, 46.532196058000068 ], [ -117.532923821999987, 46.53216605800003 ], [ -117.532663821999961, 46.532096058000036 ], [ -117.532373821999954, 46.531996058000061 ], [ -117.532163821999973, 46.531906058000061 ], [ -117.532005821999974, 46.53183105800008 ], [ -117.531993821999947, 46.531826058000036 ], [ -117.531773822, 46.531666058000042 ], [ -117.531623821999972, 46.53154605800006 ], [ -117.531423821999965, 46.531376058000035 ], [ -117.531149820999985, 46.531130058000031 ], [ -117.531043820999969, 46.531036058000041 ], [ -117.530823820999956, 46.53085605800004 ], [ -117.530643820999956, 46.530756058000065 ], [ -117.530312820999939, 46.530598058000066 ], [ -117.530243820999942, 46.530566058000034 ], [ -117.529813820999948, 46.530356058000052 ], [ -117.529393820999985, 46.530166058000077 ], [ -117.529093820999947, 46.530066058000045 ], [ -117.528773820999959, 46.52996605800007 ], [ -117.528503820999958, 46.529906058000051 ], [ -117.52809382099997, 46.529836058000058 ], [ -117.527623820999963, 46.529776058000039 ], [ -117.52746381999998, 46.529762059000063 ], [ -117.527393819999986, 46.529756059000078 ], [ -117.527013819999979, 46.529756059000078 ], [ -117.52646782, 46.529785059000062 ], [ -117.525673819999952, 46.529826059000072 ], [ -117.525626819999957, 46.52982705900007 ], [ -117.525183819999938, 46.529846059000079 ], [ -117.524963819999982, 46.529846059000079 ], [ -117.524783819999982, 46.529836059000047 ], [ -117.524513819999981, 46.529806059000066 ], [ -117.524243819999981, 46.529756059000078 ], [ -117.523973819999981, 46.529676059000053 ], [ -117.52318082, 46.529364059000045 ], [ -117.523083819999954, 46.529326059000027 ], [ -117.522853819999966, 46.529246059000059 ], [ -117.522633818999964, 46.52918605900004 ], [ -117.522443818999989, 46.529146059000027 ], [ -117.522373818999938, 46.52913705900005 ], [ -117.522298818999957, 46.529127059000075 ], [ -117.522073818999957, 46.529100059000029 ], [ -117.521998818999975, 46.529091059000052 ], [ -117.520892818999982, 46.52895305900006 ], [ -117.520709819, 46.528930059000061 ], [ -117.520193818999985, 46.528866059000052 ], [ -117.519743818999984, 46.528786059000026 ], [ -117.519503818999965, 46.528716059000033 ], [ -117.519273818999977, 46.528616059000058 ], [ -117.51889381899997, 46.528436059000057 ], [ -117.518103817999986, 46.528006059000063 ], [ -117.517633817999979, 46.527846059000069 ], [ -117.517423817999941, 46.527806059000056 ], [ -117.517233817999966, 46.527776059000075 ], [ -117.517053817999965, 46.527766059000044 ], [ -117.516773818, 46.527766059000044 ], [ -117.515743817999976, 46.527796060000071 ], [ -117.515283817999943, 46.527806060000046 ], [ -117.515102817999946, 46.527800060000061 ], [ -117.514933817999975, 46.527796060000071 ], [ -117.514703817999987, 46.527776060000065 ], [ -117.514453818, 46.527746060000027 ], [ -117.514163817999986, 46.527666060000058 ], [ -117.513813816999971, 46.527526060000071 ], [ -117.513267816999985, 46.527293060000034 ], [ -117.512678817, 46.527042060000042 ], [ -117.512453817, 46.526946060000057 ], [ -117.512428816999943, 46.526935060000028 ], [ -117.511681816999953, 46.52661106000005 ], [ -117.511433816999954, 46.526504060000036 ], [ -117.511413816999948, 46.526496060000056 ], [ -117.510823816999959, 46.526266060000069 ], [ -117.510413816999971, 46.526066060000062 ], [ -117.510173815999963, 46.525896060000036 ], [ -117.509983815999988, 46.525736060000042 ], [ -117.50981081599997, 46.525522060000071 ], [ -117.509773815999949, 46.525476060000074 ], [ -117.509493815999974, 46.525146060000054 ], [ -117.509193816, 46.524886060000028 ], [ -117.508953815999973, 46.524726060000035 ], [ -117.508073815999978, 46.524176060000059 ], [ -117.507913815999984, 46.524046060000046 ], [ -117.507813815999953, 46.523946060000071 ], [ -117.507663816, 46.523726060000058 ], [ -117.507553815, 46.523516060000077 ], [ -117.507373815, 46.523076060000051 ], [ -117.507003814999962, 46.522286060000056 ], [ -117.506633814999986, 46.521586060000061 ], [ -117.506353814999954, 46.521080060000031 ], [ -117.506213814999967, 46.520826060000047 ], [ -117.505823813999939, 46.520166060000065 ], [ -117.505533813999989, 46.519706060000033 ], [ -117.505363813999963, 46.519506060000026 ], [ -117.505318813999963, 46.519461060000026 ], [ -117.505203813999969, 46.519346060000032 ], [ -117.505013814, 46.519186060000038 ], [ -117.504813813999988, 46.519046060000051 ], [ -117.504583813999943, 46.518926060000069 ], [ -117.504343813999981, 46.518816060000063 ], [ -117.504043813999942, 46.51868606000005 ], [ -117.503443813999979, 46.518456060000062 ], [ -117.502863812999976, 46.518246060000081 ], [ -117.502393812999969, 46.518096060000062 ], [ -117.502013812999962, 46.51799606000003 ], [ -117.501997812999946, 46.51799206000004 ], [ -117.501593812999943, 46.517896060000055 ], [ -117.501107812999976, 46.517773060000081 ], [ -117.500013812999953, 46.517496060000042 ], [ -117.499104812999974, 46.517268061000038 ], [ -117.49785381199996, 46.51695606100003 ], [ -117.49734381199994, 46.516836061000049 ], [ -117.497053812, 46.51677606100003 ], [ -117.496813811999971, 46.516746061000049 ], [ -117.496493811999983, 46.516716061000068 ], [ -117.494213811999941, 46.516626061000068 ], [ -117.492974810999954, 46.516598061000082 ], [ -117.492383810999968, 46.516586061000055 ], [ -117.491923811, 46.516566061000049 ], [ -117.491663810999967, 46.516546061000042 ], [ -117.491123810999966, 46.516456061000042 ], [ -117.490925810999954, 46.516403061000062 ], [ -117.490523810999946, 46.516296061000048 ], [ -117.489894810999942, 46.516110061000063 ], [ -117.487363809999977, 46.515366062000055 ], [ -117.486814809999942, 46.51519206200004 ], [ -117.48625381, 46.515016062000029 ], [ -117.486213809999981, 46.514966062000042 ], [ -117.486093809999943, 46.514836062000029 ], [ -117.486033809999981, 46.514716062000048 ], [ -117.485993809999968, 46.514616062000073 ], [ -117.486223809999956, 46.514176062000047 ], [ -117.486423808999973, 46.513766062000059 ], [ -117.486583808999967, 46.513466062000077 ], [ -117.486783808999974, 46.513216061000037 ], [ -117.48708980899994, 46.512859061000029 ], [ -117.48769380899995, 46.512296061000029 ], [ -117.488163808999957, 46.511846061000028 ], [ -117.488313808999976, 46.511656061000053 ], [ -117.488433808999957, 46.511416061000034 ], [ -117.488493808999976, 46.511266061000072 ], [ -117.488523808999958, 46.511106061000078 ], [ -117.488503808999951, 46.510936061000052 ], [ -117.488463808999938, 46.510756061000052 ], [ -117.488403808999976, 46.51054606100007 ], [ -117.48829380899997, 46.510356061000039 ], [ -117.488123808999944, 46.510126061000051 ], [ -117.486146807999944, 46.508061061000035 ], [ -117.486103807999939, 46.508016061000035 ], [ -117.48557380799997, 46.507446061000053 ], [ -117.485173807999956, 46.506986061000077 ], [ -117.484863807999943, 46.506586061000064 ], [ -117.484793807999949, 46.506481061000045 ], [ -117.484734807999985, 46.506392061000042 ], [ -117.484703807999949, 46.506346061000045 ], [ -117.484603807999974, 46.50610406100003 ], [ -117.484563806999972, 46.506006061000051 ], [ -117.485283806999973, 46.50513606100003 ], [ -117.485643806999974, 46.504816061000042 ], [ -117.485883807, 46.504676061000055 ], [ -117.486113806999981, 46.504566061000048 ], [ -117.486278806999962, 46.504476061000048 ], [ -117.486483806999956, 46.504366061000042 ], [ -117.486833806999982, 46.504136061000054 ], [ -117.487123807999978, 46.503926061000072 ], [ -117.487403807999954, 46.503676061000078 ], [ -117.488053806999972, 46.502976061000027 ], [ -117.488453806999985, 46.502586061000045 ], [ -117.488743807, 46.502386060000049 ], [ -117.48909380799995, 46.50221606000008 ], [ -117.489373807999982, 46.502096060000042 ], [ -117.489633807999951, 46.50203606000008 ], [ -117.489943807999964, 46.502006060000042 ], [ -117.490423807999946, 46.501966060000029 ], [ -117.490883807999978, 46.50194606000008 ], [ -117.49127380799996, 46.501886060000061 ], [ -117.491883807999955, 46.50176606000008 ], [ -117.492388807999987, 46.501675060000025 ], [ -117.493273807999969, 46.501516060000029 ], [ -117.49469180799997, 46.50131306000003 ], [ -117.494833807999953, 46.501292060000026 ], [ -117.495093807999979, 46.50125606000006 ], [ -117.495261807999952, 46.501223060000029 ], [ -117.495403808, 46.501196060000041 ], [ -117.495689807999952, 46.501105060000043 ], [ -117.49581380799998, 46.501066060000028 ], [ -117.496113808999951, 46.500946060000047 ], [ -117.496323808999989, 46.500826060000065 ], [ -117.496491808999963, 46.500706060000027 ], [ -117.496563808999952, 46.50065606000004 ], [ -117.496713808999971, 46.500506060000077 ], [ -117.496783808999965, 46.500436060000027 ], [ -117.496889808999981, 46.500302060000081 ], [ -117.496943808999958, 46.500236059000031 ], [ -117.497023808, 46.500006059000043 ], [ -117.497033807999969, 46.499866059000055 ], [ -117.497023808, 46.499686059000055 ], [ -117.497004807999986, 46.499526059000061 ], [ -117.497003807999988, 46.49951605900003 ], [ -117.496963807999975, 46.499356059000036 ], [ -117.496933808, 46.499266059000036 ], [ -117.496893807999982, 46.499176059000035 ], [ -117.49679380799995, 46.499016059000041 ], [ -117.496583807999968, 46.498796059000028 ], [ -117.49608380799998, 46.498426059000053 ], [ -117.495642807999957, 46.498091059000046 ], [ -117.494873807999966, 46.497506060000035 ], [ -117.49443380699995, 46.497156060000066 ], [ -117.494053806999943, 46.49680606000004 ], [ -117.493833806999987, 46.496596060000059 ], [ -117.493613806999974, 46.496326060000058 ], [ -117.493443806999949, 46.496126060000051 ], [ -117.493313807, 46.495926060000045 ], [ -117.493243806999942, 46.495796060000032 ], [ -117.493173806999948, 46.495616060000032 ], [ -117.493123806999961, 46.495276060000037 ], [ -117.493193806999955, 46.494926059000079 ], [ -117.493243806999942, 46.494806059000041 ], [ -117.493263806999948, 46.494726059000072 ], [ -117.493283806999955, 46.494676059000028 ], [ -117.493303806999961, 46.494556059000047 ], [ -117.493313807, 46.494136059000027 ], [ -117.493347806999964, 46.493886059000033 ], [ -117.493363806, 46.493776059000027 ], [ -117.493423805999953, 46.493506059000026 ], [ -117.493763805999947, 46.492656059000069 ], [ -117.493903806, 46.492366059000062 ], [ -117.493972805999988, 46.492243059000032 ], [ -117.494043805999979, 46.492116059000068 ], [ -117.49416380599996, 46.491916059000062 ], [ -117.494273805999967, 46.491746059000036 ], [ -117.494593805999955, 46.491286059000061 ], [ -117.494930805999957, 46.49088105900006 ], [ -117.495303805999981, 46.490436059000046 ], [ -117.495613806, 46.49005605900004 ], [ -117.495883805999938, 46.489706059000071 ], [ -117.496023805999982, 46.489476059000026 ], [ -117.496123805999957, 46.489286059000051 ], [ -117.496203805999983, 46.489106059000051 ], [ -117.496243805999939, 46.488916059000076 ], [ -117.496273805999977, 46.488726059000044 ], [ -117.496283805999951, 46.488536059000069 ], [ -117.49625380599997, 46.488076059000036 ], [ -117.496153805999938, 46.486906059000034 ], [ -117.496123804999968, 46.486606059000053 ], [ -117.496066804999941, 46.486315059000049 ], [ -117.495903804999955, 46.485476059000064 ], [ -117.495883804999949, 46.485206059000063 ], [ -117.49589380499998, 46.485026058000074 ], [ -117.495913804999986, 46.484906058000036 ], [ -117.495993804999955, 46.484736058000067 ], [ -117.496022804999939, 46.484692058000064 ], [ -117.496103804999962, 46.484566058000041 ], [ -117.496182804999989, 46.484469058000059 ], [ -117.496243804999949, 46.484396058000073 ], [ -117.496433804999981, 46.484216058000072 ], [ -117.496643804999962, 46.484066058000053 ], [ -117.496803804999956, 46.483966058000078 ], [ -117.496821804999968, 46.483957058000044 ], [ -117.496993804999988, 46.483876058000078 ], [ -117.497073804999957, 46.48384605800004 ], [ -117.49720380499997, 46.483796058000053 ], [ -117.497443804999989, 46.483726058000059 ], [ -117.497743804999971, 46.48366605800004 ], [ -117.498563804999947, 46.48357605800004 ], [ -117.50001380599997, 46.483446058000027 ], [ -117.501833805999979, 46.483256058000052 ], [ -117.502403805999961, 46.483206058000064 ], [ -117.502963805999968, 46.483176058000026 ], [ -117.503493806, 46.483166058000052 ], [ -117.51228380799995, 46.483196057000043 ], [ -117.514263807999953, 46.483206056000029 ], [ -117.514923808, 46.483206056000029 ], [ -117.515393807999942, 46.483166056000073 ], [ -117.515843807999943, 46.483086056000047 ], [ -117.51621180799998, 46.482997056000045 ], [ -117.516303807999975, 46.482976056000041 ], [ -117.517143808999947, 46.48270605600004 ], [ -117.518273809, 46.482366056000046 ], [ -117.518753808999975, 46.482246056000065 ], [ -117.519483808999951, 46.48216605600004 ], [ -117.519933808999951, 46.482136056000058 ], [ -117.520353808999971, 46.482066056000065 ], [ -117.520683809, 46.481976056000065 ], [ -117.520863809, 46.481896056000039 ], [ -117.521063808999941, 46.482046056000058 ], [ -117.52121380899996, 46.482096056000046 ], [ -117.521423808999941, 46.482146056000033 ], [ -117.521593808999967, 46.482156056000065 ], [ -117.521935808999956, 46.482165056000042 ], [ -117.522343808999949, 46.482176056000071 ], [ -117.525346809999974, 46.48215405500008 ], [ -117.526483809999945, 46.482146055000044 ], [ -117.528723810999963, 46.482156055000075 ], [ -117.532943810999939, 46.482146055000044 ], [ -117.536733811999966, 46.482106054000042 ], [ -117.536763811999947, 46.482106054000042 ], [ -117.536873811999953, 46.482116054000073 ], [ -117.536943811999947, 46.48213605400008 ], [ -117.537033811999947, 46.482186054000067 ], [ -117.53707381199996, 46.482236054000055 ], [ -117.537093811999966, 46.482306054000048 ], [ -117.537083812, 46.482636054000068 ], [ -117.53707381199996, 46.483416054000031 ], [ -117.537073812999949, 46.484356054000045 ], [ -117.537053812999943, 46.484846054000059 ], [ -117.537003812999956, 46.485246054000072 ], [ -117.537023812999962, 46.485536054000079 ], [ -117.537033813, 46.485606054000073 ], [ -117.537063812999975, 46.485676054000066 ], [ -117.537093812999956, 46.485696054000073 ], [ -117.537193812999988, 46.485716054000079 ], [ -117.537573813, 46.485736054000029 ], [ -117.547313814999939, 46.485706053000058 ], [ -117.54941381499998, 46.485716053000033 ], [ -117.551983815999961, 46.485696053000026 ], [ -117.557436816999939, 46.485690052000052 ], [ -117.558261246999962, 46.485689403000038 ], [ -117.562513816999967, 46.485686052000062 ], [ -117.563972817999968, 46.485686052000062 ], [ -117.566233817999944, 46.485686051000073 ], [ -117.568683818999943, 46.485676051000041 ], [ -117.569693818999951, 46.485666051000067 ], [ -117.571943818999955, 46.485676051000041 ], [ -117.573913819999973, 46.485676051000041 ], [ -117.574223819999986, 46.485686051000073 ], [ -117.57465381999998, 46.485686051000073 ], [ -117.57536381999995, 46.485676050000052 ], [ -117.577153819999978, 46.485696050000058 ], [ -117.577392819999943, 46.485690050000073 ], [ -117.578483819999974, 46.485666050000077 ], [ -117.579203820999965, 46.485676050000052 ], [ -117.586903821999954, 46.485731049000037 ], [ -117.588873821999982, 46.485746049000056 ], [ -117.590073822999955, 46.48572604900005 ], [ -117.590033821999953, 46.484706049000067 ], [ -117.590041821999989, 46.484135049000031 ], [ -117.590043821999984, 46.48405604900006 ], [ -117.590055821999954, 46.483983049000074 ], [ -117.590063822, 46.483936049000079 ], [ -117.590133821999984, 46.483806049000066 ], [ -117.590363821999972, 46.48345604900004 ], [ -117.590523821999966, 46.483246049000059 ], [ -117.590692822, 46.483041049000065 ], [ -117.590803821999941, 46.482906049000064 ], [ -117.590836821999972, 46.482856049000077 ], [ -117.590883821999967, 46.482786049000026 ], [ -117.59095382199996, 46.482606049000026 ], [ -117.590963822, 46.482536049000032 ], [ -117.590964821999989, 46.482515049000028 ], [ -117.591033821999986, 46.481686049000075 ], [ -117.591063821999967, 46.481386049000037 ], [ -117.591063821999967, 46.48127604900003 ], [ -117.591093821999948, 46.48118604900003 ], [ -117.591153821999967, 46.481056048000028 ], [ -117.591413822, 46.480596048000052 ], [ -117.591683822, 46.480256048000058 ], [ -117.591803821999974, 46.480126048000045 ], [ -117.591873821999968, 46.480036048000045 ], [ -117.591923821999956, 46.479946048000045 ], [ -117.591934821999985, 46.479913048000071 ], [ -117.591963821999968, 46.479836048000038 ], [ -117.591993821999949, 46.479716048000057 ], [ -117.592023821999987, 46.479626048000057 ], [ -117.592113821999988, 46.47951604800005 ], [ -117.592233821999969, 46.479326048000075 ], [ -117.592343821999975, 46.479096048000031 ], [ -117.592473821999988, 46.478906048000056 ], [ -117.592543821999982, 46.478816048000056 ], [ -117.592603821999944, 46.478766048000068 ], [ -117.592713821999951, 46.478686048000043 ], [ -117.592785821999939, 46.478602048000027 ], [ -117.592864821999967, 46.47851104800003 ], [ -117.592891786999985, 46.478479934000063 ], [ -117.592903821999982, 46.47846604800003 ], [ -117.593013821999989, 46.478276048000055 ], [ -117.59314182199995, 46.478099048000047 ], [ -117.593333820999987, 46.477836048000029 ], [ -117.593493820999981, 46.477646048000054 ], [ -117.593653820999975, 46.477476048000028 ], [ -117.593793820999963, 46.477346048000072 ], [ -117.593942809999987, 46.477226857000062 ], [ -117.593945531999964, 46.477224040000067 ], [ -117.59406520899995, 46.477083549000042 ], [ -117.59417382099997, 46.476956048000034 ], [ -117.594348820999983, 46.476703048000047 ], [ -117.594403820999958, 46.476626048000071 ], [ -117.594665820999978, 46.476173048000078 ], [ -117.594733820999977, 46.476056048000032 ], [ -117.594833820999952, 46.475926048000076 ], [ -117.594866820999982, 46.475885048000066 ], [ -117.595023820999984, 46.475696048000032 ], [ -117.595183820999978, 46.47548604800005 ] ] ] } }
]
}
