{"type":"FeatureCollection", "features": [
{"type":"Feature","geometry":{"type":"Polygon","coordinates":[[[-122.754512068273,47.01765285582657],[-122.75381200848008,47.01035093780998],[-122.73862879567514,47.01727691037161],[-122.73856337367805,47.02487552356528],[-122.74905177908884,47.024940048904774],[-122.74907082080962,47.02130248766665],[-122.7491006867929,47.02130256118442],[-122.74910347139804,47.01766871192347],[-122.754512068273,47.01765285582657]]]},"properties":{"COUNTY":"Thurston","PRECCODE":13,"PRECNAME":"Oak Tree","PRECINCT":"Thurston 13","DESCRIPTIO":"Lake Country Far Northeast (Ovation at Oak Tree Senior Community)","OFFICE":"County Commissioner District 5","JURISDICTION":"County Council","RACE":"Thurston County District 5 County Commissioner District 5","Name_1":"Emily Clouse","Party_1":"Democratic_2","Votes_1":"193","Name_2":"Nicolas Martinez-Dunning","Party_2":"Democratic_1","Votes_2":"173","Name_3":"Michelle Gipson","Party_3":"Democratic_3","Votes_3":"86","Name_4":"Write-In","Party_4":"None_1","Votes_4":"5","Name_5":null,"Party_5":null,"Votes_5":"0","Name_6":null,"Party_6":null,"Votes_6":"0","Name_7":null,"Party_7":null,"Votes_7":"0","Votes_total":"457","Pct_1":42.23,"Pct_2":37.86,"Pct_3":18.82,"Pct_4":1.09,"Pct_5":0,"Pct_6":0,"Pct_7":0,"Margin":4.37}},
{"type":"Feature","geometry":{"type":"Polygon","coordinates":[[[-122.78250329148537,47.03522130841974],[-122.78178924228486,47.03347665094035],[-122.78155475577509,47.034047591408005],[-122.77989475436827,47.0325605244565],[-122.78020115417526,47.03025659131914],[-122.77662535211576,47.02654719003893],[-122.77608447877329,47.0249654936689],[-122.77486815659292,47.02494688099503],[-122.76933233591029,47.02497861730986],[-122.7672875779913,47.025013253262316],[-122.7672760574177,47.025208627889846],[-122.76490331510745,47.02890480604922],[-122.76484978406381,47.03110197776648],[-122.76536128937607,47.03107130704533],[-122.77115241312552,47.031060532207285],[-122.77412026796472,47.032053901123106],[-122.77924772629625,47.03418014008879],[-122.78139422907074,47.035003933594005],[-122.78219012046782,47.0352769327474],[-122.78244703545676,47.03534534045056],[-122.78250329148537,47.03522130841974]]]},"properties":{"COUNTY":"Thurston","PRECCODE":17,"PRECNAME":"Forest North","PRECINCT":"Thurston 17","DESCRIPTIO":"Lake Country North (Laurel Oaks, Seven Oaks Elementary School, Cantergrove at Long Lake)","OFFICE":"County Commissioner District 5","JURISDICTION":"County Council","RACE":"Thurston County District 5 County Commissioner District 5","Name_1":"Nicolas Martinez-Dunning","Party_1":"Democratic_1","Votes_1":"126","Name_2":"Emily Clouse","Party_2":"Democratic_2","Votes_2":"85","Name_3":"Michelle Gipson","Party_3":"Democratic_3","Votes_3":"64","Name_4":"Write-In","Party_4":"None_1","Votes_4":"4","Name_5":null,"Party_5":null,"Votes_5":"0","Name_6":null,"Party_6":null,"Votes_6":"0","Name_7":null,"Party_7":null,"Votes_7":"0","Votes_total":"279","Pct_1":45.16,"Pct_2":30.47,"Pct_3":22.94,"Pct_4":1.43,"Pct_5":0,"Pct_6":0,"Pct_7":0,"Margin":14.69}},
{"type":"Feature","geometry":{"type":"MultiPolygon","coordinates":[[[[-122.78436197738594,46.99614972922139],[-122.7834589535847,46.99658043548011],[-122.78503217057505,46.996152489530886],[-122.78436197738594,46.99614972922139]]],[[[-122.78877882368026,46.999485534910576],[-122.78834698778033,46.99861158084453],[-122.78835833979964,46.99850307091594],[-122.7881020013178,46.99822035097856],[-122.78568873503247,46.99615580136419],[-122.78533436747988,46.99615359606721],[-122.78827074702271,46.998696187231616],[-122.78873368367735,47.00435558707103],[-122.78620774829048,47.00394358819204],[-122.78599188220218,47.002989122210444],[-122.78353834836169,47.00248378858738],[-122.78340294839771,46.999824989327756],[-122.78264994727454,46.998519187865895],[-122.78113487937284,46.998085387542375],[-122.78327062370506,46.99667518081537],[-122.78093939480031,46.99784796574432],[-122.76898203412253,47.00329015505482],[-122.76949733467521,47.00346372016672],[-122.77013933126395,47.00358502567743],[-122.77198711796264,47.00338276733661],[-122.77571102519114,47.00355742160677],[-122.77767139677071,47.00390113081566],[-122.77952180203967,47.00426188219871],[-122.78228849792444,47.004901161910375],[-122.78484420093378,47.00548001908072],[-122.78624687939178,47.00539356661288],[-122.7900281149164,47.00459157227168],[-122.79004082477302,47.004107534818615],[-122.79131182415927,47.00383253534214],[-122.79129282416801,47.00115953516625],[-122.78996282330598,47.00118453513759],[-122.78989182331185,46.99953553485297],[-122.78877882368026,46.999485534910576]]]]},"properties":{"COUNTY":"Thurston","PRECCODE":23,"PRECNAME":"Pattison East","PRECINCT":"Thurston 23","DESCRIPTIO":"Lake Country South (Lake Pattison Northwest, Gentle Ridge)","OFFICE":"County Commissioner District 5","JURISDICTION":"County Council","RACE":"Thurston County District 5 County Commissioner District 5","Name_1":"Nicolas Martinez-Dunning","Party_1":"Democratic_1","Votes_1":"76","Name_2":"Emily Clouse","Party_2":"Democratic_2","Votes_2":"67","Name_3":"Michelle Gipson","Party_3":"Democratic_3","Votes_3":"47","Name_4":"Write-In","Party_4":"None_1","Votes_4":"2","Name_5":null,"Party_5":null,"Votes_5":"0","Name_6":null,"Party_6":null,"Votes_6":"0","Name_7":null,"Party_7":null,"Votes_7":"0","Votes_total":"192","Pct_1":39.58,"Pct_2":34.9,"Pct_3":24.48,"Pct_4":1.04,"Pct_5":0,"Pct_6":0,"Pct_7":0,"Margin":4.68}},
{"type":"Feature","geometry":{"type":"Polygon","coordinates":[[[-122.78805083408048,47.048364537649775],[-122.788792835372,47.048546537900364],[-122.78997283530468,47.04853753768773],[-122.79128183477351,47.0482555371884],[-122.79129413974988,47.04093547403347],[-122.790976833166,47.0409685370437],[-122.78880170090648,47.03880481700398],[-122.78843345972057,47.03663263456173],[-122.78559136246666,47.03651712895112],[-122.78507503920409,47.03654948506842],[-122.78202437124901,47.035511199006145],[-122.78065196996066,47.03549160968332],[-122.7806567665654,47.03924948825789],[-122.78266409791696,47.04232163539317],[-122.78788783250623,47.04126953714593],[-122.78800983291728,47.04363253756232],[-122.78666683265753,47.043781537675486],[-122.78665483443862,47.048283537914685],[-122.78757783485767,47.048303537289456],[-122.78805083408048,47.048364537649775]]]},"properties":{"COUNTY":"Thurston","PRECCODE":24,"PRECNAME":"Kinwood East","PRECINCT":"Thurston 24","DESCRIPTIO":"Tanglewilde West-Center (Seahawk Street, David Street)","OFFICE":"County Commissioner District 5","JURISDICTION":"County Council","RACE":"Thurston County District 5 County Commissioner District 5","Name_1":"Nicolas Martinez-Dunning","Party_1":"Democratic_1","Votes_1":"68","Name_2":"Emily Clouse","Party_2":"Democratic_2","Votes_2":"51","Name_3":"Michelle Gipson","Party_3":"Democratic_3","Votes_3":"41","Name_4":"Write-In","Party_4":"None_1","Votes_4":"6","Name_5":null,"Party_5":null,"Votes_5":"0","Name_6":null,"Party_6":null,"Votes_6":"0","Name_7":null,"Party_7":null,"Votes_7":"0","Votes_total":"166","Pct_1":40.96,"Pct_2":30.72,"Pct_3":24.7,"Pct_4":3.61,"Pct_5":0,"Pct_6":0,"Pct_7":0,"Margin":10.24}},
{"type":"Feature","geometry":{"type":"Polygon","coordinates":[[[-122.7491006867929,47.02130256118442],[-122.75957172336052,47.021327338079075],[-122.75957139718435,47.020675035978186],[-122.75885657823467,47.02038961114272],[-122.754512068273,47.01765285582657],[-122.74910347139804,47.01766871192347],[-122.7491006867929,47.02130256118442]]]},"properties":{"COUNTY":"Thurston","PRECCODE":26,"PRECNAME":"Hartwood South","PRECINCT":"Thurston 26","DESCRIPTIO":"Lake Country Farther Northeast (Evergreen Heights)","OFFICE":"County Commissioner District 5","JURISDICTION":"County Council","RACE":"Thurston County District 5 County Commissioner District 5","Name_1":"Emily Clouse","Party_1":"Democratic_2","Votes_1":"59","Name_2":"Nicolas Martinez-Dunning","Party_2":"Democratic_1","Votes_2":"39","Name_3":"Michelle Gipson","Party_3":"Democratic_3","Votes_3":"28","Name_4":"Write-In","Party_4":"None_1","Votes_4":"4","Name_5":null,"Party_5":null,"Votes_5":"0","Name_6":null,"Party_6":null,"Votes_6":"0","Name_7":null,"Party_7":null,"Votes_7":"0","Votes_total":"130","Pct_1":45.38,"Pct_2":30,"Pct_3":21.54,"Pct_4":3.08,"Pct_5":0,"Pct_6":0,"Pct_7":0,"Margin":15.38}},
{"type":"Feature","geometry":{"type":"Polygon","coordinates":[[[-122.76282854831504,47.11888181330866],[-122.76221129428478,47.118883062266946],[-122.76324532958387,47.11988902883831],[-122.7645890762652,47.120205921009116],[-122.77489467711906,47.120628681968796],[-122.77651388186257,47.12017523905371],[-122.77619571220664,47.12070470456708],[-122.77719518076698,47.12066748753486],[-122.77818295119972,47.121650825593456],[-122.77636024747635,47.122812160941194],[-122.77710929774983,47.12476621944992],[-122.78142110734653,47.12602407485126],[-122.78436437171759,47.12557664063642],[-122.78608847244969,47.12644662393117],[-122.79103983117992,47.12664727861946],[-122.79130884080726,47.1129456027345],[-122.79028494798236,47.112138549835485],[-122.78074204006113,47.11205878373215],[-122.78075075219058,47.09758300840176],[-122.77010900429326,47.09753086127694],[-122.77020055440798,47.10483142987488],[-122.75945342288742,47.10473947359423],[-122.75947143980383,47.11196257017983],[-122.76475672703653,47.11204132151215],[-122.76473576134188,47.11925736026646],[-122.76362726909423,47.1192866328127],[-122.76432033176364,47.11782364042366],[-122.76282854831504,47.11888181330866]]]},"properties":{"COUNTY":"Thurston","PRECCODE":39,"PRECNAME":"Jones Beach","PRECINCT":"Thurston 39","DESCRIPTIO":"Lacey Rural Far Northeast (Silver Hawk, Tolmie State Park)","OFFICE":"County Commissioner District 5","JURISDICTION":"County Council","RACE":"Thurston County District 5 County Commissioner District 5","Name_1":"Nicolas Martinez-Dunning","Party_1":"Democratic_1","Votes_1":"161","Name_2":"Emily Clouse","Party_2":"Democratic_2","Votes_2":"131","Name_3":"Michelle Gipson","Party_3":"Democratic_3","Votes_3":"108","Name_4":"Write-In","Party_4":"None_1","Votes_4":"5","Name_5":null,"Party_5":null,"Votes_5":"0","Name_6":null,"Party_6":null,"Votes_6":"0","Name_7":null,"Party_7":null,"Votes_7":"0","Votes_total":"405","Pct_1":39.75,"Pct_2":32.35,"Pct_3":26.67,"Pct_4":1.23,"Pct_5":0,"Pct_6":0,"Pct_7":0,"Margin":7.4}},
{"type":"Feature","geometry":{"type":"Polygon","coordinates":[[[-122.75381200848008,47.01035093780998],[-122.754512068273,47.01765285582657],[-122.75885657823467,47.02038961114272],[-122.75994758537468,47.020796801306396],[-122.76494626945305,47.02178793417279],[-122.7649601838751,47.01354299887135],[-122.75965432598073,47.011622979322894],[-122.75967429168499,47.00760094953929],[-122.75381200848008,47.01035093780998]]]},"properties":{"COUNTY":"Thurston","PRECCODE":43,"PRECNAME":"University","PRECINCT":"Thurston 43","DESCRIPTIO":"Lake Country Northeast (Lake Forest, Evergreen Forest Elementary School)","OFFICE":"County Commissioner District 5","JURISDICTION":"County Council","RACE":"Thurston County District 5 County Commissioner District 5","Name_1":"Nicolas Martinez-Dunning","Party_1":"Democratic_1","Votes_1":"123","Name_2":"Emily Clouse","Party_2":"Democratic_2","Votes_2":"88","Name_3":"Michelle Gipson","Party_3":"Democratic_3","Votes_3":"54","Name_4":"Write-In","Party_4":"None_1","Votes_4":"5","Name_5":null,"Party_5":null,"Votes_5":"0","Name_6":null,"Party_6":null,"Votes_6":"0","Name_7":null,"Party_7":null,"Votes_7":"0","Votes_total":"270","Pct_1":45.56,"Pct_2":32.59,"Pct_3":20,"Pct_4":1.85,"Pct_5":0,"Pct_6":0,"Pct_7":0,"Margin":12.97}},
{"type":"Feature","geometry":{"type":"MultiPolygon","coordinates":[[[[-122.77407524506428,47.01521861440912],[-122.77604890603524,47.01522380594135],[-122.77628510983864,47.014094623989365],[-122.77441551671824,47.01317778263501],[-122.77526072375139,47.01317826115631],[-122.7762901161421,47.01008486608691],[-122.77385278468985,47.009265598154485],[-122.77374128010668,47.01051732335812],[-122.77217688349387,47.011317524214],[-122.77373994880571,47.01244272395716],[-122.77321748234108,47.01393459100797],[-122.77407524506428,47.01521861440912]]],[[[-122.77511667963866,47.018593166707156],[-122.77459031219684,47.017731447842],[-122.77571706882172,47.01607318338318],[-122.77442932982306,47.01550630118843],[-122.77251728423273,47.017022723082945],[-122.77314228446471,47.017966523310875],[-122.77511667963866,47.018593166707156]]]]},"properties":{"COUNTY":"Thurston","PRECCODE":75,"PRECNAME":"Long Lake","PRECINCT":"Thurston 75","DESCRIPTIO":"Lake Country West-Center (Long Lake Drive)","OFFICE":"County Commissioner District 5","JURISDICTION":"County Council","RACE":"Thurston County District 5 County Commissioner District 5","Name_1":"Nicolas Martinez-Dunning","Party_1":"Democratic_1","Votes_1":"42","Name_2":"Emily Clouse","Party_2":"Democratic_2","Votes_2":"23","Name_3":"Michelle Gipson","Party_3":"Democratic_3","Votes_3":"12","Name_4":"Write-In","Party_4":"None_1","Votes_4":"1","Name_5":null,"Party_5":null,"Votes_5":"0","Name_6":null,"Party_6":null,"Votes_6":"0","Name_7":null,"Party_7":null,"Votes_7":"0","Votes_total":"78","Pct_1":53.85,"Pct_2":29.49,"Pct_3":15.38,"Pct_4":1.28,"Pct_5":0,"Pct_6":0,"Pct_7":0,"Margin":24.36}},
{"type":"Feature","geometry":{"type":"Polygon","coordinates":[[[-122.75970683756317,47.00323595012928],[-122.75964476097106,46.992275628043814],[-122.75462875490395,46.992240266119616],[-122.73850985689624,46.99233497507477],[-122.7385653333033,47.00315918685972],[-122.73930486609821,47.003162870747545],[-122.74003238955532,47.00322528063498],[-122.75970683756317,47.00323595012928]]]},"properties":{"COUNTY":"Thurston","PRECCODE":78,"PRECNAME":"Tri Lakes","PRECINCT":"Thurston 78","DESCRIPTIO":"Lake Country Far Southeast (Tri Lake Drive, Pattison Water District Building)","OFFICE":"County Commissioner District 5","JURISDICTION":"County Council","RACE":"Thurston County District 5 County Commissioner District 5","Name_1":"Nicolas Martinez-Dunning","Party_1":"Democratic_1","Votes_1":"83","Name_2":"Emily Clouse","Party_2":"Democratic_2","Votes_2":"47","Name_3":"Michelle Gipson","Party_3":"Democratic_3","Votes_3":"42","Name_4":"Write-In","Party_4":"None_1","Votes_4":"4","Name_5":null,"Party_5":null,"Votes_5":"0","Name_6":null,"Party_6":null,"Votes_6":"0","Name_7":null,"Party_7":null,"Votes_7":"0","Votes_total":"176","Pct_1":47.16,"Pct_2":26.7,"Pct_3":23.86,"Pct_4":2.27,"Pct_5":0,"Pct_6":0,"Pct_7":0,"Margin":20.46}},
{"type":"Feature","geometry":{"type":"Polygon","coordinates":[[[-122.79136291363393,47.004329867978406],[-122.79093224881206,47.00439815300027],[-122.78624687939178,47.00539356661288],[-122.78484420093378,47.00548001908072],[-122.78487353205894,47.00644874219409],[-122.78615606151173,47.006468386134735],[-122.78618182759543,47.010539514373484],[-122.79143700707485,47.01056976012619],[-122.79136291363393,47.004329867978406]]]},"properties":{"COUNTY":"Thurston","PRECCODE":82,"PRECNAME":"Glen Terra","PRECINCT":"Thurston 82","DESCRIPTIO":"Lake Country West (Glen Terra, Mullen Road Fire Station)","OFFICE":"County Commissioner District 5","JURISDICTION":"County Council","RACE":"Thurston County District 5 County Commissioner District 5","Name_1":"Nicolas Martinez-Dunning","Party_1":"Democratic_1","Votes_1":"33","Name_2":"Emily Clouse","Party_2":"Democratic_2","Votes_2":"22","Name_3":"Michelle Gipson","Party_3":"Democratic_3","Votes_3":"20","Name_4":null,"Party_4":null,"Votes_4":"0","Name_5":null,"Party_5":null,"Votes_5":"0","Name_6":null,"Party_6":null,"Votes_6":"0","Name_7":null,"Party_7":null,"Votes_7":"0","Votes_total":"75","Pct_1":44,"Pct_2":29.33,"Pct_3":26.67,"Pct_4":0,"Pct_5":0,"Pct_6":0,"Pct_7":0,"Margin":14.67}},
{"type":"Feature","geometry":{"type":"Polygon","coordinates":[[[-122.8247059707248,47.097783371780444],[-122.82437544755098,47.096085254812444],[-122.82261858098,47.094432925592315],[-122.82350189983349,47.09248122077106],[-122.82089997522253,47.09124744521879],[-122.8225471759466,47.08963304533297],[-122.82066081843385,47.088951446962035],[-122.82032653414653,47.08777954277424],[-122.8209179921605,47.08517723697715],[-122.82226131485858,47.0846490291374],[-122.82316824055312,47.08194716790002],[-122.8220537926508,47.080461356720114],[-122.82254371192923,47.07782733336156],[-122.82139134510993,47.07589567649814],[-122.82310294588859,47.07589991664977],[-122.82305307339772,47.06861493318014],[-122.82040415742276,47.068597378698925],[-122.81869877574326,47.06860868938756],[-122.81623455152965,47.0686090962],[-122.81623788736557,47.06924352809139],[-122.81860878325477,47.0695468606322],[-122.81958380716094,47.070503744750724],[-122.81720916046919,47.07178313419269],[-122.81801377797177,47.07306885893323],[-122.81782403324195,47.07957658783888],[-122.80985088605267,47.07955224424033],[-122.80978709447267,47.075873340191066],[-122.80183873791816,47.07585659129204],[-122.80179676360989,47.08691682063681],[-122.80173463420991,47.0977940991649],[-122.80275303477859,47.09777301747221],[-122.8247059707248,47.097783371780444]]]},"properties":{"COUNTY":"Thurston","PRECCODE":88,"PRECNAME":"Woodland","PRECINCT":"Thurston 88","DESCRIPTIO":"Lacey Rural North (Foxhall, Hollywood Drive)","OFFICE":"County Commissioner District 5","JURISDICTION":"County Council","RACE":"Thurston County District 5 County Commissioner District 5","Name_1":"Nicolas Martinez-Dunning","Party_1":"Democratic_1","Votes_1":"101","Name_2":"Emily Clouse","Party_2":"Democratic_2","Votes_2":"85","Name_3":"Michelle Gipson","Party_3":"Democratic_3","Votes_3":"51","Name_4":"Write-In","Party_4":"None_1","Votes_4":"1","Name_5":null,"Party_5":null,"Votes_5":"0","Name_6":null,"Party_6":null,"Votes_6":"0","Name_7":null,"Party_7":null,"Votes_7":"0","Votes_total":"238","Pct_1":42.44,"Pct_2":35.71,"Pct_3":21.43,"Pct_4":0.42,"Pct_5":0,"Pct_6":0,"Pct_7":0,"Margin":6.73}},
{"type":"Feature","geometry":{"type":"Polygon","coordinates":[[[-122.77007280137302,47.05567780888642],[-122.77751272866101,47.05420046567881],[-122.77481835987298,47.05231194992655],[-122.77493120981455,47.0467187625112],[-122.77711840435639,47.04672468702712],[-122.77712075839864,47.043706019662714],[-122.7724602967206,47.044915061772755],[-122.77162225549482,47.04507593854071],[-122.77133690118484,47.045142361048576],[-122.77139991471586,47.04523805004721],[-122.77015804934311,47.04554528909618],[-122.76986387234291,47.05554728475312],[-122.77007280137302,47.05567780888642]]]},"properties":{"COUNTY":"Thurston","PRECCODE":93,"PRECNAME":"Trailblazer","PRECINCT":"Thurston 93","DESCRIPTIO":"Tanglewilde East (Tanglewilde Park, Martin Terrace Apartments, Pamela Drive)","OFFICE":"County Commissioner District 5","JURISDICTION":"County Council","RACE":"Thurston County District 5 County Commissioner District 5","Name_1":"Emily Clouse","Party_1":"Democratic_2","Votes_1":"62","Name_2":"Nicolas Martinez-Dunning","Party_2":"Democratic_1","Votes_2":"49","Name_3":"Michelle Gipson","Party_3":"Democratic_3","Votes_3":"20","Name_4":"Write-In","Party_4":"None_1","Votes_4":"2","Name_5":null,"Party_5":null,"Votes_5":"0","Name_6":null,"Party_6":null,"Votes_6":"0","Name_7":null,"Party_7":null,"Votes_7":"0","Votes_total":"133","Pct_1":46.62,"Pct_2":36.84,"Pct_3":15.04,"Pct_4":1.5,"Pct_5":0,"Pct_6":0,"Pct_7":0,"Margin":9.78}},
{"type":"Feature","geometry":{"type":"Polygon","coordinates":[[[-122.73930486609821,47.003162870747545],[-122.73866823314259,47.003159686689195],[-122.73868733396571,47.01047611286945],[-122.73862879567514,47.01727691037161],[-122.75381200848008,47.01035093780998],[-122.75967429168499,47.00760094953929],[-122.75965618059236,47.010456769012706],[-122.76214616577087,47.01046491178446],[-122.76138334597007,47.00953579123232],[-122.76438428007258,47.00805052441997],[-122.76623668142943,47.00807318974809],[-122.76782354640636,47.00934659140218],[-122.7694116814952,47.008952190309216],[-122.77127131782666,47.009480997230064],[-122.77234675218328,47.008422589300594],[-122.76981622733142,47.007015558277004],[-122.77022387234929,47.00357586237401],[-122.77013933126395,47.00358502567743],[-122.76949733467521,47.00346372016672],[-122.76896293712862,47.0032837229065],[-122.76674382289653,47.003221976116734],[-122.76001788008969,47.0032364594822],[-122.74003238955532,47.00322528063498],[-122.73930486609821,47.003162870747545]]]},"properties":{"COUNTY":"Thurston","PRECCODE":98,"PRECNAME":"Marvin","PRECINCT":"Thurston 98","DESCRIPTIO":"Lake Country Far East (The Seasons, Archer Drive), Lake Country East (Afflerbaugh Drive)","OFFICE":"County Commissioner District 5","JURISDICTION":"County Council","RACE":"Thurston County District 5 County Commissioner District 5","Name_1":"Nicolas Martinez-Dunning","Party_1":"Democratic_1","Votes_1":"202","Name_2":"Emily Clouse","Party_2":"Democratic_2","Votes_2":"132","Name_3":"Michelle Gipson","Party_3":"Democratic_3","Votes_3":"80","Name_4":"Write-In","Party_4":"None_1","Votes_4":"4","Name_5":null,"Party_5":null,"Votes_5":"0","Name_6":null,"Party_6":null,"Votes_6":"0","Name_7":null,"Party_7":null,"Votes_7":"0","Votes_total":"418","Pct_1":48.33,"Pct_2":31.58,"Pct_3":19.14,"Pct_4":0.96,"Pct_5":0,"Pct_6":0,"Pct_7":0,"Margin":16.75}},
{"type":"Feature","geometry":{"type":"Polygon","coordinates":[[[-122.78608847244969,47.12644662393117],[-122.78915875272966,47.13705297530445],[-122.78718559501938,47.140062666138725],[-122.7872659302727,47.14130786018624],[-122.80180238356901,47.14117950614989],[-122.80168775036259,47.09779381878688],[-122.78075075219058,47.09758300840176],[-122.78074204006113,47.11205878373215],[-122.79028494798236,47.112138549835485],[-122.79130884080726,47.1129456027345],[-122.79103983117992,47.12664727861946],[-122.78608847244969,47.12644662393117]]]},"properties":{"COUNTY":"Thurston","PRECCODE":106,"PRECNAME":"Puget","PRECINCT":"Thurston 106","DESCRIPTIO":"Lacey Rural Northeast (Hawley Hills, Puget Beach)","OFFICE":"County Commissioner District 5","JURISDICTION":"County Council","RACE":"Thurston County District 5 County Commissioner District 5","Name_1":"Nicolas Martinez-Dunning","Party_1":"Democratic_1","Votes_1":"192","Name_2":"Emily Clouse","Party_2":"Democratic_2","Votes_2":"147","Name_3":"Michelle Gipson","Party_3":"Democratic_3","Votes_3":"91","Name_4":"Write-In","Party_4":"None_1","Votes_4":"7","Name_5":null,"Party_5":null,"Votes_5":"0","Name_6":null,"Party_6":null,"Votes_6":"0","Name_7":null,"Party_7":null,"Votes_7":"0","Votes_total":"437","Pct_1":43.94,"Pct_2":33.64,"Pct_3":20.82,"Pct_4":1.6,"Pct_5":0,"Pct_6":0,"Pct_7":0,"Margin":10.3}},
{"type":"Feature","geometry":{"type":"Polygon","coordinates":[[[-122.81623455152965,47.0686090962],[-122.81869877574326,47.06860868938756],[-122.82040415742276,47.068597378698925],[-122.82305307339772,47.06861493318014],[-122.82307278563243,47.05766101522065],[-122.81794336510575,47.057643711858354],[-122.8178852351377,47.06135450022433],[-122.81511177867198,47.06135538072658],[-122.81510320426031,47.06498037106352],[-122.82040098341669,47.06498291388987],[-122.82040215166587,47.066281667736526],[-122.81624475767555,47.06627806339389],[-122.81623455152965,47.0686090962]]]},"properties":{"COUNTY":"Thurston","PRECCODE":109,"PRECNAME":"Pleasant Glade","PRECINCT":"Thurston 109","DESCRIPTIO":"Lacey Rural Near North (Judd Street, Cunningham, Hidden Village Manufactured Home Cooperative)","OFFICE":"County Commissioner District 5","JURISDICTION":"County Council","RACE":"Thurston County District 5 County Commissioner District 5","Name_1":"Emily Clouse","Party_1":"Democratic_2","Votes_1":"18","Name_2":"Michelle Gipson","Party_2":"Democratic_3","Votes_2":"12","Name_3":"Nicolas Martinez-Dunning","Party_3":"Democratic_1","Votes_3":"8","Name_4":"Write-In","Party_4":"None_1","Votes_4":"3","Name_5":null,"Party_5":null,"Votes_5":"0","Name_6":null,"Party_6":null,"Votes_6":"0","Name_7":null,"Party_7":null,"Votes_7":"0","Votes_total":"41","Pct_1":43.9,"Pct_2":29.27,"Pct_3":19.51,"Pct_4":7.32,"Pct_5":0,"Pct_6":0,"Pct_7":0,"Margin":14.63}},
{"type":"Feature","geometry":{"type":"Polygon","coordinates":[[[-122.78300234973703,47.06019563963325],[-122.78849403775315,47.05941976721257],[-122.78852189030628,47.05764632332321],[-122.7913025381726,47.05767555733453],[-122.79132378571659,47.0540683941204],[-122.79661069747242,47.05407466568439],[-122.7965076582049,47.0504759416906],[-122.78273650488163,47.0531682236279],[-122.78373973135186,47.05547893727655],[-122.783083903921,47.05560180664975],[-122.78300234973703,47.06019563963325]]]},"properties":{"COUNTY":"Thurston","PRECCODE":110,"PRECNAME":"Montgomery","PRECINCT":"Thurston 110","DESCRIPTIO":"Thompson Place West (Hensley Street, Thompson Place Park, Firs Apartments, Georgetowne Estates)","OFFICE":"County Commissioner District 5","JURISDICTION":"County Council","RACE":"Thurston County District 5 County Commissioner District 5","Name_1":"Emily Clouse","Party_1":"Democratic_2","Votes_1":"62","Name_2":"Nicolas Martinez-Dunning","Party_2":"Democratic_1","Votes_2":"44","Name_3":"Michelle Gipson","Party_3":"Democratic_3","Votes_3":"44","Name_4":"Write-In","Party_4":"None_1","Votes_4":"4","Name_5":null,"Party_5":null,"Votes_5":"0","Name_6":null,"Party_6":null,"Votes_6":"0","Name_7":null,"Party_7":null,"Votes_7":"0","Votes_total":"154","Pct_1":40.26,"Pct_2":28.57,"Pct_3":28.57,"Pct_4":2.6,"Pct_5":0,"Pct_6":0,"Pct_7":0,"Margin":11.69}},
{"type":"Feature","geometry":{"type":"Polygon","coordinates":[[[-122.79128183477351,47.0482555371884],[-122.79132223122897,47.051450849673174],[-122.7965076582049,47.0504759416906],[-122.796612637972,47.05019683242313],[-122.7965968802626,47.047762065384674],[-122.79476303536184,47.047745649223344],[-122.79475982547217,47.046837305441734],[-122.79130022823782,47.046813523576816],[-122.79128183477351,47.0482555371884]]]},"properties":{"COUNTY":"Thurston","PRECCODE":113,"PRECNAME":"Kinwood West","PRECINCT":"Thurston 113","DESCRIPTIO":"Tanglewilde West (Kinwood Place, Kinwood Park Apartments, Martin Way Shell Station)","OFFICE":"County Commissioner District 5","JURISDICTION":"County Council","RACE":"Thurston County District 5 County Commissioner District 5","Name_1":"Nicolas Martinez-Dunning","Party_1":"Democratic_1","Votes_1":"15","Name_2":"Michelle Gipson","Party_2":"Democratic_3","Votes_2":"7","Name_3":"Emily Clouse","Party_3":"Democratic_2","Votes_3":"6","Name_4":"Write-In","Party_4":"None_1","Votes_4":"2","Name_5":null,"Party_5":null,"Votes_5":"0","Name_6":null,"Party_6":null,"Votes_6":"0","Name_7":null,"Party_7":null,"Votes_7":"0","Votes_total":"30","Pct_1":50,"Pct_2":23.33,"Pct_3":20,"Pct_4":6.67,"Pct_5":0,"Pct_6":0,"Pct_7":0,"Margin":26.67}},
{"type":"Feature","geometry":{"type":"Polygon","coordinates":[[[-122.76494626945305,47.02178793417279],[-122.76729539888859,47.02488062911201],[-122.7672875779913,47.025013253262316],[-122.76933233591029,47.02497861730986],[-122.77486815659292,47.02494688099503],[-122.77608447877329,47.0249654936689],[-122.77567308444493,47.02331038969526],[-122.77299488453346,47.021756990031584],[-122.77306968223256,47.01840532488736],[-122.76897168196038,47.01728472313406],[-122.76930174795896,47.015809324721104],[-122.76783448217573,47.01524919102418],[-122.76718694790192,47.01273652316787],[-122.7632740817943,47.01159372344085],[-122.76214616577087,47.01046491178446],[-122.75965618059236,47.010456769012706],[-122.75965432598073,47.011622979322894],[-122.7649601838751,47.01354299887135],[-122.76494626945305,47.02178793417279]]]},"properties":{"COUNTY":"Thurston","PRECCODE":115,"PRECNAME":"Forest South","PRECINCT":"Thurston 115","DESCRIPTIO":"Lake Country East-Center (Lakeridge Drive Boat Launch, Long Lake Meadows)","OFFICE":"County Commissioner District 5","JURISDICTION":"County Council","RACE":"Thurston County District 5 County Commissioner District 5","Name_1":"Emily Clouse","Party_1":"Democratic_2","Votes_1":"80","Name_2":"Nicolas Martinez-Dunning","Party_2":"Democratic_1","Votes_2":"79","Name_3":"Michelle Gipson","Party_3":"Democratic_3","Votes_3":"36","Name_4":"Write-In","Party_4":"None_1","Votes_4":"5","Name_5":null,"Party_5":null,"Votes_5":"0","Name_6":null,"Party_6":null,"Votes_6":"0","Name_7":null,"Party_7":null,"Votes_7":"0","Votes_total":"200","Pct_1":40,"Pct_2":39.5,"Pct_3":18,"Pct_4":2.5,"Pct_5":0,"Pct_6":0,"Pct_7":0,"Margin":0.5}},
{"type":"Feature","geometry":{"type":"Polygon","coordinates":[[[-122.77685124108582,47.01913945175702],[-122.77931755238755,47.01951012348941],[-122.78209390028007,47.021367930524114],[-122.79152106256223,47.02147155798896],[-122.78956013532027,47.01966267720099],[-122.78230929798585,47.019530316220546],[-122.78081701513308,47.01826283452575],[-122.78082331567704,47.01817070802744],[-122.77919426074183,47.01835811440202],[-122.77896553858528,47.01834121048904],[-122.77872876847654,47.018929491351116],[-122.77714125277915,47.01816324505413],[-122.77685124108582,47.01913945175702]]]},"properties":{"COUNTY":"Thurston","PRECCODE":117,"PRECNAME":"Hicks","PRECINCT":"Thurston 117","DESCRIPTIO":"Lake Country Northwest (Carpenter Loop, Shorewood Lane)","OFFICE":"County Commissioner District 5","JURISDICTION":"County Council","RACE":"Thurston County District 5 County Commissioner District 5","Name_1":"Nicolas Martinez-Dunning","Party_1":"Democratic_1","Votes_1":"22","Name_2":"Emily Clouse","Party_2":"Democratic_2","Votes_2":"12","Name_3":"Michelle Gipson","Party_3":"Democratic_3","Votes_3":"9","Name_4":null,"Party_4":null,"Votes_4":"0","Name_5":null,"Party_5":null,"Votes_5":"0","Name_6":null,"Party_6":null,"Votes_6":"0","Name_7":null,"Party_7":null,"Votes_7":"0","Votes_total":"43","Pct_1":51.16,"Pct_2":27.91,"Pct_3":20.93,"Pct_4":0,"Pct_5":0,"Pct_6":0,"Pct_7":0,"Margin":23.25}},
{"type":"Feature","geometry":{"type":"Polygon","coordinates":[[[-122.76482739877761,47.04307295274527],[-122.7708501313074,47.04308443040411],[-122.77084101243243,47.04438932289652],[-122.77133690118484,47.045142361048576],[-122.77162225549482,47.04507593854071],[-122.7724602967206,47.044915061772755],[-122.77712075839864,47.043706019662714],[-122.78266409791696,47.04232163539317],[-122.7806567665654,47.03924948825789],[-122.78065196996066,47.03549160968332],[-122.78253646607268,47.03551662580004],[-122.78238303787145,47.03548644084745],[-122.78244703545676,47.03534534045056],[-122.78219012046782,47.0352769327474],[-122.78139422907074,47.035003933594005],[-122.77924772629625,47.03418014008879],[-122.77412026796472,47.032053901123106],[-122.77115241312552,47.031060532207285],[-122.76536128937607,47.03107130704533],[-122.76482739877761,47.04307295274527]]]},"properties":{"COUNTY":"Thurston","PRECCODE":118,"PRECNAME":"Fleetwood","PRECINCT":"Thurston 118","DESCRIPTIO":"Mushroom Corner Far Southwest (Mountain Aire Park, Oakmont, Mesplay Avenue)","OFFICE":"County Commissioner District 5","JURISDICTION":"County Council","RACE":"Thurston County District 5 County Commissioner District 5","Name_1":"Nicolas Martinez-Dunning","Party_1":"Democratic_1","Votes_1":"133","Name_2":"Emily Clouse","Party_2":"Democratic_2","Votes_2":"117","Name_3":"Michelle Gipson","Party_3":"Democratic_3","Votes_3":"62","Name_4":"Write-In","Party_4":"None_1","Votes_4":"11","Name_5":null,"Party_5":null,"Votes_5":"0","Name_6":null,"Party_6":null,"Votes_6":"0","Name_7":null,"Party_7":null,"Votes_7":"0","Votes_total":"323","Pct_1":41.18,"Pct_2":36.22,"Pct_3":19.2,"Pct_4":3.41,"Pct_5":0,"Pct_6":0,"Pct_7":0,"Margin":4.96}},
{"type":"Feature","geometry":{"type":"Polygon","coordinates":[[[-122.77712075839864,47.043706019662714],[-122.77711840435639,47.04672468702712],[-122.77493120981455,47.0467187625112],[-122.77481835987298,47.05231194992655],[-122.77751272866101,47.05420046567881],[-122.78273650488163,47.0531682236279],[-122.79132223122897,47.051450849673174],[-122.79128183477351,47.0482555371884],[-122.78997283530468,47.04853753768773],[-122.788792835372,47.048546537900364],[-122.78805083408048,47.048364537649775],[-122.78757783485767,47.048303537289456],[-122.78665483443862,47.048283537914685],[-122.78666683265753,47.043781537675486],[-122.78800983291728,47.04363253756232],[-122.78788783250623,47.04126953714593],[-122.78266409791696,47.04232163539317],[-122.77712075839864,47.043706019662714]]]},"properties":{"COUNTY":"Thurston","PRECCODE":119,"PRECNAME":"Lydia Hawk","PRECINCT":"Thurston 119","DESCRIPTIO":"Tanglewilde East-Center (Lydia Hawk Elementary School, Wildcat Street, Meadowscape Apartments)","OFFICE":"County Commissioner District 5","JURISDICTION":"County Council","RACE":"Thurston County District 5 County Commissioner District 5","Name_1":"Emily Clouse","Party_1":"Democratic_2","Votes_1":"132","Name_2":"Nicolas Martinez-Dunning","Party_2":"Democratic_1","Votes_2":"123","Name_3":"Michelle Gipson","Party_3":"Democratic_3","Votes_3":"82","Name_4":"Write-In","Party_4":"None_1","Votes_4":"13","Name_5":null,"Party_5":null,"Votes_5":"0","Name_6":null,"Party_6":null,"Votes_6":"0","Name_7":null,"Party_7":null,"Votes_7":"0","Votes_total":"350","Pct_1":37.71,"Pct_2":35.14,"Pct_3":23.43,"Pct_4":3.71,"Pct_5":0,"Pct_6":0,"Pct_7":0,"Margin":2.57}},
{"type":"Feature","geometry":{"type":"Polygon","coordinates":[[[-122.7872659302727,47.14130786018624],[-122.78905118715745,47.14331518350849],[-122.79010383585896,47.14372578492366],[-122.79096858526746,47.14293710488882],[-122.79022480239747,47.14370699650877],[-122.79294166327767,47.14795520798205],[-122.79391380008934,47.152702258380565],[-122.79611998780238,47.152703147679766],[-122.79971855715827,47.15088438874811],[-122.80028963203004,47.14918439706797],[-122.80166986448171,47.149523844668984],[-122.79881143227283,47.15383823197434],[-122.79785809658289,47.15379250082495],[-122.79779074347795,47.155215929805976],[-122.79898835931222,47.158456149272126],[-122.79998506320112,47.15953706093699],[-122.79947357712528,47.15897404610027],[-122.80112667942808,47.15739291270544],[-122.80022369375199,47.15918215189472],[-122.80216544343786,47.161760784831685],[-122.80318242783945,47.16217669834814],[-122.80343581603191,47.16166602998187],[-122.80465112504639,47.16438187036994],[-122.80671562434046,47.164594707435825],[-122.8083786265965,47.16340226826588],[-122.80771728705142,47.16375407329587],[-122.80837798609973,47.16205500713038],[-122.80735355411628,47.15943577738164],[-122.80821872758789,47.16053219156894],[-122.80917610419007,47.160332793719675],[-122.80895133938294,47.161151808481314],[-122.81044830671316,47.160735504859396],[-122.80946442355626,47.16175017717051],[-122.81039806864833,47.16264031009191],[-122.80988288222233,47.16363085933376],[-122.81134787067909,47.168050122893],[-122.81276132748775,47.168692921312676],[-122.81424519567962,47.167526476104214],[-122.81248642808727,47.17093819657018],[-122.81497618943573,47.178091371698734],[-122.82107404244663,47.175862930380354],[-122.82649336990146,47.16430699074577],[-122.8266633406744,47.15501362773346],[-122.82767500987933,47.15089184622465],[-122.82706356474858,47.14731450101306],[-122.82813679653326,47.14133813553079],[-122.80180238356901,47.14117950614989],[-122.7872659302727,47.14130786018624]]]},"properties":{"COUNTY":"Thurston","PRECCODE":160,"PRECNAME":"Johnson Point","PRECINCT":"Thurston 160","DESCRIPTIO":"Lacey Rural Farthest North (Johnson Point, Baird Cove, Puget Marina)","OFFICE":"County Commissioner District 5","JURISDICTION":"County Council","RACE":"Thurston County District 5 County Commissioner District 5","Name_1":"Nicolas Martinez-Dunning","Party_1":"Democratic_1","Votes_1":"199","Name_2":"Emily Clouse","Party_2":"Democratic_2","Votes_2":"114","Name_3":"Michelle Gipson","Party_3":"Democratic_3","Votes_3":"58","Name_4":"Write-In","Party_4":"None_1","Votes_4":"7","Name_5":null,"Party_5":null,"Votes_5":"0","Name_6":null,"Party_6":null,"Votes_6":"0","Name_7":null,"Party_7":null,"Votes_7":"0","Votes_total":"378","Pct_1":52.65,"Pct_2":30.16,"Pct_3":15.34,"Pct_4":1.85,"Pct_5":0,"Pct_6":0,"Pct_7":0,"Margin":22.49}},
{"type":"Feature","geometry":{"type":"Polygon","coordinates":[[[-122.77007280137302,47.05567780888642],[-122.77005998202397,47.05938870394147],[-122.77538265692017,47.059369436573085],[-122.77536408350986,47.06119109095611],[-122.78300234973703,47.06019563963325],[-122.783083903921,47.05560180664975],[-122.78373973135186,47.05547893727655],[-122.78273650488163,47.0531682236279],[-122.77007280137302,47.05567780888642]]]},"properties":{"COUNTY":"Thurston","PRECCODE":162,"PRECNAME":"Thompson","PRECINCT":"Thurston 162","DESCRIPTIO":"Thompson Place East (Olympic View Elementary School, Clover Street)","OFFICE":"County Commissioner District 5","JURISDICTION":"County Council","RACE":"Thurston County District 5 County Commissioner District 5","Name_1":"Nicolas Martinez-Dunning","Party_1":"Democratic_1","Votes_1":"55","Name_2":"Emily Clouse","Party_2":"Democratic_2","Votes_2":"53","Name_3":"Michelle Gipson","Party_3":"Democratic_3","Votes_3":"36","Name_4":"Write-In","Party_4":"None_1","Votes_4":"6","Name_5":null,"Party_5":null,"Votes_5":"0","Name_6":null,"Party_6":null,"Votes_6":"0","Name_7":null,"Party_7":null,"Votes_7":"0","Votes_total":"150","Pct_1":36.67,"Pct_2":35.33,"Pct_3":24,"Pct_4":4,"Pct_5":0,"Pct_6":0,"Pct_7":0,"Margin":1.34}},
{"type":"Feature","geometry":{"type":"MultiPolygon","coordinates":[[[[-122.78124828584784,47.02331758992555],[-122.77856075174763,47.02358559093356],[-122.7821775536126,47.02558892357809],[-122.78263528645496,47.02487038932146],[-122.78124828584784,47.02331758992555]]],[[[-122.7915835771353,47.025090838101185],[-122.79170458917558,47.024470834056466],[-122.78479479168466,47.02396978140978],[-122.78297208581749,47.02488698948539],[-122.78314808797313,47.0260555234946],[-122.78691775300607,47.02755952212401],[-122.78683728790496,47.02811898910694],[-122.78502395411184,47.02840932320834],[-122.78213668802557,47.02695479017871],[-122.7807566883495,47.02709712317752],[-122.78181448723603,47.02922578995457],[-122.78146875361635,47.03033918896388],[-122.78370655640774,47.03119012364745],[-122.7840349565892,47.032232522675066],[-122.7852790891689,47.03139899026695],[-122.78497388786887,47.03200778894328],[-122.78276945950107,47.033018789307086],[-122.78286934521712,47.033075098437344],[-122.78311490707532,47.03312221352069],[-122.78418154916626,47.03246996262577],[-122.7914307634584,47.03252972711949],[-122.7915835771353,47.025090838101185]]]]},"properties":{"COUNTY":"Thurston","PRECCODE":168,"PRECNAME":"Holmes","PRECINCT":"Thurston 168","DESCRIPTIO":"Long Lake Northwest (Holmes Island Road, Timberlake)","OFFICE":"County Commissioner District 5","JURISDICTION":"County Council","RACE":"Thurston County District 5 County Commissioner District 5","Name_1":"Nicolas Martinez-Dunning","Party_1":"Democratic_1","Votes_1":"97","Name_2":"Emily Clouse","Party_2":"Democratic_2","Votes_2":"81","Name_3":"Michelle Gipson","Party_3":"Democratic_3","Votes_3":"50","Name_4":"Write-In","Party_4":"None_1","Votes_4":"3","Name_5":null,"Party_5":null,"Votes_5":"0","Name_6":null,"Party_6":null,"Votes_6":"0","Name_7":null,"Party_7":null,"Votes_7":"0","Votes_total":"231","Pct_1":41.99,"Pct_2":35.06,"Pct_3":21.65,"Pct_4":1.3,"Pct_5":0,"Pct_6":0,"Pct_7":0,"Margin":6.93}},
{"type":"Feature","geometry":{"type":"Polygon","coordinates":[[[-122.80180238356901,47.14117950614989],[-122.82813679653326,47.14133813553079],[-122.82882991987702,47.139459598775936],[-122.82710907556854,47.13564503406099],[-122.82899980766057,47.13294027275823],[-122.82815225512444,47.13297482664645],[-122.82655205754817,47.134775136081394],[-122.82734811067174,47.13289273806276],[-122.8293560258807,47.13216008473913],[-122.8297689294292,47.12800438451652],[-122.82790893186053,47.128694660320186],[-122.82749887616157,47.12959412547825],[-122.82731493237468,47.12745740542055],[-122.82625533509606,47.126736590638906],[-122.82798358833494,47.12706234084886],[-122.82769886760076,47.12607183032771],[-122.83041272634209,47.12135888085086],[-122.83039465759641,47.118536712937335],[-122.82993868554742,47.1168507460539],[-122.82826008119186,47.11595911377004],[-122.82764242296851,47.114713346292646],[-122.82525684571286,47.114427013283596],[-122.8264238995424,47.11382603299818],[-122.82222152110182,47.11343476295258],[-122.82543793227345,47.112804939638124],[-122.82399378982105,47.11038019767372],[-122.8254272809002,47.10828477896047],[-122.82357802553179,47.10748193885698],[-122.82342908184543,47.10676971479212],[-122.82551858605433,47.10655337804015],[-122.8261124466579,47.10392608600019],[-122.82561764538941,47.10356695505206],[-122.82463788423576,47.105812865837436],[-122.82316772440723,47.10560004174798],[-122.82416091087084,47.10125630642511],[-122.82203467728051,47.10111785580302],[-122.82035666629601,47.09925460408023],[-122.82206878816096,47.10059073634024],[-122.82342587985993,47.10075067622767],[-122.82451224253614,47.1000141914466],[-122.8247059707248,47.097783371780444],[-122.80275303477859,47.09777301747221],[-122.80168775036259,47.09779381878688],[-122.80180238356901,47.14117950614989]]]},"properties":{"COUNTY":"Thurston","PRECCODE":176,"PRECNAME":"Henderson","PRECINCT":"Thurston 176","DESCRIPTIO":"Lacey Rural Far North (Puget Road, Kellogg Beach)","OFFICE":"County Commissioner District 5","JURISDICTION":"County Council","RACE":"Thurston County District 5 County Commissioner District 5","Name_1":"Nicolas Martinez-Dunning","Party_1":"Democratic_1","Votes_1":"157","Name_2":"Emily Clouse","Party_2":"Democratic_2","Votes_2":"124","Name_3":"Michelle Gipson","Party_3":"Democratic_3","Votes_3":"98","Name_4":"Write-In","Party_4":"None_1","Votes_4":"10","Name_5":null,"Party_5":null,"Votes_5":"0","Name_6":null,"Party_6":null,"Votes_6":"0","Name_7":null,"Party_7":null,"Votes_7":"0","Votes_total":"389","Pct_1":40.36,"Pct_2":31.88,"Pct_3":25.19,"Pct_4":2.57,"Pct_5":0,"Pct_6":0,"Pct_7":0,"Margin":8.48}},
{"type":"Feature","geometry":{"type":"Polygon","coordinates":[[[-122.7900281149164,47.00459157227168],[-122.79093224881206,47.00439815300027],[-122.79130351921913,47.00433347126806],[-122.79249945604028,47.00426090748196],[-122.79669137930243,47.00445160527212],[-122.79924722869956,47.00529736986149],[-122.7992436631797,47.003376752297925],[-122.80067345418523,47.00338517747694],[-122.8006907529151,46.999774298998254],[-122.79924166410022,46.999773286816804],[-122.79923330259504,47.001480035089564],[-122.79805130041706,47.00280614302025],[-122.7941121436133,47.00172876781713],[-122.79301479882668,46.99912468594547],[-122.79113089594921,46.99945447741855],[-122.78876129959258,46.99944237937055],[-122.78877882368026,46.999485534910576],[-122.78989182331185,46.99953553485297],[-122.78996282330598,47.00118453513759],[-122.79129282416801,47.00115953516625],[-122.79131182415927,47.00383253534214],[-122.79004082477302,47.004107534818615],[-122.7900281149164,47.00459157227168]]]},"properties":{"COUNTY":"Thurston","PRECCODE":178,"PRECNAME":"Pattison West","PRECINCT":"Thurston 178","DESCRIPTIO":"Lake Country Southwest (Forest Glen, 53rd Ave SE & Rumac, Pattison Lake Condos)","OFFICE":"County Commissioner District 5","JURISDICTION":"County Council","RACE":"Thurston County District 5 County Commissioner District 5","Name_1":"Nicolas Martinez-Dunning","Party_1":"Democratic_1","Votes_1":"47","Name_2":"Emily Clouse","Party_2":"Democratic_2","Votes_2":"29","Name_3":"Michelle Gipson","Party_3":"Democratic_3","Votes_3":"20","Name_4":"Write-In","Party_4":"None_1","Votes_4":"1","Name_5":null,"Party_5":null,"Votes_5":"0","Name_6":null,"Party_6":null,"Votes_6":"0","Name_7":null,"Party_7":null,"Votes_7":"0","Votes_total":"97","Pct_1":48.45,"Pct_2":29.9,"Pct_3":20.62,"Pct_4":1.03,"Pct_5":0,"Pct_6":0,"Pct_7":0,"Margin":18.55}},
{"type":"Feature","geometry":{"type":"MultiPolygon","coordinates":[[[[-122.79665783286374,46.99052640105138],[-122.77312611776557,46.985016552872565],[-122.76563295720605,46.98441965256146],[-122.75963618258922,46.98517334018318],[-122.75963400537977,46.98943481547917],[-122.767608725168,46.989439792334956],[-122.77000567703378,46.98779632292372],[-122.77145574388413,46.98904212211763],[-122.77480627716027,46.98972352134174],[-122.77583114323687,46.9915943878564],[-122.77806714457309,46.99298852215394],[-122.78233187817214,46.9937797215059],[-122.78427934659231,46.99547518786347],[-122.78308434492958,46.99598498749134],[-122.7834589535847,46.99658043548011],[-122.78436197738594,46.99614972922139],[-122.79665783286374,46.99052640105138]]],[[[-122.78093319921976,46.99712601423086],[-122.78093939480031,46.99784796574432],[-122.78327062370506,46.99667518081537],[-122.78092924365129,46.99662013267158],[-122.78093294032496,46.99709584582374],[-122.78093319921976,46.99712601423086]]]]},"properties":{"COUNTY":"Thurston","PRECCODE":185,"PRECNAME":"Fair Oaks","PRECINCT":"Thurston 185","DESCRIPTIO":"Lake Country Farthest South (Kelly Beach Road, Fair Oaks Road, Cate Farm)","OFFICE":"County Commissioner District 5","JURISDICTION":"County Council","RACE":"Thurston County District 5 County Commissioner District 5","Name_1":"Nicolas Martinez-Dunning","Party_1":"Democratic_1","Votes_1":"83","Name_2":"Emily Clouse","Party_2":"Democratic_2","Votes_2":"71","Name_3":"Michelle Gipson","Party_3":"Democratic_3","Votes_3":"52","Name_4":"Write-In","Party_4":"None_1","Votes_4":"4","Name_5":null,"Party_5":null,"Votes_5":"0","Name_6":null,"Party_6":null,"Votes_6":"0","Name_7":null,"Party_7":null,"Votes_7":"0","Votes_total":"210","Pct_1":39.52,"Pct_2":33.81,"Pct_3":24.76,"Pct_4":1.9,"Pct_5":0,"Pct_6":0,"Pct_7":0,"Margin":5.71}},
{"type":"Feature","geometry":{"type":"Polygon","coordinates":[[[-122.76674382289653,47.003221976116734],[-122.76896293712862,47.0032837229065],[-122.76898203412253,47.00329015505482],[-122.78093939480031,46.99784796574432],[-122.78093319921976,46.99712601423086],[-122.77833687990314,46.99742638986186],[-122.77402467851188,46.99538978843309],[-122.7720261465242,46.99810438943627],[-122.77103367774367,46.995887789409075],[-122.76798034358222,46.99393932336854],[-122.76774134208891,46.99212352370714],[-122.76605834168204,46.991343923066836],[-122.767608725168,46.989439792334956],[-122.75963400537977,46.98943481547917],[-122.75970683756317,47.00323595012928],[-122.76674382289653,47.003221976116734]]]},"properties":{"COUNTY":"Thurston","PRECCODE":187,"PRECNAME":"Mullen","PRECINCT":"Thurston 187","DESCRIPTIO":"Lake Country Far Southeast (Pattison Lake Boat Launch, Atchison Drive)","OFFICE":"County Commissioner District 5","JURISDICTION":"County Council","RACE":"Thurston County District 5 County Commissioner District 5","Name_1":"Nicolas Martinez-Dunning","Party_1":"Democratic_1","Votes_1":"141","Name_2":"Emily Clouse","Party_2":"Democratic_2","Votes_2":"120","Name_3":"Michelle Gipson","Party_3":"Democratic_3","Votes_3":"77","Name_4":"Write-In","Party_4":"None_1","Votes_4":"10","Name_5":null,"Party_5":null,"Votes_5":"0","Name_6":null,"Party_6":null,"Votes_6":"0","Name_7":null,"Party_7":null,"Votes_7":"0","Votes_total":"348","Pct_1":40.52,"Pct_2":34.48,"Pct_3":22.13,"Pct_4":2.87,"Pct_5":0,"Pct_6":0,"Pct_7":0,"Margin":6.04}},
{"type":"Feature","geometry":{"type":"Polygon","coordinates":[[[-122.73856337367805,47.02487552356528],[-122.72854262170627,47.02491146036104],[-122.73168930235613,47.02726536334779],[-122.73321967916499,47.03110411619874],[-122.73922963733537,47.03513843595545],[-122.74105425075574,47.03410360518884],[-122.75285159553972,47.031996953349534],[-122.76484978406381,47.03110197776648],[-122.76490331510745,47.02890480604922],[-122.7672760574177,47.025208627889846],[-122.76729539888859,47.02488062911201],[-122.76494626945305,47.02178793417279],[-122.75994758537468,47.020796801306396],[-122.75957139718435,47.020675035978186],[-122.75957172336052,47.021327338079075],[-122.74907082080962,47.02130248766665],[-122.74905177908884,47.024940048904774],[-122.73856337367805,47.02487552356528]]]},"properties":{"COUNTY":"Thurston","PRECCODE":194,"PRECNAME":"Hartwood North","PRECINCT":"Thurston 194","DESCRIPTIO":"Lake Country Farthest Northeast (McAllister Park, McAllister Meadows)","OFFICE":"County Commissioner District 5","JURISDICTION":"County Council","RACE":"Thurston County District 5 County Commissioner District 5","Name_1":"Nicolas Martinez-Dunning","Party_1":"Democratic_1","Votes_1":"204","Name_2":"Michelle Gipson","Party_2":"Democratic_3","Votes_2":"119","Name_3":"Emily Clouse","Party_3":"Democratic_2","Votes_3":"97","Name_4":"Write-In","Party_4":"None_1","Votes_4":"3","Name_5":null,"Party_5":null,"Votes_5":"0","Name_6":null,"Party_6":null,"Votes_6":"0","Name_7":null,"Party_7":null,"Votes_7":"0","Votes_total":"423","Pct_1":48.23,"Pct_2":28.13,"Pct_3":22.93,"Pct_4":0.71,"Pct_5":0,"Pct_6":0,"Pct_7":0,"Margin":20.1}},
{"type":"Feature","geometry":{"type":"Polygon","coordinates":[[[-122.80061207279172,47.03765956899919],[-122.80066325936178,47.041697869045436],[-122.80483139151377,47.04228205144092],[-122.80584162979322,47.04351990291927],[-122.80536027237662,47.046918088000254],[-122.79679317844725,47.04685163093993],[-122.79659638599878,47.04762532155847],[-122.796612637972,47.05019683242313],[-122.7965076582049,47.0504759416906],[-122.79661069747242,47.05407466568439],[-122.79690651461064,47.05788138056713],[-122.80219393268587,47.05686023084564],[-122.80862745266946,47.055406930955066],[-122.81460807591152,47.051256640808056],[-122.81437153322791,47.049233684665104],[-122.81651073862264,47.04907227305661],[-122.82321010751892,47.04658312818704],[-122.82325441749352,47.04161544167949],[-122.82327461801484,47.03725608420297],[-122.82214782640878,47.037057477560694],[-122.81813092479722,47.03695265581975],[-122.80057244207114,47.036231719983114],[-122.80061207279172,47.03765956899919]]]},"properties":{"COUNTY":"Thurston","PRECCODE":301,"PRECNAME":"Lacey 01","PRECINCT":"Thurston 301","DESCRIPTIO":"North Lacey North (St. Martin's University, Reserve Senior Apartments, Carpenter Crest Apartments)","OFFICE":"County Commissioner District 5","JURISDICTION":"County Council","RACE":"Thurston County District 5 County Commissioner District 5","Name_1":"Nicolas Martinez-Dunning","Party_1":"Democratic_1","Votes_1":"56","Name_2":"Emily Clouse","Party_2":"Democratic_2","Votes_2":"53","Name_3":"Michelle Gipson","Party_3":"Democratic_3","Votes_3":"49","Name_4":"Write-In","Party_4":"None_1","Votes_4":"4","Name_5":null,"Party_5":null,"Votes_5":"0","Name_6":null,"Party_6":null,"Votes_6":"0","Name_7":null,"Party_7":null,"Votes_7":"0","Votes_total":"162","Pct_1":34.57,"Pct_2":32.72,"Pct_3":30.25,"Pct_4":2.47,"Pct_5":0,"Pct_6":0,"Pct_7":0,"Margin":1.85}},
{"type":"Feature","geometry":{"type":"Polygon","coordinates":[[[-122.82307278563243,47.05766101522065],[-122.83356650821847,47.057767053664435],[-122.83358988683534,47.050534434830496],[-122.82592002186682,47.05052106071069],[-122.82587668963562,47.05153451929009],[-122.82496555728171,47.05155026407509],[-122.82494966049815,47.050520359034515],[-122.82316601242535,47.0504932103247],[-122.82321010751892,47.04658312818704],[-122.81651073862264,47.04907227305661],[-122.81437153322791,47.049233684665104],[-122.81460807591152,47.051256640808056],[-122.80862745266946,47.055406930955066],[-122.80219393268587,47.05686023084564],[-122.80203148521663,47.057854824481524],[-122.80374093369068,47.05899258770957],[-122.803870252229,47.05933585431469],[-122.80425219855579,47.06079904058801],[-122.80460526342314,47.06025362056647],[-122.8047296562036,47.05997889437704],[-122.80477380907125,47.05981750151079],[-122.80555976390521,47.05773689161728],[-122.81254058466122,47.057628250553414],[-122.82307278563243,47.05766101522065]]]},"properties":{"COUNTY":"Thurston","PRECCODE":302,"PRECNAME":"Lacey 02","PRECINCT":"Thurston 302","DESCRIPTIO":"North Lacey Far North (North Thurston High School, Modera Apartments, Livingston Street)","OFFICE":"County Commissioner District 5","JURISDICTION":"County Council","RACE":"Thurston County District 5 County Commissioner District 5","Name_1":"Emily Clouse","Party_1":"Democratic_2","Votes_1":"86","Name_2":"Nicolas Martinez-Dunning","Party_2":"Democratic_1","Votes_2":"77","Name_3":"Michelle Gipson","Party_3":"Democratic_3","Votes_3":"52","Name_4":"Write-In","Party_4":"None_1","Votes_4":"2","Name_5":null,"Party_5":null,"Votes_5":"0","Name_6":null,"Party_6":null,"Votes_6":"0","Name_7":null,"Party_7":null,"Votes_7":"0","Votes_total":"217","Pct_1":39.63,"Pct_2":35.48,"Pct_3":23.96,"Pct_4":0.92,"Pct_5":0,"Pct_6":0,"Pct_7":0,"Margin":4.15}},
{"type":"Feature","geometry":{"type":"Polygon","coordinates":[[[-122.82317684543462,47.010718173856155],[-122.81790155945508,47.01069695440791],[-122.81791846674366,47.012429238713345],[-122.81800038182915,47.023347188352304],[-122.8180371797625,47.023750567520224],[-122.8180081357205,47.027369086986326],[-122.82063595594391,47.02737026125883],[-122.82330191074438,47.02743877430441],[-122.82330815403309,47.02517325655585],[-122.82317684543462,47.010718173856155]]]},"properties":{"COUNTY":"Thurston","PRECCODE":303,"PRECNAME":"Lacey 03","PRECINCT":"Thurston 303","DESCRIPTIO":"Wonderwood Center (Komachin Middle School, First Baptist Church)","OFFICE":"County Commissioner District 5","JURISDICTION":"County Council","RACE":"Thurston County District 5 County Commissioner District 5","Name_1":"Nicolas Martinez-Dunning","Party_1":"Democratic_1","Votes_1":"89","Name_2":"Emily Clouse","Party_2":"Democratic_2","Votes_2":"66","Name_3":"Michelle Gipson","Party_3":"Democratic_3","Votes_3":"60","Name_4":"Write-In","Party_4":"None_1","Votes_4":"3","Name_5":null,"Party_5":null,"Votes_5":"0","Name_6":null,"Party_6":null,"Votes_6":"0","Name_7":null,"Party_7":null,"Votes_7":"0","Votes_total":"218","Pct_1":40.83,"Pct_2":30.28,"Pct_3":27.52,"Pct_4":1.38,"Pct_5":0,"Pct_6":0,"Pct_7":0,"Margin":10.55}},
{"type":"Feature","geometry":{"type":"Polygon","coordinates":[[[-122.81813092479722,47.03695265581975],[-122.82214782640878,47.037057477560694],[-122.82327461801484,47.03725608420297],[-122.82326991403029,47.03427110260847],[-122.8285313205128,47.03423396557925],[-122.82853966783274,47.0274470048443],[-122.82330191074438,47.02743877430441],[-122.82328942585413,47.031968414527974],[-122.81799184870772,47.03201577234347],[-122.81799376416956,47.032782342227556],[-122.81813092479722,47.03695265581975]]]},"properties":{"COUNTY":"Thurston","PRECCODE":304,"PRECNAME":"Lacey 04","PRECINCT":"Thurston 304","DESCRIPTIO":"North Lacey Southwest (St. Mark Lutheran Church, Lacey Village Mall, Diamond Head Apartments)","OFFICE":"County Commissioner District 5","JURISDICTION":"County Council","RACE":"Thurston County District 5 County Commissioner District 5","Name_1":"Nicolas Martinez-Dunning","Party_1":"Democratic_1","Votes_1":"56","Name_2":"Michelle Gipson","Party_2":"Democratic_3","Votes_2":"50","Name_3":"Emily Clouse","Party_3":"Democratic_2","Votes_3":"47","Name_4":"Write-In","Party_4":"None_1","Votes_4":"1","Name_5":null,"Party_5":null,"Votes_5":"0","Name_6":null,"Party_6":null,"Votes_6":"0","Name_7":null,"Party_7":null,"Votes_7":"0","Votes_total":"154","Pct_1":36.36,"Pct_2":32.47,"Pct_3":30.52,"Pct_4":0.65,"Pct_5":0,"Pct_6":0,"Pct_7":0,"Margin":3.89}},
{"type":"Feature","geometry":{"type":"Polygon","coordinates":[[[-122.81800038182915,47.023347188352304],[-122.81791970742059,47.012811169908645],[-122.81706386404011,47.01233659267064],[-122.81600498212055,47.013157924069645],[-122.816867773673,47.01598349005466],[-122.81452917493249,47.0164250582384],[-122.81150892071786,47.01607724897877],[-122.81043038523906,47.018346201343924],[-122.81027120230732,47.02120999555661],[-122.8102805759433,47.022112367400304],[-122.81048338009666,47.02347412496937],[-122.8115246841971,47.02339283236045],[-122.8127332600771,47.02319436064543],[-122.81226053976377,47.02194067873355],[-122.8155333513491,47.02195093127181],[-122.81609351893293,47.02352468997387],[-122.8180371797625,47.023750567520224],[-122.81800038182915,47.023347188352304]]]},"properties":{"COUNTY":"Thurston","PRECCODE":305,"PRECNAME":"Lacey 05","PRECINCT":"Thurston 305","DESCRIPTIO":"Wonderwood East (Wonderwood Park, Stikes Loop)","OFFICE":"County Commissioner District 5","JURISDICTION":"County Council","RACE":"Thurston County District 5 County Commissioner District 5","Name_1":"Emily Clouse","Party_1":"Democratic_2","Votes_1":"66","Name_2":"Nicolas Martinez-Dunning","Party_2":"Democratic_1","Votes_2":"50","Name_3":"Michelle Gipson","Party_3":"Democratic_3","Votes_3":"46","Name_4":"Write-In","Party_4":"None_1","Votes_4":"5","Name_5":null,"Party_5":null,"Votes_5":"0","Name_6":null,"Party_6":null,"Votes_6":"0","Name_7":null,"Party_7":null,"Votes_7":"0","Votes_total":"167","Pct_1":39.52,"Pct_2":29.94,"Pct_3":27.54,"Pct_4":2.99,"Pct_5":0,"Pct_6":0,"Pct_7":0,"Margin":9.58}},
{"type":"Feature","geometry":{"type":"Polygon","coordinates":[[[-122.8073443888925,47.03415649743093],[-122.8075661241146,47.03474391392951],[-122.80801871343866,47.03446747070513],[-122.80828173827777,47.03427679836326],[-122.80923213511545,47.033910131653265],[-122.8112385532061,47.03388314123428],[-122.81125641284467,47.02920699430433],[-122.8058644216585,47.02887877172482],[-122.80482501066419,47.029306467441536],[-122.80547277350469,47.031609792916285],[-122.8071571260271,47.032039631648956],[-122.8073443888925,47.03415649743093]]]},"properties":{"COUNTY":"Thurston","PRECCODE":306,"PRECNAME":"Lacey 06","PRECINCT":"Thurston 306","DESCRIPTIO":"North Lacey East-Center (Sulky Drive, Emerald Pointe Apartments)","OFFICE":"County Commissioner District 5","JURISDICTION":"County Council","RACE":"Thurston County District 5 County Commissioner District 5","Name_1":"Emily Clouse","Party_1":"Democratic_2","Votes_1":"54","Name_2":"Michelle Gipson","Party_2":"Democratic_3","Votes_2":"37","Name_3":"Nicolas Martinez-Dunning","Party_3":"Democratic_1","Votes_3":"33","Name_4":"Write-In","Party_4":"None_1","Votes_4":"6","Name_5":null,"Party_5":null,"Votes_5":"0","Name_6":null,"Party_6":null,"Votes_6":"0","Name_7":null,"Party_7":null,"Votes_7":"0","Votes_total":"130","Pct_1":41.54,"Pct_2":28.46,"Pct_3":25.38,"Pct_4":4.62,"Pct_5":0,"Pct_6":0,"Pct_7":0,"Margin":13.08}},
{"type":"Feature","geometry":{"type":"Polygon","coordinates":[[[-122.82330691585818,47.02562254620143],[-122.82853179653536,47.025630935774664],[-122.82858617580155,47.02387982645297],[-122.83114794233902,47.023998186023526],[-122.8338297959203,47.02312471941796],[-122.83441821069621,47.02191882045836],[-122.83376237225781,47.01432692607604],[-122.8324074782098,47.014320203365976],[-122.83028322695552,47.01433072123454],[-122.82727593544396,47.01432010339184],[-122.8232095975754,47.01432432953503],[-122.82330691585818,47.02562254620143]]]},"properties":{"COUNTY":"Thurston","PRECCODE":307,"PRECNAME":"Lacey 07","PRECINCT":"Thurston 307","DESCRIPTIO":"Wonderwood West (Chambers Lake Natural Area, Lakeview Estates)","OFFICE":"County Commissioner District 5","JURISDICTION":"County Council","RACE":"Thurston County District 5 County Commissioner District 5","Name_1":"Emily Clouse","Party_1":"Democratic_2","Votes_1":"128","Name_2":"Michelle Gipson","Party_2":"Democratic_3","Votes_2":"90","Name_3":"Nicolas Martinez-Dunning","Party_3":"Democratic_1","Votes_3":"86","Name_4":"Write-In","Party_4":"None_1","Votes_4":"3","Name_5":null,"Party_5":null,"Votes_5":"0","Name_6":null,"Party_6":null,"Votes_6":"0","Name_7":null,"Party_7":null,"Votes_7":"0","Votes_total":"307","Pct_1":41.69,"Pct_2":29.32,"Pct_3":28.01,"Pct_4":0.98,"Pct_5":0,"Pct_6":0,"Pct_7":0,"Margin":12.37}},
{"type":"Feature","geometry":{"type":"Polygon","coordinates":[[[-122.82325441749352,47.04161544167949],[-122.8232114504989,47.04646345046894],[-122.83902889152712,47.0450953127396],[-122.8390829971273,47.03908320315006],[-122.83379969935474,47.038473404833816],[-122.83378382938996,47.034237669615],[-122.8285313205128,47.03423396557925],[-122.82326991403029,47.03427110260847],[-122.82328034561586,47.03521384261237],[-122.82325441749352,47.04161544167949]]]},"properties":{"COUNTY":"Thurston","PRECCODE":309,"PRECNAME":"Lacey 09","PRECINCT":"Thurston 309","DESCRIPTIO":"North Lacey Northwest (6Wood Flats Apartments, Hall Street)","OFFICE":"County Commissioner District 5","JURISDICTION":"County Council","RACE":"Thurston County District 5 County Commissioner District 5","Name_1":"Emily Clouse","Party_1":"Democratic_2","Votes_1":"57","Name_2":"Michelle Gipson","Party_2":"Democratic_3","Votes_2":"47","Name_3":"Nicolas Martinez-Dunning","Party_3":"Democratic_1","Votes_3":"44","Name_4":"Write-In","Party_4":"None_1","Votes_4":"2","Name_5":null,"Party_5":null,"Votes_5":"0","Name_6":null,"Party_6":null,"Votes_6":"0","Name_7":null,"Party_7":null,"Votes_7":"0","Votes_total":"150","Pct_1":38,"Pct_2":31.33,"Pct_3":29.33,"Pct_4":1.33,"Pct_5":0,"Pct_6":0,"Pct_7":0,"Margin":6.67}},
{"type":"Feature","geometry":{"type":"Polygon","coordinates":[[[-122.82853966783274,47.0274470048443],[-122.82853225747965,47.027857448117835],[-122.83062224174405,47.02786268069804],[-122.83094743647831,47.02782200160649],[-122.83376890150139,47.02781964147204],[-122.8338297959203,47.02312471941796],[-122.83114794233902,47.023998186023526],[-122.82858617580155,47.02387982645297],[-122.82853179653536,47.025630935774664],[-122.82330691585818,47.02562254620143],[-122.82330191074438,47.02743877430441],[-122.82853966783274,47.0274470048443]]]},"properties":{"COUNTY":"Thurston","PRECCODE":311,"PRECNAME":"Lacey 11","PRECINCT":"Thurston 311","DESCRIPTIO":"Chambers Southeast (Alpha Street, Panorama Senior Community South)","OFFICE":"County Commissioner District 5","JURISDICTION":"County Council","RACE":"Thurston County District 5 County Commissioner District 5","Name_1":"Emily Clouse","Party_1":"Democratic_2","Votes_1":"84","Name_2":"Michelle Gipson","Party_2":"Democratic_3","Votes_2":"75","Name_3":"Nicolas Martinez-Dunning","Party_3":"Democratic_1","Votes_3":"54","Name_4":"Write-In","Party_4":"None_1","Votes_4":"1","Name_5":null,"Party_5":null,"Votes_5":"0","Name_6":null,"Party_6":null,"Votes_6":"0","Name_7":null,"Party_7":null,"Votes_7":"0","Votes_total":"214","Pct_1":39.25,"Pct_2":35.05,"Pct_3":25.23,"Pct_4":0.47,"Pct_5":0,"Pct_6":0,"Pct_7":0,"Margin":4.2}},
{"type":"Feature","geometry":{"type":"Polygon","coordinates":[[[-122.82330191074438,47.02743877430441],[-122.82063595594391,47.02737026125883],[-122.81270318969257,47.027373623226985],[-122.81799376416956,47.032782342227556],[-122.81799184870772,47.03201577234347],[-122.82328942585413,47.031968414527974],[-122.82330191074438,47.02743877430441]]]},"properties":{"COUNTY":"Thurston","PRECCODE":313,"PRECNAME":"Lacey 13","PRECINCT":"Thurston 313","DESCRIPTIO":"North Lacey South (Mountain View Elementary School, 16th Way SE & Judd)","OFFICE":"County Commissioner District 5","JURISDICTION":"County Council","RACE":"Thurston County District 5 County Commissioner District 5","Name_1":"Emily Clouse","Party_1":"Democratic_2","Votes_1":"44","Name_2":"Michelle Gipson","Party_2":"Democratic_3","Votes_2":"41","Name_3":"Nicolas Martinez-Dunning","Party_3":"Democratic_1","Votes_3":"34","Name_4":"Write-In","Party_4":"None_1","Votes_4":"5","Name_5":null,"Party_5":null,"Votes_5":"0","Name_6":null,"Party_6":null,"Votes_6":"0","Name_7":null,"Party_7":null,"Votes_7":"0","Votes_total":"124","Pct_1":35.48,"Pct_2":33.06,"Pct_3":27.42,"Pct_4":4.03,"Pct_5":0,"Pct_6":0,"Pct_7":0,"Margin":2.42}},
{"type":"Feature","geometry":{"type":"Polygon","coordinates":[[[-122.80198678492587,47.01063001534392],[-122.80223002959886,47.01801266142511],[-122.80483573107954,47.01805621751734],[-122.80481920226869,47.02079980992506],[-122.81029420776244,47.02081729952169],[-122.81043038523906,47.018346201343924],[-122.80864322166761,47.01415732343299],[-122.80851815835321,47.01309505823735],[-122.80868538989198,47.01065876137977],[-122.80854220725845,47.00907525724546],[-122.80491731221635,47.00875039032588],[-122.80215848755215,47.00714920451153],[-122.80198494013597,47.00703909641906],[-122.80198678492587,47.01063001534392]]]},"properties":{"COUNTY":"Thurston","PRECCODE":314,"PRECNAME":"Lacey 14","PRECINCT":"Thurston 314","DESCRIPTIO":"Two Lakes Southwest (Arcarro Court, Forest Grove Apartments, Ruddell Road American Legion)","OFFICE":"County Commissioner District 5","JURISDICTION":"County Council","RACE":"Thurston County District 5 County Commissioner District 5","Name_1":"Emily Clouse","Party_1":"Democratic_2","Votes_1":"47","Name_2":"Michelle Gipson","Party_2":"Democratic_3","Votes_2":"37","Name_3":"Nicolas Martinez-Dunning","Party_3":"Democratic_1","Votes_3":"35","Name_4":"Write-In","Party_4":"None_1","Votes_4":"2","Name_5":null,"Party_5":null,"Votes_5":"0","Name_6":null,"Party_6":null,"Votes_6":"0","Name_7":null,"Party_7":null,"Votes_7":"0","Votes_total":"121","Pct_1":38.84,"Pct_2":30.58,"Pct_3":28.93,"Pct_4":1.65,"Pct_5":0,"Pct_6":0,"Pct_7":0,"Margin":8.26}},
{"type":"Feature","geometry":{"type":"Polygon","coordinates":[[[-122.790976833166,47.0409685370437],[-122.79216595427665,47.04083539311349],[-122.80060203954791,47.037652262702686],[-122.80057244207114,47.036231719983114],[-122.80066653087641,47.03383435196638],[-122.80072403344364,47.02876742238165],[-122.80218315168595,47.02877909089262],[-122.80222561630093,47.025823369189524],[-122.80150575770737,47.02581432807999],[-122.79776778558858,47.02704221864315],[-122.7953701995575,47.02969191959611],[-122.79148720454442,47.02960219585384],[-122.7914307634584,47.03252972711949],[-122.78418154916626,47.03246996262577],[-122.78311490707532,47.03312221352069],[-122.78286934521712,47.033075098437344],[-122.78276945950107,47.033018789307086],[-122.78218346515857,47.03286809778765],[-122.78196494162846,47.032941133700035],[-122.78185196980418,47.033077267805155],[-122.78181370395022,47.03319428192098],[-122.78178924228486,47.03347665094035],[-122.78250329148537,47.03522130841974],[-122.78238303787145,47.03548644084745],[-122.78253646607268,47.03551662580004],[-122.78202437124901,47.035511199006145],[-122.78507503920409,47.03654948506842],[-122.78559136246666,47.03651712895112],[-122.78843345972057,47.03663263456173],[-122.78880170090648,47.03880481700398],[-122.790976833166,47.0409685370437]]]},"properties":{"COUNTY":"Thurston","PRECCODE":315,"PRECNAME":"Lacey 15","PRECINCT":"Thurston 315","DESCRIPTIO":"Two Lakes North (Diamond Road, Noble Firs Court, Dakota Apartments, Montebello)","OFFICE":"County Commissioner District 5","JURISDICTION":"County Council","RACE":"Thurston County District 5 County Commissioner District 5","Name_1":"Michelle Gipson","Party_1":"Democratic_3","Votes_1":"102","Name_2":"Emily Clouse","Party_2":"Democratic_2","Votes_2":"93","Name_3":"Nicolas Martinez-Dunning","Party_3":"Democratic_1","Votes_3":"81","Name_4":"Write-In","Party_4":"None_1","Votes_4":"5","Name_5":null,"Party_5":null,"Votes_5":"0","Name_6":null,"Party_6":null,"Votes_6":"0","Name_7":null,"Party_7":null,"Votes_7":"0","Votes_total":"281","Pct_1":36.3,"Pct_2":33.1,"Pct_3":28.83,"Pct_4":1.78,"Pct_5":0,"Pct_6":0,"Pct_7":0,"Margin":3.2}},
{"type":"Feature","geometry":{"type":"Polygon","coordinates":[[[-122.7808314448008,47.01736560300833],[-122.79018272641187,47.017419278033216],[-122.79040480399107,47.017410528984165],[-122.79755514491563,47.016635402465845],[-122.80057150719082,47.01712775321563],[-122.80094276554115,47.01759870043489],[-122.80222037724505,47.017588263104614],[-122.80198678492587,47.01063001534392],[-122.80198494013597,47.00703909641906],[-122.79948564040603,47.005439018206424],[-122.79924722869956,47.00529736986149],[-122.79669137930243,47.00445160527212],[-122.79249945604028,47.00426090748196],[-122.79136291363393,47.004329867978406],[-122.79143700707485,47.01056976012619],[-122.7806757432743,47.010513868973774],[-122.78086331891768,47.015035285715214],[-122.7808314448008,47.01736560300833]]]},"properties":{"COUNTY":"Thurston","PRECCODE":317,"PRECNAME":"Lacey 17","PRECINCT":"Thurston 317","DESCRIPTIO":"Two Lakes South (Eastwood Estates, Southlake Drive)","OFFICE":"County Commissioner District 5","JURISDICTION":"County Council","RACE":"Thurston County District 5 County Commissioner District 5","Name_1":"Nicolas Martinez-Dunning","Party_1":"Democratic_1","Votes_1":"125","Name_2":"Emily Clouse","Party_2":"Democratic_2","Votes_2":"76","Name_3":"Michelle Gipson","Party_3":"Democratic_3","Votes_3":"61","Name_4":"Write-In","Party_4":"None_1","Votes_4":"4","Name_5":null,"Party_5":null,"Votes_5":"0","Name_6":null,"Party_6":null,"Votes_6":"0","Name_7":null,"Party_7":null,"Votes_7":"0","Votes_total":"266","Pct_1":46.99,"Pct_2":28.57,"Pct_3":22.93,"Pct_4":1.5,"Pct_5":0,"Pct_6":0,"Pct_7":0,"Margin":18.42}},
{"type":"Feature","geometry":{"type":"Polygon","coordinates":[[[-122.77022387234929,47.00357586237401],[-122.76981622733142,47.007015558277004],[-122.77234675218328,47.008422589300594],[-122.77127131782666,47.009480997230064],[-122.77342194783066,47.00859719036742],[-122.77385278468985,47.009265598154485],[-122.7762901161421,47.01008486608691],[-122.77526072375139,47.01317826115631],[-122.77441551671824,47.01317778263501],[-122.77628510983864,47.014094623989365],[-122.77604890603524,47.01522380594135],[-122.77407524506428,47.01521861440912],[-122.77442932982306,47.01550630118843],[-122.77571706882172,47.01607318338318],[-122.77459031219684,47.017731447842],[-122.77511667963866,47.018593166707156],[-122.77685124108582,47.01913945175702],[-122.77714125277915,47.01816324505413],[-122.77872876847654,47.018929491351116],[-122.77896553858528,47.01834121048904],[-122.77919426074183,47.01835811440202],[-122.78082331567704,47.01817070802744],[-122.78086331891768,47.015035285715214],[-122.7806757432743,47.010513868973774],[-122.78034894744671,47.00445258685407],[-122.77952180203967,47.00426188219871],[-122.77767139677071,47.00390113081566],[-122.77571102519114,47.00355742160677],[-122.77198711796264,47.00338276733661],[-122.77022387234929,47.00357586237401]]]},"properties":{"COUNTY":"Thurston","PRECCODE":318,"PRECNAME":"Lacey 18","PRECINCT":"Thurston 318","DESCRIPTIO":"Two Lakes Far Southeast (Arbors Park, Woodland Elementary, Vista Village Condos, Rosewood)","OFFICE":"County Commissioner District 5","JURISDICTION":"County Council","RACE":"Thurston County District 5 County Commissioner District 5","Name_1":"Nicolas Martinez-Dunning","Party_1":"Democratic_1","Votes_1":"107","Name_2":"Emily Clouse","Party_2":"Democratic_2","Votes_2":"85","Name_3":"Michelle Gipson","Party_3":"Democratic_3","Votes_3":"73","Name_4":"Write-In","Party_4":"None_1","Votes_4":"5","Name_5":null,"Party_5":null,"Votes_5":"0","Name_6":null,"Party_6":null,"Votes_6":"0","Name_7":null,"Party_7":null,"Votes_7":"0","Votes_total":"270","Pct_1":39.63,"Pct_2":31.48,"Pct_3":27.04,"Pct_4":1.85,"Pct_5":0,"Pct_6":0,"Pct_7":0,"Margin":8.15}},
{"type":"Feature","geometry":{"type":"Polygon","coordinates":[[[-122.80057244207114,47.036231719983114],[-122.81813092479722,47.03695265581975],[-122.81799376416956,47.032782342227556],[-122.81270318969257,47.027373623226985],[-122.81181552362,47.027798987608904],[-122.81163528783765,47.027844098127375],[-122.812135744541,47.02870897733283],[-122.81126077350746,47.02877913908869],[-122.8112385532061,47.03388314123428],[-122.80923213511545,47.033910131653265],[-122.80828173827777,47.03427679836326],[-122.80801871343866,47.03446747070513],[-122.8075661241146,47.03474391392951],[-122.80760360862054,47.034821594190305],[-122.80574336519611,47.035140864921225],[-122.8047048178991,47.03322508926337],[-122.80122155870531,47.03321052829585],[-122.80066653087641,47.03383435196638],[-122.80057244207114,47.036231719983114]]]},"properties":{"COUNTY":"Thurston","PRECCODE":319,"PRECNAME":"Lacey 19","PRECINCT":"Thurston 319","DESCRIPTIO":"North Lacey West-Center (Church Street, Regency Apartments)","OFFICE":"County Commissioner District 5","JURISDICTION":"County Council","RACE":"Thurston County District 5 County Commissioner District 5","Name_1":"Emily Clouse","Party_1":"Democratic_2","Votes_1":"67","Name_2":"Nicolas Martinez-Dunning","Party_2":"Democratic_1","Votes_2":"54","Name_3":"Michelle Gipson","Party_3":"Democratic_3","Votes_3":"41","Name_4":"Write-In","Party_4":"None_1","Votes_4":"2","Name_5":null,"Party_5":null,"Votes_5":"0","Name_6":null,"Party_6":null,"Votes_6":"0","Name_7":null,"Party_7":null,"Votes_7":"0","Votes_total":"164","Pct_1":40.85,"Pct_2":32.93,"Pct_3":25,"Pct_4":1.22,"Pct_5":0,"Pct_6":0,"Pct_7":0,"Margin":7.92}},
{"type":"Feature","geometry":{"type":"Polygon","coordinates":[[[-122.80219549330477,47.02784966095184],[-122.80284851091838,47.02785566561873],[-122.80299097881652,47.028364403664604],[-122.80384615990972,47.02838691930386],[-122.80412987358754,47.0278731002346],[-122.81145966662969,47.02788301781432],[-122.81181552362,47.027798987608904],[-122.81270318969257,47.027373623226985],[-122.81117718670816,47.02588006510092],[-122.81073571482875,47.02515117459274],[-122.80223446055317,47.025163578065474],[-122.80219549330477,47.02784966095184]]]},"properties":{"COUNTY":"Thurston","PRECCODE":320,"PRECNAME":"Lacey 20","PRECINCT":"Thurston 320","DESCRIPTIO":"Two Lakes Northwest (Lilac Street, Melody Drive)","OFFICE":"County Commissioner District 5","JURISDICTION":"County Council","RACE":"Thurston County District 5 County Commissioner District 5","Name_1":"Emily Clouse","Party_1":"Democratic_2","Votes_1":"39","Name_2":"Michelle Gipson","Party_2":"Democratic_3","Votes_2":"29","Name_3":"Nicolas Martinez-Dunning","Party_3":"Democratic_1","Votes_3":"23","Name_4":"Write-In","Party_4":"None_1","Votes_4":"1","Name_5":null,"Party_5":null,"Votes_5":"0","Name_6":null,"Party_6":null,"Votes_6":"0","Name_7":null,"Party_7":null,"Votes_7":"0","Votes_total":"92","Pct_1":42.39,"Pct_2":31.52,"Pct_3":25,"Pct_4":1.09,"Pct_5":0,"Pct_6":0,"Pct_7":0,"Margin":10.87}},
{"type":"Feature","geometry":{"type":"Polygon","coordinates":[[[-122.81270318969257,47.027373623226985],[-122.8180081357205,47.027369086986326],[-122.8180371797625,47.023750567520224],[-122.81609351893293,47.02352468997387],[-122.8155333513491,47.02195093127181],[-122.81226053976377,47.02194067873355],[-122.8127332600771,47.02319436064543],[-122.8115246841971,47.02339283236045],[-122.81048338009666,47.02347412496937],[-122.81073571482875,47.02515117459274],[-122.81117718670816,47.02588006510092],[-122.81270318969257,47.027373623226985]]]},"properties":{"COUNTY":"Thurston","PRECCODE":321,"PRECNAME":"Lacey 21","PRECINCT":"Thurston 321","DESCRIPTIO":"Wonderwood Northeast (Brentwood Drive)","OFFICE":"County Commissioner District 5","JURISDICTION":"County Council","RACE":"Thurston County District 5 County Commissioner District 5","Name_1":"Emily Clouse","Party_1":"Democratic_2","Votes_1":"46","Name_2":"Nicolas Martinez-Dunning","Party_2":"Democratic_1","Votes_2":"41","Name_3":"Michelle Gipson","Party_3":"Democratic_3","Votes_3":"35","Name_4":"Write-In","Party_4":"None_1","Votes_4":"1","Name_5":null,"Party_5":null,"Votes_5":"0","Name_6":null,"Party_6":null,"Votes_6":"0","Name_7":null,"Party_7":null,"Votes_7":"0","Votes_total":"123","Pct_1":37.4,"Pct_2":33.33,"Pct_3":28.46,"Pct_4":0.81,"Pct_5":0,"Pct_6":0,"Pct_7":0,"Margin":4.07}},
{"type":"Feature","geometry":{"type":"Polygon","coordinates":[[[-122.78618182759543,47.010539514373484],[-122.78615606151173,47.006468386134735],[-122.78487353205894,47.00644874219409],[-122.78484420093378,47.00548001908072],[-122.78228849792444,47.004901161910375],[-122.78034894744671,47.00445258685407],[-122.7806757432743,47.010513868973774],[-122.78618182759543,47.010539514373484]]]},"properties":{"COUNTY":"Thurston","PRECCODE":323,"PRECNAME":"Lacey 23","PRECINCT":"Thurston 323","DESCRIPTIO":"Two Lakes Southeast (Wedgewood, Interlake Grocery)","OFFICE":"County Commissioner District 5","JURISDICTION":"County Council","RACE":"Thurston County District 5 County Commissioner District 5","Name_1":"Nicolas Martinez-Dunning","Party_1":"Democratic_1","Votes_1":"44","Name_2":"Emily Clouse","Party_2":"Democratic_2","Votes_2":"37","Name_3":"Michelle Gipson","Party_3":"Democratic_3","Votes_3":"36","Name_4":"Write-In","Party_4":"None_1","Votes_4":"1","Name_5":null,"Party_5":null,"Votes_5":"0","Name_6":null,"Party_6":null,"Votes_6":"0","Name_7":null,"Party_7":null,"Votes_7":"0","Votes_total":"118","Pct_1":37.29,"Pct_2":31.36,"Pct_3":30.51,"Pct_4":0.85,"Pct_5":0,"Pct_6":0,"Pct_7":0,"Margin":5.93}},
{"type":"Feature","geometry":{"type":"Polygon","coordinates":[[[-122.80215848755215,47.00714920451153],[-122.80491731221635,47.00875039032588],[-122.80854220725845,47.00907525724546],[-122.808359779962,47.00703455834824],[-122.81263626015256,47.007051219554775],[-122.81260729941182,46.99618594047091],[-122.80730845971624,46.996178178346774],[-122.80734209516011,46.99979688225775],[-122.8006907529151,46.999774298998254],[-122.80067345418523,47.00338517747694],[-122.7992436631797,47.003376752297925],[-122.79924722869956,47.00529736986149],[-122.79948564040603,47.005439018206424],[-122.80215848755215,47.00714920451153]]]},"properties":{"COUNTY":"Thurston","PRECCODE":327,"PRECNAME":"Lacey 27","PRECINCT":"Thurston 327","DESCRIPTIO":"Southwick East (Lakes Elementary School, Emerald Heights, Crestwood Park MHP, Southwick Lake)","OFFICE":"County Commissioner District 5","JURISDICTION":"County Council","RACE":"Thurston County District 5 County Commissioner District 5","Name_1":"Emily Clouse","Party_1":"Democratic_2","Votes_1":"94","Name_2":"Nicolas Martinez-Dunning","Party_2":"Democratic_1","Votes_2":"80","Name_3":"Michelle Gipson","Party_3":"Democratic_3","Votes_3":"58","Name_4":"Write-In","Party_4":"None_1","Votes_4":"8","Name_5":null,"Party_5":null,"Votes_5":"0","Name_6":null,"Party_6":null,"Votes_6":"0","Name_7":null,"Party_7":null,"Votes_7":"0","Votes_total":"240","Pct_1":39.17,"Pct_2":33.33,"Pct_3":24.17,"Pct_4":3.33,"Pct_5":0,"Pct_6":0,"Pct_7":0,"Margin":5.84}},
{"type":"Feature","geometry":{"type":"Polygon","coordinates":[[[-122.7915835771353,47.025090838101185],[-122.79148720454442,47.02960219585384],[-122.7953701995575,47.02969191959611],[-122.79776778558858,47.02704221864315],[-122.80150575770737,47.02581432807999],[-122.80222561630093,47.025823369189524],[-122.80223289082954,47.02192126563314],[-122.80222037724505,47.017588263104614],[-122.80094276554115,47.01759870043489],[-122.80057150719082,47.01712775321563],[-122.79755514491563,47.016635402465845],[-122.79040480399107,47.017410528984165],[-122.79018272641187,47.017419278033216],[-122.7808314448008,47.01736560300833],[-122.78081701513308,47.01826283452575],[-122.78230929798585,47.019530316220546],[-122.78956013532027,47.01966267720099],[-122.79152106256223,47.02147155798896],[-122.78209390028007,47.021367930524114],[-122.78523515200841,47.023351588961695],[-122.78479479168466,47.02396978140978],[-122.79170458917558,47.024470834056466],[-122.7915835771353,47.025090838101185]]]},"properties":{"COUNTY":"Thurston","PRECCODE":328,"PRECNAME":"Lacey 28","PRECINCT":"Thurston 328","DESCRIPTIO":"Two Lakes East (Hicks Lake, Carpenter Hills)","OFFICE":"County Commissioner District 5","JURISDICTION":"County Council","RACE":"Thurston County District 5 County Commissioner District 5","Name_1":"Nicolas Martinez-Dunning","Party_1":"Democratic_1","Votes_1":"89","Name_2":"Emily Clouse","Party_2":"Democratic_2","Votes_2":"42","Name_3":"Michelle Gipson","Party_3":"Democratic_3","Votes_3":"41","Name_4":"Write-In","Party_4":"None_1","Votes_4":"6","Name_5":null,"Party_5":null,"Votes_5":"0","Name_6":null,"Party_6":null,"Votes_6":"0","Name_7":null,"Party_7":null,"Votes_7":"0","Votes_total":"178","Pct_1":50,"Pct_2":23.6,"Pct_3":23.03,"Pct_4":3.37,"Pct_5":0,"Pct_6":0,"Pct_7":0,"Margin":26.4}},
{"type":"Feature","geometry":{"type":"Polygon","coordinates":[[[-122.81581472070505,47.007062882550876],[-122.8192255509574,47.00707510192948],[-122.81921887082656,47.003452369987414],[-122.82316607799531,47.00346526735978],[-122.82317352754934,47.00044619664719],[-122.81674052863801,47.00059558149116],[-122.8152459754407,47.003588822385275],[-122.8152612008829,47.00534836291813],[-122.81580660964742,47.00588048463126],[-122.8158435144871,47.00603785468829],[-122.81581472070505,47.007062882550876]]]},"properties":{"COUNTY":"Thurston","PRECCODE":329,"PRECNAME":"Lacey 29","PRECINCT":"Thurston 329","DESCRIPTIO":"Southwick West (Parkside, Summerwalk North, Firwood Grove Condos, Boardwalk)","OFFICE":"County Commissioner District 5","JURISDICTION":"County Council","RACE":"Thurston County District 5 County Commissioner District 5","Name_1":"Michelle Gipson","Party_1":"Democratic_3","Votes_1":"66","Name_2":"Emily Clouse","Party_2":"Democratic_2","Votes_2":"55","Name_3":"Nicolas Martinez-Dunning","Party_3":"Democratic_1","Votes_3":"45","Name_4":"Write-In","Party_4":"None_1","Votes_4":"4","Name_5":null,"Party_5":null,"Votes_5":"0","Name_6":null,"Party_6":null,"Votes_6":"0","Name_7":null,"Party_7":null,"Votes_7":"0","Votes_total":"170","Pct_1":38.82,"Pct_2":32.35,"Pct_3":26.47,"Pct_4":2.35,"Pct_5":0,"Pct_6":0,"Pct_7":0,"Margin":6.47}},
{"type":"Feature","geometry":{"type":"Polygon","coordinates":[[[-122.79113089594921,46.99945447741855],[-122.79301479882668,46.99912468594547],[-122.7941121436133,47.00172876781713],[-122.79805130041706,47.00280614302025],[-122.79923330259504,47.001480035089564],[-122.79924166410022,46.999773286816804],[-122.8020269502379,46.99977521594881],[-122.80734209516011,46.99979688225775],[-122.80730845971624,46.996178178346774],[-122.78568873503247,46.99615580136419],[-122.7881020013178,46.99822035097856],[-122.78835833979964,46.99850307091594],[-122.78834698778033,46.99861158084453],[-122.78876129959258,46.99944237937055],[-122.79113089594921,46.99945447741855]]]},"properties":{"COUNTY":"Thurston","PRECCODE":330,"PRECNAME":"Lacey 30","PRECINCT":"Thurston 330","DESCRIPTIO":"Lakepointe North (Thornbury Park, Komachin Loop, Pattison Lake Drive)","OFFICE":"County Commissioner District 5","JURISDICTION":"County Council","RACE":"Thurston County District 5 County Commissioner District 5","Name_1":"Nicolas Martinez-Dunning","Party_1":"Democratic_1","Votes_1":"156","Name_2":"Emily Clouse","Party_2":"Democratic_2","Votes_2":"150","Name_3":"Michelle Gipson","Party_3":"Democratic_3","Votes_3":"94","Name_4":"Write-In","Party_4":"None_1","Votes_4":"5","Name_5":null,"Party_5":null,"Votes_5":"0","Name_6":null,"Party_6":null,"Votes_6":"0","Name_7":null,"Party_7":null,"Votes_7":"0","Votes_total":"405","Pct_1":38.52,"Pct_2":37.04,"Pct_3":23.21,"Pct_4":1.23,"Pct_5":0,"Pct_6":0,"Pct_7":0,"Margin":1.48}},
{"type":"Feature","geometry":{"type":"Polygon","coordinates":[[[-122.81791970742059,47.012811169908645],[-122.81791846674366,47.012429238713345],[-122.81790155945508,47.01069695440791],[-122.82317684543462,47.010718173856155],[-122.82316607799531,47.00346526735978],[-122.81921887082656,47.003452369987414],[-122.8192255509574,47.00707510192948],[-122.808359779962,47.00703455834824],[-122.80853629877915,47.00900917144453],[-122.80986101303203,47.00899710091894],[-122.81109935301576,47.00923222081791],[-122.81262840140506,47.00991638866775],[-122.81522075377798,47.01134043844262],[-122.81703162954582,47.01236159599022],[-122.81706386404011,47.01233659267064],[-122.81791970742059,47.012811169908645]]]},"properties":{"COUNTY":"Thurston","PRECCODE":331,"PRECNAME":"Lacey 31","PRECINCT":"Thurston 331","DESCRIPTIO":"Southwick Northwest (Park Place, Wonderwood Lane, College Pointe Apartments)","OFFICE":"County Commissioner District 5","JURISDICTION":"County Council","RACE":"Thurston County District 5 County Commissioner District 5","Name_1":"Emily Clouse","Party_1":"Democratic_2","Votes_1":"104","Name_2":"Nicolas Martinez-Dunning","Party_2":"Democratic_1","Votes_2":"93","Name_3":"Michelle Gipson","Party_3":"Democratic_3","Votes_3":"64","Name_4":"Write-In","Party_4":"None_1","Votes_4":"1","Name_5":null,"Party_5":null,"Votes_5":"0","Name_6":null,"Party_6":null,"Votes_6":"0","Name_7":null,"Party_7":null,"Votes_7":"0","Votes_total":"262","Pct_1":39.69,"Pct_2":35.5,"Pct_3":24.43,"Pct_4":0.38,"Pct_5":0,"Pct_6":0,"Pct_7":0,"Margin":4.19}},
{"type":"Feature","geometry":{"type":"Polygon","coordinates":[[[-122.78533436747988,46.99615359606721],[-122.80730979339694,46.99617817594592],[-122.80682848072168,46.99290940381426],[-122.79665783286374,46.99052640105138],[-122.78436197738594,46.99614972922139],[-122.78503217057505,46.996152489530886],[-122.78533436747988,46.99615359606721]]]},"properties":{"COUNTY":"Thurston","PRECCODE":332,"PRECNAME":"Lacey 32","PRECINCT":"Thurston 332","DESCRIPTIO":"Lakepointe South (Lakepointe Park, Turf Lane)","OFFICE":"County Commissioner District 5","JURISDICTION":"County Council","RACE":"Thurston County District 5 County Commissioner District 5","Name_1":"Nicolas Martinez-Dunning","Party_1":"Democratic_1","Votes_1":"114","Name_2":"Emily Clouse","Party_2":"Democratic_2","Votes_2":"100","Name_3":"Michelle Gipson","Party_3":"Democratic_3","Votes_3":"86","Name_4":"Write-In","Party_4":"None_1","Votes_4":"6","Name_5":null,"Party_5":null,"Votes_5":"0","Name_6":null,"Party_6":null,"Votes_6":"0","Name_7":null,"Party_7":null,"Votes_7":"0","Votes_total":"306","Pct_1":37.25,"Pct_2":32.68,"Pct_3":28.1,"Pct_4":1.96,"Pct_5":0,"Pct_6":0,"Pct_7":0,"Margin":4.57}},
{"type":"Feature","geometry":{"type":"Polygon","coordinates":[[[-122.79130022823782,47.046813523576816],[-122.79475982547217,47.046837305441734],[-122.79476303536184,47.047745649223344],[-122.7965968802626,47.047762065384674],[-122.79659638599878,47.04762532155847],[-122.79679317844725,47.04685163093993],[-122.80536027237662,47.046918088000254],[-122.80584162979322,47.04351990291927],[-122.80483139151377,47.04228205144092],[-122.80066325936178,47.041697869045436],[-122.80061207279172,47.03765956899919],[-122.80060203954791,47.037652262702686],[-122.79216595427665,47.04083539311349],[-122.79129413974988,47.04093547403347],[-122.79130022823782,47.046813523576816]]]},"properties":{"COUNTY":"Thurston","PRECCODE":333,"PRECNAME":"Lacey 33","PRECINCT":"Thurston 333","DESCRIPTIO":"North Lacey Northeast (The Park, Aldea Glen)","OFFICE":"County Commissioner District 5","JURISDICTION":"County Council","RACE":"Thurston County District 5 County Commissioner District 5","Name_1":"Emily Clouse","Party_1":"Democratic_2","Votes_1":"69","Name_2":"Nicolas Martinez-Dunning","Party_2":"Democratic_1","Votes_2":"64","Name_3":"Michelle Gipson","Party_3":"Democratic_3","Votes_3":"35","Name_4":"Write-In","Party_4":"None_1","Votes_4":"2","Name_5":null,"Party_5":null,"Votes_5":"0","Name_6":null,"Party_6":null,"Votes_6":"0","Name_7":null,"Party_7":null,"Votes_7":"0","Votes_total":"170","Pct_1":40.59,"Pct_2":37.65,"Pct_3":20.59,"Pct_4":1.18,"Pct_5":0,"Pct_6":0,"Pct_7":0,"Margin":2.94}},
{"type":"Feature","geometry":{"type":"Polygon","coordinates":[[[-122.80066653087641,47.03383435196638],[-122.80122155870531,47.03321052829585],[-122.8047048178991,47.03322508926337],[-122.80574336519611,47.035140864921225],[-122.80760360862054,47.034821594190305],[-122.8073443888925,47.03415649743093],[-122.8071571260271,47.032039631648956],[-122.80547277350469,47.031609792916285],[-122.80482501066419,47.029306467441536],[-122.8058644216585,47.02887877172482],[-122.81125641284467,47.02920699430433],[-122.81126077350746,47.02877913908869],[-122.812135744541,47.02870897733283],[-122.81163528783765,47.027844098127375],[-122.81145966662969,47.02788301781432],[-122.80412987358754,47.0278731002346],[-122.80384615990972,47.02838691930386],[-122.80299097881652,47.028364403664604],[-122.80284851091838,47.02785566561873],[-122.80219549330477,47.02784966095184],[-122.80218315168595,47.02877909089262],[-122.80072403344364,47.02876742238165],[-122.80066653087641,47.03383435196638]]]},"properties":{"COUNTY":"Thurston","PRECCODE":334,"PRECNAME":"Lacey 34","PRECINCT":"Thurston 334","DESCRIPTIO":"North Lacey Southeast (Lacey Elementary School, Hemlock Court)","OFFICE":"County Commissioner District 5","JURISDICTION":"County Council","RACE":"Thurston County District 5 County Commissioner District 5","Name_1":"Nicolas Martinez-Dunning","Party_1":"Democratic_1","Votes_1":"53","Name_2":"Michelle Gipson","Party_2":"Democratic_3","Votes_2":"36","Name_3":"Emily Clouse","Party_3":"Democratic_2","Votes_3":"26","Name_4":"Write-In","Party_4":"None_1","Votes_4":"3","Name_5":null,"Party_5":null,"Votes_5":"0","Name_6":null,"Party_6":null,"Votes_6":"0","Name_7":null,"Party_7":null,"Votes_7":"0","Votes_total":"118","Pct_1":44.92,"Pct_2":30.51,"Pct_3":22.03,"Pct_4":2.54,"Pct_5":0,"Pct_6":0,"Pct_7":0,"Margin":14.41}},
{"type":"Feature","geometry":{"type":"Polygon","coordinates":[[[-122.80223446055317,47.025163578065474],[-122.81073571482875,47.02515117459274],[-122.8102805759433,47.022112367400304],[-122.81027120230732,47.02120999555661],[-122.81029420776244,47.02081729952169],[-122.80481920226869,47.02079980992506],[-122.80483573107954,47.01805621751734],[-122.80223002959886,47.01801266142511],[-122.80223446055317,47.025163578065474]]]},"properties":{"COUNTY":"Thurston","PRECCODE":335,"PRECNAME":"Lacey 35","PRECINCT":"Thurston 335","DESCRIPTIO":"Two Lakes West (Forest Grove Apartments, Wanschers Park)","OFFICE":"County Commissioner District 5","JURISDICTION":"County Council","RACE":"Thurston County District 5 County Commissioner District 5","Name_1":"Nicolas Martinez-Dunning","Party_1":"Democratic_1","Votes_1":"48","Name_2":"Emily Clouse","Party_2":"Democratic_2","Votes_2":"41","Name_3":"Michelle Gipson","Party_3":"Democratic_3","Votes_3":"35","Name_4":null,"Party_4":null,"Votes_4":"0","Name_5":null,"Party_5":null,"Votes_5":"0","Name_6":null,"Party_6":null,"Votes_6":"0","Name_7":null,"Party_7":null,"Votes_7":"0","Votes_total":"124","Pct_1":38.71,"Pct_2":33.06,"Pct_3":28.23,"Pct_4":0,"Pct_5":0,"Pct_6":0,"Pct_7":0,"Margin":5.65}},
{"type":"Feature","geometry":{"type":"Polygon","coordinates":[[[-122.8231768428055,47.01071817390911],[-122.8232095975754,47.01432432953503],[-122.82727593544396,47.01432010339184],[-122.83028322695552,47.01433072123454],[-122.8324074782098,47.014320203365976],[-122.83376237225781,47.01432692607604],[-122.8337051967634,47.01069746759752],[-122.8231768428055,47.01071817390911]]]},"properties":{"COUNTY":"Thurston","PRECCODE":340,"PRECNAME":"Lacey 40","PRECINCT":"Thurston 340","DESCRIPTIO":"South Lacey North-Center (Avonlea, Stonegate)","OFFICE":"County Commissioner District 5","JURISDICTION":"County Council","RACE":"Thurston County District 5 County Commissioner District 5","Name_1":"Nicolas Martinez-Dunning","Party_1":"Democratic_1","Votes_1":"75","Name_2":"Emily Clouse","Party_2":"Democratic_2","Votes_2":"75","Name_3":"Michelle Gipson","Party_3":"Democratic_3","Votes_3":"45","Name_4":"Write-In","Party_4":"None_1","Votes_4":"6","Name_5":null,"Party_5":null,"Votes_5":"0","Name_6":null,"Party_6":null,"Votes_6":"0","Name_7":null,"Party_7":null,"Votes_7":"0","Votes_total":"201","Pct_1":37.31,"Pct_2":37.31,"Pct_3":22.39,"Pct_4":2.99,"Pct_5":0,"Pct_6":0,"Pct_7":0,"Margin":0}},
{"type":"Feature","geometry":{"type":"Polygon","coordinates":[[[-122.81043038523906,47.018346201343924],[-122.81150892071786,47.01607724897877],[-122.81452917493249,47.0164250582384],[-122.816867773673,47.01598349005466],[-122.81600498212055,47.013157924069645],[-122.81703162954582,47.01236159599022],[-122.81522075377798,47.01134043844262],[-122.81262840140506,47.00991638866775],[-122.81109935301576,47.00923222081791],[-122.80986101303203,47.00899710091894],[-122.80853629877915,47.00900917144453],[-122.80868538989198,47.01065876137977],[-122.80851815835321,47.01309505823735],[-122.80864322166761,47.01415732343299],[-122.81043038523906,47.018346201343924]]]},"properties":{"COUNTY":"Thurston","PRECCODE":341,"PRECNAME":"Lacey 41","PRECINCT":"Thurston 341","DESCRIPTIO":"Wonderwood Southeast (Stikes Wood, Jackson Farm)","OFFICE":"County Commissioner District 5","JURISDICTION":"County Council","RACE":"Thurston County District 5 County Commissioner District 5","Name_1":"Nicolas Martinez-Dunning","Party_1":"Democratic_1","Votes_1":"90","Name_2":"Michelle Gipson","Party_2":"Democratic_3","Votes_2":"60","Name_3":"Emily Clouse","Party_3":"Democratic_2","Votes_3":"53","Name_4":"Write-In","Party_4":"None_1","Votes_4":"1","Name_5":null,"Party_5":null,"Votes_5":"0","Name_6":null,"Party_6":null,"Votes_6":"0","Name_7":null,"Party_7":null,"Votes_7":"0","Votes_total":"204","Pct_1":44.12,"Pct_2":29.41,"Pct_3":25.98,"Pct_4":0.49,"Pct_5":0,"Pct_6":0,"Pct_7":0,"Margin":14.71}},
{"type":"Feature","geometry":{"type":"Polygon","coordinates":[[[-122.76282854831504,47.11888181330866],[-122.76432033176364,47.11782364042366],[-122.76362726909423,47.1192866328127],[-122.76473576134188,47.11925736026646],[-122.76475672703653,47.11204132151215],[-122.75947143980383,47.11196257017983],[-122.75945342288742,47.10473947359423],[-122.77020055440798,47.10483142987488],[-122.77010900429326,47.09753086127694],[-122.7595229496117,47.097496824880736],[-122.75948421996792,47.10111991640514],[-122.75414763663245,47.10108866200907],[-122.75404800055871,47.11145716181548],[-122.75466276831058,47.11164371114068],[-122.75407876450276,47.11114601976067],[-122.75514628123244,47.1108603602479],[-122.75443564693393,47.113246926806546],[-122.75631350581318,47.11585778493166],[-122.7598376230103,47.1179208142487],[-122.76138488237335,47.118171140375104],[-122.76291826997259,47.11745798656267],[-122.76264714101829,47.11681002182197],[-122.7639078248192,47.11669829646614],[-122.76258726226675,47.118614733689604],[-122.76172892880444,47.11827955085829],[-122.76282854831504,47.11888181330866]]]},"properties":{"COUNTY":"Thurston","PRECCODE":347,"PRECNAME":"Lacey 47","PRECINCT":"Thurston 347","DESCRIPTIO":"Hawks Prairie North (Jubilee Senior Community North)","OFFICE":"County Commissioner District 5","JURISDICTION":"County Council","RACE":"Thurston County District 5 County Commissioner District 5","Name_1":"Emily Clouse","Party_1":"Democratic_2","Votes_1":"301","Name_2":"Nicolas Martinez-Dunning","Party_2":"Democratic_1","Votes_2":"295","Name_3":"Michelle Gipson","Party_3":"Democratic_3","Votes_3":"225","Name_4":"Write-In","Party_4":"None_1","Votes_4":"1","Name_5":null,"Party_5":null,"Votes_5":"0","Name_6":null,"Party_6":null,"Votes_6":"0","Name_7":null,"Party_7":null,"Votes_7":"0","Votes_total":"822","Pct_1":36.62,"Pct_2":35.89,"Pct_3":27.37,"Pct_4":0.12,"Pct_5":0,"Pct_6":0,"Pct_7":0,"Margin":0.73}},
{"type":"Feature","geometry":{"type":"Polygon","coordinates":[[[-122.80183873791816,47.07585659129204],[-122.80978709447267,47.075873340191066],[-122.80985088605267,47.07955224424033],[-122.81782403324195,47.07957658783888],[-122.81801377797177,47.07306885893323],[-122.81720916046919,47.07178313419269],[-122.81958380716094,47.070503744750724],[-122.81860878325477,47.0695468606322],[-122.81623788736557,47.06924352809139],[-122.81624475767555,47.06627806339389],[-122.82040215166587,47.066281667736526],[-122.82040098341669,47.06498291388987],[-122.81510320426031,47.06498037106352],[-122.81511177867198,47.06135538072658],[-122.8178852351377,47.06135450022433],[-122.81794336510575,47.057643711858354],[-122.81254058466122,47.057628250553414],[-122.80555976390521,47.05773689161728],[-122.80477380907125,47.05981750151079],[-122.8047296562036,47.05997889437704],[-122.80462660964555,47.06021519440005],[-122.80289883071742,47.06288477803915],[-122.8022003521437,47.064137626890044],[-122.80197622685994,47.064322975807656],[-122.80196994449842,47.064975312696845],[-122.801709266935,47.06497435215837],[-122.80183873791816,47.07585659129204]]]},"properties":{"COUNTY":"Thurston","PRECCODE":353,"PRECNAME":"Lacey 53","PRECINCT":"Thurston 353","DESCRIPTIO":"Gateway Far West (Woodland Creek Street, Pleasant Glade Neighborhood Park)","OFFICE":"County Commissioner District 5","JURISDICTION":"County Council","RACE":"Thurston County District 5 County Commissioner District 5","Name_1":"Emily Clouse","Party_1":"Democratic_2","Votes_1":"56","Name_2":"Nicolas Martinez-Dunning","Party_2":"Democratic_1","Votes_2":"55","Name_3":"Michelle Gipson","Party_3":"Democratic_3","Votes_3":"27","Name_4":"Write-In","Party_4":"None_1","Votes_4":"4","Name_5":null,"Party_5":null,"Votes_5":"0","Name_6":null,"Party_6":null,"Votes_6":"0","Name_7":null,"Party_7":null,"Votes_7":"0","Votes_total":"142","Pct_1":39.44,"Pct_2":38.73,"Pct_3":19.01,"Pct_4":2.82,"Pct_5":0,"Pct_6":0,"Pct_7":0,"Margin":0.71}},
{"type":"Feature","geometry":{"type":"Polygon","coordinates":[[[-122.76482739877761,47.04307295274527],[-122.75436836627283,47.04305094737176],[-122.75515209708428,47.04830277794308],[-122.74907257423286,47.050395422075916],[-122.74906238115803,47.05392632676641],[-122.75960608145753,47.05397762881339],[-122.76461837332238,47.05396320669463],[-122.76474572267436,47.04746347951116],[-122.76487831675777,47.046384817665476],[-122.764905418991,47.04307310108657],[-122.76482739877761,47.04307295274527]]]},"properties":{"COUNTY":"Thurston","PRECCODE":356,"PRECNAME":"Lacey 56","PRECINCT":"Thurston 356","DESCRIPTIO":"W. Mushroom Corner East (Hawks Glen Loop, Hawks Ridge, Rainier Vista MHP)","OFFICE":"County Commissioner District 5","JURISDICTION":"County Council","RACE":"Thurston County District 5 County Commissioner District 5","Name_1":"Nicolas Martinez-Dunning","Party_1":"Democratic_1","Votes_1":"62","Name_2":"Emily Clouse","Party_2":"Democratic_2","Votes_2":"48","Name_3":"Michelle Gipson","Party_3":"Democratic_3","Votes_3":"30","Name_4":"Write-In","Party_4":"None_1","Votes_4":"2","Name_5":null,"Party_5":null,"Votes_5":"0","Name_6":null,"Party_6":null,"Votes_6":"0","Name_7":null,"Party_7":null,"Votes_7":"0","Votes_total":"142","Pct_1":43.66,"Pct_2":33.8,"Pct_3":21.13,"Pct_4":1.41,"Pct_5":0,"Pct_6":0,"Pct_7":0,"Margin":9.86}},
{"type":"Feature","geometry":{"type":"Polygon","coordinates":[[[-122.75960608145753,47.05397762881339],[-122.74906238119554,47.053926327665614],[-122.749045953816,47.05986415750905],[-122.76986387234291,47.05554728475312],[-122.77015804934311,47.04554528909618],[-122.77139991471586,47.04523805004721],[-122.77084101243243,47.04438932289652],[-122.7708501313074,47.04308443040411],[-122.764905418991,47.04307310108657],[-122.76487831675777,47.046384817665476],[-122.76474572267436,47.04746347951116],[-122.76461837332238,47.05396320669463],[-122.75960608145753,47.05397762881339]]]},"properties":{"COUNTY":"Thurston","PRECCODE":358,"PRECNAME":"Lacey 58","PRECINCT":"Thurston 358","DESCRIPTIO":"W. Mushroom Corner West (Hawks Prairie Apartments, Gayteway Apartments, Bicentennial Loop)","OFFICE":"County Commissioner District 5","JURISDICTION":"County Council","RACE":"Thurston County District 5 County Commissioner District 5","Name_1":"Emily Clouse","Party_1":"Democratic_2","Votes_1":"60","Name_2":"Nicolas Martinez-Dunning","Party_2":"Democratic_1","Votes_2":"52","Name_3":"Michelle Gipson","Party_3":"Democratic_3","Votes_3":"33","Name_4":"Write-In","Party_4":"None_1","Votes_4":"2","Name_5":null,"Party_5":null,"Votes_5":"0","Name_6":null,"Party_6":null,"Votes_6":"0","Name_7":null,"Party_7":null,"Votes_7":"0","Votes_total":"147","Pct_1":40.82,"Pct_2":35.37,"Pct_3":22.45,"Pct_4":1.36,"Pct_5":0,"Pct_6":0,"Pct_7":0,"Margin":5.45}},
{"type":"Feature","geometry":{"type":"Polygon","coordinates":[[[-122.82317352754934,47.00044619664719],[-122.82318386641285,46.99624066352609],[-122.81260729941182,46.99618594047091],[-122.81263626015256,47.007051219554775],[-122.81581472070505,47.007062882550876],[-122.8158435144871,47.00603785468829],[-122.81580660964742,47.00588048463126],[-122.8152612008829,47.00534836291813],[-122.8152459754407,47.003588822385275],[-122.81674052863801,47.00059558149116],[-122.82317352754934,47.00044619664719]]]},"properties":{"COUNTY":"Thurston","PRECCODE":361,"PRECNAME":"Lacey 61","PRECINCT":"Thurston 361","DESCRIPTIO":"Southwick South (Summerwalk South, Mountain Greens MHP, College Glen Apartments)","OFFICE":"County Commissioner District 5","JURISDICTION":"County Council","RACE":"Thurston County District 5 County Commissioner District 5","Name_1":"Emily Clouse","Party_1":"Democratic_2","Votes_1":"62","Name_2":"Nicolas Martinez-Dunning","Party_2":"Democratic_1","Votes_2":"50","Name_3":"Michelle Gipson","Party_3":"Democratic_3","Votes_3":"47","Name_4":"Write-In","Party_4":"None_1","Votes_4":"3","Name_5":null,"Party_5":null,"Votes_5":"0","Name_6":null,"Party_6":null,"Votes_6":"0","Name_7":null,"Party_7":null,"Votes_7":"0","Votes_total":"162","Pct_1":38.27,"Pct_2":30.86,"Pct_3":29.01,"Pct_4":1.85,"Pct_5":0,"Pct_6":0,"Pct_7":0,"Margin":7.41}},
{"type":"Feature","geometry":{"type":"Polygon","coordinates":[[[-122.8231768428055,47.01071817390911],[-122.8336809345724,47.01069737556355],[-122.83297914867754,47.00678510565022],[-122.83156103609221,47.00705073438962],[-122.82317147982567,47.0071046145858],[-122.8231768428055,47.01071817390911]]]},"properties":{"COUNTY":"Thurston","PRECCODE":362,"PRECNAME":"Lacey 62","PRECINCT":"Thurston 362","DESCRIPTIO":"South Lacey North (Schilter Farm, College Terrace MHP, Chambers Reserve Townhomes)","OFFICE":"County Commissioner District 5","JURISDICTION":"County Council","RACE":"Thurston County District 5 County Commissioner District 5","Name_1":"Emily Clouse","Party_1":"Democratic_2","Votes_1":"77","Name_2":"Michelle Gipson","Party_2":"Democratic_3","Votes_2":"64","Name_3":"Nicolas Martinez-Dunning","Party_3":"Democratic_1","Votes_3":"59","Name_4":"Write-In","Party_4":"None_1","Votes_4":"1","Name_5":null,"Party_5":null,"Votes_5":"0","Name_6":null,"Party_6":null,"Votes_6":"0","Name_7":null,"Party_7":null,"Votes_7":"0","Votes_total":"201","Pct_1":38.31,"Pct_2":31.84,"Pct_3":29.35,"Pct_4":0.5,"Pct_5":0,"Pct_6":0,"Pct_7":0,"Margin":6.47}},
{"type":"Feature","geometry":{"type":"Polygon","coordinates":[[[-122.14483288299995,49.00243046300008],[-122.2512180569999,49.00241421500006],[-122.25123051499997,48.99890891100003],[-122.25360965699998,48.99794035300008],[-122.255959374,48.99862223600011],[-122.25735269399998,48.99690062700003],[-122.257341824,48.99634031300004],[-122.254692606,48.99630808200004],[-122.25174357699997,48.996308699000075],[-122.25235212899996,48.99534528400005],[-122.25417813999996,48.99286292800009],[-122.25289788199998,48.99283577100006],[-122.25302289399994,48.989609660000035],[-122.25467511299996,48.989825842000066],[-122.25507876399995,48.990425851000055],[-122.25585172799994,48.990965370000026],[-122.25587392399993,48.98927396900005],[-122.2582780169999,48.98928558100004],[-122.25850316199994,48.98559213600006],[-122.26700435599993,48.9856762910001],[-122.26594268499991,48.989154606000035],[-122.28621658899995,48.98942340800008],[-122.28719803699991,48.96398600900009],[-122.29816656499999,48.96384345200002],[-122.298545309,48.94201400100005],[-122.29829569699993,48.94201523700006],[-122.29833554899996,48.93469120900007],[-122.28769975399996,48.93477516500008],[-122.2215874289999,48.934566968000084],[-122.221896783,48.92501664600011],[-122.22206044699998,48.920769858],[-122.20971341199996,48.92079371800002],[-122.1987475559999,48.920777844000035],[-122.19331551399996,48.920894311000076],[-122.17668935899991,48.92067832300007],[-122.17625859699999,48.99000706500005],[-122.16522206299996,48.98990829800005],[-122.16530018499994,48.992658189000025],[-122.16152275300003,48.992638387000085],[-122.16152963799998,48.996283256000034],[-122.14486415399995,48.99630070300005],[-122.14483288299995,49.00243046300008]]]},"properties":{"COUNTY":"Whatcom","PRECCODE":145,"PRECNAME":"145 Whatcom county","PRECINCT":"Whatcom 145","DESCRIPTIO":"Sumas Rural South (North Pass Road), Sumas Rural East (Reese Hill)","OFFICE":"County Commissioner District 5","JURISDICTION":"County Council","RACE":"Whatcom County District 5 County Commissioner District 5","Name_1":"Shawn Ensley","Party_1":"None_2","Votes_1":"140","Name_2":"Chris Elder","Party_2":"None_1","Votes_2":"116","Name_3":"Jerry Burns","Party_3":"None_4","Votes_3":"60","Name_4":"Spenser R. New","Party_4":"None_5","Votes_4":"46","Name_5":"Todd Lagestee","Party_5":"None_3","Votes_5":"33","Name_6":"Randall Wood","Party_6":"None_6","Votes_6":"28","Name_7":"Write-In","Party_7":"None_7","Votes_7":"3","Votes_total":"426","Pct_1":32.86,"Pct_2":27.23,"Pct_3":14.08,"Pct_4":10.8,"Pct_5":7.75,"Pct_6":6.57,"Pct_7":0.7,"Margin":5.63}},
{"type":"Feature","geometry":{"type":"Polygon","coordinates":[[[-121.9608651459999,48.861255652000104],[-122.089079687,48.86114169700008],[-122.08781744799994,48.99273531300001],[-122.083943246,48.99272473200003],[-122.08347314599996,49.002259818],[-122.14483288299995,49.00243046300008],[-122.14486415399995,48.99630070300005],[-122.16152963799998,48.996283256000034],[-122.16152275300003,48.992638387000085],[-122.16530018499994,48.992658189000025],[-122.16522206299996,48.98990829800005],[-122.17625859699999,48.99000706500005],[-122.17668935899991,48.92067832300007],[-122.19331551399996,48.920894311000076],[-122.1987475559999,48.920777844000035],[-122.20971341199996,48.92079371800002],[-122.22206044699998,48.920769858],[-122.22233480200002,48.91284587600001],[-122.22293956299998,48.89017512000006],[-122.22291561900002,48.87569998200011],[-122.22306006599999,48.83649765600002],[-122.21087418799995,48.83611597200006],[-122.21119273599996,48.825527433000055],[-122.200035608,48.82529090000003],[-122.1888609549999,48.82524441200009],[-122.18899024499994,48.822166720000084],[-122.19547199899998,48.820685545000096],[-122.19889816499993,48.81812999000003],[-122.17856084999994,48.817941376000064],[-122.17164440000003,48.82127396200011],[-122.16719983499998,48.82705444400002],[-122.16251131699993,48.82693980700004],[-122.16117175199993,48.82933237900002],[-122.15709577999992,48.831367045000064],[-122.15523156299994,48.83409138900005],[-122.15051415499991,48.835090196000095],[-122.14789656299997,48.833256435000074],[-122.14229604699993,48.831859003],[-122.14255774699993,48.82980556100009],[-122.1404923699999,48.82808912500009],[-122.13803768300004,48.828105292],[-122.1369081879999,48.826751730000105],[-122.13413202799998,48.826071129000105],[-122.13496427200002,48.82041540400003],[-122.13700249299998,48.81791811300008],[-122.13728655099995,48.8177475460001],[-121.96137513599992,48.81775572000006],[-121.9608651459999,48.861255652000104]],[[-122.11851177899996,48.93526397700003],[-122.11863126799997,48.91338065900004],[-122.16550652399995,48.913526277000095],[-122.16539792400005,48.942711896000056],[-122.16493884399998,48.97183185500009],[-122.155905957,48.971790029],[-122.14823050999996,48.97178022400008],[-122.11852869300002,48.97170248300004],[-122.118573735,48.94610949400006],[-122.11543602999991,48.946114977000086],[-122.115524984,48.94251660400006],[-122.11857984599997,48.94252423600007],[-122.11851177899996,48.93526397700003]]]},"properties":{"COUNTY":"Whatcom","PRECCODE":146,"PRECNAME":"146 Whatcom county","PRECINCT":"Whatcom 146","DESCRIPTIO":"Deming Rural Northeast (Welcome, Kendall Cemetery), Maple Falls Rural West & Far Northwest","OFFICE":"County Commissioner District 5","JURISDICTION":"County Council","RACE":"Whatcom County District 5 County Commissioner District 5","Name_1":"Chris Elder","Party_1":"None_1","Votes_1":"149","Name_2":"Shawn Ensley","Party_2":"None_2","Votes_2":"94","Name_3":"Todd Lagestee","Party_3":"None_3","Votes_3":"45","Name_4":"Spenser R. New","Party_4":"None_5","Votes_4":"41","Name_5":"Jerry Burns","Party_5":"None_4","Votes_5":"26","Name_6":"Randall Wood","Party_6":"None_6","Votes_6":"14","Name_7":null,"Party_7":null,"Votes_7":"0","Votes_total":"369","Pct_1":40.38,"Pct_2":25.47,"Pct_3":12.2,"Pct_4":11.11,"Pct_5":7.05,"Pct_6":3.79,"Pct_7":0,"Margin":14.91}},
{"type":"Feature","geometry":{"type":"Polygon","coordinates":[[[-122.155905957,48.971790029],[-122.16493884399998,48.97183185500009],[-122.16539792400005,48.942711896000056],[-122.14330304299995,48.94257554100005],[-122.14306935199993,48.9498465510001],[-122.13159819899992,48.94979875600004],[-122.13178090399998,48.94617024300004],[-122.12108779399992,48.946105039000045],[-122.118573735,48.94610949400006],[-122.11852869300002,48.97170248300004],[-122.14823050999996,48.97178022400008],[-122.155905957,48.971790029]]]},"properties":{"COUNTY":"Whatcom","PRECCODE":147,"PRECNAME":"147 Whatcom county","PRECINCT":"Whatcom 147","DESCRIPTIO":"Maple Falls Rural Far West (Peaceful Valley North)","OFFICE":"County Commissioner District 5","JURISDICTION":"County Council","RACE":"Whatcom County District 5 County Commissioner District 5","Name_1":"Chris Elder","Party_1":"None_1","Votes_1":"103","Name_2":"Jerry Burns","Party_2":"None_4","Votes_2":"57","Name_3":"Randall Wood","Party_3":"None_6","Votes_3":"51","Name_4":"Todd Lagestee","Party_4":"None_3","Votes_4":"48","Name_5":"Shawn Ensley","Party_5":"None_2","Votes_5":"47","Name_6":"Spenser R. New","Party_6":"None_5","Votes_6":"40","Name_7":"Write-In","Party_7":"None_7","Votes_7":"4","Votes_total":"350","Pct_1":29.43,"Pct_2":16.29,"Pct_3":14.57,"Pct_4":13.71,"Pct_5":13.43,"Pct_6":11.43,"Pct_7":1.14,"Margin":13.14}},
{"type":"Feature","geometry":{"type":"Polygon","coordinates":[[[-122.12108779399992,48.946105039000045],[-122.13178090399998,48.94617024300004],[-122.13159819899992,48.94979875600004],[-122.14306935199993,48.9498465510001],[-122.14330304299995,48.94257554100005],[-122.16539792400005,48.942711896000056],[-122.16550652399995,48.913526277000095],[-122.11863126799997,48.91338065900004],[-122.11851177899996,48.93526397700003],[-122.11857984569318,48.942524203278424],[-122.115524984,48.94251660400006],[-122.11543602999991,48.946114977000086],[-122.12108779399992,48.946105039000045]]]},"properties":{"COUNTY":"Whatcom","PRECCODE":148,"PRECNAME":"148 Whatcom county","PRECINCT":"Whatcom 148","DESCRIPTIO":"Maple Falls Rural Far Northwest (Peaceful Valley South, Kendall Village)","OFFICE":"County Commissioner District 5","JURISDICTION":"County Council","RACE":"Whatcom County District 5 County Commissioner District 5","Name_1":"Chris Elder","Party_1":"None_1","Votes_1":"147","Name_2":"Shawn Ensley","Party_2":"None_2","Votes_2":"85","Name_3":"Todd Lagestee","Party_3":"None_3","Votes_3":"64","Name_4":"Jerry Burns","Party_4":"None_4","Votes_4":"41","Name_5":"Spenser R. New","Party_5":"None_5","Votes_5":"39","Name_6":"Randall Wood","Party_6":"None_6","Votes_6":"27","Name_7":"Write-In","Party_7":"None_7","Votes_7":"3","Votes_total":"406","Pct_1":36.21,"Pct_2":20.94,"Pct_3":15.76,"Pct_4":10.1,"Pct_5":9.61,"Pct_6":6.65,"Pct_7":0.74,"Margin":15.27}},
{"type":"Feature","geometry":{"type":"Polygon","coordinates":[[[-121.91754571599994,48.904944249000025],[-121.95501508499993,48.90521572400011],[-121.95381517599995,48.99278580200011],[-121.95030517999994,48.992735731000046],[-121.94979517999995,49.00016573000001],[-122.08347314599996,49.002259818],[-122.083943246,48.99272473200003],[-122.08781744799994,48.99273531300001],[-122.089079687,48.86114169700008],[-121.9608651459999,48.861255652000104],[-121.90465513899991,48.86113572900003],[-121.82952500699997,48.86193915500007],[-121.82882082,48.90484090700009],[-121.91754571599994,48.904944249000025]]]},"properties":{"COUNTY":"Whatcom","PRECCODE":149,"PRECNAME":"149 Whatcom county","PRECINCT":"Whatcom 149","DESCRIPTIO":"Maple Falls Rural East (Glacier, Silver Lake), Maple Falls East (Maple Falls Village)","OFFICE":"County Commissioner District 5","JURISDICTION":"County Council","RACE":"Whatcom County District 5 County Commissioner District 5","Name_1":"Chris Elder","Party_1":"None_1","Votes_1":"139","Name_2":"Todd Lagestee","Party_2":"None_3","Votes_2":"42","Name_3":"Shawn Ensley","Party_3":"None_2","Votes_3":"27","Name_4":"Jerry Burns","Party_4":"None_4","Votes_4":"22","Name_5":"Spenser R. New","Party_5":"None_5","Votes_5":"19","Name_6":"Randall Wood","Party_6":"None_6","Votes_6":"14","Name_7":"Write-In","Party_7":"None_7","Votes_7":"2","Votes_total":"265","Pct_1":52.45,"Pct_2":15.85,"Pct_3":10.19,"Pct_4":8.3,"Pct_5":7.17,"Pct_6":5.28,"Pct_7":0.75,"Margin":36.6}},
{"type":"Feature","geometry":{"type":"Polygon","coordinates":[[[-122.36961610899994,48.90221836299999],[-122.37504896799997,48.90222090200002],[-122.37505270199995,48.901431676000094],[-122.37802389200002,48.90146308600002],[-122.378003437,48.90610050300003],[-122.39740191299992,48.906274541000045],[-122.39798133799997,48.869517255000034],[-122.386809987,48.869452508],[-122.35369800599996,48.86917583900003],[-122.34800249799997,48.86911905800004],[-122.33163112199996,48.869025479000115],[-122.3316302429999,48.86932178000003],[-122.33633245699995,48.883701747000025],[-122.33671473699997,48.883698338000016],[-122.35321268399997,48.88382242700006],[-122.35303925999992,48.891146229000036],[-122.35303676599995,48.89565068900006],[-122.35674850899996,48.89565560700002],[-122.35675119899997,48.8948268080001],[-122.35858102099996,48.894826966000025],[-122.35856488499995,48.89850650000009],[-122.36409059699992,48.898504294000084],[-122.36407423,48.900348656000105],[-122.36962967499994,48.900360268000085],[-122.36961610899994,48.90221836299999]]]},"properties":{"COUNTY":"Whatcom","PRECCODE":150,"PRECNAME":"150 Whatcom county","PRECINCT":"Whatcom 150","DESCRIPTIO":"Everson Rural South (Mecklem Road, Goshen Community Church)","OFFICE":"County Commissioner District 5","JURISDICTION":"County Council","RACE":"Whatcom County District 5 County Commissioner District 5","Name_1":"Shawn Ensley","Party_1":"None_2","Votes_1":"128","Name_2":"Chris Elder","Party_2":"None_1","Votes_2":"74","Name_3":"Todd Lagestee","Party_3":"None_3","Votes_3":"46","Name_4":"Spenser R. New","Party_4":"None_5","Votes_4":"37","Name_5":"Jerry Burns","Party_5":"None_4","Votes_5":"28","Name_6":"Randall Wood","Party_6":"None_6","Votes_6":"10","Name_7":"Write-In","Party_7":"None_7","Votes_7":"2","Votes_total":"325","Pct_1":39.38,"Pct_2":22.77,"Pct_3":14.15,"Pct_4":11.38,"Pct_5":8.62,"Pct_6":3.08,"Pct_7":0.62,"Margin":16.61}},
{"type":"Feature","geometry":{"type":"Polygon","coordinates":[[[-122.221896783,48.92501664600011],[-122.2215874289999,48.934566968000084],[-122.28769975399996,48.93477516500008],[-122.29863126,48.93468883300005],[-122.31215983299998,48.934719375],[-122.31227684599996,48.92931630900005],[-122.309756402,48.92932222200002],[-122.30975066199994,48.93027478200005],[-122.30827444999991,48.93110015100004],[-122.30415552899993,48.93110324200003],[-122.30413760899994,48.924935534000056],[-122.30901945299995,48.92352485400004],[-122.31032535399997,48.92408095300004],[-122.31215195999995,48.925131192999984],[-122.312142878,48.9265482170001],[-122.31543434399995,48.92651740800003],[-122.31622401199998,48.92612065400006],[-122.31504804099995,48.924724424],[-122.31548322699996,48.92381723900007],[-122.31610743399992,48.92368251200003],[-122.31801446999997,48.92244407900005],[-122.31735478099993,48.92122149800006],[-122.31480134699997,48.921172104000064],[-122.31480060899996,48.92018308300004],[-122.31519467799988,48.918376836000064],[-122.31790153299997,48.91835279300003],[-122.32058915699996,48.91835658300008],[-122.32117117099995,48.918381346999986],[-122.321185552,48.91654891900007],[-122.32672250399997,48.91655607600005],[-122.32674162099991,48.919038683000025],[-122.32882408299999,48.919210241],[-122.33706421899993,48.91920224200006],[-122.33710670499997,48.916544310000056],[-122.33441956499996,48.916553563000015],[-122.33438084199993,48.91524085200003],[-122.345398398,48.915263092],[-122.34757458399994,48.91767624800009],[-122.351116336,48.91525097600006],[-122.35277172499997,48.91404321600006],[-122.35284953299991,48.91011019500007],[-122.35010010199991,48.91007266000006],[-122.350120283,48.90933610400005],[-122.35287552899997,48.90879697800003],[-122.35304561,48.89850832900006],[-122.35303925999992,48.891146229000036],[-122.35321268399997,48.88382242700006],[-122.33671473699997,48.883698338000016],[-122.33158685799995,48.88374395600005],[-122.26624902299997,48.88397873800004],[-122.24434293799992,48.88316661500007],[-122.22292837599994,48.88341295700011],[-122.22293956299998,48.89017512000006],[-122.22233480200002,48.91284587600001],[-122.22208359899994,48.920144986],[-122.221896783,48.92501664600011]]]},"properties":{"COUNTY":"Whatcom","PRECCODE":151,"PRECNAME":"151 Whatcom county","PRECINCT":"Whatcom 151","DESCRIPTIO":"Nooksack Rural East (Leibrant Road), Nooksack Rural South (Oat Cole Road, Nooksack Reservation)","OFFICE":"County Commissioner District 5","JURISDICTION":"County Council","RACE":"Whatcom County District 5 County Commissioner District 5","Name_1":"Chris Elder","Party_1":"None_1","Votes_1":"110","Name_2":"Shawn Ensley","Party_2":"None_2","Votes_2":"96","Name_3":"Jerry Burns","Party_3":"None_4","Votes_3":"40","Name_4":"Todd Lagestee","Party_4":"None_3","Votes_4":"28","Name_5":"Spenser R. New","Party_5":"None_5","Votes_5":"26","Name_6":"Randall Wood","Party_6":"None_6","Votes_6":"15","Name_7":"Write-In","Party_7":"None_7","Votes_7":"3","Votes_total":"318","Pct_1":34.59,"Pct_2":30.19,"Pct_3":12.58,"Pct_4":8.81,"Pct_5":8.18,"Pct_6":4.72,"Pct_7":0.94,"Margin":4.4}},
{"type":"Feature","geometry":{"type":"Polygon","coordinates":[[[-122.35487547499997,48.818259461],[-122.35387584699991,48.85460416000007],[-122.35357338599995,48.869174529000105],[-122.386809987,48.869452508],[-122.39798133799997,48.869517255000034],[-122.39829966599997,48.85240678800006],[-122.40118521699996,48.850236672000015],[-122.39956721599992,48.846814671000025],[-122.39703921499992,48.84578867200004],[-122.39850705399996,48.844006743000044],[-122.3986652089999,48.82395267100005],[-122.3988405079999,48.818569752000016],[-122.39502039899997,48.818572440000054],[-122.39235920799996,48.822661672],[-122.38971720799992,48.8248376710001],[-122.3842852069999,48.82588367300005],[-122.37690220599993,48.82600267300003],[-122.37713952399993,48.81844087000009],[-122.35487547499997,48.818259461]]]},"properties":{"COUNTY":"Whatcom","PRECCODE":152,"PRECNAME":"152 Whatcom county","PRECINCT":"Whatcom 152","DESCRIPTIO":"Bellingham Rural Far Northeast (Kulshan Fire Station, Wahl), Everson Rural Far South (Lake Fazon)","OFFICE":"County Commissioner District 5","JURISDICTION":"County Council","RACE":"Whatcom County District 5 County Commissioner District 5","Name_1":"Shawn Ensley","Party_1":"None_2","Votes_1":"136","Name_2":"Chris Elder","Party_2":"None_1","Votes_2":"130","Name_3":"Todd Lagestee","Party_3":"None_3","Votes_3":"49","Name_4":"Jerry Burns","Party_4":"None_4","Votes_4":"29","Name_5":"Spenser R. New","Party_5":"None_5","Votes_5":"29","Name_6":"Randall Wood","Party_6":"None_6","Votes_6":"12","Name_7":null,"Party_7":null,"Votes_7":"0","Votes_total":"385","Pct_1":35.32,"Pct_2":33.77,"Pct_3":12.73,"Pct_4":7.53,"Pct_5":7.53,"Pct_6":3.12,"Pct_7":0,"Margin":1.55}},
{"type":"Feature","geometry":{"type":"Polygon","coordinates":[[[-122.22292837599994,48.88341295700011],[-122.24434293799992,48.88316661500007],[-122.26624902299997,48.88397873800004],[-122.33158685799995,48.88374395600005],[-122.33633245699995,48.883701747000025],[-122.3316302429999,48.86932178000003],[-122.33163112199996,48.869025479000115],[-122.34800249799997,48.86911905800004],[-122.35357338599995,48.869174529000105],[-122.35387584699991,48.85460416000007],[-122.31537454599997,48.853963376000074],[-122.31527836199997,48.85267269200005],[-122.31333006499992,48.85144993800003],[-122.3108139769999,48.846944374],[-122.30703254299996,48.846789339000054],[-122.29646722699998,48.84007668800003],[-122.29383432599992,48.84180623500005],[-122.292947499,48.84031520100005],[-122.29243004399991,48.839922943],[-122.29150675399988,48.83943823100005],[-122.28652975899995,48.83997857100008],[-122.28478235899998,48.84032018900012],[-122.27987499299992,48.84007811200006],[-122.27835013399996,48.83973432500003],[-122.27704225099993,48.83982032500004],[-122.27617942299995,48.83970021700005],[-122.27549908199995,48.83897793400006],[-122.27540809799996,48.83414757700009],[-122.27443669399997,48.83123834800007],[-122.27269144599993,48.83062714600004],[-122.26976033599998,48.83106271400002],[-122.26765123999995,48.83317174100007],[-122.26582734999995,48.83358962200002],[-122.26209063699996,48.83264048200008],[-122.25984349400004,48.83106068900002],[-122.2544156609999,48.829047691],[-122.25367220500003,48.827334629000106],[-122.251919075,48.82613136000002],[-122.24816336199994,48.82585810400006],[-122.24609417299999,48.82648276000005],[-122.24177001599993,48.82661163700006],[-122.238627605,48.82476161700002],[-122.23637977899992,48.82311760800006],[-122.23277850499991,48.82072443000003],[-122.22999648299994,48.82282435000005],[-122.22685877899997,48.822530246000056],[-122.22483426199999,48.821153435000085],[-122.22307624000001,48.817962191],[-122.20011362699996,48.81814024500009],[-122.19889554699998,48.81813192300011],[-122.19547199899998,48.820685545000096],[-122.18899024499994,48.822166720000084],[-122.1888609549999,48.82524441200009],[-122.200035608,48.82529090000003],[-122.21119273599996,48.825527433000055],[-122.21087418799995,48.83611597200006],[-122.22306006599999,48.83649765600002],[-122.22291561900002,48.87569998200011],[-122.22292837599994,48.88341295700011]]]},"properties":{"COUNTY":"Whatcom","PRECCODE":153,"PRECNAME":"153 Whatcom county","PRECINCT":"Whatcom 153","DESCRIPTIO":"Everson Rural Far South (Lawrence), Deming, Bellingham Rural Farthest East (Goshen Cemetery)","OFFICE":"County Commissioner District 5","JURISDICTION":"County Council","RACE":"Whatcom County District 5 County Commissioner District 5","Name_1":"Chris Elder","Party_1":"None_1","Votes_1":"117","Name_2":"Shawn Ensley","Party_2":"None_2","Votes_2":"117","Name_3":"Spenser R. New","Party_3":"None_5","Votes_3":"49","Name_4":"Todd Lagestee","Party_4":"None_3","Votes_4":"41","Name_5":"Jerry Burns","Party_5":"None_4","Votes_5":"30","Name_6":"Randall Wood","Party_6":"None_6","Votes_6":"13","Name_7":"Write-In","Party_7":"None_7","Votes_7":"1","Votes_total":"368","Pct_1":31.79,"Pct_2":31.79,"Pct_3":13.32,"Pct_4":11.14,"Pct_5":8.15,"Pct_6":3.53,"Pct_7":0.27,"Margin":0}},
{"type":"Feature","geometry":{"type":"Polygon","coordinates":[[[-122.31333006499992,48.85144993800003],[-122.31527836199993,48.85267269200005],[-122.315374546,48.853963376000074],[-122.35387584699996,48.85460416000007],[-122.35487547499997,48.81825946100002],[-122.32711848099997,48.81813549600008],[-122.30521104799996,48.83232306100007],[-122.29646722699998,48.84007668800006],[-122.30703254299996,48.84678933900005],[-122.31081397699995,48.846944374000024],[-122.31333006499992,48.85144993800003]]]},"properties":{"COUNTY":"Whatcom","PRECCODE":154,"PRECNAME":"154 Whatcom county","PRECINCT":"Whatcom 154","DESCRIPTIO":"Bellingham Rural Farther Northeast (Harmony Elementary School, Deming Logging Showgrounds)","OFFICE":"County Commissioner District 5","JURISDICTION":"County Council","RACE":"Whatcom County District 5 County Commissioner District 5","Name_1":"Shawn Ensley","Party_1":"None_2","Votes_1":"140","Name_2":"Chris Elder","Party_2":"None_1","Votes_2":"99","Name_3":"Todd Lagestee","Party_3":"None_3","Votes_3":"41","Name_4":"Jerry Burns","Party_4":"None_4","Votes_4":"22","Name_5":"Spenser R. New","Party_5":"None_5","Votes_5":"21","Name_6":"Randall Wood","Party_6":"None_6","Votes_6":"16","Name_7":"Write-In","Party_7":"None_7","Votes_7":"1","Votes_total":"340","Pct_1":41.18,"Pct_2":29.12,"Pct_3":12.06,"Pct_4":6.47,"Pct_5":6.18,"Pct_6":4.71,"Pct_7":0.29,"Margin":12.06}},
{"type":"Feature","geometry":{"type":"Polygon","coordinates":[[[-122.35487547499997,48.818259461],[-122.37713952399993,48.81844087000009],[-122.37690220599993,48.82600267300003],[-122.3842852069999,48.82588367300005],[-122.38971720799992,48.8248376710001],[-122.39235920799996,48.822661672],[-122.39502039899997,48.818572440000054],[-122.398725034,48.81856855400009],[-122.404334066,48.81862659000009],[-122.40436422500002,48.811413341000026],[-122.44305630999995,48.81115939400007],[-122.44294361499996,48.80409700100005],[-122.45913219299995,48.804138586000114],[-122.45893551799992,48.79670046700002],[-122.44824285699994,48.796816009000075],[-122.44820684499997,48.80049551400005],[-122.43445067899998,48.800515720000035],[-122.43439687999997,48.79296643300006],[-122.43713617099996,48.7929614170001],[-122.43711450199996,48.79124739200002],[-122.43984178399988,48.791249256000086],[-122.43980591799998,48.78949535000001],[-122.42165226099992,48.78949701500005],[-122.42111818699996,48.79312509700005],[-122.41728665499991,48.793209175000065],[-122.40968283799998,48.79815642700005],[-122.40466564299999,48.79994555000011],[-122.39891055999996,48.803307790000034],[-122.39583163900002,48.804130976000025],[-122.35506336899995,48.803756269000104],[-122.35487547499997,48.818259461]]]},"properties":{"COUNTY":"Whatcom","PRECCODE":155,"PRECNAME":"155 Whatcom county","PRECINCT":"Whatcom 155","DESCRIPTIO":"Bellingham Rural Northeast (Dewey, Van Wyck, Harmony Road)","OFFICE":"County Commissioner District 5","JURISDICTION":"County Council","RACE":"Whatcom County District 5 County Commissioner District 5","Name_1":"Chris Elder","Party_1":"None_1","Votes_1":"109","Name_2":"Shawn Ensley","Party_2":"None_2","Votes_2":"106","Name_3":"Todd Lagestee","Party_3":"None_3","Votes_3":"53","Name_4":"Jerry Burns","Party_4":"None_4","Votes_4":"30","Name_5":"Spenser R. New","Party_5":"None_5","Votes_5":"20","Name_6":"Randall Wood","Party_6":"None_6","Votes_6":"18","Name_7":"Write-In","Party_7":"None_7","Votes_7":"1","Votes_total":"337","Pct_1":32.34,"Pct_2":31.45,"Pct_3":15.73,"Pct_4":8.9,"Pct_5":5.93,"Pct_6":5.34,"Pct_7":0.3,"Margin":0.89}},
{"type":"Feature","geometry":{"type":"Polygon","coordinates":[[[-122.28652975899995,48.83997857100008],[-122.29150446099997,48.83943677400002],[-122.29243004399991,48.839922943],[-122.292947499,48.84031520100005],[-122.29383432599992,48.84180623500005],[-122.29646722699998,48.84007668800003],[-122.30520875499995,48.83232160400009],[-122.327118481,48.818135496000046],[-122.35487547499997,48.818259461],[-122.35506336899995,48.803756269000104],[-122.35527717899996,48.767637479],[-122.34687384899996,48.76761026500005],[-122.34687723699996,48.766842201],[-122.34495502499998,48.76822989600007],[-122.34369977199998,48.76761512000009],[-122.34492788999998,48.76620846100006],[-122.34510915299997,48.765907700000035],[-122.34531114199997,48.76367180300005],[-122.35001532899997,48.75842147400004],[-122.35030339199996,48.75630460400004],[-122.30121528200002,48.73065044000007],[-122.299312795,48.730632192000066],[-122.28808613499996,48.730707267000064],[-122.26787006999997,48.73068398200008],[-122.23106278800002,48.731902018000056],[-122.22581921999995,48.73205756500005],[-122.22552235499997,48.732377423000045],[-122.22465334,48.73232842600008],[-122.220807269,48.730879443],[-122.21780922199994,48.73120545200007],[-122.21751122699996,48.73387144400002],[-122.21222413899996,48.73403446000001],[-122.21342781399997,48.73217165000007],[-122.21193964300004,48.73210706200006],[-122.20318162299996,48.732124669],[-122.20162516399995,48.77406269000005],[-122.20067516499995,48.77859369100004],[-122.19382316399994,48.78263269200009],[-122.19186316499994,48.78537969300002],[-122.19181716599996,48.78886169300007],[-122.19047116599998,48.78977869300009],[-122.1881331659999,48.78957869300007],[-122.18011816499994,48.792468694],[-122.173676164,48.79329569500004],[-122.17268716399998,48.792439695],[-122.17143016499996,48.79469569500006],[-122.16897616499998,48.79557169500006],[-122.16854016499997,48.79662969500003],[-122.16814437999997,48.80355909300004],[-122.13088049499999,48.80371199200008],[-122.13486956899999,48.81130444700008],[-122.13689820399995,48.81348018800007],[-122.13617027899997,48.81622025800003],[-122.13744522800003,48.817242832],[-122.13747715200002,48.81763309700004],[-122.13700249299998,48.81791811300008],[-122.13496427200002,48.82041540400003],[-122.13413202799998,48.826071129000105],[-122.1369081879999,48.826751730000105],[-122.13803768300004,48.828105292],[-122.1404923699999,48.82808912500009],[-122.14255774699993,48.82980556100009],[-122.14229604699993,48.831859003],[-122.14789656299997,48.833256435000074],[-122.15051415499991,48.835090196000095],[-122.15523156299994,48.83409138900005],[-122.15709577999992,48.831367045000064],[-122.16117175199993,48.82933237900002],[-122.16251131699993,48.82693980700004],[-122.16719983499998,48.82705444400002],[-122.17164440000003,48.82127396200011],[-122.17856084999994,48.817941376000064],[-122.20011362699996,48.81814024500009],[-122.22307624000001,48.817962191],[-122.22483426199999,48.821153435000085],[-122.22685877899997,48.822530246000056],[-122.22999648299994,48.82282435000005],[-122.23277850499991,48.82072443000003],[-122.23637977899992,48.82311760800006],[-122.238627605,48.82476161700002],[-122.24177001599993,48.82661163700006],[-122.24609417299999,48.82648276000005],[-122.24816336199994,48.82585810400006],[-122.251919075,48.82613136000002],[-122.25367220500003,48.827334629000106],[-122.2544156609999,48.829047691],[-122.25984349400004,48.83106068900002],[-122.26209063699996,48.83264048200008],[-122.26582734999995,48.83358962200002],[-122.26765123999995,48.83317174100007],[-122.26976033599998,48.83106271400002],[-122.27269144599993,48.83062714600004],[-122.27443669399997,48.83123834800007],[-122.27540809799996,48.83414757700009],[-122.27549678999996,48.83897647700004],[-122.27617713099995,48.839698760000026],[-122.27703995800002,48.8398188670001],[-122.27834784099996,48.83973286800009],[-122.27987269999988,48.84007665500012],[-122.28478235899998,48.84032018900012],[-122.28652975899995,48.83997857100008]]]},"properties":{"COUNTY":"Whatcom","PRECCODE":156,"PRECNAME":"156 Whatcom county","PRECINCT":"Whatcom 156","DESCRIPTIO":"Bellingham Rural Farther East (Squalicum Lake, Rome), Deming Rural South (Nooksack River Bridge)","OFFICE":"County Commissioner District 5","JURISDICTION":"County Council","RACE":"Whatcom County District 5 County Commissioner District 5","Name_1":"Chris Elder","Party_1":"None_1","Votes_1":"191","Name_2":"Shawn Ensley","Party_2":"None_2","Votes_2":"135","Name_3":"Todd Lagestee","Party_3":"None_3","Votes_3":"55","Name_4":"Spenser R. New","Party_4":"None_5","Votes_4":"42","Name_5":"Jerry Burns","Party_5":"None_4","Votes_5":"37","Name_6":"Randall Wood","Party_6":"None_6","Votes_6":"22","Name_7":"Write-In","Party_7":"None_7","Votes_7":"2","Votes_total":"484","Pct_1":39.46,"Pct_2":27.89,"Pct_3":11.36,"Pct_4":8.68,"Pct_5":7.64,"Pct_6":4.55,"Pct_7":0.41,"Margin":11.57}},
{"type":"Feature","geometry":{"type":"Polygon","coordinates":[[[-121.96137513599992,48.81775572000006],[-122.13728655099995,48.8177475460001],[-122.13747715200002,48.81763309700004],[-122.13744522800003,48.817242832],[-122.13617027899997,48.81622025800003],[-122.13689820399995,48.81348018800007],[-122.13486956899999,48.81130444700008],[-122.13088049499999,48.80371199200008],[-122.16814437999997,48.80355909300004],[-122.16854016499997,48.79662969500003],[-122.16897616499998,48.79557169500006],[-122.17143016499996,48.79469569500006],[-122.17268716399998,48.792439695],[-122.173676164,48.79329569500004],[-122.18011816499994,48.792468694],[-122.1881331659999,48.78957869300007],[-122.19047116599998,48.78977869300009],[-122.19181716599996,48.78886169300007],[-122.19186316499994,48.78537969300002],[-122.19382316399994,48.78263269200009],[-122.20067516499995,48.77859369100004],[-122.20162516399995,48.77406269000005],[-122.20318162299996,48.732124669],[-122.19234072199993,48.732058417000026],[-122.15893995699993,48.73195136000005],[-122.158607111,48.725474712],[-122.11476687999996,48.72487160400002],[-122.11486238499998,48.731558810000095],[-121.96187396499998,48.73237500900003],[-121.96068523699994,48.73252117400004],[-121.960524941,48.76123765300009],[-121.96123513199996,48.80441571900005],[-121.96137513599992,48.81775572000006]]]},"properties":{"COUNTY":"Whatcom","PRECCODE":157,"PRECNAME":"157 Whatcom county","PRECINCT":"Whatcom 157","DESCRIPTIO":"Deming Rural Far Southeast (Van Zandt Fire Station, Clipper Road, Mosquito Lake)","OFFICE":"County Commissioner District 5","JURISDICTION":"County Council","RACE":"Whatcom County District 5 County Commissioner District 5","Name_1":"Chris Elder","Party_1":"None_1","Votes_1":"93","Name_2":"Shawn Ensley","Party_2":"None_2","Votes_2":"36","Name_3":"Spenser R. New","Party_3":"None_5","Votes_3":"26","Name_4":"Todd Lagestee","Party_4":"None_3","Votes_4":"20","Name_5":"Jerry Burns","Party_5":"None_4","Votes_5":"12","Name_6":"Randall Wood","Party_6":"None_6","Votes_6":"6","Name_7":null,"Party_7":null,"Votes_7":"0","Votes_total":"193","Pct_1":48.19,"Pct_2":18.65,"Pct_3":13.47,"Pct_4":10.36,"Pct_5":6.22,"Pct_6":3.11,"Pct_7":0,"Margin":29.54}},
{"type":"Feature","geometry":{"type":"Polygon","coordinates":[[[-122.41010725699998,48.78595874800004],[-122.41014842899995,48.793233146],[-122.40455578799994,48.79325491200003],[-122.40453628699991,48.79447458000005],[-122.40303905399996,48.79494372300005],[-122.40220205499999,48.794221758],[-122.39906113399995,48.794174547000104],[-122.39545977599988,48.79515406100005],[-122.39519509899993,48.792924329000044],[-122.39334885599996,48.79352526700003],[-122.39380804300002,48.794578019],[-122.38809645399994,48.79498917100009],[-122.38809451299997,48.796847293],[-122.4099742849999,48.796838672],[-122.41001338099994,48.7979413150001],[-122.41571512200002,48.79420950700006],[-122.41545230599995,48.793613676000064],[-122.414830167,48.79263863200003],[-122.41420038999993,48.792256158],[-122.41526159399997,48.792245327000074],[-122.41550087699997,48.78591023600003],[-122.42018976599998,48.785868113],[-122.42018617800004,48.785606903000065],[-122.41999567699999,48.78535180500009],[-122.41998939499993,48.78514381000012],[-122.41999079500003,48.785009193000086],[-122.420337208,48.784910756000016],[-122.42027863199993,48.78467847100008],[-122.42026158499993,48.78361832300002],[-122.42021150499988,48.78332919300008],[-122.42015004799994,48.78320213200005],[-122.42008976599998,48.783115708],[-122.41960002599993,48.78248426800007],[-122.42101732399998,48.7821346800001],[-122.42101842199999,48.778818734],[-122.420448699,48.77881830100005],[-122.42044794199992,48.77872922700006],[-122.41899699799994,48.77862426100008],[-122.41654867299995,48.777740023000014],[-122.41585404499997,48.78155731600002],[-122.41271075199997,48.78218635300002],[-122.412695397,48.78054334800005],[-122.4099378969999,48.78060037400007],[-122.41001095200005,48.78466668400007],[-122.41010725699998,48.78595874800004]]]},"properties":{"COUNTY":"Whatcom","PRECCODE":158,"PRECNAME":"158 Whatcom county","PRECINCT":"Whatcom 158","DESCRIPTIO":"Unincorporated NE Bellingham / Tweed Twenty North (Welling Road, Tamarack Road, Gloria Lane)","OFFICE":"County Commissioner District 5","JURISDICTION":"County Council","RACE":"Whatcom County District 5 County Commissioner District 5","Name_1":"Chris Elder","Party_1":"None_1","Votes_1":"170","Name_2":"Todd Lagestee","Party_2":"None_3","Votes_2":"86","Name_3":"Shawn Ensley","Party_3":"None_2","Votes_3":"58","Name_4":"Spenser R. New","Party_4":"None_5","Votes_4":"20","Name_5":"Jerry Burns","Party_5":"None_4","Votes_5":"14","Name_6":"Randall Wood","Party_6":"None_6","Votes_6":"6","Name_7":"Write-In","Party_7":"None_7","Votes_7":"3","Votes_total":"357","Pct_1":47.62,"Pct_2":24.09,"Pct_3":16.25,"Pct_4":5.6,"Pct_5":3.92,"Pct_6":1.68,"Pct_7":0.84,"Margin":23.53}},
{"type":"Feature","geometry":{"type":"Polygon","coordinates":[[[-122.40998029999999,48.77545586500003],[-122.41002265599997,48.778789293000045],[-122.41267826599994,48.778736851000076],[-122.41268732999998,48.779696503000025],[-122.41003540599998,48.77974847300004],[-122.41006644799995,48.78059225900005],[-122.41269538399996,48.780543496000064],[-122.41271073899996,48.78218650000009],[-122.41585403199996,48.78155746400006],[-122.41654865899991,48.77774017000007],[-122.418996985,48.77862440900003],[-122.42044792799999,48.77872937500006],[-122.42044868599996,48.77881844800004],[-122.42101840899994,48.778818881000056],[-122.42102032399995,48.77492623500006],[-122.42099951899996,48.77406849700002],[-122.41000743899997,48.77425749100007],[-122.40998029999999,48.77545586500003]]]},"properties":{"COUNTY":"Whatcom","PRECCODE":159,"PRECNAME":"159 Whatcom county","PRECINCT":"Whatcom 159","DESCRIPTIO":"Unincorporated NE Bellingham / Tweed Twenty South (Lahti Drive, Greenville Drive)","OFFICE":"County Commissioner District 5","JURISDICTION":"County Council","RACE":"Whatcom County District 5 County Commissioner District 5","Name_1":"Chris Elder","Party_1":"None_1","Votes_1":"190","Name_2":"Todd Lagestee","Party_2":"None_3","Votes_2":"64","Name_3":"Shawn Ensley","Party_3":"None_2","Votes_3":"54","Name_4":"Jerry Burns","Party_4":"None_4","Votes_4":"18","Name_5":"Randall Wood","Party_5":"None_6","Votes_5":"13","Name_6":"Spenser R. New","Party_6":"None_5","Votes_6":"9","Name_7":null,"Party_7":null,"Votes_7":"0","Votes_total":"348","Pct_1":54.6,"Pct_2":18.39,"Pct_3":15.52,"Pct_4":5.17,"Pct_5":3.74,"Pct_6":2.59,"Pct_7":0,"Margin":36.21}},
{"type":"Feature","geometry":{"type":"Polygon","coordinates":[[[-122.39911111599993,48.78227773700004],[-122.401873949,48.782339624],[-122.40189848600002,48.78600215799999],[-122.41002008000001,48.78595751900012],[-122.41001095200005,48.78466668400007],[-122.4099378969999,48.78060037400007],[-122.410035277,48.77974839700001],[-122.41268734299999,48.77969635600006],[-122.412678279,48.77873670400006],[-122.41002265599994,48.77878929300006],[-122.40998029999999,48.77545586500003],[-122.40995100099994,48.77154297600001],[-122.40881026399998,48.77153445700002],[-122.40878812999992,48.77218228400007],[-122.40879710199998,48.77153463600003],[-122.39908650699995,48.77143811200004],[-122.39911111599993,48.78227773700004]]]},"properties":{"COUNTY":"Whatcom","PRECCODE":160,"PRECNAME":"160 Whatcom county","PRECINCT":"Whatcom 160","DESCRIPTIO":"Unincorporated NE Bellingham / Tweed Twenty East (Hillsdale Road, Woodlake Road, Glen Meadows)","OFFICE":"County Commissioner District 5","JURISDICTION":"County Council","RACE":"Whatcom County District 5 County Commissioner District 5","Name_1":"Chris Elder","Party_1":"None_1","Votes_1":"139","Name_2":"Todd Lagestee","Party_2":"None_3","Votes_2":"78","Name_3":"Shawn Ensley","Party_3":"None_2","Votes_3":"53","Name_4":"Jerry Burns","Party_4":"None_4","Votes_4":"20","Name_5":"Randall Wood","Party_5":"None_6","Votes_5":"18","Name_6":"Spenser R. New","Party_6":"None_5","Votes_6":"13","Name_7":null,"Party_7":null,"Votes_7":"0","Votes_total":"321","Pct_1":43.3,"Pct_2":24.3,"Pct_3":16.51,"Pct_4":6.23,"Pct_5":5.61,"Pct_6":4.05,"Pct_7":0,"Margin":19}},
{"type":"Feature","geometry":{"type":"Polygon","coordinates":[[[-122.35506336899995,48.803756269000104],[-122.39583163900002,48.804130976000025],[-122.39891055999996,48.803307790000034],[-122.40466564299999,48.79994555000011],[-122.40968283799998,48.79815642700005],[-122.41001338099994,48.7979413150001],[-122.4099742849999,48.796838672],[-122.38809451299997,48.796847293],[-122.38809645399994,48.79498917100009],[-122.39380804300002,48.794578019],[-122.39334885599996,48.79352526700003],[-122.39519509899993,48.792924329000044],[-122.39545977599988,48.79515406100005],[-122.39906113399995,48.794174547000104],[-122.40220205499999,48.794221758],[-122.40303905399996,48.79494372300005],[-122.40453628699991,48.79447458000005],[-122.40455578799994,48.79325491200003],[-122.41014842899995,48.793233146],[-122.41010725699998,48.78595874800004],[-122.40191165199994,48.78600198000007],[-122.40188711399996,48.78233944600008],[-122.39911111599993,48.78227773700004],[-122.39908650699995,48.77143811200004],[-122.39920015299994,48.76046885100006],[-122.39370910999997,48.7604895590001],[-122.393675682,48.764154783000045],[-122.38818609899998,48.76414774600008],[-122.38816503199993,48.767848087000104],[-122.37715105799998,48.76789735300009],[-122.35527717899996,48.767637479],[-122.35506336899995,48.803756269000104]]]},"properties":{"COUNTY":"Whatcom","PRECCODE":161,"PRECNAME":"161 Whatcom county","PRECINCT":"Whatcom 161","DESCRIPTIO":"NE Bellingham Rural East (Emerald Lake, Squalicum Mountain, Vineyard Drive)","OFFICE":"County Commissioner District 5","JURISDICTION":"County Council","RACE":"Whatcom County District 5 County Commissioner District 5","Name_1":"Chris Elder","Party_1":"None_1","Votes_1":"173","Name_2":"Todd Lagestee","Party_2":"None_3","Votes_2":"69","Name_3":"Shawn Ensley","Party_3":"None_2","Votes_3":"67","Name_4":"Jerry Burns","Party_4":"None_4","Votes_4":"31","Name_5":"Spenser R. New","Party_5":"None_5","Votes_5":"19","Name_6":"Randall Wood","Party_6":"None_6","Votes_6":"11","Name_7":"Write-In","Party_7":"None_7","Votes_7":"1","Votes_total":"371","Pct_1":46.63,"Pct_2":18.6,"Pct_3":18.06,"Pct_4":8.36,"Pct_5":5.12,"Pct_6":2.96,"Pct_7":0.27,"Margin":28.03}},
{"type":"Feature","geometry":{"type":"Polygon","coordinates":[[[-122.34492788999998,48.76620846100006],[-122.34369977199998,48.76761512000009],[-122.34495502499998,48.76822989600007],[-122.34687723699996,48.766842201],[-122.34687384899996,48.76761026500005],[-122.35527717899996,48.767637479],[-122.37715105799998,48.76789735300009],[-122.38816270200003,48.76784662700006],[-122.38818609899998,48.76414774600008],[-122.393675682,48.764154783000045],[-122.39370910999997,48.7604895590001],[-122.39920015299994,48.76046885100006],[-122.3991129588826,48.756466511912066],[-122.39706584595285,48.75468552016697],[-122.39133351115422,48.75258632159936],[-122.38549351009335,48.75156585582143],[-122.37801884223688,48.74673072151999],[-122.37743490672104,48.74691652243518],[-122.37921224350002,48.74958892150342],[-122.37793944258937,48.75040072230124],[-122.37385404166938,48.749910856796],[-122.3723841074856,48.750649655839304],[-122.37083163954792,48.75009232397247],[-122.36985110813437,48.75626752392211],[-122.36715564095071,48.75719745725078],[-122.36634884167503,48.75906425795692],[-122.36286030751766,48.75987272377262],[-122.36018830832552,48.757743724022106],[-122.35723804046627,48.757628459221635],[-122.35621063955038,48.75696592456999],[-122.35585010562905,48.75577645831811],[-122.35700570663664,48.75478425847838],[-122.35468390427995,48.752234325377934],[-122.35460263730937,48.75055152451275],[-122.3526286373099,48.74901112545819],[-122.35048323669609,48.748369324599764],[-122.34317263683224,48.748516858618075],[-122.32981709830287,48.743213327034674],[-122.32534443101896,48.74023646130175],[-122.32166529620619,48.736571462107335],[-122.3182414952919,48.7348599280357],[-122.31793142843014,48.73240212799407],[-122.31587282801692,48.72926826189091],[-122.31106322419855,48.72683752838972],[-122.3061100252924,48.72696986300413],[-122.30496022150616,48.72649988091228],[-122.30489787499995,48.730685673000046],[-122.30121528200002,48.73065044000007],[-122.35030339199996,48.75630460400004],[-122.35001532899997,48.75842147400004],[-122.34531114199997,48.76367180300005],[-122.34510915299997,48.765907700000035],[-122.34492788999998,48.76620846100006]]]},"properties":{"COUNTY":"Whatcom","PRECCODE":162,"PRECNAME":"162 Whatcom county","PRECINCT":"Whatcom 162","DESCRIPTIO":"NE Bellingham Rural Southeast (Lake Whatcom Northshore, Agate Bay Preserve)","OFFICE":"County Commissioner District 5","JURISDICTION":"County Council","RACE":"Whatcom County District 5 County Commissioner District 5","Name_1":"Chris Elder","Party_1":"None_1","Votes_1":"155","Name_2":"Todd Lagestee","Party_2":"None_3","Votes_2":"104","Name_3":"Shawn Ensley","Party_3":"None_2","Votes_3":"71","Name_4":"Jerry Burns","Party_4":"None_4","Votes_4":"32","Name_5":"Spenser R. New","Party_5":"None_5","Votes_5":"27","Name_6":"Randall Wood","Party_6":"None_6","Votes_6":"20","Name_7":"Write-In","Party_7":"None_7","Votes_7":"2","Votes_total":"411","Pct_1":37.71,"Pct_2":25.3,"Pct_3":17.27,"Pct_4":7.79,"Pct_5":6.57,"Pct_6":4.87,"Pct_7":0.49,"Margin":12.41}},
{"type":"Feature","geometry":{"type":"Polygon","coordinates":[[[-122.40439114699993,48.74618237200007],[-122.39582120699997,48.74618710000004],[-122.39321000702792,48.744974143123116],[-122.39664344545544,48.74744132077785],[-122.39646991183889,48.75042712081651],[-122.39771491178736,48.751396320050496],[-122.39935064581967,48.75008232045552],[-122.40508511408044,48.751407520245145],[-122.40907671437095,48.749934651636195],[-122.41010191334512,48.75017371832264],[-122.41158888008287,48.75346109458182],[-122.41531175499995,48.75344034700004],[-122.41534970299996,48.751631658000065],[-122.42081146299995,48.75119403000008],[-122.42081553999998,48.74850991700003],[-122.420166742,48.74834186500004],[-122.41563964899997,48.74619142700004],[-122.41223683399994,48.74603560800006],[-122.40986145299998,48.74458797700003],[-122.40710470799996,48.746124603000055],[-122.40439114699993,48.74618237200007]]]},"properties":{"COUNTY":"Whatcom","PRECCODE":163,"PRECNAME":"163 Whatcom county","PRECINCT":"Whatcom 163","DESCRIPTIO":"Geneva North (Euclid Park, Geneva Elementary School)","OFFICE":"County Commissioner District 5","JURISDICTION":"County Council","RACE":"Whatcom County District 5 County Commissioner District 5","Name_1":"Chris Elder","Party_1":"None_1","Votes_1":"233","Name_2":"Shawn Ensley","Party_2":"None_2","Votes_2":"74","Name_3":"Todd Lagestee","Party_3":"None_3","Votes_3":"74","Name_4":"Spenser R. New","Party_4":"None_5","Votes_4":"13","Name_5":"Jerry Burns","Party_5":"None_4","Votes_5":"9","Name_6":"Randall Wood","Party_6":"None_6","Votes_6":"8","Name_7":null,"Party_7":null,"Votes_7":"0","Votes_total":"411","Pct_1":56.69,"Pct_2":18,"Pct_3":18,"Pct_4":3.16,"Pct_5":2.19,"Pct_6":1.95,"Pct_7":0,"Margin":38.69}},
{"type":"Feature","geometry":{"type":"Polygon","coordinates":[[[-122.40439114699993,48.74618237200007],[-122.40710470799996,48.746124603000055],[-122.40986145299998,48.74458797700003],[-122.41223683399994,48.74603560800006],[-122.41563964899997,48.74619142700004],[-122.420166742,48.74834186500004],[-122.42081558499997,48.748509978000065],[-122.42078219999998,48.73894249700004],[-122.42081163099998,48.73165141000003],[-122.40988064199995,48.73167275200007],[-122.39907065799999,48.73160386400008],[-122.39897303599996,48.73164339100004],[-122.398885759,48.74257966400006],[-122.40433718899997,48.742578666000036],[-122.40439114699993,48.74618237200007]]]},"properties":{"COUNTY":"Whatcom","PRECCODE":164,"PRECNAME":"164 Whatcom county","PRECINCT":"Whatcom 164","DESCRIPTIO":"Geneva South (Ted Edwards Park, Geneva Fire Station)","OFFICE":"County Commissioner District 5","JURISDICTION":"County Council","RACE":"Whatcom County District 5 County Commissioner District 5","Name_1":"Chris Elder","Party_1":"None_1","Votes_1":"157","Name_2":"Todd Lagestee","Party_2":"None_3","Votes_2":"55","Name_3":"Shawn Ensley","Party_3":"None_2","Votes_3":"35","Name_4":"Jerry Burns","Party_4":"None_4","Votes_4":"20","Name_5":"Randall Wood","Party_5":"None_6","Votes_5":"9","Name_6":"Spenser R. New","Party_6":"None_5","Votes_6":"8","Name_7":"Write-In","Party_7":"None_7","Votes_7":"1","Votes_total":"285","Pct_1":55.09,"Pct_2":19.3,"Pct_3":12.28,"Pct_4":7.02,"Pct_5":3.16,"Pct_6":2.81,"Pct_7":0.35,"Margin":35.79}},
{"type":"Feature","geometry":{"type":"Polygon","coordinates":[[[-122.444100065,48.70879993800003],[-122.44391521299994,48.70911202900004],[-122.44368765499993,48.709336617000076],[-122.44353456099996,48.70944484200003],[-122.44218006599998,48.710319938000055],[-122.44097525099994,48.71097993400008],[-122.44087212699996,48.711127745000056],[-122.44083566599991,48.71123950400005],[-122.44068294399995,48.71196408700008],[-122.44006660399998,48.71282119400007],[-122.43975563699993,48.714991996000045],[-122.44382532199994,48.72188703300003],[-122.44376740599995,48.72466690400006],[-122.44254722499996,48.731671067000036],[-122.44251749899996,48.73463014600003],[-122.44528584299997,48.734637522000064],[-122.44528611499997,48.73461997300006],[-122.44651962399993,48.73462337500006],[-122.44652266499997,48.733557201000046],[-122.45356524299997,48.73358188700007],[-122.45399085099997,48.70628302000006],[-122.44520238699997,48.706357669000056],[-122.444100065,48.70879993800003]]]},"properties":{"COUNTY":"Whatcom","PRECCODE":165,"PRECNAME":"165 Whatcom county","PRECINCT":"Whatcom 165","DESCRIPTIO":"Yew Street Road West (Governor Road, Woodbine Way)","OFFICE":"County Commissioner District 5","JURISDICTION":"County Council","RACE":"Whatcom County District 5 County Commissioner District 5","Name_1":"Chris Elder","Party_1":"None_1","Votes_1":"199","Name_2":"Todd Lagestee","Party_2":"None_3","Votes_2":"88","Name_3":"Shawn Ensley","Party_3":"None_2","Votes_3":"74","Name_4":"Jerry Burns","Party_4":"None_4","Votes_4":"21","Name_5":"Randall Wood","Party_5":"None_6","Votes_5":"20","Name_6":"Spenser R. New","Party_6":"None_5","Votes_6":"12","Name_7":"Write-In","Party_7":"None_7","Votes_7":"1","Votes_total":"415","Pct_1":47.95,"Pct_2":21.2,"Pct_3":17.83,"Pct_4":5.06,"Pct_5":4.82,"Pct_6":2.89,"Pct_7":0.24,"Margin":26.75}},
{"type":"Feature","geometry":{"type":"Polygon","coordinates":[[[-122.420811631,48.73165141000002],[-122.42079800099994,48.73532515800006],[-122.42079822099994,48.73529749700007],[-122.434427323,48.73529120500009],[-122.44251643699997,48.735353244000066],[-122.44254722499996,48.73167106700005],[-122.44382532199992,48.721887033],[-122.43975563699998,48.714991996000066],[-122.44006660399992,48.71282119400004],[-122.44068294399997,48.71196408700009],[-122.44083566599987,48.71123950400009],[-122.44087212699996,48.711127745000084],[-122.44092220399993,48.71104234300003],[-122.44097525099988,48.710979934000115],[-122.44112151699993,48.71087121000008],[-122.44130325099997,48.710763690000064],[-122.44218006600003,48.71031993800003],[-122.443687655,48.70933661700011],[-122.444100065,48.70879993800003],[-122.44520238699997,48.70635766900002],[-122.43813253899997,48.70584368000004],[-122.42949791599989,48.70104452500006],[-122.42303618299995,48.698529725000085],[-122.42303435499998,48.689766197],[-122.42500432399999,48.68958653100007],[-122.44426270799993,48.69367419700005],[-122.44426648899997,48.6955629380001],[-122.44942645299997,48.69555231800011],[-122.44943605199998,48.6939173110001],[-122.45367824099995,48.695542654000015],[-122.46496436499991,48.69551616500005],[-122.465176349,48.68846930700008],[-122.43330808899992,48.68831421100004],[-122.43331594999998,48.68476103600004],[-122.40047721499997,48.684979878000014],[-122.40040199,48.68813202800006],[-122.40206619699991,48.68857721500004],[-122.400932411,48.69080863300011],[-122.40036006399998,48.690553634000054],[-122.40029919600003,48.69577731000007],[-122.40575189799998,48.69577135800003],[-122.40571486500004,48.69930960100003],[-122.41122253799992,48.69930355900007],[-122.41115330299994,48.706419227000055],[-122.42207554799994,48.70641963300009],[-122.4220826169999,48.72449467900002],[-122.420811631,48.73165141000002]]]},"properties":{"COUNTY":"Whatcom","PRECCODE":166,"PRECNAME":"166 Whatcom county","PRECINCT":"Whatcom 166","DESCRIPTIO":"Yew Street Road East (Spring Valley), Bellingham Rural South (Cedar Grove Senior MHP)","OFFICE":"County Commissioner District 5","JURISDICTION":"County Council","RACE":"Whatcom County District 5 County Commissioner District 5","Name_1":"Chris Elder","Party_1":"None_1","Votes_1":"140","Name_2":"Todd Lagestee","Party_2":"None_3","Votes_2":"85","Name_3":"Shawn Ensley","Party_3":"None_2","Votes_3":"62","Name_4":"Jerry Burns","Party_4":"None_4","Votes_4":"37","Name_5":"Spenser R. New","Party_5":"None_5","Votes_5":"20","Name_6":"Randall Wood","Party_6":"None_6","Votes_6":"16","Name_7":"Write-In","Party_7":"None_7","Votes_7":"6","Votes_total":"366","Pct_1":38.25,"Pct_2":23.22,"Pct_3":16.94,"Pct_4":10.11,"Pct_5":5.46,"Pct_6":4.37,"Pct_7":1.64,"Margin":15.03}},
{"type":"Feature","geometry":{"type":"MultiPolygon","coordinates":[[[[-122.50296090000002,48.6779773],[-122.50394140000002,48.67702769999999],[-122.50217390000002,48.6760395],[-122.50173929999998,48.6778998],[-122.50296090000002,48.6779773]]],[[[-122.49123533899997,48.65980783300006],[-122.48649294399996,48.65980240200002],[-122.48646443099994,48.663403981000044],[-122.48134887199996,48.66339284800005],[-122.48117512799995,48.674158403000035],[-122.48379972299992,48.67416692800003],[-122.48384970399995,48.681317604000064],[-122.481202742,48.68133094900002],[-122.48121006299996,48.69216406700008],[-122.48123612899995,48.695788694000036],[-122.49743722272459,48.69585234671997],[-122.492295,48.6873229],[-122.4899284,48.6791402],[-122.49097109999998,48.6755156],[-122.48967679999998,48.6712436],[-122.49127650000001,48.6701897],[-122.49359209999997,48.6700742],[-122.49265,48.6680724],[-122.4938367,48.667025],[-122.50000390000001,48.6676189],[-122.4968253,48.6657424],[-122.498377,48.665429],[-122.4976729,48.6646766],[-122.4999657,48.6643107],[-122.50119849999999,48.6629476],[-122.50238479999999,48.6638007],[-122.5022825,48.665003],[-122.50412749999998,48.6654193],[-122.5092227,48.6693719],[-122.5117454,48.6685545],[-122.50942419999997,48.6643261],[-122.5073967,48.6634543],[-122.5075405,48.6619602],[-122.5064636,48.6618855],[-122.50542380000002,48.6587072],[-122.50374730000001,48.6567871],[-122.5017241,48.6559757],[-122.49733030000002,48.6558228],[-122.4964738,48.6538933],[-122.4929463,48.6536887],[-122.49377230000002,48.6510565],[-122.4918298,48.6497881],[-122.48851052476142,48.645406191070755],[-122.48100376099995,48.64537039900005],[-122.48101343599993,48.64722674200004],[-122.48365539599993,48.64720834100006],[-122.48364190399994,48.64898886500004],[-122.48628418199996,48.648994802000054],[-122.48629792099996,48.64988641100007],[-122.49047030999998,48.649849937000056],[-122.49005424599993,48.65687669700002],[-122.49185497199994,48.65982144400004],[-122.49123533899997,48.65980783300006]]]]},"properties":{"COUNTY":"Whatcom","PRECCODE":167,"PRECNAME":"167 Whatcom county","PRECINCT":"Whatcom 167","DESCRIPTIO":"Bellingham Rural Southwest (Chuckanut Bay)","OFFICE":"County Commissioner District 5","JURISDICTION":"County Council","RACE":"Whatcom County District 5 County Commissioner District 5","Name_1":"Chris Elder","Party_1":"None_1","Votes_1":"203","Name_2":"Todd Lagestee","Party_2":"None_3","Votes_2":"61","Name_3":"Shawn Ensley","Party_3":"None_2","Votes_3":"48","Name_4":"Jerry Burns","Party_4":"None_4","Votes_4":"6","Name_5":"Spenser R. New","Party_5":"None_5","Votes_5":"6","Name_6":"Randall Wood","Party_6":"None_6","Votes_6":"5","Name_7":"Write-In","Party_7":"None_7","Votes_7":"1","Votes_total":"330","Pct_1":61.52,"Pct_2":18.48,"Pct_3":14.55,"Pct_4":1.82,"Pct_5":1.82,"Pct_6":1.52,"Pct_7":0.3,"Margin":43.04}},
{"type":"Feature","geometry":{"type":"Polygon","coordinates":[[[-122.35724636599991,48.70227372700006],[-122.35730464099996,48.71695267200002],[-122.37811108799995,48.71747119400003],[-122.37811116899995,48.724562528000035],[-122.41031985200003,48.72456530800008],[-122.410320616,48.72811652600011],[-122.40988363199997,48.73165881700001],[-122.420811631,48.73165141000002],[-122.4220826169999,48.72449467900002],[-122.42207554799994,48.70641963300009],[-122.41115330299994,48.706419227000055],[-122.41122253799992,48.69930355900007],[-122.40571486500004,48.69930960100003],[-122.40575189799998,48.69577135800003],[-122.40029919600003,48.69577731000007],[-122.40036006461176,48.69055363262702],[-122.400932411,48.69080863300011],[-122.40206619699991,48.68857721500004],[-122.40040199,48.68813202800006],[-122.40047721499997,48.684979878000014],[-122.43331594999998,48.68476103600004],[-122.43330808899992,48.68831421100004],[-122.465176349,48.68846930700008],[-122.46496436499991,48.69551616500005],[-122.48123612900001,48.695788694000036],[-122.48121006299996,48.69216406700008],[-122.48120274199995,48.681330949],[-122.48384970399995,48.68131760400005],[-122.48379972299992,48.67416692800002],[-122.48117512799993,48.674158403000014],[-122.48134887200001,48.663392848000036],[-122.48646443099994,48.66340398100006],[-122.48649294400002,48.659802402000054],[-122.49123533899997,48.65980783300006],[-122.49185497199991,48.65982144400003],[-122.49005424599997,48.656876697],[-122.49047031000003,48.6498499370001],[-122.48629792099995,48.649886411000104],[-122.48628418199996,48.64899480200005],[-122.48364190399998,48.648988865],[-122.48365539599993,48.647208341000024],[-122.48101343599993,48.64722674200004],[-122.48100376099995,48.6453703990001],[-122.35180247299998,48.64507784800005],[-122.35188496099998,48.648667995],[-122.357305183,48.64863615000003],[-122.35670323999992,48.68823215],[-122.35724636599991,48.70227372700006]],[[-122.4008946909133,48.672947449833565],[-122.3982788242607,48.671620450207726],[-122.39571982354587,48.67122011577897],[-122.39446162345556,48.67150144968362],[-122.39396902473585,48.673577049568856],[-122.39288709142855,48.67366124899381],[-122.38967489093477,48.67294265098169],[-122.38829268946806,48.67182871653634],[-122.38432368879297,48.671771650932165],[-122.37812702011837,48.66882351911745],[-122.37674378075187,48.66435173492297],[-122.37536250507863,48.66375211139107],[-122.37576582230206,48.66277415247635],[-122.3742338853363,48.66116465122773],[-122.37187068449074,48.66036005188123],[-122.37077097351401,48.65791087535134],[-122.37205881655562,48.655404118601005],[-122.37084948247097,48.652950518162875],[-122.37217681515095,48.651032519235706],[-122.37185088267637,48.64857471788291],[-122.37591241679988,48.65116071568538],[-122.3788402182194,48.65473911742942],[-122.37935508290899,48.65344645189144],[-122.38177588347885,48.65340545005906],[-122.38540562145677,48.659461449374184],[-122.38720708791297,48.660550516123216],[-122.38757702122062,48.662099916975116],[-122.39038688989673,48.665011649471964],[-122.39335242293616,48.6663137161774],[-122.3964370237538,48.66632991437883],[-122.39904102516587,48.66778291579638],[-122.40782369416169,48.670509247702796],[-122.41253602421367,48.6702275135121],[-122.41563669351157,48.66805711380187],[-122.41698422756693,48.66818991489052],[-122.42159622620481,48.66670171323217],[-122.42473789558002,48.667059312212736],[-122.42601589566179,48.668739045360745],[-122.42831963018422,48.66950611261496],[-122.42195029461178,48.672982913580555],[-122.41450222646618,48.67204571515323],[-122.41211829417604,48.67089111485306],[-122.40976542724732,48.6721565141204],[-122.40478242578052,48.67256271517023],[-122.40017209253746,48.67416724893953],[-122.39985962824255,48.67331991533959],[-122.4008946909133,48.672947449833565]]]},"properties":{"COUNTY":"Whatcom","PRECCODE":168,"PRECNAME":"168 Whatcom county","PRECINCT":"Whatcom 168","DESCRIPTIO":"Bellingham Rural Southeast (Lake Samish)","OFFICE":"County Commissioner District 5","JURISDICTION":"County Council","RACE":"Whatcom County District 5 County Commissioner District 5","Name_1":"Chris Elder","Party_1":"None_1","Votes_1":"137","Name_2":"Todd Lagestee","Party_2":"None_3","Votes_2":"76","Name_3":"Shawn Ensley","Party_3":"None_2","Votes_3":"57","Name_4":"Jerry Burns","Party_4":"None_4","Votes_4":"33","Name_5":"Randall Wood","Party_5":"None_6","Votes_5":"24","Name_6":"Spenser R. New","Party_6":"None_5","Votes_6":"20","Name_7":"Write-In","Party_7":"None_7","Votes_7":"3","Votes_total":"350","Pct_1":39.14,"Pct_2":21.71,"Pct_3":16.29,"Pct_4":9.43,"Pct_5":6.86,"Pct_6":5.71,"Pct_7":0.86,"Margin":17.43}},
{"type":"Feature","geometry":{"type":"Polygon","coordinates":[[[-122.35545533899997,48.7315063040001],[-122.34700390999998,48.731543663000075],[-122.34561917599994,48.731530673000066],[-122.34561220242867,48.73158860348789],[-122.35023803358752,48.73428885768404],[-122.36197303451331,48.73779085588439],[-122.37063210552655,48.741976654853815],[-122.3723906381335,48.742013256686],[-122.37098190542606,48.739423656288075],[-122.37160090626091,48.73873432248102],[-122.37535230686011,48.73915052197629],[-122.37584390535375,48.73850545614372],[-122.37809303733336,48.738661521214134],[-122.37888163976979,48.740060255182335],[-122.38365910674214,48.74055365509662],[-122.39075324089032,48.74265145381067],[-122.39321000702792,48.74497414312313],[-122.39582120699997,48.74618710000003],[-122.40439122599992,48.746167581000094],[-122.40433718899997,48.742578666000064],[-122.39888575899995,48.74257966400006],[-122.39897303599996,48.73164339100007],[-122.39907065800502,48.731603862517176],[-122.40988363199997,48.73165881700001],[-122.410320616,48.72811652600011],[-122.41031985200003,48.72456530800008],[-122.37811116899995,48.724562528000035],[-122.37811108799995,48.71747119400003],[-122.35730464099996,48.71695267200002],[-122.35724636599991,48.70227372700006],[-122.349265046,48.70256492],[-122.34361516899999,48.70455667100004],[-122.34247716999995,48.7066366710001],[-122.34323916999996,48.70881067100003],[-122.34204086100002,48.70886117400004],[-122.34108918999998,48.710023688000035],[-122.34249617100005,48.71087367100003],[-122.34085717099995,48.711549671000085],[-122.343131171,48.71312767100009],[-122.34668017299998,48.71434767100005],[-122.34727717199993,48.71580467100007],[-122.34803417299995,48.71607467100003],[-122.34837917299998,48.71661867100001],[-122.34973317299995,48.71698167100003],[-122.34964438099996,48.71712019100002],[-122.35002417299992,48.717235671],[-122.353171174,48.719529671],[-122.354307942,48.718982334],[-122.36652483999998,48.72216087700009],[-122.36846341299999,48.72431360600004],[-122.35637372999993,48.72420026300008],[-122.35545533899997,48.7315063040001]]]},"properties":{"COUNTY":"Whatcom","PRECCODE":169,"PRECNAME":"169 Whatcom county","PRECINCT":"Whatcom 169","DESCRIPTIO":"Geneva East (Coronado Avenue, Fire Hall), Sudden Valley Far West (Strawberry Point, Tumbling Water)","OFFICE":"County Commissioner District 5","JURISDICTION":"County Council","RACE":"Whatcom County District 5 County Commissioner District 5","Name_1":"Chris Elder","Party_1":"None_1","Votes_1":"231","Name_2":"Todd Lagestee","Party_2":"None_3","Votes_2":"108","Name_3":"Shawn Ensley","Party_3":"None_2","Votes_3":"61","Name_4":"Jerry Burns","Party_4":"None_4","Votes_4":"30","Name_5":"Spenser R. New","Party_5":"None_5","Votes_5":"14","Name_6":"Randall Wood","Party_6":"None_6","Votes_6":"9","Name_7":"Write-In","Party_7":"None_7","Votes_7":"2","Votes_total":"455","Pct_1":50.77,"Pct_2":23.74,"Pct_3":13.41,"Pct_4":6.59,"Pct_5":3.08,"Pct_6":1.98,"Pct_7":0.44,"Margin":27.03}},
{"type":"Feature","geometry":{"type":"Polygon","coordinates":[[[-122.34645109099995,48.72115207900002],[-122.34889689999994,48.722043823],[-122.34999193999995,48.72382245100009],[-122.353492177,48.72580167100007],[-122.35387817599998,48.7269656710001],[-122.35411623199995,48.72710465500005],[-122.35583784899994,48.72846043300005],[-122.35637372999993,48.72420026300008],[-122.36846341299999,48.72431360600004],[-122.36652483999998,48.72216087700009],[-122.354307942,48.718982334],[-122.353171174,48.719529671],[-122.35002417299992,48.717235671],[-122.34964438099996,48.71712019100002],[-122.349361887,48.717365106000045],[-122.34899364999994,48.717593739000044],[-122.34688370099997,48.71692171300004],[-122.34450715899996,48.71869854400006],[-122.34442880099998,48.71898988100001],[-122.34520195399992,48.71988450800004],[-122.34549766299993,48.720731607000054],[-122.34568156899995,48.720841341000074],[-122.34645109099995,48.72115207900002]]]},"properties":{"COUNTY":"Whatcom","PRECCODE":170,"PRECNAME":"170 Whatcom county","PRECINCT":"Whatcom 170","DESCRIPTIO":"Sudden Valley Northwest (Polo Park Drive, Huckleberry Park)","OFFICE":"County Commissioner District 5","JURISDICTION":"County Council","RACE":"Whatcom County District 5 County Commissioner District 5","Name_1":"Chris Elder","Party_1":"None_1","Votes_1":"162","Name_2":"Todd Lagestee","Party_2":"None_3","Votes_2":"59","Name_3":"Shawn Ensley","Party_3":"None_2","Votes_3":"43","Name_4":"Randall Wood","Party_4":"None_6","Votes_4":"24","Name_5":"Jerry Burns","Party_5":"None_4","Votes_5":"17","Name_6":"Spenser R. New","Party_6":"None_5","Votes_6":"6","Name_7":"Write-In","Party_7":"None_7","Votes_7":"4","Votes_total":"315","Pct_1":51.43,"Pct_2":18.73,"Pct_3":13.65,"Pct_4":7.62,"Pct_5":5.4,"Pct_6":1.9,"Pct_7":1.27,"Margin":32.7}},
{"type":"Feature","geometry":{"type":"Polygon","coordinates":[[[-122.33834517099994,48.717455673000075],[-122.33491217099991,48.7166326720001],[-122.33450243199998,48.717000059000036],[-122.3365541209999,48.71824613200001],[-122.33876678099993,48.72440856],[-122.33965031300002,48.72657457900007],[-122.33984602199997,48.72690020400011],[-122.340183519,48.727212528000095],[-122.342227504,48.72862065500008],[-122.3452514199999,48.73040377000008],[-122.34622082799991,48.73115282200007],[-122.34687074499996,48.731543383000044],[-122.35545533899997,48.7315063040001],[-122.35583784899994,48.72846043300005],[-122.35411623199995,48.72710465500005],[-122.35387817599998,48.7269656710001],[-122.353492177,48.72580167100007],[-122.34999193999995,48.72382245100009],[-122.34889689999994,48.722043823],[-122.34645109099995,48.72115207900002],[-122.34568156899995,48.720841341000074],[-122.34549766299993,48.720731607000054],[-122.345242511,48.720530114000084],[-122.34499402499995,48.72062603000003],[-122.34464779699996,48.72091015600009],[-122.34460783099993,48.72102938000009],[-122.34469704799996,48.72150852200012],[-122.34575666499998,48.722985816000055],[-122.34600993999997,48.72394476600007],[-122.34518433099998,48.72506743000007],[-122.34311793299997,48.722881384000026],[-122.34198817299993,48.72006267200004],[-122.34076817199998,48.71740567200003],[-122.33951817099992,48.71673067200004],[-122.338646171,48.717314672000036],[-122.33834517099994,48.717455673000075]]]},"properties":{"COUNTY":"Whatcom","PRECCODE":171,"PRECNAME":"171 Whatcom county","PRECINCT":"Whatcom 171","DESCRIPTIO":"Sudden Valley North (Harbor View Drive, Stable Lane)","OFFICE":"County Commissioner District 5","JURISDICTION":"County Council","RACE":"Whatcom County District 5 County Commissioner District 5","Name_1":"Chris Elder","Party_1":"None_1","Votes_1":"210","Name_2":"Todd Lagestee","Party_2":"None_3","Votes_2":"81","Name_3":"Shawn Ensley","Party_3":"None_2","Votes_3":"42","Name_4":"Jerry Burns","Party_4":"None_4","Votes_4":"18","Name_5":"Randall Wood","Party_5":"None_6","Votes_5":"17","Name_6":"Spenser R. New","Party_6":"None_5","Votes_6":"12","Name_7":null,"Party_7":null,"Votes_7":"0","Votes_total":"380","Pct_1":55.26,"Pct_2":21.32,"Pct_3":11.05,"Pct_4":4.74,"Pct_5":4.47,"Pct_6":3.16,"Pct_7":0,"Margin":33.94}},
{"type":"Feature","geometry":{"type":"Polygon","coordinates":[[[-122.33951817099992,48.71673067200004],[-122.34076817199998,48.71740567200004],[-122.34198817299993,48.72006267200004],[-122.34311793299997,48.72288138400006],[-122.34518433099998,48.72506743000009],[-122.34600993999997,48.72394476600004],[-122.34469704799992,48.72150852200007],[-122.34464779699996,48.72091015600006],[-122.34499402499995,48.72062603000007],[-122.345242511,48.720530114000034],[-122.34520195399992,48.719884508000064],[-122.34450715899996,48.71869854400006],[-122.34688370099997,48.71692171300003],[-122.34899364999994,48.717593739000044],[-122.349361887,48.717365106000045],[-122.34973317299995,48.71698167100004],[-122.34837917299994,48.71661867100005],[-122.34727717199996,48.71580467100005],[-122.34668017299998,48.71434767100004],[-122.343131171,48.71312767100005],[-122.34130617099997,48.711754671000044],[-122.34085717099995,48.71154967100006],[-122.33999416999995,48.71157267100005],[-122.33850916999994,48.71052167200003],[-122.33764616899997,48.71024767200003],[-122.33612716999994,48.71031667200003],[-122.33471116899995,48.71070467200008],[-122.33185016899995,48.712676673000026],[-122.331179169,48.712851673000046],[-122.331105446,48.712858323000034],[-122.33241716799994,48.714994809000075],[-122.334014342,48.71677009000007],[-122.33450243199998,48.71700005900004],[-122.33491217099996,48.71663267200005],[-122.33834517099994,48.717455673000075],[-122.338646171,48.717314672000036],[-122.33951817099992,48.71673067200004]]]},"properties":{"COUNTY":"Whatcom","PRECCODE":172,"PRECNAME":"172 Whatcom county","PRECINCT":"Whatcom 172","DESCRIPTIO":"Sudden Valley West (Rocky Ridge Drive, Little Strawberry Park)","OFFICE":"County Commissioner District 5","JURISDICTION":"County Council","RACE":"Whatcom County District 5 County Commissioner District 5","Name_1":"Chris Elder","Party_1":"None_1","Votes_1":"155","Name_2":"Todd Lagestee","Party_2":"None_3","Votes_2":"72","Name_3":"Shawn Ensley","Party_3":"None_2","Votes_3":"47","Name_4":"Jerry Burns","Party_4":"None_4","Votes_4":"18","Name_5":"Randall Wood","Party_5":"None_6","Votes_5":"14","Name_6":"Spenser R. New","Party_6":"None_5","Votes_6":"11","Name_7":"Write-In","Party_7":"None_7","Votes_7":"2","Votes_total":"319","Pct_1":48.59,"Pct_2":22.57,"Pct_3":14.73,"Pct_4":5.64,"Pct_5":4.39,"Pct_6":3.45,"Pct_7":0.63,"Margin":26.02}},
{"type":"Feature","geometry":{"type":"Polygon","coordinates":[[[-122.31953683399993,48.71705844100006],[-122.31888313135713,48.71770688477357],[-122.31972229011566,48.718108526958844],[-122.31968722376924,48.71755966093047],[-122.32051602312946,48.71760046134717],[-122.32122429192655,48.718891126608845],[-122.31950942416594,48.72078826041073],[-122.32349362515392,48.72087466006081],[-122.32493569362346,48.722655326135566],[-122.32564722636974,48.72250652641889],[-122.32449449165306,48.72151926065585],[-122.32585829113617,48.721851059330966],[-122.32689482500145,48.721164459605816],[-122.3265090272297,48.722367660323734],[-122.33252822729348,48.72775545952716],[-122.33858669576604,48.72855505898206],[-122.34561220242867,48.73158860348789],[-122.34561917599994,48.731530673000066],[-122.346870745,48.73154338300002],[-122.34622082799997,48.73115282200007],[-122.34525141999995,48.730403770000066],[-122.342227504,48.728620655000036],[-122.34095993499993,48.727774802000056],[-122.340183519,48.72721252800005],[-122.33984602199997,48.72690020400005],[-122.33655412099993,48.71824613200005],[-122.334014342,48.71677009000007],[-122.33241716799994,48.714994809000075],[-122.33096878199994,48.71262595300004],[-122.33080568199993,48.71228427300008],[-122.33041970799997,48.71104713500005],[-122.33038242799992,48.710879844000026],[-122.33036974099997,48.71055373700005],[-122.33041269899996,48.71004461400002],[-122.33075880999998,48.70939432800004],[-122.33080950599998,48.709256055000026],[-122.33083176499994,48.709117105000075],[-122.330825485,48.708976825000036],[-122.330719065,48.70859696900004],[-122.33072604799996,48.707921061000036],[-122.32241474499995,48.712935941000076],[-122.31953683399993,48.71705844100006]]]},"properties":{"COUNTY":"Whatcom","PRECCODE":173,"PRECNAME":"173 Whatcom county","PRECINCT":"Whatcom 173","DESCRIPTIO":"Sudden Valley East (Sudden Valley Golf Course, Sudden Valley Marina)","OFFICE":"County Commissioner District 5","JURISDICTION":"County Council","RACE":"Whatcom County District 5 County Commissioner District 5","Name_1":"Chris Elder","Party_1":"None_1","Votes_1":"177","Name_2":"Todd Lagestee","Party_2":"None_3","Votes_2":"102","Name_3":"Shawn Ensley","Party_3":"None_2","Votes_3":"52","Name_4":"Jerry Burns","Party_4":"None_4","Votes_4":"33","Name_5":"Spenser R. New","Party_5":"None_5","Votes_5":"14","Name_6":"Randall Wood","Party_6":"None_6","Votes_6":"10","Name_7":"Write-In","Party_7":"None_7","Votes_7":"4","Votes_total":"392","Pct_1":45.15,"Pct_2":26.02,"Pct_3":13.27,"Pct_4":8.42,"Pct_5":3.57,"Pct_6":2.55,"Pct_7":1.02,"Margin":19.13}},
{"type":"Feature","geometry":{"type":"MultiPolygon","coordinates":[[[[-122.314242251,48.68795167900007],[-122.31251735341752,48.68796878372782],[-122.31151581411736,48.69009932667537],[-122.308952683816,48.69109152823068],[-122.30914741443492,48.692073327408764],[-122.31276688319085,48.69383125975096],[-122.3116556163516,48.69789992678822],[-122.31372328583898,48.701132927792656],[-122.31584148654875,48.7020901263554],[-122.31542002092722,48.7032931279262],[-122.31301908562129,48.70493426097273],[-122.31207488641047,48.70490166118543],[-122.31255222010995,48.70553426175855],[-122.3110104206966,48.70751326188272],[-122.31204608746205,48.708751860339525],[-122.31036708758982,48.709884328020244],[-122.30999141943022,48.711582461651595],[-122.3117480875905,48.71327526218807],[-122.31162842274182,48.71464192838126],[-122.31321442117479,48.71479532730013],[-122.31528435607969,48.71703872770943],[-122.31624822469118,48.71976132752466],[-122.31825249299996,48.719610141],[-122.31847582398834,48.71791232670165],[-122.31953683399993,48.71705844100006],[-122.32241474499993,48.712935941000026],[-122.33016269099991,48.70814516300004],[-122.33072604799996,48.70792106100006],[-122.33071906500003,48.70859696900003],[-122.33082548500002,48.708976825000015],[-122.3308273909999,48.70914440900002],[-122.330412699,48.710044614],[-122.33038242799998,48.710879844],[-122.33080568199998,48.712284273000115],[-122.33096878199999,48.71262595300005],[-122.331105446,48.712858323],[-122.33117916899997,48.71285167300008],[-122.331850169,48.712676673000075],[-122.33471116899989,48.71070467200007],[-122.33612716999994,48.71031667200003],[-122.33764616900002,48.710247672],[-122.33999416999995,48.711572671000035],[-122.34085717099995,48.711549671000085],[-122.34249617100005,48.71087367100003],[-122.34108918999998,48.710023688000035],[-122.34204086100002,48.70886117400004],[-122.34323916999996,48.70881067100003],[-122.34247716999995,48.7066366710001],[-122.34361516899999,48.70455667100004],[-122.349265046,48.70256492],[-122.34618667999995,48.70267708500004],[-122.35724636599991,48.70227372700006],[-122.35670323999992,48.68823215],[-122.314242251,48.68795167900007]]],[[[-122.30883628818434,48.71235826086062],[-122.30776468678508,48.71243272783441],[-122.3067482865559,48.71393806251332],[-122.31028982066317,48.714921862207994],[-122.31029042022583,48.713635327549554],[-122.30883628818434,48.71235826086062]]]]},"properties":{"COUNTY":"Whatcom","PRECCODE":174,"PRECNAME":"174 Whatcom county","PRECINCT":"Whatcom 174","DESCRIPTIO":"Sudden Valley Southeast (Marigold Drive, Lake Louise, Louise View Drive)","OFFICE":"County Commissioner District 5","JURISDICTION":"County Council","RACE":"Whatcom County District 5 County Commissioner District 5","Name_1":"Chris Elder","Party_1":"None_1","Votes_1":"191","Name_2":"Todd Lagestee","Party_2":"None_3","Votes_2":"86","Name_3":"Shawn Ensley","Party_3":"None_2","Votes_3":"53","Name_4":"Randall Wood","Party_4":"None_6","Votes_4":"25","Name_5":"Spenser R. New","Party_5":"None_5","Votes_5":"22","Name_6":"Jerry Burns","Party_6":"None_4","Votes_6":"21","Name_7":"Write-In","Party_7":"None_7","Votes_7":"1","Votes_total":"399","Pct_1":47.87,"Pct_2":21.55,"Pct_3":13.28,"Pct_4":6.27,"Pct_5":5.51,"Pct_6":5.26,"Pct_7":0.25,"Margin":26.32}},
{"type":"Feature","geometry":{"type":"Polygon","coordinates":[[[-122.28808613499996,48.730707267000064],[-122.299312795,48.730632192000066],[-122.30489787499995,48.730685673000046],[-122.30496022150616,48.72649988091228],[-122.30073622150208,48.7211527300211],[-122.30047368676185,48.71802046310442],[-122.29864688745721,48.71704672989534],[-122.29766901864198,48.71532252902674],[-122.29905322036417,48.71116566236716],[-122.29861761791702,48.70717766154888],[-122.29927001788852,48.706506862488745],[-122.29787548377386,48.70519392873409],[-122.29836148358109,48.699943062559406],[-122.29731948147055,48.69718372910891],[-122.29171681287326,48.690366262102096],[-122.28133307461732,48.684022529826066],[-122.27856200843057,48.68333946311427],[-122.27760227331925,48.680553530463456],[-122.27344720717407,48.67994272975945],[-122.26885747237505,48.67592833122331],[-122.26993987130292,48.67153593032622],[-122.27162906978529,48.67025112953401],[-122.27420647162302,48.67313726467228],[-122.28251760527976,48.67405292947439],[-122.28447427246624,48.67341732885284],[-122.2913520112394,48.68047692947931],[-122.29579127663943,48.67924466039643],[-122.30366981172949,48.68164952729551],[-122.31142761135224,48.67845746060573],[-122.31428761125814,48.673805458825896],[-122.3166648103369,48.672614059150966],[-122.31821321135399,48.6727401261464],[-122.3191742117757,48.67539072592164],[-122.31593721305468,48.6760553247375],[-122.31496981336096,48.67714712546844],[-122.3157122780037,48.67861792617087],[-122.31392681341859,48.681675059029104],[-122.31251746343239,48.687968581028194],[-122.314242251,48.68795167900007],[-122.35670323999992,48.68823215],[-122.357305183,48.64863615000003],[-122.35188496099998,48.648667995],[-122.35180247299998,48.64507784800005],[-122.226070173,48.645699478000054],[-122.22579176499997,48.674694814000084],[-122.225590492,48.689257586000025],[-122.22529667999996,48.718139884000024],[-122.22513413399997,48.72880744700009],[-122.22501778399996,48.732348975],[-122.22552235499997,48.732377423000045],[-122.22581921999995,48.73205756500005],[-122.26758009299994,48.73068755800002],[-122.28808613499996,48.730707267000064]],[[-122.33116278399994,48.65501590800005],[-122.33107555500003,48.65371414900008],[-122.33312453300002,48.653696175],[-122.3330045419999,48.652347908000095],[-122.335974317,48.65228527800007],[-122.33606481600002,48.66665385100002],[-122.33017823100003,48.66706003800006],[-122.32993489899995,48.67448936200005],[-122.32429260999996,48.674942608000066],[-122.32431935499996,48.663983967],[-122.32675720999994,48.662165438999985],[-122.330821287,48.66049071700007],[-122.33116278399994,48.65501590800005]]]},"properties":{"COUNTY":"Whatcom","PRECCODE":175,"PRECNAME":"175 Whatcom county","PRECINCT":"Whatcom 175","DESCRIPTIO":"Sedro-Woolley Rural Farther Northwest (Glenhaven Lakes East, South Lake Whatcom Park)","OFFICE":"County Commissioner District 5","JURISDICTION":"County Council","RACE":"Whatcom County District 5 County Commissioner District 5","Name_1":"Chris Elder","Party_1":"None_1","Votes_1":"143","Name_2":"Todd Lagestee","Party_2":"None_3","Votes_2":"68","Name_3":"Shawn Ensley","Party_3":"None_2","Votes_3":"60","Name_4":"Jerry Burns","Party_4":"None_4","Votes_4":"24","Name_5":"Spenser R. New","Party_5":"None_5","Votes_5":"21","Name_6":"Randall Wood","Party_6":"None_6","Votes_6":"19","Name_7":"Write-In","Party_7":"None_7","Votes_7":"2","Votes_total":"337","Pct_1":42.43,"Pct_2":20.18,"Pct_3":17.8,"Pct_4":7.12,"Pct_5":6.23,"Pct_6":5.64,"Pct_7":0.59,"Margin":22.25}},
{"type":"Feature","geometry":{"type":"Polygon","coordinates":[[[-122.33116278399994,48.65501590800005],[-122.33082128699996,48.66049071700007],[-122.32675720999997,48.662165439000034],[-122.32431935499996,48.663983967000036],[-122.32429260999996,48.67494260800003],[-122.32993489899995,48.674489362000024],[-122.330178231,48.66706003800004],[-122.336064816,48.66665385100003],[-122.33597431699997,48.65228527800008],[-122.33300454199994,48.652347908000074],[-122.33312453299999,48.65369617500004],[-122.33107555499997,48.65371414900005],[-122.33116278399994,48.65501590800005]]]},"properties":{"COUNTY":"Whatcom","PRECCODE":176,"PRECNAME":"176 Whatcom county","PRECINCT":"Whatcom 176","DESCRIPTIO":"Sedro-Woolley Rural Farthest Northwest (Glenhaven Lakes West, Glenhaven Lakes North)","OFFICE":"County Commissioner District 5","JURISDICTION":"County Council","RACE":"Whatcom County District 5 County Commissioner District 5","Name_1":"Chris Elder","Party_1":"None_1","Votes_1":"90","Name_2":"Todd Lagestee","Party_2":"None_3","Votes_2":"50","Name_3":"Shawn Ensley","Party_3":"None_2","Votes_3":"34","Name_4":"Jerry Burns","Party_4":"None_4","Votes_4":"15","Name_5":"Spenser R. New","Party_5":"None_5","Votes_5":"7","Name_6":"Randall Wood","Party_6":"None_6","Votes_6":"6","Name_7":"Write-In","Party_7":"None_7","Votes_7":"6","Votes_total":"208","Pct_1":43.27,"Pct_2":24.04,"Pct_3":16.35,"Pct_4":7.21,"Pct_5":3.37,"Pct_6":2.88,"Pct_7":2.88,"Margin":19.23}},
{"type":"Feature","geometry":{"type":"Polygon","coordinates":[[[-122.22529667999996,48.718139884000024],[-122.225590492,48.689257586000025],[-122.22579176499997,48.674694814000084],[-122.226070173,48.645699478000054],[-122.21034701999997,48.64568626600003],[-122.21041001799995,48.64941995600005],[-122.20876447199997,48.65778380800001],[-122.20735292199994,48.66068926000007],[-122.20694934799997,48.66165558199999],[-122.20533913199996,48.66654895000005],[-122.19706257899995,48.67848347100004],[-122.19165237099992,48.68571879400006],[-122.18951011899998,48.688461140000115],[-122.18110349700004,48.689524663],[-122.177456441,48.689216672],[-122.17716544099999,48.69086166900004],[-122.17620642699991,48.69117067100003],[-122.17607867699994,48.69418519700006],[-122.17391552299992,48.69423746100003],[-122.17278938299992,48.69503566999999],[-122.17345039699998,48.69675666500011],[-122.17622244499994,48.69827965600009],[-122.17649545199994,48.69977965100003],[-122.17511043599994,48.70168565000008],[-122.17840749399998,48.704124637000085],[-122.17956751799994,48.70650862800008],[-122.183271582,48.70818561500001],[-122.18650163599992,48.709049604],[-122.18785265499996,48.70835760200002],[-122.190359695,48.70837059600002],[-122.19187172199996,48.70906958900006],[-122.19065943399991,48.71116514800007],[-122.19186943099993,48.714386602000076],[-122.19927856099997,48.716891850000046],[-122.20031593999988,48.71947593900008],[-122.20341576599995,48.719831935000045],[-122.20340186899998,48.728868968],[-122.21183815699996,48.72941448000003],[-122.21342781399997,48.73217165000007],[-122.21222413899996,48.73403446000001],[-122.21751122699996,48.73387144400002],[-122.21780922199994,48.73120545200007],[-122.220807269,48.730879443],[-122.22465334,48.73232842600008],[-122.22501778399996,48.732348975],[-122.22513413399997,48.72880744700009],[-122.22529667999996,48.718139884000024]]]},"properties":{"COUNTY":"Whatcom","PRECCODE":177,"PRECNAME":"177 Whatcom county","PRECINCT":"Whatcom 177","DESCRIPTIO":"Sedro-Woolley Farther Northeast (Acme, Maleng Road, Wickersham), Deming Rural Farthest South","OFFICE":"County Commissioner District 5","JURISDICTION":"County Council","RACE":"Whatcom County District 5 County Commissioner District 5","Name_1":"Chris Elder","Party_1":"None_1","Votes_1":"63","Name_2":"Shawn Ensley","Party_2":"None_2","Votes_2":"59","Name_3":"Spenser R. New","Party_3":"None_5","Votes_3":"12","Name_4":"Todd Lagestee","Party_4":"None_3","Votes_4":"9","Name_5":"Jerry Burns","Party_5":"None_4","Votes_5":"7","Name_6":"Randall Wood","Party_6":"None_6","Votes_6":"2","Name_7":null,"Party_7":null,"Votes_7":"0","Votes_total":"152","Pct_1":41.45,"Pct_2":38.82,"Pct_3":7.89,"Pct_4":5.92,"Pct_5":4.61,"Pct_6":1.32,"Pct_7":0,"Margin":2.63}},
{"type":"Feature","geometry":{"type":"MultiPolygon","coordinates":[[[[-121.10775002061318,48.712862062526774],[-121.10809601949136,48.71249419598886],[-121.10709748729612,48.712819795202385],[-121.10775002061318,48.712862062526774]]],[[[-121.12420522441542,48.71689619513738],[-121.12319522377659,48.71741959474675],[-121.12438769145668,48.71800566040965],[-121.12420522441542,48.71689619513738]]],[[[-122.20876447199997,48.65778380800001],[-122.21041229999993,48.649421415000084],[-122.21034930199988,48.64568772400006],[-122.20432660499993,48.645686199000025],[-122.18207599100002,48.64564223900003],[-122.16102051099992,48.64557373300004],[-122.138872509,48.64558627200002],[-122.09471011799997,48.64520574300006],[-122.02863143399995,48.64536240400006],[-121.96420521099996,48.644315371000026],[-121.89782903500002,48.644755],[-121.83102425999998,48.64371002600003],[-121.7030029414427,48.643169066545816],[-121.70209890263125,48.64598579170088],[-121.69963010299325,48.64824759371229],[-121.69174636872575,48.64951239413302],[-121.69149436854111,48.6490867278963],[-121.69966217072913,48.647429326170254],[-121.70174470322941,48.64537452613469],[-121.70156666888772,48.6431475038084],[-121.54138295299994,48.641915839],[-121.45378401599994,48.64171431800003],[-121.43117079799997,48.64232904400008],[-121.32308626499997,48.64102749100003],[-121.12860944899994,48.64056045300003],[-120.910653992,48.64097718900004],[-120.91043691099995,48.65750015100008],[-120.751413875,48.657141087000035],[-120.74979429900002,48.659278307000115],[-120.74503934299997,48.65996159800008],[-120.74439428799995,48.66096816300005],[-120.73819988000001,48.662684627000054],[-120.733093308,48.66619852200009],[-120.72079075700002,48.66390190400004],[-120.71734633399996,48.66453265700002],[-120.718677217,48.67449792900005],[-120.716385067,48.67674366100005],[-120.71325913,48.68230141300009],[-120.71199667199991,48.68789666700004],[-120.70344552599985,48.69692173300009],[-120.70124122299993,48.697387787],[-120.68419638399999,48.69421740600007],[-120.679985398,48.69430249500008],[-120.67810312699996,48.6962037100001],[-120.677799937,48.701406869000024],[-120.6800640579999,48.70395281],[-120.68023736099997,48.708127815000104],[-120.68160380699997,48.710654800000036],[-120.67820938799996,48.717832672],[-120.67073019199992,48.72059447200008],[-120.66459559199993,48.72089707300006],[-120.65978170699998,48.71960447400005],[-120.6560689569999,48.723841646999986],[-120.65599409699993,48.72490317400006],[-120.66123351499998,48.72734634200007],[-120.6627513339999,48.73004503000008],[-120.66793128499995,48.733626204000075],[-120.67339515399998,48.73322862600005],[-120.67817658099987,48.73505812400008],[-120.678658625,48.739208688000026],[-120.685260467,48.74595399100009],[-120.68602954099995,48.74794342500003],[-120.69047317699992,48.75256228500011],[-120.69652419999991,48.753070851000096],[-120.69935776999995,48.75640181400009],[-120.702421524,48.76310273400004],[-120.70550302499996,48.766669309000086],[-120.70845154699994,48.768475930000086],[-120.70993182200003,48.771819903000015],[-120.71948324000002,48.772896940000045],[-120.72279828099994,48.772563541000075],[-120.725536563,48.773395861000026],[-120.73364658999992,48.78312531700008],[-120.7354409979999,48.78649339800005],[-120.73404464699992,48.79249980100009],[-120.73725693399994,48.79583920600008],[-120.73585008,48.79907127200006],[-120.736201973,48.80150229300005],[-120.7353586989999,48.80376419400005],[-120.74206989099994,48.81130848400006],[-120.74250613099998,48.820911373000044],[-120.74241383199997,48.82207494400004],[-120.73739425399995,48.82567929400002],[-120.73731209600001,48.82861909900007],[-120.73529882399997,48.831451250000015],[-120.73582024200002,48.834848537],[-120.74031966099999,48.84315097300003],[-120.73973812400001,48.843919767000045],[-120.7366757329999,48.844480459000074],[-120.73176436099997,48.85328546400003],[-120.73073139499996,48.853837276000036],[-120.73136551500005,48.85502131700011],[-120.73606938100005,48.85817159900011],[-120.735294919,48.86438023100008],[-120.73785655499994,48.864254527000064],[-120.74352107100003,48.86635075300005],[-120.74827055399996,48.866853821000014],[-120.75832371899999,48.87213492200007],[-120.76235627999998,48.87301763800011],[-120.76425105099997,48.87544980000009],[-120.76794228100005,48.87744017700002],[-120.77023715200002,48.881831722000115],[-120.769013294,48.884255450000104],[-120.76313137399995,48.888549616000034],[-120.766225551,48.89316591500008],[-120.76271915299995,48.89952358500005],[-120.7639725969999,48.900179643000065],[-120.76525123599995,48.899831632000044],[-120.76650821399994,48.90071546100007],[-120.77097915899995,48.90429863200007],[-120.77214704999993,48.906710967],[-120.771435954,48.908334071000105],[-120.76789612,48.91143076400009],[-120.77196975099994,48.91668071200005],[-120.771310207,48.92015167],[-120.77206727199992,48.92651208500003],[-120.77037693899995,48.92741001100007],[-120.75896360800002,48.92967438200002],[-120.75527167299997,48.932247607000114],[-120.75406202099998,48.93626808200007],[-120.7562415069999,48.94291916300006],[-120.76996137799993,48.95533308800002],[-120.77490070399996,48.956792337000046],[-120.78309281000001,48.9572093240001],[-120.78719186299998,48.957737038000054],[-120.79208740899992,48.95941147000005],[-120.79722509699995,48.959531646000045],[-120.80111418099992,48.95872503400009],[-120.80042626199997,48.95596146800005],[-120.80106062899993,48.953631903000044],[-120.80638285999996,48.95171154400004],[-120.811401876,48.95068260300008],[-120.81511317599997,48.95064136200005],[-120.81382658099989,48.947203590000086],[-120.81419466599996,48.945969308],[-120.81880940599999,48.94452359800003],[-120.82010882599994,48.941149397000096],[-120.82971589399992,48.938156468000074],[-120.83545107199997,48.93931265400009],[-120.84021915599996,48.949986327000026],[-120.843495873,48.95142919200005],[-120.85014427499996,48.95638900799998],[-120.85183740499998,48.955832966000074],[-120.85687816699998,48.956694835000064],[-120.85991057699997,48.95800167500001],[-120.861602508,48.96022795000001],[-120.86546668099996,48.961301530000114],[-120.87095498199994,48.961818788000095],[-120.87967918499996,48.966035563000034],[-120.8825899019999,48.9685287990001],[-120.88060442199995,48.97082132100005],[-120.88128910499992,48.97298408300003],[-120.88565480399993,48.97521775000011],[-120.882078716,48.97795288500002],[-120.8709857,48.979064127000036],[-120.864438591,48.980171968000036],[-120.86337117999994,48.98086208600003],[-120.86126713099993,48.98493396500006],[-120.85596173999991,48.98849848100011],[-120.85247240599996,48.992851448000025],[-120.85182821399995,48.99420074700002],[-120.85371880099996,48.99558149000005],[-120.85471506299994,48.997652364000075],[-120.852443809,49.0000937190001],[-120.99824204499997,49.00005432400011],[-121.06499830240782,48.99912069851141],[-121.06581571770585,48.996710658299016],[-121.06751923930963,48.99561463721995],[-121.06728979761176,48.9940813739548],[-121.07123400519703,48.987287642148736],[-121.07245104503141,48.986943637184446],[-121.07341172904006,48.984894998578866],[-121.07492083135286,48.98389094980232],[-121.079739746964,48.98364655408285],[-121.07943289979728,48.98258438997432],[-121.08030723047851,48.982774368762975],[-121.08092164670333,48.982100842459936],[-121.08191744156574,48.976584681617304],[-121.08368615239694,48.97490228960436],[-121.08257359849752,48.97248864241309],[-121.08216751269704,48.96617540256885],[-121.08059576777711,48.963049972211266],[-121.07554453020197,48.95881845284651],[-121.07268546943115,48.95377852320591],[-121.06909648729865,48.950328107788934],[-121.06792881501167,48.94723859406661],[-121.06939295570622,48.94264658688403],[-121.06672644928074,48.94146347473013],[-121.06110467739691,48.941114432598205],[-121.05753915914975,48.94017502377922],[-121.05234527758175,48.9368419441435],[-121.04898863377615,48.93277184767223],[-121.04924612334167,48.928430223760664],[-121.0480420017151,48.92605434618675],[-121.04846935898941,48.91729857733145],[-121.04991420267656,48.91577602584926],[-121.0500485214808,48.91344365258517],[-121.0535047348824,48.91053768246844],[-121.05382762855422,48.90881132662579],[-121.05626817759027,48.90775488545423],[-121.05646883314085,48.905464165096],[-121.05145675167182,48.903858332123924],[-121.04740879916969,48.895666863668474],[-121.04470436405408,48.89391749121088],[-121.04355995565382,48.893914692393416],[-121.0414387375992,48.89203679171234],[-121.03943317411336,48.88949028153327],[-121.03976717286615,48.888411851793194],[-121.03546887683808,48.88324858860146],[-121.02686447559292,48.881052942742535],[-121.02235588936027,48.87657637373802],[-121.02027061574059,48.87613570924446],[-121.01841080234512,48.8746193098075],[-121.01567689446689,48.87617858141828],[-121.0118273097607,48.8766773159314],[-121.00954012624904,48.87589824993031],[-121.01151247460308,48.87635611402928],[-121.0137937291737,48.87601320552331],[-121.0181467296225,48.874251633703764],[-121.01891520093369,48.87268476389853],[-121.01774238347669,48.871193629621764],[-121.01701911856723,48.865058982026994],[-121.01803660728356,48.86247195612366],[-121.02235567579139,48.86102569592867],[-121.02298623016891,48.85921020073671],[-121.01969863812238,48.85748322669039],[-121.01920586409395,48.85540645534979],[-121.01783974922083,48.856625254676736],[-121.01942618899275,48.85652376863869],[-121.01893085438437,48.857587240241024],[-121.01865153958504,48.85692860870784],[-121.01643218811041,48.85776609687407],[-121.01649197476527,48.8590058488953],[-121.01561126414201,48.86000647127701],[-121.01478192715236,48.8599589541786],[-121.0158303404746,48.85956151166376],[-121.01473682691943,48.85797019305797],[-121.01468779421283,48.85565281688353],[-121.0135988668115,48.853257420836336],[-121.01121864349884,48.85114531568839],[-121.0151216416736,48.84748737679724],[-121.01550381890523,48.84378732769183],[-121.01827438628284,48.84209865125569],[-121.02146914433246,48.84148352594971],[-121.02170927709075,48.839805048267664],[-121.0227805030542,48.839147217010925],[-121.02184242918248,48.8380342261966],[-121.02067129310454,48.838363123930314],[-121.02265187569441,48.83703613785391],[-121.02249057306774,48.83547302783107],[-121.02656959592579,48.83369863917377],[-121.02763441171368,48.83102682960977],[-121.02666002346668,48.82967329669168],[-121.02889428550311,48.8287182632727],[-121.03251845965156,48.824947572902815],[-121.03120174096489,48.823751882843716],[-121.0277955164842,48.8226798293036],[-121.03250092864377,48.82399844654693],[-121.03382384917933,48.8229906207424],[-121.03384705843268,48.81995914621653],[-121.03827122686944,48.81228836828889],[-121.03863725168814,48.80881738154075],[-121.03730842216578,48.8079445614151],[-121.03966445887384,48.806599181994585],[-121.04118665780678,48.80410598417127],[-121.04266967898027,48.8032269930081],[-121.04326493968138,48.799524897589826],[-121.0424480616597,48.798673017750204],[-121.04181848557889,48.79922700068153],[-121.03951171687754,48.79515515814045],[-121.03820510091208,48.79438826874412],[-121.03891887563839,48.79376167480051],[-121.03819227561107,48.7913626860602],[-121.0395244295305,48.79019127803892],[-121.03906433247779,48.7884155831578],[-121.03672948460152,48.786950108572086],[-121.02995328170272,48.78625274992119],[-121.03178277795065,48.78525955805835],[-121.03184281552484,48.78402800685717],[-121.02933945823357,48.78181256879045],[-121.02836008111545,48.779555620794994],[-121.02860116695761,48.77650535682702],[-121.02983326991462,48.77484851139362],[-121.03162464210105,48.77450598445744],[-121.03363438882593,48.77606951461168],[-121.03405023708548,48.77327026275129],[-121.03733523412707,48.7722055157855],[-121.03723856071365,48.76885708499485],[-121.0314957701626,48.765949511539134],[-121.02707553821706,48.76646132362896],[-121.02671911856966,48.76700404078403],[-121.02761276080463,48.766992344049555],[-121.03011861960886,48.769772534998516],[-121.02953453412434,48.77090259733864],[-121.02830378501503,48.77003188610459],[-121.02417671003644,48.76919171398647],[-121.02200412460415,48.76570863441756],[-121.02022125528724,48.76624930766107],[-121.02140149431882,48.76351287471722],[-121.02026954660941,48.762489465072925],[-121.02076623582127,48.76097758294223],[-121.01944336013528,48.756811811447704],[-121.01949071294003,48.753246745833444],[-121.01855906359863,48.752435895989954],[-121.02586957434836,48.74465050710724],[-121.0294388430903,48.74319560819875],[-121.03165958002704,48.74304013444104],[-121.03591695829475,48.74032377630615],[-121.0392817239824,48.73970276064605],[-121.04135680073138,48.73848079802695],[-121.04060599496806,48.737034278555875],[-121.0377825232083,48.73503395893461],[-121.0294259160188,48.73178732128947],[-121.0234345647244,48.73153633163235],[-121.02229343307866,48.73057208786859],[-121.02263677824483,48.72990320567365],[-121.01970740987639,48.728894770810086],[-121.01180306327952,48.724024612845156],[-121.00595419371068,48.72216631841756],[-121.00505589632014,48.72072927105447],[-121.00230582846179,48.72049268515581],[-121.00221971217498,48.71882677912834],[-120.99875116121598,48.71691322941591],[-120.98736795354684,48.713161197270196],[-120.98570528676328,48.71156007425835],[-120.9844408850225,48.711373637589716],[-120.98576439422634,48.71130691811262],[-120.98702992676584,48.71195097578465],[-120.98800786391031,48.713044331468396],[-120.99131943350882,48.714089339439816],[-120.99225658318535,48.71385825654591],[-120.9964252498233,48.715933106160485],[-120.99857114509358,48.71602448841752],[-121.00318825513567,48.718510705951665],[-121.00366082884726,48.72000139958381],[-121.00552114078857,48.7199456198452],[-121.00826868390033,48.72187796255432],[-121.01034409882557,48.72172873661897],[-121.01351692205495,48.7229408762798],[-121.01881169847793,48.7263152376485],[-121.02064619381844,48.72644378984539],[-121.02144916094737,48.72806386890333],[-121.02339986565923,48.72835154652235],[-121.02505790424775,48.72985104604994],[-121.03099799779548,48.728247033005864],[-121.0330935203822,48.73030712620474],[-121.03578606030416,48.730420561902],[-121.04051118478404,48.73190901678114],[-121.0466622717866,48.731653587333824],[-121.05044503999481,48.73252256385996],[-121.0543364061525,48.735070765994436],[-121.05756955647334,48.735747086982585],[-121.06269456796213,48.734800583809616],[-121.06691823391168,48.73083697152435],[-121.06742314387961,48.7323814058329],[-121.069966271185,48.73275242512423],[-121.06738457876904,48.737041246043354],[-121.0649901321757,48.73902533102657],[-121.06026600184124,48.7395126736846],[-121.05703577895909,48.740915760629015],[-121.05478952774688,48.740913969166776],[-121.05855680345248,48.7393444562162],[-121.05310765285488,48.738305780275915],[-121.05024412102411,48.740909001842084],[-121.04143672204917,48.74342967357303],[-121.03164355894283,48.75080862180951],[-121.02959188002795,48.75377383460153],[-121.02941142030093,48.75518250967839],[-121.03227409780234,48.75671852836432],[-121.03393531162682,48.75858570309714],[-121.0393077875543,48.760310576402425],[-121.04063993744506,48.76139325476169],[-121.04347330440254,48.764264528452145],[-121.0450370386041,48.76722917846682],[-121.04818770220743,48.76758405382305],[-121.05004260017684,48.76848620178246],[-121.05441959903001,48.767008025731826],[-121.05436952909707,48.76872698372739],[-121.05788722057866,48.77057468432557],[-121.06177090274679,48.7723329661759],[-121.06601554686368,48.77246547422587],[-121.06363934007497,48.77340448001434],[-121.06402320314659,48.77435348772266],[-121.06507648276843,48.77458907147682],[-121.06371775748929,48.77553407194822],[-121.0619768716573,48.77556304032367],[-121.06158932970057,48.77504707970977],[-121.0600782178902,48.77540008393935],[-121.05953542623732,48.7746267738636],[-121.0582727727603,48.77453271697194],[-121.05803937063669,48.77544579175715],[-121.05398828410566,48.776608468952254],[-121.05065096969555,48.77899464938283],[-121.0495378724388,48.781093590826366],[-121.05173466971814,48.78357054910396],[-121.05206932241788,48.78602155459977],[-121.05491094392576,48.78801272061035],[-121.05910791376633,48.79313427233171],[-121.06018802883428,48.79740266620369],[-121.05990237079193,48.80223760897165],[-121.05712203054655,48.806386813231136],[-121.05707889565974,48.81315033110356],[-121.05573822848147,48.815688208708],[-121.05606355154104,48.817463474771166],[-121.05757871953546,48.81818040697463],[-121.05616844347811,48.81817119156456],[-121.05568449807355,48.81881814225787],[-121.05546956629335,48.82284626318586],[-121.05411337346135,48.82623184539727],[-121.05529046537454,48.829182175580044],[-121.05438635340678,48.82975640655069],[-121.0548073272903,48.83084060345867],[-121.05364417682506,48.83131958861239],[-121.05406301899235,48.833203392925796],[-121.04978490277715,48.83571695725234],[-121.04491933645079,48.84075297456942],[-121.03861179577245,48.84263883603544],[-121.0342435648411,48.846380709289434],[-121.03283840005972,48.848552889247415],[-121.03467428055272,48.85123330005453],[-121.03609856882342,48.85175244967703],[-121.03440439267526,48.852211205472464],[-121.03391197739387,48.86140186194662],[-121.03547909895816,48.865258093729125],[-121.03813615871825,48.866771987173905],[-121.03882799974019,48.86838746192417],[-121.04710495038668,48.875548359137994],[-121.05168738871299,48.8834057602052],[-121.05497205742931,48.8846402214249],[-121.05811539289672,48.88696385273852],[-121.05914644286113,48.890547258458206],[-121.06221512985913,48.89275035026379],[-121.06372158407737,48.89582047448063],[-121.07120802720529,48.89975947951256],[-121.07524136561123,48.90281072808075],[-121.0771103878916,48.909049728068965],[-121.0753965155229,48.91371543752474],[-121.07603633242641,48.91459191258439],[-121.08260349187603,48.91610589632065],[-121.07634754086554,48.9157381077486],[-121.07424872111734,48.91456206926348],[-121.07364137058933,48.91485033730483],[-121.07260432430176,48.91915809130978],[-121.0680103340814,48.92600377017688],[-121.06838097112428,48.927847476475485],[-121.07736280189305,48.93296093676116],[-121.0791396627045,48.936454670794596],[-121.0809994224466,48.938079447772125],[-121.0806048098657,48.940015987154695],[-121.08121718384731,48.94079033007461],[-121.0827160082239,48.94085164265946],[-121.08536983482529,48.94887200178891],[-121.09259680527485,48.952332193542894],[-121.09473877559425,48.95550509460023],[-121.09714541348649,48.956795720115295],[-121.10048153796072,48.95741107251741],[-121.10362435958095,48.960504818584575],[-121.10025283144587,48.96255984054275],[-121.09879847064852,48.96621832961186],[-121.10004494230454,48.96832024064579],[-121.10253853092148,48.97018797824625],[-121.10472756094877,48.97076250608371],[-121.10376924334504,48.974133054877804],[-121.1050512720075,48.97534539964069],[-121.10506381600737,48.97734691763377],[-121.10339932820763,48.978964314650185],[-121.10079959847307,48.9845324894503],[-121.09776914664035,48.98629466329252],[-121.09856498823241,48.98775603873879],[-121.0947609223884,48.992976733351774],[-121.09402356917995,48.99773332136796],[-121.09092720481163,48.99961029256788],[-121.28279953899988,49.000270976000095],[-121.43389027999997,48.99981167600003],[-121.63558519299994,48.99881884500003],[-121.74322027499996,48.997296074000076],[-121.94979517999995,49.00016573000001],[-121.95030517999994,48.992735731000046],[-121.95381517599995,48.99278580200011],[-121.95501508499993,48.90521572400011],[-121.91754571599994,48.904944249000025],[-121.82882082,48.90484090700009],[-121.82952500699997,48.86193915500007],[-121.90465513899991,48.86113572900003],[-121.9608651459999,48.861255652000104],[-121.96137513599992,48.81775572000006],[-121.96123513199996,48.80441571900005],[-121.960524941,48.76123765300009],[-121.96068523699994,48.73252117400004],[-121.96187396499998,48.73237500900003],[-122.11486238499998,48.731558810000095],[-122.11476687999996,48.72487160400002],[-122.158607111,48.725474712],[-122.15893995699993,48.73195136000005],[-122.19234072199993,48.732058417000026],[-122.21193964300004,48.73210706200006],[-122.21342781399997,48.73217165000007],[-122.21183815699996,48.72941448000003],[-122.20340186899998,48.728868968],[-122.20341576599995,48.719831935000045],[-122.20031593999988,48.71947593900008],[-122.19927856099997,48.716891850000046],[-122.19186943099993,48.714386602000076],[-122.19065943399991,48.71116514800007],[-122.19187172199996,48.70906958900006],[-122.190359695,48.70837059600002],[-122.18785265499996,48.70835760200002],[-122.18650163599992,48.709049604],[-122.183271582,48.70818561500001],[-122.17956751799994,48.70650862800008],[-122.17840749399998,48.704124637000085],[-122.17511043599994,48.70168565000008],[-122.17649545199994,48.69977965100003],[-122.17622244499994,48.69827965600009],[-122.17345039699998,48.69675666500011],[-122.17278938299992,48.69503566999999],[-122.17391552299992,48.69423746100003],[-122.17607867699994,48.69418519700006],[-122.17620642699991,48.69117067100003],[-122.17716544099999,48.69086166900004],[-122.177456441,48.689216672],[-122.18110349700004,48.689524663],[-122.18951011899998,48.688461140000115],[-122.19165237099992,48.68571879400006],[-122.19706257899995,48.67848347100004],[-122.20533913199996,48.66654895000005],[-122.20694934799997,48.66165558199999],[-122.20735292199994,48.66068926000007],[-122.20876447199997,48.65778380800001]],[[-121.58158650669417,48.744963744465004],[-121.57646190620076,48.744527079285064],[-121.57058419464477,48.738997432989585],[-121.56763538226555,48.738227009884874],[-121.5689359714162,48.73653494633098],[-121.57045210400554,48.73595094568437],[-121.56943517061102,48.73547954624985],[-121.57199417224405,48.735376212252405],[-121.57318470275307,48.73349721124441],[-121.57508257084358,48.73323274551527],[-121.5760377718726,48.73137334506755],[-121.57921576941703,48.72911394461713],[-121.58562210362686,48.72776674330924],[-121.59129710412638,48.7257220095394],[-121.59409137159284,48.72697520990562],[-121.59716317137517,48.72736354247513],[-121.59792750706305,48.72695894246583],[-121.59645037224018,48.725978341989105],[-121.59686397300008,48.72452594215009],[-121.59942650599102,48.725803141960554],[-121.60419917340796,48.7255057425545],[-121.61046730620254,48.7211101404261],[-121.61725270914219,48.72189340580336],[-121.61811257504849,48.72096814052507],[-121.62022550847988,48.721267806504216],[-121.62590857543404,48.720157205367634],[-121.63125497617537,48.720328738602326],[-121.63635111154825,48.7190397379058],[-121.64330091302197,48.71907733706369],[-121.65100518106752,48.72043580185813],[-121.6545011814471,48.71785853490737],[-121.65627911354484,48.71532873449581],[-121.6566451801943,48.71208080143193],[-121.65465791252822,48.70857580204717],[-121.65462011108518,48.70569200059019],[-121.65766877651444,48.69857973366628],[-121.65630670722818,48.693174800101836],[-121.66161937433239,48.686376733373635],[-121.6616537740727,48.68463173332292],[-121.65945870535676,48.681272999851565],[-121.66020757223387,48.67896953323378],[-121.66752150323913,48.66500599815158],[-121.66916083545867,48.664548130535614],[-121.67305117152435,48.66557359810927],[-121.67281896984329,48.66381659734946],[-121.66910530355956,48.662914597919226],[-121.66873070229222,48.66176773162478],[-121.67383030093504,48.66089079774643],[-121.67159736697336,48.65872393111368],[-121.67312623294939,48.65282613055113],[-121.67702496637413,48.650392395939],[-121.67805036775513,48.648888195806876],[-121.67926816516692,48.64917659614799],[-121.67908816722333,48.648076929409164],[-121.68030129895324,48.64789292815336],[-121.67853290047351,48.64627119485007],[-121.67879003164956,48.64532499600025],[-121.68159310000357,48.646225329511516],[-121.6848109008602,48.64422879582931],[-121.68701176788875,48.644231395106445],[-121.68758450067557,48.64632519420825],[-121.68922816856025,48.64638892783341],[-121.69010656895433,48.64576012751195],[-121.69167616998868,48.64756832745754],[-121.68965316769209,48.650289328133276],[-121.6870785018746,48.64921199427641],[-121.68327916806157,48.64934839556368],[-121.68276010300853,48.65419179611443],[-121.68359356867659,48.65581619537068],[-121.68538416954225,48.655724195799905],[-121.6856133697655,48.65660392901539],[-121.68652996862834,48.65673592929914],[-121.68804597042028,48.659308195676516],[-121.68267637015721,48.664339129111255],[-121.68144077255967,48.66465332994111],[-121.68178297106374,48.665592930093766],[-121.67950817155989,48.6646447300426],[-121.67880197036627,48.66477152988697],[-121.67922630319372,48.66539272965017],[-121.67801810429829,48.665144930969625],[-121.6793481051483,48.666221796926045],[-121.67934817270783,48.667485730340196],[-121.67719677155526,48.66853619663785],[-121.6757975040809,48.671493596305176],[-121.672609370515,48.67240599810431],[-121.67420630497492,48.67340953125208],[-121.67727870658156,48.6737373293736],[-121.68095417358293,48.67324406359688],[-121.68198857440267,48.67420506283348],[-121.67473790677339,48.67427933169523],[-121.6767871754537,48.679278064207985],[-121.68196250984191,48.68109619657068],[-121.68236510940162,48.68268419736884],[-121.68140670999772,48.68400933118299],[-121.68245650945505,48.685919597247405],[-121.67821951017453,48.68781433180378],[-121.67875857561576,48.68934553020346],[-121.68849411072148,48.6887325303661],[-121.68462597843104,48.68967353027934],[-121.67944237679097,48.69287553190034],[-121.6841205137751,48.6938511973086],[-121.68599211402301,48.696049730431575],[-121.6786079133674,48.699123132439006],[-121.67617977964575,48.69940113235645],[-121.67226157986435,48.70287819986565],[-121.66995691404144,48.70397613207901],[-121.67100178050843,48.70510393277078],[-121.66778591455581,48.70595746710849],[-121.66719618138812,48.70840673376016],[-121.66816858047085,48.70957853243375],[-121.66677458153647,48.71172600056508],[-121.66800138253141,48.71381839968451],[-121.66797578274613,48.716044800493314],[-121.6659937156395,48.7176728018127],[-121.66672318373851,48.718459400996935],[-121.66835311600576,48.71832533469728],[-121.66953051781704,48.72117733346512],[-121.66845225171004,48.72110640007203],[-121.66771531636282,48.72185360080177],[-121.67201231696195,48.72496660140745],[-121.66949311881663,48.72594060071047],[-121.66643818453883,48.72409700104487],[-121.66299978248044,48.72489380109443],[-121.65740651508376,48.72411360153928],[-121.65556578320623,48.72452400152418],[-121.65545851645213,48.725327936131514],[-121.65888151570411,48.72744600128101],[-121.6565851821766,48.726834535946324],[-121.65398078261286,48.729521135997885],[-121.65569431716976,48.73117853657865],[-121.658191585223,48.732134201621605],[-121.65892678472915,48.734050068131666],[-121.65751051854373,48.732045334905756],[-121.6544021162168,48.73147386967995],[-121.65286058489946,48.73225653636322],[-121.64823038320536,48.72983160377762],[-121.64592498283417,48.730474803891006],[-121.64545238315175,48.73228213772595],[-121.64399964865693,48.7334525370502],[-121.63819271582204,48.73310080419763],[-121.63593631497669,48.73453140568233],[-121.61843357728208,48.7323887404839],[-121.61233271110353,48.733673940791746],[-121.61008844398245,48.73513134117248],[-121.60985137813323,48.73722460781009],[-121.6078701766281,48.73779900757385],[-121.60775537700256,48.7384139420021],[-121.6034059096063,48.738523275263674],[-121.60169937560016,48.73915020830408],[-121.59957337592883,48.73749600890102],[-121.59830631085742,48.73751214139085],[-121.58921677518603,48.74187254461592],[-121.58817217499345,48.743839010503585],[-121.58617117590792,48.744979544492665],[-121.58396590894156,48.7455507437421],[-121.58158650669417,48.744963744465004]],[[-121.08467139416817,48.681643931233715],[-121.08663427629322,48.68182939698333],[-121.08824840796544,48.6833181970803],[-121.09187407658264,48.684826663973695],[-121.09407027985448,48.68941106333816],[-121.09689087807959,48.690613997105686],[-121.09580307821146,48.69114919675628],[-121.09876747977732,48.6910407971184],[-121.09969621338126,48.69223459662661],[-121.1005088128153,48.69207706192731],[-121.10034808301543,48.70273106279653],[-121.10351888467835,48.705873862293366],[-121.10390761883241,48.70741419581312],[-121.10304901712189,48.70828179683312],[-121.10393922021349,48.709200796143804],[-121.10552661762158,48.70828219609589],[-121.10804381881289,48.708327863497715],[-121.10865268547937,48.70757319720473],[-121.11087562010259,48.70711019628994],[-121.11395242112462,48.70939639450174],[-121.1176698202894,48.70969566169995],[-121.12178848964713,48.712493394244476],[-121.12777482203335,48.7112278612858],[-121.1321194913527,48.71259366031804],[-121.1311412927924,48.71386006091362],[-121.13244689061925,48.71527585966482],[-121.12834102562235,48.71811506110519],[-121.12337488969148,48.7193389275675],[-121.12226882465738,48.720319595518156],[-121.11863209031308,48.71868566303196],[-121.118225289018,48.71714966158063],[-121.11663928827137,48.71798272934919],[-121.11673868968889,48.71636499596258],[-121.11574782130522,48.71580452955646],[-121.10956068585503,48.71416939566624],[-121.1065004879278,48.7146544632733],[-121.10389308664072,48.714336996408946],[-121.10107608657584,48.71730006407473],[-121.09902828711652,48.717549797802036],[-121.0950324865193,48.713839864760914],[-121.08663588294773,48.71183866598331],[-121.08301628410008,48.71718093203798],[-121.0800808843679,48.71897179940745],[-121.07509254916806,48.720449600868825],[-121.0726938826722,48.7224160008625],[-121.07446588364162,48.72524340046145],[-121.07316955170846,48.72708866800196],[-121.07330348544876,48.72966846744738],[-121.06790868348436,48.732187067772486],[-121.06769641739399,48.73171586805973],[-121.07049468369277,48.730867402260216],[-121.07234288498947,48.72948580113319],[-121.07215821885336,48.72726960075711],[-121.07324641797382,48.72555160031389],[-121.0719110828444,48.72186746832533],[-121.08240694899169,48.71660399959484],[-121.08540648332676,48.71100366492463],[-121.0886626146941,48.710918464732174],[-121.09095888525775,48.712022665534455],[-121.0953094183836,48.71180686437394],[-121.09730201746966,48.7123930634568],[-121.0990970162383,48.71141499654285],[-121.10182621794819,48.712251797338084],[-121.10343148588055,48.71102299752596],[-121.09989148435487,48.710082996307264],[-121.098277684249,48.708369464329294],[-121.09822808270232,48.701283663661194],[-121.09514541329072,48.69161946297037],[-121.09265701141499,48.691020663768],[-121.086817476735,48.68717646378012],[-121.0858800089915,48.68484439809317],[-121.08353947476046,48.68295646338169],[-121.08467139416817,48.681643931233715]]],[[[-120.98669724629134,48.71189110556946],[-120.98576500525573,48.71149622800461],[-120.98687447808511,48.7123647262213],[-120.98669724629134,48.71189110556946]]],[[[-121.0287570841176,48.752115444019125],[-121.0280652275511,48.75223880741909],[-121.02832174435565,48.75341680785214],[-121.0287570841176,48.752115444019125]]],[[[-121.0322036505229,48.77647824127481],[-121.03136585405629,48.77524964549644],[-121.03027678815516,48.77541535246013],[-121.03091851517304,48.77704174776412],[-121.0322036505229,48.77647824127481]]],[[[-121.01904461968006,48.84898534098741],[-121.01991865047252,48.84825362526269],[-121.01883174881128,48.84753322050099],[-121.01745135621137,48.84876900909806],[-121.01904461968006,48.84898534098741]]],[[[-121.03818964186738,48.88455800329356],[-121.0393037702581,48.883455130088066],[-121.03704113873593,48.882352971786],[-121.03717515858474,48.88343550375502],[-121.03660374165851,48.883226343011316],[-121.03818964186738,48.88455800329356]]]]},"properties":{"COUNTY":"Whatcom","PRECCODE":178,"PRECNAME":"178 Whatcom county","PRECINCT":"Whatcom 178","DESCRIPTIO":"Sedro-Woolley Farthest Northeast (Saxon, South Fork County Park), Deming Rural Farthest Southeast","OFFICE":"County Commissioner District 5","JURISDICTION":"County Council","RACE":"Whatcom County District 5 County Commissioner District 5","Name_1":"Chris Elder","Party_1":"None_1","Votes_1":"31","Name_2":"Shawn Ensley","Party_2":"None_2","Votes_2":"15","Name_3":"Spenser R. New","Party_3":"None_5","Votes_3":"11","Name_4":"Todd Lagestee","Party_4":"None_3","Votes_4":"8","Name_5":"Jerry Burns","Party_5":"None_4","Votes_5":"6","Name_6":"Randall Wood","Party_6":"None_6","Votes_6":"4","Name_7":null,"Party_7":null,"Votes_7":"0","Votes_total":"75","Pct_1":41.33,"Pct_2":20,"Pct_3":14.67,"Pct_4":10.67,"Pct_5":8,"Pct_6":5.33,"Pct_7":0,"Margin":21.33}},
{"type":"Feature","geometry":{"type":"Polygon","coordinates":[[[-122.42161260399996,48.78929170000003],[-122.419634462,48.79169302100007],[-122.41728665499994,48.793209175000065],[-122.421118187,48.79312509700003],[-122.42165226099996,48.78949701500005],[-122.43312728199997,48.78940182900004],[-122.43707762499997,48.78576006800006],[-122.437132997,48.78221944900008],[-122.43102798099994,48.782219965000074],[-122.43040258599996,48.78267127000004],[-122.42635039599999,48.78230127900009],[-122.42634569899997,48.78562774300008],[-122.42161260399996,48.78929170000003]]]},"properties":{"COUNTY":"Whatcom","PRECCODE":211,"PRECNAME":"211 Bellingham","PRECINCT":"Whatcom 211","DESCRIPTIO":"Barkley North (Trickle Creek, Lindshier Avenue)","OFFICE":"County Commissioner District 5","JURISDICTION":"County Council","RACE":"Whatcom County District 5 County Commissioner District 5","Name_1":"Chris Elder","Party_1":"None_1","Votes_1":"34","Name_2":"Shawn Ensley","Party_2":"None_2","Votes_2":"11","Name_3":"Todd Lagestee","Party_3":"None_3","Votes_3":"11","Name_4":"Spenser R. New","Party_4":"None_5","Votes_4":"4","Name_5":"Jerry Burns","Party_5":"None_4","Votes_5":"1","Name_6":"Randall Wood","Party_6":"None_6","Votes_6":"1","Name_7":null,"Party_7":null,"Votes_7":"0","Votes_total":"62","Pct_1":54.84,"Pct_2":17.74,"Pct_3":17.74,"Pct_4":6.45,"Pct_5":1.61,"Pct_6":1.61,"Pct_7":0,"Margin":37.1}},
{"type":"Feature","geometry":{"type":"Polygon","coordinates":[[[-122.41960002599993,48.78248426800007],[-122.42011133299998,48.78314482200005],[-122.42021343,48.783336449000046],[-122.42025912099996,48.78361519400005],[-122.42027445399997,48.78463452000006],[-122.42029307899998,48.78476018200007],[-122.42033720799998,48.78491075600004],[-122.41999075199998,48.78500916200006],[-122.41999552799996,48.785351781000024],[-122.420186205,48.785606922000056],[-122.42018991199994,48.78586796000008],[-122.41550087699996,48.78591023600006],[-122.41526159399997,48.792245327000046],[-122.41420038999996,48.79225615800005],[-122.414830167,48.79263863200003],[-122.41545230599995,48.793613676000064],[-122.415715122,48.79420950700006],[-122.419634462,48.79169302100007],[-122.42161260399996,48.78929170000003],[-122.42634569899997,48.78562774300008],[-122.42635014099996,48.782218064000055],[-122.41960002599993,48.78248426800007]]]},"properties":{"COUNTY":"Whatcom","PRECCODE":212,"PRECNAME":"212 Bellingham","PRECINCT":"Whatcom 212","DESCRIPTIO":"Barkley Northeast (Squalicum High School, Britton Loop Road, Tree Farm, Ava Garden Apartments)","OFFICE":"County Commissioner District 5","JURISDICTION":"County Council","RACE":"Whatcom County District 5 County Commissioner District 5","Name_1":"Chris Elder","Party_1":"None_1","Votes_1":"59","Name_2":"Todd Lagestee","Party_2":"None_3","Votes_2":"34","Name_3":"Shawn Ensley","Party_3":"None_2","Votes_3":"24","Name_4":"Jerry Burns","Party_4":"None_4","Votes_4":"7","Name_5":"Spenser R. New","Party_5":"None_5","Votes_5":"7","Name_6":"Randall Wood","Party_6":"None_6","Votes_6":"4","Name_7":"Write-In","Party_7":"None_7","Votes_7":"2","Votes_total":"137","Pct_1":43.07,"Pct_2":24.82,"Pct_3":17.52,"Pct_4":5.11,"Pct_5":5.11,"Pct_6":2.92,"Pct_7":1.46,"Margin":18.25}},
{"type":"Feature","geometry":{"type":"Polygon","coordinates":[[[-122.321185552,48.91654891900007],[-122.32115216999996,48.92019030300001],[-122.32882270699994,48.92019813400004],[-122.3288179519999,48.921184361],[-122.33557207200002,48.92116421100003],[-122.33554390799998,48.92387790400004],[-122.33702046499991,48.92386599100011],[-122.33701234699996,48.924650360000086],[-122.34176847599993,48.92462997500009],[-122.34172446499994,48.92623606300001],[-122.34519614799997,48.92616875100004],[-122.3452225129999,48.923671234000075],[-122.35268127299997,48.923582545000016],[-122.35266191999996,48.91908352200009],[-122.34759087699994,48.9176644730001],[-122.34757458399994,48.91767624800009],[-122.345398398,48.915263092],[-122.33438084199993,48.91524085200003],[-122.33441956499996,48.916553563000015],[-122.33710670499997,48.916544310000056],[-122.33706421899993,48.91920224200006],[-122.32882408299999,48.919210241],[-122.32674162099991,48.919038683000025],[-122.32672250399997,48.91655607600005],[-122.321185552,48.91654891900007]]]},"properties":{"COUNTY":"Whatcom","PRECCODE":401,"PRECNAME":"401 Everson","PRECINCT":"Whatcom 401","DESCRIPTIO":"Everson North (Main Street, Washington Street, Everson Mobile Estates MHP)","OFFICE":"County Commissioner District 5","JURISDICTION":"County Council","RACE":"Whatcom County District 5 County Commissioner District 5","Name_1":"Chris Elder","Party_1":"None_1","Votes_1":"65","Name_2":"Shawn Ensley","Party_2":"None_2","Votes_2":"53","Name_3":"Todd Lagestee","Party_3":"None_3","Votes_3":"32","Name_4":"Jerry Burns","Party_4":"None_4","Votes_4":"30","Name_5":"Spenser R. New","Party_5":"None_5","Votes_5":"18","Name_6":"Randall Wood","Party_6":"None_6","Votes_6":"18","Name_7":"Write-In","Party_7":"None_7","Votes_7":"2","Votes_total":"218","Pct_1":29.82,"Pct_2":24.31,"Pct_3":14.68,"Pct_4":13.76,"Pct_5":8.26,"Pct_6":8.26,"Pct_7":0.92,"Margin":5.51}},
{"type":"Feature","geometry":{"type":"Polygon","coordinates":[[[-122.35304561,48.89850832900006],[-122.35287552899997,48.90879697800003],[-122.350120283,48.90933610400005],[-122.35010010199991,48.91007266000006],[-122.35284953299991,48.91011019500007],[-122.35277172499997,48.91404321600006],[-122.351116336,48.91525097600006],[-122.34759087699994,48.9176644730001],[-122.35266191999996,48.91908352200009],[-122.35693836200005,48.91954664200004],[-122.36000293200003,48.918789199000074],[-122.36005889599991,48.91305554000005],[-122.36385548799993,48.91313871200001],[-122.36397476399993,48.90802054600002],[-122.37172404399993,48.90617192600008],[-122.378003437,48.90610050300003],[-122.37802389200002,48.90146308600002],[-122.37505270199995,48.901431676000094],[-122.37504896799997,48.90222090200002],[-122.36961610899994,48.90221836299999],[-122.36962967499994,48.900360268000085],[-122.36407423,48.900348656000105],[-122.36409059699992,48.898504294000084],[-122.35856488499995,48.89850650000009],[-122.35858102099996,48.894826966000025],[-122.35675119899997,48.8948268080001],[-122.35674850899996,48.89565560700002],[-122.35303676599995,48.89565068900006],[-122.35304561,48.89850832900006]]]},"properties":{"COUNTY":"Whatcom","PRECCODE":402,"PRECNAME":"402 Everson","PRECINCT":"Whatcom 402","DESCRIPTIO":"Everson South (Kale Street, Mead Avenue, Sable Drive)","OFFICE":"County Commissioner District 5","JURISDICTION":"County Council","RACE":"Whatcom County District 5 County Commissioner District 5","Name_1":"Chris Elder","Party_1":"None_1","Votes_1":"135","Name_2":"Shawn Ensley","Party_2":"None_2","Votes_2":"118","Name_3":"Todd Lagestee","Party_3":"None_3","Votes_3":"81","Name_4":"Jerry Burns","Party_4":"None_4","Votes_4":"46","Name_5":"Spenser R. New","Party_5":"None_5","Votes_5":"35","Name_6":"Randall Wood","Party_6":"None_6","Votes_6":"22","Name_7":"Write-In","Party_7":"None_7","Votes_7":"4","Votes_total":"441","Pct_1":30.61,"Pct_2":26.76,"Pct_3":18.37,"Pct_4":10.43,"Pct_5":7.94,"Pct_6":4.99,"Pct_7":0.91,"Margin":3.85}},
{"type":"Feature","geometry":{"type":"Polygon","coordinates":[[[-122.31227684599996,48.92931630900005],[-122.31215983299995,48.934719375000036],[-122.32093148899995,48.93473950900006],[-122.32081311999997,48.94240067700007],[-122.32160817999996,48.93473882500007],[-122.325971859,48.93473229100004],[-122.32598418199994,48.93211458400003],[-122.32877990699996,48.93211676400006],[-122.32876703899997,48.92746670200006],[-122.32882270699997,48.920198134000024],[-122.32115216999996,48.92019030300002],[-122.32117117099995,48.918381347000036],[-122.32058915699997,48.91835658300005],[-122.31790153299991,48.918352793000054],[-122.31519467799994,48.91837683600004],[-122.31480060899996,48.92018308300004],[-122.31480134699997,48.92117210400005],[-122.31735478099993,48.92122149800008],[-122.31801446999997,48.92244407900005],[-122.31610743399992,48.92368251200003],[-122.31548322699996,48.92381723900007],[-122.31504804099995,48.924724424000026],[-122.31622401199996,48.926120654000044],[-122.31543434399995,48.926517408000045],[-122.31214287799995,48.926548217000054],[-122.31215196,48.92513119300003],[-122.31032535399997,48.92408095300004],[-122.30901945299995,48.92352485400004],[-122.30413760899994,48.92493553400004],[-122.30415552899994,48.93110324200006],[-122.30827444999991,48.931100151000074],[-122.30975066199994,48.93027478200003],[-122.30975640199995,48.92932222200005],[-122.31227684599996,48.92931630900005]]]},"properties":{"COUNTY":"Whatcom","PRECCODE":701,"PRECNAME":"701 Nooksack","PRECINCT":"Whatcom 701","DESCRIPTIO":"Nooksack (Main Precinct)","OFFICE":"County Commissioner District 5","JURISDICTION":"County Council","RACE":"Whatcom County District 5 County Commissioner District 5","Name_1":"Chris Elder","Party_1":"None_1","Votes_1":"121","Name_2":"Shawn Ensley","Party_2":"None_2","Votes_2":"98","Name_3":"Todd Lagestee","Party_3":"None_3","Votes_3":"55","Name_4":"Randall Wood","Party_4":"None_6","Votes_4":"30","Name_5":"Jerry Burns","Party_5":"None_4","Votes_5":"29","Name_6":"Spenser R. New","Party_6":"None_5","Votes_6":"29","Name_7":"Write-In","Party_7":"None_7","Votes_7":"3","Votes_total":"365","Pct_1":33.15,"Pct_2":26.85,"Pct_3":15.07,"Pct_4":8.22,"Pct_5":7.95,"Pct_6":7.95,"Pct_7":0.82,"Margin":6.3}},
{"type":"Feature","geometry":{"type":"Polygon","coordinates":[[[-122.254692606,48.99630808200004],[-122.257341824,48.99634031300007],[-122.25735269399998,48.99690062700005],[-122.25595937399999,48.99862223600007],[-122.25360965699998,48.99794035300005],[-122.25123051499997,48.99890891100006],[-122.25121805699995,49.002414215000044],[-122.29104073099995,49.00240927000004],[-122.29090300599997,48.99995330900003],[-122.28552419599997,48.999956109000046],[-122.28486388899994,48.99267257700006],[-122.28591576599996,48.99219999600007],[-122.286216589,48.98942340800004],[-122.26594268499997,48.989154606000056],[-122.26700435599999,48.98567629100006],[-122.25850316199994,48.98559213600003],[-122.25827801699995,48.98928558100005],[-122.25587392399996,48.98927396900006],[-122.255851728,48.990965370000026],[-122.25507876399995,48.990425851000055],[-122.25467511299996,48.989825842000066],[-122.25302289399997,48.989609660000035],[-122.25289788199993,48.992835771000045],[-122.25417813999996,48.99286292800008],[-122.25235212899996,48.99534528400005],[-122.25174357699997,48.99630869900005],[-122.254692606,48.99630808200004]]]},"properties":{"COUNTY":"Whatcom","PRECCODE":801,"PRECNAME":"801 Sumas","PRECINCT":"Whatcom 801","DESCRIPTIO":"Sumas","OFFICE":"County Commissioner District 5","JURISDICTION":"County Council","RACE":"Whatcom County District 5 County Commissioner District 5","Name_1":"Shawn Ensley","Party_1":"None_2","Votes_1":"89","Name_2":"Chris Elder","Party_2":"None_1","Votes_2":"74","Name_3":"Todd Lagestee","Party_3":"None_3","Votes_3":"38","Name_4":"Jerry Burns","Party_4":"None_4","Votes_4":"38","Name_5":"Randall Wood","Party_5":"None_6","Votes_5":"27","Name_6":"Spenser R. New","Party_6":"None_5","Votes_6":"24","Name_7":"Write-In","Party_7":"None_7","Votes_7":"3","Votes_total":"293","Pct_1":30.38,"Pct_2":25.26,"Pct_3":12.97,"Pct_4":12.97,"Pct_5":9.22,"Pct_6":8.19,"Pct_7":1.02,"Margin":5.12}}
]}