{
"type": "FeatureCollection",
"crs": { "type": "name", "properties": { "name": "urn:ogc:def:crs:OGC:1.3:CRS84" } },
"features": [
{ "type": "Feature", "properties": { "DISTRICT": "Lopez Island School District", "OFFICE": "School Levy 1", "JURISDICTION": "School", "RACE": "Lopez Island School District School Levy 1 ", "Name_1": "Approved", "Party_1": "Yes_1", "Votes_1": "1,043", "Name_2": "Rejected", "Party_2": "No_1", "Votes_2": "333", "Name_3": null, "Party_3": null, "Votes_3": "0", "Name_4": null, "Party_4": null, "Votes_4": "0", "Name_5": null, "Party_5": null, "Votes_5": "0", "Name_6": null, "Party_6": null, "Votes_6": "0", "Name_7": null, "Party_7": null, "Votes_7": "0", "Votes_total": "1,376", "Pct_1": 75.8, "Pct_2": 24.2, "Pct_3": 0.0, "Pct_4": 0.0, "Pct_5": 0.0, "Pct_6": 0.0, "Pct_7": 0.0, "Margin": 51.6 }, "geometry": { "type": "Polygon", "coordinates": [ [ [ -122.878138537981926, 48.576137656160135 ], [ -122.876291537986219, 48.576056656170302 ], [ -122.876133537983748, 48.575824656171186 ], [ -122.875662536976421, 48.575131654173894 ], [ -122.87550553797395, 48.574900656174776 ], [ -122.874188535980807, 48.575144656182054 ], [ -122.871192534991806, 48.575328655198589 ], [ -122.869471537996205, 48.575283655208146 ], [ -122.867577533999352, 48.57510165721861 ], [ -122.865407535001054, 48.574737654230638 ], [ -122.862204537, 48.573915655248435 ], [ -122.861292537997855, 48.573531655253497 ], [ -122.859379535993241, 48.572728655264157 ], [ -122.856485536980387, 48.571038656280315 ], [ -122.855038535972483, 48.570079656288428 ], [ -122.853797535963707, 48.569097657295366 ], [ -122.852030536946742, 48.567335655305321 ], [ -122.848457534912328, 48.563775655325394 ], [ -122.847802534903579, 48.562929657329065 ], [ -122.847320534900675, 48.562587654331743 ], [ -122.847286535899087, 48.562450654331961 ], [ -122.846459535892819, 48.56176465533656 ], [ -122.845150535878275, 48.560302655343953 ], [ -122.844289537867496, 48.55925165634882 ], [ -122.843910536864641, 48.558931655350968 ], [ -122.842540536846698, 48.55718965535867 ], [ -122.838123535789009, 48.551575655383623 ], [ -122.837676537779728, 48.550730657386175 ], [ -122.837572535779429, 48.55068465538676 ], [ -122.83619553375128, 48.548125655394649 ], [ -122.835953534743709, 48.547462654396 ], [ -122.834643535696429, 48.543395656403661 ], [ -122.834505535693395, 48.543121654404409 ], [ -122.833954536676927, 48.541681655407565 ], [ -122.833831533674612, 48.541470657408297 ], [ -122.83281853665585, 48.539739655414031 ], [ -122.83120053663383, 48.537614655423205 ], [ -122.829685535616704, 48.535901655431729 ], [ -122.827896536603006, 48.534393656441807 ], [ -122.82696953459795, 48.533777656446929 ], [ -122.823047535596942, 48.532789656468758 ], [ -122.822350535596684, 48.532613657472638 ], [ -122.817551534602629, 48.531985657499213 ], [ -122.815810533604861, 48.531758656508877 ], [ -122.807576537605541, 48.529920655554612 ], [ -122.806304535604781, 48.529570657561663 ], [ -122.801141535619436, 48.529545654590194 ], [ -122.795583535635117, 48.529519655620923 ], [ -122.794155535638012, 48.529424656628848 ], [ -122.789874537646739, 48.529139656652525 ], [ -122.788447534649706, 48.529044657660457 ], [ -122.787962536650639, 48.529011657663141 ], [ -122.786510537653626, 48.528915656671224 ], [ -122.786026534654638, 48.528883657673866 ], [ -122.778048536670951, 48.52835165671803 ], [ -122.768659535690176, 48.527727656770047 ], [ -122.754115536719937, 48.526758656850575 ], [ -122.752323534723601, 48.526639656860404 ], [ -122.751292533725717, 48.526571656866153 ], [ -122.748715533731001, 48.526399655880454 ], [ -122.746138533736257, 48.526228656894695 ], [ -122.745308533737372, 48.526127655899295 ], [ -122.744492513738464, 48.526027254903788 ], [ -122.744481386737846, 48.525975305903884 ], [ -122.744009543731821, 48.525387425906565 ], [ -122.743539396722412, 48.524526778909234 ], [ -122.743280984719362, 48.524225382910693 ], [ -122.743067904712277, 48.52360931291193 ], [ -122.742531839703034, 48.522749221915014 ], [ -122.74236121469616, 48.522161810915982 ], [ -122.741956396686007, 48.521258811918273 ], [ -122.741917521684599, 48.521141640918501 ], [ -122.741338226664467, 48.519395774921918 ], [ -122.741018502657823, 48.518793330923685 ], [ -122.740955243650646, 48.518206632924112 ], [ -122.740804686643557, 48.517604422925068 ], [ -122.740638428625545, 48.516129572926097 ], [ -122.740511684622319, 48.515842811926838 ], [ -122.740214165607981, 48.514625328928609 ], [ -122.740107054597061, 48.513737258929204 ], [ -122.740114193587374, 48.512963539929267 ], [ -122.740146203536582, 48.508913345929514 ], [ -122.740254608532709, 48.508626942928956 ], [ -122.740470731528319, 48.508327514927792 ], [ -122.740842529512022, 48.507111093925843 ], [ -122.741105776504128, 48.506539463924469 ], [ -122.741342078499798, 48.506254069923159 ], [ -122.741648122488016, 48.505381484921521 ], [ -122.741906081483705, 48.505096364920128 ], [ -122.742642261467054, 48.503938828916219 ], [ -122.742902294455234, 48.503052033914841 ], [ -122.743340282443057, 48.502179687912523 ], [ -122.743450049428418, 48.501034696912043 ], [ -122.743821236409275, 48.49959009591015 ], [ -122.743769246397534, 48.498640674910462 ], [ -122.743556770383691, 48.497482587911819 ], [ -122.743465080371806, 48.496520507912386 ], [ -122.743465056371861, 48.496520239912421 ], [ -122.745256124357567, 48.495791133902586 ], [ -122.745258620357518, 48.495790116902555 ], [ -122.745644587341729, 48.494619332900527 ], [ -122.746082136329491, 48.493739440898203 ], [ -122.746698922318714, 48.493024054894853 ], [ -122.748805166288662, 48.49110391088341 ], [ -122.750905314252606, 48.488708303872052 ], [ -122.752308364225286, 48.48683982586445 ], [ -122.753274051203462, 48.485325640859273 ], [ -122.754113243182516, 48.48384331385482 ], [ -122.75504917516453, 48.482622287849765 ], [ -122.75528343115792, 48.482149832848471 ], [ -122.755512753147244, 48.48134719684731 ], [ -122.755917632135279, 48.480480893845154 ], [ -122.755807244116639, 48.478969350845915 ], [ -122.755858463106193, 48.478146774845754 ], [ -122.755818745098694, 48.47753494584601 ], [ -122.755780952096202, 48.477327358846253 ], [ -122.75373943801057, 48.470013035858273 ], [ -122.752974777980313, 48.467420269862792 ], [ -122.752228866955548, 48.465262285867126 ], [ -122.75153892594679, 48.46440652587107 ], [ -122.751520287941474, 48.463972420871187 ], [ -122.750830333932711, 48.463116657875084 ], [ -122.74941323090458, 48.460536246883201 ], [ -122.749338800883038, 48.458799927883824 ], [ -122.74793948686029, 48.456654275891751 ], [ -122.747143053837604, 48.454659136896396 ], [ -122.745105496779729, 48.449554151908202 ], [ -122.744264515758232, 48.447641128913048 ], [ -122.742023128694157, 48.44199813392607 ], [ -122.737011268550987, 48.429377494955141 ], [ -122.736124601520871, 48.426764257960322 ], [ -122.735401817496395, 48.424635812964603 ], [ -122.734562555460414, 48.421560499969551 ], [ -122.734050117425454, 48.418638673972723 ], [ -122.7338518864035, 48.416834028974016 ], [ -122.73373893738129, 48.415026430974855 ], [ -122.733738500356338, 48.413031665975076 ], [ -122.73373720935146, 48.412638358975158 ], [ -122.735043356273181, 48.406663665968566 ], [ -122.735715010240924, 48.404236142965139 ], [ -122.736300517217146, 48.402469448962151 ], [ -122.737056865191207, 48.400559070958117 ], [ -122.737720886171587, 48.399139676954626 ], [ -122.738284049157087, 48.39810800595162 ], [ -122.739757269122336, 48.395661200943799 ], [ -122.741105298094098, 48.393708727936527 ], [ -122.74243373006918, 48.392022512929358 ], [ -122.743401884051082, 48.390791950924196 ], [ -122.74471409802878, 48.389307449917069 ], [ -122.746650190950533, 48.383478868907041 ], [ -122.749649929894787, 48.379702941890926 ], [ -122.753686775842041, 48.376401941868963 ], [ -122.758143337795929, 48.373738304844629 ], [ -122.76582032173657, 48.370755843802506 ], [ -122.775062703692598, 48.369364884751555 ], [ -122.792004031637617, 48.368882355657881 ], [ -122.80332869260674, 48.369031828595233 ], [ -122.817435419570742, 48.369412882517146 ], [ -122.829733484547106, 48.370377480448973 ], [ -122.845154501515353, 48.371409201363534 ], [ -122.85314862949204, 48.371395751319319 ], [ -122.856541623479075, 48.371141154300531 ], [ -122.86013612346261, 48.370656264280669 ], [ -122.86292611144782, 48.370121568265319 ], [ -122.882275928333968, 48.365483536158791 ], [ -122.901622330220007, 48.360842327052232 ], [ -122.920965314105942, 48.356197939945758 ], [ -122.940304878991881, 48.351550376839263 ], [ -122.940387527002756, 48.352445654838618 ], [ -122.941329528127184, 48.362648654832235 ], [ -122.941421531139198, 48.363633654831602 ], [ -122.942455531275712, 48.374821654824579 ], [ -122.942885530332418, 48.379468655821718 ], [ -122.944010532477819, 48.391383654814092 ], [ -122.944337532499972, 48.393234654812076 ], [ -122.946122531620759, 48.403324653801072 ], [ -122.946415530640493, 48.404979655799266 ], [ -122.947343530742231, 48.413337656793146 ], [ -122.948179532833649, 48.4208516537877 ], [ -122.949590533053225, 48.438747654777949 ], [ -122.94995253211151, 48.443492654775461 ], [ -122.950292530166038, 48.447938653773107 ], [ -122.950516534202009, 48.450863654771616 ], [ -122.950543531225378, 48.452737654771234 ], [ -122.950555532235697, 48.453561653771082 ], [ -122.950685531344789, 48.462315653769458 ], [ -122.951215532383969, 48.465565654766223 ], [ -122.951773534425044, 48.468978653762754 ], [ -122.952039534444594, 48.470602653761119 ], [ -122.952510531525249, 48.477155652757858 ], [ -122.952926533630617, 48.485665653754708 ], [ -122.952275531720787, 48.492716654757622 ], [ -122.952156531737259, 48.494006654758131 ], [ -122.952235534809958, 48.499820653757126 ], [ -122.951749532832551, 48.501511655759636 ], [ -122.949418533941014, 48.509627654771812 ], [ -122.948558532987391, 48.513128654776203 ], [ -122.948240533004551, 48.514422653777821 ], [ -122.948446533028019, 48.516344655776528 ], [ -122.948722533059481, 48.518916655774746 ], [ -122.949111532120185, 48.523851655772155 ], [ -122.950326534140601, 48.525757653765226 ], [ -122.950889536150058, 48.526639655761976 ], [ -122.951914534171735, 48.528608652756169 ], [ -122.948375533195716, 48.529696654775677 ], [ -122.946559532210145, 48.530432655785646 ], [ -122.945031533222391, 48.531053655794025 ], [ -122.941752536258434, 48.533167653811979 ], [ -122.939539535288105, 48.535020653824034 ], [ -122.938790532298484, 48.535676655828162 ], [ -122.935987533344004, 48.538660653843394 ], [ -122.934360536387061, 48.541713655852121 ], [ -122.933707533404331, 48.542940654855578 ], [ -122.933600534444764, 48.54613265485591 ], [ -122.934295536453035, 48.546956653851971 ], [ -122.932286533470659, 48.547897655863039 ], [ -122.929050537503841, 48.549794654880785 ], [ -122.925367535538015, 48.551667652901024 ], [ -122.923095534557518, 48.552695654913457 ], [ -122.922285535565265, 48.553129654917875 ], [ -122.913903533646064, 48.557629655963844 ], [ -122.91221653766037, 48.558383653973117 ], [ -122.909117533691457, 48.560142655990084 ], [ -122.905432536736257, 48.562860654010272 ], [ -122.904192535759066, 48.564390654017004 ], [ -122.9025385347948, 48.566858654025914 ], [ -122.901400535822759, 48.568823655032091 ], [ -122.900229533844197, 48.570263656038435 ], [ -122.898472535868578, 48.571793655048005 ], [ -122.895233538906595, 48.574077655065686 ], [ -122.894414534915171, 48.574569656070196 ], [ -122.89417253791639, 48.574613654071541 ], [ -122.892905538922008, 48.574770655078531 ], [ -122.891572537929321, 48.57504565708588 ], [ -122.89048153693517, 48.575255656091919 ], [ -122.889766537938996, 48.575396654095854 ], [ -122.889585536939975, 48.575433655096809 ], [ -122.888615534944222, 48.575547655102206 ], [ -122.887378533949203, 48.575661655109045 ], [ -122.885995537954273, 48.575743657116718 ], [ -122.88480853795906, 48.575857654123219 ], [ -122.883862534962631, 48.575922657128494 ], [ -122.882553535967673, 48.576020655135729 ], [ -122.88145153697198, 48.57611265414176 ], [ -122.879933534977496, 48.576200656150192 ], [ -122.878138537981926, 48.576137656160135 ] ] ] } },
{ "type": "Feature", "properties": { "DISTRICT": "Oroville School District", "OFFICE": "School Levy 1", "JURISDICTION": "School", "RACE": "Oroville School District School Levy ", "Name_1": "Approved", "Party_1": "Yes_1", "Votes_1": "655", "Name_2": "Rejected", "Party_2": "No_1", "Votes_2": "591", "Name_3": null, "Party_3": null, "Votes_3": "0", "Name_4": null, "Party_4": null, "Votes_4": "0", "Name_5": null, "Party_5": null, "Votes_5": "0", "Name_6": null, "Party_6": null, "Votes_6": "0", "Name_7": null, "Party_7": null, "Votes_7": "0", "Votes_total": "1,246", "Pct_1": 52.57, "Pct_2": 47.43, "Pct_3": 0.0, "Pct_4": 0.0, "Pct_5": 0.0, "Pct_6": 0.0, "Pct_7": 0.0, "Margin": 5.14 }, "geometry": { "type": "Polygon", "coordinates": [ [ [ -118.90264834481836, 48.98884456692231 ], [ -118.902499589637884, 48.974413148924057 ], [ -118.902734535456176, 48.959951731923745 ], [ -118.902343485457109, 48.959952651925917 ], [ -118.902584314274804, 48.945432912925561 ], [ -118.902865903094465, 48.931071721925093 ], [ -118.903077515912386, 48.916547792925023 ], [ -118.902893085718262, 48.900980064927197 ], [ -118.902822430538578, 48.886582896928708 ], [ -118.902820000448301, 48.8793439479293 ], [ -118.913870304419859, 48.879254372869319 ], [ -118.919389963405465, 48.879201826839378 ], [ -118.919384706359509, 48.875518007839723 ], [ -118.919383829314043, 48.871873438840012 ], [ -118.924912694299934, 48.871838641809973 ], [ -118.925056317254345, 48.868210704809528 ], [ -118.925343501163098, 48.860954809808547 ], [ -118.925487063117501, 48.857326856808093 ], [ -118.924637500938985, 48.842840661813916 ], [ -118.924722263757545, 48.82830045281473 ], [ -118.945767091704539, 48.828236785700398 ], [ -118.946663713702193, 48.828223820695555 ], [ -118.967128014642356, 48.82750772258445 ], [ -118.989035771586003, 48.827355054465478 ], [ -119.010918691533419, 48.827504058346562 ], [ -119.033919264476069, 48.827498216221642 ], [ -119.054576493425017, 48.827530811109355 ], [ -119.054755758606333, 48.842109787107141 ], [ -119.07626920854986, 48.841885629990273 ], [ -119.099257639494525, 48.842049542865283 ], [ -119.121386927441151, 48.842203086744995 ], [ -119.143465024385449, 48.842159440624975 ], [ -119.165344970330324, 48.84213606750599 ], [ -119.165392232511152, 48.856627746504543 ], [ -119.187474093457141, 48.856732680384447 ], [ -119.209643836400517, 48.856642706263884 ], [ -119.232153953347051, 48.856885764141467 ], [ -119.232003599359189, 48.857828117142212 ], [ -119.254105248303503, 48.857813565021971 ], [ -119.276100345248707, 48.857854401902344 ], [ -119.298075333194561, 48.857945608782757 ], [ -119.320116280139175, 48.857951743662845 ], [ -119.342032446083735, 48.857931514543573 ], [ -119.363539211029902, 48.857967581426522 ], [ -119.363637814844196, 48.843126514427247 ], [ -119.385510906794195, 48.843547876308165 ], [ -119.38553077261102, 48.828886979309281 ], [ -119.407541008555995, 48.828930805189401 ], [ -119.429319219497899, 48.82869906607084 ], [ -119.451364054441456, 48.828645041950857 ], [ -119.4511800406204, 48.842931036950652 ], [ -119.47317641456435, 48.842903217830901 ], [ -119.473055279745324, 48.857357903830376 ], [ -119.495122760687281, 48.857185430710246 ], [ -119.516965413632306, 48.857227752591236 ], [ -119.522463003618185, 48.857216723561265 ], [ -119.522356160801266, 48.871819649560734 ], [ -119.538933805758845, 48.871795989470442 ], [ -119.538875236940839, 48.886320526469646 ], [ -119.56090168688614, 48.886419832349695 ], [ -119.560917133064308, 48.900647105348511 ], [ -119.560994283253308, 48.915730899347025 ], [ -119.582558136198742, 48.915752079229605 ], [ -119.604599238142939, 48.915769678109484 ], [ -119.624047720093799, 48.915796886003534 ], [ -119.624185022255588, 48.92872013600185 ], [ -119.639234784217322, 48.928724448919894 ], [ -119.654284548179064, 48.92872687083787 ], [ -119.65622576529249, 48.938159387826602 ], [ -119.668002215250851, 48.93723352276249 ], [ -119.66806451825245, 48.937373937762153 ], [ -119.668120797254488, 48.937550272761875 ], [ -119.668144210256415, 48.937708461761694 ], [ -119.668146878257843, 48.937818647761681 ], [ -119.668179716259687, 48.937974015761505 ], [ -119.668153118264073, 48.938316729761624 ], [ -119.668074298268152, 48.938623628762073 ], [ -119.667977796272226, 48.938930182762526 ], [ -119.667880530276179, 48.939224905763048 ], [ -119.66778511127967, 48.939484185763554 ], [ -119.667730613281719, 48.939637656763857 ], [ -119.667631537285558, 48.939920366764376 ], [ -119.667536708288111, 48.940108726764855 ], [ -119.667387212291786, 48.940367466765679 ], [ -119.667257290294344, 48.940543653766376 ], [ -119.667127099296991, 48.94073165776706 ], [ -119.666978140300344, 48.940966758767885 ], [ -119.666810457303754, 48.941201674768742 ], [ -119.666568020308944, 48.941566041770002 ], [ -119.666454642312615, 48.941836962770665 ], [ -119.666303274316661, 48.942131141771441 ], [ -119.666152127321183, 48.94246096077228 ], [ -119.6660381993252, 48.942755514772848 ], [ -119.665942002328521, 48.943002961773367 ], [ -119.665918476331782, 48.943256622773447 ], [ -119.666061034339037, 48.943859757772664 ], [ -119.666301336350742, 48.944843850771242 ], [ -119.666428554356472, 48.945326606770521 ], [ -119.666880880357368, 48.945484430768111 ], [ -119.667771399355999, 48.945558698763257 ], [ -119.668153048354569, 48.945521563761147 ], [ -119.668401251351852, 48.945357785759811 ], [ -119.66875847235012, 48.945295563757874 ], [ -119.669236415346063, 48.945065113755263 ], [ -119.669670207341554, 48.944799135752909 ], [ -119.669952717338106, 48.944577334751358 ], [ -119.670119480334975, 48.944361993750476 ], [ -119.670257358331909, 48.94414636774971 ], [ -119.670309255328689, 48.943899424749517 ], [ -119.670348116326309, 48.943717073749333 ], [ -119.67037567732379, 48.94352318774915 ], [ -119.670390374322096, 48.943386279749063 ], [ -119.670381581320555, 48.943265663749131 ], [ -119.67038353431947, 48.943180630749161 ], [ -119.670385277318502, 48.943104508749116 ], [ -119.670446459316494, 48.942956643748815 ], [ -119.670570330314803, 48.942847471748152 ], [ -119.670768180313559, 48.942788529747048 ], [ -119.67098188031305, 48.942794462745908 ], [ -119.671194882313017, 48.942830846744727 ], [ -119.671408059312824, 48.942859620743533 ], [ -119.671638307312719, 48.942899978742332 ], [ -119.671856391313057, 48.942966871741163 ], [ -119.672097850313136, 48.943022570739799 ], [ -119.672310418313231, 48.943077983738654 ], [ -119.672527721313983, 48.943179127737487 ], [ -119.672747680314544, 48.943270398736225 ], [ -119.672852717315607, 48.943372710735673 ], [ -119.672989734316161, 48.943446406734914 ], [ -119.673097432317064, 48.94353884673437 ], [ -119.673238138318723, 48.943703947733574 ], [ -119.673361950320313, 48.943849845732842 ], [ -119.673440235321564, 48.943964833732409 ], [ -119.673413814323439, 48.944109239732583 ], [ -119.673388435324682, 48.944207972732698 ], [ -119.673389949327102, 48.944394532732673 ], [ -119.67333780533049, 48.944652893732965 ], [ -119.673287903334739, 48.944985169733215 ], [ -119.673323515336776, 48.945156671732988 ], [ -119.673320206338545, 48.945301401733005 ], [ -119.673293816342337, 48.945590836733125 ], [ -119.673364572347239, 48.94599961673272 ], [ -119.673474186351939, 48.946392507732078 ], [ -119.673588586355692, 48.946712808731441 ], [ -119.673743215357774, 48.946911701730563 ], [ -119.673880621359018, 48.94704480572986 ], [ -119.674039854359791, 48.947133417728949 ], [ -119.674276555360592, 48.947246265727635 ], [ -119.67435303736238, 48.947404982727278 ], [ -119.674610668363158, 48.947512895725801 ], [ -119.674927589363634, 48.947621231724128 ], [ -119.675226088364099, 48.94771636072246 ], [ -119.675306778363563, 48.947690949722016 ], [ -119.675486121363477, 48.947718937720992 ], [ -119.675584476364051, 48.947785699720498 ], [ -119.675703929364431, 48.947839649719853 ], [ -119.675922797364208, 48.947868202718638 ], [ -119.67632175736405, 48.947937941716482 ], [ -119.676841830362847, 48.947943094713594 ], [ -119.677342447361468, 48.94793485971087 ], [ -119.677662674360135, 48.947898455709108 ], [ -119.677923010359365, 48.94788801170774 ], [ -119.678163284358789, 48.947890388706448 ], [ -119.678383499358432, 48.947905588705275 ], [ -119.678562246358666, 48.947960120704273 ], [ -119.678781116358451, 48.947988667703065 ], [ -119.678982164357819, 48.947977464701978 ], [ -119.679183076356679, 48.947926685700907 ], [ -119.679384581355208, 48.947849701699774 ], [ -119.679587428353528, 48.947759537698701 ], [ -119.679674944352655, 48.947708321698187 ], [ -119.679689624387038, 48.950447476697967 ], [ -119.685335007372643, 48.950448639667179 ], [ -119.687113109368127, 48.950448975657515 ], [ -119.687248228369015, 48.950547092656777 ], [ -119.687363985370894, 48.950719374656131 ], [ -119.687619580372711, 48.950919239654674 ], [ -119.687856004374339, 48.951092706653391 ], [ -119.688013227375578, 48.951225988652546 ], [ -119.688150088377256, 48.951385285651803 ], [ -119.688206115378961, 48.951530597651455 ], [ -119.688241328381821, 48.951768044651274 ], [ -119.688278184383194, 48.951886783651076 ], [ -119.688415052384826, 48.952046079650295 ], [ -119.688571088386865, 48.952231946649412 ], [ -119.688784936389425, 48.952484165648222 ], [ -119.68902047939153, 48.952697191646983 ], [ -119.689217533392494, 48.952817671645874 ], [ -119.689354703394017, 48.952963778645156 ], [ -119.689511339395608, 48.953123265644251 ], [ -119.689628002396987, 48.953255980643604 ], [ -119.689784935398379, 48.953402450642777 ], [ -119.690019898400863, 48.953641683641436 ], [ -119.690215475402667, 48.953827932640401 ], [ -119.690433250404425, 48.954009806639149 ], [ -119.690524573404133, 48.954009640638645 ], [ -119.69069015140488, 48.954095890637809 ], [ -119.690885732406656, 48.954282140636657 ], [ -119.691008158408849, 48.954482580636004 ], [ -119.691136614411207, 48.954692670635275 ], [ -119.69117303441341, 48.954877360635102 ], [ -119.691269051415361, 48.95504944463454 ], [ -119.69128555541711, 48.955194369634462 ], [ -119.69144250541855, 48.955340665633571 ], [ -119.691536444421629, 48.955604897633016 ], [ -119.691612102423903, 48.955803163632623 ], [ -119.691589079425782, 48.95594769863272 ], [ -119.691545538427562, 48.956079014632962 ], [ -119.691622684429049, 48.9562113406325 ], [ -119.691699233430839, 48.956370044632116 ], [ -119.691837603431651, 48.956463562631377 ], [ -119.692034085433022, 48.956610417630273 ], [ -119.692252268433805, 48.956717737629099 ], [ -119.692428987435207, 48.956864397628109 ], [ -119.69266693443592, 48.956972080626826 ], [ -119.693003873436979, 48.957120132624958 ], [ -119.693201546437635, 48.957214232623869 ], [ -119.693278994438884, 48.957333365623462 ], [ -119.69339596944009, 48.957453058622811 ], [ -119.693635399440012, 48.957494968621496 ], [ -119.693835599439893, 48.957523134620381 ], [ -119.693894441440548, 48.957590349620084 ], [ -119.697012116432546, 48.957586121603114 ], [ -119.697262709434327, 48.957780261601684 ], [ -119.697530992435517, 48.95792814660026 ], [ -119.698003934435775, 48.958044445597636 ], [ -119.698459196436062, 48.958160566595176 ], [ -119.698878669437931, 48.958388038592894 ], [ -119.699264852439725, 48.958615182590776 ], [ -119.699550290440584, 48.958740787589186 ], [ -119.699917793443092, 48.959012465587143 ], [ -119.700151506444456, 48.959171145585884 ], [ -119.700486476446585, 48.959408925584015 ], [ -119.700738130447832, 48.959556639582686 ], [ -119.701575875452164, 48.96006740157808 ], [ -119.70191030945395, 48.960282901576235 ], [ -119.702229850454842, 48.960419964574463 ], [ -119.702516052455294, 48.960512162572876 ], [ -119.702802548456162, 48.960637769571328 ], [ -119.703358557456923, 48.960810698568302 ], [ -119.70352595145836, 48.960957591567386 ], [ -119.703963857459129, 48.961107103565013 ], [ -119.704095879460638, 48.96125348156427 ], [ -119.705755671488163, 48.963782882555016 ], [ -119.706022270490323, 48.964008851553572 ], [ -119.706153563492251, 48.964188798552868 ], [ -119.706498286498288, 48.964739474550939 ], [ -119.706597043499258, 48.964838248550379 ], [ -119.706913632502506, 48.965156864548632 ], [ -119.707115344503251, 48.965259199547546 ], [ -119.707487151503372, 48.965341076545485 ], [ -119.707671915503724, 48.965409841544506 ], [ -119.707804999505271, 48.96555639754375 ], [ -119.70798703850717, 48.965747969542775 ], [ -119.708219615509861, 48.966007181541478 ], [ -119.708433274513268, 48.966321888540286 ], [ -119.708598170515558, 48.96653573653942 ], [ -119.708731757516759, 48.966660025538658 ], [ -119.710455434527006, 48.967826985529179 ], [ -119.710722078529159, 48.968052943527674 ], [ -119.710923307530194, 48.968177882526639 ], [ -119.711682153531726, 48.968453043522437 ], [ -119.712017918532354, 48.968568198520607 ], [ -119.71210077753355, 48.968680690520131 ], [ -119.712144357537667, 48.969016201519871 ], [ -119.712165113545311, 48.969630733519708 ], [ -119.712174351549507, 48.969965914519669 ], [ -119.712166451554012, 48.970323198519694 ], [ -119.711999642562276, 48.970947235520548 ], [ -119.711927558565009, 48.971147495520981 ], [ -119.711749284570416, 48.971536893521908 ], [ -119.711623430574164, 48.971814927522594 ], [ -119.711508186577888, 48.972083982523181 ], [ -119.709125407584025, 48.972093451536132 ], [ -119.709083930588264, 48.972414953536372 ], [ -119.709004636593789, 48.972845731536772 ], [ -119.708856184600506, 48.973344024537575 ], [ -119.708675370605448, 48.973705810538519 ], [ -119.708492534611679, 48.974158377539446 ], [ -119.708240475617671, 48.974587489540824 ], [ -119.707955612623465, 48.974993671542357 ], [ -119.707741956627785, 48.975286785543489 ], [ -119.707426239631062, 48.975488293545226 ], [ -119.707113354635169, 48.975749443546896 ], [ -119.706969105637071, 48.975870026547689 ], [ -119.706617525641377, 48.976139198549561 ], [ -119.706161363646174, 48.976430142552097 ], [ -119.7059471856507, 48.976746033553169 ], [ -119.705839605653537, 48.976949373553822 ], [ -119.705870919655183, 48.977086041553605 ], [ -119.705967385658639, 48.977382316553062 ], [ -119.706368004665975, 48.978044883550837 ], [ -119.706773148670095, 48.978457719548608 ], [ -119.707108600674999, 48.978915103546761 ], [ -119.707470694680097, 48.979391935544747 ], [ -119.708551980695219, 48.980814487538737 ], [ -119.708991513699345, 48.981227473536308 ], [ -119.710412256712985, 48.982604108528498 ], [ -119.71044257971522, 48.982786162528384 ], [ -119.710608827718517, 48.983083105527413 ], [ -119.710709014719313, 48.983166124526853 ], [ -119.710914519720887, 48.983335815525678 ], [ -119.711532407721421, 48.98350073052238 ], [ -119.712254394721683, 48.9836666385184 ], [ -119.71297393972273, 48.983895905514473 ], [ -119.713033137761158, 48.986964004513972 ], [ -119.712970894788469, 48.989120063514164 ], [ -119.709918027796277, 48.989119703530847 ], [ -119.70940663879469, 48.988891565533663 ], [ -119.708575811798568, 48.989029185538165 ], [ -119.708505016805802, 48.989591609538529 ], [ -119.707496253818874, 48.990426465543948 ], [ -119.706313347823084, 48.990521961550414 ], [ -119.704136388840212, 48.99144265056222 ], [ -119.703733120843793, 48.991642614564412 ], [ -119.703162467850532, 48.992064180567496 ], [ -119.702692921858116, 48.992574260570038 ], [ -119.702253988865422, 48.993065106572409 ], [ -119.701965294870391, 48.993402709573921 ], [ -119.702030675872777, 48.993599325573534 ], [ -119.702075444874993, 48.993786148573328 ], [ -119.701998271876988, 48.993931188573725 ], [ -119.701917843880878, 48.994222154574146 ], [ -119.701758789887592, 48.994722903575031 ], [ -119.701690308891685, 48.995038139575286 ], [ -119.701609154895976, 48.995361477575806 ], [ -119.701524195902408, 48.995854892576183 ], [ -119.701500481908809, 48.996356950576292 ], [ -119.701468075913084, 48.996688811576462 ], [ -119.70152316791652, 48.996973038576165 ], [ -119.701509908917515, 48.997053769576219 ], [ -119.70144327492001, 48.997239512576577 ], [ -119.701362114924336, 48.99756284957698 ], [ -119.701300145931853, 48.998145568577264 ], [ -119.701300699938571, 48.998680237577219 ], [ -119.701283863948106, 48.999433677577308 ], [ -119.701258122955608, 49.000026017577383 ], [ -119.701254353956713, 49.00011271357743 ], [ -119.701176787956925, 49.000112697577862 ], [ -119.701093536957103, 49.000112679578287 ], [ -119.701060087957202, 49.000112672578496 ], [ -119.690740327983548, 49.000112876634724 ], [ -119.690614418983827, 49.000112710635428 ], [ -119.668784422039366, 49.000112424754391 ], [ -119.654205396076463, 49.000109969833844 ], [ -119.646733775095441, 49.000108318874553 ], [ -119.635821901123123, 49.00010469993402 ], [ -119.624482218152039, 49.000107260995783 ], [ -119.604794596202069, 49.000109253103076 ], [ -119.582820764257775, 49.00010765722277 ], [ -119.580786329262949, 49.000107463233853 ], [ -119.560802011313669, 49.000111624342715 ], [ -119.538963222369034, 49.000112633461669 ], [ -119.523480659408179, 49.00011064454597 ], [ -119.516914360424735, 49.000104847581731 ], [ -119.505512287453399, 49.000093918643827 ], [ -119.495559277478534, 49.000090577698003 ], [ -119.473381852534402, 49.000081347818757 ], [ -119.45878039757126, 49.000072828898261 ], [ -119.458328189572327, 49.000072553900708 ], [ -119.451428175589726, 49.000067891938293 ], [ -119.443281550610166, 49.00006191998262 ], [ -119.431012647641268, 49.000072796049395 ], [ -119.430584984642365, 49.000073153051709 ], [ -119.429760244644399, 49.000073836056167 ], [ -119.429513402645057, 49.00007401205756 ], [ -119.407399949700959, 49.000089823177944 ], [ -119.402918514712283, 49.000092521202355 ], [ -119.38541539475645, 49.000097930297564 ], [ -119.382252608764375, 49.000098580314777 ], [ -119.36325611781217, 49.00009689741816 ], [ -119.342173003865014, 49.00009181653283 ], [ -119.341434075866914, 49.000090921536881 ], [ -119.320106160920432, 49.000091259652933 ], [ -119.311406621942325, 49.00008975370023 ], [ -119.29830885597508, 49.000088275771496 ], [ -119.276132738030654, 49.000081952892089 ], [ -119.265610827056946, 49.000077182949354 ], [ -119.25402404008598, 49.000079402012361 ], [ -119.231937377141151, 49.000077422132442 ], [ -119.224148292160621, 49.000075760174809 ], [ -119.208262945200403, 49.000077524261179 ], [ -119.196058364230836, 49.000077646327547 ], [ -119.186432360255424, 49.000120613379899 ], [ -119.183221644263625, 49.000134961397343 ], [ -119.164442135309955, 49.000095255499446 ], [ -119.157560731326981, 49.000079876536844 ], [ -119.14247950736457, 49.000084335618851 ], [ -119.128836482398626, 49.000086979692959 ], [ -119.120282263419938, 49.000088603739471 ], [ -119.101340141467048, 49.000090221842413 ], [ -119.098192143474876, 49.000089684859553 ], [ -119.075768107530564, 49.000082704981367 ], [ -119.074323694534129, 49.000082293989237 ], [ -119.053741447585224, 49.000076675101042 ], [ -119.047140543601543, 49.000074090136877 ], [ -119.042740481612483, 49.000075173160774 ], [ -119.037239997626159, 49.000076300190649 ], [ -119.03173950963982, 49.00007717522054 ], [ -119.01691187467658, 49.000078531301121 ], [ -119.01007556769359, 49.00008093433825 ], [ -119.004590481707154, 49.000082141368033 ], [ -118.988135223747989, 49.000084250457469 ], [ -118.974074062782805, 49.000084548533792 ], [ -118.96620611680224, 49.000087884576516 ], [ -118.957171515824612, 49.000090018625585 ], [ -118.946729935850428, 49.000089599682269 ], [ -118.942656536860483, 49.000089993704393 ], [ -118.924880798904411, 49.000091148800898 ], [ -118.910264704940545, 49.00009102188023 ], [ -118.902764937959162, 49.000098171920939 ], [ -118.90264834481836, 48.98884456692231 ] ] ] } },
{ "type": "Feature", "properties": { "DISTRICT": "Skykomish School District", "OFFICE": "School Levy 1", "JURISDICTION": "School", "RACE": "Skykomish School District School Levy 1 ", "Name_1": "Approved", "Party_1": "Yes_1", "Votes_1": "82", "Name_2": "Rejected", "Party_2": "No_1", "Votes_2": "63", "Name_3": null, "Party_3": null, "Votes_3": "0", "Name_4": null, "Party_4": null, "Votes_4": "0", "Name_5": null, "Party_5": null, "Votes_5": "0", "Name_6": null, "Party_6": null, "Votes_6": "0", "Name_7": null, "Party_7": null, "Votes_7": "0", "Votes_total": "145", "Pct_1": 56.55, "Pct_2": 43.45, "Pct_3": 0.0, "Pct_4": 0.0, "Pct_5": 0.0, "Pct_6": 0.0, "Pct_7": 0.0, "Margin": 13.1 }, "geometry": { "type": "Polygon", "coordinates": [ [ [ -121.432242203267819, 47.780502771264672 ], [ -121.431721300269032, 47.780483619267564 ], [ -121.410651268326532, 47.780377038383598 ], [ -121.41034636132747, 47.78038352238525 ], [ -121.389214731384556, 47.780232472501652 ], [ -121.38865741538595, 47.780223328504732 ], [ -121.368047281442827, 47.780180308618206 ], [ -121.367527136443869, 47.780143377621094 ], [ -121.346447707499962, 47.779928710737195 ], [ -121.346089856500967, 47.779930613739147 ], [ -121.335734716530411, 47.77998238479617 ], [ -121.335238541531751, 47.779980800798867 ], [ -121.324574733559658, 47.779835967857622 ], [ -121.302596669617515, 47.779569196978613 ], [ -121.301656580620076, 47.779561961983788 ], [ -121.300582980622949, 47.779557278989707 ], [ -121.291891725646636, 47.779518986037559 ], [ -121.281424661676326, 47.779571224095164 ], [ -121.280716986678257, 47.779567368099066 ], [ -121.259973981735939, 47.779573004213198 ], [ -121.25960786973684, 47.779565787215219 ], [ -121.238627210793538, 47.779445287330724 ], [ -121.217122424851127, 47.779280156449033 ], [ -121.195687409908913, 47.779149339566956 ], [ -121.195640935920665, 47.780107300567053 ], [ -121.173542725981079, 47.780050046688622 ], [ -121.152063848040896, 47.780081794806698 ], [ -121.130722298098206, 47.779945765924118 ], [ -121.11919224312993, 47.779940980987547 ], [ -121.118713425108055, 47.778018919990615 ], [ -121.118914575102053, 47.777569689989598 ], [ -121.119429130095511, 47.777145169986888 ], [ -121.11951789609347, 47.776998051986403 ], [ -121.119684654084608, 47.776302989985659 ], [ -121.119654013081345, 47.776029043985915 ], [ -121.119498351079542, 47.775844159986804 ], [ -121.117399723065787, 47.774230144998668 ], [ -121.11513581504866, 47.772293843011575 ], [ -121.114527762045853, 47.771924250015005 ], [ -121.11429536804367, 47.771694177016343 ], [ -121.114268731039303, 47.771324270016599 ], [ -121.113927137030615, 47.770528053018637 ], [ -121.113924981027296, 47.770253267018731 ], [ -121.113296841024791, 47.769901947022198 ], [ -121.111534298015798, 47.768753747032179 ], [ -121.110344360004348, 47.767540531039003 ], [ -121.10982621500068, 47.767118364041927 ], [ -121.109319786998569, 47.766831132044771 ], [ -121.109229629998069, 47.766765459045288 ], [ -121.107718335001294, 47.766688372053679 ], [ -121.107713969999907, 47.766573269053673 ], [ -121.108615085986187, 47.765645494048968 ], [ -121.108703434982615, 47.765372295048508 ], [ -121.108605723975188, 47.764735142049197 ], [ -121.109083095971442, 47.764532201046649 ], [ -121.109362061964674, 47.764038036045235 ], [ -121.109946382950113, 47.762966292042272 ], [ -121.110226460938193, 47.762042780040893 ], [ -121.110520219932013, 47.761603000039415 ], [ -121.110571240926774, 47.761178219039259 ], [ -121.110526747910001, 47.759777720039835 ], [ -121.110823308899313, 47.758964120038364 ], [ -121.110872978892601, 47.758422135038174 ], [ -121.110778391889554, 47.758150246038788 ], [ -121.110520724886442, 47.757832937040284 ], [ -121.109957253883209, 47.757438060043455 ], [ -121.10942414788191, 47.757209215046458 ], [ -121.107620698882954, 47.756883853056451 ], [ -121.106474568885261, 47.756811351062737 ], [ -121.10291789689623, 47.75690824308225 ], [ -121.101719015900912, 47.757023019088862 ], [ -121.101292565903648, 47.757145848091149 ], [ -121.100976450906572, 47.757320162092896 ], [ -121.10046604791313, 47.757748340095603 ], [ -121.099868133923195, 47.758437726098713 ], [ -121.099475769928532, 47.758790955100757 ], [ -121.099199642931794, 47.758997952102249 ], [ -121.098814728934215, 47.759110938104321 ], [ -121.098501120934429, 47.759054651106105 ], [ -121.097942442933004, 47.75880806810919 ], [ -121.097459061934742, 47.75884069011186 ], [ -121.097044202934498, 47.758730779114174 ], [ -121.096094611932259, 47.758329580119444 ], [ -121.095712447932186, 47.758234577121584 ], [ -121.095025364936177, 47.758408378125338 ], [ -121.094619121937626, 47.758432017127561 ], [ -121.094347057937554, 47.758367613129082 ], [ -121.094033116936316, 47.75818966513085 ], [ -121.093913652934873, 47.758048420131544 ], [ -121.093807024931948, 47.757782389132181 ], [ -121.09366943192309, 47.757018320133128 ], [ -121.092923305910531, 47.75581122113752 ], [ -121.092798365904343, 47.755269088138327 ], [ -121.092851127895301, 47.754532505138208 ], [ -121.09271545688955, 47.75402641613907 ], [ -121.09265734187845, 47.753097119139625 ], [ -121.092182775862113, 47.751631658142522 ], [ -121.091824970852983, 47.750798444144664 ], [ -121.091611308848869, 47.750408231145926 ], [ -121.090961254829864, 47.748690098149915 ], [ -121.090252989819618, 47.747677762154062 ], [ -121.08997396181411, 47.747163182155717 ], [ -121.089991086807302, 47.746600125155737 ], [ -121.089929127804155, 47.746327368156209 ], [ -121.089724467802071, 47.746104313157275 ], [ -121.087815955792436, 47.744868796168092 ], [ -121.087074668790407, 47.744536733172275 ], [ -121.086346549789468, 47.744292342176323 ], [ -121.082833783788473, 47.743408101195811 ], [ -121.082141836785794, 47.743030888199741 ], [ -121.081647122781675, 47.742572156202549 ], [ -121.080914310769842, 47.741427981206847 ], [ -121.080372879759054, 47.740409601210061 ], [ -121.079883512756226, 47.740064619212831 ], [ -121.079009583748146, 47.739198998217837 ], [ -121.078993031745668, 47.738984916217966 ], [ -121.079714471738228, 47.738536594214139 ], [ -121.080437576725856, 47.737679501210337 ], [ -121.080784049717153, 47.737033616208606 ], [ -121.080918838709593, 47.736446015208003 ], [ -121.081112329694989, 47.735280758207224 ], [ -121.081279050689048, 47.73482731420642 ], [ -121.081539261684114, 47.734474113205053 ], [ -121.081864945679328, 47.734159674203319 ], [ -121.082303515674525, 47.733857666200983 ], [ -121.083620941663028, 47.733203504193895 ], [ -121.084562953653062, 47.732594377188832 ], [ -121.084959964648405, 47.732302872186708 ], [ -121.085138551644349, 47.732008677185796 ], [ -121.085205771635415, 47.731285721185621 ], [ -121.085148552631907, 47.730977959186035 ], [ -121.084836243623329, 47.730195583187921 ], [ -121.084794567620051, 47.729915510188192 ], [ -121.085161311614641, 47.729552173186256 ], [ -121.086306868608006, 47.729263767180065 ], [ -121.086790443604556, 47.72908829217743 ], [ -121.087362353597428, 47.728634173174406 ], [ -121.087382233595818, 47.728502827174303 ], [ -121.087170066593231, 47.728236988175503 ], [ -121.086946089592132, 47.728097273176779 ], [ -121.086326490587183, 47.727541901180302 ], [ -121.0861791735841, 47.727260631181231 ], [ -121.085887242581137, 47.726944834182866 ], [ -121.085497164574278, 47.726293354185174 ], [ -121.085236918571439, 47.725994173186685 ], [ -121.084849953563591, 47.725254986189015 ], [ -121.084600092551952, 47.724232416190603 ], [ -121.083963787539687, 47.723073377194375 ], [ -121.083647398536655, 47.72274637519623 ], [ -121.082776261535926, 47.722489627201057 ], [ -121.082231488531363, 47.72198728520415 ], [ -121.081692792527846, 47.721574709207246 ], [ -121.080675991527031, 47.721271385212887 ], [ -121.078953391520258, 47.720318142222602 ], [ -121.078273803518456, 47.720015898226407 ], [ -121.075914702518119, 47.719447816239487 ], [ -121.073138299522412, 47.71916440425484 ], [ -121.071746486519885, 47.718640122262592 ], [ -121.069980063515032, 47.717835007272498 ], [ -121.069662443513892, 47.717666604274328 ], [ -121.069149648503853, 47.716719295277343 ], [ -121.068403026495261, 47.71583994728168 ], [ -121.067875979490964, 47.715361433284642 ], [ -121.067053794486611, 47.714816182289297 ], [ -121.066314815480894, 47.714172194293546 ], [ -121.06602043947494, 47.713608255295249 ], [ -121.06601897146173, 47.71251522529554 ], [ -121.066276640443476, 47.711060832294521 ], [ -121.066266325436388, 47.710472927294653 ], [ -121.066027689428964, 47.70980181529611 ], [ -121.065960256422912, 47.709284744296632 ], [ -121.066173979417115, 47.708854716295583 ], [ -121.066322137410936, 47.708373968294865 ], [ -121.066379104400525, 47.707525300294755 ], [ -121.067132362383404, 47.706277869290915 ], [ -121.067230601382832, 47.706255106290385 ], [ -121.068318876380872, 47.706341291284325 ], [ -121.068728812379518, 47.706323206282136 ], [ -121.068972721377975, 47.706251077280754 ], [ -121.069616889372185, 47.705916945277323 ], [ -121.070407946366771, 47.705648232273049 ], [ -121.071242741360194, 47.705297039268544 ], [ -121.072406678354071, 47.705056288262206 ], [ -121.0727352233516, 47.704925158260465 ], [ -121.074320004336982, 47.704080279251926 ], [ -121.075008223331579, 47.70378838624822 ], [ -121.075946143327755, 47.703684753243067 ], [ -121.076689565326006, 47.703710529239004 ], [ -121.077091088324352, 47.703664003236803 ], [ -121.077355089322566, 47.70357429623531 ], [ -121.077679154319611, 47.703406524233579 ], [ -121.078189109312987, 47.702971910230914 ], [ -121.078369377306345, 47.702464256230066 ], [ -121.078542283302852, 47.702213624229138 ], [ -121.078890737299915, 47.702049127227248 ], [ -121.079386299297568, 47.701969561224544 ], [ -121.081957467292412, 47.702130849210384 ], [ -121.082388417291753, 47.702177357208015 ], [ -121.083152932291966, 47.702369511203763 ], [ -121.083555414291453, 47.702415473201526 ], [ -121.084439670286827, 47.7022321911967 ], [ -121.086245994288859, 47.702815566186651 ], [ -121.086627646288804, 47.702901725184503 ], [ -121.087224955287553, 47.702935018181179 ], [ -121.087875140287423, 47.703067437177587 ], [ -121.088310519287091, 47.703146470175248 ], [ -121.088720852286301, 47.703166987172935 ], [ -121.089560358282711, 47.703068540168331 ], [ -121.090302982277905, 47.702839329164306 ], [ -121.090719685273953, 47.702606964162101 ], [ -121.090975050270544, 47.702385336160717 ], [ -121.091289214263625, 47.701879369159158 ], [ -121.091444474256463, 47.70132522415841 ], [ -121.091376463250029, 47.700777328158914 ], [ -121.090938644243224, 47.700111736161446 ], [ -121.090830679237627, 47.699622295162186 ], [ -121.090901735230815, 47.699072684161955 ], [ -121.091078901226439, 47.698754852161052 ], [ -121.091737123216262, 47.698061755157582 ], [ -121.092768097203205, 47.697210187152095 ], [ -121.093533994187354, 47.696072158148112 ], [ -121.094167685177055, 47.695369248144836 ], [ -121.094608784172067, 47.695056207142478 ], [ -121.095241327166136, 47.694711022139117 ], [ -121.095820239161668, 47.694468573135943 ], [ -121.096566888157, 47.694249223131926 ], [ -121.097291891150832, 47.693914190128019 ], [ -121.097606603146801, 47.693647370126342 ], [ -121.097932479138308, 47.693019010124694 ], [ -121.098328305132853, 47.692654789122606 ], [ -121.099274310130241, 47.692659864117395 ], [ -121.099898623124275, 47.692306142114063 ], [ -121.100816869113814, 47.691646606109138 ], [ -121.102762972093714, 47.69042636809877 ], [ -121.104085967078717, 47.68948853909172 ], [ -121.105527725066665, 47.688820444083959 ], [ -121.106225759064543, 47.68880243308012 ], [ -121.106998221063577, 47.688899490075869 ], [ -121.107539306065419, 47.689176965072768 ], [ -121.108294361062192, 47.689082247068683 ], [ -121.109186659056746, 47.688833602063823 ], [ -121.111164331034743, 47.687471199053256 ], [ -121.112633425020661, 47.686633246045396 ], [ -121.113029185022654, 47.686893284043137 ], [ -121.11413355202086, 47.68699781703706 ], [ -121.115544736012197, 47.686598752029383 ], [ -121.117980077994474, 47.685691546016209 ], [ -121.118968279987342, 47.685320362010899 ], [ -121.119896999983794, 47.685242465005807 ], [ -121.120671975980258, 47.685125604001513 ], [ -121.121598621978777, 47.685218318996412 ], [ -121.121847663972233, 47.68473078399515 ], [ -121.122756540959813, 47.683911470990381 ], [ -121.123101594941147, 47.682441023988829 ], [ -121.123130443924737, 47.681090160989015 ], [ -121.123693545912644, 47.680214076986076 ], [ -121.125240095899045, 47.679441691977779 ], [ -121.126116271885635, 47.678528967973186 ], [ -121.126516565881886, 47.678311302971061 ], [ -121.126588754870397, 47.677377886970859 ], [ -121.127558855859434, 47.676690797965712 ], [ -121.128838501849827, 47.676186381958786 ], [ -121.129009835841956, 47.675572108958001 ], [ -121.129019126828652, 47.674468055958194 ], [ -121.129305206813257, 47.673261057956942 ], [ -121.128928969800995, 47.672160450959247 ], [ -121.128016963797464, 47.671656174964411 ], [ -121.127418205793788, 47.671210515967786 ], [ -121.126546659772259, 47.669226454973057 ], [ -121.126089873769104, 47.668861606975661 ], [ -121.12567319575605, 47.667678253978238 ], [ -121.125550564745055, 47.666738692979138 ], [ -121.125039356739308, 47.666142822982131 ], [ -121.124402867734318, 47.665590087985763 ], [ -121.123533017724796, 47.66459695099077 ], [ -121.123193588710464, 47.663331979992947 ], [ -121.12383394668916, 47.661709195989808 ], [ -121.124152817684461, 47.66139224798814 ], [ -121.12482984968193, 47.661340654984407 ], [ -121.124944308665818, 47.660028710984093 ], [ -121.124696308656596, 47.659208701985662 ], [ -121.125650136629375, 47.657164789980953 ], [ -121.126276720622116, 47.656709478977596 ], [ -121.127750392609641, 47.656011123969684 ], [ -121.12858362760366, 47.655707843965139 ], [ -121.130536500600769, 47.655909731954338 ], [ -121.130719707599795, 47.655877217953353 ], [ -121.131898880594065, 47.655669358946916 ], [ -121.131523211589538, 47.655206418949113 ], [ -121.131009783579358, 47.654248054952191 ], [ -121.131180539570011, 47.653507347951404 ], [ -121.131023900565864, 47.6531274889524 ], [ -121.131422994549823, 47.651888006950493 ], [ -121.131607950538353, 47.65097726294966 ], [ -121.131772608534163, 47.650664908948826 ], [ -121.132024150533454, 47.650666288947448 ], [ -121.132347228528971, 47.650371223945797 ], [ -121.13274520552109, 47.649807436943689 ], [ -121.132537972502732, 47.648240940945293 ], [ -121.13289097549368, 47.647567057943427 ], [ -121.133711488467796, 47.645610161939423 ], [ -121.132058977461568, 47.644712120948725 ], [ -121.131339267460774, 47.644477521952773 ], [ -121.131029090457616, 47.64414649095454 ], [ -121.130827632454398, 47.643833018955704 ], [ -121.130342139446739, 47.643082832958555 ], [ -121.129968212438712, 47.642333084960811 ], [ -121.129537309429651, 47.641480460963407 ], [ -121.128891527420208, 47.640548836967234 ], [ -121.12870063741218, 47.639839216968419 ], [ -121.127612368404556, 47.638954843974645 ], [ -121.126607586401192, 47.638444552980282 ], [ -121.126306938392148, 47.637624495982102 ], [ -121.125986016390442, 47.637408614983954 ], [ -121.126154146385645, 47.63704726098311 ], [ -121.126573162379586, 47.636637246980889 ], [ -121.126583377366046, 47.635522174981112 ], [ -121.126814620347901, 47.634062239980182 ], [ -121.127294680332568, 47.632900122977865 ], [ -121.127851855325318, 47.632430750974919 ], [ -121.127882512321406, 47.632106784974837 ], [ -121.127503482318417, 47.631775427976997 ], [ -121.126787702316307, 47.631431130981007 ], [ -121.126374185300904, 47.630061362983668 ], [ -121.126028323299579, 47.629872698985615 ], [ -121.125281014280787, 47.628133270990112 ], [ -121.125039379277908, 47.62784363199151 ], [ -121.124627065273145, 47.62734966599394 ], [ -121.122581718275043, 47.627037152005222 ], [ -121.120150762285959, 47.627387278018553 ], [ -121.118781551284926, 47.626984724026187 ], [ -121.117572401263757, 47.624949578033387 ], [ -121.117550556262657, 47.62485599603346 ], [ -121.117478510262316, 47.624807719033896 ], [ -121.117407998261925, 47.624758582034289 ], [ -121.11733848326152, 47.624708732034712 ], [ -121.117269497261105, 47.624658575035056 ], [ -121.11720099226072, 47.624608031035493 ], [ -121.117131963260221, 47.62455768303586 ], [ -121.11706297925987, 47.624507690036268 ], [ -121.116992946259458, 47.62445819603667 ], [ -121.116921420259061, 47.624409231037049 ], [ -121.116848893258705, 47.624361477037475 ], [ -121.116777868258282, 47.624310289037815 ], [ -121.116702796257925, 47.624263234038267 ], [ -121.116612807257837, 47.624237311038762 ], [ -121.116512826257946, 47.624224654039367 ], [ -121.116408817258176, 47.624217500039947 ], [ -121.116305341258396, 47.624210837040486 ], [ -121.116205375258531, 47.624199029041051 ], [ -121.116113360258524, 47.624177064041568 ], [ -121.116034836258251, 47.62413655104195 ], [ -121.115966823257722, 47.624082770042399 ], [ -121.115904333257276, 47.624026220042737 ], [ -121.11584437225676, 47.623970858043073 ], [ -121.11579098525624, 47.623912531043416 ], [ -121.115740140255639, 47.623853015043665 ], [ -121.115690265255054, 47.623793295043967 ], [ -121.115641926254455, 47.62373307804431 ], [ -121.115596614253818, 47.623671637044531 ], [ -121.115556356253194, 47.623608964044756 ], [ -121.115520662252564, 47.623544760044943 ], [ -121.115488486251877, 47.623479632045132 ], [ -121.115459339251146, 47.623413501045349 ], [ -121.115438748250298, 47.623343871045478 ], [ -121.115416663249576, 47.623275099045614 ], [ -121.115383011248952, 47.6232117330458 ], [ -121.115327660248468, 47.623158734046115 ], [ -121.115249126248159, 47.623117179046574 ], [ -121.11515796924796, 47.62308150204705 ], [ -121.115067852247805, 47.623044969047598 ], [ -121.114991332247499, 47.623001868048043 ], [ -121.114943010246904, 47.622942993048284 ], [ -121.114911338246145, 47.622875834048465 ], [ -121.114875115245482, 47.622811275048683 ], [ -121.114841924244814, 47.622745988048898 ], [ -121.114807198244122, 47.622681230049096 ], [ -121.11476646024353, 47.622618915049358 ], [ -121.114715590242952, 47.622560599049606 ], [ -121.114652647242465, 47.62250662804999 ], [ -121.114582607242014, 47.622456091050388 ], [ -121.114510082241651, 47.622408007050772 ], [ -121.114431512241353, 47.622363516051237 ], [ -121.114349445241032, 47.622320940051729 ], [ -121.114267860240787, 47.62227838605218 ], [ -121.114190307240463, 47.622233727052631 ], [ -121.114120819240085, 47.622185270053038 ], [ -121.114062900239588, 47.622130916053351 ], [ -121.114011062238959, 47.622072934053634 ], [ -121.113962201238436, 47.622012883053912 ], [ -121.113916886237789, 47.621950921054172 ], [ -121.113874594237174, 47.621887408054427 ], [ -121.113836346236511, 47.62182286005465 ], [ -121.113801130235785, 47.621757610054878 ], [ -121.113769476235078, 47.621691794055067 ], [ -121.113741838234375, 47.621626148055228 ], [ -121.11371878023364, 47.621560314055351 ], [ -121.1137043442329, 47.621493228055471 ], [ -121.11369646423212, 47.621425093055528 ], [ -121.11369311723125, 47.621356225055543 ], [ -121.113691834230451, 47.62128701105555 ], [ -121.113690508229595, 47.621217635055601 ], [ -121.113686186228819, 47.621148605055673 ], [ -121.113677291228001, 47.621080284055729 ], [ -121.113666371227211, 47.621012165055809 ], [ -121.113654919226406, 47.620944049055851 ], [ -121.113643516225622, 47.620875905055925 ], [ -121.113631582224869, 47.620807792056013 ], [ -121.113619123224055, 47.620739818056116 ], [ -121.113606702223279, 47.620671708056243 ], [ -121.11359323022252, 47.620603767056338 ], [ -121.113579273221717, 47.620535993056407 ], [ -121.113564300220915, 47.620468057056527 ], [ -121.11354933122017, 47.620400456056608 ], [ -121.113533347219416, 47.62033269305671 ], [ -121.113516353218614, 47.62026526405679 ], [ -121.113498871217857, 47.62019770105691 ], [ -121.11348033821713, 47.620130444057075 ], [ -121.113461318216352, 47.620063053057152 ], [ -121.113441812215598, 47.61999583005727 ], [ -121.113421780214807, 47.619928581057415 ], [ -121.113401223214083, 47.619861555057533 ], [ -121.113380704213355, 47.619794309057717 ], [ -121.113359660212566, 47.619727258057793 ], [ -121.113338616211806, 47.619660206057908 ], [ -121.113317573211077, 47.619593155058055 ], [ -121.113296529210331, 47.619526131058208 ], [ -121.11327548620956, 47.619459080058327 ], [ -121.113250875208934, 47.619392047058469 ], [ -121.113222252208075, 47.619325200058633 ], [ -121.113193104207411, 47.619258521058839 ], [ -121.113164968206689, 47.619191698058998 ], [ -121.113140888205947, 47.619124992059184 ], [ -121.113122889205201, 47.61905828105931 ], [ -121.113113528204451, 47.618991333059334 ], [ -121.113113723203597, 47.61892400505932 ], [ -121.113122588202756, 47.618855752059318 ], [ -121.113138017201877, 47.618787141059279 ], [ -121.113160547201048, 47.618719011059135 ], [ -121.11318864020015, 47.618651702059012 ], [ -121.113221860199189, 47.618586257058823 ], [ -121.113260142198442, 47.618523170058644 ], [ -121.113303029197496, 47.618462118058467 ], [ -121.113351514196708, 47.618402428058182 ], [ -121.113403550195855, 47.6183437100579 ], [ -121.113459121194978, 47.618286043057623 ], [ -121.113516237194119, 47.618228696057315 ], [ -121.113574371193252, 47.61817183705702 ], [ -121.113632504192395, 47.618114813056742 ], [ -121.113689134191546, 47.618057633056431 ], [ -121.113752870190751, 47.618005213056058 ], [ -121.113827872190072, 47.617958737055709 ], [ -121.113901810189233, 47.617911746055263 ], [ -121.113975787188423, 47.617864590054857 ], [ -121.114049728187737, 47.617817599054504 ], [ -121.11412419318691, 47.617770934054079 ], [ -121.114199685186165, 47.617725140053679 ], [ -121.114276204185387, 47.617680547053311 ], [ -121.114354767184636, 47.617637451052843 ], [ -121.114435374183969, 47.617595743052419 ], [ -121.114518009183257, 47.617554185051965 ], [ -121.114603180182499, 47.617514511051517 ], [ -121.114690459181844, 47.61747841405105 ], [ -121.114780309181228, 47.617447266050547 ], [ -121.114873278180681, 47.617422954050049 ], [ -121.114969391180239, 47.617407562049564 ], [ -121.115069122179804, 47.617399991048977 ], [ -121.115171464179525, 47.617397395048414 ], [ -121.115274847179279, 47.617397206047862 ], [ -121.115378222179018, 47.617396305047293 ], [ -121.115480035178621, 47.617393547046731 ], [ -121.115582407178337, 47.617393528046179 ], [ -121.11568007917792, 47.617379827045674 ], [ -121.115774552177427, 47.61735583504511 ], [ -121.115867478176796, 47.617327767044614 ], [ -121.115958867176118, 47.617296609044104 ], [ -121.116048171175493, 47.617263927043652 ], [ -121.116135956174844, 47.617229883043144 ], [ -121.116222721174211, 47.617194665042689 ], [ -121.116308985173561, 47.617158572042186 ], [ -121.116394677172806, 47.617122126041771 ], [ -121.116480937172213, 47.617085704041322 ], [ -121.116567163171453, 47.617049779040826 ], [ -121.116653917170794, 47.617014009040325 ], [ -121.11674016417011, 47.616976546039879 ], [ -121.116825873169418, 47.616938071039421 ], [ -121.116911586168712, 47.616899924038933 ], [ -121.116997801167997, 47.616863146038526 ], [ -121.117085097167362, 47.616828747038028 ], [ -121.11717442616677, 47.616798312037574 ], [ -121.11726589316622, 47.616774006037069 ], [ -121.117366703165928, 47.616772266036506 ], [ -121.117471196165766, 47.616780458035912 ], [ -121.117572509165399, 47.616776660035391 ], [ -121.117668564164916, 47.616756441034859 ], [ -121.117765625164424, 47.616735559034304 ], [ -121.117862678163846, 47.616713964033821 ], [ -121.117959714163348, 47.61669099903326 ], [ -121.118056212162784, 47.616667022032715 ], [ -121.118151719162199, 47.616641488032229 ], [ -121.118245665161595, 47.616614262031725 ], [ -121.118338051160976, 47.61658534503124 ], [ -121.118427901160331, 47.616554550030706 ], [ -121.118514683159759, 47.616521359030216 ], [ -121.118597369159062, 47.6164845980298 ], [ -121.118669815158299, 47.61643881802943 ], [ -121.118735086157471, 47.616386198029105 ], [ -121.11879626215665, 47.616330027028731 ], [ -121.118857916155804, 47.616273150028469 ], [ -121.118922685154999, 47.616219186028104 ], [ -121.118993547154219, 47.616170152027678 ], [ -121.119065968153436, 47.616121959027296 ], [ -121.119139405152666, 47.616074282026922 ], [ -121.119213860151845, 47.616027120026509 ], [ -121.119290365151102, 47.6159814820261 ], [ -121.119367888150364, 47.615937374025712 ], [ -121.119448006149597, 47.615895665025285 ], [ -121.119530665148915, 47.615856680024869 ], [ -121.119626580148307, 47.615824648024301 ], [ -121.119734694147681, 47.615799235023701 ], [ -121.119844904147087, 47.615776201023117 ], [ -121.119945970146532, 47.615751321022564 ], [ -121.120028239145881, 47.615720729022179 ], [ -121.120080473145279, 47.615680209021832 ], [ -121.120095059144617, 47.615627170021803 ], [ -121.120078601143916, 47.61556456302192 ], [ -121.120040825143192, 47.615495546022132 ], [ -121.119992839142427, 47.615423677022413 ], [ -121.119945392141744, 47.615352820022622 ], [ -121.119908130141042, 47.615286212022887 ], [ -121.119867365140379, 47.615221652023145 ], [ -121.119820483139691, 47.615157480023377 ], [ -121.119772630139082, 47.615093505023673 ], [ -121.119730331138413, 47.615029474023956 ], [ -121.119699667137709, 47.614965380024096 ], [ -121.11968675513701, 47.614900864024186 ], [ -121.119693626136183, 47.614836242024182 ], [ -121.119713146135354, 47.614771717024077 ], [ -121.119741791134501, 47.614707309023991 ], [ -121.119777531133579, 47.614642698023772 ], [ -121.119817317132743, 47.614578066023597 ], [ -121.119859132131893, 47.614513258023379 ], [ -121.119899929130938, 47.614448100023132 ], [ -121.119937682130086, 47.614382629022977 ], [ -121.119969347129199, 47.614316504022817 ], [ -121.119993383128261, 47.614249900022671 ], [ -121.120014903127441, 47.614182952022588 ], [ -121.120035936126555, 47.614116035022469 ], [ -121.120056438125744, 47.614048764022378 ], [ -121.120076939124843, 47.61398149002229 ], [ -121.120096426123993, 47.613914062022189 ], [ -121.120115912123126, 47.613846605022097 ], [ -121.120134383122277, 47.613779015022047 ], [ -121.120152853121397, 47.613711399021938 ], [ -121.120170309120567, 47.613643650021906 ], [ -121.120187237119666, 47.613575877021809 ], [ -121.120203677118838, 47.613507942021727 ], [ -121.120219105117997, 47.613440177021644 ], [ -121.120234045117044, 47.613372250021584 ], [ -121.120237893116851, 47.61335457602155 ], [ -121.12024023011675, 47.61334287202159 ], [ -121.120247930116278, 47.613304332021549 ], [ -121.120260843115389, 47.613236413021518 ], [ -121.120270466114718, 47.613183644021433 ], [ -121.120273670114457, 47.61316598102141 ], [ -121.120285090113697, 47.613100781021366 ], [ -121.120295449112845, 47.613032878021329 ], [ -121.120304090112015, 47.61296651702132 ], [ -121.120305505111148, 47.61289713002131 ], [ -121.120298631110373, 47.612828962021382 ], [ -121.120286829109574, 47.612761633021428 ], [ -121.120271219108801, 47.612692399021554 ], [ -121.120255222108, 47.612624116021635 ], [ -121.120240726107198, 47.612555824021769 ], [ -121.120230328106473, 47.612487539021842 ], [ -121.12022190810562, 47.612419218021898 ], [ -121.120214019104878, 47.612350889021982 ], [ -121.120206655104056, 47.612282395022007 ], [ -121.120199253103252, 47.612214066022084 ], [ -121.120191891102451, 47.612145764022117 ], [ -121.120190552102315, 47.612133452022114 ], [ -121.120184489101646, 47.612077435022165 ], [ -121.120176113100811, 47.612009111022239 ], [ -121.12017086310037, 47.611966495022259 ], [ -121.120167698100019, 47.611940815022301 ], [ -121.120157784099206, 47.611872664022393 ], [ -121.120147384098487, 47.61180454302243 ], [ -121.12013991109761, 47.611734333022525 ], [ -121.120132582096829, 47.61166462202258 ], [ -121.120118609096025, 47.611595999022676 ], [ -121.120091359095312, 47.611530766022867 ], [ -121.1200466950947, 47.611470637023096 ], [ -121.119996355094159, 47.611412131023371 ], [ -121.119943149093615, 47.611353972023693 ], [ -121.11988811909309, 47.61129724202403 ], [ -121.119831234092558, 47.61124066502434 ], [ -121.119772813092055, 47.611184419024681 ], [ -121.119712856091539, 47.611128541025032 ], [ -121.119652415091025, 47.611072857025349 ], [ -121.119607116090677, 47.611031227025613 ], [ -121.119591975090543, 47.611017310025716 ], [ -121.119531047089993, 47.610961601026105 ], [ -121.119471090089561, 47.61090572302642 ], [ -121.119411659089053, 47.610849677026778 ], [ -121.119353762088551, 47.61079310202706 ], [ -121.119296832087983, 47.610736001027405 ], [ -121.119242450087469, 47.610678393027705 ], [ -121.119190611086864, 47.610619895028016 ], [ -121.119140749086355, 47.610560536028331 ], [ -121.119094966085683, 47.61049978202859 ], [ -121.119052164085033, 47.6104374820288 ], [ -121.119012912084344, 47.610373626029066 ], [ -121.118977215083717, 47.610308709029312 ], [ -121.118945519082985, 47.61024272902943 ], [ -121.118917384082295, 47.610176237029634 ], [ -121.118893297081542, 47.610109203029786 ], [ -121.118872777080796, 47.610042149029944 ], [ -121.118856795080077, 47.609974907030036 ], [ -121.118845351079287, 47.609907449030061 ], [ -121.118837467078478, 47.609839315030186 ], [ -121.118833147077638, 47.609770969030201 ], [ -121.118830808076837, 47.609702120030214 ], [ -121.118830534075997, 47.609633067030231 ], [ -121.118831232075152, 47.609564010030283 ], [ -121.118832456074372, 47.609494785030286 ], [ -121.118832481074222, 47.609486490030264 ], [ -121.118832669073498, 47.609425758030291 ], [ -121.118832396072648, 47.609356867030336 ], [ -121.11883010807189, 47.609290320030347 ], [ -121.118825212071044, 47.609219842030377 ], [ -121.118817330070186, 47.609151872030459 ], [ -121.118804937069498, 47.609084693030489 ], [ -121.118786380068713, 47.609017382030615 ], [ -121.118760273067977, 47.608950852030816 ], [ -121.118727554067277, 47.608885036030991 ], [ -121.118688837066628, 47.608820689031212 ], [ -121.118644533065975, 47.608758038031496 ], [ -121.118596713065386, 47.608697684031718 ], [ -121.118544859064855, 47.608639676032041 ], [ -121.118488469064303, 47.608583422032403 ], [ -121.118427309063804, 47.60852798203274 ], [ -121.118365111063369, 47.608474615033117 ], [ -121.118300123062909, 47.608421504033494 ], [ -121.118237503062474, 47.608370864033809 ], [ -121.118169706062005, 47.608315612034211 ], [ -121.118105242061475, 47.608262169034553 ], [ -121.11804231206105, 47.608208167034974 ], [ -121.117968734060625, 47.608155296035328 ], [ -121.11792092006003, 47.608097461035619 ], [ -121.117916105059294, 47.608031695035699 ], [ -121.117921405058496, 47.607964340035672 ], [ -121.117933298057579, 47.607895744035645 ], [ -121.117947825056675, 47.60782596303558 ], [ -121.117961083055832, 47.607757324035539 ], [ -121.117970901054974, 47.607688054035428 ], [ -121.117974723054147, 47.607618714035453 ], [ -121.117978417053251, 47.607549578035467 ], [ -121.117981657052397, 47.607479328035431 ], [ -121.117980836051601, 47.60741019603546 ], [ -121.11797296405085, 47.607341266035519 ], [ -121.117955988050127, 47.607275564035653 ], [ -121.117924329049401, 47.60721320303584 ], [ -121.117873029048823, 47.607154536036134 ], [ -121.117808021048305, 47.607099533036475 ], [ -121.117737013047915, 47.607047506036913 ], [ -121.117665500047522, 47.606998174037322 ], [ -121.117587445047207, 47.606954068037737 ], [ -121.117504740046954, 47.606913361038217 ], [ -121.117420310046725, 47.606872878038686 ], [ -121.117341295046387, 47.606829764039105 ], [ -121.117271826045993, 47.606781473039511 ], [ -121.117213432045531, 47.606726956039893 ], [ -121.117160070044932, 47.606669341040195 ], [ -121.117110733044385, 47.606609293040464 ], [ -121.117064903043783, 47.606547527040725 ], [ -121.117022139043115, 47.606484511040989 ], [ -121.116980869042507, 47.606420994041244 ], [ -121.116941095041838, 47.606357468041459 ], [ -121.116902387041208, 47.606294294041675 ], [ -121.116867190040509, 47.606230059041927 ], [ -121.11683449803985, 47.606165125042111 ], [ -121.116803868039099, 47.606099825042257 ], [ -121.116772289038408, 47.606032248042453 ], [ -121.116743051037687, 47.605968755042618 ], [ -121.116710881036965, 47.605903462042839 ], [ -121.116677576036324, 47.60583976804304 ], [ -121.11664000503562, 47.605775351043278 ], [ -121.116596730035027, 47.605713544043532 ], [ -121.116548819034463, 47.60565367704379 ], [ -121.116497530033882, 47.605593286044119 ], [ -121.116447186033284, 47.605533599044392 ], [ -121.116399871032712, 47.605473019044709 ], [ -121.116358658032084, 47.605410707044946 ], [ -121.116324475031462, 47.605346470045127 ], [ -121.116293806030697, 47.605281166045287 ], [ -121.116266208029941, 47.605215027045489 ], [ -121.116240592029271, 47.605148493045611 ], [ -121.116216023028542, 47.605081653045787 ], [ -121.116211059028331, 47.605068126045758 ], [ -121.116191418027782, 47.605014620045928 ], [ -121.116166853027011, 47.604947752046094 ], [ -121.116144517026328, 47.604889770046178 ], [ -121.116140791026268, 47.604880204046239 ], [ -121.116113117025577, 47.604815438046415 ], [ -121.116081966024865, 47.60475049604657 ], [ -121.11604752302425, 47.604686071046807 ], [ -121.116009078023581, 47.604623410047068 ], [ -121.115967813022877, 47.604560056047298 ], [ -121.11592428402227, 47.60449716404753 ], [ -121.115877669021643, 47.604433911047778 ], [ -121.115827307021021, 47.604372497048139 ], [ -121.115774052020569, 47.604313332048413 ], [ -121.115716527019927, 47.604256411048716 ], [ -121.115654623019452, 47.604202953049089 ], [ -121.115588807019066, 47.604153576049505 ], [ -121.115515208018763, 47.604109799049851 ], [ -121.115433226018538, 47.604072538050353 ], [ -121.115342251018362, 47.604039694050819 ], [ -121.1152506040183, 47.604011136051327 ], [ -121.115155031018219, 47.603983377051897 ], [ -121.115080164018181, 47.603961354052316 ], [ -121.115059454018208, 47.603955262052402 ], [ -121.114966403018045, 47.603924748052926 ], [ -121.114878862017846, 47.603890423053414 ], [ -121.114794301017611, 47.603850955053943 ], [ -121.114712263017367, 47.603808540054402 ], [ -121.114677645017224, 47.603789997054591 ], [ -121.114631179017024, 47.603765106054837 ], [ -121.114558011016811, 47.603727593055275 ], [ -121.114548751016756, 47.603722867055296 ], [ -121.114465611016513, 47.603684589055753 ], [ -121.11437857001637, 47.603651823056225 ], [ -121.114287028016335, 47.603626970056752 ], [ -121.114190632016445, 47.603610651057267 ], [ -121.114090205016581, 47.603601256057821 ], [ -121.113987985016806, 47.603596348058382 ], [ -121.113882919017058, 47.603594124059022 ], [ -121.113778526017327, 47.603592288059566 ], [ -121.113675128017576, 47.603588885060141 ], [ -121.113573717017744, 47.603582044060694 ], [ -121.113476293017897, 47.603569371061219 ], [ -121.113382832017905, 47.60354894606175 ], [ -121.113294861017849, 47.603519446062236 ], [ -121.113211341017575, 47.603482192062721 ], [ -121.113131278017278, 47.603438916063169 ], [ -121.113054252016966, 47.6033918690636 ], [ -121.112978708016527, 47.603342922064058 ], [ -121.112904169016176, 47.603293970064477 ], [ -121.112830143015842, 47.603246907064872 ], [ -121.112756161015483, 47.603200172065272 ], [ -121.112682658015103, 47.603152750065689 ], [ -121.112610160014682, 47.603104637066103 ], [ -121.112538143014334, 47.603056027066557 ], [ -121.112467657013937, 47.603006533066953 ], [ -121.112398701013504, 47.602956180067309 ], [ -121.112331719013113, 47.602904803067673 ], [ -121.112266308012622, 47.602852538068085 ], [ -121.112203358012195, 47.602799251068433 ], [ -121.112140925011715, 47.602745081068782 ], [ -121.112080724011193, 47.602692221069169 ], [ -121.112017573010732, 47.602634540069452 ], [ -121.111958643010198, 47.60257796706982 ], [ -121.111902247009624, 47.602520366070159 ], [ -121.111849410009128, 47.602461705070446 ], [ -121.111800086008472, 47.602401984070767 ], [ -121.111755287007895, 47.602340895070995 ], [ -121.111715579007239, 47.602278382071205 ], [ -121.111677850006586, 47.602215365071466 ], [ -121.111641653005933, 47.602151490071691 ], [ -121.111605978005286, 47.602087256071876 ], [ -121.111571799004622, 47.602022658072087 ], [ -121.111539112003925, 47.601957393072297 ], [ -121.111507474003204, 47.601891768072505 ], [ -121.111477335002419, 47.601825942072644 ], [ -121.111448689001776, 47.601759642072814 ], [ -121.111421581001082, 47.601693115073047 ], [ -121.111396012000355, 47.601626443073179 ], [ -121.111372423999541, 47.601559405073353 ], [ -121.111349890998795, 47.601492360073422 ], [ -121.111329867998066, 47.60142513807358 ], [ -121.111310858997271, 47.601357908073702 ], [ -121.111294361996542, 47.60129064307381 ], [ -121.111277901995777, 47.601223073073903 ], [ -121.111261396994948, 47.601155120074068 ], [ -121.111245417994226, 47.601087027074101 ], [ -121.111240293993959, 47.601065682074164 ], [ -121.111228945993446, 47.60101841307425 ], [ -121.111212960992617, 47.600949774074387 ], [ -121.111197463991886, 47.600880993074448 ], [ -121.11118301099107, 47.600812015074531 ], [ -121.111168519990272, 47.600742870074647 ], [ -121.111155081989523, 47.600673725074749 ], [ -121.111142614988736, 47.600604407074812 ], [ -121.1111316899879, 47.600535246074855 ], [ -121.111121293987097, 47.600466246074923 ], [ -121.111112881986358, 47.60039707207504 ], [ -121.111105527985501, 47.600328248075122 ], [ -121.111099674984686, 47.600259581075171 ], [ -121.111095849983855, 47.600191068075176 ], [ -121.111094049983024, 47.600122709075201 ], [ -121.111093762982236, 47.600054862075226 ], [ -121.111096026981414, 47.599987167075213 ], [ -121.111100321980572, 47.599919817075211 ], [ -121.111107175979782, 47.599852975075201 ], [ -121.111116547978995, 47.599786613075132 ], [ -121.111129452978119, 47.599720754075143 ], [ -121.111149985977278, 47.599655704075062 ], [ -121.111177132976394, 47.599591333074905 ], [ -121.111209838975569, 47.599527590074743 ], [ -121.111248103974717, 47.599464339074508 ], [ -121.11129046997381, 47.599401751074303 ], [ -121.111335838972963, 47.599339477074068 ], [ -121.111384779972084, 47.599277733073819 ], [ -121.111435262971185, 47.599216117073581 ], [ -121.111486721970337, 47.599154853073301 ], [ -121.111538709969452, 47.599093750073017 ], [ -121.11159069796858, 47.599032675072749 ], [ -121.111638952967752, 47.598974396072471 ], [ -121.111653252967528, 47.59895653807245 ], [ -121.111689606966806, 47.598910852072223 ], [ -121.111695467966754, 47.59890314007221 ], [ -121.111736005965994, 47.598849778072022 ], [ -121.11178548696509, 47.598789210071729 ], [ -121.111840546964288, 47.598731024071476 ], [ -121.111902739963469, 47.598676364071117 ], [ -121.111972086962609, 47.598627013070754 ], [ -121.11204654196186, 47.598581390070329 ], [ -121.112124544961148, 47.598537640069935 ], [ -121.112204631960395, 47.598495415069486 ], [ -121.112286225959693, 47.598453866069057 ], [ -121.112343694959193, 47.598424835068741 ], [ -121.112367823958962, 47.598412647068628 ], [ -121.112412633958556, 47.598389828068377 ], [ -121.112450078958247, 47.598370747068167 ], [ -121.11252946195755, 47.598328708067726 ], [ -121.112606975956794, 47.598284769067348 ], [ -121.112681397956024, 47.598238806066988 ], [ -121.112752280955249, 47.598190306066542 ], [ -121.11281958195444, 47.598139403066206 ], [ -121.112883999953596, 47.598086272065899 ], [ -121.112945522952742, 47.598031664065552 ], [ -121.113004656951915, 47.597975485065234 ], [ -121.113061754951076, 47.597918494064928 ], [ -121.113117308950208, 47.597860799064684 ], [ -121.113171351949433, 47.597802782064363 ], [ -121.113222772948518, 47.597744143064091 ], [ -121.11327130594772, 47.597683858063881 ], [ -121.113316722946834, 47.597622625063643 ], [ -121.113360280945983, 47.597561820063376 ], [ -121.113404945945121, 47.597498636063136 ], [ -121.113448816944242, 47.597436890062973 ], [ -121.113494716943379, 47.597375654062688 ], [ -121.113583951942175, 47.597293630062254 ], [ -121.11371438494119, 47.597244781061541 ], [ -121.113811777940811, 47.597238813060933 ], [ -121.113913545940505, 47.597231942060404 ], [ -121.114016283940146, 47.59722487705988 ], [ -121.114119064939729, 47.597218003059311 ], [ -121.114222335939374, 47.597211456058737 ], [ -121.114325616938984, 47.597205758058166 ], [ -121.114428907938645, 47.597200937057607 ], [ -121.114531688938342, 47.597197654057027 ], [ -121.114633515938024, 47.597195911056488 ], [ -121.114734310937806, 47.597196065055883 ], [ -121.114834646937496, 47.59719863405536 ], [ -121.114932986937319, 47.597203763054843 ], [ -121.115029819937163, 47.597211832054299 ], [ -121.115124739937073, 47.597226217053787 ], [ -121.11521672893717, 47.597253502053235 ], [ -121.115304307937336, 47.597291583052765 ], [ -121.115387422937673, 47.597336897052273 ], [ -121.115464999938041, 47.597386681051887 ], [ -121.115535987938458, 47.597437871051454 ], [ -121.115596366938931, 47.597489802051143 ], [ -121.115636518939525, 47.597551350050836 ], [ -121.11566473294026, 47.597619326050726 ], [ -121.115694411941035, 47.597687181050517 ], [ -121.11573514694166, 47.597750702050298 ], [ -121.115782034942342, 47.597817096050022 ], [ -121.115834432942947, 47.597879870049745 ], [ -121.115897277943318, 47.597927701049329 ], [ -121.115987176943321, 47.597945897048866 ], [ -121.116097892942804, 47.597927658048199 ], [ -121.116174779942085, 47.597884465047805 ], [ -121.116239684941291, 47.597834910047482 ], [ -121.116300865940431, 47.597780774047152 ], [ -121.116358663939621, 47.597725039046864 ], [ -121.116417562938764, 47.597666392046541 ], [ -121.116476676937893, 47.597608868046237 ], [ -121.116537346937065, 47.597552679045947 ], [ -121.116602064936259, 47.597499566045578 ], [ -121.116670911935415, 47.5974495290452 ], [ -121.11674379293467, 47.597401499044821 ], [ -121.116819251933919, 47.59735553904445 ], [ -121.11689728793317, 47.597311594044008 ], [ -121.116977328932364, 47.597269368043548 ], [ -121.117059953931701, 47.597229864043136 ], [ -121.117145119931067, 47.59719276204266 ], [ -121.117234237930376, 47.597156425042201 ], [ -121.117319581929763, 47.59712177004171 ], [ -121.117405810929043, 47.597085484041251 ], [ -121.117491366928334, 47.597046378040808 ], [ -121.117569510927666, 47.597005639040411 ], [ -121.117648560926881, 47.596961880039977 ], [ -121.117726748926117, 47.596917295039532 ], [ -121.117804003925357, 47.596869057039086 ], [ -121.117874341924534, 47.596818491038739 ], [ -121.117935220923727, 47.596763725038414 ], [ -121.117983466922894, 47.596705162038205 ], [ -121.118026324921956, 47.596643940037964 ], [ -121.118067115921178, 47.596583751037763 ], [ -121.118077364920993, 47.596568313037714 ], [ -121.11810950892027, 47.596519810037542 ], [ -121.118150281919412, 47.596457036037314 ], [ -121.118181576918758, 47.596408086037144 ], [ -121.118192450918514, 47.596390941037114 ], [ -121.118229381917672, 47.59633035103689 ], [ -121.118267626916833, 47.596266248036713 ], [ -121.118304893915948, 47.596201793036549 ], [ -121.118339264915079, 47.596139471036352 ], [ -121.118344733914995, 47.596129172036342 ], [ -121.1183747979142, 47.596071895036189 ], [ -121.118408000913291, 47.596006447036018 ], [ -121.118436479912461, 47.595947437035889 ], [ -121.118441001912416, 47.59593787003584 ], [ -121.118469292911556, 47.595874894035695 ], [ -121.118497379910622, 47.595808597035614 ], [ -121.118521114909854, 47.595749437035444 ], [ -121.118524917909781, 47.595739759035467 ], [ -121.118548523908942, 47.595675727035321 ], [ -121.118570565908044, 47.595608941035216 ], [ -121.118590258907247, 47.595544662035124 ], [ -121.118595076906999, 47.595527865035102 ], [ -121.118610027906342, 47.595475119035044 ], [ -121.118628499905512, 47.595408023034949 ], [ -121.118642729904806, 47.595353203034897 ], [ -121.118645956904615, 47.595340767034905 ], [ -121.118649250904468, 47.595328082034882 ], [ -121.118663413903775, 47.595273512034787 ], [ -121.118679855902897, 47.595206098034708 ], [ -121.118692268902279, 47.595153637034663 ], [ -121.1186958119021, 47.595138658034628 ], [ -121.118702390901731, 47.595109831034613 ], [ -121.118711238901227, 47.595071085034604 ], [ -121.118726138900371, 47.595003487034539 ], [ -121.118728494900225, 47.594992794034503 ], [ -121.118741076899553, 47.594935751034477 ], [ -121.118746949899176, 47.59490709203444 ], [ -121.118754961898645, 47.594867994034402 ], [ -121.118768884897747, 47.594800072034317 ], [ -121.118778767897112, 47.594747904034307 ], [ -121.118781754896929, 47.594732155034308 ], [ -121.118794664896086, 47.594664239034209 ], [ -121.118807532895232, 47.59459615803415 ], [ -121.118813716894792, 47.594562237034097 ], [ -121.11881991589442, 47.594528244034102 ], [ -121.118831808893503, 47.594459977034091 ], [ -121.118843662892715, 47.594391901034008 ], [ -121.118849373892246, 47.59435772203404 ], [ -121.118855031891883, 47.594323828034007 ], [ -121.118858770891535, 47.594302390033931 ], [ -121.118866923890977, 47.594255560033957 ], [ -121.118874405890381, 47.594208471033888 ], [ -121.118877763890083, 47.594187326033875 ], [ -121.118889129889283, 47.594119088033843 ], [ -121.118899968888428, 47.594050826033794 ], [ -121.118910846887587, 47.593982400033759 ], [ -121.118922212886702, 47.593914162033727 ], [ -121.11893305188589, 47.593845900033685 ], [ -121.118943928885002, 47.593777498033617 ], [ -121.118954767884148, 47.593709239033586 ], [ -121.118965647883314, 47.593641004033522 ], [ -121.118977013882457, 47.593572739033497 ], [ -121.1189883798816, 47.593504502033475 ], [ -121.118999744880753, 47.593436237033366 ], [ -121.119011110879924, 47.593367999033362 ], [ -121.119022962879029, 47.593299732033309 ], [ -121.119034857878191, 47.593231656033247 ], [ -121.119047237877325, 47.593163578033234 ], [ -121.119060104876468, 47.593095497033183 ], [ -121.119073011875685, 47.593027391033104 ], [ -121.119085881874781, 47.592959499033071 ], [ -121.119099803873894, 47.592891577033036 ], [ -121.11911368187306, 47.592823655032937 ], [ -121.119128622872225, 47.592755892032883 ], [ -121.119146562871322, 47.592688467032779 ], [ -121.119168070870515, 47.592621193032699 ], [ -121.119191608869613, 47.592554234032605 ], [ -121.119216687868771, 47.59248745903249 ], [ -121.119219469868625, 47.59247989703249 ], [ -121.119241240867936, 47.592420686032362 ], [ -121.119264776866984, 47.59235391903222 ], [ -121.11928542286617, 47.592289638032128 ], [ -121.11930476186528, 47.59221987503205 ], [ -121.119318164864438, 47.592152643031987 ], [ -121.11931838686364, 47.592084800032005 ], [ -121.119304900862815, 47.592015315032107 ], [ -121.119288897862049, 47.591946181032192 ], [ -121.119280005861256, 47.591878024032312 ], [ -121.119288347860447, 47.591811173032212 ], [ -121.119309850859537, 47.591743567032161 ], [ -121.119341001858672, 47.591676239032005 ], [ -121.119381261857782, 47.591611603031751 ], [ -121.1194312258569, 47.591552043031513 ], [ -121.119490901856096, 47.591498434031216 ], [ -121.119562179855322, 47.591445805030837 ], [ -121.119643199854494, 47.591398087030392 ], [ -121.119731482853751, 47.591360587029904 ], [ -121.119824335853224, 47.591338349029407 ], [ -121.11991998085287, 47.591328764028908 ], [ -121.120018281852552, 47.591323803028352 ], [ -121.120118478852262, 47.591322914027828 ], [ -121.12022029885199, 47.591325114027235 ], [ -121.120324963851758, 47.591329996026637 ], [ -121.120426615851571, 47.591336517026086 ], [ -121.120530039851417, 47.591344190025538 ], [ -121.120633040851132, 47.591352393024948 ], [ -121.120734829850988, 47.591360234024435 ], [ -121.120835737850811, 47.591367592023865 ], [ -121.120936240850611, 47.591376991023274 ], [ -121.121036045850488, 47.591388456022727 ], [ -121.12113548185043, 47.591401633022215 ], [ -121.121235037850226, 47.591416001021628 ], [ -121.121269909850213, 47.591421370021472 ], [ -121.121333901850221, 47.591431224021086 ], [ -121.121348618850206, 47.591433580020976 ], [ -121.121432358850114, 47.591446983020546 ], [ -121.121534630850022, 47.591462430020002 ], [ -121.121633291849903, 47.591475902019432 ], [ -121.121734237849779, 47.591489920018866 ], [ -121.121834152849644, 47.591505920018321 ], [ -121.121931674849662, 47.591525546017756 ], [ -121.122024680849705, 47.591550216017268 ], [ -121.122111317849829, 47.591581920016743 ], [ -121.122190128850121, 47.591622335016346 ], [ -121.122262611850488, 47.591669757015929 ], [ -121.122331410850947, 47.591720927015551 ], [ -121.122400113851342, 47.591774373015134 ], [ -121.12247008985176, 47.591825756014686 ], [ -121.122544595852091, 47.591872813014291 ], [ -121.122625623852358, 47.591912816013831 ], [ -121.1227101398526, 47.591949534013402 ], [ -121.122797676852784, 47.591984704012901 ], [ -121.122886695852884, 47.592018331012397 ], [ -121.122977758853054, 47.592050055011867 ], [ -121.123069770853178, 47.592079718011384 ], [ -121.123163298853243, 47.592107317010822 ], [ -121.123257812853268, 47.592132663010354 ], [ -121.123353313853286, 47.592155646009822 ], [ -121.123449271853275, 47.592176186009262 ], [ -121.123545738853224, 47.592195216008712 ], [ -121.123643466853139, 47.592212868008161 ], [ -121.123741664853085, 47.592229120007637 ], [ -121.123840640852976, 47.592244353007082 ], [ -121.123940093852937, 47.592258734006563 ], [ -121.124040019852785, 47.592272070006011 ], [ -121.124139980852661, 47.592284886005437 ], [ -121.124236697852609, 47.592296811004914 ], [ -121.124340331852395, 47.592309006004307 ], [ -121.12444024085228, 47.592320807003787 ], [ -121.124512731852178, 47.592329246003374 ], [ -121.124540070852134, 47.592332428003218 ], [ -121.124640090852012, 47.592343723002656 ], [ -121.12474000885183, 47.59235278300212 ], [ -121.12484029285163, 47.592359905001551 ], [ -121.124942247851394, 47.59236540600098 ], [ -121.125043133851165, 47.592370348000451 ], [ -121.125143527850966, 47.59237507799989 ], [ -121.12524534885074, 47.592380557999306 ], [ -121.125346719850526, 47.592385688998775 ], [ -121.125445351850317, 47.592390173998226 ], [ -121.125548958850047, 47.592394527997634 ], [ -121.125650278849832, 47.592398780997129 ], [ -121.125751542849628, 47.592403385996491 ], [ -121.12585253284945, 47.59240882599596 ], [ -121.125952906849264, 47.592415331995454 ], [ -121.12605420184903, 47.592423332994848 ], [ -121.12615527084894, 47.592438231994301 ], [ -121.126241292849087, 47.592471518993818 ], [ -121.126310498849506, 47.592523440993439 ], [ -121.126374758850034, 47.59258045299309 ], [ -121.126457451850413, 47.59263414999262 ], [ -121.126531481850492, 47.592659712992237 ], [ -121.126625676850523, 47.592679656991656 ], [ -121.126722593850488, 47.592695419991159 ], [ -121.126823074850336, 47.592708172990562 ], [ -121.126922936850136, 47.592718688990026 ], [ -121.127024885849977, 47.592728061989426 ], [ -121.12712569384982, 47.592737310988859 ], [ -121.127229240849672, 47.592747878988305 ], [ -121.127329683849524, 47.592760164987773 ], [ -121.127428654849425, 47.592775068987244 ], [ -121.127527119849375, 47.592791151986681 ], [ -121.127625585849316, 47.592807590986098 ], [ -121.127724056849218, 47.592824522985566 ], [ -121.127822004849165, 47.592841649984997 ], [ -121.12792000384907, 47.592859461984517 ], [ -121.128017958849071, 47.592877602983961 ], [ -121.128115438849036, 47.592896266983431 ], [ -121.12821239684898, 47.592915454982879 ], [ -121.128309401848909, 47.592935135982287 ], [ -121.128406374848964, 47.592955529981829 ], [ -121.128502866848862, 47.592976419981241 ], [ -121.128599359848849, 47.592997308980685 ], [ -121.128695856848864, 47.593018554980191 ], [ -121.128792359848845, 47.59304029497963 ], [ -121.128888382848871, 47.593062584979116 ], [ -121.128984374848883, 47.593085697978601 ], [ -121.129079408848924, 47.593110020978067 ], [ -121.129173403848924, 47.593135556977572 ], [ -121.129265916849022, 47.593162635977016 ], [ -121.129357923849071, 47.593191443976501 ], [ -121.12944796484922, 47.593222153976015 ], [ -121.12953749584932, 47.593253689975519 ], [ -121.129626510849519, 47.593286461975005 ], [ -121.129714560849663, 47.593319896974521 ], [ -121.129802090849822, 47.593353882974029 ], [ -121.129889630849959, 47.593388690973526 ], [ -121.129976647850143, 47.593423857973015 ], [ -121.130063183850396, 47.593459356972573 ], [ -121.130149722850561, 47.593495211972041 ], [ -121.130236264850737, 47.593531258971588 ], [ -121.130302463850867, 47.593558810971238 ], [ -121.130322806850927, 47.593567278971094 ], [ -121.130409346851096, 47.59360313397061 ], [ -121.130495886851364, 47.59363898797011 ], [ -121.130513839851361, 47.59364627697002 ], [ -121.130582906851487, 47.59367431996958 ], [ -121.130669965851681, 47.593709485969164 ], [ -121.13074508885181, 47.59373907596872 ], [ -121.130760258851907, 47.593745026968648 ], [ -121.130845519852031, 47.593777919968183 ], [ -121.130934576852169, 47.593810690967679 ], [ -121.131019714852286, 47.593841014967182 ], [ -121.131071641852387, 47.593858960966884 ], [ -121.131114648852417, 47.593873780966653 ], [ -121.131156282852515, 47.593887974966435 ], [ -121.131205182852511, 47.593904651966135 ], [ -121.131295190852697, 47.593935525965612 ], [ -121.13138573185276, 47.593966889965117 ], [ -121.131475265852956, 47.593998779964593 ], [ -121.131563800853073, 47.594031881964156 ], [ -121.131651857853313, 47.594065671963641 ], [ -121.131739881853392, 47.594100146963136 ], [ -121.131826417853574, 47.594135507962683 ], [ -121.131912442853817, 47.594172213962203 ], [ -121.131996498854079, 47.594210301961716 ], [ -121.132079032854264, 47.594249932961255 ], [ -121.132160566854523, 47.594290610960819 ], [ -121.132241094854834, 47.594331979960337 ], [ -121.132321103855105, 47.594373872959871 ], [ -121.132401158855373, 47.594416285959433 ], [ -121.13248016185571, 47.594458840959 ], [ -121.132559693855924, 47.594501585958568 ], [ -121.132583062856057, 47.594514049958434 ], [ -121.132639222856255, 47.594544001958113 ], [ -121.132719275856587, 47.594586222957659 ], [ -121.132765863856733, 47.594610707957365 ], [ -121.132799286856795, 47.594628278957188 ], [ -121.13287933685713, 47.594670170956761 ], [ -121.132959874857406, 47.59471222495629 ], [ -121.133039883857677, 47.594754088955838 ], [ -121.133119931857976, 47.594796144955396 ], [ -121.133199949858309, 47.594838393954944 ], [ -121.133279478858469, 47.594880780954504 ], [ -121.133358489858821, 47.594923527954059 ], [ -121.133437005859093, 47.594966609953609 ], [ -121.13351505485943, 47.595010235953147 ], [ -121.133587033859811, 47.595058311952734 ], [ -121.133606037859934, 47.595072427952665 ], [ -121.133655519860241, 47.595109175952352 ], [ -121.133729053860563, 47.595156206951941 ], [ -121.133805069860983, 47.59520189795154 ], [ -121.133882599861266, 47.595246543951113 ], [ -121.133962839861539, 47.595287876950636 ], [ -121.134047146861775, 47.595325668950167 ], [ -121.134135707861944, 47.595360988949693 ], [ -121.134227437862094, 47.595391543949127 ], [ -121.134323286862056, 47.595413589948606 ], [ -121.134421183861889, 47.595425913948091 ], [ -121.13452096386176, 47.595432344947511 ], [ -121.134532594861668, 47.595432719947468 ], [ -121.134622916861474, 47.595435451946962 ], [ -121.134699367861273, 47.595436571946564 ], [ -121.134725264861231, 47.595436950946386 ], [ -121.134827624860932, 47.595439463945858 ], [ -121.13492900486078, 47.595444753945294 ], [ -121.135029388860502, 47.595451548944716 ], [ -121.135130270860387, 47.595459225944133 ], [ -121.135230683860158, 47.595468109943617 ], [ -121.135331109860061, 47.595478691943072 ], [ -121.135430546859965, 47.595491006942503 ], [ -121.135529995859841, 47.595504335941946 ], [ -121.135628969859681, 47.595518544941399 ], [ -121.135727908859579, 47.595532918940833 ], [ -121.135740790859572, 47.595534832940793 ], [ -121.135826843859434, 47.595547620940337 ], [ -121.135926303859407, 47.595561799939773 ], [ -121.136002133859279, 47.59557241193933 ], [ -121.136025272859285, 47.595575651939228 ], [ -121.136124726859165, 47.595589336938687 ], [ -121.136224184859088, 47.595603350938127 ], [ -121.136323117859007, 47.595617559937537 ], [ -121.136417381858848, 47.595630998937061 ], [ -121.136521551858763, 47.59564594593644 ], [ -121.136593533858658, 47.595655967936075 ], [ -121.13662100385865, 47.595659794935919 ], [ -121.13663227685862, 47.595661323935822 ], [ -121.136720459858566, 47.595673287935341 ], [ -121.136819905858403, 47.595686286934829 ], [ -121.136907425858283, 47.595696954934297 ], [ -121.136923123858253, 47.595698842934262 ], [ -121.137019255858164, 47.5957098699337 ], [ -121.137119157857981, 47.595720289933162 ], [ -121.137219467857776, 47.595729297932614 ], [ -121.137320490857604, 47.595736815932007 ], [ -121.137421353857391, 47.595742953931484 ], [ -121.137525310857214, 47.595747782930928 ], [ -121.137624086857002, 47.595751110930379 ], [ -121.137725433856744, 47.595753626929806 ], [ -121.137821153856493, 47.595754890929278 ], [ -121.137840044856418, 47.595755050929213 ], [ -121.137928092856185, 47.595755618928699 ], [ -121.138030428855885, 47.595756070928132 ], [ -121.138131739855609, 47.595755176927568 ], [ -121.138236046855269, 47.595751354926989 ], [ -121.138336257854903, 47.595743595926479 ], [ -121.138433626854464, 47.595730241925921 ], [ -121.138528340853938, 47.595708469925434 ], [ -121.138619142853301, 47.595676446924919 ], [ -121.138704849852544, 47.595636860924429 ], [ -121.13878377285188, 47.595592619924012 ], [ -121.13885615885107, 47.595545619923634 ], [ -121.138925790850237, 47.595495792923238 ], [ -121.138992251849487, 47.59544445892292 ], [ -121.139057473848638, 47.595391495922534 ], [ -121.13911987484785, 47.595338198922263 ], [ -121.13913423384767, 47.595325723922187 ], [ -121.139183306847059, 47.595283043921953 ], [ -121.139245957846214, 47.595228722921561 ], [ -121.139300237845447, 47.595180539921323 ], [ -121.139308496845345, 47.59517311192122 ], [ -121.139365729844457, 47.595118412920939 ], [ -121.139422271843713, 47.595061575920681 ], [ -121.139476613842859, 47.595006804920402 ], [ -121.139536413841967, 47.594948225920064 ], [ -121.139597072841227, 47.594893395919762 ], [ -121.139664037840348, 47.594837252919383 ], [ -121.139725480839545, 47.594786984919097 ], [ -121.139790174838737, 47.59473402391869 ], [ -121.139851874837916, 47.594681231918393 ], [ -121.139911985837074, 47.594625071918102 ], [ -121.139960383836254, 47.594565017917823 ], [ -121.140003726835332, 47.594502578917577 ], [ -121.140049588834501, 47.594440643917366 ], [ -121.140084105833665, 47.594384961917157 ], [ -121.140090816833592, 47.594374134917153 ], [ -121.140135153832716, 47.594310154916926 ], [ -121.140192740831836, 47.594256026916625 ], [ -121.140271301831149, 47.594217380916213 ], [ -121.14036313883058, 47.594187406915673 ], [ -121.140463629829966, 47.59416270391516 ], [ -121.140569263829406, 47.594141042914579 ], [ -121.140675994828896, 47.594120655914026 ], [ -121.140779499828312, 47.594099644913442 ], [ -121.140876475827753, 47.59407580991288 ], [ -121.140963534827208, 47.59404729291245 ], [ -121.141036798826633, 47.594012042912041 ], [ -121.141090971825889, 47.59396736191173 ], [ -121.141116057825116, 47.593909743911631 ], [ -121.141118842824312, 47.593841627911623 ], [ -121.141107820823478, 47.593767507911728 ], [ -121.141091180822585, 47.5936910039118 ], [ -121.14107811882171, 47.59361601991192 ], [ -121.141075775820838, 47.593545799911929 ], [ -121.14107543882001, 47.593477267911936 ], [ -121.141074126819248, 47.593408576911948 ], [ -121.141072771818372, 47.59333969491199 ], [ -121.141072961817528, 47.593271159912042 ], [ -121.141075177816745, 47.593202640912018 ], [ -121.141080965815931, 47.593134568912042 ], [ -121.141091780815088, 47.593066661911962 ], [ -121.141106649814205, 47.59299892291191 ], [ -121.141124599813296, 47.592931304911829 ], [ -121.141145067812445, 47.592864029911759 ], [ -121.141168050811586, 47.592797099911664 ], [ -121.141192092810726, 47.592730486911535 ], [ -121.141217107809894, 47.592664035911397 ], [ -121.141243172808998, 47.59259725091129 ], [ -121.141272242808157, 47.5925309419111 ], [ -121.141306924807253, 47.592466329910962 ], [ -121.141348733806367, 47.592404611910702 ], [ -121.141397161805529, 47.5923440359105 ], [ -121.141450131804703, 47.592283762910192 ], [ -121.141508684803782, 47.592226037909903 ], [ -121.141573897802985, 47.592172907909543 ], [ -121.141645804802195, 47.592127114909168 ], [ -121.141726861801544, 47.592087440908713 ], [ -121.141815588800839, 47.592051999908257 ], [ -121.141909440800262, 47.592021492907705 ], [ -121.142006399799655, 47.591996642907183 ], [ -121.142103912799158, 47.591977766906659 ], [ -121.142201562798746, 47.591966263906144 ], [ -121.142301820798423, 47.591962613905594 ], [ -121.142404178798202, 47.591965832905032 ], [ -121.142507084797998, 47.591973818904478 ], [ -121.142609059797849, 47.591985263903901 ], [ -121.14270797979772, 47.591998425903377 ], [ -121.142805961797649, 47.59201518290277 ], [ -121.142902443797595, 47.592034882902247 ], [ -121.14299894879764, 47.59205644590174 ], [ -121.143096556797616, 47.592079109901221 ], [ -121.143191450797673, 47.592101136900702 ], [ -121.14328843379765, 47.59212201190013 ], [ -121.143385973797578, 47.592140673899564 ], [ -121.143484908797532, 47.592156731899053 ], [ -121.143585381797394, 47.592171252898488 ], [ -121.143685381797312, 47.592185621897961 ], [ -121.143784797797181, 47.592201155897399 ], [ -121.143882280797158, 47.592219478896816 ], [ -121.143976820797107, 47.592241399896317 ], [ -121.144067782797222, 47.592268647895814 ], [ -121.14415632079735, 47.592301575895306 ], [ -121.144241401797586, 47.592339506894859 ], [ -121.144323433797851, 47.592381330894369 ], [ -121.144401982798186, 47.592425963893938 ], [ -121.144477514798567, 47.592472505893511 ], [ -121.144547961798906, 47.592520747893111 ], [ -121.144613428799403, 47.592572663892753 ], [ -121.144674431799899, 47.592627520892371 ], [ -121.144733304800383, 47.592683710892025 ], [ -121.144792259800894, 47.592740075891726 ], [ -121.14485274180133, 47.592795291891335 ], [ -121.144916162801877, 47.59284887989098 ], [ -121.144980105802347, 47.59290214689063 ], [ -121.145044619802775, 47.592954952890253 ], [ -121.145111052803216, 47.593006964889881 ], [ -121.145178533803602, 47.593057826889478 ], [ -121.145247599804051, 47.593108710889091 ], [ -121.145317569804519, 47.593161228888725 ], [ -121.145392623804753, 47.593208265888286 ], [ -121.145477681805019, 47.593242431887802 ], [ -121.145570609805063, 47.593265204887267 ], [ -121.145667075805022, 47.593283339886746 ], [ -121.145766047804898, 47.593297791886215 ], [ -121.145777440804892, 47.593299236886104 ], [ -121.145866990804748, 47.593310495885639 ], [ -121.145954859804618, 47.593320697885147 ], [ -121.145968405804609, 47.593322269885114 ], [ -121.146069867804499, 47.593334564884522 ], [ -121.146169325804351, 47.593348734883953 ], [ -121.146267781804326, 47.593363787883433 ], [ -121.146366764804171, 47.593378836882884 ], [ -121.146382282804169, 47.593381220882812 ], [ -121.146465708804072, 47.593394050882324 ], [ -121.146564689804009, 47.593408908881798 ], [ -121.146637879803919, 47.593419777881337 ], [ -121.146663627803946, 47.593423601881256 ], [ -121.146674921803879, 47.593425241881178 ], [ -121.146762602803776, 47.593437965880675 ], [ -121.146861531803737, 47.593451973880128 ], [ -121.146975188803566, 47.593467269879497 ], [ -121.147060425803474, 47.593478639879017 ], [ -121.147159873803318, 47.59349160287848 ], [ -121.147245185803214, 47.593502464878014 ], [ -121.147259313803289, 47.593504263877918 ], [ -121.147310615803121, 47.593510662877655 ], [ -121.147359238803105, 47.59351673087739 ], [ -121.147458676802941, 47.593529199876848 ], [ -121.147558639802853, 47.59354147487624 ], [ -121.147658547802706, 47.593552923875698 ], [ -121.147759492802535, 47.59356228987518 ], [ -121.147858930802357, 47.593570660874612 ], [ -121.147961809802169, 47.593580190874022 ], [ -121.148061769802027, 47.593592135873521 ], [ -121.14815922980199, 47.593608562872973 ], [ -121.148253719801943, 47.593630653872431 ], [ -121.148346201802013, 47.59365755287191 ], [ -121.148436836802148, 47.593688277871387 ], [ -121.148526303802271, 47.59372149387093 ], [ -121.148614869802486, 47.593756282870388 ], [ -121.148691137802686, 47.593786903869976 ], [ -121.148702426802657, 47.593791432869928 ], [ -121.148713144802656, 47.593795720869821 ], [ -121.148789493802838, 47.593826256869399 ], [ -121.14887652980309, 47.593861903868927 ], [ -121.148959324803229, 47.593897946868481 ], [ -121.149045635803475, 47.593937911867968 ], [ -121.149126701803795, 47.593979074867512 ], [ -121.149202964804061, 47.594021524867124 ], [ -121.149214779804083, 47.594028308867024 ], [ -121.149281768804371, 47.594066975866681 ], [ -121.149357778804685, 47.594112277866209 ], [ -121.149423267805005, 47.594152438865883 ], [ -121.149432825805036, 47.594158298865814 ], [ -121.149446824805096, 47.594167102865718 ], [ -121.149507355805369, 47.594205174865358 ], [ -121.149580877805832, 47.594252406864946 ], [ -121.149653953806137, 47.594300022864587 ], [ -121.149726392806556, 47.594347871864137 ], [ -121.149797901806906, 47.594396132863743 ], [ -121.149860824807348, 47.594448220863363 ], [ -121.149918790807902, 47.594505962863067 ], [ -121.149981252808374, 47.59456011186267 ], [ -121.150043187808819, 47.594614237862345 ], [ -121.150105649809362, 47.594668386861969 ], [ -121.1501676258098, 47.594722511861633 ], [ -121.150230571810283, 47.594776467861266 ], [ -121.15029355481073, 47.594830092860931 ], [ -121.150357504811211, 47.594883192860557 ], [ -121.150421976811629, 47.594935932860182 ], [ -121.150446315811863, 47.594955134860029 ], [ -121.150487980812116, 47.594988006859801 ], [ -121.150553463812543, 47.595040573859393 ], [ -121.150619437812963, 47.595093500859015 ], [ -121.150685454813427, 47.595146588858682 ], [ -121.150751951813845, 47.595199152858292 ], [ -121.150819450814339, 47.595250861857885 ], [ -121.150888957814772, 47.595301023857509 ], [ -121.15095994581516, 47.595349612857078 ], [ -121.151032971815511, 47.595395810856672 ], [ -121.151108962815783, 47.595439247856234 ], [ -121.151192502816002, 47.59547699585579 ], [ -121.151285071816105, 47.595507318855297 ], [ -121.151383110816141, 47.595530922854714 ], [ -121.151482613816086, 47.595548349854141 ], [ -121.151581564815913, 47.595560653853632 ], [ -121.151681464815809, 47.595570375853072 ], [ -121.151782875815627, 47.595578032852544 ], [ -121.15188527081537, 47.595583299851988 ], [ -121.151987144815095, 47.595585800851403 ], [ -121.152089474814815, 47.595585748850837 ], [ -121.152190753814565, 47.595582605850254 ], [ -121.152290981814147, 47.595576397849712 ], [ -121.152390103813801, 47.59556589284918 ], [ -121.152488846813327, 47.595551284848625 ], [ -121.152586266812904, 47.595533789848076 ], [ -121.152684302812361, 47.595514051847559 ], [ -121.152782150811831, 47.595493206847038 ], [ -121.152878850811277, 47.595472527846511 ], [ -121.152976359810793, 47.595452792845961 ], [ -121.153074017810283, 47.59543267284544 ], [ -121.153169867809751, 47.595408861844902 ], [ -121.153266334809118, 47.595387075844378 ], [ -121.153365059808792, 47.595373695843861 ], [ -121.153465241808476, 47.595373981843316 ], [ -121.153568210808288, 47.595383160842736 ], [ -121.153669497808181, 47.595392595842192 ], [ -121.153770973807923, 47.595393677841599 ], [ -121.153868559807449, 47.595380273841116 ], [ -121.153967339806954, 47.595363071840524 ], [ -121.154067221806457, 47.595343877839994 ], [ -121.154166737805895, 47.595322595839491 ], [ -121.154265505805384, 47.595298832838907 ], [ -121.154361177804773, 47.595272488838418 ], [ -121.154453505804199, 47.595243351837901 ], [ -121.154541015803559, 47.595211065837411 ], [ -121.154622358802882, 47.595175596837024 ], [ -121.154692737802151, 47.595131339836641 ], [ -121.154746740801315, 47.595073632836339 ], [ -121.154788484800449, 47.595007767836123 ], [ -121.154823630799527, 47.594939231835937 ], [ -121.154855240798625, 47.594873097835794 ], [ -121.154880773797743, 47.594807161835639 ], [ -121.154899195796887, 47.594739703835558 ], [ -121.154915333795969, 47.594670453835541 ], [ -121.154931443795164, 47.594603496835475 ], [ -121.154951894794252, 47.594536218835337 ], [ -121.154979454793434, 47.594470435835198 ], [ -121.155007952792531, 47.594403098835095 ], [ -121.155037567791595, 47.594334933834936 ], [ -121.155071197790733, 47.594268431834777 ], [ -121.15511236378984, 47.594206009834522 ], [ -121.155164476789025, 47.594148658834314 ], [ -121.155228701788246, 47.594098459833916 ], [ -121.155299306787455, 47.594049406833534 ], [ -121.155371876786731, 47.59400255783315 ], [ -121.155448309785982, 47.593956542832721 ], [ -121.155528153785156, 47.593912352832312 ], [ -121.15561084878442, 47.593869958831895 ], [ -121.155695988783734, 47.593830086831439 ], [ -121.155782896783052, 47.593792905830966 ], [ -121.155871881782375, 47.593758507830465 ], [ -121.155962196781715, 47.593727488829963 ], [ -121.156056440781157, 47.593698947829481 ], [ -121.156145925780578, 47.593673683829003 ], [ -121.156239315780027, 47.593648842828529 ], [ -121.156330328779475, 47.593626196827962 ], [ -121.15634312477944, 47.593623136827915 ], [ -121.156429219778971, 47.593602870827482 ], [ -121.156525203778415, 47.593581440826959 ], [ -121.156616397777981, 47.593561987826455 ], [ -121.156639378777797, 47.593557279826321 ], [ -121.156719228777405, 47.593541119825851 ], [ -121.156816739776872, 47.593521874825342 ], [ -121.156901284776495, 47.593505892824901 ], [ -121.156914784776404, 47.593503338824796 ], [ -121.156945640776257, 47.593497701824674 ], [ -121.15701335977586, 47.593485320824264 ], [ -121.157111906775427, 47.59346763282376 ], [ -121.157175817775126, 47.593456322823336 ], [ -121.157210977774952, 47.593450104823226 ], [ -121.157309564774465, 47.593432744822685 ], [ -121.157408637773983, 47.593415408822118 ], [ -121.157507183773504, 47.59339804882157 ], [ -121.157605241773012, 47.593380554821017 ], [ -121.157666764772742, 47.593369458820717 ], [ -121.157703297772557, 47.593362867820524 ], [ -121.157744790772313, 47.593355522820289 ], [ -121.157803396771996, 47.593345219819938 ], [ -121.157900470771622, 47.593331408819417 ], [ -121.158000099771201, 47.593319716818925 ], [ -121.15809746477079, 47.593309172818358 ], [ -121.158200429770361, 47.593297861817824 ], [ -121.15830008576998, 47.593285129817232 ], [ -121.158398657769496, 47.593269849816693 ], [ -121.158496716768994, 47.593252491816216 ], [ -121.158594280768511, 47.593234121815641 ], [ -121.15869178876801, 47.593215066815098 ], [ -121.158788804767539, 47.59319532981457 ], [ -121.158885819767022, 47.593175070814056 ], [ -121.158982296766453, 47.593154650813524 ], [ -121.15907930676596, 47.593134419812991 ], [ -121.159175830765449, 47.593114163812508 ], [ -121.159272840764942, 47.593093904811901 ], [ -121.159369320764426, 47.593073484811384 ], [ -121.159465831763924, 47.59305221381085 ], [ -121.159561807763382, 47.593030261810362 ], [ -121.159657238762804, 47.593006913809802 ], [ -121.159751678762277, 47.592982060809348 ], [ -121.159845039761706, 47.592955135808786 ], [ -121.159937897761054, 47.592926867808295 ], [ -121.160030746760455, 47.592897886807798 ], [ -121.160125410759818, 47.592868229807323 ], [ -121.160215927759282, 47.592840832806807 ], [ -121.160309334758693, 47.59281442580631 ], [ -121.160402831758162, 47.592790320805769 ], [ -121.160498712757658, 47.592768970805253 ], [ -121.160595759757172, 47.592752136804719 ], [ -121.160696116756768, 47.592742162804193 ], [ -121.160796175756403, 47.59273712980368 ], [ -121.160898476756145, 47.592735179803107 ], [ -121.160998234755851, 47.592733783802544 ], [ -121.161103071755562, 47.592730760801999 ], [ -121.161203785755163, 47.592725059801396 ], [ -121.161304530754791, 47.59271848580088 ], [ -121.161405758754483, 47.592711742800269 ], [ -121.161506457754072, 47.592704841799772 ], [ -121.161607197753696, 47.592697934799169 ], [ -121.16162678375359, 47.592696658799085 ], [ -121.161707901753388, 47.592691359798621 ], [ -121.161809136753007, 47.592685138798103 ], [ -121.161894821752696, 47.592680265797604 ], [ -121.161909890752668, 47.592679412797565 ], [ -121.161931407752547, 47.592678265797396 ], [ -121.162010609752315, 47.592674043796997 ], [ -121.16211185675192, 47.592668835796438 ], [ -121.162198804751696, 47.592664808795966 ], [ -121.162218189751599, 47.592663938795866 ], [ -121.162314370751318, 47.592659982795318 ], [ -121.162415109750967, 47.592656339794772 ], [ -121.162505957750682, 47.59265365779428 ], [ -121.162519876750665, 47.592653279794199 ], [ -121.16261767075035, 47.592651241793661 ], [ -121.162718968750042, 47.59265014479309 ], [ -121.16281685874975, 47.592649747792592 ], [ -121.162921584749469, 47.592649513791962 ], [ -121.16302289074919, 47.592649102791448 ], [ -121.163124191748906, 47.592648197790851 ], [ -121.163225480748622, 47.592646414790281 ], [ -121.163326766748312, 47.592644303789768 ], [ -121.163428037748005, 47.592641314789212 ], [ -121.163529296747669, 47.592636791788628 ], [ -121.163630012747305, 47.592630927788079 ], [ -121.163731249746917, 47.59262519778752 ], [ -121.163833008746565, 47.592618806786959 ], [ -121.163933692746227, 47.592610694786401 ], [ -121.16403336574578, 47.592599490785908 ], [ -121.164131451745391, 47.59258453678531 ], [ -121.164229501744813, 47.592566682784785 ], [ -121.164326512744353, 47.592546776784253 ], [ -121.164422487743835, 47.592524984783736 ], [ -121.164518444743322, 47.592501821783237 ], [ -121.164613333742722, 47.592477457782721 ], [ -121.164707237742192, 47.592452085782206 ], [ -121.164800108741559, 47.592425157781697 ], [ -121.164891443740984, 47.592395331781198 ], [ -121.164981704740327, 47.592363811780729 ], [ -121.16507147073969, 47.592331609780231 ], [ -121.165161239739064, 47.592299736779765 ], [ -121.165251544738453, 47.59226854577922 ], [ -121.165341318737802, 47.592237028778783 ], [ -121.16543108573714, 47.592204990778299 ], [ -121.165520848736534, 47.592172953777805 ], [ -121.165610619735901, 47.592140915777307 ], [ -121.165668573735516, 47.592120454777039 ], [ -121.165705180735202, 47.592107558776775 ], [ -121.165790653734632, 47.59207788077633 ], [ -121.165880925734044, 47.592047371775848 ], [ -121.165969648733423, 47.592018755775342 ], [ -121.166064587732819, 47.591989439774864 ], [ -121.166157994732231, 47.591963384774367 ], [ -121.16625234073166, 47.591940132773871 ], [ -121.166266920731587, 47.591936817773764 ], [ -121.166349918731171, 47.5919180697733 ], [ -121.166446913730681, 47.591896954772771 ], [ -121.166496439730395, 47.591886090772476 ], [ -121.166543905730109, 47.591875675772279 ], [ -121.166639344729575, 47.591853034771752 ], [ -121.16673325072901, 47.591828319771189 ], [ -121.166825093728434, 47.591800380770714 ], [ -121.166916352727796, 47.591767842770203 ], [ -121.167005029727079, 47.591729802769734 ], [ -121.1670840227263, 47.591685324769323 ], [ -121.167146677725555, 47.591633894768989 ], [ -121.167194581724686, 47.591575885768755 ], [ -121.167233831723848, 47.591512941768535 ], [ -121.167266436722954, 47.591446797768313 ], [ -121.167293954722084, 47.591378955768256 ], [ -121.167317907721198, 47.591311162768086 ], [ -121.16733833672032, 47.591243525768036 ], [ -121.167340979719455, 47.591169685768008 ], [ -121.16733545271849, 47.591093600768104 ], [ -121.167336572717673, 47.591021485768152 ], [ -121.167346874717282, 47.590992999768062 ], [ -121.167359092716822, 47.590958991767998 ], [ -121.167415791716095, 47.590911254767718 ], [ -121.1674866457154, 47.590870373767302 ], [ -121.167564691714745, 47.590831382766893 ], [ -121.1676480957141, 47.590794648766462 ], [ -121.167735982713424, 47.590759976765959 ], [ -121.167827760712726, 47.590727075765457 ], [ -121.167922715712123, 47.59069569476496 ], [ -121.168018473711456, 47.590666358764445 ], [ -121.168116387710882, 47.590638054763872 ], [ -121.168219370710233, 47.590609656763341 ], [ -121.16822998771012, 47.590606728763255 ], [ -121.168240645710085, 47.590603865763221 ], [ -121.168310761709677, 47.590585019762827 ], [ -121.16840567770916, 47.590559967762331 ], [ -121.168499563708622, 47.590537819761806 ], [ -121.168597667708113, 47.590520488761292 ], [ -121.168696785707724, 47.590507419760719 ], [ -121.168802702707268, 47.590496586760146 ], [ -121.168898625706902, 47.590487592759658 ], [ -121.169000302706451, 47.590477907759094 ], [ -121.169100448706061, 47.590466367758523 ], [ -121.169199546705599, 47.590451763758004 ], [ -121.169297104705166, 47.590433905757457 ], [ -121.169394110704644, 47.590413969756945 ], [ -121.169490573704095, 47.590392853756413 ], [ -121.169587071703532, 47.590371245755883 ], [ -121.16968304470312, 47.590349777755371 ], [ -121.169780041702538, 47.590329181754818 ], [ -121.169877048702048, 47.590309434754282 ], [ -121.169975522701534, 47.590287441753773 ], [ -121.170070965700944, 47.590265472753288 ], [ -121.17016848270049, 47.590244351752695 ], [ -121.170266522699919, 47.590226161752177 ], [ -121.170365107699496, 47.590212737751614 ], [ -121.170464828699167, 47.590205831751106 ], [ -121.170566596698876, 47.590202828750535 ], [ -121.170665848698576, 47.590201413749988 ], [ -121.170766668698278, 47.590201354749439 ], [ -121.170867985697981, 47.590202142748865 ], [ -121.170968790697785, 47.590204111748349 ], [ -121.171070129697469, 47.590206628747779 ], [ -121.171167866697203, 47.590209824747269 ], [ -121.171200262697212, 47.590210940747014 ], [ -121.171273316697054, 47.590213488746642 ], [ -121.171374672696786, 47.590217373746086 ], [ -121.171476555696486, 47.590221227745523 ], [ -121.171577911696303, 47.590225112744953 ], [ -121.17167974969604, 47.590228637744424 ], [ -121.171781096695796, 47.590231809743862 ], [ -121.171792702695811, 47.590232096743762 ], [ -121.171882435695593, 47.590234323743246 ], [ -121.171983763695295, 47.590235959742728 ], [ -121.172094092695076, 47.590241209742139 ], [ -121.172206673694731, 47.590238622741523 ], [ -121.172239994694039, 47.590188044741289 ], [ -121.172255423693173, 47.590126110741274 ], [ -121.172265282692422, 47.59005983874119 ], [ -121.172270915691584, 47.589992050741216 ], [ -121.172273067690725, 47.5899216127412 ], [ -121.17227269568987, 47.589850572741241 ], [ -121.172271779688955, 47.589777534741224 ], [ -121.172270872688145, 47.58970557874126 ], [ -121.17227148268725, 47.589634985741284 ], [ -121.172271874687183, 47.589624894741299 ], [ -121.172274180686429, 47.58956607974126 ], [ -121.172276842685577, 47.589497529741315 ], [ -121.172277487684795, 47.589429754741325 ], [ -121.172275639683932, 47.589360304741341 ], [ -121.172268703683201, 47.58929216674138 ], [ -121.17225811068235, 47.589223606741456 ], [ -121.172245712681587, 47.589155916741561 ], [ -121.172230673680801, 47.58908799074166 ], [ -121.172212508679991, 47.589018587741798 ], [ -121.172192506679266, 47.588953198741883 ], [ -121.172170875678589, 47.588886324742049 ], [ -121.172148736677855, 47.588820527742222 ], [ -121.172125135677064, 47.588751932742326 ], [ -121.17209998067635, 47.588685078742486 ], [ -121.172071384675604, 47.588619434742661 ], [ -121.172038566674942, 47.588554532742883 ], [ -121.172001301674257, 47.588491339743079 ], [ -121.171957484673612, 47.588430141743316 ], [ -121.171909089673107, 47.588370236743579 ], [ -121.171857210672528, 47.588311432743893 ], [ -121.171802337671934, 47.5882535277442 ], [ -121.171745862671386, 47.588195897744605 ], [ -121.171689422670894, 47.588138486744903 ], [ -121.171633994670373, 47.588080908745219 ], [ -121.171579051669823, 47.588023297745515 ], [ -121.17152112366928, 47.587966750745835 ], [ -121.171461657668814, 47.58791056674616 ], [ -121.171402686668259, 47.587854543746552 ], [ -121.171345770667756, 47.587797796746862 ], [ -121.171292396667269, 47.587739885747148 ], [ -121.171244000666647, 47.587680174747426 ], [ -121.171200675665972, 47.587618578747737 ], [ -121.171159370665379, 47.587555929747921 ], [ -121.171120076664721, 47.587492416748191 ], [ -121.171082802664088, 47.587428376748399 ], [ -121.171048050663359, 47.587363507748606 ], [ -121.171015803662627, 47.587298053748796 ], [ -121.170986125661955, 47.58723224074901 ], [ -121.170959986661231, 47.58716595074916 ], [ -121.170937327660496, 47.587099235749278 ], [ -121.170917235659743, 47.587032352749425 ], [ -121.170897147659005, 47.586965140749548 ], [ -121.170877050658248, 47.586897571749645 ], [ -121.170858489657519, 47.586829665749804 ], [ -121.170840412656702, 47.586761591749926 ], [ -121.170823345655904, 47.586693323749991 ], [ -121.170807776655195, 47.58662487375009 ], [ -121.170793747654386, 47.586556422750178 ], [ -121.17078174165357, 47.586487793750265 ], [ -121.170771769652802, 47.586419480750358 ], [ -121.170764340652028, 47.586350989750429 ], [ -121.170759431651163, 47.586282840750471 ], [ -121.170757037650375, 47.586214813750523 ], [ -121.170757723649587, 47.586146960750497 ], [ -121.170761940648688, 47.586079443750492 ], [ -121.170770208647852, 47.586011903750489 ], [ -121.170782000647009, 47.585944316750457 ], [ -121.170797885646209, 47.585876732750364 ], [ -121.170816770645317, 47.585809268750303 ], [ -121.170838208644412, 47.585741817750204 ], [ -121.170861674643575, 47.585674518750054 ], [ -121.170887174642672, 47.585607564749935 ], [ -121.17091469164184, 47.585540572749785 ], [ -121.170942746640947, 47.585474124749659 ], [ -121.170971287640072, 47.585407646749509 ], [ -121.171000847639206, 47.585341686749423 ], [ -121.171029398638296, 47.585276055749219 ], [ -121.171060472637407, 47.585211290749079 ], [ -121.171097152636634, 47.585147698748891 ], [ -121.171138383635693, 47.58508509574866 ], [ -121.171182173634861, 47.585022970748447 ], [ -121.171228821634003, 47.584959403748215 ], [ -121.171272313633111, 47.584899446747968 ], [ -121.171315574632288, 47.584837187747745 ], [ -121.171355083631397, 47.584775564747602 ], [ -121.171361328631249, 47.584765388747577 ], [ -121.171394537630462, 47.584710959747362 ], [ -121.171432230629634, 47.584647361747159 ], [ -121.171460118628985, 47.584600279747065 ], [ -121.171469922628745, 47.584583736747 ], [ -121.171508630627898, 47.584520298746803 ], [ -121.171547823627009, 47.584457185746579 ], [ -121.171590728626171, 47.584393072746352 ], [ -121.171632358625359, 47.584332322746171 ], [ -121.171673077624405, 47.584267830745951 ], [ -121.171712190623609, 47.584205400745745 ], [ -121.171756543622692, 47.584138861745522 ], [ -121.171804395621749, 47.584077754745266 ], [ -121.171858908620919, 47.58402107874501 ], [ -121.171922571620144, 47.583970325744673 ], [ -121.1719954296194, 47.583925714744268 ], [ -121.17207391961874, 47.583884470743868 ], [ -121.172157023618055, 47.583845968743404 ], [ -121.172243153617359, 47.583809642742899 ], [ -121.172331854616644, 47.583774863742455 ], [ -121.172421580615989, 47.58374095674197 ], [ -121.172512316615368, 47.583707179741502 ], [ -121.172603432614736, 47.583673094740952 ], [ -121.172691273614035, 47.583638490740519 ], [ -121.172777401613331, 47.583602163740032 ], [ -121.172860055612659, 47.583564025739619 ], [ -121.17293995861192, 47.583518491739142 ], [ -121.172998941610985, 47.583456634738859 ], [ -121.172999852610175, 47.583389728738901 ], [ -121.172981562609394, 47.58332514973899 ], [ -121.172960473608711, 47.583259313739127 ], [ -121.172936134607994, 47.583191797739268 ], [ -121.172911205607264, 47.583127655739467 ], [ -121.17288456360653, 47.583061687739615 ], [ -121.172856846605882, 47.582997814739734 ], [ -121.17285088360569, 47.582984041739806 ], [ -121.172827182605118, 47.582929227739939 ], [ -121.172797457604403, 47.582862920740119 ], [ -121.172778720603958, 47.582820962740236 ], [ -121.172767771603702, 47.582796449740293 ], [ -121.172738571602963, 47.582729974740481 ], [ -121.172710381602229, 47.582663303740631 ], [ -121.172682678601561, 47.582596655740815 ], [ -121.172656512600824, 47.582529807740983 ], [ -121.17263237260012, 47.582462947741114 ], [ -121.172610258599335, 47.582396103741253 ], [ -121.17259118159852, 47.582329050741421 ], [ -121.172578173597785, 47.582261441741466 ], [ -121.172570749597, 47.582193114741528 ], [ -121.172566846596197, 47.582124602741573 ], [ -121.172565452595379, 47.582055747741606 ], [ -121.172564540594507, 47.581985603741622 ], [ -121.172562217593722, 47.581918012741639 ], [ -121.172556775592867, 47.581849509741723 ], [ -121.172547456592071, 47.581782276741762 ], [ -121.172545913592003, 47.581773334741833 ], [ -121.172535327591319, 47.581713249741853 ], [ -121.172522802590578, 47.581645308741912 ], [ -121.172510255589827, 47.581584358742056 ], [ -121.172508000589715, 47.581573562742015 ], [ -121.17249426758903, 47.581509419742147 ], [ -121.172478220588232, 47.581441662742264 ], [ -121.172462066587542, 47.581379598742359 ], [ -121.172459888587383, 47.581371392742405 ], [ -121.172442081586709, 47.581306694742494 ], [ -121.172422475585904, 47.581239479742585 ], [ -121.172400466585202, 47.581173215742773 ], [ -121.172374732584458, 47.581106469742913 ], [ -121.172345542583784, 47.581040652743084 ], [ -121.172314961583083, 47.580976714743272 ], [ -121.172303974582832, 47.580955526743324 ], [ -121.172280578582331, 47.580910647743487 ], [ -121.172267783582114, 47.580886860743547 ], [ -121.172245853581714, 47.580846097743674 ], [ -121.172211444580995, 47.580780233743887 ], [ -121.172172786580319, 47.580716111744103 ], [ -121.172123943579734, 47.580656439744402 ], [ -121.172061403579264, 47.580603088744759 ], [ -121.171995010578883, 47.580552845745146 ], [ -121.171925517578487, 47.580503545745572 ], [ -121.171852521578131, 47.580455018745909 ], [ -121.171778946577732, 47.580408113746358 ], [ -121.171703409577361, 47.580361780746792 ], [ -121.171628247577061, 47.580317219747243 ], [ -121.171614251576955, 47.580309013747296 ], [ -121.171549321576734, 47.580270994747664 ], [ -121.171472307576366, 47.580226372748108 ], [ -121.171410069576126, 47.580190747748439 ], [ -121.17139086957603, 47.580179854748579 ], [ -121.171316724575789, 47.580139051748915 ], [ -121.171237708575475, 47.580096329749395 ], [ -121.171161590575196, 47.580056187749825 ], [ -121.171139464575091, 47.58004455774995 ], [ -121.171077627574917, 47.580012076750307 ], [ -121.170997085574655, 47.579970405750757 ], [ -121.170950697574483, 47.579946389751065 ], [ -121.17091654857434, 47.579928706751254 ], [ -121.170836003574095, 47.579887032751699 ], [ -121.170755986573838, 47.579845169752105 ], [ -121.170675920573558, 47.579802971752578 ], [ -121.170596910573224, 47.579760252753012 ], [ -121.170518373572918, 47.579716841753495 ], [ -121.170441321572611, 47.579672216753892 ], [ -121.170367319572208, 47.579625353754338 ], [ -121.170297294571796, 47.579575726754712 ], [ -121.170226286571463, 47.579525254755154 ], [ -121.170152199571007, 47.579474801755524 ], [ -121.170080651570601, 47.579423290755955 ], [ -121.170017174570177, 47.57936918475631 ], [ -121.169968356569569, 47.579311210756593 ], [ -121.169936658568929, 47.579248667756765 ], [ -121.169911045568185, 47.579183545756955 ], [ -121.169888934567453, 47.579116509757071 ], [ -121.169870332566703, 47.579048246757196 ], [ -121.169854796565858, 47.578978951757293 ], [ -121.169843264565088, 47.578909112757387 ], [ -121.169835297564234, 47.578839253757451 ], [ -121.169830895563422, 47.578769373757453 ], [ -121.169831040562599, 47.578700153757531 ], [ -121.169834721561784, 47.578631954757498 ], [ -121.169842997560963, 47.578565071757481 ], [ -121.169861421560114, 47.578499693757379 ], [ -121.169892542559325, 47.57843561375725 ], [ -121.169932264558412, 47.578372498757048 ], [ -121.169977540557454, 47.57830970775683 ], [ -121.170011706556906, 47.578264623756652 ], [ -121.170024886556575, 47.578247233756571 ], [ -121.170070823555776, 47.578184227756296 ], [ -121.170112429554862, 47.578120818756084 ], [ -121.170147557554031, 47.578056523755947 ], [ -121.170180858553124, 47.577992529755768 ], [ -121.170186376553033, 47.577981589755751 ], [ -121.170213793552279, 47.577927133755601 ], [ -121.170246401551395, 47.57786216775547 ], [ -121.170276621550528, 47.577799712755265 ], [ -121.170283799550347, 47.577784472755255 ], [ -121.170308570549651, 47.577731594755171 ], [ -121.170339148548791, 47.577666311754982 ], [ -121.170367593547908, 47.577603178754821 ], [ -121.170398269547036, 47.577535098754737 ], [ -121.170425802546234, 47.577469311754562 ], [ -121.170450836545257, 47.577402606754426 ], [ -121.1704737575444, 47.577336078754321 ], [ -121.170495196543612, 47.577268956754189 ], [ -121.170514012542696, 47.577199748754168 ], [ -121.170528949541904, 47.577133941754099 ], [ -121.170542761540943, 47.57706601275401 ], [ -121.170553948540231, 47.577008993753978 ], [ -121.170556087540135, 47.576998086753918 ], [ -121.170558003540023, 47.57698899675394 ], [ -121.170570426539285, 47.576930155753885 ], [ -121.170583266538401, 47.576862232753854 ], [ -121.170593538537773, 47.576807554753792 ], [ -121.170596063537602, 47.576794117753785 ], [ -121.17060890353676, 47.576726194753711 ], [ -121.170623728535887, 47.576658260753682 ], [ -121.170640625534986, 47.576590835753613 ], [ -121.170658570534229, 47.576529407753519 ], [ -121.170680950533281, 47.576456632753441 ], [ -121.170703403532471, 47.576389668753322 ], [ -121.170727400531518, 47.576323051753178 ], [ -121.17075135753069, 47.576256435753059 ], [ -121.170776369529833, 47.576190005752935 ], [ -121.170800854528963, 47.576123550752847 ], [ -121.170826840528093, 47.576057278752671 ], [ -121.170854365527191, 47.575991327752611 ], [ -121.17088445552632, 47.575925690752413 ], [ -121.170916049525417, 47.575860756752292 ], [ -121.170948654524537, 47.575795790752096 ], [ -121.170981262523753, 47.575731015751956 ], [ -121.171013868522849, 47.575666049751753 ], [ -121.171046964521963, 47.575601436751661 ], [ -121.171080585521125, 47.575536656751474 ], [ -121.171114207520276, 47.575472040751272 ], [ -121.171148316519364, 47.575407421751088 ], [ -121.171182465518541, 47.575342802750917 ], [ -121.171216575517676, 47.575278375750777 ], [ -121.171251214516758, 47.575214082750556 ], [ -121.17128585151589, 47.575149625750441 ], [ -121.171312970515231, 47.575100061750256 ], [ -121.171321021515027, 47.575085356750265 ], [ -121.171334772514655, 47.575059692750159 ], [ -121.171355652514166, 47.575020734750062 ], [ -121.171389272513281, 47.574955954749882 ], [ -121.171422362512445, 47.574890984749715 ], [ -121.171456506511532, 47.574826036749577 ], [ -121.171491141510657, 47.574761414749389 ], [ -121.171527280509792, 47.574697305749183 ], [ -121.171565494508926, 47.574633841749026 ], [ -121.171606233508058, 47.574571432748833 ], [ -121.171650508507184, 47.574509989748584 ], [ -121.171697875506368, 47.574449598748302 ], [ -121.171746218505533, 47.574389502748083 ], [ -121.17179561650461, 47.574329592747802 ], [ -121.171845989503751, 47.574269869747575 ], [ -121.171897419502912, 47.57421046874731 ], [ -121.171949826502086, 47.574151391747044 ], [ -121.172003778501193, 47.57409282374671 ], [ -121.172058220500389, 47.574034586746443 ], [ -121.172114210499444, 47.573977051746176 ], [ -121.172170736498714, 47.573920170745829 ], [ -121.172228766497824, 47.573863829745534 ], [ -121.172287822497012, 47.573808499745283 ], [ -121.172348383496129, 47.573753649744923 ], [ -121.172410010495355, 47.573699836744602 ], [ -121.172475192494559, 47.573648416744248 ], [ -121.172546494493801, 47.573600524743881 ], [ -121.172622895492992, 47.573555371743502 ], [ -121.17270284549231, 47.573512253743047 ], [ -121.172784350491568, 47.573470306742614 ], [ -121.172796036491434, 47.573464408742502 ], [ -121.172866384490817, 47.573428901742211 ], [ -121.172946841490159, 47.5733871267417 ], [ -121.173013510489483, 47.573351904741379 ], [ -121.173026842489392, 47.573344859741297 ], [ -121.173106805488658, 47.573302783740878 ], [ -121.173187827487965, 47.573261191740421 ], [ -121.173270361487184, 47.573220611739977 ], [ -121.173353402486526, 47.573181752739579 ], [ -121.173438535485843, 47.573144937739109 ], [ -121.173526212485214, 47.573110684738644 ], [ -121.17361747248458, 47.573081043738071 ], [ -121.173711857483994, 47.57305513973759 ], [ -121.173809674483437, 47.573030562737067 ], [ -121.173904154482855, 47.573006739736577 ], [ -121.17399853548234, 47.572980479736053 ], [ -121.174089114481674, 47.572949956735528 ], [ -121.174172860481008, 47.572914034735071 ], [ -121.174254382480328, 47.572873621734708 ], [ -121.1743340384796, 47.572834380734236 ], [ -121.174357371479417, 47.572822778734135 ], [ -121.174420968478842, 47.572791101733763 ], [ -121.174504978478154, 47.572748808733316 ], [ -121.174571725477506, 47.572714459732993 ], [ -121.174592134477322, 47.572703902732812 ], [ -121.174670983476602, 47.572662015732455 ], [ -121.174751962475895, 47.572617163731991 ], [ -121.174829156475099, 47.572572564731615 ], [ -121.174907764474312, 47.572524425731153 ], [ -121.174981090473551, 47.57247638273077 ], [ -121.175049978472742, 47.57242714373043 ], [ -121.17511548147192, 47.572376229730068 ], [ -121.175175588471134, 47.572323959729736 ], [ -121.175229636470348, 47.572270828729451 ], [ -121.175276488469578, 47.572214404729245 ], [ -121.175309143468766, 47.572153905729074 ], [ -121.175329106467899, 47.572089202728968 ], [ -121.175339873467067, 47.572021290728891 ], [ -121.175343545466205, 47.571951380728919 ], [ -121.175342653465307, 47.57187924372893 ], [ -121.17534121246446, 47.571806961728974 ], [ -121.175340824463603, 47.571734646729027 ], [ -121.175344990462776, 47.571663702728983 ], [ -121.175356268461897, 47.571594581728945 ], [ -121.17537770746101, 47.571528143728834 ], [ -121.175411320460114, 47.571463361728675 ], [ -121.175454070459267, 47.571400391728474 ], [ -121.175501909458404, 47.571339474728184 ], [ -121.175552279457548, 47.571280078727952 ], [ -121.175603176456704, 47.571221007727658 ], [ -121.175655626455836, 47.571162449727396 ], [ -121.175709047455001, 47.571104049727154 ], [ -121.175762512454185, 47.571046006726831 ], [ -121.175816952453317, 47.570988121726543 ], [ -121.175871391452446, 47.570930236726277 ], [ -121.175925345451631, 47.57087235472595 ], [ -121.175979822450785, 47.570814305725733 ], [ -121.176005027450344, 47.570786830725595 ], [ -121.176033244449954, 47.570756072725445 ], [ -121.176086709449066, 47.570697697725123 ], [ -121.176125444448459, 47.570654287724928 ], [ -121.176139103448193, 47.570638974724858 ], [ -121.176190534447372, 47.57057990072461 ], [ -121.176243458446493, 47.570520821724315 ], [ -121.176298894445679, 47.570461721724008 ], [ -121.176355869444734, 47.570402642723721 ], [ -121.176414381443891, 47.570343363723403 ], [ -121.176473381443003, 47.57028424572313 ], [ -121.176515121442392, 47.570242427722924 ], [ -121.176532381442186, 47.570225127722786 ], [ -121.176591378441302, 47.570165845722507 ], [ -121.176621157440835, 47.570135569722318 ], [ -121.176649847440373, 47.5701064017222 ], [ -121.176656244440338, 47.570099788722175 ], [ -121.176707344439492, 47.570046963721929 ], [ -121.1767627744387, 47.569987537721616 ], [ -121.176816175437821, 47.569927766721356 ], [ -121.176867064436948, 47.569868010721081 ], [ -121.176914428436064, 47.569808110720864 ], [ -121.176958708435251, 47.569747899720618 ], [ -121.176998450434382, 47.569687525720354 ], [ -121.177034135433559, 47.569627004720225 ], [ -121.177064760432771, 47.569566159720054 ], [ -121.177089831431985, 47.569505212719932 ], [ -121.177102217431155, 47.569443788719873 ], [ -121.177091150430428, 47.569381497719952 ], [ -121.17706215142978, 47.569318956720124 ], [ -121.177018814429204, 47.569255471720375 ], [ -121.1769645404285, 47.569188827720666 ], [ -121.176911339427974, 47.569126893721027 ], [ -121.176856843427288, 47.569061937721308 ], [ -121.17680901342662, 47.568997126721619 ], [ -121.176771123425908, 47.568930355721839 ], [ -121.176748530425186, 47.568864008722009 ], [ -121.176732490424484, 47.568796937722041 ], [ -121.176720493423701, 47.568729321722181 ], [ -121.176712016422897, 47.568661357722213 ], [ -121.176705599422064, 47.568592859722308 ], [ -121.176701163421228, 47.56852418672235 ], [ -121.176697777420443, 47.568455150722357 ], [ -121.176694876419631, 47.568386111722418 ], [ -121.176694143419411, 47.568371389722415 ], [ -121.176691452418822, 47.568317267722456 ], [ -121.176687541418005, 47.568248399722478 ], [ -121.176681607417166, 47.568179734722499 ], [ -121.176673166416364, 47.568111413722626 ], [ -121.176661647415585, 47.568043110722655 ], [ -121.176647687414857, 47.567977751722701 ], [ -121.176630557414043, 47.56790709872287 ], [ -121.176614506413244, 47.567839177723016 ], [ -121.176598977412439, 47.56777122672311 ], [ -121.176585973411733, 47.567703288723152 ], [ -121.17657647741089, 47.567635165723189 ], [ -121.176572091410108, 47.567567149723274 ], [ -121.176571934409964, 47.567554770723277 ], [ -121.176571223409283, 47.567498644723265 ], [ -121.176568796408432, 47.56742856372334 ], [ -121.176566116407827, 47.567372748723358 ], [ -121.176565386407603, 47.567357663723392 ], [ -121.176562455406838, 47.567286240723419 ], [ -121.176560537405962, 47.567214783723465 ], [ -121.176561661405032, 47.567143692723405 ], [ -121.176566320404248, 47.567073403723434 ], [ -121.176576097403384, 47.567004291723421 ], [ -121.176591907402511, 47.566937594723335 ], [ -121.176614401401665, 47.56687215372321 ], [ -121.176646014400802, 47.566809767723086 ], [ -121.176686296399978, 47.566750593722901 ], [ -121.176733158399202, 47.56669294472259 ], [ -121.17678457039834, 47.566636255722351 ], [ -121.17684085639749, 47.566579466722047 ], [ -121.176898124396729, 47.566525940721732 ], [ -121.176959696395883, 47.56647196072138 ], [ -121.177024354395073, 47.566419005721045 ], [ -121.177091498394233, 47.566366528720678 ], [ -121.177160714393409, 47.566314890720321 ], [ -121.177229009392661, 47.566266039719991 ], [ -121.177241796392494, 47.56625706071997 ], [ -121.177304232391833, 47.566213474719589 ], [ -121.177378048391006, 47.566163700719166 ], [ -121.177437457390397, 47.566124183718934 ], [ -121.177452354390169, 47.566114277718832 ], [ -121.177527153389391, 47.566065349718421 ], [ -121.177601472388631, 47.566016943718004 ], [ -121.177675793387849, 47.565968701717601 ], [ -121.17769617038762, 47.565955533717499 ], [ -121.177749635387073, 47.56592098271723 ], [ -121.177821937386284, 47.565873273716825 ], [ -121.177894789385562, 47.565829020716464 ], [ -121.177974729384772, 47.565784660715998 ], [ -121.178056230384087, 47.565743750715598 ], [ -121.178137774383416, 47.565705480715131 ], [ -121.178148096383296, 47.5657008557151 ], [ -121.178224845382672, 47.565666859714696 ], [ -121.178311464382034, 47.565630224714184 ], [ -121.178387507381402, 47.565598672713776 ], [ -121.178398575381394, 47.565594079713726 ], [ -121.178422375381132, 47.565584194713622 ], [ -121.178485202380656, 47.565558101713243 ], [ -121.178571343380028, 47.565522126712807 ], [ -121.178654189379344, 47.565489215712333 ], [ -121.178668337379236, 47.565483823712277 ], [ -121.178747159378688, 47.565454294711827 ], [ -121.178836383378083, 47.565421892711342 ], [ -121.178911838377516, 47.565395096710979 ], [ -121.178926100377467, 47.565390035710855 ], [ -121.179016306376823, 47.565358477710383 ], [ -121.179106020376182, 47.56532642870993 ], [ -121.179195201375492, 47.565293889709416 ], [ -121.179283396374885, 47.565260286708934 ], [ -121.17937003337417, 47.565225185708485 ], [ -121.17945407437351, 47.565186644708056 ], [ -121.179534542372792, 47.565144204707615 ], [ -121.179598260372146, 47.565108990707301 ], [ -121.179613495372038, 47.565100567707134 ], [ -121.179661736371614, 47.565074857706904 ], [ -121.179694014371279, 47.565057694706752 ], [ -121.1797759743706, 47.565019269706276 ], [ -121.179863653369964, 47.564986546705796 ], [ -121.179958107369401, 47.564961342705281 ], [ -121.180057023368931, 47.564942406704773 ], [ -121.180157101368422, 47.564929159704249 ], [ -121.180256633368089, 47.564920379703629 ], [ -121.180358397367698, 47.564915809703123 ], [ -121.180460177367479, 47.56491538070253 ], [ -121.180561889367212, 47.564919060702003 ], [ -121.180662314367055, 47.564926700701442 ], [ -121.180761690366893, 47.564938127700891 ], [ -121.180860664366733, 47.564952396700349 ], [ -121.180959550366708, 47.5649695116998 ], [ -121.181057526366629, 47.564988320699293 ], [ -121.181153764366655, 47.565008436698719 ], [ -121.181248942366665, 47.565032435698214 ], [ -121.181342448366777, 47.5650596316977 ], [ -121.181435136366815, 47.565087454697164 ], [ -121.181529456366832, 47.565113694696628 ], [ -121.181624924366901, 47.565135588696108 ], [ -121.181722742366759, 47.56515093269558 ], [ -121.181823180366607, 47.565160471694995 ], [ -121.181925045366441, 47.565166564694465 ], [ -121.182027279366224, 47.565172126693874 ], [ -121.182128215365978, 47.56517941469334 ], [ -121.182227599365888, 47.565191163692738 ], [ -121.182323471365805, 47.565209778692285 ], [ -121.182419030365836, 47.565233057691657 ], [ -121.182513552365918, 47.565260439691194 ], [ -121.182605499366005, 47.565291401690658 ], [ -121.182693583366202, 47.5653261926902 ], [ -121.182777105366497, 47.565364438689677 ], [ -121.182856076366733, 47.565406273689227 ], [ -121.182931125367034, 47.565451781688829 ], [ -121.183003158367441, 47.565500513688413 ], [ -121.183072141367845, 47.565551509688049 ], [ -121.18313863536828, 47.565604248687684 ], [ -121.183202631368744, 47.565658015687291 ], [ -121.183263556369241, 47.565712294686946 ], [ -121.183321990369734, 47.56576815068663 ], [ -121.183377406370269, 47.565825586686259 ], [ -121.183430326370825, 47.565884216685973 ], [ -121.183481188371374, 47.565943707685683 ], [ -121.183530566372013, 47.566003728685409 ], [ -121.18357945637257, 47.566063917685078 ], [ -121.183626814373198, 47.566124635684844 ], [ -121.183669134373858, 47.566187274684573 ], [ -121.183709270374479, 47.566251508684381 ], [ -121.183748734375143, 47.566314447684107 ], [ -121.18379205837573, 47.566376395683832 ], [ -121.18384127437632, 47.566436060683557 ], [ -121.183897315376839, 47.56649225968323 ], [ -121.183957316377317, 47.566550161682869 ], [ -121.184019332377915, 47.566606662682531 ], [ -121.184087308378366, 47.56666198768216 ], [ -121.184160366378791, 47.566710904681742 ], [ -121.184238631379046, 47.56675177168129 ], [ -121.184324800379144, 47.566782585680834 ], [ -121.184416231379174, 47.566805514680297 ], [ -121.184511646379079, 47.566823294679743 ], [ -121.184610576379058, 47.566836913679239 ], [ -121.184711452378806, 47.566847807678691 ], [ -121.184813839378734, 47.566856800678131 ], [ -121.184917239378521, 47.566865434677517 ], [ -121.185020156378329, 47.566874421676971 ], [ -121.185122045378193, 47.566885309676408 ], [ -121.185222471378026, 47.566898946675856 ], [ -121.18531991137796, 47.566916716675287 ], [ -121.185415382377997, 47.566938768674738 ], [ -121.185510897378009, 47.566964247674257 ], [ -121.18560543837809, 47.566992807673714 ], [ -121.185697993378213, 47.567024309673172 ], [ -121.185787022378406, 47.567058905672681 ], [ -121.185872082378609, 47.567096617672185 ], [ -121.185952070378875, 47.567137103671776 ], [ -121.186023532379224, 47.567181723671375 ], [ -121.186078922379693, 47.567237075671059 ], [ -121.186124190380383, 47.567300683670794 ], [ -121.18616414138107, 47.567365611670532 ], [ -121.186206959381678, 47.567429260670316 ], [ -121.186253996382305, 47.567489549669986 ], [ -121.186300677382874, 47.567550865669766 ], [ -121.186346548383526, 47.567612112669451 ], [ -121.186393739384144, 47.567674952669172 ], [ -121.186438727384726, 47.567734057668964 ], [ -121.186486088385323, 47.567794607668695 ], [ -121.186535930385887, 47.567855709668343 ], [ -121.186585364386431, 47.567913958668072 ], [ -121.186637243387068, 47.567973113667797 ], [ -121.186688788387528, 47.568030187667482 ], [ -121.186745596388121, 47.568089505667196 ], [ -121.186802991388632, 47.568146023666863 ], [ -121.186863019389094, 47.568200305666473 ], [ -121.186926913389584, 47.568254098666117 ], [ -121.186993421390042, 47.568307328665696 ], [ -121.187063462390469, 47.568357795665371 ], [ -121.187140003390752, 47.568403783664863 ], [ -121.187222515391028, 47.568441868664465 ], [ -121.187310299391171, 47.568473814663939 ], [ -121.187401013391309, 47.568503675663472 ], [ -121.187493524391343, 47.568531229662938 ], [ -121.187588487391352, 47.568556983662369 ], [ -121.187683531391414, 47.568581180661859 ], [ -121.187780029391504, 47.56860407766132 ], [ -121.187875213391422, 47.568625863660785 ], [ -121.187973528391424, 47.56864800666029 ], [ -121.18807051139143, 47.568670733659722 ], [ -121.188172118391464, 47.56869719065913 ], [ -121.188276231391455, 47.56872314065857 ], [ -121.188378284391447, 47.568743262658039 ], [ -121.188476106391278, 47.568752279657474 ], [ -121.188566139390943, 47.568745250656953 ], [ -121.188646326390355, 47.568718897656559 ], [ -121.1887187003897, 47.568677184656131 ], [ -121.188786886388868, 47.568624859655763 ], [ -121.188852447387973, 47.568566903655444 ], [ -121.188919051387074, 47.568508090655065 ], [ -121.188988700386275, 47.568453015654747 ], [ -121.189064046385525, 47.568406295654356 ], [ -121.189142482384767, 47.568363531653908 ], [ -121.189222426384092, 47.568321581653471 ], [ -121.189303437383302, 47.568280667653028 ], [ -121.189385427382589, 47.568240267652577 ], [ -121.189467950381896, 47.568200385652105 ], [ -121.189550999381197, 47.568160829651703 ], [ -121.189585703380871, 47.568144340651479 ], [ -121.189634018380474, 47.568121437651236 ], [ -121.189717073379768, 47.568081716650838 ], [ -121.189799591379071, 47.568041807650374 ], [ -121.189881096378301, 47.568001574649941 ], [ -121.189962062377674, 47.56796033064947 ], [ -121.190042037376941, 47.567917694649054 ], [ -121.190120952376148, 47.567874568648662 ], [ -121.19019937737545, 47.567831094648241 ], [ -121.190278823374641, 47.567788296647763 ], [ -121.190359297373931, 47.567746699647373 ], [ -121.190441291373261, 47.567706816646954 ], [ -121.190525869372593, 47.567669309646497 ], [ -121.190612011371883, 47.567633846645997 ], [ -121.19069913737124, 47.567599227645516 ], [ -121.190787325370565, 47.56756528664507 ], [ -121.190875476369939, 47.567531703644597 ], [ -121.190964163369287, 47.56749880164412 ], [ -121.191053380368643, 47.567466225643621 ], [ -121.191142562368, 47.567434006643147 ], [ -121.191232272367387, 47.567401948642683 ], [ -121.191321984366809, 47.56737005464219 ], [ -121.191411699366185, 47.567338352641684 ], [ -121.191501897365484, 47.56730645564118 ], [ -121.191591608364874, 47.56727456464067 ], [ -121.191680832364213, 47.567242506640198 ], [ -121.191770537363581, 47.567210119639753 ], [ -121.191859713362931, 47.567177542639243 ], [ -121.191948397362282, 47.567144475638777 ], [ -121.192036587361613, 47.567110863638327 ], [ -121.19212424436104, 47.5670767616378 ], [ -121.192211895360344, 47.567042164637378 ], [ -121.192299018359662, 47.567007544636873 ], [ -121.192386140359062, 47.5669727596364 ], [ -121.192473788358342, 47.566937971635916 ], [ -121.192560952357724, 47.566903350635449 ], [ -121.192648606357025, 47.566869082635002 ], [ -121.192736260356412, 47.566834815634522 ], [ -121.192823912355792, 47.566800355634058 ], [ -121.192912056355141, 47.56676641463357 ], [ -121.19300073935446, 47.566733346633093 ], [ -121.193090451353811, 47.566701643632634 ], [ -121.19318173135315, 47.56667212363211 ], [ -121.193274001352592, 47.566643996631612 ], [ -121.193352003352089, 47.566621047631166 ], [ -121.193367292352036, 47.566616548631089 ], [ -121.1934596073514, 47.566588749630583 ], [ -121.193551381350787, 47.566559936630114 ], [ -121.193641586350253, 47.566528726629599 ], [ -121.193730847349514, 47.566495430629132 ], [ -121.193817920348934, 47.566461362628665 ], [ -121.193905075348241, 47.566426247628193 ], [ -121.193991698347574, 47.56639061462775 ], [ -121.194078810346895, 47.566354950627229 ], [ -121.1941654333462, 47.566319673626765 ], [ -121.19425308034559, 47.566285048626312 ], [ -121.194341268344914, 47.566251462625829 ], [ -121.194429921344295, 47.566219407625326 ], [ -121.19452164834361, 47.566186978624842 ], [ -121.194617947343005, 47.566154193624371 ], [ -121.194715858342434, 47.56613047262384 ], [ -121.194812000342139, 47.566125787623278 ], [ -121.19490535434204, 47.566140664622758 ], [ -121.194997810342059, 47.566164264622245 ], [ -121.195089331342132, 47.566193874621725 ], [ -121.195180895342247, 47.566226745621258 ], [ -121.195272954342428, 47.566260299620701 ], [ -121.195366039342531, 47.566291763620185 ], [ -121.195460560342653, 47.566318449619658 ], [ -121.195557022342641, 47.566338598619133 ], [ -121.195654951342533, 47.566356354618591 ], [ -121.19575338634246, 47.566372543618009 ], [ -121.195852815342349, 47.566387219617482 ], [ -121.195952711342244, 47.566400494616964 ], [ -121.196053114342092, 47.566412231616354 ], [ -121.196153496341921, 47.566422432615823 ], [ -121.196254385341774, 47.566431068615266 ], [ -121.196354728341603, 47.566438172614667 ], [ -121.196455046341342, 47.56644341261412 ], [ -121.196556248341025, 47.566443117613602 ], [ -121.196656493340726, 47.566438425613036 ], [ -121.196758144340393, 47.566430963612476 ], [ -121.196859305339984, 47.56642317661192 ], [ -121.196960488339627, 47.566417088611367 ], [ -121.19706171833937, 47.566414591610801 ], [ -121.197163462339063, 47.566416414610224 ], [ -121.197263792338831, 47.566420069609642 ], [ -121.197364632338619, 47.566425280609138 ], [ -121.197465972338364, 47.566431198608598 ], [ -121.197566791338147, 47.566437612608013 ], [ -121.197667647337965, 47.566443698607458 ], [ -121.197768980337742, 47.566449095606934 ], [ -121.197869768337569, 47.566453097606349 ], [ -121.197971061337284, 47.566455423605831 ], [ -121.198072633336992, 47.566455829605225 ], [ -121.198173579336711, 47.566454896604704 ], [ -121.198274807336418, 47.566452562604134 ], [ -121.198376091336129, 47.566448882603581 ], [ -121.198477224335718, 47.566443975603022 ], [ -121.198577883335389, 47.566438080602431 ], [ -121.198680245335026, 47.566430824601888 ], [ -121.19877920233462, 47.566423331601364 ], [ -121.198879870334295, 47.566415024600836 ], [ -121.19898217433385, 47.56640616760027 ], [ -121.199080624333462, 47.566397344599743 ], [ -121.199180754333071, 47.566388190599206 ], [ -121.199281581332698, 47.566378824598615 ], [ -121.199381494332286, 47.566369496598071 ], [ -121.1994821533319, 47.566360503597544 ], [ -121.199582850331566, 47.566351669596962 ], [ -121.199682911331138, 47.566343206596436 ], [ -121.199783587330813, 47.566335556595845 ], [ -121.199885817330468, 47.566329939595285 ], [ -121.199985979330094, 47.566325431594763 ], [ -121.200086649329805, 47.566320385594217 ], [ -121.20018773032939, 47.566313412593658 ], [ -121.200287413329022, 47.566303580593079 ], [ -121.200387511328557, 47.566292013592488 ], [ -121.20048667632814, 47.566279424591976 ], [ -121.200586174327725, 47.566266311591491 ], [ -121.200685721327332, 47.566252883590877 ], [ -121.200785396326907, 47.566239939590353 ], [ -121.200884874326448, 47.566227506589826 ], [ -121.200984487325982, 47.566216298589289 ], [ -121.201084947325597, 47.56620521058872 ], [ -121.201184695325168, 47.566193845588181 ], [ -121.201284796324799, 47.566182608587624 ], [ -121.201384966324383, 47.566171909587105 ], [ -121.201485511323995, 47.566162046586555 ], [ -121.201586135323623, 47.56615357358595 ], [ -121.201687257323201, 47.56614692558545 ], [ -121.201787502322901, 47.56614257358487 ], [ -121.20188823832261, 47.566139582584313 ], [ -121.201989561322293, 47.56613743458378 ], [ -121.202091200321959, 47.56613594758322 ], [ -121.202192976321697, 47.566135007582623 ], [ -121.202294328321415, 47.566135079582118 ], [ -121.202395999321098, 47.566136002581501 ], [ -121.20249781432085, 47.566137965580999 ], [ -121.202599186320626, 47.566140786580398 ], [ -121.2026999013204, 47.566144806579864 ], [ -121.202800703320179, 47.566149846579293 ], [ -121.202901150319974, 47.566156269578734 ], [ -121.203000406319802, 47.566166296578174 ], [ -121.203098361319789, 47.566182839577642 ], [ -121.203195422319723, 47.566203332577132 ], [ -121.203292330319769, 47.566225177576584 ], [ -121.203389811319667, 47.566245667576034 ], [ -121.203487839319621, 47.566262387575506 ], [ -121.203587652319484, 47.56627446457491 ], [ -121.203687532319407, 47.566286362574381 ], [ -121.203788541319227, 47.566297910573823 ], [ -121.203889339319062, 47.566308774573308 ], [ -121.203990727318853, 47.566318274572708 ], [ -121.204092201318701, 47.566325732572182 ], [ -121.204192883318427, 47.566330598571618 ], [ -121.204293685318206, 47.566332210571055 ], [ -121.20439432131792, 47.56632985257049 ], [ -121.20449354931759, 47.566323984569927 ], [ -121.204577504317271, 47.56631695256948 ], [ -121.204774595316394, 47.566288867568396 ], [ -121.20487365131595, 47.56627489056789 ], [ -121.204972711315463, 47.566261790567339 ], [ -121.205077532315002, 47.566248792566697 ], [ -121.20517236031462, 47.566237280566256 ], [ -121.205271959314217, 47.566224862565662 ], [ -121.20537155731374, 47.566211673565171 ], [ -121.205469526313294, 47.56619572856458 ], [ -121.205565432312767, 47.566173905564078 ], [ -121.205660169312253, 47.566148168563586 ], [ -121.205755135311662, 47.566123246563052 ], [ -121.20585214831118, 47.566108266562495 ], [ -121.205954248311016, 47.566112780561937 ], [ -121.206055244310662, 47.566114739561428 ], [ -121.206156448310381, 47.566110370560864 ], [ -121.206254887309939, 47.566095727560288 ], [ -121.206352987309458, 47.566077132559812 ], [ -121.206450432308912, 47.566058366559254 ], [ -121.206549379308484, 47.566044758558711 ], [ -121.206649609308116, 47.566035063558132 ], [ -121.206750768307757, 47.56602726755758 ], [ -121.206847630307209, 47.566008880557071 ], [ -121.206943627306714, 47.565985662556521 ], [ -121.207041643306241, 47.565969989556052 ], [ -121.2071427643059, 47.565967649555432 ], [ -121.207244087305568, 47.565963964554903 ], [ -121.207341343305188, 47.565955122554392 ], [ -121.207445780304838, 47.56594868455381 ], [ -121.207545720304623, 47.565954402553267 ], [ -121.20759007130458, 47.565960147553028 ], [ -121.207645614304511, 47.565967338552682 ], [ -121.207746535304281, 47.565972539552142 ], [ -121.20784823230403, 47.565974499551579 ], [ -121.207949045303764, 47.565977310551055 ], [ -121.208049784303583, 47.565984914550441 ], [ -121.208150252303454, 47.565994099549876 ], [ -121.208251585303174, 47.565999816549358 ], [ -121.208352177302913, 47.565996304548769 ], [ -121.208453803302405, 47.565976491548213 ], [ -121.208552859301975, 47.565962867547725 ], [ -121.208643690301827, 47.565979613547199 ], [ -121.208661551301915, 47.565988058547063 ], [ -121.208727779302151, 47.566019373546723 ], [ -121.208811394302444, 47.566063056546248 ], [ -121.208897940302606, 47.56609843154574 ], [ -121.208972948302957, 47.56614395954535 ], [ -121.209033945303403, 47.566198610544966 ], [ -121.209092232303959, 47.566256897544626 ], [ -121.209150354304469, 47.566311311544347 ], [ -121.209213847304923, 47.566364738543903 ], [ -121.209276162305386, 47.566415818543604 ], [ -121.20934083230587, 47.566471565543218 ], [ -121.209402837306286, 47.5665258245429 ], [ -121.209463796306778, 47.566580638542511 ], [ -121.209521253307344, 47.566636980542221 ], [ -121.209611788308777, 47.566780709541682 ], [ -121.209665701309376, 47.566838635541352 ], [ -121.209716593309921, 47.566897786541041 ], [ -121.209767005310525, 47.566957434540718 ], [ -121.209818947311049, 47.567016386540459 ], [ -121.209868359311642, 47.567076917540142 ], [ -121.209917194312297, 47.567139165539885 ], [ -121.209966667312827, 47.567198831539606 ], [ -121.21002311231338, 47.567255207539262 ], [ -121.210089793313827, 47.567305223538881 ], [ -121.210164641314122, 47.567349773538496 ], [ -121.21024567331439, 47.567390893538047 ], [ -121.210332659314645, 47.567429497537553 ], [ -121.210419334314821, 47.567464895537015 ], [ -121.210507892314979, 47.56749930853654 ], [ -121.210587676315072, 47.567529410536075 ], [ -121.210598130315134, 47.567533269536035 ], [ -121.210686441315275, 47.567563163535539 ], [ -121.210778486315306, 47.567591715535066 ], [ -121.210868369315335, 47.567618479534516 ], [ -121.210978774315493, 47.567651489533887 ], [ -121.211056546315547, 47.567675852533469 ], [ -121.211147075315665, 47.567706140532977 ], [ -121.211237612315784, 47.567736950532492 ], [ -121.211328150315865, 47.56776792353196 ], [ -121.211418167316026, 47.567799229531445 ], [ -121.211508225316138, 47.567830561530961 ], [ -121.211598244316292, 47.567862059530455 ], [ -121.211689758316396, 47.567893851529895 ], [ -121.211779322316474, 47.56792400552942 ], [ -121.211875398316536, 47.567950997528882 ], [ -121.211968710316654, 47.567977567528359 ], [ -121.212059971316791, 47.568010701527889 ], [ -121.212133979317059, 47.568053398527418 ], [ -121.212194427317556, 47.568105993527084 ], [ -121.212245318318125, 47.568164786526772 ], [ -121.21229172031876, 47.56822719952654 ], [ -121.21233794631938, 47.568291531526221 ], [ -121.212385534319935, 47.568351715525957 ], [ -121.212435950320526, 47.568411361525655 ], [ -121.21248637232118, 47.568471364525358 ], [ -121.212538802321689, 47.568530148525113 ], [ -121.21260103932218, 47.568587337524761 ], [ -121.212663790322608, 47.568638190524346 ], [ -121.212731353323065, 47.568692605523978 ], [ -121.21280150932354, 47.568743733523583 ], [ -121.212878969323882, 47.568790392523212 ], [ -121.212961483324108, 47.568826894522701 ], [ -121.213051121324142, 47.568852076522219 ], [ -121.213146374324054, 47.568870642521681 ], [ -121.213246322323954, 47.568884094521138 ], [ -121.213349639323837, 47.568892903520521 ], [ -121.213453099323559, 47.56889842751994 ], [ -121.213556426323294, 47.568901029519374 ], [ -121.213657809323053, 47.568902105518816 ], [ -121.213758899322713, 47.568899460518267 ], [ -121.213859036322319, 47.56889062351771 ], [ -121.213957921321921, 47.56887793051721 ], [ -121.214059187321453, 47.568863874516651 ], [ -121.214159273321087, 47.568851253516108 ], [ -121.214259411320697, 47.568842577515568 ], [ -121.214361135320345, 47.568837351514979 ], [ -121.214464366320016, 47.568832771514401 ], [ -121.214567643319683, 47.56883161751383 ], [ -121.21466845631943, 47.568837002513277 ], [ -121.214765380319378, 47.568851485512759 ], [ -121.214859330319328, 47.568873690512227 ], [ -121.214952314319419, 47.568899492511697 ], [ -121.215044374319547, 47.568928754511191 ], [ -121.215135412319668, 47.56896040751068 ], [ -121.215224981319835, 47.56899429251019 ], [ -121.215313556319984, 47.569029548509668 ], [ -121.215400118320147, 47.569065697509217 ], [ -121.215485672320412, 47.5691021805087 ], [ -121.215567743320605, 47.569141753508291 ], [ -121.215646783320949, 47.569184804507806 ], [ -121.215723338321254, 47.569229896507395 ], [ -121.215798900321587, 47.569276392506922 ], [ -121.215873451321968, 47.56932305950658 ], [ -121.215946516322333, 47.56937058450611 ], [ -121.216016548322699, 47.569421528505728 ], [ -121.216085531323174, 47.569474937505341 ], [ -121.21615264232365, 47.569526428504943 ], [ -121.216223182323972, 47.569576025504531 ], [ -121.216298152324327, 47.569620578504129 ], [ -121.21637923032452, 47.569658484503648 ], [ -121.216468812324777, 47.569692888503162 ], [ -121.21656517432487, 47.569724749502655 ], [ -121.216666061324901, 47.569751822502042 ], [ -121.216767586324877, 47.569770908501475 ], [ -121.216867425324679, 47.569779012500945 ], [ -121.216962062324356, 47.56977382450043 ], [ -121.217053995323894, 47.569757304499902 ], [ -121.21714482132333, 47.569733799499403 ], [ -121.217234554322744, 47.569704627498943 ], [ -121.217323710322177, 47.569671017498472 ], [ -121.217412817321403, 47.56963414549795 ], [ -121.217500924320674, 47.569595220497533 ], [ -121.217588490319898, 47.569555263497037 ], [ -121.217654444319422, 47.569525403496641 ], [ -121.217675538319241, 47.569515854496544 ], [ -121.217762652318527, 47.569478116496086 ], [ -121.217790583318319, 47.569466441495969 ], [ -121.217848728317875, 47.569442140495674 ], [ -121.217933820317171, 47.569404936495168 ], [ -121.218017354316473, 47.569366398494758 ], [ -121.218100356315816, 47.569327151494299 ], [ -121.218183384315083, 47.569287412493878 ], [ -121.218197925314968, 47.56928040649376 ], [ -121.218265889314409, 47.569247672493404 ], [ -121.218348885313674, 47.569208260492957 ], [ -121.218420071313076, 47.569175113492577 ], [ -121.218432414313028, 47.569169365492513 ], [ -121.218484618312559, 47.56914490549223 ], [ -121.218515420312315, 47.569130474492042 ], [ -121.218598944311594, 47.569091579491605 ], [ -121.218686032310885, 47.569051059491095 ], [ -121.218766535310195, 47.569014308490694 ], [ -121.218851092309492, 47.568976613490221 ], [ -121.218936149308831, 47.568939929489751 ], [ -121.219022266308116, 47.568903759489324 ], [ -121.219108346307465, 47.568867946488844 ], [ -121.219195485306813, 47.568832456488408 ], [ -121.219282099306156, 47.568797133487919 ], [ -121.219369203305476, 47.568762163487428 ], [ -121.219456305304803, 47.568727002486959 ], [ -121.219542927304133, 47.568692035486507 ], [ -121.21963006630348, 47.568656873486034 ], [ -121.219692520302942, 47.568631423485712 ], [ -121.219716675302791, 47.568621577485587 ], [ -121.219803781302161, 47.568586415485093 ], [ -121.219890927301464, 47.568551610484654 ], [ -121.21995946030097, 47.56852451548427 ], [ -121.219978562300881, 47.56851696548415 ], [ -121.220065668300151, 47.568482160483711 ], [ -121.22015281029951, 47.568447025483209 ], [ -121.220236276298863, 47.568412655482774 ], [ -121.220325002298139, 47.568374849482247 ], [ -121.220409559297423, 47.568337317481863 ], [ -121.220494735296768, 47.56829796448136 ], [ -121.220576082296063, 47.568259364480937 ], [ -121.220658052295391, 47.568219271480508 ], [ -121.220736158294628, 47.568180022480057 ], [ -121.220748215294591, 47.568173905480002 ], [ -121.220820507293922, 47.568137066479593 ], [ -121.220900955293232, 47.568095256479225 ], [ -121.220978896292465, 47.568053765478751 ], [ -121.221057751291696, 47.568007959478372 ], [ -121.22113100429091, 47.567958325477932 ], [ -121.221202569290114, 47.567908147477567 ], [ -121.221277525289352, 47.567860098477176 ], [ -121.221356443288599, 47.567819010476782 ], [ -121.221443114288007, 47.567788126476266 ], [ -121.221536444287494, 47.567764438475777 ], [ -121.22163340028699, 47.567745333475216 ], [ -121.221733447286496, 47.567730129474739 ], [ -121.22183556828611, 47.567718531474128 ], [ -121.221938260285697, 47.567710192473605 ], [ -121.222040459285324, 47.56770443247305 ], [ -121.222141150285012, 47.567700875472426 ], [ -121.22224205528488, 47.567710201471911 ], [ -121.222344911284793, 47.567731040471323 ], [ -121.222446175284816, 47.567752799470739 ], [ -121.222544568284661, 47.567765046470242 ], [ -121.222638787284296, 47.567756860469714 ], [ -121.222728401283774, 47.567733394469194 ], [ -121.222816079283092, 47.567702174468735 ], [ -121.222901027282475, 47.567665587468284 ], [ -121.222917108282317, 47.567658077468195 ], [ -121.222987188281792, 47.567625231467836 ], [ -121.223029472281382, 47.567604602467583 ], [ -121.223072211281021, 47.567583746467342 ], [ -121.223157745280304, 47.567543465466926 ], [ -121.223244817279607, 47.567506437466449 ], [ -121.223334519278978, 47.567475204465914 ], [ -121.223433381278539, 47.567459282465407 ], [ -121.223534207278149, 47.567450827464832 ], [ -121.223633741277709, 47.567436694464341 ], [ -121.223731741277263, 47.567422074463749 ], [ -121.22383283927681, 47.567407687463195 ], [ -121.223858382276674, 47.567404121463099 ], [ -121.22393290127637, 47.567393715462686 ], [ -121.224003004276028, 47.567383542462281 ], [ -121.224035345275865, 47.567378826462146 ], [ -121.224131990275438, 47.567364022461611 ], [ -121.224230476274954, 47.56734731846106 ], [ -121.224326580274465, 47.567328852460498 ], [ -121.224422868273919, 47.56730774345997 ], [ -121.224516190273363, 47.567283669459464 ], [ -121.2246051872728, 47.567252456458974 ], [ -121.224688414272137, 47.56721458445859 ], [ -121.224769866271316, 47.56717243545814 ], [ -121.224848357270588, 47.567129365457703 ], [ -121.224930719269835, 47.567086287457279 ], [ -121.225013216269161, 47.567046544456829 ], [ -121.225095707268409, 47.567006445456357 ], [ -121.225177666267712, 47.566966185455932 ], [ -121.225259676267044, 47.566926088455467 ], [ -121.225343194266316, 47.566887024455049 ], [ -121.225427212265615, 47.566849328454616 ], [ -121.225513816264993, 47.566813480454115 ], [ -121.225600425264247, 47.566778341453656 ], [ -121.22568805526366, 47.566743860453208 ], [ -121.225775693263031, 47.566709924452702 ], [ -121.225864347262316, 47.566676283452253 ], [ -121.225953011261723, 47.566643354451749 ], [ -121.226042694261082, 47.566610941451252 ], [ -121.226131856260437, 47.566578859450779 ], [ -121.226222076259816, 47.566547261450303 ], [ -121.226312268259221, 47.566516217449788 ], [ -121.226402992258542, 47.566486182449289 ], [ -121.22649474625797, 47.566457154448806 ], [ -121.226587039257339, 47.566429000448316 ], [ -121.226679822256784, 47.5664012004478 ], [ -121.226699666256636, 47.566395283447704 ], [ -121.22677260725618, 47.566373536447294 ], [ -121.226864863255571, 47.566345711446814 ], [ -121.226936614255166, 47.566323683446399 ], [ -121.22695711325494, 47.566317392446315 ], [ -121.226971047254921, 47.566312958446233 ], [ -121.227048864254357, 47.566288200445818 ], [ -121.227140119253761, 47.566258517445334 ], [ -121.227216956253287, 47.566232918444882 ], [ -121.227230847253182, 47.566228289444837 ], [ -121.227255775252956, 47.566220032444704 ], [ -121.22732205825254, 47.566198085444348 ], [ -121.227415686251902, 47.566166388443854 ], [ -121.227503015251287, 47.566137001443309 ], [ -121.227593726250674, 47.566106087442868 ], [ -121.227683917250076, 47.566075368442391 ], [ -121.227774631249417, 47.566044479441878 ], [ -121.227864860248815, 47.566013598441387 ], [ -121.227955048248219, 47.565982715440882 ], [ -121.228046789247571, 47.565952836440374 ], [ -121.228140047246995, 47.565924319439894 ], [ -121.228233839246371, 47.565896319439403 ], [ -121.228329675245774, 47.565867678438856 ], [ -121.228420395245166, 47.565839310438342 ], [ -121.228511111244558, 47.565808588437903 ], [ -121.22859885224392, 47.565775592437411 ], [ -121.228683323243203, 47.565739302436974 ], [ -121.228763785242549, 47.565699246436509 ], [ -121.228840904241835, 47.565655205436109 ], [ -121.228914960240985, 47.565608160435687 ], [ -121.228986657240284, 47.565558037435331 ], [ -121.229054805239372, 47.565505459434938 ], [ -121.229118860238529, 47.56545098143463 ], [ -121.229178848237723, 47.565394736434328 ], [ -121.229233438236889, 47.565337639433992 ], [ -121.22928306623605, 47.565279136433752 ], [ -121.229324272235161, 47.56521752643355 ], [ -121.22935751923427, 47.565152368433402 ], [ -121.229384245233462, 47.56508641243326 ], [ -121.229407092232535, 47.565018420433113 ], [ -121.229426821231698, 47.564951965433067 ], [ -121.229431774231472, 47.564935036433013 ], [ -121.229447271230768, 47.564881972432964 ], [ -121.229467092229967, 47.564814851432907 ], [ -121.2294831852291, 47.564750321432776 ], [ -121.229485718228986, 47.564739123432787 ], [ -121.229498660228202, 47.564679639432747 ], [ -121.229511906227373, 47.564611541432697 ], [ -121.229522231226639, 47.564554074432614 ], [ -121.229524139226527, 47.564543450432645 ], [ -121.229536898225703, 47.564475329432554 ], [ -121.229550632224829, 47.564407393432532 ], [ -121.229565908223961, 47.564339639432447 ], [ -121.229583739223116, 47.564272199432345 ], [ -121.229602538222238, 47.564204727432269 ], [ -121.229622399221384, 47.564137271432195 ], [ -121.22964525922049, 47.564070320432108 ], [ -121.229671691219636, 47.564004168432 ], [ -121.229705470218718, 47.563935967431767 ], [ -121.229738252217928, 47.563874576431665 ], [ -121.229771292217052, 47.563808576431462 ], [ -121.229798953216246, 47.563751825431339 ], [ -121.229803795216142, 47.563741893431313 ], [ -121.229835277215216, 47.56367453143114 ], [ -121.229867240214318, 47.563606837430989 ], [ -121.229899243213382, 47.563539116430832 ], [ -121.229931734212528, 47.563471583430683 ], [ -121.229965248211641, 47.563404730430477 ], [ -121.230000269210763, 47.563338552430288 ], [ -121.230037371209818, 47.563273540430124 ], [ -121.230076477208982, 47.563209914429912 ], [ -121.230118685208112, 47.563147967429707 ], [ -121.230163431207259, 47.563088061429504 ], [ -121.230211242206451, 47.56303019242926 ], [ -121.230263141205597, 47.562975039428991 ], [ -121.230319127204808, 47.562922601428674 ], [ -121.230381240204053, 47.562873881428366 ], [ -121.230453037203361, 47.562831460427994 ], [ -121.230533533202646, 47.562794302427534 ], [ -121.230621180202135, 47.562761706427018 ], [ -121.230714953201485, 47.562732854426571 ], [ -121.230812811200849, 47.562706882426042 ], [ -121.230913210200299, 47.56268275842551 ], [ -121.231016203199673, 47.56265935642493 ], [ -121.231116111199213, 47.562636938424376 ], [ -121.231215545198665, 47.562613368423833 ], [ -121.231309997198068, 47.562588909423326 ], [ -121.231407748197512, 47.562564873422815 ], [ -121.231508283197016, 47.562547437422211 ], [ -121.231611651196559, 47.562532543421668 ], [ -121.231712357196059, 47.562516685421137 ], [ -121.231808802195573, 47.562496722420597 ], [ -121.231897665194964, 47.562469013420113 ], [ -121.231974969194283, 47.562430737419724 ], [ -121.232044183193551, 47.562383205419266 ], [ -121.232107290192744, 47.562328008418987 ], [ -121.232163602191861, 47.562269372418676 ], [ -121.232214918190962, 47.56220737041842 ], [ -121.232235808190595, 47.562180151418303 ], [ -121.232241109190454, 47.562173275418267 ], [ -121.232263147190068, 47.562144697418162 ], [ -121.232307869189242, 47.562083255417939 ], [ -121.232339096188596, 47.562040745417804 ], [ -121.232341608188548, 47.562033177417788 ], [ -121.232343963188455, 47.562025585417764 ], [ -121.232388698187464, 47.561958342417547 ], [ -121.232425287186672, 47.561894538417356 ], [ -121.232459143185764, 47.561833192417218 ], [ -121.232471025185532, 47.561810701417102 ], [ -121.232494877184877, 47.561765255417001 ], [ -121.232527923183994, 47.561700130416824 ], [ -121.232538473183709, 47.561679358416811 ], [ -121.232560932183191, 47.561635143416702 ], [ -121.232593936182269, 47.561570183416492 ], [ -121.232628006181315, 47.561505546416356 ], [ -121.232662560180543, 47.561441070416137 ], [ -121.23266823018038, 47.561430488416164 ], [ -121.232697113179626, 47.561376594415982 ], [ -121.232730650178809, 47.561311795415868 ], [ -121.232762650177889, 47.561246842415621 ], [ -121.232793136177037, 47.561181377415487 ], [ -121.232821110176147, 47.561115574415375 ], [ -121.232844303175426, 47.561059687415238 ], [ -121.232848553175288, 47.561049440415239 ], [ -121.232879512174392, 47.560982766415087 ], [ -121.232912005173546, 47.560915726414926 ], [ -121.232946367172588, 47.56084587641476 ], [ -121.232976986171664, 47.560781345414576 ], [ -121.233006444170869, 47.560714159414466 ], [ -121.233031578169971, 47.560648925414334 ], [ -121.233053199169063, 47.56058005641426 ], [ -121.233067999168284, 47.560513484414159 ], [ -121.233074668167404, 47.560447292414167 ], [ -121.233072748166663, 47.560381510414153 ], [ -121.233061243165935, 47.560319004414232 ], [ -121.233049687164581, 47.560202109414355 ], [ -121.233044192163845, 47.560145270414402 ], [ -121.233025582163123, 47.560078907414528 ], [ -121.232997843162408, 47.560014302414672 ], [ -121.232959518161763, 47.559951491414928 ], [ -121.232913637161161, 47.559889933415178 ], [ -121.232863194160615, 47.559829418415511 ], [ -121.232811219159998, 47.559769434415777 ], [ -121.232760783159449, 47.559709440416029 ], [ -121.232709351158874, 47.559650658416338 ], [ -121.232653888158396, 47.559593273416681 ], [ -121.232643677158237, 47.559582832416758 ], [ -121.23259794215781, 47.559536055417013 ], [ -121.232542961157279, 47.559478310417326 ], [ -121.232500990156851, 47.559433677417552 ], [ -121.232487861156713, 47.559419565417677 ], [ -121.232441626156074, 47.559359887417919 ], [ -121.232400265155476, 47.559297094418184 ], [ -121.232367987154802, 47.559232189418367 ], [ -121.232345810154015, 47.559165492418487 ], [ -121.232309445153376, 47.559097871418679 ], [ -121.232308517152518, 47.559030191418735 ], [ -121.232286826151793, 47.558963519418874 ], [ -121.23225507315108, 47.558898445419054 ], [ -121.232214212150467, 47.558836063419271 ], [ -121.232171333149822, 47.558772345419563 ], [ -121.232135023149212, 47.558708671419765 ], [ -121.232114379148399, 47.558639492419935 ], [ -121.232113419147595, 47.558574477419924 ], [ -121.23211623314721, 47.558539893419962 ], [ -121.232119068146744, 47.558505056419882 ], [ -121.232118612145882, 47.558436359419943 ], [ -121.232117184145096, 47.558367641419963 ], [ -121.232113207144309, 47.558299130419989 ], [ -121.232103408143516, 47.558232814420052 ], [ -121.232085025142766, 47.558163607420191 ], [ -121.23206789914201, 47.558096057420265 ], [ -121.232054815141225, 47.558027932420373 ], [ -121.232048283140401, 47.557959438420419 ], [ -121.232054441139567, 47.557891385420376 ], [ -121.232069934138664, 47.557822738420342 ], [ -121.232088548137838, 47.557755991420265 ], [ -121.232111404137001, 47.557689203420175 ], [ -121.2321393751361, 47.557623234419978 ], [ -121.232170352135242, 47.557557930419861 ], [ -121.232202872134394, 47.557492946419707 ], [ -121.232238667133544, 47.55743052441953 ], [ -121.232290100132474, 47.557356698419255 ], [ -121.232331454131753, 47.557306928419031 ], [ -121.232383289130894, 47.557247661418764 ], [ -121.232441190130046, 47.55719076941849 ], [ -121.23251500612929, 47.557145563418061 ], [ -121.232598496128631, 47.557105413417659 ], [ -121.23268404912794, 47.557069113417143 ], [ -121.232771649127301, 47.557033966416675 ], [ -121.232860213126656, 47.557003790416189 ], [ -121.232954590126042, 47.556975766415746 ], [ -121.233044791125465, 47.556944166415263 ], [ -121.233133429124749, 47.556910903414725 ], [ -121.23322050812412, 47.556876087414267 ], [ -121.233309661123499, 47.556841947413751 ], [ -121.233396232122772, 47.556805596413291 ], [ -121.233467433122016, 47.556758873412953 ], [ -121.233524899121164, 47.556702833412636 ], [ -121.233577327120315, 47.556642394412364 ], [ -121.233630585119514, 47.556584286412104 ], [ -121.233692623118614, 47.556530602411726 ], [ -121.233761988117863, 47.556481752411379 ], [ -121.233836069117089, 47.556433585410993 ], [ -121.233957958115781, 47.556353480410351 ], [ -121.233986429114921, 47.55628871341019 ], [ -121.234010343114065, 47.556222439410092 ], [ -121.234030146113199, 47.556154958410012 ], [ -121.234046951112376, 47.556086837409879 ], [ -121.234060179111481, 47.556018054409876 ], [ -121.234070857110666, 47.55594928640987 ], [ -121.234079547109744, 47.555880340409807 ], [ -121.234085694108899, 47.555811957409766 ], [ -121.234091316108106, 47.55574371540974 ], [ -121.234095962107233, 47.555675150409776 ], [ -121.234100082106423, 47.55560658940977 ], [ -121.234103186105528, 47.555537869409754 ], [ -121.234105763104779, 47.55546898840975 ], [ -121.234106842103984, 47.55540025440974 ], [ -121.234107434103095, 47.55533138640979 ], [ -121.234106490102278, 47.555262692409833 ], [ -121.234104006101433, 47.55519398040984 ], [ -121.23410055810065, 47.55512546940988 ], [ -121.234095036099859, 47.555056965409925 ], [ -121.234088551099035, 47.554988824409961 ], [ -121.234080003098214, 47.554920866410043 ], [ -121.234067937097421, 47.554853256410105 ], [ -121.234047292096704, 47.554786057410233 ], [ -121.23402106309598, 47.554719222410405 ], [ -121.233991275095306, 47.554652765410601 ], [ -121.233959992094569, 47.554586483410809 ], [ -121.233929268093789, 47.554519046411002 ], [ -121.233903500093149, 47.554453880411153 ], [ -121.233882864092408, 47.554387366411241 ], [ -121.233870421091595, 47.554321170411377 ], [ -121.233872406090782, 47.554253787411405 ], [ -121.233891204089943, 47.554186833411279 ], [ -121.233918420089068, 47.554120190411155 ], [ -121.233948074088232, 47.554052337410994 ], [ -121.233971441087306, 47.553984668410919 ], [ -121.23398164708648, 47.553916945410847 ], [ -121.233980225085645, 47.553848912410885 ], [ -121.233973212084777, 47.553780615410936 ], [ -121.233961623084056, 47.553712315411026 ], [ -121.233948045083267, 47.553643700411058 ], [ -121.233933944082466, 47.553575253411189 ], [ -121.233920114081712, 47.553505390411317 ], [ -121.23390978908094, 47.553438334411354 ], [ -121.233902776080072, 47.553370007411395 ], [ -121.233902386079336, 47.553302165411438 ], [ -121.233908478078462, 47.553233942411431 ], [ -121.233921718077596, 47.553166008411367 ], [ -121.233941205076746, 47.553095935411285 ], [ -121.233962890075844, 47.553029692411187 ], [ -121.233988277074914, 47.552961681411091 ], [ -121.234014045074062, 47.552896325410906 ], [ -121.2340425740732, 47.552825666410826 ], [ -121.234068489072286, 47.552757817410672 ], [ -121.234091856071387, 47.552690148410548 ], [ -121.234111662070532, 47.552622697410449 ], [ -121.234126451069741, 47.552555600410379 ], [ -121.234135058068816, 47.552483584410354 ], [ -121.234204847063694, 47.552072451410091 ], [ -121.234202888062839, 47.552003601410107 ], [ -121.234174668062138, 47.55193918841028 ], [ -121.234136345061515, 47.551876212410505 ], [ -121.234092444060892, 47.551813927410755 ], [ -121.234044551060336, 47.551752906411068 ], [ -121.233994119059716, 47.551692747411323 ], [ -121.233942172059159, 47.551634298411649 ], [ -121.233879194058659, 47.551580552412013 ], [ -121.233810554058294, 47.551528820412415 ], [ -121.233741617057817, 47.551478971412827 ], [ -121.233674626057422, 47.551427800413201 ], [ -121.233624317056822, 47.55136805241348 ], [ -121.233583336056171, 47.551305695413738 ], [ -121.233545531055569, 47.551242031413899 ], [ -121.233512280054853, 47.551175004414134 ], [ -121.233482474054142, 47.551111716414326 ], [ -121.233453754053443, 47.551046103414485 ], [ -121.233428386052765, 47.550980438414598 ], [ -121.233406850051963, 47.550912562414766 ], [ -121.233394781051231, 47.550844623414882 ], [ -121.233385275050409, 47.550776004414971 ], [ -121.233378240049561, 47.55070749141499 ], [ -121.233374262048798, 47.550638980415037 ], [ -121.233376808047993, 47.550572271415035 ], [ -121.233408874047072, 47.550505639414894 ], [ -121.233434282046204, 47.550439164414755 ], [ -121.233459297045314, 47.55036982641461 ], [ -121.23348611604446, 47.550306728414469 ], [ -121.233517087043595, 47.550241424414352 ], [ -121.23354238804292, 47.550188166414237 ], [ -121.233548098042732, 47.550176147414184 ], [ -121.233578583041847, 47.550110846414057 ], [ -121.233607036040979, 47.550045037413909 ], [ -121.23363088404011, 47.549975860413809 ], [ -121.233655823039243, 47.549911935413647 ], [ -121.233681714038383, 47.549845292413579 ], [ -121.233714172037523, 47.549780982413388 ], [ -121.233757930036646, 47.549719227413171 ], [ -121.233809229035799, 47.549659963412871 ], [ -121.233864055034971, 47.549602114412615 ], [ -121.233919523034146, 47.549544485412305 ], [ -121.233976923033268, 47.549487239412016 ], [ -121.234044193032503, 47.549436581411648 ], [ -121.234123447031777, 47.549394642411265 ], [ -121.234208486031037, 47.549356740410772 ], [ -121.234292030030403, 47.549319676410327 ], [ -121.234373411029623, 47.549277241409882 ], [ -121.234448686028898, 47.549230162409465 ], [ -121.23451477602805, 47.549177658409128 ], [ -121.234563040027197, 47.549118578408908 ], [ -121.234596085026354, 47.549054138408714 ], [ -121.23462429102544, 47.5489866854086 ], [ -121.234656017024577, 47.548921979408462 ], [ -121.234692054023725, 47.54885716440824 ], [ -121.234742788022871, 47.548798144408003 ], [ -121.234807962022089, 47.548746775407643 ], [ -121.234946550020481, 47.548651223406907 ], [ -121.234976053020333, 47.548641897406746 ], [ -121.235092217019798, 47.548623509406113 ], [ -121.235217585019299, 47.548612153405408 ], [ -121.235345547018866, 47.54860392740472 ], [ -121.235464799018402, 47.548595120404059 ], [ -121.23556944601799, 47.548581953403527 ], [ -121.235649649017518, 47.54856052940309 ], [ -121.235697250016912, 47.5485270024028 ], [ -121.235709760016277, 47.548479795402784 ], [ -121.23570851301568, 47.548427551402739 ], [ -121.235698151015086, 47.548371941402849 ], [ -121.235679122014375, 47.548313285402955 ], [ -121.23565244501377, 47.54825210040309 ], [ -121.235619220013078, 47.548188764403321 ], [ -121.235593325012658, 47.548146078403441 ], [ -121.235579853012396, 47.548123382403546 ], [ -121.235535890011761, 47.548056854403811 ], [ -121.235487914011074, 47.547989112404096 ], [ -121.235436843010376, 47.547920898404364 ], [ -121.235383787009738, 47.547852368404676 ], [ -121.235329195009015, 47.547784013405 ], [ -121.235274080008438, 47.54771615440535 ], [ -121.235219505007706, 47.54764900440567 ], [ -121.235166498007146, 47.547583708405995 ], [ -121.235115493006475, 47.547519963406259 ], [ -121.235068081005906, 47.547458388406561 ], [ -121.235016668005315, 47.547400290406863 ], [ -121.234955711004815, 47.547346013407193 ], [ -121.234889199004414, 47.547294016407598 ], [ -121.234818999003963, 47.547242725407976 ], [ -121.234750128003554, 47.547192090408352 ], [ -121.234684094003086, 47.547139569408728 ], [ -121.234621072002582, 47.5470822434091 ], [ -121.234558582002123, 47.54702829140944 ], [ -121.23449147700164, 47.546971500409853 ], [ -121.234429571001115, 47.546914054410159 ], [ -121.234378029000524, 47.546854169410501 ], [ -121.234344798999913, 47.546793217410688 ], [ -121.23433429599919, 47.546730230410773 ], [ -121.234342516998382, 47.546665563410727 ], [ -121.234364405997525, 47.54659868541065 ], [ -121.234393856996647, 47.546532965410506 ], [ -121.234428844995719, 47.546465579410324 ], [ -121.234459510995009, 47.546406286410182 ], [ -121.234463868994794, 47.546397864410139 ], [ -121.234494314993938, 47.546329986410001 ], [ -121.234516139993062, 47.546262355409873 ], [ -121.234529900992172, 47.546194253409801 ], [ -121.234537531991322, 47.546124984409794 ], [ -121.23454264399048, 47.546055045409759 ], [ -121.234545821989599, 47.545982911409773 ], [ -121.234549339988789, 47.545914836409779 ], [ -121.234554949987952, 47.545845576409761 ], [ -121.234564611987082, 47.545777953409754 ], [ -121.23458041998623, 47.545710592409691 ], [ -121.234603336985444, 47.545645832409569 ], [ -121.23463595298459, 47.545583288409411 ], [ -121.234680615983692, 47.545524036409155 ], [ -121.234735998982927, 47.545467679408858 ], [ -121.234797866982106, 47.545413888408596 ], [ -121.234810094981896, 47.545404134408493 ], [ -121.234865582981257, 47.545360110408225 ], [ -121.234911215980702, 47.545325584407919 ], [ -121.234935227980415, 47.545307419407841 ], [ -121.235003326979623, 47.545254217407475 ], [ -121.235067360978789, 47.545199834407136 ], [ -121.235124766977933, 47.545143436406846 ], [ -121.235172533977106, 47.545083865406603 ], [ -121.235200956976144, 47.545016192406479 ], [ -121.235216664975269, 47.544942567406366 ], [ -121.235227862974298, 47.544868039406346 ], [ -121.235245045973457, 47.544798298406285 ], [ -121.235277084972637, 47.544737455406107 ], [ -121.235333823971914, 47.544690260405801 ], [ -121.235408538971257, 47.544654190405382 ], [ -121.235494701970666, 47.544625053404914 ], [ -121.235588990970072, 47.544601156404454 ], [ -121.23568892396959, 47.544580814403879 ], [ -121.235792400969061, 47.544562341403307 ], [ -121.235892513968608, 47.544544796402725 ], [ -121.23599937696801, 47.544524353402188 ], [ -121.23609725496749, 47.544501803401609 ], [ -121.236190533966933, 47.54447484140114 ], [ -121.236282232966317, 47.544444955400614 ], [ -121.236373389965649, 47.54441389440013 ], [ -121.236465608965062, 47.544382648399633 ], [ -121.23655630196447, 47.544354126399156 ], [ -121.236649562963876, 47.544328863398647 ], [ -121.23674572096337, 47.544308190398127 ], [ -121.236844388962908, 47.544290457397601 ], [ -121.23694539796243, 47.544275069397045 ], [ -121.237047476961976, 47.544263650396445 ], [ -121.23714909296163, 47.544257332395908 ], [ -121.237248811961337, 47.544257057395392 ], [ -121.237344697961191, 47.544265650394806 ], [ -121.237437541961256, 47.544290295394347 ], [ -121.237528100961399, 47.544324510393821 ], [ -121.237618678961567, 47.544360097393316 ], [ -121.237711195961609, 47.544389475392755 ], [ -121.237727355961653, 47.544394850392671 ], [ -121.237807799961757, 47.544421596392226 ], [ -121.237900854961808, 47.544450087391716 ], [ -121.238000677961708, 47.544464922391171 ], [ -121.238091110961378, 47.5444518483907 ], [ -121.238178310960762, 47.544421140390234 ], [ -121.238262214959988, 47.54438154338979 ], [ -121.238302109959676, 47.544360885389494 ], [ -121.238346635959275, 47.544337830389281 ], [ -121.238430538958568, 47.544298455388869 ], [ -121.23852325495784, 47.544265268388337 ], [ -121.238615500957266, 47.54423691338782 ], [ -121.238709757956713, 47.544210631387394 ], [ -121.238805096956185, 47.544186365386814 ], [ -121.238901446955666, 47.544165028386239 ], [ -121.23899914095513, 47.544146915385774 ], [ -121.23909736395467, 47.544132423385207 ], [ -121.239196880954296, 47.544120497384711 ], [ -121.239299778953892, 47.544110375384115 ], [ -121.2393975709535, 47.544102254383603 ], [ -121.239498692953106, 47.544095087383006 ], [ -121.239590005952849, 47.544089261382517 ], [ -121.239603120952779, 47.544088426382451 ], [ -121.239700956952419, 47.544082344381877 ], [ -121.239801561952021, 47.544075866381348 ], [ -121.239901784951741, 47.544073713380833 ], [ -121.240005520951527, 47.544074406380254 ], [ -121.24010670895116, 47.544072036379696 ], [ -121.2402053269508, 47.544061277379136 ], [ -121.240304186950297, 47.544044052378595 ], [ -121.240402072949706, 47.54402254037808 ], [ -121.240496852949164, 47.543996059377562 ], [ -121.24058547694851, 47.543963640377065 ], [ -121.24066639694783, 47.543924580376625 ], [ -121.240740926947055, 47.543878667376241 ], [ -121.240810824946252, 47.543828729375875 ], [ -121.240877913945468, 47.543776212375491 ], [ -121.240944511944662, 47.543723375375158 ], [ -121.241009573943828, 47.543670679374792 ], [ -121.241070544943057, 47.543614969374495 ], [ -121.241129955942171, 47.543557706374173 ], [ -121.24118888494128, 47.543500775373886 ], [ -121.241250357940515, 47.543446240373555 ], [ -121.241316973939632, 47.543395846373187 ], [ -121.241390746938961, 47.543351288372847 ], [ -121.241472710938197, 47.543311701372367 ], [ -121.241560890937592, 47.543275641371885 ], [ -121.241653439936925, 47.543244070371372 ], [ -121.241749223936324, 47.543217088370838 ], [ -121.241846615935771, 47.543195222370322 ], [ -121.241943036935368, 47.543179173369829 ], [ -121.242040691935031, 47.543176166369285 ], [ -121.242141996934848, 47.543187931368706 ], [ -121.242243477934778, 47.543204153368144 ], [ -121.242345383934634, 47.543215675367627 ], [ -121.242445608934361, 47.543213266367026 ], [ -121.242544620933913, 47.543203604366497 ], [ -121.242644119933516, 47.543190828365958 ], [ -121.242743789933044, 47.543174972365414 ], [ -121.242841556932561, 47.543157354364865 ], [ -121.242939468932008, 47.543137869364337 ], [ -121.243034180931573, 47.543117773363797 ], [ -121.243062435931392, 47.543111584363658 ], [ -121.243133225931047, 47.543096032363295 ], [ -121.243242715930421, 47.543073567362669 ], [ -121.243352673929863, 47.543046986362079 ], [ -121.243439735929158, 47.543013039361597 ], [ -121.243481632928564, 47.542968909361385 ], [ -121.243475291927865, 47.542911873361462 ], [ -121.243437941927212, 47.542846344361713 ], [ -121.243383822926518, 47.542777468362011 ], [ -121.243326741925813, 47.542710996362324 ], [ -121.243273280925266, 47.542651546362599 ], [ -121.243206736924847, 47.542597471362988 ], [ -121.243137173924367, 47.542544645363392 ], [ -121.243101278924044, 47.542510938363598 ], [ -121.243142330921444, 47.542298406363436 ], [ -121.243155550920562, 47.542230115363395 ], [ -121.243177908919719, 47.54216384936327 ], [ -121.24321862391885, 47.542101109363081 ], [ -121.243265254917944, 47.542039926362818 ], [ -121.243296258917098, 47.541975305362683 ], [ -121.243305425916247, 47.541906710362653 ], [ -121.243325742915388, 47.541839579362581 ], [ -121.243350123914539, 47.541772944362371 ], [ -121.243372959913657, 47.54170615436238 ], [ -121.243389742912768, 47.541637867362248 ], [ -121.243360993912106, 47.541573626362393 ], [ -121.24331914091141, 47.541510319362679 ], [ -121.243302011910714, 47.541442907362786 ], [ -121.243283863909937, 47.541375528362863 ], [ -121.243255619909277, 47.541309749363087 ], [ -121.243219788908519, 47.541245716363328 ], [ -121.243182986907925, 47.541181694363537 ], [ -121.243150707907205, 47.541116790363716 ], [ -121.243120899906486, 47.541049130363866 ], [ -121.243132654905708, 47.540983260363831 ], [ -121.243160565904816, 47.540917479363692 ], [ -121.243226613903062, 47.540790595363362 ], [ -121.243223262902831, 47.540768002363393 ], [ -121.243209150902061, 47.540699389363503 ], [ -121.243189977901238, 47.540630811363592 ], [ -121.243164746900547, 47.540563285363739 ], [ -121.243133471899824, 47.540497855363945 ], [ -121.243094675899229, 47.540435926364189 ], [ -121.24304174089869, 47.540379187364508 ], [ -121.242975754898211, 47.540326863364854 ], [ -121.242905204897767, 47.540275910365288 ], [ -121.242837151897376, 47.540223736365661 ], [ -121.242777675896875, 47.540168247366012 ], [ -121.242722220896326, 47.540110699366323 ], [ -121.242668777895773, 47.540052263366611 ], [ -121.242616339895193, 47.539993327366929 ], [ -121.242563419894665, 47.539934724367242 ], [ -121.2425089728941, 47.539876815367556 ], [ -121.242451993893553, 47.539820293367868 ], [ -121.242391521893097, 47.539765850368248 ], [ -121.242325541892683, 47.539714183368588 ], [ -121.242254017892321, 47.539665621369032 ], [ -121.24217847289195, 47.53961900236947 ], [ -121.242125456891657, 47.539586837369683 ], [ -121.242102449891604, 47.539572885369886 ], [ -121.242026906891212, 47.539526405370275 ], [ -121.241955386890822, 47.539478035370664 ], [ -121.241889898890449, 47.539426721371072 ], [ -121.241829417889946, 47.539371592371403 ], [ -121.241767365889416, 47.539314061371797 ], [ -121.241704801888915, 47.539254668372116 ], [ -121.241644768888335, 47.53919388937252 ], [ -121.241590749887735, 47.539132029372809 ], [ -121.241544870887111, 47.53906978937313 ], [ -121.241510077886474, 47.539007286373284 ], [ -121.24148998588575, 47.538945238373422 ], [ -121.241486081885043, 47.538882703373439 ], [ -121.241499852884203, 47.538816135373402 ], [ -121.241528738883261, 47.538747607373224 ], [ -121.241570296882358, 47.538679135373052 ], [ -121.241622010881429, 47.538613203372748 ], [ -121.241681893880539, 47.53855251037249 ], [ -121.241746938879686, 47.538499131372113 ], [ -121.241816165878973, 47.538455348371741 ], [ -121.241896640878338, 47.538419882371315 ], [ -121.241988343877722, 47.53839119837081 ], [ -121.242087698877114, 47.538368469370283 ], [ -121.24219120687664, 47.538350319369705 ], [ -121.242295742876237, 47.538335946369138 ], [ -121.242398806875741, 47.538323994368611 ], [ -121.242500438875382, 47.538316493367986 ], [ -121.242612878875178, 47.538323479367421 ], [ -121.242730980874995, 47.538338846366749 ], [ -121.242844544874885, 47.538353885366121 ], [ -121.24294435087468, 47.538360596365543 ], [ -121.243021615874341, 47.538350508365134 ], [ -121.243068216873795, 47.538315942364903 ], [ -121.243088621873085, 47.538258077364802 ], [ -121.24308813687216, 47.538185103364839 ], [ -121.243072326871257, 47.538105016364938 ], [ -121.243046934870378, 47.538025841365084 ], [ -121.243035976870104, 47.538000552365148 ], [ -121.242934528869725, 47.537945521365728 ], [ -121.242880089869175, 47.537888133366032 ], [ -121.242827644868626, 47.53782884136632 ], [ -121.242778712868088, 47.537768320366638 ], [ -121.24273284086739, 47.537706930366859 ], [ -121.242694001866795, 47.537644645367067 ], [ -121.242693036865958, 47.537575265367174 ], [ -121.242694105865127, 47.537506530367146 ], [ -121.242701248864293, 47.537437949367138 ], [ -121.242719049863467, 47.537370176367041 ], [ -121.242788699862686, 47.537322086366672 ], [ -121.242859338861891, 47.537272289366328 ], [ -121.242919290860996, 47.537216749365996 ], [ -121.242992036860272, 47.537170009365582 ], [ -121.243073019859537, 47.53712934136513 ], [ -121.2431420448588, 47.53707825536479 ], [ -121.24320456285794, 47.537023877364447 ], [ -121.243252811857062, 47.536964346364236 ], [ -121.243258438856259, 47.536895371364182 ], [ -121.243237757855468, 47.536828858364331 ], [ -121.24321338885477, 47.536761809364499 ], [ -121.24318582785402, 47.536695708364661 ], [ -121.243155560853339, 47.536629777364837 ], [ -121.243122469852707, 47.536564835365049 ], [ -121.243076377852077, 47.536504697365331 ], [ -121.243065023851941, 47.536493154365388 ], [ -121.243019915851534, 47.536447295365612 ], [ -121.242977052850932, 47.53638382936591 ], [ -121.242927136850298, 47.536325563366198 ], [ -121.242837137850131, 47.53629307536665 ], [ -121.242765777849797, 47.536248110367104 ], [ -121.242695054849392, 47.536191862367467 ], [ -121.242641623848797, 47.536133782367813 ], [ -121.242622525848134, 47.536070659367887 ], [ -121.242650905847199, 47.536000927367816 ], [ -121.242705779846361, 47.535944213367529 ], [ -121.242791465845656, 47.535905920367014 ], [ -121.242885519845103, 47.535880178366533 ], [ -121.242983455844637, 47.535863105365998 ], [ -121.24308378684421, 47.535853245365452 ], [ -121.243185114843868, 47.535844355364915 ], [ -121.243285165843361, 47.535834121364346 ], [ -121.243380003842944, 47.535812955363809 ], [ -121.243464964842204, 47.53577436236337 ], [ -121.243801839839307, 47.535609585361549 ], [ -121.243855182839013, 47.535597952361279 ], [ -121.24394715183864, 47.535588812360736 ], [ -121.24404250983838, 47.535590815360216 ], [ -121.244139091838235, 47.535601622359678 ], [ -121.24423802883814, 47.535619001359159 ], [ -121.244338106838114, 47.535640693358573 ], [ -121.244439533838175, 47.535664482358008 ], [ -121.24454058183818, 47.535687824357467 ], [ -121.244642028838115, 47.535708422356905 ], [ -121.244742965838057, 47.535724061356362 ], [ -121.244843302837864, 47.535734385355767 ], [ -121.244945132837756, 47.535744343355198 ], [ -121.245048483837536, 47.535753113354673 ], [ -121.245151307837347, 47.535758952354072 ], [ -121.245253549837059, 47.535760710353529 ], [ -121.245353156836728, 47.535756454352978 ], [ -121.245450151836337, 47.535744868352452 ], [ -121.245545024835835, 47.535726277351948 ], [ -121.245638809835299, 47.535702568351418 ], [ -121.245731531834622, 47.535674558350941 ], [ -121.245823240834085, 47.535643110350414 ], [ -121.24591278383339, 47.53560897334993 ], [ -121.246001344832692, 47.535572931349456 ], [ -121.246088728832035, 47.535535524349001 ], [ -121.246173355831317, 47.535498139348519 ], [ -121.246256814830673, 47.535459745348071 ], [ -121.246338972829932, 47.535418639347675 ], [ -121.246418581829175, 47.535375615347206 ], [ -121.24649534582845, 47.535330053346819 ], [ -121.246569207827605, 47.535282202346394 ], [ -121.246638216826895, 47.535232337346038 ], [ -121.246686257826255, 47.53519397734577 ], [ -121.246836310823753, 47.535018223344991 ], [ -121.246879205822893, 47.534954590344803 ], [ -121.246933590822024, 47.534898042344501 ], [ -121.247018629821326, 47.534860128344086 ], [ -121.247105614820697, 47.534824125343526 ], [ -121.247148781819845, 47.534764386343362 ], [ -121.247185441818971, 47.534699280343183 ], [ -121.247238135818066, 47.534640804342914 ], [ -121.247285869817219, 47.534580515342626 ], [ -121.247315766816342, 47.534515219342488 ], [ -121.24734373781547, 47.534448910342356 ], [ -121.247371144814622, 47.534382418342197 ], [ -121.247410753813725, 47.53432015034204 ], [ -121.247464076812832, 47.534260348341732 ], [ -121.24752756981205, 47.534206482341368 ], [ -121.24760651381132, 47.534165846340969 ], [ -121.247704262810799, 47.534142459340423 ], [ -121.247803876810437, 47.534136008339914 ], [ -121.247905482810211, 47.534138585339385 ], [ -121.248007359809918, 47.534140869338785 ], [ -121.248109042809645, 47.534140545338225 ], [ -121.248208682809249, 47.534130463337675 ], [ -121.248308056808767, 47.534115282337126 ], [ -121.248405449808288, 47.534094777336577 ], [ -121.248497327807684, 47.534067562336105 ], [ -121.248585224807044, 47.534034160335622 ], [ -121.248670188806344, 47.533996275335198 ], [ -121.248753149805623, 47.533955552334717 ], [ -121.248833515804961, 47.533914517334289 ], [ -121.248912868804169, 47.533872035333836 ], [ -121.248990745803454, 47.533828148333477 ], [ -121.24906796180268, 47.533783664333036 ], [ -121.24914478280192, 47.533739310332628 ], [ -121.249223208801226, 47.533695405332189 ], [ -121.249302456800478, 47.533652954331799 ], [ -121.249385378799758, 47.533613876331323 ], [ -121.249469576799115, 47.533575365330911 ], [ -121.249549210798349, 47.533533675330425 ], [ -121.249624957797579, 47.533488118330055 ], [ -121.249701501796821, 47.533443104329642 ], [ -121.249780097796062, 47.533400078329251 ], [ -121.249841507795523, 47.533367049328902 ], [ -121.249859446795384, 47.533357404328797 ], [ -121.249912441794876, 47.533328494328522 ], [ -121.249938702794651, 47.533314152328366 ], [ -121.250015080793929, 47.533270046327978 ], [ -121.250067697793341, 47.533234945327649 ], [ -121.250154880792294, 47.533170190327183 ], [ -121.250216827791476, 47.533116596326884 ], [ -121.250275260790687, 47.533060732326604 ], [ -121.25032902978981, 47.533003040326307 ], [ -121.250390058788994, 47.53294808632598 ], [ -121.250461222788218, 47.532899159325588 ], [ -121.250534512787382, 47.532850821325205 ], [ -121.250605590786648, 47.532802442324858 ], [ -121.250671127785836, 47.532750617324488 ], [ -121.250714997784996, 47.532689397324248 ], [ -121.25076251578416, 47.532628554324027 ], [ -121.250823962783358, 47.532574014323714 ], [ -121.250885947782393, 47.532519800323371 ], [ -121.250937725781569, 47.532459675323103 ], [ -121.250996663780811, 47.532404986322781 ], [ -121.251032836780453, 47.532386577322548 ], [ -121.251066249779939, 47.532350394322435 ], [ -121.25111092977906, 47.532289273322178 ], [ -121.251180539778289, 47.532239313321817 ], [ -121.251251213777493, 47.532190196321466 ], [ -121.251323404776713, 47.532142440321053 ], [ -121.251406858775994, 47.532104042320604 ], [ -121.251524741775341, 47.53207005531997 ], [ -121.251614539774792, 47.532050971319499 ], [ -121.251725021774604, 47.532057728318875 ], [ -121.251827298774472, 47.532068267318323 ], [ -121.251927660774314, 47.532080806317715 ], [ -121.252026718774218, 47.532098698317178 ], [ -121.252120529774302, 47.532122903316662 ], [ -121.252210039774369, 47.532155222316185 ], [ -121.252294064774674, 47.532194787315703 ], [ -121.252370119774952, 47.532240379315262 ], [ -121.252437633775344, 47.532291702314851 ], [ -121.252495892775926, 47.532349244314574 ], [ -121.252539990776526, 47.532411308314252 ], [ -121.252563695777255, 47.532476265314124 ], [ -121.252572705778022, 47.53254434031404 ], [ -121.252577783778875, 47.532614289314033 ], [ -121.252587858779648, 47.532682924313939 ], [ -121.252603002780447, 47.53275221331387 ], [ -121.252621666781224, 47.53282131431375 ], [ -121.252658487781886, 47.532883444313541 ], [ -121.252733813782527, 47.532953021313084 ], [ -121.252807162783157, 47.53302109231263 ], [ -121.252877172783542, 47.533071027312218 ], [ -121.252950263783887, 47.53311788931186 ], [ -121.253034705784088, 47.533156173311355 ], [ -121.25312718578418, 47.533183675310866 ], [ -121.253219791784218, 47.533209758310356 ], [ -121.253297476784326, 47.53323759430986 ], [ -121.253308132784355, 47.533241766309807 ], [ -121.253397692784546, 47.533276862309336 ], [ -121.253500390784666, 47.533311315308758 ], [ -121.253578720784773, 47.533340115308327 ], [ -121.25365322378515, 47.533384510307897 ], [ -121.253715014785655, 47.533439718307541 ], [ -121.253777219786087, 47.533493887307181 ], [ -121.253847219786493, 47.533543304306818 ], [ -121.253920436786814, 47.533590079306357 ], [ -121.253997286787168, 47.533635537305933 ], [ -121.254072337787534, 47.533681494305497 ], [ -121.254140328787926, 47.533731935305163 ], [ -121.254149585788028, 47.533740469305059 ], [ -121.254200295788436, 47.533787226304781 ], [ -121.254258288788947, 47.533843738304448 ], [ -121.254324357789415, 47.533896555304068 ], [ -121.25440678978957, 47.533933927303607 ], [ -121.254507484789272, 47.533932425303085 ], [ -121.254609282788934, 47.533924246302497 ], [ -121.254709629788536, 47.533914145301942 ], [ -121.254809616788123, 47.533902696301418 ], [ -121.254983616786774, 47.533832736300475 ], [ -121.255069697786126, 47.53379343630003 ], [ -121.255154108785334, 47.533751081299549 ], [ -121.255236876784608, 47.533706887299132 ], [ -121.255317807783783, 47.533662101298653 ], [ -121.255396081783076, 47.533618086298262 ], [ -121.255474320782355, 47.533573918297797 ], [ -121.255553213781511, 47.533528491297403 ], [ -121.255630962780756, 47.533481710296989 ], [ -121.255706110779968, 47.533433124296621 ], [ -121.255776829779165, 47.533382757296216 ], [ -121.255841869778337, 47.533330439295909 ], [ -121.255899268777583, 47.53327592529557 ], [ -121.255927140777047, 47.533243173295411 ], [ -121.255947522776694, 47.533218888295302 ], [ -121.255975978775908, 47.533155815295174 ], [ -121.255988793775003, 47.533086219295136 ], [ -121.255993238774167, 47.533016763295137 ], [ -121.255998301773303, 47.532945455295078 ], [ -121.256011492772458, 47.532876739295034 ], [ -121.256040933771601, 47.5328115322949 ], [ -121.256079512770711, 47.532748749294704 ], [ -121.256124215769873, 47.532686754294524 ], [ -121.256173432769017, 47.532626308294219 ], [ -121.256227246768148, 47.532567374293954 ], [ -121.256284285767322, 47.532510431293666 ], [ -121.256344015766459, 47.532454901293391 ], [ -121.256408565765682, 47.532402394292987 ], [ -121.256478125764886, 47.532352105292617 ], [ -121.25655086476408, 47.532303298292263 ], [ -121.256603179763516, 47.532269008291927 ], [ -121.256624540763269, 47.532255009291866 ], [ -121.256697199762456, 47.532206591291462 ], [ -121.256767379761726, 47.532156923291041 ], [ -121.256833438760907, 47.532105283290697 ], [ -121.256892334760082, 47.53205092129042 ], [ -121.256945677759177, 47.531993168290143 ], [ -121.256995910758391, 47.531933380289928 ], [ -121.25704312775747, 47.531871582289597 ], [ -121.257086231756659, 47.531808248289387 ], [ -121.257125313755779, 47.531743731289183 ], [ -121.257159280754834, 47.531678403289007 ], [ -121.257187203753972, 47.531612427288906 ], [ -121.257209541753156, 47.53154632228884 ], [ -121.257224789752314, 47.531479742288774 ], [ -121.257232943751518, 47.531412524288697 ], [ -121.257235501750671, 47.531344491288714 ], [ -121.257234041749868, 47.531275800288718 ], [ -121.257229501749009, 47.531206772288741 ], [ -121.257222972748224, 47.531137428288822 ], [ -121.257216313747392, 47.531067175288904 ], [ -121.257210362746562, 47.53099887428894 ], [ -121.25720687774573, 47.530930031288996 ], [ -121.257206399744945, 47.530862339288959 ], [ -121.257206649744788, 47.530844562288991 ], [ -121.2572074417441, 47.530792790288977 ], [ -121.257209020743275, 47.530724246289019 ], [ -121.257209719742903, 47.530693060289039 ], [ -121.257210562742458, 47.530655697289042 ], [ -121.257212136741643, 47.530587150289037 ], [ -121.257212662740756, 47.530518610289015 ], [ -121.257211601739954, 47.530447999289109 ], [ -121.257208698739149, 47.530381727289104 ], [ -121.257207188738349, 47.530312350289144 ], [ -121.257206740737558, 47.530244716289154 ], [ -121.257205204736664, 47.530172384289166 ], [ -121.257201183735845, 47.530102859289194 ], [ -121.257192645735046, 47.530034543289325 ], [ -121.257177009734278, 47.52996799928939 ], [ -121.257152826733616, 47.529903894289554 ], [ -121.257098093733049, 47.529846298289868 ], [ -121.257019770732626, 47.529794939290319 ], [ -121.256942627732244, 47.529744038290744 ], [ -121.256892809731738, 47.529688145291018 ], [ -121.256880744730992, 47.529624501291082 ], [ -121.256877737730193, 47.529555107291131 ], [ -121.256881270729295, 47.529482821291161 ], [ -121.256892351728339, 47.52940954929111 ], [ -121.256911566727425, 47.529337297291057 ], [ -121.25693889772657, 47.529268536290886 ], [ -121.256975466725649, 47.529204962290763 ], [ -121.257021219724919, 47.529148794290492 ], [ -121.257082329724213, 47.529102677290147 ], [ -121.2571607037235, 47.529065999289678 ], [ -121.257252359722884, 47.529035768289233 ], [ -121.257351637722309, 47.529009243288677 ], [ -121.257452989721713, 47.528983393288165 ], [ -121.257552243721122, 47.528955165287599 ], [ -121.257643324720462, 47.528921510287098 ], [ -121.257724225719713, 47.528880712286671 ], [ -121.257805040718978, 47.528836679286272 ], [ -121.257884846718198, 47.528790048285778 ], [ -121.257961054717413, 47.528740891285409 ], [ -121.258031156716555, 47.528689227285028 ], [ -121.258092596715727, 47.528634845284721 ], [ -121.258142868714899, 47.528577797284463 ], [ -121.258178448714148, 47.528517938284317 ], [ -121.258194725713295, 47.528452723284218 ], [ -121.25819677871246, 47.528383515284212 ], [ -121.258194273712022, 47.528348152284252 ], [ -121.258191717711583, 47.52831207728422 ], [ -121.258184627710719, 47.528240352284286 ], [ -121.258183139709885, 47.528169413284296 ], [ -121.258193364709115, 47.528101349284306 ], [ -121.258220728708224, 47.528037577284138 ], [ -121.258261332707377, 47.527975301283938 ], [ -121.258313312706477, 47.527914609283684 ], [ -121.258374003705597, 47.527857370283385 ], [ -121.258441528704779, 47.527803992283012 ], [ -121.258514334703989, 47.527755663282633 ], [ -121.258590995703287, 47.52771202928222 ], [ -121.258673394702598, 47.527671385281735 ], [ -121.258761374701805, 47.527632184281288 ], [ -121.258849397701184, 47.527595725280797 ], [ -121.258939431700469, 47.527559497280329 ], [ -121.259029505699786, 47.527523602279828 ], [ -121.259117509699109, 47.527487225279359 ], [ -121.259202460698376, 47.527449661278915 ], [ -121.25928236869774, 47.527410431278462 ], [ -121.259356130697043, 47.527368828278057 ], [ -121.259417724696306, 47.527322507277709 ], [ -121.259412181695524, 47.527254335277789 ], [ -121.259385800694645, 47.527178102277993 ], [ -121.259408189693815, 47.527115585277876 ], [ -121.259466229692961, 47.527058563277564 ], [ -121.259538690692153, 47.527005435277189 ], [ -121.259620495691365, 47.526960157276726 ], [ -121.25970667669074, 47.526928112276252 ], [ -121.259802520690386, 47.526918043275728 ], [ -121.259908358690168, 47.526923356275212 ], [ -121.260013938689895, 47.526928791274607 ], [ -121.260113178689494, 47.526918757274039 ], [ -121.260207435688912, 47.526892426273491 ], [ -121.260307138688276, 47.526861976272983 ], [ -121.260405807687576, 47.52682722827241 ], [ -121.260497331686892, 47.526788085271932 ], [ -121.260576690686108, 47.526744191271511 ], [ -121.260636662685428, 47.526695338271203 ], [ -121.260671832684636, 47.526641126271009 ], [ -121.260681044683878, 47.526579666271012 ], [ -121.26067102068312, 47.526512996271052 ], [ -121.260649250682278, 47.52644235327125 ], [ -121.260623445681546, 47.526369708271346 ], [ -121.260600635680717, 47.526297044271516 ], [ -121.260588500679859, 47.526226176271607 ], [ -121.260594615679054, 47.52615847227159 ], [ -121.260619491678156, 47.526091996271461 ], [ -121.260654455677283, 47.526026136271312 ], [ -121.260692012676373, 47.525960532271128 ], [ -121.260722401675523, 47.525894623271 ], [ -121.260738131674685, 47.525828204270915 ], [ -121.260735164673875, 47.525761430270933 ], [ -121.260722051673113, 47.525693813271005 ], [ -121.26070137867238, 47.525626288271113 ], [ -121.260677142671639, 47.525558595271256 ], [ -121.260651894670815, 47.525490911271412 ], [ -121.260629154670156, 47.52542320627159 ], [ -121.260612000669326, 47.525355466271705 ], [ -121.260603952668603, 47.525287668271758 ], [ -121.260605007667721, 47.525219617271752 ], [ -121.26060908066691, 47.525150366271802 ], [ -121.260617722666055, 47.525080761271717 ], [ -121.260630366665168, 47.525011127271689 ], [ -121.260648123664296, 47.524942118271596 ], [ -121.260669917663392, 47.524874645271495 ], [ -121.260697310662579, 47.524809027271353 ], [ -121.260730329661769, 47.524745922271208 ], [ -121.260774499660883, 47.524687213271022 ], [ -121.260836479660043, 47.524634199270665 ], [ -121.260911691659231, 47.524583640270222 ], [ -121.260987400658465, 47.524537262269853 ], [ -121.26106357665779, 47.524489306269452 ], [ -121.261133841656942, 47.524441817269071 ], [ -121.26120995065618, 47.524394292268639 ], [ -121.26125900465567, 47.524364451268411 ], [ -121.26128570765546, 47.524348206268243 ], [ -121.261337202654857, 47.524316099267956 ], [ -121.261360938654633, 47.524301274267849 ], [ -121.261432079653815, 47.524253354267508 ], [ -121.261497604653016, 47.524201879267117 ], [ -121.261555051652209, 47.524144706266831 ], [ -121.261603676651347, 47.524084837266571 ], [ -121.261649855650447, 47.524022331266359 ], [ -121.261690338649714, 47.523967974266121 ], [ -121.261696001649611, 47.523960374266089 ], [ -121.261746760648734, 47.52390110026586 ], [ -121.261805687647936, 47.523847064265546 ], [ -121.261875341647141, 47.523798824265164 ], [ -121.261952087646392, 47.523754102264796 ], [ -121.262033982645661, 47.52371280026432 ], [ -121.262120415645015, 47.523674704263847 ], [ -121.262209484644288, 47.523639853263354 ], [ -121.262299079643711, 47.523608096262862 ], [ -121.262390233643089, 47.523580084262349 ], [ -121.262485010642507, 47.523556654261824 ], [ -121.262582388642045, 47.523536854261344 ], [ -121.262681256641585, 47.52351940126082 ], [ -121.262780185641077, 47.523503346260235 ], [ -121.262879116640661, 47.523487428259671 ], [ -121.262977572640153, 47.52347222625918 ], [ -121.263077016639656, 47.523458223258636 ], [ -121.263177012639247, 47.523446081258086 ], [ -121.263277630638882, 47.523436342257526 ], [ -121.263377603638531, 47.523429688256954 ], [ -121.26347825163819, 47.523426287256406 ], [ -121.26357950263791, 47.523425458255872 ], [ -121.263680619637654, 47.52342633025529 ], [ -121.263781829637381, 47.523428572254701 ], [ -121.263883111637114, 47.523431340254156 ], [ -121.263984757636891, 47.523434095253627 ], [ -121.2640859706366, 47.523436008253093 ], [ -121.264187256636362, 47.523437070252498 ], [ -121.264288355636111, 47.523437777251964 ], [ -121.26438954663584, 47.523438484251415 ], [ -121.264490805635532, 47.523439025250831 ], [ -121.264591894635245, 47.523439897250256 ], [ -121.264693084634985, 47.523440768249685 ], [ -121.264793901634789, 47.523442164249147 ], [ -121.264895009634486, 47.523444075248634 ], [ -121.26499622363427, 47.523446316248098 ], [ -121.265097520633944, 47.523448751247535 ], [ -121.265198620633683, 47.52345151024695 ], [ -121.265299844633446, 47.523454437246436 ], [ -121.265400705633269, 47.523458053245818 ], [ -121.265501830633013, 47.523462019245287 ], [ -121.265602551632739, 47.523466513244692 ], [ -121.265703170632534, 47.523472173244159 ], [ -121.265804097632355, 47.523480071243625 ], [ -121.265904390632187, 47.523488675243037 ], [ -121.266005055632021, 47.523497244242513 ], [ -121.266105440631819, 47.523504325241952 ], [ -121.266206200631601, 47.523508789241347 ], [ -121.266307033631335, 47.523510691240816 ], [ -121.266408549631052, 47.523510555240264 ], [ -121.266510225630697, 47.52350835023973 ], [ -121.266611232630424, 47.523504590239142 ], [ -121.266711933630077, 47.523499291238593 ], [ -121.266812521629674, 47.523491775238035 ], [ -121.266912940629325, 47.52348256923748 ], [ -121.267013073628902, 47.523472662236927 ], [ -121.267113103628475, 47.523462902236389 ], [ -121.267213539628131, 47.523454378235861 ], [ -121.267314239627723, 47.523447869235312 ], [ -121.267415823627474, 47.52344207323474 ], [ -121.267517309627067, 47.523435924234185 ], [ -121.267619507626719, 47.523429765233601 ], [ -121.267721630626326, 47.523424817233064 ], [ -121.267822910626066, 47.52342157823248 ], [ -121.267924463625761, 47.523420900231926 ], [ -121.268024142625492, 47.523423338231432 ], [ -121.268122303625304, 47.52343055023082 ], [ -121.26821382162538, 47.523456002230368 ], [ -121.268301865625574, 47.523493637229848 ], [ -121.268391923625742, 47.523527832229334 ], [ -121.268487345625701, 47.523549463228832 ], [ -121.268585255625695, 47.523569899228292 ], [ -121.268682922625658, 47.523589138227742 ], [ -121.268782566625617, 47.523606620227149 ], [ -121.26888193262549, 47.523621043226647 ], [ -121.268981679625256, 47.523631528226055 ], [ -121.269081486625112, 47.523636694225516 ], [ -121.269181657624856, 47.523636718224971 ], [ -121.269281707624501, 47.523633154224406 ], [ -121.269382336624119, 47.523626483223893 ], [ -121.269482902623764, 47.5236174292233 ], [ -121.269583860623328, 47.52360632222279 ], [ -121.269684400622936, 47.523593837222208 ], [ -121.269784374622475, 47.523580483221679 ], [ -121.269884349622032, 47.52356663522113 ], [ -121.269983310621569, 47.523552959220552 ], [ -121.270081223621091, 47.523536712220029 ], [ -121.270178565620611, 47.5235173992195 ], [ -121.270274911620135, 47.52349636521901 ], [ -121.270371203619618, 47.523474482218489 ], [ -121.27047074061899, 47.523452177217919 ], [ -121.270563853618484, 47.523432606217426 ], [ -121.270660708618038, 47.523412967216856 ], [ -121.270758049617498, 47.523393625216343 ], [ -121.270855429617015, 47.523374147215812 ], [ -121.270952275616523, 47.523354151215301 ], [ -121.27104858461604, 47.523333446214771 ], [ -121.271144389615444, 47.523311400214226 ], [ -121.271239159614922, 47.523287826213725 ], [ -121.271332885614314, 47.523262011213241 ], [ -121.271425044613736, 47.523234151212748 ], [ -121.271516204613178, 47.523204432212211 ], [ -121.271606780612501, 47.523173511211759 ], [ -121.271696904611886, 47.52314207221125 ], [ -121.271786498611263, 47.523110445210804 ], [ -121.271877236610578, 47.523075337210265 ], [ -121.271960986609926, 47.523038366209832 ], [ -121.272046970609196, 47.523000622209366 ], [ -121.272134094608603, 47.522966623208866 ], [ -121.272226151607967, 47.522939642208428 ], [ -121.272322010607496, 47.522921516207873 ], [ -121.272421054607008, 47.522907464207329 ], [ -121.272459356606916, 47.522903470207126 ], [ -121.272520495606599, 47.522896896206788 ], [ -121.272621560606296, 47.522888882206189 ], [ -121.272722183605879, 47.522882805205718 ], [ -121.272741819605855, 47.522881830205556 ], [ -121.27282525860555, 47.522877740205118 ], [ -121.272926855605192, 47.522872953204562 ], [ -121.2730246206049, 47.522869009204001 ], [ -121.273128645604558, 47.52286700820347 ], [ -121.273229821604247, 47.522866665202912 ], [ -121.273328892604013, 47.522867183202329 ], [ -121.273432683603758, 47.522867730201781 ], [ -121.273533864603451, 47.522867744201235 ], [ -121.273635028603167, 47.522866551200664 ], [ -121.27373616260283, 47.522863329200085 ], [ -121.273837264602506, 47.522857860199579 ], [ -121.273937821602146, 47.522851188198949 ], [ -121.274038888601766, 47.522843306198439 ], [ -121.274139949601405, 47.522834763197878 ], [ -121.274240994601016, 47.522825705197285 ], [ -121.274342034600551, 47.522815932196778 ], [ -121.274443073600168, 47.522806185196245 ], [ -121.274543586599734, 47.522796442195677 ], [ -121.274556576599721, 47.522795210195589 ], [ -121.27464462859939, 47.52278685819509 ], [ -121.274745677599, 47.522777799194579 ], [ -121.274834643598695, 47.522770219194086 ], [ -121.274849858598571, 47.522768956194007 ], [ -121.274946791598239, 47.522761547193454 ], [ -121.275047351597905, 47.522755066192872 ], [ -121.275147330597548, 47.522749811192348 ], [ -121.275248041597209, 47.522745835191792 ], [ -121.275348177596925, 47.522743633191212 ], [ -121.275447017596633, 47.522743504190693 ], [ -121.275547536596349, 47.522745896190138 ], [ -121.275646279596202, 47.522753655189597 ], [ -121.275745748596094, 47.522766472189041 ], [ -121.275842996596012, 47.522782992188532 ], [ -121.275940414595979, 47.522802577188003 ], [ -121.276034117595955, 47.522823043187472 ], [ -121.276135314595933, 47.522846156186887 ], [ -121.276232769595936, 47.522868316186347 ], [ -121.276330209595884, 47.522889406185818 ], [ -121.276428103595862, 47.522908300185279 ], [ -121.276471602595876, 47.522916347185046 ], [ -121.276525498595831, 47.522926320184709 ], [ -121.276598914595752, 47.522940684184348 ], [ -121.276622909595801, 47.522945382184218 ], [ -121.276720325595718, 47.522964772183641 ], [ -121.27681825259566, 47.522983145183048 ], [ -121.276916113595632, 47.522999791182528 ], [ -121.277014950595515, 47.523013880181992 ], [ -121.27711426759538, 47.523024869181448 ], [ -121.277215093595188, 47.52303412018091 ], [ -121.277315858594989, 47.523041672180362 ], [ -121.277417120594748, 47.52304700017978 ], [ -121.277518352594527, 47.523050436179204 ], [ -121.277619551594242, 47.523051652178687 ], [ -121.277720183593956, 47.523050130178106 ], [ -121.277823645593656, 47.523045839177541 ], [ -121.277921908593271, 47.523039708177038 ], [ -121.278022449592882, 47.523031826176449 ], [ -121.278117799592508, 47.523023883175931 ], [ -121.278223557592128, 47.523015237175358 ], [ -121.278324631591758, 47.523007875174791 ], [ -121.278427019591405, 47.523002667174183 ], [ -121.278530452591127, 47.523003593173691 ], [ -121.278592955591009, 47.523005914173297 ], [ -121.278636264590915, 47.523007519173085 ], [ -121.278736229590635, 47.523008805172523 ], [ -121.278839032590284, 47.523002050171961 ], [ -121.278928782589759, 47.52298141017144 ], [ -121.279013488589101, 47.522946756170995 ], [ -121.27909457558836, 47.522902168170582 ], [ -121.279168682587468, 47.522849584170196 ], [ -121.279231447586639, 47.522792131169858 ], [ -121.279280249585796, 47.522731969169605 ], [ -121.279312248585001, 47.522669907169437 ], [ -121.279330603584128, 47.522602872169401 ], [ -121.279339099583311, 47.522535230169332 ], [ -121.279343131582465, 47.522464774169322 ], [ -121.279346482581559, 47.522397627169333 ], [ -121.279353215580699, 47.522323712169289 ], [ -121.279367924579788, 47.52225557016925 ], [ -121.279394295578982, 47.5221906401691 ], [ -121.279433337578098, 47.522128695168945 ], [ -121.279481557577256, 47.52206891016867 ], [ -121.279535829576432, 47.522010647168351 ], [ -121.279594201575577, 47.521953206168085 ], [ -121.279620775575196, 47.521927705167954 ], [ -121.279653552574729, 47.521896251167789 ], [ -121.279694006574132, 47.521855971167575 ], [ -121.279710876573887, 47.521839174167482 ], [ -121.279766215573019, 47.521781917167203 ], [ -121.279823547572207, 47.521725333166863 ], [ -121.279881409571331, 47.521669074166603 ], [ -121.279928184570721, 47.521624288166358 ], [ -121.279939803570556, 47.521613168166297 ], [ -121.279998154569725, 47.521557098165964 ], [ -121.280024551569326, 47.521531439165805 ], [ -121.280056016568864, 47.52150086616566 ], [ -121.280113878568031, 47.521444607165378 ], [ -121.280172757567186, 47.521388697165037 ], [ -121.28022148056651, 47.521342945164776 ], [ -121.280232123566364, 47.521332949164766 ], [ -121.280290999565523, 47.521276875164403 ], [ -121.280347354564654, 47.521219968164111 ], [ -121.280400876563817, 47.521160857163849 ], [ -121.280448831562978, 47.521101925163627 ], [ -121.280493953562129, 47.521040789163365 ], [ -121.280536554561223, 47.520978820163158 ], [ -121.280577117560384, 47.520915851162975 ], [ -121.280616177559509, 47.52085253516271 ], [ -121.280654178558663, 47.520788705162545 ], [ -121.280691166557816, 47.520724882162376 ], [ -121.280728195556875, 47.520661086162178 ], [ -121.280758583556022, 47.520594209162034 ], [ -121.280762953555865, 47.520581720162049 ], [ -121.280782863555103, 47.520524824161889 ], [ -121.280806615554241, 47.520455278161826 ], [ -121.280833926553356, 47.52038974016169 ], [ -121.280872519552517, 47.520326343161479 ], [ -121.280926359551671, 47.520272002161192 ], [ -121.280993273550877, 47.520224100160824 ], [ -121.281066171550194, 47.520179745160434 ], [ -121.281144434549475, 47.520137741160035 ], [ -121.281226392548788, 47.520098243159552 ], [ -121.281313265548036, 47.520059521159091 ], [ -121.281335910547867, 47.520049935158987 ], [ -121.281418775547209, 47.520009984158527 ], [ -121.281503193546442, 47.519971037158093 ], [ -121.281587123545748, 47.519931928157618 ], [ -121.28166946154505, 47.51989195315717 ], [ -121.281748775544315, 47.519849969156766 ], [ -121.281822495543594, 47.519804569156385 ], [ -121.281871183542748, 47.519743929156093 ], [ -121.28192261354188, 47.519684518155849 ], [ -121.281998143541159, 47.519639256155422 ], [ -121.282084084540401, 47.519601834154983 ], [ -121.282175960539846, 47.519574575154522 ], [ -121.282275138539333, 47.519557564153956 ], [ -121.282374103538871, 47.51954489115338 ], [ -121.282474557538563, 47.51953462915283 ], [ -121.282574100538085, 47.519522465152306 ], [ -121.28267304453766, 47.519508284151783 ], [ -121.282771476537164, 47.519492380151235 ], [ -121.282868821536695, 47.519474070150693 ], [ -121.282965094536138, 47.51945165615016 ], [ -121.283053649535503, 47.519419012149697 ], [ -121.283139622534861, 47.51938142414923 ], [ -121.28321791053412, 47.51933859614882 ], [ -121.283283399533303, 47.519286753148442 ], [ -121.283338679532406, 47.519228645148218 ], [ -121.283388389531595, 47.519168848147949 ], [ -121.2834272995307, 47.519104734147753 ], [ -121.283457851529818, 47.519040216147552 ], [ -121.28349231952896, 47.518975915147408 ], [ -121.283534285528049, 47.518913478147184 ], [ -121.283586660527291, 47.518854984146927 ], [ -121.283654181526458, 47.518803812146572 ], [ -121.283706457525824, 47.51876365114628 ], [ -121.288474693512711, 47.518778305120001 ], [ -121.293860655497852, 47.51879300109033 ], [ -121.315296397437038, 47.518715299972371 ], [ -121.324619406411301, 47.518743384921009 ], [ -121.325659042408446, 47.518746469915328 ], [ -121.337983535374377, 47.518782308847392 ], [ -121.338109242374003, 47.518778988846719 ], [ -121.338530590372699, 47.518767859844374 ], [ -121.33950887536966, 47.518742016838992 ], [ -121.342048936361749, 47.518674878824982 ], [ -121.344672662353574, 47.518605468810584 ], [ -121.347219914345615, 47.518538022796569 ], [ -121.350169701336469, 47.518459845780363 ], [ -121.350269946336184, 47.518457188779777 ], [ -121.352132821330301, 47.518407776769557 ], [ -121.353165679327077, 47.518380372763843 ], [ -121.354687655322422, 47.51833996375548 ], [ -121.357234312314432, 47.518272308741516 ], [ -121.359591853307066, 47.518209631728531 ], [ -121.364904592292362, 47.518218905699243 ], [ -121.370217377277569, 47.518227927669997 ], [ -121.37553016426277, 47.518236705640746 ], [ -121.380842912248013, 47.51824523761146 ], [ -121.386950000231451, 47.51828641457778 ], [ -121.388325613227664, 47.518295647570227 ], [ -121.402207515189843, 47.518387855493714 ], [ -121.423539485130803, 47.518449301376165 ], [ -121.442905162077793, 47.518561024269474 ], [ -121.445008874072059, 47.518572960257821 ], [ -121.454901452044922, 47.518624751203348 ], [ -121.458373018035331, 47.518642721184207 ], [ -121.460481628029569, 47.518653584172583 ], [ -121.460638582029176, 47.518654392171705 ], [ -121.471737207998657, 47.51871091311056 ], [ -121.471785714961484, 47.515623069111037 ], [ -121.471816242937976, 47.513678929111414 ], [ -121.479977885915474, 47.513715096066434 ], [ -121.480661323913608, 47.513718098062633 ], [ -121.483107073906879, 47.513728809049184 ], [ -121.484277609903643, 47.513731653042733 ], [ -121.484731300902354, 47.513732754040184 ], [ -121.487028672895988, 47.513738291027543 ], [ -121.487324820895168, 47.513739001025911 ], [ -121.493070279879149, 47.513752635994258 ], [ -121.504159803850413, 47.513957005933086 ], [ -121.505154458847272, 47.513931983927627 ], [ -121.509384029835132, 47.513910749904305 ], [ -121.509955800833509, 47.513907869901139 ], [ -121.514810197819628, 47.513883283874399 ], [ -121.518048729810403, 47.513882284856521 ], [ -121.519723046805751, 47.513881736847274 ], [ -121.522614414797616, 47.513880728831396 ], [ -121.525522204789425, 47.513879638815318 ], [ -121.527018388784626, 47.513835946807063 ], [ -121.532758832768664, 47.513849448775446 ], [ -121.535509110761041, 47.513855817760295 ], [ -121.548294291725611, 47.513908007689807 ], [ -121.555964566704375, 47.513939384647472 ], [ -121.557569342699935, 47.513945886638659 ], [ -121.558549119697048, 47.513935682633289 ], [ -121.560099119692495, 47.513919519624743 ], [ -121.566477095673761, 47.513852801589564 ], [ -121.569121458665933, 47.513825035574946 ], [ -121.575317801649646, 47.51392443554078 ], [ -121.575880592648218, 47.513933448537692 ], [ -121.575979231647935, 47.513935028537169 ], [ -121.576002795647881, 47.513935406537001 ], [ -121.576195906647357, 47.513938495535939 ], [ -121.576925700645404, 47.513950176531921 ], [ -121.577556693643814, 47.513960269528468 ], [ -121.577586325620985, 47.512066260528776 ], [ -121.589917657586952, 47.512131430460791 ], [ -121.598371519563159, 47.512136093414142 ], [ -121.598292997649423, 47.519297496412705 ], [ -121.598291107651519, 47.519469216412709 ], [ -121.598238487709153, 47.524254562411748 ], [ -121.598233745714325, 47.524684261411679 ], [ -121.598232694715477, 47.524781211411643 ], [ -121.598229184719301, 47.525098961411544 ], [ -121.598227531721164, 47.525249324411554 ], [ -121.59822353172558, 47.525612921411479 ], [ -121.59821873073075, 47.526049831411335 ], [ -121.598216343733426, 47.52626783341136 ], [ -121.598214098735895, 47.526470536411281 ], [ -121.598272321778254, 47.530010408410071 ], [ -121.59832706581814, 47.533340155408922 ], [ -121.598334025821345, 47.533610324408791 ], [ -121.598334660821678, 47.53363507140876 ], [ -121.598524051909692, 47.540999597405829 ], [ -121.598385900952977, 47.544570646405724 ], [ -121.598385200953189, 47.544588791405658 ], [ -121.598384576953393, 47.544604911405656 ], [ -121.598383952953611, 47.544621030405686 ], [ -121.598383328953787, 47.544637148405691 ], [ -121.598382704954005, 47.544653269405671 ], [ -121.598382080954238, 47.544669390405652 ], [ -121.598381456954385, 47.544685508405664 ], [ -121.598380832954604, 47.544701626405661 ], [ -121.598380212954751, 47.544717750405681 ], [ -121.598379584954969, 47.544733868405665 ], [ -121.598378964955145, 47.544749986405655 ], [ -121.598378336955363, 47.544766101405664 ], [ -121.59837771695554, 47.544782225405697 ], [ -121.598377088955772, 47.54479834340566 ], [ -121.598376468955976, 47.544814464405704 ], [ -121.598375844956166, 47.544830582405673 ], [ -121.59837522095637, 47.544846703405703 ], [ -121.598374596956532, 47.544862821405665 ], [ -121.598373972956693, 47.544878940405653 ], [ -121.598373348956926, 47.544895058405679 ], [ -121.598372728957116, 47.54491117940568 ], [ -121.59837210395736, 47.544927297405678 ], [ -121.598371479957521, 47.544943418405666 ], [ -121.598370855957683, 47.544959536405649 ], [ -121.598370231957887, 47.544975657405686 ], [ -121.598369607958048, 47.544991775405634 ], [ -121.598368983958281, 47.545007896405714 ], [ -121.598368359958485, 47.545024014405627 ], [ -121.598367735958703, 47.545040135405593 ], [ -121.598367115958908, 47.54505625340564 ], [ -121.598366487959098, 47.545072374405656 ], [ -121.598365867959217, 47.545088492405675 ], [ -121.598365239959477, 47.545104613405655 ], [ -121.598364619959611, 47.54512073140566 ], [ -121.598363995959843, 47.545136849405687 ], [ -121.598363371960033, 47.545152970405674 ], [ -121.598362747960266, 47.545169089405675 ], [ -121.598362123960442, 47.545185209405638 ], [ -121.598361503960675, 47.545201328405668 ], [ -121.598360879960808, 47.545217448405658 ], [ -121.598360255961012, 47.545233567405596 ], [ -121.598359631961202, 47.54524968840569 ], [ -121.598359006961417, 47.54526580640561 ], [ -121.598358386961635, 47.545281927405668 ], [ -121.598357762961868, 47.545298045405623 ], [ -121.598357138962001, 47.54531416640566 ], [ -121.598356514962191, 47.545330284405658 ], [ -121.598355890962367, 47.545346405405631 ], [ -121.598355266962585, 47.545362523405657 ], [ -121.598354642962789, 47.545378641405691 ], [ -121.598354022963051, 47.545394762405657 ], [ -121.598353398963226, 47.545410883405637 ], [ -121.598352774963388, 47.545427001405656 ], [ -121.598352150963521, 47.545443119405611 ], [ -121.59835152296381, 47.545459240405656 ], [ -121.598350902963915, 47.54547536140565 ], [ -121.598350282964191, 47.545491479405669 ], [ -121.598349654964295, 47.545507597405653 ], [ -121.598349034964585, 47.545523718405619 ], [ -121.598348410964761, 47.54553983940567 ], [ -121.598347786964993, 47.545555957405618 ], [ -121.598347161965137, 47.545572076405627 ], [ -121.598346537965327, 47.545588196405646 ], [ -121.598345917965545, 47.545604315405633 ], [ -121.598345293965735, 47.545620435405631 ], [ -121.598344669965911, 47.545636556405618 ], [ -121.598344041966129, 47.545652675405627 ], [ -121.598343421966305, 47.545668793405632 ], [ -121.598342797966509, 47.545684914405633 ], [ -121.598342173966671, 47.545701032405674 ], [ -121.598341553966904, 47.545717153405647 ], [ -121.598340925967122, 47.545733271405659 ], [ -121.598340305967298, 47.545749392405661 ], [ -121.598339681967474, 47.545765510405587 ], [ -121.598339057967664, 47.545781631405639 ], [ -121.598338437967868, 47.545797749405615 ], [ -121.598337809968058, 47.545813870405667 ], [ -121.598337189968248, 47.5458299884056 ], [ -121.598336560968448, 47.545846109405581 ], [ -121.598335940968681, 47.545862227405628 ], [ -121.598335316968857, 47.545878348405601 ], [ -121.598334692969104, 47.545894469405688 ], [ -121.598334072969223, 47.545910587405622 ], [ -121.598333448969427, 47.54592670540562 ], [ -121.598332824969646, 47.545942823405632 ], [ -121.59833220096985, 47.545958944405626 ], [ -121.59833157697004, 47.545975060405645 ], [ -121.598330948970244, 47.545991178405664 ], [ -121.598330324970462, 47.546007302405677 ], [ -121.598329708970596, 47.546023420405596 ], [ -121.598329080970771, 47.546039538405637 ], [ -121.598328460971018, 47.546055659405603 ], [ -121.59832783197119, 47.546071777405643 ], [ -121.598327211971423, 47.546087898405602 ], [ -121.598326591971571, 47.546104016405643 ], [ -121.598325963971817, 47.546120137405602 ], [ -121.598325343971993, 47.546136255405564 ], [ -121.598324715972154, 47.546152376405658 ], [ -121.598324095972359, 47.546168494405592 ], [ -121.598323467972577, 47.546184615405615 ], [ -121.59832285197281, 47.54620073340562 ], [ -121.598322227972943, 47.546216854405579 ], [ -121.59832159997319, 47.546232972405576 ], [ -121.598320979973337, 47.546249096405603 ], [ -121.598320351973555, 47.546265211405618 ], [ -121.59831973197376, 47.546281332405592 ], [ -121.598319107973936, 47.546297450405611 ], [ -121.598318483974154, 47.546313571405605 ], [ -121.598317858974369, 47.546329689405631 ], [ -121.598317234974573, 47.546345807405586 ], [ -121.598316614974721, 47.546361928405588 ], [ -121.598315986974924, 47.546378049405611 ], [ -121.5983153669751, 47.546394167405637 ], [ -121.598314738975304, 47.546410286405553 ], [ -121.59831411897548, 47.546426406405573 ], [ -121.598313498975713, 47.546442527405581 ], [ -121.598312870975874, 47.546458646405625 ], [ -121.598311622976269, 47.546490885405568 ], [ -121.598311002976473, 47.54650700540558 ], [ -121.598310373976673, 47.546523124405574 ], [ -121.598309753976892, 47.546539245405619 ], [ -121.598309129977082, 47.546555360405605 ], [ -121.598308505977286, 47.546571481405621 ], [ -121.598307885977462, 47.546587602405602 ], [ -121.598307257977638, 47.546603720405606 ], [ -121.598306637977856, 47.546619841405587 ], [ -121.59830601397806, 47.546635959405634 ], [ -121.598305389978279, 47.546652080405607 ], [ -121.598304765978511, 47.546668198405612 ], [ -121.598304141978687, 47.546684319405621 ], [ -121.598303521978849, 47.546700437405562 ], [ -121.598302893979067, 47.54671655840562 ], [ -121.598302272979225, 47.546732676405576 ], [ -121.598301024979605, 47.546764915405575 ], [ -121.59830040497981, 47.546781036405555 ], [ -121.598299776979999, 47.546797154405603 ], [ -121.598299152980218, 47.546813278405608 ], [ -121.598298532980408, 47.546829393405595 ], [ -121.598297908980598, 47.546845514405582 ], [ -121.598297284980802, 47.546861632405601 ], [ -121.598296660980964, 47.546877750405564 ], [ -121.598296036981168, 47.546893871405587 ], [ -121.598295412981386, 47.546909992405574 ], [ -121.598294791981587, 47.546926110405593 ], [ -121.598294163981734, 47.546942229405545 ], [ -121.59829354398201, 47.546958349405557 ], [ -121.598292919982171, 47.546974468405558 ], [ -121.598292295982375, 47.546990588405571 ], [ -121.598291671982565, 47.547006709405593 ], [ -121.598291047982741, 47.547022828405538 ], [ -121.598290423982945, 47.547038946405557 ], [ -121.598289799983107, 47.547055064405583 ], [ -121.59828917998334, 47.547071185405578 ], [ -121.598288554983526, 47.547087303405597 ], [ -121.59828793498373, 47.547103421405566 ], [ -121.598287306983948, 47.547119542405611 ], [ -121.598286682984124, 47.547135660405566 ], [ -121.598286058984286, 47.547151781405532 ], [ -121.598285434984447, 47.54716789640559 ], [ -121.598284814984694, 47.547184020405545 ], [ -121.598284190984927, 47.547200138405557 ], [ -121.598283566985089, 47.547216259405559 ], [ -121.598282942985293, 47.547232377405557 ], [ -121.59828231898554, 47.547248498405551 ], [ -121.598281697985698, 47.547264616405577 ], [ -121.598281069985831, 47.547280737405572 ], [ -121.598280449986063, 47.547296855405612 ], [ -121.598279825986268, 47.547312976405578 ], [ -121.598279201986529, 47.547329094405569 ], [ -121.598278577986662, 47.547345215405578 ], [ -121.598277953986894, 47.547361333405547 ], [ -121.598276705987232, 47.547393572405532 ], [ -121.598276085987379, 47.547409693405569 ], [ -121.598275461987626, 47.547425814405578 ], [ -121.598274836987841, 47.54744193240554 ], [ -121.598274212987988, 47.547458050405552 ], [ -121.598273588988178, 47.547474171405547 ], [ -121.598272964988382, 47.547490290405541 ], [ -121.598272340988601, 47.547506408405567 ], [ -121.598271720988791, 47.547522529405576 ], [ -121.598271096989038, 47.547538649405524 ], [ -121.598270472989213, 47.547554768405533 ], [ -121.598269848989446, 47.54757088640558 ], [ -121.598269223989561, 47.547587007405554 ], [ -121.598268603989766, 47.547603125405544 ], [ -121.598267975990012, 47.547619246405574 ], [ -121.598267355990188, 47.547635364405529 ], [ -121.598266107990597, 47.547667603405515 ], [ -121.598265483990815, 47.547683726405545 ], [ -121.59826485999092, 47.547699845405546 ], [ -121.598264235991152, 47.547715963405508 ], [ -121.598263614991339, 47.547732078405524 ], [ -121.598262990991572, 47.547748202405508 ], [ -121.598262362991761, 47.547764320405548 ], [ -121.598261742991966, 47.547780441405557 ], [ -121.598261118992127, 47.547796559405562 ], [ -121.598260494992275, 47.547812680405535 ], [ -121.598259870992536, 47.547828798405575 ], [ -121.598259246992725, 47.54784491940552 ], [ -121.59825862299293, 47.547861037405575 ], [ -121.598257998993091, 47.547877158405541 ], [ -121.598257377993349, 47.547893276405503 ], [ -121.598256753993482, 47.547909397405562 ], [ -121.598256129993715, 47.54792551540551 ], [ -121.598255505993876, 47.547941636405561 ], [ -121.598254881994109, 47.547957754405516 ], [ -121.598254257994284, 47.547973875405532 ], [ -121.598253633994503, 47.547989990405561 ], [ -121.598253009994707, 47.548006114405517 ], [ -121.598252389994883, 47.548022232405529 ], [ -121.598251764995069, 47.548038353405524 ], [ -121.598251140995288, 47.548054471405557 ], [ -121.598250516995463, 47.548070592405523 ], [ -121.598249896995668, 47.548086710405556 ], [ -121.598249276995844, 47.548102831405537 ], [ -121.598248652996034, 47.548118946405538 ], [ -121.598248154996256, 47.548131768405568 ], [ -121.598248032996239, 47.548135065405532 ], [ -121.598247324996436, 47.548153212405524 ], [ -121.598246700996668, 47.54816933040555 ], [ -121.598246080996873, 47.548185451405523 ], [ -121.598245456997063, 47.548201572405517 ], [ -121.598244827997263, 47.548217690405536 ], [ -121.598244207997439, 47.548233811405531 ], [ -121.598243583997615, 47.548249929405543 ], [ -121.598242959997819, 47.54826604840553 ], [ -121.598242335998037, 47.5482821664055 ], [ -121.598241711998213, 47.548298289405537 ], [ -121.598241087998446, 47.548314407405556 ], [ -121.598240462998646, 47.548330526405486 ], [ -121.598239838998779, 47.548346646405513 ], [ -121.59823921499904, 47.548362765405521 ], [ -121.598238590999188, 47.548378885405526 ], [ -121.598237966999378, 47.548395004405492 ], [ -121.598237342999582, 47.548411125405494 ], [ -121.598236718999772, 47.548427243405506 ], [ -121.598236099000019, 47.548443364405486 ], [ -121.598235475000237, 47.548459482405526 ], [ -121.598234850000367, 47.548475603405493 ], [ -121.598234226000557, 47.548491721405526 ], [ -121.598233602000732, 47.548507842405513 ], [ -121.598232978000979, 47.548523960405554 ], [ -121.598232358001155, 47.548540078405495 ], [ -121.598231734001388, 47.548556199405546 ], [ -121.598231106001549, 47.548572320405533 ], [ -121.59822986100194, 47.548604559405554 ], [ -121.598229237002172, 47.548620677405481 ], [ -121.598228613002334, 47.548636798405532 ], [ -121.598227989002538, 47.548652916405509 ], [ -121.598227369002686, 47.548669037405475 ], [ -121.598226745002933, 47.548685155405501 ], [ -121.598226121003137, 47.548701276405488 ], [ -121.598225496003309, 47.5487173944055 ], [ -121.598224872003513, 47.548733512405512 ], [ -121.598224244003703, 47.5487496334055 ], [ -121.59822362400395, 47.548765754405501 ], [ -121.598223000004111, 47.548781872405513 ], [ -121.598222380004259, 47.548797993405493 ], [ -121.598221756004449, 47.548814111405484 ], [ -121.59822113200471, 47.548830232405507 ], [ -121.598220507004868, 47.548846350405526 ], [ -121.598219883005058, 47.548862471405513 ], [ -121.598219263005262, 47.548878589405476 ], [ -121.598218635005466, 47.548894707405495 ], [ -121.598218011005656, 47.548910828405468 ], [ -121.598217387005846, 47.548926949405519 ], [ -121.598216771006065, 47.548943064405513 ], [ -121.598216142006237, 47.54895918240549 ], [ -121.598215518006469, 47.548975303405541 ], [ -121.598214894006645, 47.548991421405489 ], [ -121.598214270006878, 47.549007542405455 ], [ -121.59821365000704, 47.549023663405499 ], [ -121.598213022007201, 47.549039781405462 ], [ -121.598212398007405, 47.549055899405481 ], [ -121.598211778007666, 47.549072020405482 ], [ -121.598211153007853, 47.549088138405516 ], [ -121.598210529008057, 47.549104259405475 ], [ -121.59820990500819, 47.549120377405508 ], [ -121.598209281008408, 47.549136498405488 ], [ -121.598208657008584, 47.549152614405465 ], [ -121.598208037008789, 47.549168737405481 ], [ -121.598207408009017, 47.549184855405464 ], [ -121.598206788009207, 47.549200976405487 ], [ -121.598205540009531, 47.549233215405508 ], [ -121.598204916009763, 47.54924933340547 ], [ -121.598204292009953, 47.549265454405443 ], [ -121.598203672010143, 47.549281572405476 ], [ -121.598203048010404, 47.549297693405428 ], [ -121.59820242301052, 47.549313811405476 ], [ -121.598201795010795, 47.549329932405485 ], [ -121.598201175010914, 47.549346051405479 ], [ -121.598200555011147, 47.549362171405448 ], [ -121.598199927011308, 47.549378290405443 ], [ -121.598199303011498, 47.54939441040549 ], [ -121.59819867901173, 47.549410531405442 ], [ -121.598198058011917, 47.549426649405454 ], [ -121.598197430012121, 47.549442768405484 ], [ -121.598196810012297, 47.549458886405439 ], [ -121.598196186012487, 47.549475007405491 ], [ -121.598195562012748, 47.549491127405481 ], [ -121.598194942012924, 47.549507246405476 ], [ -121.598194313013124, 47.549523366405495 ], [ -121.598193693013272, 47.549539485405447 ], [ -121.598193065013518, 47.549555605405423 ], [ -121.598191817013856, 47.549587844405423 ], [ -121.598191197014074, 47.549603963405467 ], [ -121.598190573014236, 47.549620083405465 ], [ -121.598189948014507, 47.549636202405445 ], [ -121.598189328014683, 47.54965232240545 ], [ -121.598188700014816, 47.549668441405451 ], [ -121.598188080015049, 47.549684561405471 ], [ -121.598187452015239, 47.549700680405479 ], [ -121.598186832015472, 47.549716795405445 ], [ -121.598186203015672, 47.549732919405493 ], [ -121.59818558301582, 47.549749039405455 ], [ -121.598184963016038, 47.549765158405449 ], [ -121.598184335016228, 47.549781278405462 ], [ -121.598183715016432, 47.549797397405491 ], [ -121.598183087016608, 47.549813515405454 ], [ -121.598182467016827, 47.549829636405434 ], [ -121.598181842016999, 47.54984575640546 ], [ -121.598181218017203, 47.549861875405441 ], [ -121.598180594017407, 47.549877993405474 ], [ -121.598179970017625, 47.549894114405426 ], [ -121.59817935001783, 47.549910234405445 ], [ -121.598178726018006, 47.549926353405461 ], [ -121.598178102018196, 47.549942473405444 ], [ -121.598177473018438, 47.549958592405439 ], [ -121.598176853018558, 47.549974712405444 ], [ -121.598176229018748, 47.549990828405434 ], [ -121.598175605018952, 47.550006949405429 ], [ -121.59817498101917, 47.550023070405473 ], [ -121.598174356019385, 47.550039185405453 ], [ -121.598173736019504, 47.550055306405454 ], [ -121.598173108019751, 47.550071421405434 ], [ -121.598172488019927, 47.550087545405447 ], [ -121.598171860020145, 47.550103666405448 ], [ -121.598171240020349, 47.550119784405446 ], [ -121.598170615020535, 47.550135902405415 ], [ -121.598169991020711, 47.550152023405445 ], [ -121.59816936702093, 47.550168141405436 ], [ -121.598168747021134, 47.550184262405459 ], [ -121.598167495021471, 47.550216501405401 ], [ -121.598166875021676, 47.550232619405435 ], [ -121.598166250021947, 47.550248740405429 ], [ -121.598165626022123, 47.550264858405434 ], [ -121.598165006022299, 47.550280979405436 ], [ -121.598164378022474, 47.550297097405441 ], [ -121.59816375402265, 47.550313218405421 ], [ -121.598163133022922, 47.550329333405429 ], [ -121.598162509023126, 47.550345457405449 ], [ -121.598161885023302, 47.550361575405475 ], [ -121.598161261023435, 47.550377696405448 ], [ -121.598160637023625, 47.550393814405453 ], [ -121.598160013023829, 47.55040993540544 ], [ -121.598159388024044, 47.550426053405403 ], [ -121.598158764024234, 47.550442174405475 ], [ -121.598158140024466, 47.550458292405409 ], [ -121.598157520024643, 47.55047441340546 ], [ -121.598156896024804, 47.550490531405437 ], [ -121.59815627202498, 47.550506652405403 ], [ -121.598155647025223, 47.550522770405429 ], [ -121.598155023025441, 47.550538891405431 ], [ -121.59815377502585, 47.550571130405416 ], [ -121.598153155025997, 47.550587251405403 ], [ -121.598152527026215, 47.550603369405422 ], [ -121.598151906026374, 47.550619487405442 ], [ -121.598151282026635, 47.550635608405408 ], [ -121.598150658026825, 47.550651726405455 ], [ -121.598150038026972, 47.550667847405428 ], [ -121.598149410027219, 47.550683965405462 ], [ -121.598148790027366, 47.550700086405421 ], [ -121.598148161027567, 47.550716204405383 ], [ -121.598147541027814, 47.550732325405434 ], [ -121.598146913027961, 47.550748443405404 ], [ -121.598146293028236, 47.550764564405448 ], [ -121.598145669028412, 47.550780682405424 ], [ -121.598145045028602, 47.550796803405369 ], [ -121.59814442402876, 47.550812921405395 ], [ -121.598143796028921, 47.550829042405397 ], [ -121.598143176029126, 47.550845160405423 ], [ -121.598142548029344, 47.550861281405417 ], [ -121.598141928029563, 47.550877399405415 ], [ -121.59814129902972, 47.55089351740542 ], [ -121.598140683029911, 47.550909638405436 ], [ -121.5981400550301, 47.550925759405395 ], [ -121.598139431030305, 47.550941877405442 ], [ -121.598138811030537, 47.550957998405416 ], [ -121.598138183030699, 47.550974116405413 ], [ -121.598137562030885, 47.550990237405422 ], [ -121.598136934031103, 47.551006352405402 ], [ -121.598136314031279, 47.551022473405389 ], [ -121.598135686031469, 47.551038591405401 ], [ -121.598135066031674, 47.55105471240541 ], [ -121.598134441031888, 47.551070830405422 ], [ -121.598133817032078, 47.551086951405416 ], [ -121.598133197032269, 47.551103069405364 ], [ -121.598132569032444, 47.551119190405402 ], [ -121.598131949032634, 47.551135308405392 ], [ -121.598131324032877, 47.551151429405422 ], [ -121.598130700033067, 47.551167547405392 ], [ -121.598130076033272, 47.551183668405372 ], [ -121.598129452033504, 47.55119978940543 ], [ -121.598128828033623, 47.551215907405364 ], [ -121.598128203033838, 47.551232025405412 ], [ -121.598127583034028, 47.551248140405391 ], [ -121.598126959034218, 47.55126426440544 ], [ -121.598126335034451, 47.551280385405384 ], [ -121.598125711034683, 47.551296503405403 ], [ -121.598125087034845, 47.551312624405391 ], [ -121.598124462035017, 47.55132874240541 ], [ -121.598123838035193, 47.551344860405372 ], [ -121.598123214035397, 47.551360981405423 ], [ -121.598122590035615, 47.551377102405418 ], [ -121.598121966035819, 47.551393220405352 ], [ -121.598121341036034, 47.551409338405392 ], [ -121.598120721036182, 47.551425459405358 ], [ -121.598120097036372, 47.551441580405424 ], [ -121.598119473036562, 47.551457698405358 ], [ -121.598118849036794, 47.551473819405373 ], [ -121.59811822403698, 47.551489937405378 ], [ -121.59811760003717, 47.551506052405401 ], [ -121.598116980037361, 47.551522176405385 ], [ -121.59811635203755, 47.551538297405394 ], [ -121.598115732037755, 47.551554415405363 ], [ -121.598115103037983, 47.551570536405372 ], [ -121.598114483038188, 47.551586654405384 ], [ -121.598113859038392, 47.551602772405381 ], [ -121.59811323903854, 47.55161889340539 ], [ -121.59811261503873, 47.551635013405388 ], [ -121.598111986038901, 47.551651132405411 ], [ -121.598111370039149, 47.551667252405409 ], [ -121.598110738039267, 47.551683371405332 ], [ -121.598110122039486, 47.551699489405358 ], [ -121.598109414039769, 47.55171763640535 ], [ -121.598108790039959, 47.551733754405383 ], [ -121.598108170040135, 47.55174987540537 ], [ -121.598107541040307, 47.551765996405344 ], [ -121.598106921040511, 47.551782114405363 ], [ -121.598106293040715, 47.551798232405389 ], [ -121.598105673040976, 47.551814350405358 ], [ -121.598105048041063, 47.551830469405353 ], [ -121.598104424041324, 47.551846589405343 ], [ -121.5981038040415, 47.551862710405345 ], [ -121.59810317604169, 47.551878828405385 ], [ -121.598102556041894, 47.55189494640539 ], [ -121.598101927042094, 47.551911067405371 ], [ -121.59810130704227, 47.551927185405397 ], [ -121.598100679042489, 47.55194330640537 ], [ -121.598100059042665, 47.551959427405357 ], [ -121.598099431042854, 47.551975545405362 ], [ -121.598098810043055, 47.551991663405332 ], [ -121.598098186043288, 47.552007784405383 ], [ -121.598097562043478, 47.552023902405345 ], [ -121.598096942043625, 47.552040023405375 ], [ -121.598096313043825, 47.552056139405373 ], [ -121.59809569304403, 47.552072262405339 ], [ -121.59809506504422, 47.55208838040533 ], [ -121.598094445044467, 47.552104501405339 ], [ -121.598093817044656, 47.552120622405383 ], [ -121.598093197044832, 47.552136740405366 ], [ -121.598092572044976, 47.552152858405364 ], [ -121.598091948045166, 47.552168979405344 ], [ -121.598091328045385, 47.552185097405378 ], [ -121.59809070004556, 47.552201218405351 ], [ -121.598090080045836, 47.552217339405367 ], [ -121.598089455045979, 47.552233457405364 ], [ -121.598088831046184, 47.552249575405384 ], [ -121.598088207046359, 47.552265696405378 ], [ -121.598087583046549, 47.552281814405355 ], [ -121.598086958046792, 47.552297935405377 ], [ -121.598086334047025, 47.552314056405365 ], [ -121.598085710047158, 47.55233017440537 ], [ -121.598085090047363, 47.552346292405332 ], [ -121.598084462047524, 47.552362413405341 ], [ -121.598083841047753, 47.552378531405331 ], [ -121.598083217048, 47.552394652405304 ], [ -121.598082593048176, 47.552410770405345 ], [ -121.598081969048337, 47.552426891405332 ], [ -121.59808134004858, 47.552443009405351 ], [ -121.598080720048742, 47.552459130405339 ], [ -121.598080096048946, 47.552475248405351 ], [ -121.598079476049151, 47.552491369405359 ], [ -121.59807884804934, 47.552507487405379 ], [ -121.598078227049498, 47.552523608405359 ], [ -121.598077603049703, 47.552539726405392 ], [ -121.598076979049893, 47.552555847405351 ], [ -121.598076359050111, 47.552571967405356 ], [ -121.598075730050311, 47.552588086405365 ], [ -121.598075106050501, 47.552604204405306 ], [ -121.598074482050734, 47.55262032240536 ], [ -121.598073862050853, 47.552636443405355 ], [ -121.598073234051128, 47.552652564405321 ], [ -121.598072613051301, 47.552668684405319 ], [ -121.598071985051476, 47.55268480340532 ], [ -121.598071365051695, 47.552700921405325 ], [ -121.598070741051913, 47.552717041405351 ], [ -121.598070116052028, 47.552733160405353 ], [ -121.598069496052247, 47.55274928040533 ], [ -121.598068868052422, 47.552765401405338 ], [ -121.59806824805267, 47.552781519405357 ], [ -121.598067620052859, 47.552797638405373 ], [ -121.598066999053088, 47.552813756405321 ], [ -121.598066375053222, 47.552829874405326 ], [ -121.59806575105344, 47.552845995405328 ], [ -121.598065127053616, 47.552862115405311 ], [ -121.598064502053816, 47.552878234405341 ], [ -121.59806387805402, 47.552894352405353 ], [ -121.598063258054253, 47.552910472405337 ], [ -121.598062634054372, 47.552926593405331 ], [ -121.598062005054558, 47.55294271140535 ], [ -121.598061385054805, 47.552958830405302 ], [ -121.598060761055038, 47.552974950405343 ], [ -121.598060137055199, 47.552991068405312 ], [ -121.598059513055404, 47.553007189405299 ], [ -121.598058888055618, 47.553023310405315 ], [ -121.59805826405578, 47.553039428405299 ], [ -121.598057644055984, 47.553055546405325 ], [ -121.598057016056146, 47.55307166740532 ], [ -121.598056391056332, 47.553087785405346 ], [ -121.598055767056579, 47.553103906405305 ], [ -121.598055147056769, 47.553120027405313 ], [ -121.598054523056931, 47.553136145405318 ], [ -121.598053894057131, 47.553152263405352 ], [ -121.598053274057364, 47.553168384405325 ], [ -121.598052650057511, 47.553184502405273 ], [ -121.598052030057772, 47.553200623405324 ], [ -121.598051402057934, 47.553216744405347 ], [ -121.59805078105812, 47.553232859405334 ], [ -121.59805015305831, 47.553248980405321 ], [ -121.598049533058543, 47.553265101405287 ], [ -121.598048905058675, 47.553281219405307 ], [ -121.598048284058905, 47.553297340405287 ], [ -121.598047660059123, 47.553313461405331 ], [ -121.598047036059327, 47.553329579405286 ], [ -121.598046416059532, 47.553345697405319 ], [ -121.598045787059675, 47.5533618184053 ], [ -121.598045167059908, 47.553377936405319 ], [ -121.598044543060112, 47.553394057405292 ], [ -121.598043919060302, 47.553410178405308 ], [ -121.598043290060502, 47.553426296405299 ], [ -121.59804267006065, 47.553442414405339 ], [ -121.598042046060883, 47.553458535405326 ], [ -121.598041422061058, 47.55347465540531 ], [ -121.598040798061248, 47.553490776405297 ], [ -121.598040169061449, 47.553506894405309 ], [ -121.598039549061667, 47.553523013405346 ], [ -121.598038929061843, 47.553539131405266 ], [ -121.598038305062062, 47.553555251405299 ], [ -121.598037680062276, 47.553571372405273 ], [ -121.598037056062452, 47.553587490405299 ], [ -121.598036432062671, 47.553603611405265 ], [ -121.598035808062804, 47.553619729405277 ], [ -121.598035183062962, 47.553635847405303 ], [ -121.598034559063194, 47.553651968405283 ], [ -121.598033935063413, 47.553668089405299 ], [ -121.598033315063617, 47.553684207405283 ], [ -121.598032686063803, 47.553700328405277 ], [ -121.598032066063979, 47.553716446405325 ], [ -121.598031438064197, 47.553732564405273 ], [ -121.598030818064373, 47.553748685405331 ], [ -121.598030193064616, 47.553764806405304 ], [ -121.598029569064806, 47.553780924405281 ], [ -121.598028949065025, 47.553797042405307 ], [ -121.5980283210652, 47.553813160405284 ], [ -121.598027700065401, 47.553829278405239 ], [ -121.598027072065548, 47.553845396405293 ], [ -121.598026448065781, 47.553861520405285 ], [ -121.598025828065985, 47.553877638405282 ], [ -121.598025203066172, 47.553893759405284 ], [ -121.598024575066333, 47.553909877405246 ], [ -121.598023955066495, 47.553925998405298 ], [ -121.598023326066709, 47.553942116405281 ], [ -121.59802270606697, 47.553958237405325 ], [ -121.598022082067146, 47.553974355405266 ], [ -121.598021458067336, 47.553990476405239 ], [ -121.598020838067512, 47.554006594405287 ], [ -121.598020213067699, 47.554022715405225 ], [ -121.598019589067889, 47.554038833405308 ], [ -121.598018965068121, 47.554054954405267 ], [ -121.598018340068336, 47.554071072405279 ], [ -121.598017716068512, 47.554087193405287 ], [ -121.598017092068673, 47.554103313405278 ], [ -121.598016468068892, 47.554119432405301 ], [ -121.598015843069049, 47.554135550405292 ], [ -121.598015219069282, 47.554151671405265 ], [ -121.598014599069458, 47.554167789405291 ], [ -121.598013971069676, 47.554183909405296 ], [ -121.598013350069863, 47.554200028405262 ], [ -121.598012722070081, 47.554216148405267 ], [ -121.598012102070228, 47.554232266405265 ], [ -121.598011478070433, 47.554248387405259 ], [ -121.598010853070676, 47.554264505405285 ], [ -121.59801023307088, 47.554280626405244 ], [ -121.598009605071042, 47.554296744405271 ], [ -121.598008985071246, 47.55431286540523 ], [ -121.598008356071475, 47.554328983405291 ], [ -121.598007736071594, 47.554345104405272 ], [ -121.598007112071883, 47.554361222405284 ], [ -121.598006488072045, 47.554377343405228 ], [ -121.59800586307226, 47.554393461405304 ], [ -121.598005239072393, 47.554409579405267 ], [ -121.598004615072597, 47.554425700405233 ], [ -121.598003991072801, 47.55444182140527 ], [ -121.598003366073002, 47.554457939405253 ], [ -121.598002742073206, 47.554474060405305 ], [ -121.598001497073554, 47.554506299405226 ], [ -121.598000873073786, 47.554522417405259 ], [ -121.598000249073991, 47.554538538405225 ], [ -121.597999625074152, 47.554554656405259 ], [ -121.597999000074395, 47.55457077740526 ], [ -121.597998376074599, 47.554586895405258 ], [ -121.597997752074761, 47.55460301640526 ], [ -121.597997128074951, 47.554619134405264 ], [ -121.597996503075166, 47.554635255405252 ], [ -121.597995879075341, 47.554651373405271 ], [ -121.597995255075531, 47.55466749640523 ], [ -121.59799463507575, 47.554683611405238 ], [ -121.59799400607595, 47.554699732405282 ], [ -121.597993386076126, 47.554715850405231 ], [ -121.597992762076316, 47.554731971405225 ], [ -121.59799213707656, 47.554748089405244 ], [ -121.597991517076764, 47.554764210405217 ], [ -121.597990889076954, 47.554780326405279 ], [ -121.597990269077101, 47.554796446405263 ], [ -121.597989640077301, 47.554812564405232 ], [ -121.59798902007752, 47.554828685405283 ], [ -121.597988396077682, 47.554844803405246 ], [ -121.597987771077896, 47.554860924405219 ], [ -121.597987147078115, 47.554877042405252 ], [ -121.597986523078291, 47.554893163405204 ], [ -121.597985899078452, 47.554909281405251 ], [ -121.597985274078695, 47.554925402405232 ], [ -121.597984650078899, 47.554941523405226 ], [ -121.597984026079061, 47.554957641405252 ], [ -121.597983401079276, 47.554973759405236 ], [ -121.597982781079423, 47.554989880405216 ], [ -121.597982153079641, 47.555006001405225 ], [ -121.597981533079846, 47.555022116405205 ], [ -121.597980908080061, 47.555038240405224 ], [ -121.597980284080251, 47.555054358405236 ], [ -121.597979660080455, 47.555070476405191 ], [ -121.597979036080687, 47.55508659740525 ], [ -121.597978411080774, 47.555102718405237 ], [ -121.597977791081036, 47.555118836405278 ], [ -121.597977167081211, 47.55513495640529 ], [ -121.597976543081415, 47.555151075405206 ], [ -121.597975918081588, 47.555167193405197 ], [ -121.597975294081749, 47.555183313405209 ], [ -121.597974674081996, 47.55519943440521 ], [ -121.597974049082268, 47.555215552405244 ], [ -121.597973425082429, 47.555231673405245 ], [ -121.597972801082605, 47.555247791405236 ], [ -121.59797218108281, 47.555263909405234 ], [ -121.598095567169835, 47.562529461402725 ], [ -121.598104495176159, 47.563057632402518 ], [ -121.598218948256985, 47.569795040400187 ], [ -121.59822228726965, 47.570849832399865 ], [ -121.598160643315467, 47.574641246399295 ], [ -121.59816058131554, 47.574645124399275 ], [ -121.598151519322272, 47.57520337939922 ], [ -121.598122325343695, 47.5769728573989 ], [ -121.598103787357275, 47.578096913398689 ], [ -121.598103749357279, 47.578099381398744 ], [ -121.598003875430464, 47.584150575397722 ], [ -121.597964738444958, 47.585348628397696 ], [ -121.598010543523301, 47.591861025395815 ], [ -121.598014755530571, 47.592462289395591 ], [ -121.598014754530524, 47.592462481395621 ], [ -121.598023267545074, 47.593672467395237 ], [ -121.598025236548452, 47.593952108395186 ], [ -121.598025912549602, 47.594047943395189 ], [ -121.598064767616052, 47.599571896393577 ], [ -121.588520170646348, 47.599855087446109 ], [ -121.586760154651913, 47.599907221455787 ], [ -121.586747204739083, 47.607133510454084 ], [ -121.586744416757725, 47.608682736453751 ], [ -121.586734246826182, 47.614356617452408 ], [ -121.586726953892551, 47.619859755451074 ], [ -121.586724727912653, 47.621526342450665 ], [ -121.586721487942285, 47.623985218450073 ], [ -121.586715227999136, 47.628692127448964 ], [ -121.586713986, 47.628765720448961 ], [ -121.586669019032115, 47.63141568344858 ], [ -121.586592551086696, 47.635921355447891 ], [ -121.586589253089073, 47.636116553447835 ], [ -121.586587115090538, 47.636240736447846 ], [ -121.586574786099334, 47.636966742447719 ], [ -121.586566288105431, 47.637468170447647 ], [ -121.586528723132261, 47.639681828447337 ], [ -121.586492638157978, 47.641806462447022 ], [ -121.586469832174274, 47.643150582446822 ], [ -121.586376203261196, 47.650328457445596 ], [ -121.586281879348761, 47.657558672444402 ], [ -121.586388213369816, 47.659330343443337 ], [ -121.586452023385917, 47.660676357442725 ], [ -121.58646168438834, 47.660880900442613 ], [ -121.5864883463951, 47.661443184442334 ], [ -121.586492483396114, 47.661530476442287 ], [ -121.586496621397188, 47.661617766442234 ], [ -121.58652701840478, 47.662258896441884 ], [ -121.586531836406081, 47.662362447441893 ], [ -121.586538851407866, 47.662513206441794 ], [ -121.58656692141507, 47.663116595441522 ], [ -121.586572944416659, 47.663246564441458 ], [ -121.586582345419046, 47.663448654441318 ], [ -121.586589800420981, 47.663608894441246 ], [ -121.58659579942254, 47.663737299441173 ], [ -121.586640189433851, 47.664691716440728 ], [ -121.586646388435483, 47.664825111440621 ], [ -121.586645784435703, 47.664843648440609 ], [ -121.586632021440892, 47.665267602440608 ], [ -121.586419409520573, 47.671815979440218 ], [ -121.586428680525287, 47.672209284440093 ], [ -121.586047978603503, 47.678590776440672 ], [ -121.586023632608473, 47.678998775440689 ], [ -121.585787815656943, 47.682950588441074 ], [ -121.585589132697734, 47.686279564441421 ], [ -121.585588672697796, 47.68628970944139 ], [ -121.585341530762918, 47.691614785441551 ], [ -121.585381723776749, 47.69276703844104 ], [ -121.585416398788638, 47.693760041440598 ], [ -121.585549236834282, 47.697566855438964 ], [ -121.585579840844844, 47.698443721438622 ], [ -121.585593498849519, 47.698834393438403 ], [ -121.585606752854062, 47.699213963438261 ], [ -121.585631597862573, 47.699925606437937 ], [ -121.585669433875594, 47.701010046437474 ], [ -121.585642387915854, 47.704328867436885 ], [ -121.585637974922392, 47.70487003443678 ], [ -121.585628319936717, 47.706057212436569 ], [ -121.58560773395449, 47.707515537436365 ], [ -121.585598907962023, 47.708140484436242 ], [ -121.585561309994389, 47.710800424435824 ], [ -121.58552534102526, 47.713345861435414 ], [ -121.585498182048596, 47.715268541435158 ], [ -121.585422046073475, 47.717304689435082 ], [ -121.585408788082674, 47.718064295434978 ], [ -121.585364052113874, 47.720627628434613 ], [ -121.585363535134618, 47.722345330434237 ], [ -121.5853634151389, 47.722699054434145 ], [ -121.58536187620156, 47.727872727432974 ], [ -121.585361407220304, 47.729422724432659 ], [ -121.585142833289623, 47.73509441243251 ], [ -121.585190140306494, 47.736497612431947 ], [ -121.585190184306484, 47.736498955431948 ], [ -121.585386994376677, 47.742337549429564 ], [ -121.585388912377354, 47.74239429042953 ], [ -121.585396693380133, 47.742625494429412 ], [ -121.585406524383643, 47.742916916429323 ], [ -121.585428844391572, 47.743579414429057 ], [ -121.584864785465328, 47.74953866643078 ], [ -121.584873948481359, 47.750862254430416 ], [ -121.584916453555593, 47.756991757428828 ], [ -121.584916549555672, 47.757005219428862 ], [ -121.584924479569551, 47.75815225242853 ], [ -121.584662258646915, 47.764471973428556 ], [ -121.584963173726166, 47.771074455425428 ], [ -121.585234660797596, 47.777030547422598 ], [ -121.585234660797596, 47.777030580422597 ], [ -121.576466951826703, 47.777401182470854 ], [ -121.572068078841241, 47.777586871495032 ], [ -121.565879571858659, 47.777587488529143 ], [ -121.561335788871332, 47.777587726554209 ], [ -121.560907190872584, 47.777587748556527 ], [ -121.549876596903545, 47.77758773261732 ], [ -121.540505871932993, 47.777853288668922 ], [ -121.539000025937213, 47.777849536677223 ], [ -121.518113945995168, 47.777810101792284 ], [ -121.500195927045624, 47.777833577890966 ], [ -121.500113320045827, 47.777833680891476 ], [ -121.499738438046833, 47.777834140893475 ], [ -121.498288798050964, 47.777835922901495 ], [ -121.498219555051151, 47.777836005901875 ], [ -121.498043204051584, 47.777836221902817 ], [ -121.497039263054489, 47.777837433908374 ], [ -121.474797932120183, 47.778131685030836 ], [ -121.455559819177637, 47.778431870136721 ], [ -121.455549705203694, 47.780582063136286 ], [ -121.432242203267819, 47.780502771264672 ] ] ] } }
]
}
