{
"type": "FeatureCollection",
"crs": { "type": "name", "properties": { "name": "urn:ogc:def:crs:OGC:1.3:CRS84" } },
"features": [
{ "type": "Feature", "properties": { "DISTRICT": "Spokane County", "region": "Eastern", "OFFICE": "County Proposition 1", "JURISDICTION": "County", "RACE": "Spokane County County Proposition 1", "Name_1": "Approved", "Party_1": "Yes_1", "Votes_1": "42,754", "Name_2": "Rejected", "Party_2": "No_1", "Votes_2": "40,811", "Name_3": null, "Party_3": null, "Votes_3": "0", "Name_4": null, "Party_4": null, "Votes_4": "0", "Name_5": null, "Party_5": null, "Votes_5": "0", "Name_6": null, "Party_6": null, "Votes_6": "0", "Name_7": null, "Party_7": null, "Votes_7": "0", "Votes_total": "83,565", "Pct_1": 51.16, "Pct_2": 48.84, "Pct_3": 0.0, "Pct_4": 0.0, "Pct_5": 0.0, "Pct_6": 0.0, "Pct_7": 0.0, "Margin": 2.32 }, "geometry": { "type": "Polygon", "coordinates": [ [ [ -117.042159764996001, 47.786995983061885 ], [ -117.042116840796439, 47.779696904195866 ], [ -117.042090432242688, 47.775205069435572 ], [ -117.042072133418458, 47.772505623257977 ], [ -117.042096503334704, 47.760080557527878 ], [ -117.042140271366463, 47.75818315782869 ], [ -117.041957485351148, 47.745477933784279 ], [ -117.041937675271811, 47.743739884501828 ], [ -117.041759142538908, 47.730963157392445 ], [ -117.041781933557743, 47.729387520469857 ], [ -117.04174174573815, 47.71652523500542 ], [ -117.041780659312181, 47.714861839240463 ], [ -117.041787319319383, 47.702453991443129 ], [ -117.041729901412978, 47.700367754222725 ], [ -117.041699657833007, 47.697914657238549 ], [ -117.041698360167373, 47.69780923418417 ], [ -117.041691329821987, 47.697239053349044 ], [ -117.041689372439322, 47.697080617945517 ], [ -117.041570365719124, 47.687425261114008 ], [ -117.041427297847392, 47.685419619160207 ], [ -117.04125585566419, 47.672947209772978 ], [ -117.041269540767502, 47.671102584507601 ], [ -117.041220231060308, 47.658382945988656 ], [ -117.041233954189522, 47.6565383083244 ], [ -117.041201842814402, 47.643962368227442 ], [ -117.041189102066099, 47.642116932541036 ], [ -117.041063999693634, 47.629341080044711 ], [ -117.041068395670791, 47.627639450123461 ], [ -117.04084568767216, 47.614735240696156 ], [ -117.040864932084247, 47.613213186008956 ], [ -117.041025214507201, 47.600123183504529 ], [ -117.040992762406901, 47.594497360906367 ], [ -117.041093116293737, 47.585597244844742 ], [ -117.04107457941133, 47.579756837934596 ], [ -117.041003624151784, 47.571048668692079 ], [ -117.040993218362814, 47.565083037107016 ], [ -117.040893560731419, 47.556409761765906 ], [ -117.040822224944009, 47.550567704018995 ], [ -117.04055496517023, 47.542032704036004 ], [ -117.040513528701354, 47.536137766687325 ], [ -117.04019134472486, 47.521510224814335 ], [ -117.040106780014526, 47.510974148776924 ], [ -117.040123963013542, 47.507033503033767 ], [ -117.040038313266535, 47.492430601660196 ], [ -117.03997203180937, 47.482020165420408 ], [ -117.039984836161977, 47.477738884312259 ], [ -117.039864766406552, 47.463260084053246 ], [ -117.039789295089022, 47.452992528990123 ], [ -117.039826161445532, 47.448747749275725 ], [ -117.03979765644408, 47.438571123809396 ], [ -117.039863142299382, 47.434291356816544 ], [ -117.039858968313638, 47.41965445735007 ], [ -117.039829316084138, 47.40949558817762 ], [ -117.039845585918982, 47.405160544450496 ], [ -117.039841419000737, 47.390523462284428 ], [ -117.039792474867824, 47.376171637274922 ], [ -117.039818976594319, 47.3659604692713 ], [ -117.039832882845076, 47.361661115099039 ], [ -117.039774349990324, 47.347182145408304 ], [ -117.039905590068969, 47.332765006020026 ], [ -117.039938099904106, 47.317967360825641 ], [ -117.039889404586958, 47.303203013699189 ], [ -117.039912941212364, 47.296244476295001 ], [ -117.039915535213552, 47.295477746570349 ], [ -117.039938958613845, 47.288549034192172 ], [ -117.039902768573725, 47.273999903339792 ], [ -117.03987811873931, 47.259289020355531 ], [ -117.039878088656963, 47.259271856659858 ], [ -117.039900225778126, 47.259271815656454 ], [ -117.04277148673259, 47.259266354726691 ], [ -117.045728818210975, 47.259383433569376 ], [ -117.058207783070841, 47.259600733465369 ], [ -117.058832211456462, 47.259611644603389 ], [ -117.064611632965196, 47.259711792934638 ], [ -117.067674361813346, 47.259852347658182 ], [ -117.086173083808276, 47.259470494933538 ], [ -117.088631000980527, 47.259486322758825 ], [ -117.107752331985878, 47.259450051701698 ], [ -117.109894261517837, 47.25949047007898 ], [ -117.129060374754545, 47.259379243617573 ], [ -117.130845921557423, 47.259418813229068 ], [ -117.150300394007601, 47.259425380414612 ], [ -117.152442772981203, 47.259393679881001 ], [ -117.161502208035117, 47.259463533697385 ], [ -117.163299077924052, 47.259479941490575 ], [ -117.172034227831872, 47.259544809467833 ], [ -117.17401479528499, 47.259704053474444 ], [ -117.193110989601294, 47.259637191880664 ], [ -117.196033012389464, 47.259707541546213 ], [ -117.215053256018052, 47.259493908860875 ], [ -117.217612623937512, 47.259694769879474 ], [ -117.236643840156134, 47.259792780306256 ], [ -117.239399353502677, 47.259751697967438 ], [ -117.258603496669338, 47.259784811771546 ], [ -117.260979556985419, 47.259817986530443 ], [ -117.279878788932194, 47.259753981764604 ], [ -117.282841537180815, 47.259816438896024 ], [ -117.301636341159465, 47.259776826056907 ], [ -117.3049810147687, 47.259889380301125 ], [ -117.315748287241504, 47.259825412607526 ], [ -117.323187162363084, 47.259781022685104 ], [ -117.326750000630639, 47.259844998590452 ], [ -117.34448479529469, 47.259838078687018 ], [ -117.348436702320726, 47.259871231201458 ], [ -117.359036938412231, 47.259538693927141 ], [ -117.364194453961375, 47.259574129140368 ], [ -117.364403067369011, 47.259575558078659 ], [ -117.365047315129573, 47.259579967809138 ], [ -117.365274573791439, 47.25958152129288 ], [ -117.366113310364256, 47.259587255111455 ], [ -117.3700213886369, 47.25961388678575 ], [ -117.387416758926591, 47.25962572608536 ], [ -117.391408182809656, 47.259671864422423 ], [ -117.402420000112897, 47.259720831163818 ], [ -117.409068984745232, 47.259742175195967 ], [ -117.413359441101107, 47.259773587756222 ], [ -117.429305868988635, 47.259702155230123 ], [ -117.429785489460613, 47.259699899542355 ], [ -117.430407888719657, 47.259697094239641 ], [ -117.434888645160086, 47.259635633901567 ], [ -117.451818883241671, 47.259512769354515 ], [ -117.456546316478963, 47.259583578438715 ], [ -117.473158085886524, 47.259522930613173 ], [ -117.478032228959094, 47.259564458730843 ], [ -117.495074686361392, 47.259438515064353 ], [ -117.499373107469424, 47.259541026690918 ], [ -117.515706817067255, 47.259409020137902 ], [ -117.520911892721116, 47.25951623148265 ], [ -117.537812692672645, 47.259694391016815 ], [ -117.542245607023659, 47.25969962400594 ], [ -117.559273909132813, 47.259903613177471 ], [ -117.56334729086818, 47.259886562195277 ], [ -117.572274015840335, 47.25988274198199 ], [ -117.572689510169525, 47.259882550876867 ], [ -117.573349107546235, 47.259882236415827 ], [ -117.57375330164426, 47.259882043995106 ], [ -117.580018334298259, 47.259878874921107 ], [ -117.585227428328253, 47.259806103355935 ], [ -117.60114263560645, 47.259979603978181 ], [ -117.606685555428641, 47.260025541025918 ], [ -117.622577764773482, 47.259918551778831 ], [ -117.62850253974625, 47.259906759202366 ], [ -117.643986924238419, 47.259961974303756 ], [ -117.650357157349845, 47.259984026311699 ], [ -117.665631731357493, 47.259964986173586 ], [ -117.671818119347762, 47.259957051860759 ], [ -117.686241801207473, 47.259869603594936 ], [ -117.693823543930733, 47.260033559240242 ], [ -117.704448243554594, 47.260036279892191 ], [ -117.70675734948378, 47.260036743172087 ], [ -117.715218780207948, 47.260062105455695 ], [ -117.728006592715104, 47.260041906851775 ], [ -117.736907680850848, 47.259979479939553 ], [ -117.749212413875341, 47.260182051255498 ], [ -117.758259863227821, 47.260016117196763 ], [ -117.770654160236617, 47.259965652810138 ], [ -117.780399734055962, 47.260095930372785 ], [ -117.792279494405804, 47.260177175684433 ], [ -117.802096836042381, 47.260242480848426 ], [ -117.813398005440092, 47.260128425177975 ], [ -117.823629009226565, 47.260219989685602 ], [ -117.823482031029187, 47.275249720551578 ], [ -117.823440638264998, 47.290222112623248 ], [ -117.823363157867078, 47.303977668825205 ], [ -117.823222695902274, 47.318549517650453 ], [ -117.823162149712047, 47.333135471906374 ], [ -117.823143620320735, 47.347606742155826 ], [ -117.823149961198183, 47.348120378584092 ], [ -117.82315303244954, 47.348369325787885 ], [ -117.823238858640153, 47.355320743581451 ], [ -117.823241132009272, 47.355504714400546 ], [ -117.823322711309615, 47.362163407588625 ], [ -117.823398540685318, 47.3766864128471 ], [ -117.823157463408208, 47.391166006559921 ], [ -117.82299770081616, 47.405955983834929 ], [ -117.822849363325972, 47.420556204054172 ], [ -117.82261965937758, 47.435407120283998 ], [ -117.822327174780227, 47.442664226054653 ], [ -117.822029006509737, 47.44999285395415 ], [ -117.821906055684238, 47.464481938488525 ], [ -117.821817738724036, 47.479085891557176 ], [ -117.821883947118337, 47.493876043507569 ], [ -117.822179450014943, 47.508296137122727 ], [ -117.822267032427035, 47.521860492089353 ], [ -117.822206309642311, 47.536364582000878 ], [ -117.822131526053369, 47.550865535694697 ], [ -117.821864992893282, 47.565470984942799 ], [ -117.821903880497729, 47.579965741590705 ], [ -117.822027510637596, 47.594509328582397 ], [ -117.821771806288837, 47.614630299245391 ], [ -117.819452356312979, 47.614652786439969 ], [ -117.81955668393816, 47.629043831592419 ], [ -117.819592722166149, 47.643542887296086 ], [ -117.81972132513593, 47.658097803583061 ], [ -117.819775560817661, 47.661176796537916 ], [ -117.819970192706862, 47.672565547964467 ], [ -117.820179020679888, 47.687104259435934 ], [ -117.820101457387523, 47.701603019988539 ], [ -117.820117908027527, 47.708905929807166 ], [ -117.820133120357568, 47.716071293428229 ], [ -117.820156485125608, 47.730583478325407 ], [ -117.820221876962108, 47.745068732605269 ], [ -117.820243615848042, 47.759569302370764 ], [ -117.820294845113679, 47.774170182601821 ], [ -117.820428769845719, 47.788705319088756 ], [ -117.82045917511148, 47.792298822376289 ], [ -117.820491675981188, 47.795892007225028 ], [ -117.820552565841282, 47.803078626006375 ], [ -117.820743129130307, 47.817523573575542 ], [ -117.820934434726567, 47.825297377630555 ], [ -117.82093763869409, 47.825420970654704 ], [ -117.820943165072805, 47.825634376265945 ], [ -117.820946817843478, 47.825775468489468 ], [ -117.818020689255334, 47.821304718561727 ], [ -117.81407044490966, 47.81888570344173 ], [ -117.811624172502221, 47.817497747214937 ], [ -117.809061192436786, 47.813994894982962 ], [ -117.808736801331122, 47.813646347829788 ], [ -117.808331378602205, 47.813330903676828 ], [ -117.807837353147676, 47.812960826480676 ], [ -117.807093565587024, 47.812608257943552 ], [ -117.805999664228139, 47.812227896989882 ], [ -117.804970432631166, 47.81208286021905 ], [ -117.803932192721788, 47.811982965739801 ], [ -117.802384413577414, 47.811888107041753 ], [ -117.800245432516718, 47.811897989110314 ], [ -117.798862573085245, 47.811911046793973 ], [ -117.797677572331253, 47.81170060194534 ], [ -117.795980918397916, 47.811471118557513 ], [ -117.794920977070845, 47.811183073119707 ], [ -117.792351165717719, 47.811024988180066 ], [ -117.790459461023033, 47.811356140048076 ], [ -117.789671647414423, 47.812442944982934 ], [ -117.789358008106433, 47.813422329886308 ], [ -117.788900065005194, 47.814358906141962 ], [ -117.788336130301658, 47.815075962583698 ], [ -117.787662171967369, 47.815652338073008 ], [ -117.786780349211966, 47.816283087538501 ], [ -117.785847748034499, 47.817388706840966 ], [ -117.785620440930714, 47.817932304781614 ], [ -117.78484629506444, 47.820303229683212 ], [ -117.782734333247475, 47.824358674114492 ], [ -117.782497204264033, 47.82555687640378 ], [ -117.781162008778296, 47.826453324263596 ], [ -117.779041895600201, 47.827591639351695 ], [ -117.778138103548542, 47.828021121500861 ], [ -117.777536130877593, 47.828244027826756 ], [ -117.775865338261895, 47.828599491600691 ], [ -117.773414767079785, 47.828956843468333 ], [ -117.772034972152142, 47.829575892044737 ], [ -117.771330417215154, 47.830198422525264 ], [ -117.768911883269723, 47.831042256820638 ], [ -117.767832801484218, 47.831510406615472 ], [ -117.767112509872106, 47.83181991300588 ], [ -117.765456678886366, 47.831812973246549 ], [ -117.764321375252237, 47.831408688383995 ], [ -117.763568593211531, 47.831238850523832 ], [ -117.761166504677831, 47.830644282294827 ], [ -117.758469083569636, 47.829535306922985 ], [ -117.756858788566703, 47.828372806625879 ], [ -117.755929244932219, 47.827655902027495 ], [ -117.755102222378, 47.827206852705437 ], [ -117.754242531298871, 47.826831500344653 ], [ -117.753012273434862, 47.826822375421948 ], [ -117.751763649002996, 47.827168004243411 ], [ -117.750324096218279, 47.82780513000381 ], [ -117.747984991864783, 47.828835495676032 ], [ -117.746297909970352, 47.829723291612062 ], [ -117.743875334154296, 47.830100419718931 ], [ -117.742658993543401, 47.830502344699305 ], [ -117.74181564158944, 47.830977519635923 ], [ -117.740755186067048, 47.831711218359104 ], [ -117.739851761293849, 47.832480149299521 ], [ -117.73900440035284, 47.833383737556893 ], [ -117.737539720756814, 47.835279078300836 ], [ -117.736166100142142, 47.837456782594934 ], [ -117.734509112709517, 47.838495825631895 ], [ -117.732665605841433, 47.839386897162093 ], [ -117.729737073463767, 47.840462183999115 ], [ -117.727655352850419, 47.841596911729127 ], [ -117.720039813028535, 47.844849973074254 ], [ -117.715045579840165, 47.845894345420426 ], [ -117.712988420043175, 47.846936667224263 ], [ -117.712136513998686, 47.847448101664362 ], [ -117.711431907885967, 47.847869816035676 ], [ -117.70995328021985, 47.84894881431196 ], [ -117.70750644960259, 47.852405659541724 ], [ -117.703701970305616, 47.855057821134075 ], [ -117.699736354880727, 47.855199895101698 ], [ -117.697773668686665, 47.856277760428107 ], [ -117.697778255810135, 47.857856530438767 ], [ -117.69797104347235, 47.859203004188188 ], [ -117.698536815912036, 47.86033429795846 ], [ -117.700598001117754, 47.86165352340538 ], [ -117.70152390132121, 47.862445236700999 ], [ -117.70197311230838, 47.863935952618313 ], [ -117.701793598427599, 47.865115654933483 ], [ -117.701093997601035, 47.866169670585649 ], [ -117.700254649679536, 47.867604732984461 ], [ -117.699356513370461, 47.869063253957094 ], [ -117.698962520837, 47.870415422695572 ], [ -117.698716009936931, 47.871751379609343 ], [ -117.698285256070093, 47.872688270426508 ], [ -117.697521793544624, 47.874794759978002 ], [ -117.697530698329388, 47.874812780488156 ], [ -117.697796832430612, 47.875351336195592 ], [ -117.695340249530375, 47.879254990559282 ], [ -117.695200134398675, 47.879476171971362 ], [ -117.694913681552833, 47.879920497143758 ], [ -117.694673771656895, 47.880332640831398 ], [ -117.694579971117818, 47.880487407916384 ], [ -117.694395642585405, 47.881004797499209 ], [ -117.692775235116798, 47.882793598517026 ], [ -117.692207310409344, 47.883420500566572 ], [ -117.690800749739594, 47.884137346210643 ], [ -117.686389084026871, 47.88605756778918 ], [ -117.682817422786755, 47.887371890220791 ], [ -117.680743697903125, 47.888145626091266 ], [ -117.678233164484567, 47.888842924535638 ], [ -117.67658917333064, 47.889093665460919 ], [ -117.676554230288943, 47.889098991879358 ], [ -117.675207259812964, 47.889099484322777 ], [ -117.675109269639805, 47.889082293771231 ], [ -117.672754507920672, 47.8886691459508 ], [ -117.671375508336098, 47.887475191618371 ], [ -117.669812311206286, 47.885136301402852 ], [ -117.669084429344935, 47.884059598177174 ], [ -117.668038368692322, 47.883013063267079 ], [ -117.66739754045858, 47.882173976721283 ], [ -117.666510736733969, 47.880439445998789 ], [ -117.666087570735229, 47.879193811685262 ], [ -117.665936931509421, 47.87788887385215 ], [ -117.665950428641366, 47.876719683962961 ], [ -117.665984869948502, 47.875616885671526 ], [ -117.666021904445373, 47.874672069354276 ], [ -117.666025551253682, 47.874579012761373 ], [ -117.666586229754813, 47.872907022927301 ], [ -117.667460964039705, 47.870195096287077 ], [ -117.66722128360081, 47.865769397587925 ], [ -117.667582961008321, 47.863749680305894 ], [ -117.665848642818275, 47.8617646839079 ], [ -117.664991276405161, 47.860247339259438 ], [ -117.664195186629939, 47.858588448433245 ], [ -117.663918914689972, 47.856865489041375 ], [ -117.664421130203237, 47.854360448200303 ], [ -117.664442898392906, 47.852892605626515 ], [ -117.664246844543882, 47.850199028310612 ], [ -117.663709872095154, 47.848584165578885 ], [ -117.66278091014901, 47.846883524296977 ], [ -117.661927524280841, 47.845819450626216 ], [ -117.660886715978734, 47.843633892340982 ], [ -117.65803218169215, 47.841924647715871 ], [ -117.656781860151781, 47.840940803980288 ], [ -117.655956478130904, 47.838899349340522 ], [ -117.654141536505293, 47.837882689204193 ], [ -117.652731879764417, 47.836704224165324 ], [ -117.651931619666357, 47.83525451091333 ], [ -117.651110633490788, 47.834719650523191 ], [ -117.649526621727546, 47.834681101826433 ], [ -117.647872257952741, 47.834875171050825 ], [ -117.645799296053212, 47.835524742398512 ], [ -117.643303959527643, 47.835578311033387 ], [ -117.640788101747646, 47.83601273225382 ], [ -117.636464395360534, 47.835830800106628 ], [ -117.632508960748964, 47.835123762575876 ], [ -117.630065111347903, 47.834224801602872 ], [ -117.628732222635051, 47.83268557501993 ], [ -117.627197990362035, 47.831153178445845 ], [ -117.626784232662985, 47.830581706090975 ], [ -117.626191093305096, 47.830101454686265 ], [ -117.62517400044473, 47.829356317055264 ], [ -117.623742509912304, 47.828596486566482 ], [ -117.622551558237717, 47.828624434250209 ], [ -117.620019587130173, 47.828314266022367 ], [ -117.619142466417301, 47.827777785444631 ], [ -117.618149426108118, 47.82624678593583 ], [ -117.617678197374786, 47.823450901901303 ], [ -117.616421767373353, 47.819472371819302 ], [ -117.615013088424448, 47.817778526811892 ], [ -117.613112785444414, 47.81667132593504 ], [ -117.611312756089376, 47.81514373407957 ], [ -117.610039658027901, 47.813825039027456 ], [ -117.609206274474928, 47.812231132511911 ], [ -117.607601926032558, 47.810498976602055 ], [ -117.604537826443973, 47.807906525506148 ], [ -117.602153722591751, 47.8059302575518 ], [ -117.601162464257555, 47.804642270075163 ], [ -117.600118776675217, 47.803019230419309 ], [ -117.598551588868048, 47.802047446360788 ], [ -117.596475837484846, 47.800402010542371 ], [ -117.594882855955632, 47.799122865514853 ], [ -117.593015274281697, 47.798337486935345 ], [ -117.589625647515035, 47.796274613725892 ], [ -117.588320916114, 47.795550829486032 ], [ -117.586518996065877, 47.7948623263119 ], [ -117.58428402238134, 47.794329877699312 ], [ -117.582951831444632, 47.794007364624797 ], [ -117.581415787252638, 47.79373391130823 ], [ -117.578920526815367, 47.793433251154546 ], [ -117.575802433940183, 47.793522234748941 ], [ -117.573225981679514, 47.794053787093596 ], [ -117.571496071548239, 47.794630313495055 ], [ -117.57190801641859, 47.796142475827914 ], [ -117.570240575916543, 47.798150885683171 ], [ -117.567837433906263, 47.80066529602886 ], [ -117.56525398353638, 47.801315699813003 ], [ -117.563059346881644, 47.801332156285092 ], [ -117.561305242550205, 47.801215758740916 ], [ -117.559004667131134, 47.801321633449149 ], [ -117.557099614531808, 47.8015757858904 ], [ -117.555354932817295, 47.801710508748144 ], [ -117.553259359634325, 47.801728759118042 ], [ -117.551649165644506, 47.80154619345759 ], [ -117.551273140256924, 47.801467836772311 ], [ -117.545145539967123, 47.799332875566414 ], [ -117.540149227625577, 47.797826808095635 ], [ -117.539497045807792, 47.797748958367436 ], [ -117.538563389708088, 47.797612299610364 ], [ -117.537378438671269, 47.797129650317032 ], [ -117.536483283739528, 47.796175052889843 ], [ -117.536093981203734, 47.795627686882142 ], [ -117.535871773906408, 47.795584373013824 ], [ -117.535261920945644, 47.795465492149283 ], [ -117.533814381777916, 47.795183302900128 ], [ -117.533823689544676, 47.795385647336666 ], [ -117.533827717487597, 47.795473242739014 ], [ -117.534109669244941, 47.801602004444064 ], [ -117.534110768511155, 47.801744983949682 ], [ -117.534198868724388, 47.81633753142728 ], [ -117.534689249415209, 47.830543139890949 ], [ -117.534515363567735, 47.838033742094694 ], [ -117.534551464525279, 47.845363390724437 ], [ -117.534551765296698, 47.845377331923551 ], [ -117.534745549786308, 47.859882205238108 ], [ -117.534790539338999, 47.873958130683285 ], [ -117.535039014586914, 47.888373630127191 ], [ -117.535039021129592, 47.888374096562529 ], [ -117.535261954212928, 47.902870955172318 ], [ -117.535718029630289, 47.917336724630992 ], [ -117.535718215182698, 47.917348725963379 ], [ -117.535785096360371, 47.924543808896686 ], [ -117.536077519706225, 47.931650134040986 ], [ -117.53607871071047, 47.931679036462022 ], [ -117.536078487265868, 47.931688575388598 ], [ -117.536011064810339, 47.946323075494647 ], [ -117.536011063982656, 47.946323163239164 ], [ -117.53601140789911, 47.94634721965113 ], [ -117.536817965691213, 47.960541603431601 ], [ -117.536588953844728, 47.975113384864976 ], [ -117.536566230621645, 47.989631222930413 ], [ -117.536978274417095, 48.004182018522442 ], [ -117.536978268700466, 48.004187009860182 ], [ -117.536965899211694, 48.018733725700798 ], [ -117.536885954145077, 48.03316842422992 ], [ -117.537066543833376, 48.047920282424769 ], [ -117.523326291363986, 48.047734628671208 ], [ -117.501843224514033, 48.047544812360698 ], [ -117.480203402135317, 48.047468220605396 ], [ -117.469418264254003, 48.047399515666598 ], [ -117.458618296889028, 48.047334763705415 ], [ -117.453210328925863, 48.047304356619598 ], [ -117.447802363122307, 48.047273700806642 ], [ -117.436991563154749, 48.047211644866813 ], [ -117.41496034465915, 48.046984150774676 ], [ -117.398700724351457, 48.046920066152538 ], [ -117.398261878199918, 48.046918302827159 ], [ -117.395197928694557, 48.046905970659864 ], [ -117.394678097672568, 48.046903868222962 ], [ -117.393055714942534, 48.046897294963713 ], [ -117.371327129867353, 48.046804899447636 ], [ -117.349791009778698, 48.046637506572189 ], [ -117.328163087651888, 48.046498688386819 ], [ -117.306548649659305, 48.046338401089912 ], [ -117.295192342417835, 48.046357204682039 ], [ -117.284268752088025, 48.046322593677857 ], [ -117.262757247141707, 48.04614612548049 ], [ -117.241035502622552, 48.046055289876413 ], [ -117.236627710298706, 48.046017169100551 ], [ -117.236581605701915, 48.0460167697766 ], [ -117.236242454856992, 48.046013828142932 ], [ -117.236186067936671, 48.046013340698487 ], [ -117.219020684716909, 48.04586325651632 ], [ -117.197378129064944, 48.045959803228989 ], [ -117.186745692716556, 48.045807558095213 ], [ -117.175909399956453, 48.045706949029075 ], [ -117.166567503430969, 48.045766732545395 ], [ -117.155768242675279, 48.04573188739878 ], [ -117.15413489603543, 48.045716465811481 ], [ -117.145197021861691, 48.045708107426591 ], [ -117.139902612247241, 48.045702836158817 ], [ -117.134608117787963, 48.045697326877722 ], [ -117.132755357051323, 48.045754708344795 ], [ -117.123884291872074, 48.045659655699005 ], [ -117.113158774266097, 48.045543838292822 ], [ -117.110976636639194, 48.045505308925229 ], [ -117.092007227632195, 48.045529237595012 ], [ -117.089714506403269, 48.045543445841034 ], [ -117.081070243423582, 48.045505530685574 ], [ -117.078848945262934, 48.045500589165556 ], [ -117.075601754340681, 48.045493338390543 ], [ -117.070133311837722, 48.045480780685061 ], [ -117.068003477221481, 48.045482667242744 ], [ -117.062530610533699, 48.045468447282879 ], [ -117.059337786473378, 48.045465985591619 ], [ -117.057057751076599, 48.045453970071854 ], [ -117.053987104712519, 48.045444563932918 ], [ -117.051596516879641, 48.045417982036199 ], [ -117.048562029409766, 48.045399471261788 ], [ -117.04613529440276, 48.045381737830311 ], [ -117.041901320558466, 48.045381946506325 ], [ -117.041900253099641, 48.042902608363228 ], [ -117.041927451889293, 48.038297075652643 ], [ -117.041941786531339, 48.03607136249385 ], [ -117.041967336113075, 48.035644800101664 ], [ -117.041951574144619, 48.034676846136897 ], [ -117.042090725762336, 48.031056577909752 ], [ -117.042044024746517, 48.021521289686106 ], [ -117.042024653914623, 48.021148601228859 ], [ -117.042083201441713, 48.016601631282633 ], [ -117.041993073248236, 48.006551455740897 ], [ -117.042002822997532, 48.001913004606095 ], [ -117.042041271031167, 47.991938315720731 ], [ -117.042016078188198, 47.987589118020757 ], [ -117.042087097039186, 47.977360941670206 ], [ -117.042097212901183, 47.976724636093806 ], [ -117.042047056762499, 47.973103951402379 ], [ -117.042072719549068, 47.962541678753503 ], [ -117.042066864329215, 47.958621972943085 ], [ -117.042218167763281, 47.948009945148769 ], [ -117.042188124800631, 47.946021023456979 ], [ -117.042085639713378, 47.933713506845784 ], [ -117.04214009430936, 47.931655401542471 ], [ -117.042043438100379, 47.919258433830379 ], [ -117.042065449199583, 47.917288899830993 ], [ -117.042129597090053, 47.904878627667557 ], [ -117.042176982769234, 47.902927740537997 ], [ -117.042304709302513, 47.890358036255932 ], [ -117.042289622048983, 47.888548581058707 ], [ -117.042217529306527, 47.875775868096348 ], [ -117.042303820159788, 47.874453010814442 ], [ -117.042207776225226, 47.861231692714341 ], [ -117.042226993948418, 47.858079888406685 ], [ -117.042137913582479, 47.846793083402012 ], [ -117.042145441383411, 47.843820008716776 ], [ -117.042119990097191, 47.832373810615344 ], [ -117.042117973702418, 47.82995566757473 ], [ -117.041942836757642, 47.817949686565086 ], [ -117.042056094049599, 47.815803635711724 ], [ -117.042148412732729, 47.804222593612685 ], [ -117.042153702593552, 47.801462532621059 ], [ -117.042176103098569, 47.789773583906559 ], [ -117.042159764996001, 47.786995983061885 ] ] ] } },
{ "type": "Feature", "properties": { "DISTRICT": "Jefferson County", "region": "Olympic", "OFFICE": "County Proposition 1", "JURISDICTION": "County", "RACE": "Jefferson County County Proposition 1", "Name_1": "Approved", "Party_1": "Yes_1", "Votes_1": "5,274", "Name_2": "Rejected", "Party_2": "No_1", "Votes_2": "3,225", "Name_3": null, "Party_3": null, "Votes_3": "0", "Name_4": null, "Party_4": null, "Votes_4": "0", "Name_5": null, "Party_5": null, "Votes_5": "0", "Name_6": null, "Party_6": null, "Votes_6": "0", "Name_7": null, "Party_7": null, "Votes_7": "0", "Votes_total": "8,499", "Pct_1": 62.05, "Pct_2": 37.95, "Pct_3": 0.0, "Pct_4": 0.0, "Pct_5": 0.0, "Pct_6": 0.0, "Pct_7": 0.0, "Margin": 24.1 }, "geometry": { "type": "Polygon", "coordinates": [ [ [ -122.650627076938548, 48.11729375286324 ], [ -122.649098259527108, 48.113381685661686 ], [ -122.648718715144255, 48.112732523952161 ], [ -122.645697223400958, 48.107742603231628 ], [ -122.644653830863177, 48.104957494977405 ], [ -122.642611255188115, 48.096686318326611 ], [ -122.642310832272472, 48.093039486540668 ], [ -122.642294834521365, 48.08558502819254 ], [ -122.642128653996409, 48.081917030714159 ], [ -122.641887657584576, 48.073401833369417 ], [ -122.641871058792219, 48.069663424071976 ], [ -122.641462835824711, 48.060955020863176 ], [ -122.640421895389267, 48.048409637452856 ], [ -122.639332197928169, 48.041995450780618 ], [ -122.63672521519112, 48.025167408105858 ], [ -122.635803930711944, 48.019661666541225 ], [ -122.635035643645566, 48.01576560933124 ], [ -122.634295410214193, 48.012510571248448 ], [ -122.633283075245345, 48.008838937457647 ], [ -122.630273411469702, 48.000433939384372 ], [ -122.628612855789044, 47.997263191267173 ], [ -122.626586983667494, 47.993737845285594 ], [ -122.621506900142805, 47.986740241833559 ], [ -122.617515668964032, 47.982172771463425 ], [ -122.616395671244518, 47.98104834113127 ], [ -122.615868680797306, 47.980737390260039 ], [ -122.614945572258065, 47.979889048884523 ], [ -122.614088818981244, 47.979066566196771 ], [ -122.613441330378791, 47.978498028314782 ], [ -122.612438072509775, 47.977608942947533 ], [ -122.611183643694929, 47.976565018900295 ], [ -122.609881786065102, 47.975405385549074 ], [ -122.609202036836379, 47.974792523159387 ], [ -122.607931474840754, 47.973775914966218 ], [ -122.606895771707514, 47.972811640519438 ], [ -122.607207385268026, 47.972690902123269 ], [ -122.607569355209264, 47.972500711933712 ], [ -122.608102122704821, 47.972267319316146 ], [ -122.608790834255856, 47.971952358451695 ], [ -122.609751078484024, 47.971485501406349 ], [ -122.610636083384662, 47.971127574449611 ], [ -122.611497709642606, 47.970747798499474 ], [ -122.612604367981191, 47.97029232432034 ], [ -122.613571374013802, 47.969918505189447 ], [ -122.61399722204618, 47.969745324443522 ], [ -122.614530277754383, 47.969495473420736 ], [ -122.615211787759321, 47.969180599985251 ], [ -122.616080518019317, 47.96869921857148 ], [ -122.61794075941998, 47.967716794517017 ], [ -122.620533469109404, 47.966347426594226 ], [ -122.623341115608923, 47.964612958502535 ], [ -122.625138695890755, 47.963145870407303 ], [ -122.626913050563147, 47.96186525194814 ], [ -122.626919082505637, 47.961857493321268 ], [ -122.629178888352541, 47.958951258972192 ], [ -122.631049364406337, 47.957098218544829 ], [ -122.632231824293228, 47.954810415651608 ], [ -122.633017744359208, 47.954055873121412 ], [ -122.634383888442699, 47.951544680066412 ], [ -122.635329212710033, 47.949581928000249 ], [ -122.636528328581079, 47.946578497574002 ], [ -122.637034981752407, 47.944671687917705 ], [ -122.637773192520015, 47.941121803714651 ], [ -122.637768082690414, 47.940364159562513 ], [ -122.637753231703769, 47.938428424594875 ], [ -122.636804657160397, 47.933602114000188 ], [ -122.636404651108506, 47.931961793723595 ], [ -122.636400246887163, 47.93194372618688 ], [ -122.634891003648718, 47.925753824493256 ], [ -122.63408243045761, 47.922441448383779 ], [ -122.631542660045881, 47.916042851828337 ], [ -122.628929967256653, 47.912152465886969 ], [ -122.628267174141428, 47.911211750201829 ], [ -122.624441716633712, 47.906711636405426 ], [ -122.619358325126356, 47.903648902979874 ], [ -122.618121012401772, 47.90309294702309 ], [ -122.617846849650874, 47.902969755295466 ], [ -122.615700206574871, 47.902005146170701 ], [ -122.614647943295992, 47.901669441720905 ], [ -122.610187543202088, 47.900246278285351 ], [ -122.607500733983642, 47.899057928571189 ], [ -122.60585554392371, 47.898330213688091 ], [ -122.604739236006893, 47.897659684053117 ], [ -122.603623268381185, 47.896945620283759 ], [ -122.602866079342334, 47.896461238089948 ], [ -122.602038042779427, 47.895808267429892 ], [ -122.600749061377414, 47.894791763632391 ], [ -122.5994734180412, 47.893619904139371 ], [ -122.598432071051235, 47.892469528625924 ], [ -122.597522368612857, 47.891269849472167 ], [ -122.596500804677262, 47.889174911822252 ], [ -122.596286296292362, 47.888622508743303 ], [ -122.596151370093168, 47.888275049009522 ], [ -122.595723548485935, 47.887173287478014 ], [ -122.595537541282283, 47.886514825000525 ], [ -122.595359151319926, 47.885121424045863 ], [ -122.59538921965337, 47.882865454183253 ], [ -122.595450793119554, 47.882463724140315 ], [ -122.595702173438838, 47.880806276103513 ], [ -122.59634226291459, 47.878774173489646 ], [ -122.59751704274224, 47.876762629874506 ], [ -122.599011945979115, 47.874964683711063 ], [ -122.599770086928601, 47.874238930723259 ], [ -122.600839804793296, 47.873214870940792 ], [ -122.600845928731061, 47.873210418127947 ], [ -122.601604869812689, 47.872658691043057 ], [ -122.602462899577858, 47.872034913636121 ], [ -122.604046519507449, 47.870990648097873 ], [ -122.605857125866137, 47.870020094335722 ], [ -122.607316762900979, 47.869294361746661 ], [ -122.609828782089764, 47.868159971758047 ], [ -122.61165877584871, 47.867271914864922 ], [ -122.613544668181532, 47.86635677221085 ], [ -122.614915435805045, 47.865585358076586 ], [ -122.615236808666964, 47.865404499089529 ], [ -122.619414017133195, 47.863053469459906 ], [ -122.621104006102385, 47.861996995457183 ], [ -122.623430960961556, 47.860542220075452 ], [ -122.624325969237404, 47.859926042262934 ], [ -122.629200915742089, 47.856569477515372 ], [ -122.63431835887809, 47.853031223381294 ], [ -122.636406954013836, 47.851566549640829 ], [ -122.644919567948477, 47.845595662788831 ], [ -122.649804244392286, 47.842168578995256 ], [ -122.65050664642132, 47.84167151234918 ], [ -122.655224613479021, 47.838332439708914 ], [ -122.657894036886518, 47.836455967928529 ], [ -122.664061137092148, 47.832120064557117 ], [ -122.665282909675454, 47.831260946465143 ], [ -122.670931932415428, 47.827288179114177 ], [ -122.675717926381196, 47.823917960350578 ], [ -122.679368638078145, 47.821342522654923 ], [ -122.68563282855709, 47.816922526882486 ], [ -122.693592156850556, 47.811304881792665 ], [ -122.696288633114904, 47.809400801554368 ], [ -122.700012382168879, 47.806763987527368 ], [ -122.700831006301954, 47.806184258162851 ], [ -122.70591959156009, 47.802580249662789 ], [ -122.708141654798894, 47.801006243602046 ], [ -122.709848445975908, 47.799720578785966 ], [ -122.710947498600504, 47.798892658380318 ], [ -122.711811024994134, 47.798163537239326 ], [ -122.714081945712522, 47.79624595331402 ], [ -122.714088758147483, 47.796239218835744 ], [ -122.715393271061856, 47.794949511190921 ], [ -122.716299044903451, 47.794053203801383 ], [ -122.716961090484915, 47.793327471645263 ], [ -122.716969900206564, 47.79331781175248 ], [ -122.718338147054382, 47.791817875814722 ], [ -122.721096553671273, 47.788444257191507 ], [ -122.721258337436808, 47.788222541940542 ], [ -122.72222352078839, 47.78689978321178 ], [ -122.722303413631622, 47.786790294103547 ], [ -122.723456619200846, 47.785209747958213 ], [ -122.725645633346346, 47.781954440829786 ], [ -122.726385685711435, 47.78073008749687 ], [ -122.728126304976257, 47.777461671465623 ], [ -122.730035259318896, 47.77384745978727 ], [ -122.73398050680224, 47.766376263150569 ], [ -122.735622383725953, 47.763514040920761 ], [ -122.736039042842108, 47.762783859133727 ], [ -122.737140054173636, 47.759465403613 ], [ -122.738193757056806, 47.756289128482344 ], [ -122.739014265491249, 47.754792696791981 ], [ -122.740141472351709, 47.752083841227162 ], [ -122.74137050227128, 47.749743535315353 ], [ -122.742148047664926, 47.748608817676335 ], [ -122.743112248118067, 47.747683001767584 ], [ -122.743861252075547, 47.746729391151959 ], [ -122.745026984532203, 47.745245140826768 ], [ -122.745165090489422, 47.745089830306483 ], [ -122.746491219597161, 47.743598456807163 ], [ -122.747537193164817, 47.742638477937035 ], [ -122.747541952134284, 47.742634591296493 ], [ -122.750943230779427, 47.739856475931823 ], [ -122.750953311706525, 47.739846659555944 ], [ -122.751931943797842, 47.738893771255952 ], [ -122.753072968296678, 47.737665914926282 ], [ -122.754792269775066, 47.735693250493426 ], [ -122.754814074306765, 47.73566823255856 ], [ -122.756328926450621, 47.733929992511385 ], [ -122.757051522062056, 47.733027341362707 ], [ -122.758800101836542, 47.730842907247435 ], [ -122.758886077577571, 47.730723320592773 ], [ -122.760045373869573, 47.729110778916848 ], [ -122.76134118638916, 47.726921108022069 ], [ -122.763301299665471, 47.723203131286667 ], [ -122.764383924388881, 47.720384567507772 ], [ -122.764945571815957, 47.718922222511608 ], [ -122.765281966656786, 47.7175898417428 ], [ -122.765337471498739, 47.717307038835983 ], [ -122.76552709224417, 47.7163408723845 ], [ -122.765749342121822, 47.715208434117358 ], [ -122.765849465285939, 47.71438862588893 ], [ -122.765867418071863, 47.713141253163116 ], [ -122.765805580872481, 47.711351940307679 ], [ -122.765804919639265, 47.711332782246664 ], [ -122.76576737182603, 47.710246391258174 ], [ -122.765557973589708, 47.708526606401534 ], [ -122.765381275541657, 47.707689246583215 ], [ -122.765355619826977, 47.707567651831269 ], [ -122.764990165053007, 47.706499098376206 ], [ -122.764217690425497, 47.704625361414259 ], [ -122.763362859345179, 47.702820755490727 ], [ -122.763185441746288, 47.702554730064087 ], [ -122.763026587586438, 47.702316529422447 ], [ -122.762702112100584, 47.701938858325654 ], [ -122.762007216234707, 47.701130019183893 ], [ -122.760761359481023, 47.699511542144158 ], [ -122.759291321477107, 47.697897026333294 ], [ -122.758791029580436, 47.697211216097372 ], [ -122.75795806067309, 47.695674502204923 ], [ -122.757751749047046, 47.695048817634913 ], [ -122.757650445261774, 47.694504713772538 ], [ -122.757587881192819, 47.693892344220878 ], [ -122.757559740803615, 47.692918380798147 ], [ -122.757590147422718, 47.692486523437985 ], [ -122.757623090658697, 47.692018715489439 ], [ -122.758049800846365, 47.689944541497333 ], [ -122.758351086280726, 47.689077293833172 ], [ -122.758707515540706, 47.688289545581547 ], [ -122.759150157477038, 47.687535193136071 ], [ -122.759754638212812, 47.686505006402321 ], [ -122.760953328380211, 47.684992075075826 ], [ -122.763061047391304, 47.682822239801183 ], [ -122.763078829656706, 47.682806659174013 ], [ -122.764087358400573, 47.681923055121601 ], [ -122.765208318631863, 47.680940902548151 ], [ -122.765502189112922, 47.680714023819284 ], [ -122.766278602919186, 47.680114593832016 ], [ -122.767406534257361, 47.679330702152164 ], [ -122.769469961067983, 47.678060376198182 ], [ -122.772433582787841, 47.676503065359128 ], [ -122.773172272162299, 47.676170268902069 ], [ -122.775136456381759, 47.675285314731426 ], [ -122.777794688949513, 47.674307277453877 ], [ -122.780302114328677, 47.673554961467637 ], [ -122.781760903368678, 47.673184095881602 ], [ -122.782698870635116, 47.672945625528321 ], [ -122.785409730654607, 47.672373630263174 ], [ -122.786854958952404, 47.672120398468664 ], [ -122.788155990060574, 47.671892417736998 ], [ -122.790935507555645, 47.671500604536575 ], [ -122.793761260457799, 47.671193861299095 ], [ -122.796182828965868, 47.671021834012571 ], [ -122.798976205885637, 47.670924183349655 ], [ -122.799211088161641, 47.670915970771155 ], [ -122.803214595791843, 47.670895159532797 ], [ -122.80325090438113, 47.670894969729737 ], [ -122.808173543734043, 47.670945972140736 ], [ -122.808523170896194, 47.670949586842639 ], [ -122.81186698104824, 47.670911553955655 ], [ -122.815889394535191, 47.670770126718956 ], [ -122.820540547288644, 47.670477274885606 ], [ -122.82675826926932, 47.669915455066977 ], [ -122.82949171207288, 47.669604766740804 ], [ -122.831560628233319, 47.669369566512295 ], [ -122.83665966994711, 47.66862456070907 ], [ -122.841760342903569, 47.66773499329998 ], [ -122.846574681086224, 47.666753244916038 ], [ -122.850695819607964, 47.665730081642614 ], [ -122.850816095609673, 47.665694197048857 ], [ -122.853288227300368, 47.664956599716753 ], [ -122.856156917745551, 47.663983488578118 ], [ -122.85758819369687, 47.663417438449294 ], [ -122.860214635280116, 47.662248565421308 ], [ -122.86311795101679, 47.660757964153689 ], [ -122.864212332107272, 47.660150300613779 ], [ -122.866513638343534, 47.658917685297759 ], [ -122.867138404159874, 47.658583030617919 ], [ -122.869687382658839, 47.657119680350881 ], [ -122.872152401316285, 47.655595414459711 ], [ -122.876269097230974, 47.653049506655982 ], [ -122.879810405668508, 47.650235307811244 ], [ -122.884142946667524, 47.646882716256975 ], [ -122.887424544614532, 47.644543742459902 ], [ -122.892041166806422, 47.641252715797911 ], [ -122.893490982024119, 47.640332149159377 ], [ -122.894229805274122, 47.639863006920201 ], [ -122.898465051159306, 47.637699313927556 ], [ -122.899705330206601, 47.637151043508709 ], [ -122.900872228743054, 47.636709165989956 ], [ -122.903235630885007, 47.635919020566284 ], [ -122.904792861348483, 47.635450551950356 ], [ -122.906283136674915, 47.635094839522417 ], [ -122.910258973350452, 47.634188347907525 ], [ -122.913331114034335, 47.633397393357157 ], [ -122.914804221399081, 47.632994271101545 ], [ -122.917885722305442, 47.632150930659144 ], [ -122.920173619343032, 47.631428501503144 ], [ -122.922460192986108, 47.630610428010534 ], [ -122.923502128421887, 47.630177034958457 ], [ -122.92536186426446, 47.629403438262969 ], [ -122.927140303633124, 47.6285889741049 ], [ -122.929826695682863, 47.627358565405949 ], [ -122.931864892106333, 47.626282874689977 ], [ -122.933566064403678, 47.625225148421848 ], [ -122.933582621730437, 47.625209192555495 ], [ -122.936115033966914, 47.622768899455011 ], [ -122.9368852350228, 47.622026657644476 ], [ -122.93782655530697, 47.620923358622505 ], [ -122.93846133107634, 47.619991012154514 ], [ -122.939417399245713, 47.618236367046222 ], [ -122.940669904567926, 47.615790789321096 ], [ -122.941559101257553, 47.614054457459815 ], [ -122.942564201703576, 47.612533594480048 ], [ -122.943476733678992, 47.61142777012855 ], [ -122.944712431972846, 47.610205432802843 ], [ -122.944721840943899, 47.610197912927035 ], [ -122.946284089869522, 47.608948963526039 ], [ -122.948135358102121, 47.607710625065209 ], [ -122.950620726073737, 47.606308389573798 ], [ -122.95742251630557, 47.606392650858169 ], [ -122.978709970495004, 47.606653796657156 ], [ -122.986057204234115, 47.606852721401182 ], [ -122.986643928894367, 47.606861643080258 ], [ -122.986868535597353, 47.60686505848394 ], [ -122.986915090015799, 47.606865192716853 ], [ -122.990887691424419, 47.606876609900475 ], [ -122.993005173094261, 47.606882640261453 ], [ -122.996267482087362, 47.606827132207698 ], [ -122.998195324265566, 47.606851900020061 ], [ -123.001445380609667, 47.606865798954956 ], [ -123.003607719410681, 47.606915669848981 ], [ -123.00890949099329, 47.60693231448883 ], [ -123.012114580191508, 47.606941790833964 ], [ -123.014211265473108, 47.606948709908245 ], [ -123.01896021477377, 47.606951193028202 ], [ -123.024849552934214, 47.606954003509841 ], [ -123.035440209695025, 47.606957119118455 ], [ -123.041010405176976, 47.606969758581364 ], [ -123.046116625873964, 47.606981105195793 ], [ -123.051676097407295, 47.606998447528426 ], [ -123.056775556717369, 47.607014113445643 ], [ -123.062342498258062, 47.607052826638665 ], [ -123.067409083356836, 47.607087822946703 ], [ -123.077019191821435, 47.606968780653013 ], [ -123.083295043778833, 47.606922628197239 ], [ -123.098420533790957, 47.607357192076378 ], [ -123.09894357389129, 47.607372659784239 ], [ -123.105150156270781, 47.607389520042283 ], [ -123.120706720730141, 47.607389815257889 ], [ -123.124120413837645, 47.607398442774361 ], [ -123.126279403284045, 47.60739557968062 ], [ -123.142112920326298, 47.607401783906816 ], [ -123.145521171571431, 47.607406288005066 ], [ -123.145838824853968, 47.607406457895493 ], [ -123.163519358406091, 47.607415249308879 ], [ -123.166921933734628, 47.607419120626936 ], [ -123.167239591261165, 47.60741931442265 ], [ -123.184917930623172, 47.607430288332914 ], [ -123.188322673794403, 47.607430632918415 ], [ -123.188640328692557, 47.607430713635829 ], [ -123.206324415744547, 47.607435680183272 ], [ -123.206472794293774, 47.607435195383502 ], [ -123.206579900962907, 47.607435835831154 ], [ -123.209679636240097, 47.607440964124734 ], [ -123.209723444777723, 47.607441070518341 ], [ -123.231080477543202, 47.607493068207567 ], [ -123.231124330725947, 47.607493165519074 ], [ -123.249241455793396, 47.607458080843934 ], [ -123.249320942808765, 47.607457907039297 ], [ -123.255340804853731, 47.607458314902168 ], [ -123.25647634531532, 47.607458353345649 ], [ -123.270701164843018, 47.607457942755623 ], [ -123.270721727376028, 47.607457920380256 ], [ -123.292122473900903, 47.607457957716953 ], [ -123.31352326211389, 47.60745796232505 ], [ -123.334924055955895, 47.607457989955364 ], [ -123.356324813586909, 47.607457986808164 ], [ -123.367025231780019, 47.607458006696675 ], [ -123.377009604295097, 47.606908056014099 ], [ -123.377009605583709, 47.604614608738828 ], [ -123.398409232787628, 47.604614618759243 ], [ -123.419808871909694, 47.604614652011236 ], [ -123.441208481026734, 47.604614654722987 ], [ -123.462608105224973, 47.604614680667446 ], [ -123.484007702538193, 47.604614676087046 ], [ -123.505916734319101, 47.604614700154357 ], [ -123.50591672720455, 47.59256452714807 ], [ -123.505916745011945, 47.590080429544805 ], [ -123.505916723246315, 47.578091788716023 ], [ -123.505916739659909, 47.575607649150193 ], [ -123.505916761305059, 47.563618976175739 ], [ -123.505916738785487, 47.561134847898941 ], [ -123.505916763510356, 47.549146147338348 ], [ -123.505916745042711, 47.546662001969359 ], [ -123.505916768798912, 47.53467327470274 ], [ -123.505916747833425, 47.532189140004441 ], [ -123.505916777168338, 47.520200359204765 ], [ -123.505916756323828, 47.517773771434236 ], [ -123.505916756208109, 47.517716207839946 ], [ -123.50617452482993, 47.517716213231651 ], [ -123.508587177467689, 47.517716225443188 ], [ -123.527281027801592, 47.517716256332129 ], [ -123.548645236853787, 47.51771628195813 ], [ -123.550093203287631, 47.517716392251174 ], [ -123.570009465776138, 47.517716282618615 ], [ -123.591373719277286, 47.517716313087092 ], [ -123.612737956928783, 47.517716347038998 ], [ -123.632639947289434, 47.517716358658149 ], [ -123.653625232832937, 47.517716429440199 ], [ -123.654004174165294, 47.517716393110035 ], [ -123.675368442357311, 47.51771642962732 ], [ -123.696732654756076, 47.517716443461495 ], [ -123.696990286981546, 47.517716466373955 ], [ -123.718096899460932, 47.517716459685488 ], [ -123.728335961372949, 47.51775844424283 ], [ -123.739018686918101, 47.517824960967232 ], [ -123.739461238695156, 47.517780239396046 ], [ -123.754270246493604, 47.517759005509276 ], [ -123.754527914137668, 47.517758815068511 ], [ -123.772314485434009, 47.517744358063254 ], [ -123.772411537488551, 47.517744271057637 ], [ -123.773381649489053, 47.517743405300145 ], [ -123.773474716351529, 47.517743319762083 ], [ -123.775683874442407, 47.517741312613815 ], [ -123.77743699448456, 47.517739663079851 ], [ -123.777723853580639, 47.517739392065543 ], [ -123.779146440253641, 47.517738029836117 ], [ -123.779331820569027, 47.517737848750897 ], [ -123.779572231214772, 47.517737617278691 ], [ -123.779669684021258, 47.517737521159155 ], [ -123.779792813122953, 47.517737398182241 ], [ -123.779889771823321, 47.517737302086218 ], [ -123.79680889139776, 47.517719297645641 ], [ -123.81790439208936, 47.517837982695262 ], [ -123.818161737951897, 47.517838859642147 ], [ -123.838975908809076, 47.517907934363031 ], [ -123.860236565915784, 47.517808783754482 ], [ -123.861427529078881, 47.517811428069734 ], [ -123.882076695392726, 47.517855241420087 ], [ -123.903208511876812, 47.517889181180941 ], [ -123.903284900646355, 47.517889144903883 ], [ -123.924201999654485, 47.517877755669545 ], [ -123.924644737662348, 47.517879979765048 ], [ -123.94530548400779, 47.51798237681173 ], [ -123.946017745574153, 47.517982002323272 ], [ -123.956478808550344, 47.517975896835516 ], [ -123.966652768930871, 47.517968926316712 ], [ -123.967377985332902, 47.517971437756174 ], [ -123.987405226093969, 47.518038677681112 ], [ -123.988750526052897, 47.518043708621192 ], [ -124.008102704235085, 47.518114237473988 ], [ -124.030187067335774, 47.518164329958012 ], [ -124.030606663914625, 47.518165264584617 ], [ -124.04311035737372, 47.51844419342126 ], [ -124.046740328892923, 47.51852495083633 ], [ -124.046726114679146, 47.519225135956901 ], [ -124.046626441347414, 47.525788325296048 ], [ -124.046526984970129, 47.532190457509735 ], [ -124.046503968589263, 47.533670040269293 ], [ -124.060796630928422, 47.533706494719247 ], [ -124.067924207528478, 47.533724049368232 ], [ -124.089411936085895, 47.533647892557511 ], [ -124.100217507803038, 47.533674679785555 ], [ -124.111345397572322, 47.533897627273006 ], [ -124.12163580390559, 47.533569998070099 ], [ -124.132428649234313, 47.533541366204012 ], [ -124.154108984646314, 47.533782716739921 ], [ -124.154293614430173, 47.533816025840473 ], [ -124.174753304899625, 47.533639762018986 ], [ -124.179130655103862, 47.533609539935775 ], [ -124.18311728049126, 47.533656668979852 ], [ -124.193718360471578, 47.533617777437506 ], [ -124.196059368433595, 47.533600758564788 ], [ -124.204234124133336, 47.533648586253712 ], [ -124.214708381982248, 47.533634461152339 ], [ -124.21719093989158, 47.533612471838239 ], [ -124.225547190829928, 47.533689727248678 ], [ -124.23862831006889, 47.533646919316851 ], [ -124.246832862726478, 47.533639343261697 ], [ -124.260162843530111, 47.533547983059947 ], [ -124.267516386428042, 47.533597262034668 ], [ -124.270650172849059, 47.533615156122373 ], [ -124.281460216391707, 47.53367433105597 ], [ -124.28890191543077, 47.533579783938436 ], [ -124.30183435579336, 47.533237565607116 ], [ -124.310324344233933, 47.533677545778787 ], [ -124.315300643237208, 47.533646414384265 ], [ -124.315916328559069, 47.533642547483801 ], [ -124.316080186529661, 47.533641519274042 ], [ -124.317215120173529, 47.533634381966529 ], [ -124.317425258378819, 47.533633063418925 ], [ -124.317591295597722, 47.533632019233501 ], [ -124.322848167481567, 47.533598867372227 ], [ -124.324069894553688, 47.533596988177514 ], [ -124.324820469082226, 47.533595835250722 ], [ -124.325125281053474, 47.533595365384564 ], [ -124.32711382881503, 47.533592287392558 ], [ -124.327173813080634, 47.533592194807696 ], [ -124.327855948918668, 47.533591107490267 ], [ -124.331656470636375, 47.533584995148402 ], [ -124.334040977974198, 47.533621380451066 ], [ -124.340277184186604, 47.533554854942984 ], [ -124.342289751388051, 47.53353318998014 ], [ -124.34461013292966, 47.533508347846428 ], [ -124.345304794269083, 47.533510592415958 ], [ -124.346814236010871, 47.533515435143329 ], [ -124.348617545535021, 47.533520997310021 ], [ -124.352472478338782, 47.533533232128825 ], [ -124.353178813951473, 47.53353540009563 ], [ -124.353454077145258, 47.533536202190767 ], [ -124.353579939311189, 47.53353656867462 ], [ -124.353693085529699, 47.533536897749393 ], [ -124.354440204671562, 47.533539244537593 ], [ -124.354453170081456, 47.53353914447019 ], [ -124.43096782516669, 47.532935327215483 ], [ -124.430968246421699, 47.532935323964708 ], [ -124.431150418391979, 47.533627023316107 ], [ -124.431506676036435, 47.53489043887614 ], [ -124.433787712143015, 47.542979063300486 ], [ -124.434211599382351, 47.544576910104141 ], [ -124.434394583176854, 47.545440091448448 ], [ -124.434555435078707, 47.546305420265192 ], [ -124.43557146126642, 47.551945414188005 ], [ -124.436837377214474, 47.556700003891208 ], [ -124.438742064595644, 47.563457528135729 ], [ -124.439044390646316, 47.564730098549752 ], [ -124.439278654729563, 47.565616264140232 ], [ -124.440015910413251, 47.569039338228968 ], [ -124.441552610697585, 47.57042004773205 ], [ -124.442304338377227, 47.571128455797989 ], [ -124.443037706822238, 47.571845550513828 ], [ -124.443752458734735, 47.572571148787624 ], [ -124.444448354999267, 47.573305313931691 ], [ -124.445125298006701, 47.574047281046951 ], [ -124.445782858419022, 47.574797284561356 ], [ -124.446421254162033, 47.57555498802688 ], [ -124.447039889884593, 47.576320027648144 ], [ -124.447638550528339, 47.577092246318003 ], [ -124.448217468100779, 47.577871499214574 ], [ -124.44923676320542, 47.579355784219629 ], [ -124.44975703590309, 47.580153651604 ], [ -124.450256470181102, 47.58095754835081 ], [ -124.450735299725267, 47.581767299341124 ], [ -124.4511932936378, 47.582582536602253 ], [ -124.451629833370234, 47.583403135859896 ], [ -124.45204548873221, 47.584228586683864 ], [ -124.452439700452516, 47.585059018027415 ], [ -124.452812461425424, 47.585893799029492 ], [ -124.45316348543011, 47.586732912125278 ], [ -124.453493028415366, 47.587575991975314 ], [ -124.453800757562135, 47.588422940232199 ], [ -124.454086479562548, 47.589273351885822 ], [ -124.45435013061288, 47.590126927307558 ], [ -124.454591950496635, 47.590983631022198 ], [ -124.454811658817761, 47.591842978598578 ], [ -124.455008997488846, 47.592704786755192 ], [ -124.455184185948625, 47.59356874619931 ], [ -124.455337166418204, 47.594434639377411 ], [ -124.455467522932608, 47.595302343224887 ], [ -124.455556533061483, 47.596173838307266 ], [ -124.455661257838059, 47.597041560791034 ], [ -124.455724627839928, 47.59791255333564 ], [ -124.455765243700114, 47.59878415336987 ], [ -124.45578357176683, 47.599656152917667 ], [ -124.455779305250218, 47.600528260450275 ], [ -124.45575246726699, 47.601400255566929 ], [ -124.455703020138614, 47.602271645448624 ], [ -124.455631448522354, 47.603142413577515 ], [ -124.455537241184729, 47.604012247867416 ], [ -124.455420358420682, 47.604880628083713 ], [ -124.455281537971771, 47.605747666317178 ], [ -124.455120015547934, 47.606612921797726 ], [ -124.455634482563312, 47.607461244121922 ], [ -124.456126071739433, 47.608267414119176 ], [ -124.456597036121508, 47.609079305228178 ], [ -124.456896108746704, 47.609622534852647 ], [ -124.457046830314482, 47.609896689161545 ], [ -124.457475497862035, 47.610719070607153 ], [ -124.457882716047635, 47.611546488168962 ], [ -124.458268753164859, 47.612378740795592 ], [ -124.45863304334469, 47.613215326391035 ], [ -124.45897580214293, 47.614055880991074 ], [ -124.459297085583344, 47.614900625164701 ], [ -124.459596312852668, 47.615748856931702 ], [ -124.459873483567364, 47.616600584670635 ], [ -124.46012881301813, 47.617455441632345 ], [ -124.460361789881816, 47.618313115933475 ], [ -124.460528508748169, 47.619043876352542 ], [ -124.460558279460514, 47.619174609425052 ], [ -124.460761643123732, 47.620036198223019 ], [ -124.460928185124587, 47.620900958999975 ], [ -124.460965229021681, 47.621133327205882 ], [ -124.461159201056006, 47.622349489460923 ], [ -124.461262677972329, 47.62321875261587 ], [ -124.461343873433563, 47.624089156831438 ], [ -124.461402310356604, 47.624960306626591 ], [ -124.46319901451875, 47.624461956517287 ], [ -124.464409189183741, 47.624159733942442 ], [ -124.46562675562356, 47.623871958343059 ], [ -124.466851753138641, 47.623598545845461 ], [ -124.468083378815379, 47.623339605922666 ], [ -124.469321637639368, 47.623095193124904 ], [ -124.471661693322133, 47.622667599369834 ], [ -124.472915579410113, 47.622462742281712 ], [ -124.474174642701357, 47.622272982836975 ], [ -124.475438331231402, 47.622097982919563 ], [ -124.47670621099094, 47.621937897203203 ], [ -124.477978205493386, 47.621792774859699 ], [ -124.479253623906402, 47.621662592715914 ], [ -124.480532199775027, 47.621547573884349 ], [ -124.481813637007562, 47.621447544518581 ], [ -124.48309751518579, 47.621362840060378 ], [ -124.484383284425448, 47.62129314989793 ], [ -124.48567042205525, 47.621238527559754 ], [ -124.486959187943128, 47.621199230388747 ], [ -124.488248603222203, 47.621175020133151 ], [ -124.489538395935114, 47.621166208037366 ], [ -124.490828060725448, 47.621172482061496 ], [ -124.492117560246101, 47.621193870973414 ], [ -124.493406458377393, 47.621230499546037 ], [ -124.494693950467465, 47.621282450306275 ], [ -124.495955751135881, 47.6213127882531 ], [ -124.497243195742641, 47.621367265268411 ], [ -124.498528750555252, 47.621437083953666 ], [ -124.499812689174718, 47.621522034653033 ], [ -124.501093933942741, 47.621621970547359 ], [ -124.502372795714834, 47.621737070474104 ], [ -124.503648206349538, 47.621867206547797 ], [ -124.504919964434094, 47.622012385834978 ], [ -124.506188017965357, 47.622172442845056 ], [ -124.507451892962337, 47.622347539497845 ], [ -124.508710767398313, 47.622537528565061 ], [ -124.50996470142185, 47.622742117225194 ], [ -124.511213151145199, 47.622961618071891 ], [ -124.512455659949623, 47.623195885086524 ], [ -124.513692123052635, 47.623444592722478 ], [ -124.514921824853843, 47.623707930531445 ], [ -124.516144551410818, 47.623985741437608 ], [ -124.517359965202729, 47.62427784518286 ], [ -124.518567866470718, 47.624584273608505 ], [ -124.51978199924099, 47.624909007807936 ], [ -124.520958743918115, 47.625239627941035 ], [ -124.522140929132803, 47.625588274275685 ], [ -124.523314320942305, 47.625950909045919 ], [ -124.524478081303158, 47.626327232092734 ], [ -124.525631739168944, 47.626717287434921 ], [ -124.526775511555925, 47.627120875756482 ], [ -124.527908420884842, 47.627537893899607 ], [ -124.528606960329711, 47.627805689416974 ], [ -124.529030657729777, 47.627968116024043 ], [ -124.530141449163281, 47.62841156916938 ], [ -124.531240617349511, 47.628868150030321 ], [ -124.532328062872907, 47.629337450664202 ], [ -124.533403014753148, 47.629819525527758 ], [ -124.534475983804128, 47.630294989811503 ], [ -124.535525013868423, 47.630802646432244 ], [ -124.536560778775041, 47.63132241885247 ], [ -124.537583038424714, 47.631854510622844 ], [ -124.538591471744624, 47.632398378771668 ], [ -124.539585891008457, 47.63295422229703 ], [ -124.540565459845425, 47.633521719206037 ], [ -124.541530434725189, 47.63410050140952 ], [ -124.542480293414769, 47.634690642267543 ], [ -124.543415015344678, 47.635291923271957 ], [ -124.544333871216594, 47.635904205387945 ], [ -124.545236783449937, 47.636527162296105 ], [ -124.546123541290584, 47.637160639725991 ], [ -124.546993805469782, 47.63780444943886 ], [ -124.547847399938078, 47.638458414000127 ], [ -124.548683991996526, 47.639122432776283 ], [ -124.549503268804287, 47.639796132708774 ], [ -124.550305112683304, 47.640479518232823 ], [ -124.5510890666189, 47.641172084053245 ], [ -124.552256293834986, 47.642173347864002 ], [ -124.553023969760446, 47.642874372563611 ], [ -124.553773523079968, 47.643584092404765 ], [ -124.55462589203465, 47.644426595317228 ], [ -124.55521713661183, 47.645029795184485 ], [ -124.555910832337005, 47.645765269925263 ], [ -124.556585379485313, 47.646508790563566 ], [ -124.557240752533346, 47.647260028915575 ], [ -124.5578763817051, 47.648018977654395 ], [ -124.558492563408777, 47.648785269933668 ], [ -124.559088706927028, 47.649558624662589 ], [ -124.559664890564449, 47.65033901194407 ], [ -124.560220711474471, 47.651125952000875 ], [ -124.560756288416414, 47.651919413508857 ], [ -124.561271470239234, 47.652719075344741 ], [ -124.561765594421772, 47.65352462320547 ], [ -124.562239092236553, 47.654336023089613 ], [ -124.562691400332866, 47.65515277057699 ], [ -124.563122550034251, 47.655974754994332 ], [ -124.56353250915015, 47.65680156593973 ], [ -124.563921278895151, 47.65763323100564 ], [ -124.564288294015384, 47.658469275995941 ], [ -124.564633538948215, 47.659309509483357 ], [ -124.564957281759732, 47.660153730144465 ], [ -124.565258931207936, 47.661001656795513 ], [ -124.565538793753475, 47.661853059303155 ], [ -124.565796549207221, 47.662707482327356 ], [ -124.566154635783178, 47.664000842834611 ], [ -124.566355569678691, 47.664862212980253 ], [ -124.566534297929962, 47.665725893752331 ], [ -124.566690834910929, 47.666591555335259 ], [ -124.566824668146097, 47.667458886266573 ], [ -124.566936266130526, 47.668327650668296 ], [ -124.567106455977267, 47.669799957253652 ], [ -124.567184140160577, 47.670670424422099 ], [ -124.567239049387027, 47.671541685167355 ], [ -124.567271643800538, 47.672413394065899 ], [ -124.567281632446907, 47.673285533791692 ], [ -124.567269057233986, 47.674157444099933 ], [ -124.567234077481629, 47.675029256631014 ], [ -124.567176457918364, 47.675900512912655 ], [ -124.567096411349084, 47.676770821185457 ], [ -124.566993932625451, 47.677640181545733 ], [ -124.566868751954416, 47.678508109238571 ], [ -124.566721330158344, 47.679374426152535 ], [ -124.566551659212237, 47.680238934823201 ], [ -124.566359498106081, 47.681101314143092 ], [ -124.566144989254951, 47.681961207672494 ], [ -124.565908451259958, 47.682818436723032 ], [ -124.565649858383011, 47.683672837338477 ], [ -124.565368862157101, 47.684524064658319 ], [ -124.565066300349855, 47.685371924622061 ], [ -124.564741564482134, 47.686215913973399 ], [ -124.564395223866057, 47.687056048353931 ], [ -124.564027166573268, 47.687891938938947 ], [ -124.563637409424757, 47.688723285730944 ], [ -124.563226476474796, 47.689550042794913 ], [ -124.562467690180995, 47.69097919379395 ], [ -124.562009345613447, 47.691794556921884 ], [ -124.561529986177092, 47.692604280827126 ], [ -124.561029799294829, 47.693408221471508 ], [ -124.560509116669905, 47.694206367028642 ], [ -124.559967599407244, 47.694998015357591 ], [ -124.559405780410927, 47.695783339751181 ], [ -124.558823542261081, 47.696561822480952 ], [ -124.558221479996419, 47.697333277855442 ], [ -124.557599537828963, 47.698097515362171 ], [ -124.556957702421826, 47.698854367705565 ], [ -124.556296437681425, 47.699603527484882 ], [ -124.55561602150928, 47.700344913343208 ], [ -124.554916414593663, 47.701078015782613 ], [ -124.554198094338943, 47.701802702594094 ], [ -124.553424277857189, 47.702953020009247 ], [ -124.553157754170968, 47.703353918416369 ], [ -124.552895311796931, 47.703748663362653 ], [ -124.552345787925603, 47.704537798375185 ], [ -124.551775626504579, 47.705320454954467 ], [ -124.551185651406954, 47.706096247381367 ], [ -124.550200957407284, 47.707316128092657 ], [ -124.549551304455818, 47.708069771661613 ], [ -124.548882217026971, 47.708815685799429 ], [ -124.548193682094706, 47.709553705932109 ], [ -124.547486239907357, 47.710283456168682 ], [ -124.546760078237426, 47.711004737522764 ], [ -124.546024709332258, 47.711708522077238 ], [ -124.546015429621704, 47.711717404347993 ], [ -124.546004937421586, 47.711727080679267 ], [ -124.545252307173712, 47.712421099022329 ], [ -124.544471197285915, 47.713115804335025 ], [ -124.543672318047427, 47.71380118300906 ], [ -124.542855640059486, 47.714476851441894 ], [ -124.542021463677386, 47.715143018441466 ], [ -124.541170479316932, 47.715799138252777 ], [ -124.540325108698283, 47.716428293269011 ], [ -124.540302439293512, 47.716445164189963 ], [ -124.540305332423529, 47.716446842648573 ], [ -124.541330731959093, 47.717041546563451 ], [ -124.54188977544473, 47.7173767572164 ], [ -124.542296728938595, 47.717620671918972 ], [ -124.543247855599134, 47.718210954076348 ], [ -124.544183582605143, 47.718812384275985 ], [ -124.545103615646696, 47.719424835839426 ], [ -124.546007722761487, 47.720047932907583 ], [ -124.546895650113029, 47.720681547400531 ], [ -124.547767058522069, 47.721325499302154 ], [ -124.54862173046665, 47.721979604380593 ], [ -124.549459130087087, 47.722643771780191 ], [ -124.550279512005844, 47.72331760876876 ], [ -124.551082105199001, 47.724001142430971 ], [ -124.551867078990284, 47.724693875940076 ], [ -124.552634215361763, 47.72539578151509 ], [ -124.553382777621735, 47.726106591370247 ], [ -124.554112894554422, 47.726826079049282 ], [ -124.554824646560007, 47.727554077401798 ], [ -124.555517194744297, 47.728290313949721 ], [ -124.556190575028822, 47.729034732867007 ], [ -124.556844710838376, 47.729786870519533 ], [ -124.557479384145765, 47.730546542647524 ], [ -124.558094011710025, 47.7313135776729 ], [ -124.55868909741649, 47.732087656457495 ], [ -124.559263908185812, 47.732868777297085 ], [ -124.559818405727214, 47.733656447744544 ], [ -124.560352546675148, 47.734450642116805 ], [ -124.560866047118267, 47.735250849037229 ], [ -124.561358667010069, 47.736057131982939 ], [ -124.561830647794693, 47.736868933849337 ], [ -124.562281418464408, 47.737686247259859 ], [ -124.562710995750038, 47.738508769925424 ], [ -124.563119067527637, 47.739336156088051 ], [ -124.563505944795452, 47.740168227692301 ], [ -124.563871005997385, 47.741004850083939 ], [ -124.564214532375274, 47.741845456472952 ], [ -124.565617091125347, 47.743118364920001 ], [ -124.566372163778354, 47.74382626565275 ], [ -124.567108637140578, 47.744542906214484 ], [ -124.567826694896553, 47.745268033515949 ], [ -124.56852580063719, 47.74600155676265 ], [ -124.569205732248136, 47.746743291875724 ], [ -124.569866476265588, 47.747492910268882 ], [ -124.570507665944362, 47.748250040758741 ], [ -124.571129390150091, 47.749014735435978 ], [ -124.571890564950337, 47.749995680268711 ], [ -124.572464529963241, 47.750777101115126 ], [ -124.573018135927327, 47.751565075222757 ], [ -124.57355142273326, 47.752359601457336 ], [ -124.574064063559035, 47.753160142519214 ], [ -124.574555803601115, 47.753966570295333 ], [ -124.575026911526933, 47.754778683517202 ], [ -124.575476517430943, 47.755596348054148 ], [ -124.575905201656411, 47.756419022385572 ], [ -124.577221547861782, 47.75698069775531 ], [ -124.578301438743438, 47.757460722099232 ], [ -124.579368558959061, 47.757953341792629 ], [ -124.580422642219716, 47.758458264570166 ], [ -124.581463742096204, 47.758975653598 ], [ -124.582491273773911, 47.759505310077365 ], [ -124.583505000919715, 47.760046803471809 ], [ -124.584504404447429, 47.760600262067854 ], [ -124.58548944670116, 47.761165193500233 ], [ -124.586459856308778, 47.761741772298038 ], [ -124.587415161585881, 47.762329685951656 ], [ -124.588355051073037, 47.76292858890745 ], [ -124.589279293879244, 47.763538654289157 ], [ -124.590187570030707, 47.76415942705556 ], [ -124.591079862655718, 47.764790688581726 ], [ -124.59195548150899, 47.76543246338575 ], [ -124.592814550954117, 47.766084253426371 ], [ -124.593656639018505, 47.766746266311593 ], [ -124.594481417041678, 47.767417937515901 ], [ -124.59528864542412, 47.76809933067625 ], [ -124.59607829459938, 47.768790065658791 ], [ -124.596849853207857, 47.769489850569364 ], [ -124.597603047892918, 47.770198840796169 ], [ -124.598338071045958, 47.77091636845131 ], [ -124.599054242564279, 47.771642594937155 ], [ -124.599751688536898, 47.772377049552212 ], [ -124.600429904338696, 47.773119530728962 ], [ -124.601088673759932, 47.773869881676937 ], [ -124.601728229344175, 47.774627957301966 ], [ -124.602789812763419, 47.77593078394915 ], [ -124.60337218012306, 47.776709577303713 ], [ -124.60393450721287, 47.777494862837052 ], [ -124.604476178367307, 47.77828674476109 ], [ -124.604997498199722, 47.779084800927173 ], [ -124.605497964004769, 47.779888911990248 ], [ -124.605977726702633, 47.780698880752986 ], [ -124.606436288496226, 47.781514230870279 ], [ -124.606873648034181, 47.782334797919773 ], [ -124.607289757672149, 47.783160556328674 ], [ -124.607684415980103, 47.783991019315131 ], [ -124.608092840587346, 47.78485187532501 ], [ -124.609281315971131, 47.785635063755429 ], [ -124.610193344793402, 47.786253642070044 ], [ -124.611089201280834, 47.78688293782016 ], [ -124.611968530797768, 47.787522579576411 ], [ -124.612831168673097, 47.78817254604246 ], [ -124.613676999638145, 47.788832402473865 ], [ -124.614505544605834, 47.789502275864244 ], [ -124.615316562117656, 47.790181681012541 ], [ -124.616109957970338, 47.790870456897274 ], [ -124.616885528800893, 47.791568611016288 ], [ -124.617730278872571, 47.792367059221121 ], [ -124.618465174570943, 47.793084805997687 ], [ -124.619181365939355, 47.793811112161144 ], [ -124.619878660338713, 47.794545600556191 ], [ -124.620556980311164, 47.795288329117874 ], [ -124.620789080381982, 47.795552893542862 ], [ -124.621215808160784, 47.796038932131772 ], [ -124.621886706404794, 47.79681674565375 ], [ -124.622560009865268, 47.797654662485954 ], [ -124.623178615017252, 47.798420561525568 ], [ -124.624421540181373, 47.799262237823669 ], [ -124.625307349310759, 47.799898101081197 ], [ -124.626176656097059, 47.800544174277924 ], [ -124.627028959961748, 47.801200255852471 ], [ -124.627864222044892, 47.801866372234166 ], [ -124.628682173509318, 47.802542212128337 ], [ -124.629482552704573, 47.80322755730527 ], [ -124.630264848626496, 47.803922126975387 ], [ -124.631029261989212, 47.804625886944322 ], [ -124.631775322120063, 47.805338552246802 ], [ -124.63250271228469, 47.806059722692126 ], [ -124.633211398047933, 47.806789484906723 ], [ -124.633901183846959, 47.807527426173763 ], [ -124.634571721348109, 47.808273265427196 ], [ -124.635222751107193, 47.80902681726613 ], [ -124.63585427471024, 47.809788109378125 ], [ -124.636465801755591, 47.810556607700512 ], [ -124.637057725806145, 47.811332142148864 ], [ -124.637629098199696, 47.812114573624015 ], [ -124.63818033984623, 47.812903560883619 ], [ -124.638710985985199, 47.81369890104272 ], [ -124.639220986707784, 47.814500486323894 ], [ -124.639710298564907, 47.815307769555481 ], [ -124.640178435253816, 47.816120795617209 ], [ -124.640625325422079, 47.816939182990815 ], [ -124.641051269843771, 47.817762619318067 ], [ -124.641455681626994, 47.818590905986589 ], [ -124.641838589835345, 47.819423904916299 ], [ -124.643616358839466, 47.820143532137578 ], [ -124.644718814444246, 47.820600733304374 ], [ -124.645809288516659, 47.821070725120826 ], [ -124.64688754858399, 47.821553656148239 ], [ -124.647953026109406, 47.822049025386704 ], [ -124.649005520412047, 47.822556867751864 ], [ -124.650044691736554, 47.823077003515706 ], [ -124.651070364995277, 47.823609274561704 ], [ -124.652081956486469, 47.824153509825152 ], [ -124.65307946195729, 47.82470960003095 ], [ -124.6540623258458, 47.825277318232629 ], [ -124.655030364318876, 47.825856396848621 ], [ -124.655983459419289, 47.826446785535218 ], [ -124.656920943999282, 47.827048343665041 ], [ -124.657842713237912, 47.827660773407842 ], [ -124.658748546764613, 47.828283863377109 ], [ -124.659637918299495, 47.828917660084805 ], [ -124.660511030901219, 47.829561635174279 ], [ -124.661367112170694, 47.830215816460381 ], [ -124.662206189738768, 47.83088003863395 ], [ -124.663027991634138, 47.83155395490224 ], [ -124.663079310189332, 47.831597582235325 ], [ -124.663832179567365, 47.832237412962257 ], [ -124.664618781052198, 47.832930247493856 ], [ -124.665387036176782, 47.833632129060632 ], [ -124.666687249326188, 47.834045398303488 ], [ -124.667711737028526, 47.834385773571647 ], [ -124.669018447344726, 47.834838750154795 ], [ -124.670158283928473, 47.835252727251593 ], [ -124.671287236508874, 47.835679954552873 ], [ -124.672404991213625, 47.836120580811318 ], [ -124.673511055979745, 47.836573992611925 ], [ -124.674605442800583, 47.837040491788869 ], [ -124.675687325461752, 47.837519778783225 ], [ -124.677855775356633, 47.838294258828206 ], [ -124.678984364822938, 47.838721922759554 ], [ -124.680102018586496, 47.839162675130218 ], [ -124.681208003262796, 47.839616515013709 ], [ -124.682301780068713, 47.840083324762546 ], [ -124.683383580214922, 47.840562876881592 ], [ -124.684452893298271, 47.841055052716946 ], [ -124.68550919044803, 47.841559706840279 ], [ -124.686552221874535, 47.842076821093102 ], [ -124.687581705095823, 47.842605911879303 ], [ -124.688285864223616, 47.842981290067279 ], [ -124.688597368770559, 47.8431471539513 ], [ -124.689598970977912, 47.843700062267956 ], [ -124.690585951161296, 47.844264764300334 ], [ -124.691558328976512, 47.844840990722687 ], [ -124.692515301782052, 47.845428386371701 ], [ -124.693457128338466, 47.84602712899234 ], [ -124.694383568819134, 47.846636711517796 ], [ -124.695293760619904, 47.847257156982216 ], [ -124.696187759718711, 47.847888142607871 ], [ -124.697065516000421, 47.848529448222749 ], [ -124.697926284752512, 47.849180991091245 ], [ -124.698770023019051, 47.849842745664894 ], [ -124.699596676474854, 47.850514028049908 ], [ -124.70040581063013, 47.851195018865141 ], [ -124.701197091006364, 47.851885565770075 ], [ -124.701970500534586, 47.852585148210999 ], [ -124.702725521651843, 47.853293620411861 ], [ -124.703462178400343, 47.854010981841647 ], [ -124.7041801507619, 47.854736750253849 ], [ -124.704879151479091, 47.855470908834945 ], [ -124.705558961571242, 47.856213273628747 ], [ -124.706219505150187, 47.856963408503177 ], [ -124.706860571837751, 47.857721238970576 ], [ -124.707481798818407, 47.858486311745779 ], [ -124.708082993003188, 47.859258771291358 ], [ -124.708664382257695, 47.860037950946996 ], [ -124.709225423958188, 47.860824062615038 ], [ -124.709765815568716, 47.861616541027111 ], [ -124.710285795761109, 47.862415268061618 ], [ -124.710784885981568, 47.863219876894526 ], [ -124.711263003883701, 47.864030367973008 ], [ -124.711720193708558, 47.864846281548111 ], [ -124.712156111196776, 47.865667402393541 ], [ -124.712570539506814, 47.866493579311751 ], [ -124.71296365198863, 47.86732443845559 ], [ -124.713335221749247, 47.868159702707146 ], [ -124.713685002719728, 47.868999367361134 ], [ -124.714012869964591, 47.869842899092241 ], [ -124.714318903212899, 47.870690286940331 ], [ -124.714602773727691, 47.871541051551375 ], [ -124.714864727786306, 47.872395019495954 ], [ -124.715104467607162, 47.873251844776568 ], [ -124.715321965568847, 47.874111501034285 ], [ -124.715517016838632, 47.874973529112694 ], [ -124.716023835763338, 47.876507424885915 ], [ -124.716314883031373, 47.877492776557034 ], [ -124.716534723869302, 47.878352180793257 ], [ -124.717152895018884, 47.878999621598091 ], [ -124.612333767075114, 47.880583158211053 ], [ -124.612178557834071, 47.880585431169031 ], [ -124.610070258822759, 47.880616319234171 ], [ -124.609840542531884, 47.88061974029474 ], [ -124.609450578237514, 47.880625379209249 ], [ -124.60920702835017, 47.880628762836658 ], [ -124.599059594358962, 47.880685607958625 ], [ -124.58945613691219, 47.880700272913224 ], [ -124.587623429641766, 47.880696336389192 ], [ -124.579218417223501, 47.880696470640459 ], [ -124.565785826112801, 47.881471338414059 ], [ -124.561613893553556, 47.881501526843977 ], [ -124.556512301849637, 47.881538045457269 ], [ -124.545946115616005, 47.881613018390986 ], [ -124.544792553360182, 47.881618447742078 ], [ -124.539474923039762, 47.881835938175101 ], [ -124.528784162727163, 47.882200319386982 ], [ -124.524129536290729, 47.882327577669088 ], [ -124.523411046530711, 47.882347205126734 ], [ -124.514864689879346, 47.882364065269172 ], [ -124.512718420985976, 47.882389584514904 ], [ -124.507423201910569, 47.88240217156045 ], [ -124.502677152918594, 47.882426717240371 ], [ -124.502120032699821, 47.882426133444696 ], [ -124.491933640578139, 47.882550893209341 ], [ -124.491460149396772, 47.882558828393385 ], [ -124.481035867435665, 47.88286158144264 ], [ -124.480872659528316, 47.882861309178494 ], [ -124.470347147166422, 47.882872777265895 ], [ -124.459613390818333, 47.882815913393941 ], [ -124.45938527791553, 47.882820549098909 ], [ -124.449047351227961, 47.882832355362162 ], [ -124.438456090227348, 47.883129951537249 ], [ -124.418449258447168, 47.88201275999122 ], [ -124.397798449034369, 47.881761590275232 ], [ -124.386878078675437, 47.881444276806107 ], [ -124.381417852816739, 47.8812854062772 ], [ -124.375957905849035, 47.881126300763206 ], [ -124.370883977267596, 47.881092740509786 ], [ -124.365093620940215, 47.881079167923048 ], [ -124.36001415998274, 47.881122512362118 ], [ -124.354404115666938, 47.881156692025513 ], [ -124.352474207842235, 47.881157187295742 ], [ -124.351974435211403, 47.881154965354 ], [ -124.351677307510627, 47.881155623453928 ], [ -124.351219941136137, 47.881156636225839 ], [ -124.350900669164602, 47.881155632894597 ], [ -124.350543620451518, 47.88114683391322 ], [ -124.350541597695582, 47.881146785139862 ], [ -124.350352431955528, 47.881142121650839 ], [ -124.350350245624497, 47.881142067273522 ], [ -124.350125249586057, 47.881136525604006 ], [ -124.349923827335658, 47.881135982462325 ], [ -124.349725897333798, 47.881135444964919 ], [ -124.349681547691532, 47.881135327108851 ], [ -124.343787648814981, 47.881168572629306 ], [ -124.341123497528287, 47.88117351755357 ], [ -124.338459349817597, 47.881178401811539 ], [ -124.33313105254426, 47.881187983253689 ], [ -124.322411653395946, 47.881227575463086 ], [ -124.31160073965961, 47.881321342358127 ], [ -124.290135181377082, 47.881182209736409 ], [ -124.269246741614921, 47.88163295241187 ], [ -124.2469750281373, 47.881595643654286 ], [ -124.244456443751218, 47.881591455748598 ], [ -124.24109753919052, 47.881585922788055 ], [ -124.227609839107359, 47.881562235943612 ], [ -124.225768491930452, 47.881558900623574 ], [ -124.225308008546591, 47.881558094376317 ], [ -124.204901163107877, 47.881512728810613 ], [ -124.199357421834236, 47.881511956693025 ], [ -124.195971912392395, 47.881511266996988 ], [ -124.194321505530539, 47.881511018230917 ], [ -124.192314194771058, 47.881510689201853 ], [ -124.184984899910447, 47.881508721740019 ], [ -124.18374185072787, 47.881508380444544 ], [ -124.161836746223031, 47.881465547675766 ], [ -124.140445080066968, 47.881440070056826 ], [ -124.118884466143214, 47.881400132169766 ], [ -124.097275906279336, 47.881356001670945 ], [ -124.075747947498883, 47.881307460764255 ], [ -124.054092750676205, 47.881287992657242 ], [ -124.034032519146066, 47.881223290935587 ], [ -124.033793371489452, 47.881222876267309 ], [ -124.012633558513159, 47.881184680486754 ], [ -124.012279999835428, 47.881187733948913 ], [ -123.990714577089378, 47.881372284161436 ], [ -123.969299127802728, 47.881398189923281 ], [ -123.947740418087349, 47.881384371922046 ], [ -123.947498971707802, 47.881384178102401 ], [ -123.926227115084089, 47.881374782487747 ], [ -123.926016466831257, 47.881374658993423 ], [ -123.906455962172984, 47.881507014365042 ], [ -123.906382095500149, 47.88150691205918 ], [ -123.884883143488409, 47.881481253244701 ], [ -123.863355448197211, 47.881524133949519 ], [ -123.862991806159798, 47.881524804270263 ], [ -123.841842111284137, 47.881521584599533 ], [ -123.841207842668695, 47.881521427947021 ], [ -123.820328771408327, 47.881525402941868 ], [ -123.819880315618775, 47.881525434772172 ], [ -123.798680443772568, 47.881496923205965 ], [ -123.798681036741144, 47.881080401018473 ], [ -123.77597518690186, 47.881080351142984 ], [ -123.754462046808527, 47.881080313582466 ], [ -123.739682514596296, 47.881080305177647 ], [ -123.718169256108055, 47.881080332785423 ], [ -123.696655989346638, 47.881080308664536 ], [ -123.675142721764544, 47.881080314858124 ], [ -123.653629478593672, 47.88108032321194 ], [ -123.632116189021659, 47.881080335588791 ], [ -123.613482844381465, 47.881080320417084 ], [ -123.591969620596387, 47.881080316274009 ], [ -123.570456343343182, 47.881080343628831 ], [ -123.548943089260248, 47.881080345557564 ], [ -123.527429816064625, 47.881080323124181 ], [ -123.508597333505435, 47.881080551256233 ], [ -123.505916566004146, 47.881080330050416 ], [ -123.50591657774639, 47.866897103202703 ], [ -123.484546255517103, 47.866897102255983 ], [ -123.463038917372913, 47.866897109328903 ], [ -123.441531591919784, 47.86689711960787 ], [ -123.420024239412967, 47.866897106622744 ], [ -123.398516900483372, 47.866897096741177 ], [ -123.377009575013517, 47.866897117360715 ], [ -123.356837212974497, 47.866897100312571 ], [ -123.335329847155435, 47.866897099279321 ], [ -123.313822533379394, 47.866897100275843 ], [ -123.292315184559882, 47.86689710536762 ], [ -123.270807838369834, 47.866897086180508 ], [ -123.249300496078675, 47.866897097499461 ], [ -123.231657167115387, 47.866897076202896 ], [ -123.210149869864225, 47.866897088624128 ], [ -123.188642528456228, 47.866897077718072 ], [ -123.16713518340724, 47.866897069926338 ], [ -123.158096001975409, 47.866897554658721 ], [ -123.145627873824097, 47.866897064327354 ], [ -123.124120516684826, 47.866897062763577 ], [ -123.098953739392329, 47.866897056751462 ], [ -123.077446395851794, 47.866897047427777 ], [ -123.059301994166645, 47.866897298084716 ], [ -123.055939077035276, 47.866897040409562 ], [ -123.034431748771524, 47.866897036414343 ], [ -123.01292440538667, 47.866897035523863 ], [ -122.991417084703954, 47.866897009468751 ], [ -122.970075939382838, 47.866896993481454 ], [ -122.961479206213895, 47.866672672768559 ], [ -122.95016927815864, 47.866858086575533 ], [ -122.949167494179775, 47.86682155508602 ], [ -122.948179099214641, 47.881391185259524 ], [ -122.94885785338856, 47.895294195731154 ], [ -122.950680265432126, 47.910438935986093 ], [ -122.95092773866368, 47.916710919997051 ], [ -122.951255668323356, 47.92501945341504 ], [ -122.95077696445145, 47.939543034620527 ], [ -122.950866790187689, 47.954296270739462 ], [ -122.951495164739569, 47.954290854166402 ], [ -122.94952086137252, 47.969297011675344 ], [ -122.949608990104451, 47.972897004317744 ], [ -122.949679111028644, 47.975793138177451 ], [ -122.949696045582954, 47.97649242161156 ], [ -122.949749745782484, 47.97868926186343 ], [ -122.949871278161098, 47.9836878164936 ], [ -122.949304140596453, 47.990894083255739 ], [ -122.948737282813454, 47.998075617984263 ], [ -122.948819993368545, 48.005348623727834 ], [ -122.948897519145859, 48.012465828719137 ], [ -122.947483816899478, 48.019660974673805 ], [ -122.947221838666948, 48.023208068736643 ], [ -122.947085613434638, 48.024614791838808 ], [ -122.946950806402683, 48.026006822839797 ], [ -122.946878392957075, 48.026754527153841 ], [ -122.94691005959271, 48.026963857819538 ], [ -122.946983258336701, 48.027447755046829 ], [ -122.947195937540485, 48.028853670890207 ], [ -122.947409453809556, 48.030265062727388 ], [ -122.947484386742843, 48.030760353773367 ], [ -122.947892988168689, 48.033460996653041 ], [ -122.949287311779202, 48.042948645197903 ], [ -122.949089244235779, 48.057566503180482 ], [ -122.949180610495617, 48.065123612814858 ], [ -122.939759005260285, 48.065197269875206 ], [ -122.929153118913376, 48.06527958012024 ], [ -122.927441780307973, 48.065302704729874 ], [ -122.926477702061192, 48.065319197303367 ], [ -122.925933002678093, 48.065328512106319 ], [ -122.905849124181714, 48.065670169592842 ], [ -122.897496654353418, 48.065810804086446 ], [ -122.897552605805728, 48.065861072517407 ], [ -122.898065624319116, 48.066214260701095 ], [ -122.900069193279137, 48.067413106470752 ], [ -122.901762577572384, 48.068310457589057 ], [ -122.903523106598101, 48.069063839677504 ], [ -122.904304240486894, 48.06946413868917 ], [ -122.904927573521775, 48.069902421741382 ], [ -122.905617793435681, 48.070485203178997 ], [ -122.906836095933386, 48.071793184555389 ], [ -122.907948582171926, 48.073381282563659 ], [ -122.908419848151311, 48.074228996632058 ], [ -122.908691091537861, 48.074861789005723 ], [ -122.908850261088389, 48.075346926397806 ], [ -122.909019904277599, 48.07621879838306 ], [ -122.909023665206917, 48.077536179927769 ], [ -122.908772426789014, 48.078599188109514 ], [ -122.90829075537313, 48.079566452095733 ], [ -122.907752602038315, 48.080304750880408 ], [ -122.905055130299843, 48.083561708801135 ], [ -122.903877579457728, 48.084908181084188 ], [ -122.90274863418847, 48.08604253062397 ], [ -122.90115280847867, 48.087597329817584 ], [ -122.89951965927753, 48.089436143560008 ], [ -122.898905746054396, 48.090358428649701 ], [ -122.89834208636033, 48.091621884041352 ], [ -122.897764739753129, 48.093756531352334 ], [ -122.897453491383885, 48.095803472656073 ], [ -122.897513854913257, 48.097494119424347 ], [ -122.897855334662466, 48.099381241888644 ], [ -122.898186986416988, 48.100420514582623 ], [ -122.898623785547045, 48.101408758354886 ], [ -122.899148799420161, 48.102244434351967 ], [ -122.899206765182967, 48.102317704899477 ], [ -122.900796897320021, 48.104327538750439 ], [ -122.902103599811483, 48.10619205094001 ], [ -122.902918770714578, 48.106924622285135 ], [ -122.903594707061075, 48.107339933384047 ], [ -122.904023558013023, 48.107543140895942 ], [ -122.904713429590927, 48.107859458813287 ], [ -122.90569713703303, 48.108200421854335 ], [ -122.907673880303875, 48.108683192806701 ], [ -122.909745651101986, 48.108981331814476 ], [ -122.911949099486762, 48.10909199904534 ], [ -122.914167499868626, 48.109060241631063 ], [ -122.916377360180405, 48.10893043580478 ], [ -122.917940815511685, 48.108721523021849 ], [ -122.921393595082776, 48.108133058506716 ], [ -122.92308954757263, 48.107934347228912 ], [ -122.925341003053873, 48.107821172535495 ], [ -122.928029454578621, 48.107795919319557 ], [ -122.931600668721401, 48.107805867969205 ], [ -122.938385692099246, 48.107708586162637 ], [ -122.941330466607553, 48.107737545604138 ], [ -122.945605088119621, 48.107952344814613 ], [ -122.950136460154297, 48.108361796768904 ], [ -122.952077696471761, 48.108599180260015 ], [ -122.952177732289556, 48.128720280595175 ], [ -122.953831559998861, 48.198891220178211 ], [ -122.953638053011474, 48.216111151655902 ], [ -122.952716638342835, 48.297949134052487 ], [ -122.951909490031213, 48.348750556104115 ], [ -122.862910710600588, 48.370116111672964 ], [ -122.864585772744263, 48.340116345903382 ], [ -122.867019030744757, 48.296475279913366 ], [ -122.867201062980399, 48.264372529856828 ], [ -122.866802797700842, 48.255510554459207 ], [ -122.864082246819109, 48.245200200370654 ], [ -122.862995685180124, 48.24282313826884 ], [ -122.860173871865186, 48.237687812385538 ], [ -122.856002155635309, 48.231280573664101 ], [ -122.852563910869748, 48.226806425074209 ], [ -122.851212755233647, 48.225535242564916 ], [ -122.846100607074931, 48.219796105610733 ], [ -122.841321954232541, 48.215704120453978 ], [ -122.833862906520594, 48.209315216841965 ], [ -122.831815156012865, 48.207250887156945 ], [ -122.829635305903821, 48.20578882677512 ], [ -122.819079604467433, 48.199512328809661 ], [ -122.81480244409174, 48.197104261964377 ], [ -122.808296294904693, 48.193738338220086 ], [ -122.802938050803036, 48.191174153192208 ], [ -122.795786474437264, 48.187592615411766 ], [ -122.789135256988416, 48.18456001104397 ], [ -122.782796514357756, 48.181483490428427 ], [ -122.778512802943112, 48.179633003501912 ], [ -122.770267398232221, 48.17555958375943 ], [ -122.765503397406746, 48.172787128104567 ], [ -122.756533633018392, 48.167011814412632 ], [ -122.75002009973133, 48.163155020596776 ], [ -122.742786070383019, 48.159536827590664 ], [ -122.733921836242672, 48.15465014800882 ], [ -122.731670022263458, 48.153527440907659 ], [ -122.727581816294304, 48.150998549479141 ], [ -122.725122403489976, 48.149317447161302 ], [ -122.723053201375123, 48.147803373707788 ], [ -122.722022919863235, 48.147050368101254 ], [ -122.718638789926942, 48.144485608562036 ], [ -122.716300758024289, 48.142779944041791 ], [ -122.714378095882537, 48.141377942389369 ], [ -122.712352245121934, 48.139979053977392 ], [ -122.70648138585436, 48.136155431318549 ], [ -122.703266706653821, 48.134377187949795 ], [ -122.701424029934785, 48.133648765208918 ], [ -122.699967682740336, 48.133099219149379 ], [ -122.695832554866556, 48.132147878850311 ], [ -122.69093555978796, 48.131534446171877 ], [ -122.687297316767399, 48.131299783791896 ], [ -122.680423658562489, 48.131011801682853 ], [ -122.678972835136747, 48.130936007254334 ], [ -122.676333043797086, 48.130754497862682 ], [ -122.670268449277103, 48.130020072735824 ], [ -122.667141317899407, 48.129511837299503 ], [ -122.664766466786219, 48.128946518993764 ], [ -122.663990953296235, 48.128634864722876 ], [ -122.663618370601924, 48.128286663302873 ], [ -122.661615896676565, 48.127737744476732 ], [ -122.65984618141276, 48.127021764328617 ], [ -122.65797010286569, 48.125956444547093 ], [ -122.656304695231697, 48.12448317601099 ], [ -122.65181266667571, 48.119259380681534 ], [ -122.650627076938548, 48.11729375286324 ] ] ] } },
{ "type": "Feature", "properties": { "DISTRICT": "Okanogan County", "region": "NorthCentral", "OFFICE": "County Proposition 1", "JURISDICTION": "County", "RACE": "Okanogan County County Proposition 1", "Name_1": "Rejected", "Party_1": "No_1", "Votes_1": "4,109", "Name_2": "Approved", "Party_2": "Yes_1", "Votes_2": "1,950", "Name_3": null, "Party_3": null, "Votes_3": "0", "Name_4": null, "Party_4": null, "Votes_4": "0", "Name_5": null, "Party_5": null, "Votes_5": "0", "Name_6": null, "Party_6": null, "Votes_6": "0", "Name_7": null, "Party_7": null, "Votes_7": "0", "Votes_total": "6,059", "Pct_1": 67.82, "Pct_2": 32.18, "Pct_3": 0.0, "Pct_4": 0.0, "Pct_5": 0.0, "Pct_6": 0.0, "Pct_7": 0.0, "Margin": 35.64 }, "geometry": { "type": "Polygon", "coordinates": [ [ [ -118.836613010531835, 49.000078655302602 ], [ -118.836666779855832, 48.989343655830567 ], [ -118.836661601832006, 48.988855982703761 ], [ -118.836554059039997, 48.974811884861552 ], [ -118.836547734990006, 48.974424855460612 ], [ -118.836765020413637, 48.960436443152034 ], [ -118.83684580249799, 48.959862294734926 ], [ -118.836827924469986, 48.945875225313792 ], [ -118.836821141667315, 48.945502560576344 ], [ -118.83685924740324, 48.942104121163524 ], [ -118.836828650576692, 48.931407967619215 ], [ -118.836825422348582, 48.931193052976489 ], [ -118.836770581930423, 48.927583464435699 ], [ -118.836715786087225, 48.923973878324382 ], [ -118.836849485672985, 48.916498719766999 ], [ -118.837205543996376, 48.901018450830236 ], [ -118.836808772802812, 48.893873958962054 ], [ -118.836820851074222, 48.886483077643305 ], [ -118.836831343940787, 48.872063301626206 ], [ -118.836815475418007, 48.857557365429919 ], [ -118.836868096516184, 48.842922729417474 ], [ -118.836934653772502, 48.828565175301343 ], [ -118.836883195773225, 48.819866237777745 ], [ -118.837015420988791, 48.814007180222987 ], [ -118.837020649700975, 48.812727765193713 ], [ -118.836954832560295, 48.809141207730242 ], [ -118.836922253424547, 48.806764846937469 ], [ -118.836882115690813, 48.8055529182719 ], [ -118.83692628976361, 48.801914250329858 ], [ -118.836923810136724, 48.799372929146706 ], [ -118.836928378644274, 48.798274264221149 ], [ -118.836951481445894, 48.794734600654387 ], [ -118.836969293376455, 48.792005151075962 ], [ -118.836943947381357, 48.791194929614676 ], [ -118.837086433627022, 48.784645511165117 ], [ -118.837041265507324, 48.78411198713092 ], [ -118.836847525115544, 48.770208397820042 ], [ -118.836845588470254, 48.769743987012248 ], [ -118.836905573175486, 48.762938203099637 ], [ -118.836897915451374, 48.762627285149669 ], [ -118.836939048333861, 48.759056285693852 ], [ -118.83696849665057, 48.755641390346106 ], [ -118.836965521506315, 48.755486131361536 ], [ -118.836994199523787, 48.748371003036041 ], [ -118.837017364465211, 48.741124470438173 ], [ -118.836418787168171, 48.72640451149465 ], [ -118.836408576345065, 48.725945450301062 ], [ -118.836427025691435, 48.711729798875027 ], [ -118.836434270972816, 48.711567564119051 ], [ -118.836982949032645, 48.697438152178044 ], [ -118.83700140837469, 48.682827725785515 ], [ -118.837004014292233, 48.675713594165032 ], [ -118.837004547173393, 48.6755882307382 ], [ -118.837007352267022, 48.668448284899711 ], [ -118.837007240671795, 48.668348749397325 ], [ -118.837014352982322, 48.661193485784572 ], [ -118.837014100013874, 48.661121780232719 ], [ -118.837023310156212, 48.653872821128274 ], [ -118.846534528558337, 48.65385949567186 ], [ -118.847973247258722, 48.653860511361813 ], [ -118.852475560860697, 48.653810524619601 ], [ -118.859047336956323, 48.653865811671508 ], [ -118.86452179736574, 48.653819815772032 ], [ -118.869632818923023, 48.653825675074849 ], [ -118.869636969621652, 48.647992892552338 ], [ -118.86963954975522, 48.644367772236635 ], [ -118.869642129445467, 48.640742643981092 ], [ -118.869849974079628, 48.637134047351857 ], [ -118.869894418439955, 48.633488499644358 ], [ -118.869983288653984, 48.62619736919499 ], [ -118.869932936973157, 48.618945281939148 ], [ -118.869882806558337, 48.61172282440824 ], [ -118.869739503367484, 48.597364661885003 ], [ -118.86985590079199, 48.582759175525432 ], [ -118.869860384626321, 48.568099237829372 ], [ -118.869615761543272, 48.553750859400758 ], [ -118.869527627054694, 48.539416769240866 ], [ -118.869498362849697, 48.52498194076643 ], [ -118.869470302530019, 48.510575049357911 ], [ -118.869173404535715, 48.496062997360831 ], [ -118.869521418519142, 48.481626236830692 ], [ -118.865690549349139, 48.481612570640436 ], [ -118.846050599112246, 48.481718532084841 ], [ -118.843888003682181, 48.481739056641089 ], [ -118.843507945868879, 48.46904376039857 ], [ -118.843830892668137, 48.454574846212552 ], [ -118.844371264634376, 48.440062225982174 ], [ -118.844522232553331, 48.425549463675594 ], [ -118.844479203942242, 48.411181163344068 ], [ -118.844543334185289, 48.396481920342012 ], [ -118.844803822382815, 48.382012729853791 ], [ -118.844739298479027, 48.367542926524727 ], [ -118.844760215996033, 48.353101599487175 ], [ -118.844826828477608, 48.338775183045279 ], [ -118.844913909105472, 48.324319410298529 ], [ -118.845043875289946, 48.30993532022552 ], [ -118.845796512872511, 48.309910224678603 ], [ -118.845795982882592, 48.296009983689252 ], [ -118.845863509088204, 48.281250624374735 ], [ -118.845842307183574, 48.26650496983337 ], [ -118.8458027440265, 48.252017232835868 ], [ -118.845345420664188, 48.23802969666361 ], [ -118.845396946499363, 48.22364893690461 ], [ -118.845444052940806, 48.209148088800916 ], [ -118.845501289431581, 48.194715379939076 ], [ -118.845642084137253, 48.180164171888336 ], [ -118.845732738974078, 48.165708026149709 ], [ -118.845616546818476, 48.151184617967751 ], [ -118.845640310299245, 48.136703958565164 ], [ -118.845630926723615, 48.122498033933226 ], [ -118.84581211203043, 48.107890650423542 ], [ -118.845761652570829, 48.093426880255578 ], [ -118.845752329117445, 48.078891270938982 ], [ -118.845747096837982, 48.064484747301712 ], [ -118.845612264720842, 48.050040470376537 ], [ -118.845705228118007, 48.035631804466682 ], [ -118.845605200868704, 48.021122295974884 ], [ -118.845614114494794, 48.006656350555758 ], [ -118.845791597260344, 47.992285853373055 ], [ -118.845898304515416, 47.977757326645808 ], [ -118.845778771693645, 47.964734943215539 ], [ -118.845764313366999, 47.96315910191543 ], [ -118.851885153152935, 47.963144428469093 ], [ -118.85190397707801, 47.959358898064856 ], [ -118.851904561781808, 47.959240933978286 ], [ -118.851911166773135, 47.957912567900578 ], [ -118.852311520616794, 47.957899683071275 ], [ -118.85272035253432, 47.957876635906594 ], [ -118.866469508200851, 47.956829990702524 ], [ -118.869302292695124, 47.956548966007261 ], [ -118.871050356137005, 47.956304913389666 ], [ -118.872970037790225, 47.955921707401139 ], [ -118.873283655639426, 47.955859017331029 ], [ -118.875427609055833, 47.955430420723161 ], [ -118.877909139268226, 47.954820173099989 ], [ -118.88010845544207, 47.954096681740616 ], [ -118.885699154184977, 47.952090274573187 ], [ -118.889826907902673, 47.950784665638089 ], [ -118.8901305435175, 47.950688618981857 ], [ -118.893327457597422, 47.949620104440115 ], [ -118.894230317737325, 47.949382643405457 ], [ -118.9006271656026, 47.94794134177927 ], [ -118.902863610289089, 47.947604493251482 ], [ -118.902929065835991, 47.947594635179236 ], [ -118.904437156875048, 47.947367461764372 ], [ -118.909965359119553, 47.946776338527357 ], [ -118.912543265722761, 47.946600149338494 ], [ -118.915804623231068, 47.946559228439895 ], [ -118.916213862469078, 47.946518477721007 ], [ -118.918194595975706, 47.946321770460862 ], [ -118.926289702462924, 47.9451969410052 ], [ -118.936906599082775, 47.943720783700321 ], [ -118.937817245542988, 47.943594121452534 ], [ -118.941099584744947, 47.943109707737626 ], [ -118.943037961956477, 47.942680383760788 ], [ -118.945143461248094, 47.942280575234989 ], [ -118.945942737101177, 47.942128791934735 ], [ -118.950711759260656, 47.941303308442777 ], [ -118.952307554429098, 47.941073206066356 ], [ -118.954603210005601, 47.940907425760997 ], [ -118.957050529396483, 47.940856699198569 ], [ -118.959384068986878, 47.940930526485673 ], [ -118.961527660467581, 47.9411519293106 ], [ -118.962360439823996, 47.941265370526281 ], [ -118.965426838778541, 47.941683021584673 ], [ -118.968574590670244, 47.942242257784272 ], [ -118.972413452387059, 47.943103006055516 ], [ -118.974172789337658, 47.943602893987745 ], [ -118.976286453952838, 47.94419814509515 ], [ -118.977307780827587, 47.944648627140765 ], [ -118.978456144569677, 47.94529504612958 ], [ -118.979268314852817, 47.94585519005264 ], [ -118.980329709493901, 47.946759866588884 ], [ -118.980441581886751, 47.946842866719116 ], [ -118.980515602977292, 47.946897975348264 ], [ -118.981642097255929, 47.947736641907547 ], [ -118.982276424415019, 47.948382865082472 ], [ -118.982687676973754, 47.948982700684191 ], [ -118.982840990704531, 47.949470922527098 ], [ -118.982998950582072, 47.950652050847097 ], [ -118.983074424794822, 47.952079179412692 ], [ -118.983004320463834, 47.95288866344611 ], [ -118.982679024722103, 47.954235131609458 ], [ -118.98267331578991, 47.95425878315239 ], [ -118.982617208966914, 47.955505343487687 ], [ -118.982513934343061, 47.95589702092569 ], [ -118.982297179659611, 47.956719070087665 ], [ -118.982205163462694, 47.95706802531295 ], [ -118.982057293102031, 47.957884724998124 ], [ -118.982062291016774, 47.958422425384185 ], [ -118.982181528103112, 47.959492091450251 ], [ -118.982307413142777, 47.960621337957157 ], [ -118.982229525274391, 47.961559225295709 ], [ -118.982233761797474, 47.962025001590632 ], [ -118.982235914522022, 47.96226210064016 ], [ -118.982517932149079, 47.963601429139743 ], [ -118.982492844991, 47.964762035348919 ], [ -118.982542938322254, 47.965757023536213 ], [ -118.982552674731082, 47.965950437445905 ], [ -118.982436035528423, 47.968995440694016 ], [ -118.982431374800385, 47.9691170734488 ], [ -118.982309200464556, 47.96931334919713 ], [ -118.981911483158783, 47.969952259850082 ], [ -118.980968077491227, 47.971106141166935 ], [ -118.97995895503837, 47.972131668179344 ], [ -118.978736230051453, 47.973202067410519 ], [ -118.975861749385658, 47.975136764340014 ], [ -118.975843401512435, 47.975148741023673 ], [ -118.972649698106963, 47.977233557418323 ], [ -118.972147636297649, 47.977655010846107 ], [ -118.971660165248679, 47.978064316594001 ], [ -118.970394779219006, 47.978834239388924 ], [ -118.969594982869481, 47.979456023461928 ], [ -118.968936534113311, 47.980060099833025 ], [ -118.968193045814701, 47.980851191681566 ], [ -118.966606032766833, 47.982288827931221 ], [ -118.965942923231154, 47.982980901036896 ], [ -118.965324460281039, 47.983752006488018 ], [ -118.963918354173117, 47.985916355715396 ], [ -118.963772510787521, 47.986227637572625 ], [ -118.963489397289706, 47.986831927625502 ], [ -118.961088750837703, 47.991955268950541 ], [ -118.960942489880367, 47.992491309588281 ], [ -118.961117232588947, 47.996032867715805 ], [ -118.961071785557181, 47.99759613835262 ], [ -118.960998726112607, 47.998142401248359 ], [ -118.960705959076691, 47.998800229854261 ], [ -118.960340430276588, 47.999291592505244 ], [ -118.960040114232839, 47.999576521498163 ], [ -118.959552198266891, 47.999852110265977 ], [ -118.958408260854313, 48.000634815912576 ], [ -118.957380877705518, 48.001481731059798 ], [ -118.956208543324891, 48.002604276101678 ], [ -118.955414538493471, 48.003499496209145 ], [ -118.954862100817593, 48.004234075237996 ], [ -118.953931634468702, 48.005673993580288 ], [ -118.953577680280674, 48.006254577325173 ], [ -118.952321436412277, 48.008563969525056 ], [ -118.952163644291048, 48.009000805712425 ], [ -118.952070069497509, 48.009546461543863 ], [ -118.952101186313911, 48.011275882275882 ], [ -118.95191214548062, 48.012640926106258 ], [ -118.951708208458655, 48.0132580963732 ], [ -118.951338061322517, 48.014018924685921 ], [ -118.951010538702235, 48.014692119620612 ], [ -118.950686967713992, 48.016045792262709 ], [ -118.950591940083882, 48.017547043669325 ], [ -118.950664459570831, 48.018488924309686 ], [ -118.950781596793419, 48.018883849396431 ], [ -118.951231032046948, 48.019651479752483 ], [ -118.95209242915594, 48.020583519018878 ], [ -118.952470312388428, 48.020864992633051 ], [ -118.953819848110314, 48.0218743832868 ], [ -118.954650588802423, 48.022449774367352 ], [ -118.95561008339125, 48.023114320110345 ], [ -118.956130486361303, 48.023585771462002 ], [ -118.956657057270618, 48.024062794443637 ], [ -118.957262647333323, 48.024524426903682 ], [ -118.95906583952906, 48.025537292464428 ], [ -118.965447004344981, 48.028480483853144 ], [ -118.967245547836086, 48.029381782870168 ], [ -118.970118826235037, 48.031205064146221 ], [ -118.971687655179181, 48.032140337491953 ], [ -118.973269785894885, 48.033395428673039 ], [ -118.974190904307349, 48.034332536242005 ], [ -118.974713481764809, 48.034707305712033 ], [ -118.975596107480882, 48.035270454576761 ], [ -118.975789010363101, 48.035393533237851 ], [ -118.978744433263074, 48.03681921668862 ], [ -118.978856701829173, 48.036873371966493 ], [ -118.979090052730811, 48.03693316921094 ], [ -118.980238192363203, 48.037227374018997 ], [ -118.98278686768947, 48.037699382165258 ], [ -118.983815921723775, 48.037889945100815 ], [ -118.984815726025843, 48.038106214448725 ], [ -118.986096459152591, 48.038383235430516 ], [ -118.986559833172365, 48.038483457422942 ], [ -118.986668410203805, 48.038503036318332 ], [ -118.987733727962677, 48.038695113881772 ], [ -118.989686854395003, 48.039047233092703 ], [ -118.991242896847595, 48.039363374904298 ], [ -118.993159372118924, 48.039752707367981 ], [ -118.996015199594936, 48.040657527494297 ], [ -118.998651868360824, 48.04144021496532 ], [ -119.000226708975489, 48.042107996037771 ], [ -119.003190202424292, 48.043262762047455 ], [ -119.004725008749105, 48.044277650313305 ], [ -119.005996750773747, 48.04556294741117 ], [ -119.007092446335633, 48.046932337820387 ], [ -119.008681865374655, 48.04913509498386 ], [ -119.008894061103902, 48.049500938768823 ], [ -119.010130218415952, 48.051632094250515 ], [ -119.010888564283931, 48.053248853289745 ], [ -119.010981532863227, 48.053447042571499 ], [ -119.011480087244294, 48.054509875615345 ], [ -119.012157406608168, 48.056447148259963 ], [ -119.013478472973276, 48.061302865681036 ], [ -119.014281062376611, 48.063298931018053 ], [ -119.01507712790206, 48.064822602908741 ], [ -119.015141945963265, 48.064946659923628 ], [ -119.015222089250983, 48.065100039096869 ], [ -119.015919997724737, 48.066095117224116 ], [ -119.01643246969023, 48.066631473232775 ], [ -119.017729685171147, 48.067695245824872 ], [ -119.01813747158775, 48.068174248369985 ], [ -119.018335963465518, 48.068533600270449 ], [ -119.018793724395337, 48.06978362033491 ], [ -119.018973989369428, 48.07069711006838 ], [ -119.019223473816965, 48.07196132914676 ], [ -119.019451565783314, 48.072794887833261 ], [ -119.01955178302633, 48.073161124176551 ], [ -119.019945097114331, 48.07459839819731 ], [ -119.020049029251496, 48.074905532308918 ], [ -119.02073376487597, 48.076928875700446 ], [ -119.021051947388372, 48.077869028378302 ], [ -119.021147032798524, 48.078015660337364 ], [ -119.022120951205096, 48.080230663959028 ], [ -119.022557600525346, 48.081657375362227 ], [ -119.022780837756599, 48.082744072460414 ], [ -119.022793015585947, 48.082976751172623 ], [ -119.022871499020056, 48.08447635993128 ], [ -119.022603391075393, 48.087335478426347 ], [ -119.022594739235942, 48.0873973515275 ], [ -119.022532763805259, 48.0878404335404 ], [ -119.022314490386336, 48.089400989023204 ], [ -119.022278156005498, 48.09077189575266 ], [ -119.022285832052091, 48.090950190797543 ], [ -119.022326513048341, 48.091895477859595 ], [ -119.022409781209177, 48.09257543329435 ], [ -119.022457404796313, 48.093140176745081 ], [ -119.022471943062101, 48.093212254746732 ], [ -119.022676593810317, 48.094226979148345 ], [ -119.023947815745416, 48.099030968426995 ], [ -119.024639808926878, 48.103116887968 ], [ -119.025090157236875, 48.104648414175891 ], [ -119.025682346393594, 48.106166601977904 ], [ -119.025803613327398, 48.106477468241728 ], [ -119.025825329379444, 48.106533137249045 ], [ -119.02587638796463, 48.106649093266768 ], [ -119.026026417215121, 48.106989800773093 ], [ -119.026417589295818, 48.107895971764748 ], [ -119.027344974270108, 48.109715932392717 ], [ -119.028338763518022, 48.112092463432084 ], [ -119.028726025274466, 48.112867902987269 ], [ -119.028858236961156, 48.113132639716 ], [ -119.029536789197593, 48.114193300278316 ], [ -119.030281134828229, 48.115170493560896 ], [ -119.031128868562703, 48.116110625159436 ], [ -119.031886578265116, 48.116829970447732 ], [ -119.033126832627246, 48.11781319727735 ], [ -119.033208253287029, 48.117877734727898 ], [ -119.034632101965599, 48.118860615785742 ], [ -119.037774227414573, 48.120618763467185 ], [ -119.038015545174801, 48.120773879284734 ], [ -119.03816808847111, 48.120882667906081 ], [ -119.03839131632644, 48.121051342409885 ], [ -119.039475270084395, 48.121870369913601 ], [ -119.041854467078295, 48.12399257864525 ], [ -119.045306570729025, 48.126926957983024 ], [ -119.045901149175421, 48.127404898590839 ], [ -119.049654668934423, 48.130421806740827 ], [ -119.050364980986203, 48.131094527577645 ], [ -119.050837442740288, 48.131632427092669 ], [ -119.051846476929256, 48.133133514529185 ], [ -119.052416098294344, 48.133862406346836 ], [ -119.052677950372868, 48.134101319282507 ], [ -119.053416806259264, 48.13477543037304 ], [ -119.054394913225821, 48.135466842364352 ], [ -119.054925087515358, 48.135918737345399 ], [ -119.05584784488002, 48.136464520331643 ], [ -119.056970209654807, 48.136974039401409 ], [ -119.058413792513349, 48.137492603194566 ], [ -119.060810859693973, 48.138186589825033 ], [ -119.061100472184108, 48.138227816421228 ], [ -119.06466490664809, 48.139063398218326 ], [ -119.068034319099382, 48.140071257377073 ], [ -119.069215448598001, 48.140308299259161 ], [ -119.070085181057408, 48.140402452574563 ], [ -119.07173385646702, 48.140462518765446 ], [ -119.073369344220808, 48.140404573061737 ], [ -119.074996956122149, 48.140260501623743 ], [ -119.07728991262988, 48.139966131549578 ], [ -119.078868368440155, 48.139667928669532 ], [ -119.083236723387003, 48.13856180957599 ], [ -119.083492380770551, 48.138495676866413 ], [ -119.085728207800443, 48.13780851595557 ], [ -119.086876400051096, 48.13751772897254 ], [ -119.088345793892088, 48.137311935981103 ], [ -119.089980294322856, 48.137211266095491 ], [ -119.092027703757537, 48.13721039635908 ], [ -119.094688394789742, 48.137323014757278 ], [ -119.096727645788093, 48.137475096762408 ], [ -119.098337790650149, 48.137672772506626 ], [ -119.10012697233654, 48.137992437487334 ], [ -119.101675463158656, 48.138354470088295 ], [ -119.103183314165591, 48.138782986236592 ], [ -119.105084152376065, 48.139450970023098 ], [ -119.107267647880718, 48.140426002096568 ], [ -119.108133805012429, 48.14088874414707 ], [ -119.108856660863495, 48.141274913962562 ], [ -119.110340772867474, 48.142221564844071 ], [ -119.113722057406619, 48.144611698269166 ], [ -119.115525331312284, 48.145731964098765 ], [ -119.119676881539746, 48.147893361295182 ], [ -119.120239905059805, 48.148156219656691 ], [ -119.122371696200247, 48.149151430268667 ], [ -119.123780371138579, 48.149711772738989 ], [ -119.124394952420047, 48.149912313856639 ], [ -119.125402819494269, 48.150241180920858 ], [ -119.126520979499801, 48.15055518394054 ], [ -119.128414411054891, 48.150943349562269 ], [ -119.128501018273781, 48.150961103678839 ], [ -119.129731920148444, 48.151114516190937 ], [ -119.130358314030573, 48.151151433297457 ], [ -119.130962878681601, 48.151187060224885 ], [ -119.131852779815489, 48.151179068732588 ], [ -119.132193959014302, 48.151176004040607 ], [ -119.13341709101347, 48.151078011769648 ], [ -119.134237164112434, 48.150963661135023 ], [ -119.135309681590783, 48.150748571336756 ], [ -119.136071278589668, 48.15051929467564 ], [ -119.136841917240162, 48.150177553346197 ], [ -119.137434413805508, 48.149913918579074 ], [ -119.13961925759321, 48.148652845745652 ], [ -119.140590641096608, 48.148147907911749 ], [ -119.141284165935218, 48.147855788481969 ], [ -119.142452537784493, 48.147494613526241 ], [ -119.144007454891266, 48.147149852545994 ], [ -119.148120794627815, 48.146454682598879 ], [ -119.150983180442694, 48.146066771170915 ], [ -119.151759628585438, 48.14589199612179 ], [ -119.152509384569527, 48.145641237538449 ], [ -119.153125052259497, 48.145347117332484 ], [ -119.153728427782212, 48.144972685335375 ], [ -119.154526609544703, 48.144345937136187 ], [ -119.154585705311064, 48.144294161277671 ], [ -119.155774849184127, 48.143252353383794 ], [ -119.156203692824519, 48.142942686171622 ], [ -119.156609261108088, 48.142649821727652 ], [ -119.157481769465932, 48.142157158124384 ], [ -119.158528806502517, 48.141634462541596 ], [ -119.160109308391867, 48.140845417048823 ], [ -119.160811639328202, 48.140441922489636 ], [ -119.162285418495244, 48.13948839591712 ], [ -119.164211204812716, 48.138065815091551 ], [ -119.165429833055597, 48.137240418611739 ], [ -119.166877062268838, 48.135938517979874 ], [ -119.166927716695611, 48.135892949707326 ], [ -119.167399251221497, 48.135461454798318 ], [ -119.167629768861701, 48.135250799967295 ], [ -119.168276064723244, 48.13463610900736 ], [ -119.168359732741905, 48.134556529881934 ], [ -119.169721504247846, 48.13308173825795 ], [ -119.170251880142573, 48.132506677632989 ], [ -119.171406251088158, 48.131539671002763 ], [ -119.172819159527052, 48.130546946144669 ], [ -119.175003911909911, 48.129223227465729 ], [ -119.175966547087157, 48.128712419533151 ], [ -119.176128164662913, 48.128647214813341 ], [ -119.177023255721053, 48.128286087717569 ], [ -119.177796354005693, 48.128069173777085 ], [ -119.17853023881473, 48.12794497228073 ], [ -119.179346313018087, 48.127890070790059 ], [ -119.180577705228927, 48.127925794984989 ], [ -119.181692747144368, 48.128030423812433 ], [ -119.182487645013026, 48.128167805217558 ], [ -119.183717933618198, 48.12850249495294 ], [ -119.185909609295933, 48.129098677018156 ], [ -119.187099748038293, 48.12931287420944 ], [ -119.18795385303865, 48.129375506037391 ], [ -119.189186653119478, 48.129357709859867 ], [ -119.18999747427327, 48.12926737458443 ], [ -119.19093181130539, 48.129066362415415 ], [ -119.191625033032736, 48.128847590972818 ], [ -119.192322034065327, 48.128558638161792 ], [ -119.19488404309206, 48.127186472735787 ], [ -119.195894592639632, 48.126715282940438 ], [ -119.196875356192081, 48.126372216371927 ], [ -119.19911315384843, 48.125688095984238 ], [ -119.200185524261698, 48.125197325220952 ], [ -119.201015200629925, 48.124586699589614 ], [ -119.202160802749205, 48.12344818987215 ], [ -119.204580312904938, 48.121271161400841 ], [ -119.204803872936239, 48.121085189418089 ], [ -119.208370180050522, 48.118119685690587 ], [ -119.209219725749477, 48.117524979275537 ], [ -119.210141845665731, 48.116974582820781 ], [ -119.211656351954886, 48.116218746455516 ], [ -119.212745432667219, 48.115785272640366 ], [ -119.213785499834614, 48.115479465948773 ], [ -119.213842023398996, 48.115462846245357 ], [ -119.21466153502206, 48.115341110659756 ], [ -119.215300751150224, 48.115313471056304 ], [ -119.216108291714292, 48.115431382785381 ], [ -119.216697582069884, 48.115624064887115 ], [ -119.217588428980278, 48.115915339313631 ], [ -119.220034550094454, 48.116483969168513 ], [ -119.220847027598822, 48.116569702694377 ], [ -119.221892406019521, 48.116501567859714 ], [ -119.223045402384003, 48.116214449250265 ], [ -119.225234960051338, 48.115461837699613 ], [ -119.231051213539047, 48.11392415095218 ], [ -119.232539724019787, 48.113466020176581 ], [ -119.233334627796168, 48.113172535486605 ], [ -119.234019951071986, 48.112754750727341 ], [ -119.234682464832701, 48.112350722436183 ], [ -119.236636344291938, 48.110228361423999 ], [ -119.237062411767127, 48.109844101288843 ], [ -119.237566998110452, 48.109389020163945 ], [ -119.238811704975973, 48.108851783237604 ], [ -119.243152958082689, 48.106566425935696 ], [ -119.246894865183265, 48.104688532248638 ], [ -119.246925705685385, 48.104678256239652 ], [ -119.248247798781648, 48.104237861123821 ], [ -119.249923506008713, 48.103546118525742 ], [ -119.251977103125483, 48.102796174499588 ], [ -119.252552839805801, 48.102585915584065 ], [ -119.252850995897077, 48.102528871941686 ], [ -119.254392325098891, 48.102233981396637 ], [ -119.255150836370504, 48.102170056514773 ], [ -119.256850337862176, 48.102027153205768 ], [ -119.260053104651888, 48.102107165970146 ], [ -119.260160830439077, 48.10210985708963 ], [ -119.26021641551155, 48.102119593913244 ], [ -119.262037339551952, 48.102438533461616 ], [ -119.262995165937852, 48.10260628911216 ], [ -119.26484592233237, 48.103256787329627 ], [ -119.265365000044966, 48.103487697665621 ], [ -119.26669475557577, 48.104079220834585 ], [ -119.266920041070136, 48.104129637353196 ], [ -119.267993383364001, 48.104369827535223 ], [ -119.269423200579027, 48.104561038992806 ], [ -119.271165384088704, 48.10531138145307 ], [ -119.271326654703117, 48.1054023730929 ], [ -119.272292306558981, 48.105947209407368 ], [ -119.273562708905658, 48.106663959555711 ], [ -119.273946417624472, 48.106881736922617 ], [ -119.276616294940311, 48.108222698129332 ], [ -119.277217014393813, 48.108524942184459 ], [ -119.281126099008688, 48.110442245228938 ], [ -119.284119642921056, 48.111783638037515 ], [ -119.286034035886601, 48.112806538017686 ], [ -119.288562857041754, 48.113988853865216 ], [ -119.290134201822326, 48.114537562241615 ], [ -119.291485770446144, 48.114841038852326 ], [ -119.292074518223359, 48.114973227738986 ], [ -119.294227117729079, 48.115271129091319 ], [ -119.294932592985333, 48.115368753398435 ], [ -119.296350175806964, 48.115413756214245 ], [ -119.298584999752038, 48.115484671181441 ], [ -119.299253718649439, 48.115227823543414 ], [ -119.300208709125087, 48.11470079344415 ], [ -119.301503141309723, 48.114228435106796 ], [ -119.303186406448134, 48.113341825855784 ], [ -119.30523517464519, 48.11272105523328 ], [ -119.307294585235624, 48.11178178413288 ], [ -119.308666417819779, 48.110776731685164 ], [ -119.311031845881359, 48.109572446384774 ], [ -119.314297155854049, 48.107862705133634 ], [ -119.315827420012852, 48.106872051296158 ], [ -119.316303101970462, 48.106563366307476 ], [ -119.316460758956069, 48.106461053807195 ], [ -119.317135480143151, 48.1060231951747 ], [ -119.318001822569158, 48.105321335627487 ], [ -119.319848667536874, 48.103825048009291 ], [ -119.320185399334591, 48.103588604643591 ], [ -119.320831425097779, 48.10313242208435 ], [ -119.322335686357576, 48.102070159983342 ], [ -119.322581062605664, 48.101896472435755 ], [ -119.323582943539208, 48.101056799332611 ], [ -119.324689962860418, 48.100128968489827 ], [ -119.32629048508899, 48.09828128683742 ], [ -119.326460046266291, 48.098085528480162 ], [ -119.326761952547216, 48.097678719351947 ], [ -119.327520831161834, 48.09665612072029 ], [ -119.327967977972563, 48.094666269197816 ], [ -119.327986705926719, 48.094340814712268 ], [ -119.328009785592144, 48.093939787928548 ], [ -119.328111098837226, 48.092179360674876 ], [ -119.328286002766674, 48.090656863003659 ], [ -119.328966522574234, 48.086533505455087 ], [ -119.329244567492964, 48.08552759115274 ], [ -119.329402634454539, 48.084955710902349 ], [ -119.329417860907313, 48.084900610509841 ], [ -119.329606264381553, 48.08421896359576 ], [ -119.329611333809794, 48.084200617735256 ], [ -119.329716983995993, 48.083192545514294 ], [ -119.329783106086936, 48.082561658466936 ], [ -119.329821424702615, 48.082196056917184 ], [ -119.329795725728388, 48.081778735683557 ], [ -119.329766034834293, 48.081296587436086 ], [ -119.329741100800604, 48.080891678446172 ], [ -119.329729665853904, 48.080705979139815 ], [ -119.329178674035859, 48.079904398510266 ], [ -119.329040064958349, 48.079702743112996 ], [ -119.328802413915255, 48.07935699329564 ], [ -119.328809822037485, 48.078784771802887 ], [ -119.328813909442616, 48.078469084571097 ], [ -119.328587592305894, 48.077792564749757 ], [ -119.328357388756345, 48.07710712521363 ], [ -119.328191058986775, 48.076040533257355 ], [ -119.328078087005977, 48.075316098262924 ], [ -119.327967007916484, 48.073224568245969 ], [ -119.327806790318633, 48.0718172314374 ], [ -119.327792441886601, 48.071691202420901 ], [ -119.327934329575569, 48.070273689883415 ], [ -119.328610598770979, 48.068728730900844 ], [ -119.32888283844234, 48.067987579240636 ], [ -119.329356901121699, 48.06669695177073 ], [ -119.330236974714282, 48.063977833216228 ], [ -119.330249779845971, 48.063861096696712 ], [ -119.330265827100121, 48.063714805056527 ], [ -119.330610626467291, 48.063537863305569 ], [ -119.330701015811911, 48.06333353588559 ], [ -119.330672010037972, 48.0631499376221 ], [ -119.330643628063683, 48.062970311521482 ], [ -119.330676743608677, 48.062767130599148 ], [ -119.330643582211636, 48.062556438874317 ], [ -119.330433669191876, 48.062392991019564 ], [ -119.330493804200245, 48.062242837081101 ], [ -119.330768338177322, 48.061557373392937 ], [ -119.33108775940606, 48.060759796632858 ], [ -119.331736174945803, 48.05914067278021 ], [ -119.332330135204245, 48.057423563773227 ], [ -119.333111013095106, 48.056036195040917 ], [ -119.334061123004176, 48.054849889133735 ], [ -119.335145208359208, 48.053334631761217 ], [ -119.337055739956824, 48.051878571449492 ], [ -119.33858113556073, 48.050923022775031 ], [ -119.340553123617553, 48.050011572044554 ], [ -119.341031272281626, 48.049895108027052 ], [ -119.341220957138617, 48.049848904888329 ], [ -119.342007966783797, 48.049657257818673 ], [ -119.343523365095635, 48.049431984979847 ], [ -119.346208795654917, 48.049725589332773 ], [ -119.348230027979952, 48.050017098101172 ], [ -119.349570964902568, 48.050292656542133 ], [ -119.34991924046443, 48.050380011642105 ], [ -119.350837122784654, 48.050610231753524 ], [ -119.350955365343182, 48.050639886169222 ], [ -119.352679994621923, 48.050944837803527 ], [ -119.355787503129392, 48.051668895691591 ], [ -119.357449139941522, 48.05195945966836 ], [ -119.359504816583168, 48.052229405423127 ], [ -119.359805836213113, 48.052268930136322 ], [ -119.360007126267703, 48.05229536217221 ], [ -119.362176934091693, 48.052460340201023 ], [ -119.362776780638285, 48.052505940318738 ], [ -119.363317102096502, 48.05254701540477 ], [ -119.364081885462724, 48.052628734286735 ], [ -119.364968972613326, 48.052724318369556 ], [ -119.366690516574465, 48.052798473725773 ], [ -119.368734989267168, 48.052778410008756 ], [ -119.370476803606451, 48.052669397692128 ], [ -119.37168189935737, 48.052518211660114 ], [ -119.371985834151928, 48.052469267098836 ], [ -119.374065229409084, 48.052134362077524 ], [ -119.376194126154459, 48.051891242682665 ], [ -119.376250043782463, 48.051886295194521 ], [ -119.379077472525921, 48.051636090476975 ], [ -119.384223348390364, 48.051292363006787 ], [ -119.385831012345804, 48.051141780567669 ], [ -119.389005230022363, 48.050659593083459 ], [ -119.391922144336945, 48.050064224896168 ], [ -119.392938779823965, 48.049929218292831 ], [ -119.39415687855454, 48.04983410961767 ], [ -119.396197024695326, 48.049819013523795 ], [ -119.398238687594741, 48.049927230763714 ], [ -119.398545726344722, 48.049957116996573 ], [ -119.400645637212662, 48.050161478872816 ], [ -119.402232545832391, 48.050417820385107 ], [ -119.403377042664104, 48.05071765233037 ], [ -119.404107745712295, 48.050963955045233 ], [ -119.405111608630236, 48.051445080514711 ], [ -119.405863923766162, 48.052030722308793 ], [ -119.40635818565201, 48.053124793911863 ], [ -119.407008359571307, 48.053535896412548 ], [ -119.407586985357568, 48.053842152328514 ], [ -119.407725913523407, 48.053915594314638 ], [ -119.408230033618011, 48.05434819464903 ], [ -119.408808589711043, 48.054740017304169 ], [ -119.409393657917548, 48.055014727544602 ], [ -119.410830141742338, 48.055537141435245 ], [ -119.412394218157104, 48.056217981912319 ], [ -119.414369819058152, 48.057165722103754 ], [ -119.415842582630034, 48.057930810176209 ], [ -119.415985927218458, 48.058005277624481 ], [ -119.417969687267501, 48.059162013700202 ], [ -119.419669200369597, 48.060255870499596 ], [ -119.422627390609151, 48.062159679277059 ], [ -119.423252325574722, 48.062561842069201 ], [ -119.423994340319723, 48.063168863713528 ], [ -119.424778895235065, 48.063896534930798 ], [ -119.427247616035586, 48.066545542700887 ], [ -119.427564131768818, 48.066885155112224 ], [ -119.428311063196901, 48.067862197312387 ], [ -119.428501936456385, 48.0681661779481 ], [ -119.429105037122795, 48.069126616194197 ], [ -119.429337966916307, 48.069754159519178 ], [ -119.429348136340096, 48.069768726093017 ], [ -119.429354113313792, 48.069777282366623 ], [ -119.429660715690105, 48.070216307361505 ], [ -119.429822799543828, 48.070448395938683 ], [ -119.430533689093068, 48.070840461171265 ], [ -119.430659400735252, 48.070993047860235 ], [ -119.431369915137225, 48.071855434923158 ], [ -119.431564257767349, 48.072091319119799 ], [ -119.431841609113931, 48.072439574367792 ], [ -119.432102193243935, 48.072766767356072 ], [ -119.432341091609459, 48.073066736191713 ], [ -119.432581143982333, 48.07333824654382 ], [ -119.43290783322955, 48.073707754292265 ], [ -119.433937449517103, 48.074872264554543 ], [ -119.434126702049767, 48.075002304155333 ], [ -119.43504946518398, 48.075636341637903 ], [ -119.436256585874332, 48.076688477245682 ], [ -119.437066156905715, 48.077131690598563 ], [ -119.437522800689578, 48.077381679272001 ], [ -119.438487661303114, 48.077784980943555 ], [ -119.438506334352468, 48.077792787853973 ], [ -119.438917985751644, 48.077965741693987 ], [ -119.4402653428712, 48.078486872658253 ], [ -119.44073157713899, 48.078667193461925 ], [ -119.440996159442548, 48.078707448890469 ], [ -119.442281694049896, 48.078903025717572 ], [ -119.442726352173906, 48.078970669436018 ], [ -119.444133566507944, 48.078983301806062 ], [ -119.444171158914557, 48.078983639037126 ], [ -119.444280711656333, 48.079008277194895 ], [ -119.44514867659062, 48.079203458418483 ], [ -119.446266014904452, 48.079117003363287 ], [ -119.446874307268203, 48.079069932088331 ], [ -119.446934786671562, 48.079051208457521 ], [ -119.448980652492764, 48.078417853608279 ], [ -119.449875532326629, 48.078140802888932 ], [ -119.449981620090071, 48.078149053491273 ], [ -119.451337116197635, 48.078254444728572 ], [ -119.453746629003035, 48.078441750423885 ], [ -119.454203997422411, 48.078477298230702 ], [ -119.454739587691932, 48.078561792622594 ], [ -119.456922599790417, 48.078906162944108 ], [ -119.456955845832184, 48.078911407367109 ], [ -119.457370851051536, 48.079053171557469 ], [ -119.457674806987086, 48.079156997360165 ], [ -119.458683937862148, 48.079501698727931 ], [ -119.459402693596488, 48.079702854087309 ], [ -119.460640080206829, 48.080049139556657 ], [ -119.46073088667795, 48.080074553280362 ], [ -119.461467736482646, 48.080176388456046 ], [ -119.462517370810488, 48.080321440779663 ], [ -119.463231289809755, 48.080334262604396 ], [ -119.464018326050805, 48.080348395155767 ], [ -119.464393694923842, 48.080355132586689 ], [ -119.466071309999137, 48.080311621138655 ], [ -119.466084797697505, 48.080311270950055 ], [ -119.466896096848345, 48.080290219876851 ], [ -119.466963194708157, 48.080259438251638 ], [ -119.46872812900007, 48.07944966398663 ], [ -119.468897373126154, 48.079361603927929 ], [ -119.470039888244372, 48.078767133582083 ], [ -119.470300300643345, 48.078631634914139 ], [ -119.470390149761926, 48.078605312235254 ], [ -119.471132521544888, 48.078387814012864 ], [ -119.47128782166763, 48.078342315717855 ], [ -119.47271602662498, 48.07820694052117 ], [ -119.472846894830496, 48.078194537930273 ], [ -119.472964782886649, 48.078233849389477 ], [ -119.473840868276156, 48.078525993678831 ], [ -119.474351315193246, 48.078535666774258 ], [ -119.47451198997922, 48.078538711260975 ], [ -119.475088510116734, 48.078549631045604 ], [ -119.476716184755304, 48.078412268833901 ], [ -119.476825969594401, 48.078403003040421 ], [ -119.47817344435822, 48.078458985843085 ], [ -119.478527853267678, 48.078473710338542 ], [ -119.479372580982215, 48.078508799413704 ], [ -119.480299251169811, 48.078547281031078 ], [ -119.481998672786276, 48.078664495581577 ], [ -119.483163820916161, 48.078725816461208 ], [ -119.484171536325718, 48.078699962861343 ], [ -119.484555805549661, 48.078794257530546 ], [ -119.485327629122239, 48.078983649742881 ], [ -119.486468210884723, 48.079332481347102 ], [ -119.486700799536436, 48.079435518426607 ], [ -119.490335798665171, 48.081045727790119 ], [ -119.490465227007917, 48.081103055815923 ], [ -119.492122235451575, 48.081742652102015 ], [ -119.492785569010238, 48.081998681948477 ], [ -119.493643115252127, 48.082210688869139 ], [ -119.493680788581841, 48.082220000542364 ], [ -119.49518410281452, 48.082499400830365 ], [ -119.495286259035268, 48.082518383561286 ], [ -119.495382375717483, 48.082518129574808 ], [ -119.497342459230083, 48.082512954786012 ], [ -119.499309308319681, 48.08270190844113 ], [ -119.500764529438456, 48.082466282018565 ], [ -119.500993619572313, 48.082429187698004 ], [ -119.501359589438763, 48.08227772184415 ], [ -119.502461485181414, 48.081821660229878 ], [ -119.502493221370628, 48.08180645505513 ], [ -119.50382739818032, 48.081167325377443 ], [ -119.503859027265108, 48.081154722616738 ], [ -119.504848254797494, 48.080760499813259 ], [ -119.504984037340336, 48.080706386498711 ], [ -119.507231956151116, 48.079611704509958 ], [ -119.509367755197232, 48.07900972029455 ], [ -119.509509145800081, 48.078908587971142 ], [ -119.510594834208078, 48.078132024498487 ], [ -119.510652798889637, 48.078090562185778 ], [ -119.511617182926827, 48.077490267101638 ], [ -119.511713059924801, 48.07743058161077 ], [ -119.512660683243809, 48.077044034570754 ], [ -119.51333302169482, 48.076769776008142 ], [ -119.513510873124048, 48.076659327287793 ], [ -119.514485440839991, 48.076054094917154 ], [ -119.515681624560699, 48.075119460799371 ], [ -119.516111148233804, 48.074783843166919 ], [ -119.51606852349579, 48.074396010533199 ], [ -119.515891401386995, 48.07278429442124 ], [ -119.515893338746494, 48.072680231247894 ], [ -119.515911062566275, 48.071728196073337 ], [ -119.515923405788996, 48.071690331876205 ], [ -119.516601430430541, 48.069609961410926 ], [ -119.516586705314751, 48.069133615678801 ], [ -119.516515883368896, 48.066842292495281 ], [ -119.516941688982243, 48.064795564584536 ], [ -119.517023759735864, 48.064401050859587 ], [ -119.517342805734543, 48.06324254540246 ], [ -119.51754809928623, 48.062677091601969 ], [ -119.51757080447473, 48.062614556360614 ], [ -119.518048891134086, 48.062083807483312 ], [ -119.518515158207705, 48.061566168397057 ], [ -119.520029470454574, 48.060258454909729 ], [ -119.521537615428869, 48.059076246117527 ], [ -119.522615905665319, 48.058230948092934 ], [ -119.524105632850677, 48.057063056918821 ], [ -119.524130754583567, 48.057043364657922 ], [ -119.526281113711931, 48.055995599707749 ], [ -119.527258565058276, 48.055519305883756 ], [ -119.530385778355281, 48.05401812115489 ], [ -119.530420335928198, 48.054014231795996 ], [ -119.530738579641493, 48.053978431525259 ], [ -119.532519610741772, 48.053778062962152 ], [ -119.532668076495654, 48.053761359269572 ], [ -119.535506487412079, 48.053433797834245 ], [ -119.536090973646893, 48.053326546115166 ], [ -119.536553457131362, 48.053241978039068 ], [ -119.539031873642557, 48.052788750558143 ], [ -119.541073091948221, 48.052050582932566 ], [ -119.543134041552463, 48.050769987923111 ], [ -119.544864842407989, 48.050100072430688 ], [ -119.545734997329092, 48.049763256719025 ], [ -119.545806886117575, 48.049735429145585 ], [ -119.5465082419108, 48.049197798652038 ], [ -119.546827825259967, 48.048929382157887 ], [ -119.546961888909252, 48.048820103403898 ], [ -119.547760351902184, 48.048169239066311 ], [ -119.547885724873126, 48.048067045017106 ], [ -119.548261080659586, 48.047830189116134 ], [ -119.5498376440746, 48.046835314850412 ], [ -119.550595887929319, 48.046678038463348 ], [ -119.550613833068411, 48.046674316085394 ], [ -119.55087089054625, 48.046620994244265 ], [ -119.551146769516322, 48.046461758838809 ], [ -119.553286715963253, 48.045226560045414 ], [ -119.554696659351393, 48.04436951836685 ], [ -119.554859145672452, 48.044222984450379 ], [ -119.556464501494446, 48.04277522807007 ], [ -119.556789017380481, 48.042482554218168 ], [ -119.557029761170526, 48.04195032787014 ], [ -119.557100112957329, 48.041794796832697 ], [ -119.5585380165749, 48.040457623488791 ], [ -119.558619410210213, 48.040381928069429 ], [ -119.558671761724767, 48.040312909636896 ], [ -119.559397457802049, 48.039356161933291 ], [ -119.5596189618376, 48.039064125098008 ], [ -119.560703727933245, 48.038199054230034 ], [ -119.56106066181448, 48.037914397177786 ], [ -119.562841117903631, 48.036738811525041 ], [ -119.563153309479517, 48.036532668283186 ], [ -119.564137341578174, 48.035697199069858 ], [ -119.564277112573095, 48.035578525601402 ], [ -119.564400436985864, 48.035473814197957 ], [ -119.565834056608864, 48.034666968222524 ], [ -119.567132935812623, 48.033935912043951 ], [ -119.568535681550784, 48.033181243888542 ], [ -119.56921127436155, 48.032817766524396 ], [ -119.569587797799102, 48.032632514893429 ], [ -119.570922341864801, 48.031975889123807 ], [ -119.573231078621276, 48.031159435496733 ], [ -119.573391014132625, 48.031102870883672 ], [ -119.573494877730639, 48.031054059209048 ], [ -119.575131615620123, 48.030284837164302 ], [ -119.575767480818186, 48.029985990861519 ], [ -119.576046287093618, 48.029870920294435 ], [ -119.576934428912281, 48.029504354342407 ], [ -119.577355710852032, 48.029330471820927 ], [ -119.577539427246023, 48.029240283359684 ], [ -119.578427127727309, 48.028804481474339 ], [ -119.578608406517645, 48.028735801089731 ], [ -119.580483468511957, 48.028025385655319 ], [ -119.582624482872134, 48.027227578395546 ], [ -119.583221798251088, 48.027004990503954 ], [ -119.583400055659155, 48.02692013323459 ], [ -119.584842544281457, 48.026233442209609 ], [ -119.584878538342281, 48.026216307408859 ], [ -119.586564355418048, 48.025439721875642 ], [ -119.587873133599004, 48.024836793116513 ], [ -119.588845984888323, 48.024372611288335 ], [ -119.58980232484079, 48.023916293946328 ], [ -119.590834955428349, 48.023423555416393 ], [ -119.593267160721837, 48.021917089591469 ], [ -119.595094092083556, 48.02086237808394 ], [ -119.595103012936448, 48.020855545437541 ], [ -119.596392449686661, 48.019867776917081 ], [ -119.596945707726618, 48.019329101867349 ], [ -119.597669068328628, 48.018604695409827 ], [ -119.598728915364248, 48.018064740765993 ], [ -119.599077762993744, 48.017887007422168 ], [ -119.599937234698615, 48.01719503377798 ], [ -119.600625597672604, 48.016640807240307 ], [ -119.60166100464177, 48.015563440342312 ], [ -119.602863783386837, 48.014798660339082 ], [ -119.604223103324927, 48.01389610246877 ], [ -119.606108518948943, 48.012296135300801 ], [ -119.607545712392366, 48.010703868059267 ], [ -119.609210658636158, 48.00838964844489 ], [ -119.610315512847507, 48.006817092121622 ], [ -119.61100409558685, 48.005205143002591 ], [ -119.611379560430038, 48.004735192603427 ], [ -119.611674718580772, 48.004292653278888 ], [ -119.612535890923681, 48.003001403821798 ], [ -119.613240684061893, 48.00188844429789 ], [ -119.614123933053463, 48.000571113372679 ], [ -119.614446994460437, 48.000089259539166 ], [ -119.615522354144957, 47.999029688720917 ], [ -119.617212208058845, 47.998162863529295 ], [ -119.619441648658466, 47.997266033944065 ], [ -119.62072379598068, 47.996782286798371 ], [ -119.621657439875975, 47.996625148675108 ], [ -119.622342878460927, 47.996663162547357 ], [ -119.622924926621636, 47.996700255522981 ], [ -119.623585035224693, 47.996742321346879 ], [ -119.624058244259558, 47.99677120218729 ], [ -119.625023257536867, 47.996694467582302 ], [ -119.626192669227478, 47.996480806382351 ], [ -119.628378191991416, 47.996309647649689 ], [ -119.631053465486119, 47.996278070233359 ], [ -119.633379170996463, 47.996397340181872 ], [ -119.633743826723929, 47.996437435515801 ], [ -119.634165981197626, 47.996483851615629 ], [ -119.636040986012134, 47.996689980216388 ], [ -119.63774188854714, 47.996935442196666 ], [ -119.640329625401748, 47.997392246069488 ], [ -119.640687322452735, 47.997494216660783 ], [ -119.640956573410548, 47.997512986395591 ], [ -119.643707953287546, 47.998080900113976 ], [ -119.645803283352066, 47.998562086662012 ], [ -119.646053023599904, 47.998619463337306 ], [ -119.647634228081955, 47.99898271968987 ], [ -119.650017394836127, 47.999596149715828 ], [ -119.651233500292776, 47.999909151915581 ], [ -119.651408693535728, 47.999941700613888 ], [ -119.651764886814078, 48.000007875156214 ], [ -119.652467969224489, 48.000220563541447 ], [ -119.653047662517125, 48.00043397555018 ], [ -119.653933623472042, 48.000760126436454 ], [ -119.6552114539505, 48.001171531287504 ], [ -119.656316632836422, 48.001655026465777 ], [ -119.656826488681929, 48.001825189013097 ], [ -119.658403399211707, 48.002564858679264 ], [ -119.660128292894342, 48.003761604868956 ], [ -119.661056512202848, 48.004694315252202 ], [ -119.661376552240327, 48.005015906958846 ], [ -119.66175620667785, 48.005392796253332 ], [ -119.661893542194036, 48.00552913231477 ], [ -119.664667927686352, 48.008283122182121 ], [ -119.665714595838608, 48.008995293654372 ], [ -119.66584703321054, 48.00907461176017 ], [ -119.667145005010255, 48.009852024058944 ], [ -119.668602165750414, 48.010666328309377 ], [ -119.668948855644729, 48.010860064369062 ], [ -119.669483838381367, 48.011259230136972 ], [ -119.670217153073835, 48.011726476632248 ], [ -119.670780053916303, 48.012085132711633 ], [ -119.671398069232481, 48.01239785263806 ], [ -119.671698361667595, 48.012654507503555 ], [ -119.672697307377803, 48.013295373535648 ], [ -119.673147650211163, 48.013494178460604 ], [ -119.674167941082061, 48.014206414207116 ], [ -119.67542158485179, 48.014869546017998 ], [ -119.676211987381151, 48.015287628095344 ], [ -119.676696778593396, 48.015610702034976 ], [ -119.67676789933904, 48.015658100121698 ], [ -119.676809743280884, 48.015676358873101 ], [ -119.677321777306858, 48.015899766509882 ], [ -119.678853128953833, 48.016724836836659 ], [ -119.681089560918139, 48.017790861941073 ], [ -119.681833991927277, 48.018260960566735 ], [ -119.682687364327833, 48.018687603206878 ], [ -119.683263553464315, 48.019023705387688 ], [ -119.684104468878672, 48.019514220138745 ], [ -119.684563996713251, 48.0197832618612 ], [ -119.688418960225988, 48.022546623413525 ], [ -119.68867769249708, 48.022732077832913 ], [ -119.689080506157936, 48.023106228542986 ], [ -119.690103700023016, 48.02405782564616 ], [ -119.69040789416249, 48.024446179750079 ], [ -119.691109589283286, 48.025341993186217 ], [ -119.691624288224205, 48.026284265562509 ], [ -119.692053103180257, 48.026697968177523 ], [ -119.692201859901544, 48.027126573562846 ], [ -119.693075373787138, 48.028521825670794 ], [ -119.69348757245497, 48.029625416590008 ], [ -119.693556868353667, 48.030054491136724 ], [ -119.693602419178021, 48.030336526613269 ], [ -119.693750797963673, 48.03125527398457 ], [ -119.693712029283375, 48.032056346844861 ], [ -119.693565980778345, 48.032322780671372 ], [ -119.693413613383811, 48.032600745056762 ], [ -119.693269734848698, 48.033058830818682 ], [ -119.693034787575641, 48.033459777520449 ], [ -119.692759626802115, 48.033815225581044 ], [ -119.692121701199099, 48.034635643102717 ], [ -119.691832196901856, 48.035007952656393 ], [ -119.69119472487111, 48.036063289359824 ], [ -119.690585302175577, 48.037072157016993 ], [ -119.690482083847797, 48.037243021520993 ], [ -119.690142001804816, 48.037701834669747 ], [ -119.689359392199862, 48.038633770837279 ], [ -119.689029685837568, 48.038947722554063 ], [ -119.68851129536796, 48.039437148230526 ], [ -119.687792575333447, 48.040206369929372 ], [ -119.685442560742629, 48.042721326840322 ], [ -119.684068989169774, 48.044327157857097 ], [ -119.682859889066961, 48.045616227268155 ], [ -119.682818111785465, 48.045660766901882 ], [ -119.682587111066766, 48.046062046823415 ], [ -119.682526141767951, 48.046116475764137 ], [ -119.682249335137669, 48.046363589390744 ], [ -119.682162005341581, 48.04659251697317 ], [ -119.681590671404038, 48.047421347117655 ], [ -119.681085293350961, 48.048154467308542 ], [ -119.680961909402484, 48.048467775932409 ], [ -119.680792859827065, 48.048998962480113 ], [ -119.68075347651758, 48.049122724488136 ], [ -119.680613056078286, 48.049347882368302 ], [ -119.680401474929482, 48.049957542532802 ], [ -119.680202305925562, 48.050531418244397 ], [ -119.679122978162752, 48.053225744447495 ], [ -119.679083879663963, 48.053323331154708 ], [ -119.678559770767791, 48.054297418179338 ], [ -119.678364404571809, 48.054909929749073 ], [ -119.678304083138983, 48.055099041564056 ], [ -119.678124663148907, 48.055442179119638 ], [ -119.677242229187073, 48.057129751758559 ], [ -119.676386863266302, 48.058765432678513 ], [ -119.676073904944531, 48.059240664894951 ], [ -119.674357909319653, 48.06184622113291 ], [ -119.6737028575116, 48.06268542617881 ], [ -119.67365065821339, 48.062755303442771 ], [ -119.672153764195642, 48.0647413966486 ], [ -119.671374381273296, 48.066073751350253 ], [ -119.67046624849111, 48.067921479268293 ], [ -119.670066424748541, 48.069166710827737 ], [ -119.670011799012897, 48.069406567953898 ], [ -119.669857809601908, 48.07008270870741 ], [ -119.66988059402459, 48.070454587416187 ], [ -119.669695865058074, 48.071799312082298 ], [ -119.669698905176816, 48.072704690312229 ], [ -119.669707382119881, 48.075231672879845 ], [ -119.669742723569357, 48.075362920650477 ], [ -119.67018075410536, 48.076989586116802 ], [ -119.670429596872438, 48.077615882893291 ], [ -119.670524969718144, 48.077860830406898 ], [ -119.670825660672335, 48.078246121189636 ], [ -119.670953870449353, 48.078546277240655 ], [ -119.671618258442564, 48.079602875521942 ], [ -119.67172318600943, 48.079747356063464 ], [ -119.672656577382611, 48.081032580136451 ], [ -119.672665237320913, 48.081044508050418 ], [ -119.672943658065918, 48.081286628424479 ], [ -119.673460552260991, 48.082013520951577 ], [ -119.673774872297528, 48.082455523223594 ], [ -119.674076378488195, 48.082742360196249 ], [ -119.67679227155692, 48.08589540031128 ], [ -119.677450792803484, 48.086422781830194 ], [ -119.678049651303709, 48.087107713587351 ], [ -119.678714607368789, 48.087749225340914 ], [ -119.67971956240676, 48.088890367189464 ], [ -119.679758735369688, 48.088944301875841 ], [ -119.680724883097241, 48.090274563588515 ], [ -119.681022052325545, 48.090604225116408 ], [ -119.681432683939889, 48.091059746435675 ], [ -119.681968214574454, 48.091562047908155 ], [ -119.682829908426697, 48.092370240374535 ], [ -119.682846031541345, 48.092385782048652 ], [ -119.682981109236295, 48.092512953081808 ], [ -119.683266340032546, 48.092712339908054 ], [ -119.683715715375769, 48.093026463380788 ], [ -119.683955339849419, 48.093120820909668 ], [ -119.684256702421933, 48.093239490320435 ], [ -119.684293111303248, 48.093253826684006 ], [ -119.684396281565668, 48.09325057848357 ], [ -119.685291824550035, 48.093222373028198 ], [ -119.686349190556044, 48.092835554937324 ], [ -119.687006999734692, 48.092490641244247 ], [ -119.687169114276728, 48.092392412691147 ], [ -119.687335313432939, 48.092292156633448 ], [ -119.687820492438533, 48.091999160088136 ], [ -119.688323290650786, 48.091790228577153 ], [ -119.688672773549499, 48.091644999620065 ], [ -119.688740724957896, 48.091615485355398 ], [ -119.689661159653994, 48.091017679143086 ], [ -119.690916250700297, 48.0902023945766 ], [ -119.691715881907172, 48.08958494379106 ], [ -119.691957393995111, 48.089398454356768 ], [ -119.692186358123593, 48.089274603243368 ], [ -119.692701905053099, 48.088995728162082 ], [ -119.692786367927766, 48.088885919998404 ], [ -119.692977399462535, 48.088637552263194 ], [ -119.69358989659824, 48.088306517534278 ], [ -119.695417024145627, 48.087056925633576 ], [ -119.698176649263289, 48.085403937349653 ], [ -119.698514236174873, 48.085260132789564 ], [ -119.699236617090392, 48.084828739008501 ], [ -119.700447472175938, 48.08428182542103 ], [ -119.700874724598407, 48.084022995413683 ], [ -119.70158328458902, 48.083775478091937 ], [ -119.702486665343528, 48.083459899985804 ], [ -119.703061254665712, 48.083329500017861 ], [ -119.703487440508482, 48.083142784255514 ], [ -119.704273113601047, 48.082982620757051 ], [ -119.704844507870746, 48.082794801459741 ], [ -119.705292605281841, 48.082779492672671 ], [ -119.705874842173628, 48.08265608091169 ], [ -119.705908127064163, 48.082649026314471 ], [ -119.707418439230437, 48.082444064987655 ], [ -119.71008639890303, 48.082230414783602 ], [ -119.71108213985984, 48.082177648164688 ], [ -119.714564630223393, 48.081992648434976 ], [ -119.716184056563705, 48.081873098349313 ], [ -119.716882011544996, 48.081938046207185 ], [ -119.716925422181262, 48.081940324713976 ], [ -119.717157594050533, 48.08194137572049 ], [ -119.7183754413375, 48.081937686880885 ], [ -119.719739721956159, 48.082061845027184 ], [ -119.721931947711212, 48.082484026013887 ], [ -119.723505776097099, 48.082965150170871 ], [ -119.72506475218249, 48.083760971806548 ], [ -119.725469510833605, 48.084040974125429 ], [ -119.72568224144355, 48.08418813421158 ], [ -119.726044979316342, 48.084558641455864 ], [ -119.726596156964732, 48.084949814009477 ], [ -119.726706859848079, 48.085028377945655 ], [ -119.726906145272864, 48.08524793155361 ], [ -119.728506313626283, 48.08701075181903 ], [ -119.728834068282538, 48.087218945118664 ], [ -119.728909609876794, 48.087266929523466 ], [ -119.729103940558744, 48.087520013713679 ], [ -119.729917194530373, 48.08857910387011 ], [ -119.730036534900847, 48.088690931787511 ], [ -119.730282444762281, 48.088921357239698 ], [ -119.731117926841137, 48.089976831276722 ], [ -119.731196104782214, 48.090111130712643 ], [ -119.731525003653729, 48.090676154824223 ], [ -119.731929940314785, 48.091104113995193 ], [ -119.732400654823195, 48.091788912668143 ], [ -119.732575150061407, 48.092167597604615 ], [ -119.733066144701155, 48.093570264762405 ], [ -119.733281297169285, 48.093828927467726 ], [ -119.733389861077271, 48.09395932021873 ], [ -119.733653418790752, 48.094544786464148 ], [ -119.7343814353613, 48.095686739218252 ], [ -119.734732559491391, 48.096099578870444 ], [ -119.735558105767979, 48.097070197392327 ], [ -119.736197702524819, 48.097544033271419 ], [ -119.737992966719787, 48.098878390433619 ], [ -119.739529094119817, 48.0997458282773 ], [ -119.740620320627201, 48.100400008578077 ], [ -119.742498610442851, 48.101237218475845 ], [ -119.745440905693769, 48.102213974754093 ], [ -119.746845469303111, 48.102566911067541 ], [ -119.749852070735571, 48.103056990926007 ], [ -119.751236615535092, 48.103238459899529 ], [ -119.75215242527824, 48.103292239809605 ], [ -119.752472400268061, 48.103233978443235 ], [ -119.753106842751322, 48.103217449725278 ], [ -119.753470628955696, 48.103101911125428 ], [ -119.755008880255801, 48.103119874595443 ], [ -119.758550719861447, 48.103672532355013 ], [ -119.761876610739193, 48.104311425560461 ], [ -119.764532362983644, 48.104596292913413 ], [ -119.766567926517482, 48.104753197676985 ], [ -119.768613119816578, 48.10480943797841 ], [ -119.770258872990368, 48.104750420654575 ], [ -119.773425757167814, 48.104469908750922 ], [ -119.774593435040842, 48.104212641285564 ], [ -119.775291277180415, 48.103899688189941 ], [ -119.775949119709679, 48.103372914168517 ], [ -119.776341391824957, 48.102814352764092 ], [ -119.776403662592799, 48.1026485327301 ], [ -119.776439271909638, 48.10154973597438 ], [ -119.776421575390557, 48.10144074376295 ], [ -119.775805646809587, 48.099810363922224 ], [ -119.775382994150831, 48.098259987921338 ], [ -119.774464920796703, 48.096144022392401 ], [ -119.77418546891316, 48.095342018461309 ], [ -119.774036896682901, 48.094245192051538 ], [ -119.774102711496795, 48.093623454289336 ], [ -119.774308638394572, 48.092778206905464 ], [ -119.774596024377516, 48.091958454979135 ], [ -119.774970990655319, 48.091168017705442 ], [ -119.775236461557228, 48.090751710065611 ], [ -119.776052764895098, 48.089691294668228 ], [ -119.776798399155609, 48.089012945624752 ], [ -119.777655872989897, 48.088380991318473 ], [ -119.778496953059587, 48.087896073465259 ], [ -119.779554877081821, 48.08740957175656 ], [ -119.780650391992381, 48.087014771776218 ], [ -119.781408081532319, 48.086796368457307 ], [ -119.783356700531769, 48.08637999940656 ], [ -119.785780569284796, 48.08605848482209 ], [ -119.789875569058367, 48.08571957971472 ], [ -119.791515773070444, 48.085722967390403 ], [ -119.79640334708742, 48.086064025570487 ], [ -119.79681599457993, 48.086099707345703 ], [ -119.797772794487031, 48.086128028788004 ], [ -119.803061734050942, 48.086283965459906 ], [ -119.80441617426365, 48.086401436068208 ], [ -119.807229500643189, 48.086779785277315 ], [ -119.808455659439232, 48.086855671370877 ], [ -119.80970781609129, 48.086820379385316 ], [ -119.810930148956288, 48.086719451234522 ], [ -119.812130922866999, 48.086546087392499 ], [ -119.81330211507678, 48.086287771989234 ], [ -119.814628881026763, 48.085859912836455 ], [ -119.815982685990136, 48.085237421285569 ], [ -119.817221118596322, 48.084519694181701 ], [ -119.818445817525202, 48.083753913834407 ], [ -119.819408845571147, 48.083137533042084 ], [ -119.819606800003541, 48.08301088301058 ], [ -119.823162865257999, 48.080964227279637 ], [ -119.824488103860361, 48.080319054838164 ], [ -119.825839938035585, 48.079830727726872 ], [ -119.826978916133314, 48.07951572030106 ], [ -119.82814571898092, 48.079259641273516 ], [ -119.830547056200345, 48.078892872340766 ], [ -119.831981838987772, 48.07879120793514 ], [ -119.834030389085939, 48.078830222634444 ], [ -119.835257898612795, 48.078787145449496 ], [ -119.836791892703005, 48.078599845451762 ], [ -119.838771703948169, 48.078245414676203 ], [ -119.840191191401956, 48.077891976662116 ], [ -119.841206810894874, 48.077620316158004 ], [ -119.843268791967404, 48.077068808982155 ], [ -119.844950477701985, 48.076507777568168 ], [ -119.845224646434332, 48.076411655253203 ], [ -119.849825915094968, 48.074803020265236 ], [ -119.851215306854286, 48.074222470255748 ], [ -119.852363791399952, 48.073609746493496 ], [ -119.854305135202509, 48.072199022264954 ], [ -119.858156780935133, 48.069716128836149 ], [ -119.861148666705802, 48.067463780073467 ], [ -119.862058994053001, 48.066909275830511 ], [ -119.863469904913018, 48.066214275841105 ], [ -119.863698184787751, 48.06610177466046 ], [ -119.866492234126071, 48.064965048794498 ], [ -119.870426024804743, 48.063559612472133 ], [ -119.873930748191796, 48.062463206960658 ], [ -119.88058793039248, 48.060115713001686 ], [ -119.88401689186496, 48.059080244863814 ], [ -119.885015191168421, 48.058661683787001 ], [ -119.887277770501882, 48.05771733787779 ], [ -119.891933897568592, 48.054375560554043 ], [ -119.895349918226316, 48.050043639454138 ], [ -119.895012526520446, 48.048093609710818 ], [ -119.894980547017923, 48.048030739303954 ], [ -119.893229701965566, 48.044595829784377 ], [ -119.891638340631189, 48.042678361904478 ], [ -119.889750841300426, 48.040404061964935 ], [ -119.889368089217243, 48.039943094544384 ], [ -119.88907044619333, 48.039584616308915 ], [ -119.889043013780253, 48.039551580409999 ], [ -119.888860064987497, 48.039331237323594 ], [ -119.888162532834514, 48.038513278036142 ], [ -119.885913680304796, 48.035886746707973 ], [ -119.885150657427786, 48.034994588982677 ], [ -119.884197257547754, 48.033174207736757 ], [ -119.883222434221992, 48.031619878385079 ], [ -119.881059352266263, 48.029478623153096 ], [ -119.876775954670251, 48.025074905872607 ], [ -119.875121406517991, 48.023509385229033 ], [ -119.872215911199788, 48.021326320329678 ], [ -119.87041631590678, 48.019780152850572 ], [ -119.869542880967515, 48.018853199439235 ], [ -119.869204095402608, 48.018315904010784 ], [ -119.868855833023602, 48.017374988021807 ], [ -119.868609065514619, 48.015460596157638 ], [ -119.868054660849793, 48.012632576564705 ], [ -119.867376392852833, 48.00974662899479 ], [ -119.867065101914463, 48.007599957421284 ], [ -119.867083920425017, 48.007050873162008 ], [ -119.867201707948084, 48.006596547606748 ], [ -119.868039646541462, 48.005345064967116 ], [ -119.868211026106422, 48.004844433819521 ], [ -119.868240986633438, 48.003873994425284 ], [ -119.868264793428679, 48.003076899800305 ], [ -119.868471005353726, 48.001713097844707 ], [ -119.868764881540372, 48.000356260873218 ], [ -119.869698798781528, 47.998920634612624 ], [ -119.870493763928891, 47.9966322428333 ], [ -119.870812545362767, 47.995924784086391 ], [ -119.871800236516265, 47.994419536983699 ], [ -119.872450386514046, 47.99313623258562 ], [ -119.872785050420362, 47.992635421913064 ], [ -119.873136733608561, 47.992245015920012 ], [ -119.873686651929717, 47.991836480388017 ], [ -119.874871412461729, 47.991435788789936 ], [ -119.875800549243635, 47.990897704383897 ], [ -119.876334252257664, 47.990480162743637 ], [ -119.87724303646948, 47.989930310583176 ], [ -119.877788853133822, 47.989522090132255 ], [ -119.879086983995705, 47.988324727319231 ], [ -119.879707740481692, 47.987615740134927 ], [ -119.880439813010867, 47.986634631747684 ], [ -119.881357078774343, 47.985003893600457 ], [ -119.881773670747563, 47.983943002525585 ], [ -119.881982931813923, 47.983152682745434 ], [ -119.88216273103329, 47.980688288454509 ], [ -119.882400043502486, 47.978894638460744 ], [ -119.882631360949702, 47.978135977429815 ], [ -119.883511146364668, 47.976024342362706 ], [ -119.883771739213728, 47.975027028306698 ], [ -119.883910623258913, 47.974491579940924 ], [ -119.883999757455797, 47.973671186403514 ], [ -119.883934692947051, 47.972948651592951 ], [ -119.8836399254144, 47.972148827390676 ], [ -119.882863309803625, 47.970844936602511 ], [ -119.882109358321458, 47.969872077608251 ], [ -119.881008135375438, 47.968758321647442 ], [ -119.879793564171393, 47.967747390280934 ], [ -119.87843217245856, 47.966725089131245 ], [ -119.877717430264369, 47.966077548544938 ], [ -119.877060338443613, 47.965384071981688 ], [ -119.874825972921769, 47.96365473828461 ], [ -119.871926219999608, 47.961609683752215 ], [ -119.870595316297596, 47.960454846894535 ], [ -119.872944166262897, 47.960597057795148 ], [ -119.872997143412249, 47.960600267837272 ], [ -119.873172596086548, 47.960596890482478 ], [ -119.875487950854421, 47.960552338550968 ], [ -119.8761216312665, 47.960540139076571 ], [ -119.877591012062837, 47.960467192389395 ], [ -119.884350578227611, 47.960457135622335 ], [ -119.894963607960179, 47.960456356364361 ], [ -119.899101652252412, 47.960412180932316 ], [ -119.905522486625216, 47.960425645057583 ], [ -119.920620664042545, 47.960467808241958 ], [ -119.926906917922793, 47.960473960208667 ], [ -119.941989796205277, 47.960419070506013 ], [ -119.948287081698822, 47.960539928264602 ], [ -119.963556720090082, 47.960571206924875 ], [ -119.969622759601066, 47.960563102989902 ], [ -119.985277028127015, 47.960488815778575 ], [ -119.990942700565668, 47.960527517785508 ], [ -120.007877930435725, 47.96047417901935 ], [ -120.011806389937107, 47.96048194276689 ], [ -120.018568930882637, 47.960495000949024 ], [ -120.029306520408809, 47.960556928802525 ], [ -120.033512728014898, 47.960572643811986 ], [ -120.048645948590334, 47.960628001036334 ], [ -120.049818737753384, 47.961396159028361 ], [ -120.050605215749627, 47.961763691432104 ], [ -120.051343803059069, 47.962005317207762 ], [ -120.052167348675994, 47.962098220220163 ], [ -120.05254336137881, 47.962028037662066 ], [ -120.053233534068966, 47.961721645563003 ], [ -120.053646125905445, 47.961673195753875 ], [ -120.053801051704596, 47.96168954382216 ], [ -120.054675606562569, 47.962020057102514 ], [ -120.055056530318623, 47.962278087326688 ], [ -120.055586534939039, 47.962637104340359 ], [ -120.056270453968281, 47.963319752599965 ], [ -120.056791331450285, 47.963742753270985 ], [ -120.057517097313209, 47.964060347077563 ], [ -120.058613781460636, 47.964431405109686 ], [ -120.05926983074302, 47.964792550366447 ], [ -120.060544419393082, 47.965863174812242 ], [ -120.060920300296146, 47.966303096872693 ], [ -120.061216593198424, 47.966498443386556 ], [ -120.061882258419942, 47.966689025580273 ], [ -120.062281725712765, 47.966746015072722 ], [ -120.063101783324015, 47.966778202588749 ], [ -120.064481406670524, 47.966748711036225 ], [ -120.065291983382792, 47.966693116963391 ], [ -120.065692497853036, 47.966622325350443 ], [ -120.066022502589405, 47.966441614778574 ], [ -120.066410952474257, 47.966349179089292 ], [ -120.066549306282567, 47.966397981652314 ], [ -120.066749319031146, 47.966641987869615 ], [ -120.067011076599712, 47.966821430235825 ], [ -120.067630555940639, 47.967178638309839 ], [ -120.068909124814653, 47.967782902390923 ], [ -120.069822368614425, 47.968147343135449 ], [ -120.070091999974608, 47.968364519799209 ], [ -120.070206557507021, 47.968580772149672 ], [ -120.070239030869914, 47.968853950627462 ], [ -120.070110281964972, 47.97013480094575 ], [ -120.069856133928738, 47.971025294297796 ], [ -120.069582561840519, 47.971542646982947 ], [ -120.06926729065249, 47.971912202748278 ], [ -120.067650124437179, 47.973021739088949 ], [ -120.067158924232032, 47.973444414391878 ], [ -120.066684791487546, 47.974026469118158 ], [ -120.066361118060911, 47.974675183665354 ], [ -120.066007767691659, 47.974875020730948 ], [ -120.065721378298576, 47.975037008181374 ], [ -120.06569510381253, 47.975503519864169 ], [ -120.06562109820851, 47.9760664655143 ], [ -120.065523103641979, 47.976319291357768 ], [ -120.065018671805291, 47.977105739311341 ], [ -120.064574007006101, 47.977566616532087 ], [ -120.063049372836616, 47.97880664139749 ], [ -120.06367249091231, 47.979969652734539 ], [ -120.063703337099994, 47.981179822103385 ], [ -120.063784671310245, 47.981465515061764 ], [ -120.064048242524407, 47.981680269363537 ], [ -120.064400056043368, 47.981837466320215 ], [ -120.065803765875387, 47.982159218062051 ], [ -120.06772002424924, 47.982954922549375 ], [ -120.06836429709773, 47.983294073009084 ], [ -120.068569039405034, 47.983467487242613 ], [ -120.069545128772717, 47.984671170547593 ], [ -120.070010942122437, 47.985122026655013 ], [ -120.071437687909324, 47.985886084439173 ], [ -120.072818744208433, 47.987263221531826 ], [ -120.073370734141335, 47.987665041272713 ], [ -120.07438938065539, 47.988169243080186 ], [ -120.075053483549155, 47.988848627989675 ], [ -120.075681374434041, 47.989208915136182 ], [ -120.075855357539623, 47.989344303629316 ], [ -120.076040499442371, 47.989488392731523 ], [ -120.076623268478087, 47.989892198612566 ], [ -120.076639387704759, 47.989903383938014 ], [ -120.077586473194131, 47.990942091913794 ], [ -120.079803847666469, 47.992180642902113 ], [ -120.081052684306357, 47.993029263720047 ], [ -120.081064409984634, 47.993095411085378 ], [ -120.080790008779005, 47.99371692638983 ], [ -120.080821764560767, 47.994342274039667 ], [ -120.080694981731213, 47.99488382104127 ], [ -120.080031485910297, 47.996168233507994 ], [ -120.079855733386239, 47.996704424130627 ], [ -120.080167693981522, 47.998038582206163 ], [ -120.08017572885781, 47.998312679561536 ], [ -120.080061249914266, 47.99858806578488 ], [ -120.079750784745499, 47.998860695668206 ], [ -120.079412655470364, 47.999017075459619 ], [ -120.079015451326214, 47.999156113386739 ], [ -120.078224159326012, 47.999293407401979 ], [ -120.078092690856451, 47.999393299383392 ], [ -120.078071200053344, 47.999784126065265 ], [ -120.078622813079519, 48.000511701113282 ], [ -120.079912154779123, 48.003472578956369 ], [ -120.080100099084333, 48.00371889748623 ], [ -120.080242727745258, 48.003814154909151 ], [ -120.080735858113343, 48.004143587611807 ], [ -120.082049798552674, 48.004542924668989 ], [ -120.08223066787447, 48.004652509545295 ], [ -120.082428866562879, 48.00489507843686 ], [ -120.082434224399805, 48.004987266364168 ], [ -120.081914059151927, 48.005953228690608 ], [ -120.081832285964666, 48.006222924224801 ], [ -120.082294702620146, 48.007395547837334 ], [ -120.082322610398322, 48.008776286682256 ], [ -120.082387859082999, 48.009047159492916 ], [ -120.082737853749848, 48.00971885186248 ], [ -120.082712046951826, 48.010401898688237 ], [ -120.082830406010487, 48.010671586421715 ], [ -120.083141219095609, 48.010880653450386 ], [ -120.083902832070379, 48.011156733125354 ], [ -120.085136821679171, 48.011875393736382 ], [ -120.087121813092949, 48.01345453517439 ], [ -120.087563439508983, 48.013915858410613 ], [ -120.087802805264658, 48.014387077150104 ], [ -120.087949444982854, 48.014964170733073 ], [ -120.087953343845598, 48.015512671972559 ], [ -120.088018103619987, 48.015589281018286 ], [ -120.088625909928396, 48.015957999543431 ], [ -120.089153139441237, 48.016446665748539 ], [ -120.089553318193992, 48.016990713010976 ], [ -120.089951675955348, 48.017770832112674 ], [ -120.090172451400406, 48.018004883459177 ], [ -120.090804931592345, 48.018283949866337 ], [ -120.091493563352344, 48.018587788813534 ], [ -120.092947270875413, 48.019189963686955 ], [ -120.094163077854802, 48.01992284762084 ], [ -120.095028600660314, 48.020524337300422 ], [ -120.095380848252219, 48.020670475447972 ], [ -120.095972610099381, 48.020747193092106 ], [ -120.096793734009154, 48.020751711168941 ], [ -120.098112431597045, 48.020858315224082 ], [ -120.098217222691474, 48.020878981557914 ], [ -120.09918934900324, 48.021070636732212 ], [ -120.099554035609899, 48.021194523242308 ], [ -120.0999850714866, 48.021458407202232 ], [ -120.100777520166844, 48.02119868400257 ], [ -120.102256925803161, 48.021400698285767 ], [ -120.102480747139893, 48.02151587436736 ], [ -120.102726248134999, 48.021736284477164 ], [ -120.102893721786501, 48.022011270780737 ], [ -120.103215552346853, 48.022131931537949 ], [ -120.104019529728959, 48.022241527039128 ], [ -120.105434011462052, 48.022658419978242 ], [ -120.106164113289438, 48.022815357724312 ], [ -120.107011784300809, 48.022962765553046 ], [ -120.108232549840423, 48.023063800596731 ], [ -120.108614707032018, 48.023177795829447 ], [ -120.108914371016866, 48.023398372962745 ], [ -120.109332696574512, 48.023870824590311 ], [ -120.109595938103524, 48.024045403312257 ], [ -120.110240982239986, 48.024383953809064 ], [ -120.110894933288179, 48.024623541096823 ], [ -120.112072966040969, 48.024853207225327 ], [ -120.113451004403075, 48.024824170091989 ], [ -120.11394897010922, 48.024887473149363 ], [ -120.114323038046919, 48.024999340173842 ], [ -120.115135739886441, 48.025603599811937 ], [ -120.115760301698316, 48.025957125966087 ], [ -120.116329399235255, 48.026213537032767 ], [ -120.117793614580137, 48.026702027163466 ], [ -120.119086661190792, 48.026856628909208 ], [ -120.119445064454965, 48.027014008111472 ], [ -120.119529332061319, 48.02708484931123 ], [ -120.119635659426635, 48.027349335286445 ], [ -120.119797217779819, 48.027939093205951 ], [ -120.119838701941063, 48.028090647098139 ], [ -120.120209862297884, 48.029033635967032 ], [ -120.120587618387859, 48.029486044851382 ], [ -120.120891338876973, 48.030007740648443 ], [ -120.12120112136526, 48.031532580906344 ], [ -120.121581426773616, 48.032060692748999 ], [ -120.121788949746559, 48.03218161884832 ], [ -120.122038145740618, 48.032188942713354 ], [ -120.122434942209793, 48.032125785337541 ], [ -120.123666418418352, 48.032052995320868 ], [ -120.124336438746099, 48.032065414930607 ], [ -120.124736423072093, 48.03212835597801 ], [ -120.125126520541642, 48.032289268757339 ], [ -120.125783730156144, 48.032668523420718 ], [ -120.126025805217552, 48.03275354289547 ], [ -120.126337087249411, 48.032862841687852 ], [ -120.126980571318995, 48.033018359251244 ], [ -120.127873504118554, 48.033146571524455 ], [ -120.128882138424984, 48.033237105127114 ], [ -120.13264430562208, 48.033414036932321 ], [ -120.133905852319685, 48.033273074459345 ], [ -120.134404305544578, 48.033280791495763 ], [ -120.13525410421866, 48.033599615318785 ], [ -120.136036478675223, 48.03406281917988 ], [ -120.138887742595685, 48.034791732967363 ], [ -120.140424201929733, 48.035471947244098 ], [ -120.140439968407691, 48.035478929200117 ], [ -120.143309293145421, 48.035828187798025 ], [ -120.14639148252418, 48.037343488262593 ], [ -120.146542792537886, 48.039461144436032 ], [ -120.147136761762539, 48.041240922098268 ], [ -120.146740294626966, 48.042772111699499 ], [ -120.150106657801828, 48.044498199157992 ], [ -120.15010864741572, 48.046507444592905 ], [ -120.150093915145874, 48.046517047657979 ], [ -120.149042412404015, 48.047201420164306 ], [ -120.148143522905286, 48.047765023305978 ], [ -120.147393578939472, 48.048362994496216 ], [ -120.1471913504013, 48.04896191953739 ], [ -120.147386027975671, 48.04949554772972 ], [ -120.14787965911664, 48.050097242416619 ], [ -120.148670219341113, 48.050765924847035 ], [ -120.149111902148462, 48.051500377005716 ], [ -120.149008890711571, 48.052233532166298 ], [ -120.148408576042797, 48.052764782959784 ], [ -120.147361728737849, 48.053127544857865 ], [ -120.14626843484163, 48.053257509779556 ], [ -120.145223564925061, 48.053321864025378 ], [ -120.144229388097528, 48.053451779996841 ], [ -120.142189427046162, 48.053778930328946 ], [ -120.141342957506922, 48.053976089176999 ], [ -120.140362780213309, 48.054141968850814 ], [ -120.139763569058516, 48.054194618363674 ], [ -120.139359092705348, 48.054163917922821 ], [ -120.137923208932222, 48.053869334772422 ], [ -120.137211671810448, 48.053611583452167 ], [ -120.13534067263025, 48.052553743621466 ], [ -120.135002164958749, 48.052443070474588 ], [ -120.134637623715776, 48.052550877156975 ], [ -120.134059825165579, 48.052901575310059 ], [ -120.133748567402165, 48.053282945615685 ], [ -120.133491683083037, 48.053780602929997 ], [ -120.133131392445378, 48.054151870345557 ], [ -120.132900676082386, 48.054263843412265 ], [ -120.132189371398809, 48.054269843522675 ], [ -120.131893366004562, 48.054365523261772 ], [ -120.131669037391461, 48.054587520857346 ], [ -120.131697024616855, 48.055258036887309 ], [ -120.132168409161693, 48.056102267341885 ], [ -120.132554091567386, 48.056633089348779 ], [ -120.13284437455988, 48.057216039467782 ], [ -120.133128137571958, 48.057413917310775 ], [ -120.133534658770472, 48.05759504825577 ], [ -120.134560259609898, 48.058257017823564 ], [ -120.135055317935468, 48.058494600122351 ], [ -120.135387868765875, 48.058733704832825 ], [ -120.137385801547666, 48.059794342090314 ], [ -120.13803816809876, 48.060197871917218 ], [ -120.138706616952788, 48.060349287471929 ], [ -120.139378329441442, 48.060616169436408 ], [ -120.140392429667571, 48.061485649343119 ], [ -120.14149973846142, 48.061577082743121 ], [ -120.141650004781567, 48.06176096669914 ], [ -120.141834250611709, 48.061986446067536 ], [ -120.142194138544838, 48.062573693448407 ], [ -120.142613098554946, 48.06394322127548 ], [ -120.143074890986369, 48.064882281931531 ], [ -120.143422154621064, 48.065224531964439 ], [ -120.1439307302836, 48.06544361772859 ], [ -120.144294155147065, 48.065511504324434 ], [ -120.144784648792893, 48.065532855030575 ], [ -120.146597515671843, 48.065450615487045 ], [ -120.147285946090165, 48.065378356975764 ], [ -120.147954541369828, 48.065208388914037 ], [ -120.148398023263937, 48.064766757917575 ], [ -120.148738914110481, 48.064688628570138 ], [ -120.148941880594066, 48.064754678877904 ], [ -120.14907836355593, 48.064981511159637 ], [ -120.149034010756338, 48.065503811987803 ], [ -120.149149944031052, 48.065747053546247 ], [ -120.149485663734538, 48.065987167849634 ], [ -120.150016215478374, 48.066133996619683 ], [ -120.150547564830973, 48.066160597026382 ], [ -120.151320739896804, 48.066103283361919 ], [ -120.152375015989264, 48.065883046952095 ], [ -120.153480864989177, 48.065752678882781 ], [ -120.155056641203643, 48.065655578984128 ], [ -120.155751477309906, 48.065696995556173 ], [ -120.156321650766714, 48.065883321017644 ], [ -120.15680349179641, 48.066293426713358 ], [ -120.156983462856033, 48.06659713932725 ], [ -120.157177661243892, 48.067381860674345 ], [ -120.157850326075334, 48.068161478267236 ], [ -120.158130334140566, 48.068647370087504 ], [ -120.15836506143242, 48.068864582859732 ], [ -120.158902486153877, 48.06906346159645 ], [ -120.159621791436052, 48.06911588821805 ], [ -120.16176665671621, 48.068924067433976 ], [ -120.161979926310565, 48.068656380094616 ], [ -120.161991343848456, 48.068642079797094 ], [ -120.162097686938239, 48.068636904084528 ], [ -120.162397908020694, 48.06820508718328 ], [ -120.163386376456245, 48.068044855804402 ], [ -120.163795252785263, 48.068051862025207 ], [ -120.164157702980177, 48.068119684252594 ], [ -120.1644879597645, 48.068267245895434 ], [ -120.164829456489784, 48.068738251222406 ], [ -120.165177606555275, 48.068966708099644 ], [ -120.165934004721606, 48.06929703876478 ], [ -120.166851441411623, 48.069541849390006 ], [ -120.167640023714327, 48.069633832155006 ], [ -120.169395710989974, 48.069557602322085 ], [ -120.170260596390534, 48.069708706406956 ], [ -120.175375167021372, 48.071490274764841 ], [ -120.178629866851423, 48.072874302883854 ], [ -120.180277453548655, 48.073270030135006 ], [ -120.182120714308624, 48.073777912465602 ], [ -120.182803382087897, 48.073817107879236 ], [ -120.182998301377793, 48.073874142998136 ], [ -120.183095764007533, 48.073987452772791 ], [ -120.183067638592448, 48.074586212459387 ], [ -120.183292656098345, 48.075251070014339 ], [ -120.183571249018939, 48.076230410478729 ], [ -120.183571295428621, 48.076270477249103 ], [ -120.183577737897039, 48.076294117994429 ], [ -120.184156436135495, 48.077142360855163 ], [ -120.184576366295275, 48.077529573474365 ], [ -120.185067143387201, 48.077867123761152 ], [ -120.185725666162853, 48.07819347265508 ], [ -120.186471667783607, 48.078424296623275 ], [ -120.187121386795397, 48.078520244981355 ], [ -120.187693954925706, 48.078516284506492 ], [ -120.188317263169921, 48.07840335503338 ], [ -120.188839961250338, 48.078186838257317 ], [ -120.190038095239188, 48.077515636582618 ], [ -120.190407899685908, 48.077391915580463 ], [ -120.190953409166312, 48.07729948589224 ], [ -120.191689705606152, 48.077268530458717 ], [ -120.193248458546648, 48.077331880904005 ], [ -120.193902906719032, 48.077317141489587 ], [ -120.196136841486464, 48.076961672781849 ], [ -120.197087065268434, 48.07688464661787 ], [ -120.201674890326984, 48.076999655034498 ], [ -120.202896731572665, 48.077162381590668 ], [ -120.204735489888591, 48.077623992313043 ], [ -120.205163886944803, 48.077752637923147 ], [ -120.206790124449896, 48.078240979419547 ], [ -120.207630488251098, 48.078433180381118 ], [ -120.208962879592136, 48.078589623181337 ], [ -120.212085288940756, 48.078785716318045 ], [ -120.212563308031207, 48.078871509385543 ], [ -120.21306028374498, 48.079044004950468 ], [ -120.21354455754512, 48.079296984174704 ], [ -120.214884453276937, 48.080146046050338 ], [ -120.215553598199719, 48.080627777573213 ], [ -120.216294557512157, 48.081257008779041 ], [ -120.217355256752597, 48.082517652082686 ], [ -120.218056240360653, 48.083749360775627 ], [ -120.218500427352922, 48.084246131545093 ], [ -120.21889063001754, 48.084512891480955 ], [ -120.219350838213359, 48.084691109187112 ], [ -120.219812813133913, 48.084729535500358 ], [ -120.220263029803249, 48.084671356236186 ], [ -120.222610237944409, 48.083807097652354 ], [ -120.223133912080513, 48.083777855916523 ], [ -120.223692580281025, 48.083900272057932 ], [ -120.224295368721187, 48.08418996045021 ], [ -120.225106505949981, 48.084725244214198 ], [ -120.225506349061448, 48.085110890881872 ], [ -120.226766488248288, 48.086230828817882 ], [ -120.228395086756038, 48.087678162308677 ], [ -120.228950897019416, 48.088368188337384 ], [ -120.229198432583544, 48.088555112631262 ], [ -120.229463979907436, 48.088617384609343 ], [ -120.231041828168401, 48.088428287290085 ], [ -120.232597527050316, 48.088361454855381 ], [ -120.233456395105733, 48.088390807619582 ], [ -120.23418701666867, 48.08849624260381 ], [ -120.23474961601535, 48.088665367681308 ], [ -120.235143910217403, 48.088954721281404 ], [ -120.235380117764265, 48.089365807870948 ], [ -120.235464412165669, 48.089890667308943 ], [ -120.235379975082694, 48.090407227319282 ], [ -120.23525120948625, 48.090700391112343 ], [ -120.234939302878871, 48.091410493888347 ], [ -120.234893101275844, 48.091854543220691 ], [ -120.23497620081352, 48.092405406848144 ], [ -120.235146483398069, 48.092913824176719 ], [ -120.235370276001404, 48.093356945630276 ], [ -120.235740857410647, 48.093896642406378 ], [ -120.236347454957411, 48.094483783875837 ], [ -120.237123177343889, 48.094998018794961 ], [ -120.238683912180619, 48.095604758465981 ], [ -120.239868604909603, 48.096152411445047 ], [ -120.240771451626443, 48.096625109899527 ], [ -120.241465638244421, 48.097096301902297 ], [ -120.241899364889974, 48.097499256263681 ], [ -120.242387354496458, 48.098101862801251 ], [ -120.243100283151264, 48.099134392730356 ], [ -120.243777666131535, 48.100340696759723 ], [ -120.244044131451034, 48.100652321488511 ], [ -120.244465814387567, 48.101017749348991 ], [ -120.245542687020816, 48.10169048608865 ], [ -120.2468665352242, 48.102271608740793 ], [ -120.248389593199107, 48.102713678900948 ], [ -120.249240428077087, 48.10296062985109 ], [ -120.249849463803656, 48.103086425227048 ], [ -120.250430387127366, 48.103101031348842 ], [ -120.250686735527054, 48.103184309471985 ], [ -120.250820043414123, 48.103330355066603 ], [ -120.250927591091028, 48.103733435958937 ], [ -120.25122425780458, 48.104161577884305 ], [ -120.251689287002549, 48.104678481887575 ], [ -120.252207961663558, 48.105102295851339 ], [ -120.252324953767925, 48.105169598701259 ], [ -120.252797618058793, 48.105441487985061 ], [ -120.253556055201599, 48.105782732228697 ], [ -120.255121968573931, 48.106264239099005 ], [ -120.255691154527824, 48.106612776427582 ], [ -120.256043383722243, 48.106982785485094 ], [ -120.25667275351276, 48.107815519639217 ], [ -120.257853937839428, 48.109005619525028 ], [ -120.258391830794309, 48.109933907158542 ], [ -120.258570663503974, 48.110425667187968 ], [ -120.258697015382111, 48.110535572224848 ], [ -120.258844155564219, 48.110572869899428 ], [ -120.259770519667981, 48.110464788068185 ], [ -120.263288330792221, 48.110321870142464 ], [ -120.264597384666544, 48.110412353188337 ], [ -120.265418075527563, 48.110589380503264 ], [ -120.265813188492203, 48.110769667336633 ], [ -120.266206677373148, 48.11108544095751 ], [ -120.267809744953269, 48.112718555135316 ], [ -120.26793476518263, 48.112941570963585 ], [ -120.268138641316241, 48.113305168611269 ], [ -120.269168732165738, 48.113805788564932 ], [ -120.270885188400655, 48.114812178152555 ], [ -120.271773359712327, 48.11525785661339 ], [ -120.272207861776991, 48.115569081885688 ], [ -120.272620016613217, 48.11608165847489 ], [ -120.272924266246335, 48.116707781758521 ], [ -120.273166803095293, 48.117399556055631 ], [ -120.273203365060979, 48.118177586244961 ], [ -120.273249171382759, 48.118470902793767 ], [ -120.273475038035841, 48.118768706483621 ], [ -120.273759819702789, 48.118928526048258 ], [ -120.274754985262931, 48.119259479027782 ], [ -120.275080273878416, 48.119519593773298 ], [ -120.275193461833993, 48.11963918381803 ], [ -120.275605881340425, 48.120074852010376 ], [ -120.276345346543309, 48.120631226414744 ], [ -120.276947794319199, 48.120926637890221 ], [ -120.278107999339582, 48.121199807062311 ], [ -120.278604149105959, 48.121471000613354 ], [ -120.278933477858416, 48.1217515007909 ], [ -120.279389661574768, 48.122284194092529 ], [ -120.279810603358769, 48.123172748308271 ], [ -120.280102112835721, 48.12344733978378 ], [ -120.280407309539328, 48.123630145715467 ], [ -120.281031616835079, 48.123849857973518 ], [ -120.281791439996283, 48.123962611909413 ], [ -120.282234547868157, 48.123956580703357 ], [ -120.283050846217236, 48.123774806055302 ], [ -120.283682355395314, 48.123738286236872 ], [ -120.284505064923977, 48.123748700433083 ], [ -120.285391819472935, 48.123852756823453 ], [ -120.286310821802871, 48.124080513704151 ], [ -120.287065899283817, 48.124359706706592 ], [ -120.287582590381149, 48.12463089887423 ], [ -120.28824889260251, 48.125106224434873 ], [ -120.288689755210683, 48.125662475372025 ], [ -120.289003931953076, 48.126169526026366 ], [ -120.289547472297443, 48.12730084563308 ], [ -120.29042987700258, 48.129137302694652 ], [ -120.290669459698847, 48.129367075260539 ], [ -120.291040112853963, 48.129577896817146 ], [ -120.29143967467914, 48.129725217778656 ], [ -120.291913125525326, 48.129820079038666 ], [ -120.292375587525896, 48.12984917611702 ], [ -120.29276560765399, 48.129821581518357 ], [ -120.293789614324709, 48.129413163190513 ], [ -120.29434662110522, 48.129338446050838 ], [ -120.294878673038696, 48.129365736463043 ], [ -120.296016052527975, 48.129526327175036 ], [ -120.297433456490793, 48.129799389992485 ], [ -120.298134473691661, 48.129800593125239 ], [ -120.29861369642704, 48.129728106716307 ], [ -120.299025921720045, 48.129511795970622 ], [ -120.299186382754044, 48.129028876930334 ], [ -120.299423107280091, 48.128684670988363 ], [ -120.299883671540883, 48.128130653776743 ], [ -120.300354965151683, 48.127715757136727 ], [ -120.300721214572107, 48.127484454342891 ], [ -120.301284999224976, 48.127233286721832 ], [ -120.302397394062822, 48.126953221858379 ], [ -120.303636299748149, 48.126783687266673 ], [ -120.304984209259416, 48.126734186714671 ], [ -120.306609103784197, 48.126787206896488 ], [ -120.308580126618622, 48.127045313486462 ], [ -120.309617020440086, 48.126986018950966 ], [ -120.310404673601496, 48.126788580282081 ], [ -120.311159543491101, 48.126542550705381 ], [ -120.311579800443866, 48.126405598966677 ], [ -120.314319407210789, 48.125216269856772 ], [ -120.315765061626678, 48.124717204007446 ], [ -120.316529124685232, 48.124520235386704 ], [ -120.317496752830237, 48.124340156963768 ], [ -120.318144744715894, 48.124266482083634 ], [ -120.318725980097412, 48.124275078488736 ], [ -120.319609585976366, 48.124424253952107 ], [ -120.32027790590314, 48.124691125146221 ], [ -120.320587159853204, 48.124927441193762 ], [ -120.320701306271786, 48.125363862179405 ], [ -120.320851063324284, 48.125562113836587 ], [ -120.321083018489077, 48.125661121975185 ], [ -120.321733575191715, 48.125740374954297 ], [ -120.322063610407312, 48.125886966429881 ], [ -120.322426009124882, 48.126147881838726 ], [ -120.32315534910245, 48.126845569540812 ], [ -120.323627018849123, 48.127176498649376 ], [ -120.325500317211009, 48.128236631215948 ], [ -120.326319819082897, 48.128611058444889 ], [ -120.326698798391604, 48.128821094871014 ], [ -120.326959042457489, 48.129039341432211 ], [ -120.327119898112002, 48.129295122475924 ], [ -120.327154861126616, 48.129543894974645 ], [ -120.326951056293609, 48.130214671514949 ], [ -120.326485050890753, 48.130947077397671 ], [ -120.326279838591987, 48.13140683747428 ], [ -120.326249440412013, 48.13162534145507 ], [ -120.32632557845065, 48.131814707351204 ], [ -120.326719527874573, 48.132146716858315 ], [ -120.327791741854597, 48.132565022062415 ], [ -120.328187074371186, 48.132793572113883 ], [ -120.328841272699634, 48.133358395950701 ], [ -120.329399953249521, 48.134031294088395 ], [ -120.330824854474258, 48.135237131850701 ], [ -120.33120332234428, 48.135627608465548 ], [ -120.332665178873739, 48.13713582535965 ], [ -120.332785477881359, 48.137312478732319 ], [ -120.333824598291542, 48.138838275178038 ], [ -120.33600202301983, 48.140058121889361 ], [ -120.336729554918151, 48.140466247018502 ], [ -120.339598724456096, 48.142139998332397 ], [ -120.341598550011085, 48.142936433538353 ], [ -120.348578015244797, 48.144284485157584 ], [ -120.350959145424696, 48.146432812997034 ], [ -120.352560029448028, 48.148321971134152 ], [ -120.353150830341207, 48.15009691954225 ], [ -120.353490939975487, 48.151141019424465 ], [ -120.353259903654873, 48.153949022970721 ], [ -120.35429008206782, 48.15535274532391 ], [ -120.354432665532656, 48.155361087809368 ], [ -120.35616864544366, 48.155462612247774 ], [ -120.358717063741992, 48.15624124843702 ], [ -120.35921706328638, 48.156499088543057 ], [ -120.361287660803768, 48.157568615265404 ], [ -120.361543384909425, 48.159992857514851 ], [ -120.361840989230643, 48.162074900057668 ], [ -120.362233767841644, 48.164566515135597 ], [ -120.362263018443798, 48.164751962185761 ], [ -120.362254635538747, 48.164826462821836 ], [ -120.361974149528621, 48.167102743173565 ], [ -120.361702774843579, 48.170207353735279 ], [ -120.361004291808129, 48.172508154870762 ], [ -120.359388227740581, 48.173974078032423 ], [ -120.358736250474664, 48.174564884394378 ], [ -120.356719214724407, 48.176144697385801 ], [ -120.356317538251815, 48.177328748110746 ], [ -120.356608210962719, 48.178153971119102 ], [ -120.356778237151346, 48.178912949589552 ], [ -120.35680543897935, 48.179035423574199 ], [ -120.356919914898086, 48.179550770236183 ], [ -120.35615948531246, 48.181530996544204 ], [ -120.355609792503046, 48.183239139770784 ], [ -120.354480809755756, 48.184034255905317 ], [ -120.353178122929165, 48.184951637305737 ], [ -120.351896081827419, 48.187269800363971 ], [ -120.351476363314589, 48.18932182659578 ], [ -120.351254602292173, 48.191650020489178 ], [ -120.350776818556113, 48.193199120934089 ], [ -120.350567053626108, 48.193504671275811 ], [ -120.348798132797185, 48.19608118375259 ], [ -120.347189756301674, 48.197710167671787 ], [ -120.346284373070318, 48.199986071430118 ], [ -120.346512812781882, 48.202113085290456 ], [ -120.34791804799849, 48.205211351829462 ], [ -120.34951829382122, 48.207191588856944 ], [ -120.350179789884464, 48.207973822515271 ], [ -120.350267023791218, 48.208076995281907 ], [ -120.350919754037491, 48.208849923619169 ], [ -120.3527061960325, 48.211769275783944 ], [ -120.35421148615282, 48.21338316615131 ], [ -120.35396486455987, 48.216922029015315 ], [ -120.354537038381636, 48.217466157695171 ], [ -120.355542409513049, 48.218422264993194 ], [ -120.357403350130369, 48.219422695936444 ], [ -120.359485088409542, 48.219549189411737 ], [ -120.360070341339409, 48.21958550535232 ], [ -120.362247077304659, 48.218670053548443 ], [ -120.365056208996876, 48.218560262862709 ], [ -120.36717688100741, 48.218672278897635 ], [ -120.369749546300611, 48.218423014456754 ], [ -120.373494786245629, 48.217796142566833 ], [ -120.376188899216345, 48.218059160038372 ], [ -120.378687820744773, 48.218303062473176 ], [ -120.381097898110681, 48.219187906551483 ], [ -120.382900682363001, 48.219850823962474 ], [ -120.384282189045095, 48.220937356077314 ], [ -120.384931978333199, 48.221949858294721 ], [ -120.384978972105429, 48.222023288128604 ], [ -120.385608352471664, 48.223006226031409 ], [ -120.385657538077055, 48.223943467370113 ], [ -120.386553731630329, 48.225300125621068 ], [ -120.3900612055793, 48.226224195024152 ], [ -120.391412284226462, 48.228795877095529 ], [ -120.388874907443665, 48.230576782210917 ], [ -120.386247327676628, 48.231808099155202 ], [ -120.384952356800738, 48.233166713583408 ], [ -120.385765031377844, 48.235253586688103 ], [ -120.386270604340908, 48.236492411688182 ], [ -120.386628979213441, 48.237370615487627 ], [ -120.386905422622405, 48.238051169006319 ], [ -120.389348492668645, 48.240793103184508 ], [ -120.39228893995643, 48.242694162682618 ], [ -120.39610757669341, 48.243529951820605 ], [ -120.400239614949882, 48.244139787114314 ], [ -120.401733442761, 48.244398647030522 ], [ -120.403721516913748, 48.244743498939251 ], [ -120.404296021037439, 48.244995733813305 ], [ -120.406538751037601, 48.245980251638272 ], [ -120.412246742452112, 48.248272100940369 ], [ -120.417267402979306, 48.2490039613958 ], [ -120.421025830792018, 48.249518267297674 ], [ -120.423137970344641, 48.250085539779839 ], [ -120.423282511392216, 48.250144548076065 ], [ -120.424666462076601, 48.250716773421935 ], [ -120.425107796302427, 48.250961203125193 ], [ -120.425148178701107, 48.250983561347866 ], [ -120.425960997599972, 48.251435028178427 ], [ -120.427343629391913, 48.252202953038292 ], [ -120.428937659940203, 48.252971860044354 ], [ -120.429721791757032, 48.254920634059921 ], [ -120.434795681398612, 48.25645188222574 ], [ -120.438773121814634, 48.258018002696296 ], [ -120.442703961510546, 48.260201160602556 ], [ -120.445085338935428, 48.260032400437851 ], [ -120.446204708831004, 48.259935639073262 ], [ -120.447633346977668, 48.260238575098633 ], [ -120.451151768413141, 48.26098453733541 ], [ -120.455119310152199, 48.263098815482728 ], [ -120.458641881659815, 48.265209349604952 ], [ -120.459103458703282, 48.265430669497462 ], [ -120.459694189445713, 48.26571390473152 ], [ -120.46135781973905, 48.266512534964249 ], [ -120.465563287476172, 48.267006408299643 ], [ -120.466685396031764, 48.267627377898492 ], [ -120.469123558607535, 48.268979626744624 ], [ -120.467721916963825, 48.270589097524741 ], [ -120.463160384941602, 48.272536728812639 ], [ -120.464485574336663, 48.274901203236695 ], [ -120.466676077677818, 48.275672536443345 ], [ -120.467345027718864, 48.275908376188148 ], [ -120.469322628838256, 48.27651050612176 ], [ -120.470513473108994, 48.276873057007101 ], [ -120.474371822013055, 48.27763777309108 ], [ -120.476346019678331, 48.278362953547038 ], [ -120.477939219929937, 48.2798996607047 ], [ -120.478053052829821, 48.280009424622122 ], [ -120.479307707404132, 48.281221505992342 ], [ -120.482339574763245, 48.284012143214902 ], [ -120.485156585698093, 48.285475761960093 ], [ -120.488316514733427, 48.28725380365325 ], [ -120.488617231857745, 48.287401114913116 ], [ -120.491020721704956, 48.289832553699519 ], [ -120.491510322102286, 48.290327812374677 ], [ -120.494274393410478, 48.292818090476324 ], [ -120.49702964242239, 48.294006717547369 ], [ -120.497639619259942, 48.294368618348088 ], [ -120.498093155103945, 48.294637651008976 ], [ -120.498826131369071, 48.295073338711269 ], [ -120.501399874743854, 48.298658797956897 ], [ -120.50397081269081, 48.302381142404961 ], [ -120.505491688550052, 48.305409573442411 ], [ -120.506507465561867, 48.307930405946486 ], [ -120.507200354015438, 48.308910632252889 ], [ -120.507449234873221, 48.309262717973454 ], [ -120.508212331626879, 48.310343603683179 ], [ -120.51028685100043, 48.311297675422423 ], [ -120.512295632519681, 48.312045498503359 ], [ -120.512748966825527, 48.312070385231699 ], [ -120.513739476669684, 48.312124774497754 ], [ -120.515208013449026, 48.312206769765666 ], [ -120.519099781110086, 48.311348507609793 ], [ -120.520415000266624, 48.310674197284442 ], [ -120.522077180206978, 48.309774438459691 ], [ -120.522924144116473, 48.309275554245453 ], [ -120.523492185932355, 48.308940549347355 ], [ -120.523567825734858, 48.308895925676445 ], [ -120.525650672318349, 48.307519255311384 ], [ -120.527313678162287, 48.30659681489221 ], [ -120.529574766047133, 48.306706504811146 ], [ -120.531185524746675, 48.306700501140106 ], [ -120.532544300484957, 48.3066954219819 ], [ -120.533449959395085, 48.306692401734502 ], [ -120.537079963770523, 48.306996811812091 ], [ -120.542713687599559, 48.306425547128363 ], [ -120.547201113286178, 48.306713550742764 ], [ -120.54982673936027, 48.309000749614199 ], [ -120.550139212814699, 48.309272927381386 ], [ -120.550294369833068, 48.309380409891041 ], [ -120.552882814692552, 48.311190449300739 ], [ -120.556942435349143, 48.312388665189061 ], [ -120.558422368268467, 48.313750749296588 ], [ -120.558509050637213, 48.313830552320375 ], [ -120.560519886467205, 48.315683862376389 ], [ -120.565254640458392, 48.317594542852383 ], [ -120.571727648688793, 48.318102419951614 ], [ -120.574944031261865, 48.318584677960033 ], [ -120.580118093267586, 48.318926345561081 ], [ -120.580314981013117, 48.318939334203542 ], [ -120.583166414595311, 48.319128455747503 ], [ -120.586816493791432, 48.320321817292388 ], [ -120.588453160795666, 48.323433919514329 ], [ -120.588479499058394, 48.323483988118831 ], [ -120.587054394028627, 48.324458479152966 ], [ -120.584655845975902, 48.326312525873483 ], [ -120.583979145151574, 48.327769373998684 ], [ -120.584619345452637, 48.330492529414485 ], [ -120.585361394981263, 48.333239599950716 ], [ -120.585986681285263, 48.336808046270143 ], [ -120.585842287404105, 48.337902629983965 ], [ -120.585828322332318, 48.338008293009956 ], [ -120.585672007584492, 48.339181169605347 ], [ -120.583983662490056, 48.34161281161785 ], [ -120.582557123916786, 48.342720812555299 ], [ -120.580731857680945, 48.343118032658431 ], [ -120.580349933185218, 48.343327219274641 ], [ -120.58013880213413, 48.343443237957715 ], [ -120.578722613822009, 48.344221587209148 ], [ -120.577454292963068, 48.34613018885193 ], [ -120.57534399794126, 48.347118696456533 ], [ -120.572275647453125, 48.347917296510595 ], [ -120.569719147732357, 48.348879259022816 ], [ -120.568758786943633, 48.350858819115821 ], [ -120.568289330172774, 48.35237149125394 ], [ -120.567740422650303, 48.354139902148106 ], [ -120.567665341109077, 48.356492232687842 ], [ -120.56636619901559, 48.358150034006677 ], [ -120.561782355688152, 48.359232811596513 ], [ -120.560205611117482, 48.361047523238106 ], [ -120.56227364875096, 48.364490610957752 ], [ -120.562524509800213, 48.366840035991096 ], [ -120.562533491940542, 48.366924258050751 ], [ -120.562627061831449, 48.367805109954574 ], [ -120.563191978794947, 48.370848258008024 ], [ -120.566350654203717, 48.372837059103908 ], [ -120.56733384488868, 48.375517554591795 ], [ -120.570269560017522, 48.3765001504349 ], [ -120.575230009865336, 48.377566999796116 ], [ -120.578926434762622, 48.378281718474419 ], [ -120.580168630675814, 48.378643382242437 ], [ -120.580442715154462, 48.378723175519852 ], [ -120.581421008583987, 48.379008831684345 ], [ -120.58421942577047, 48.380035670534674 ], [ -120.585502832875704, 48.381308826245515 ], [ -120.585544937142799, 48.381350580011862 ], [ -120.58614433577273, 48.381946768576022 ], [ -120.588714817761328, 48.384227900451521 ], [ -120.592760067918917, 48.384693275660631 ], [ -120.596600573335863, 48.385042232371191 ], [ -120.599507926232477, 48.385704205251528 ], [ -120.601898308706808, 48.38712280217495 ], [ -120.602855008489783, 48.387690511531048 ], [ -120.604166814199772, 48.388503125097714 ], [ -120.606436225919509, 48.390393686894981 ], [ -120.608531324334692, 48.392442593264967 ], [ -120.610458505341143, 48.394307356683811 ], [ -120.613058945490494, 48.394920672663758 ], [ -120.615922227458526, 48.396243998167186 ], [ -120.616235086808757, 48.396414552798078 ], [ -120.616584404274008, 48.39660501729746 ], [ -120.618169346821361, 48.397471972607782 ], [ -120.621101762398396, 48.398772497415237 ], [ -120.622652377888983, 48.398533187066832 ], [ -120.623639660548577, 48.398207289068168 ], [ -120.624378082484114, 48.397963512981072 ], [ -120.625209345444304, 48.397592721264189 ], [ -120.628199273357865, 48.397500448216206 ], [ -120.630601387801761, 48.397632025006807 ], [ -120.633864243737548, 48.397679040663732 ], [ -120.636481027993725, 48.397286934195499 ], [ -120.640056885451628, 48.397084746060209 ], [ -120.643173090299356, 48.397678979695527 ], [ -120.64536606962119, 48.397838977427199 ], [ -120.64601673544098, 48.397886427016338 ], [ -120.6473253983756, 48.397982758507972 ], [ -120.649933377344993, 48.398139031263788 ], [ -120.649914994342524, 48.399280913909408 ], [ -120.647886737439862, 48.401550109720809 ], [ -120.64714631303903, 48.402732644273527 ], [ -120.646786108303985, 48.403780419909296 ], [ -120.645542815993068, 48.405423182875872 ], [ -120.645382667523307, 48.405634406657228 ], [ -120.645031328691857, 48.406097825570008 ], [ -120.642750799466725, 48.406949333841958 ], [ -120.641109990497227, 48.408536356689048 ], [ -120.641584627623004, 48.410875425098041 ], [ -120.641586738843756, 48.410883053167026 ], [ -120.641652978328494, 48.411121481340423 ], [ -120.643873456855559, 48.411937319919645 ], [ -120.645156876886077, 48.412096695452398 ], [ -120.645396484495024, 48.4121264034167 ], [ -120.647782488807607, 48.412422208606102 ], [ -120.650253475658019, 48.414792495503846 ], [ -120.650671292470719, 48.416622892618442 ], [ -120.651298655555919, 48.42044219064914 ], [ -120.651974814304694, 48.423325036212482 ], [ -120.652636047479007, 48.424928376307435 ], [ -120.653086316882849, 48.425351813701482 ], [ -120.653175768928392, 48.42543592417536 ], [ -120.654736183346998, 48.426907913918114 ], [ -120.655235430137793, 48.430086204610525 ], [ -120.651523231365957, 48.432321300213978 ], [ -120.650900189188064, 48.434714691187516 ], [ -120.652774711623977, 48.437948696591846 ], [ -120.655028680762328, 48.438856052778753 ], [ -120.656239346359754, 48.439820418612086 ], [ -120.656418600765875, 48.439963174017691 ], [ -120.656896466389838, 48.440376941917094 ], [ -120.658976039367559, 48.441441992449555 ], [ -120.661239011745934, 48.441846458181672 ], [ -120.662877296172155, 48.442635316258453 ], [ -120.664596178335259, 48.444817239509241 ], [ -120.665965152231905, 48.445698238310669 ], [ -120.666604780641734, 48.446110369010675 ], [ -120.666856804294639, 48.446430463810387 ], [ -120.667852523736499, 48.447694936115646 ], [ -120.668817590873047, 48.449734727385113 ], [ -120.666856804629859, 48.451248590483488 ], [ -120.666592870886063, 48.4514523649827 ], [ -120.665925703192443, 48.451469054367365 ], [ -120.661910723396645, 48.451695899071112 ], [ -120.657979447405822, 48.452375931430964 ], [ -120.654769207014084, 48.453175448156074 ], [ -120.654358092332558, 48.454288894630054 ], [ -120.653978466816255, 48.455316977748296 ], [ -120.652887395868348, 48.456884896218554 ], [ -120.652462422553455, 48.457703957176115 ], [ -120.650832695991966, 48.460730140493816 ], [ -120.648097513117875, 48.461852817912707 ], [ -120.645506788041089, 48.463888587754582 ], [ -120.644266414408108, 48.464863160559155 ], [ -120.641005249939568, 48.466620597321288 ], [ -120.638553471002723, 48.467219415069827 ], [ -120.636793142326965, 48.467572204112862 ], [ -120.634931514586327, 48.467809987098818 ], [ -120.633344065968316, 48.468117949129059 ], [ -120.632428909009363, 48.468757368439512 ], [ -120.632405342969719, 48.468773833369383 ], [ -120.632556781815467, 48.470007930119216 ], [ -120.633472466034789, 48.470814449558837 ], [ -120.63425471244237, 48.471390972341446 ], [ -120.635925736302397, 48.472293848954763 ], [ -120.637866476492391, 48.473518995169385 ], [ -120.640338615642449, 48.473856484096622 ], [ -120.642601038560485, 48.474352394847052 ], [ -120.643984180787371, 48.474996594800722 ], [ -120.644888766814347, 48.475419470896234 ], [ -120.645531927486317, 48.475652713656551 ], [ -120.648617549100535, 48.476771667442755 ], [ -120.651354284412164, 48.477704490849099 ], [ -120.652577884947092, 48.478695371170197 ], [ -120.653079110946209, 48.479589938773486 ], [ -120.653542077899559, 48.480781130789204 ], [ -120.653697563490311, 48.481809703889446 ], [ -120.653465412154759, 48.483452507535901 ], [ -120.653432113956711, 48.483833045770389 ], [ -120.653351757459603, 48.484751291058714 ], [ -120.653235671936443, 48.485234317073804 ], [ -120.651671604073456, 48.485221973237145 ], [ -120.651326333685347, 48.485540223559447 ], [ -120.65010453165003, 48.488478797026126 ], [ -120.648963860044731, 48.489569989111985 ], [ -120.645564945878249, 48.491111741561475 ], [ -120.643782194707669, 48.491920297848573 ], [ -120.643038983838977, 48.492220538079515 ], [ -120.642248860493808, 48.492309158937807 ], [ -120.641628165033055, 48.492558558463422 ], [ -120.641317097373687, 48.492990435313402 ], [ -120.641103520314388, 48.494039316948232 ], [ -120.639753388121548, 48.495517649123769 ], [ -120.638477591949027, 48.496311634298891 ], [ -120.637825253922358, 48.496309653965106 ], [ -120.637208447063713, 48.496102177876523 ], [ -120.636040720119169, 48.49605283749802 ], [ -120.635320988867619, 48.495891359716104 ], [ -120.634393383472116, 48.49584241401508 ], [ -120.633498487346444, 48.496090710592682 ], [ -120.632608430528649, 48.495814312477712 ], [ -120.631235238144285, 48.495604908354622 ], [ -120.62999876062932, 48.49566928266546 ], [ -120.629412259426616, 48.496032278183456 ], [ -120.629100862307567, 48.496396311466285 ], [ -120.628410591146931, 48.496895690639015 ], [ -120.628406551671617, 48.497351884253312 ], [ -120.629122762676133, 48.498175047416325 ], [ -120.629185234301957, 48.49830136218538 ], [ -120.629279159909771, 48.498491313466289 ], [ -120.630006168261858, 48.499500786260313 ], [ -120.632132379125366, 48.499940873243311 ], [ -120.633005456830787, 48.500405647833226 ], [ -120.636564614322594, 48.501753564424938 ], [ -120.638389254436532, 48.501902109905281 ], [ -120.640595108814111, 48.502367978933492 ], [ -120.6416017741914, 48.503023625274814 ], [ -120.643645542069706, 48.503754668946939 ], [ -120.6455933582711, 48.504400782038985 ], [ -120.646782778683757, 48.504795312825252 ], [ -120.64768276335208, 48.505223616337744 ], [ -120.653579216214084, 48.506533841482977 ], [ -120.654891506231436, 48.506936216303465 ], [ -120.656437264617324, 48.506812930457237 ], [ -120.657200478198661, 48.507309861135276 ], [ -120.657256740395084, 48.508884423164197 ], [ -120.656443852882973, 48.509710827935727 ], [ -120.656426983998372, 48.510966310694499 ], [ -120.65574998592939, 48.511746640525431 ], [ -120.656106572550939, 48.512769853834953 ], [ -120.656203270290632, 48.513047393138763 ], [ -120.656531540367766, 48.513544209667579 ], [ -120.657437180985767, 48.514405985751921 ], [ -120.657832421219382, 48.515567768082434 ], [ -120.657020948229501, 48.516553756424088 ], [ -120.656620449962048, 48.517423445956865 ], [ -120.656635064061945, 48.51851860920619 ], [ -120.65682302142983, 48.519658747175015 ], [ -120.656636545260355, 48.521097319413087 ], [ -120.655763564868948, 48.522586100670154 ], [ -120.654060614938714, 48.523760238255285 ], [ -120.652522000900191, 48.524386208452796 ], [ -120.650371448091136, 48.525586209916803 ], [ -120.64955451292596, 48.526207084982516 ], [ -120.649014160637876, 48.526918018518103 ], [ -120.649018700322429, 48.527237976403079 ], [ -120.649023182607436, 48.527552235813268 ], [ -120.649156133211321, 48.529701320794054 ], [ -120.649033528072522, 48.530842535612067 ], [ -120.64877239582421, 48.531848310793485 ], [ -120.648992840528678, 48.532851399301933 ], [ -120.650384036590921, 48.533937966034237 ], [ -120.650769178071386, 48.534460720386718 ], [ -120.65098947466717, 48.535395340019214 ], [ -120.651310516631739, 48.536214763097874 ], [ -120.652283100191156, 48.536938812146332 ], [ -120.65345391473403, 48.537022918613737 ], [ -120.654522909217349, 48.537198893441165 ], [ -120.656000529045329, 48.537098310635876 ], [ -120.65646891370973, 48.536114167712476 ], [ -120.657047140325233, 48.535654516430178 ], [ -120.659516709325871, 48.535160118915535 ], [ -120.662359199471155, 48.534229558781703 ], [ -120.665003631019843, 48.533642317188978 ], [ -120.666856622891444, 48.533276507332822 ], [ -120.668959197537234, 48.532861383688022 ], [ -120.671471690410144, 48.532965286110816 ], [ -120.673087936586867, 48.532730729839706 ], [ -120.675180833380111, 48.531946836531674 ], [ -120.677478223737083, 48.530956442258073 ], [ -120.679645671816672, 48.530902472577971 ], [ -120.683357537815397, 48.530454292430171 ], [ -120.685320393190793, 48.530582721165565 ], [ -120.68762500746287, 48.530527706768289 ], [ -120.688640642913313, 48.531069284274189 ], [ -120.689111747893008, 48.531320502732818 ], [ -120.691388539102434, 48.532109954375066 ], [ -120.69410815014443, 48.53216715503693 ], [ -120.695900767430075, 48.532525131928445 ], [ -120.698615927128557, 48.532217179533738 ], [ -120.7018118482316, 48.531702163433373 ], [ -120.702069223177546, 48.531589403164148 ], [ -120.702849226689068, 48.532222270587724 ], [ -120.703893273059933, 48.533655369493914 ], [ -120.705083178927083, 48.535977872333575 ], [ -120.70746480781122, 48.536835326158752 ], [ -120.707406864661948, 48.538090178470632 ], [ -120.707968687392224, 48.539320631771112 ], [ -120.708648428496204, 48.541706200850719 ], [ -120.708675752006073, 48.541802176611419 ], [ -120.707965427209572, 48.542925981991111 ], [ -120.70629252788423, 48.544530232993999 ], [ -120.705239241142706, 48.546086103663811 ], [ -120.705459208157748, 48.54772812289508 ], [ -120.704542626860913, 48.549169368301342 ], [ -120.703174231661279, 48.550110740604836 ], [ -120.701977163611204, 48.551074409681682 ], [ -120.701409688861247, 48.553198562526148 ], [ -120.70090313926886, 48.554273341714996 ], [ -120.700330007677962, 48.555759166123622 ], [ -120.700648831585042, 48.556174802161181 ], [ -120.700811128161646, 48.556386407898927 ], [ -120.700991556897492, 48.556623077353031 ], [ -120.700496222901847, 48.559021052845637 ], [ -120.699193562704693, 48.559688277622925 ], [ -120.696368870726417, 48.559517700659114 ], [ -120.694445958601747, 48.560164689296059 ], [ -120.692935294919906, 48.560695208612742 ], [ -120.691461550756117, 48.561454428448371 ], [ -120.68947090167805, 48.562238426071943 ], [ -120.688654141743498, 48.562663291379714 ], [ -120.688100042565381, 48.562951523787525 ], [ -120.686836796140938, 48.564325385361933 ], [ -120.686097430652538, 48.566496284481829 ], [ -120.686352008520814, 48.568160856385703 ], [ -120.686701741459643, 48.57067892273826 ], [ -120.686731187389725, 48.57089089086341 ], [ -120.688658444027126, 48.572779811930452 ], [ -120.688732103461859, 48.572851964416365 ], [ -120.688658576549585, 48.573045657985432 ], [ -120.688159536292304, 48.574360310630908 ], [ -120.688515285839557, 48.57570486268088 ], [ -120.688659736174102, 48.57576123528785 ], [ -120.690656853216311, 48.576540408452495 ], [ -120.692801061927696, 48.577512885372521 ], [ -120.693633925285283, 48.578330657682073 ], [ -120.695058474548574, 48.579762448056456 ], [ -120.697412089597563, 48.581190628748551 ], [ -120.698731873950493, 48.582439684964356 ], [ -120.700121233482321, 48.583780382585047 ], [ -120.701073321435658, 48.58514744500345 ], [ -120.701120779711985, 48.585215578972431 ], [ -120.701340844639887, 48.585532306793603 ], [ -120.701904679452298, 48.586921632473185 ], [ -120.703045532430025, 48.587487455850791 ], [ -120.703990407135379, 48.589149385360379 ], [ -120.705031675837887, 48.590103686280578 ], [ -120.706484780116924, 48.590759313190645 ], [ -120.708209099160811, 48.591071323154878 ], [ -120.708554069035884, 48.591107702036574 ], [ -120.710476246198979, 48.591311504549537 ], [ -120.710482013629615, 48.591312107991556 ], [ -120.71048778520111, 48.591312714165426 ], [ -120.712243102019812, 48.591418903238605 ], [ -120.714008294106932, 48.592369747736974 ], [ -120.715466261867903, 48.593664273692397 ], [ -120.714991855764609, 48.594556157924202 ], [ -120.715992970426655, 48.594711838018455 ], [ -120.71720143669323, 48.595071936729077 ], [ -120.717692748551897, 48.596027783648651 ], [ -120.719212228078788, 48.596431808809903 ], [ -120.720726324805383, 48.596288580961527 ], [ -120.722585263169037, 48.596143321804981 ], [ -120.722888164687561, 48.595252411925685 ], [ -120.723614853156249, 48.591826657866918 ], [ -120.724382031157504, 48.588948033051835 ], [ -120.726192799475754, 48.587274832030324 ], [ -120.727521909405297, 48.585716931956625 ], [ -120.729308759869284, 48.585229944533111 ], [ -120.729321445425441, 48.585147186242281 ], [ -120.729536582201106, 48.583746048267876 ], [ -120.730659523354319, 48.582303536708139 ], [ -120.732273867193726, 48.581802674291716 ], [ -120.732823245019333, 48.581632213951316 ], [ -120.735226138618927, 48.580685739381927 ], [ -120.738111383721161, 48.579828655089997 ], [ -120.741581384954657, 48.578877825999655 ], [ -120.744129652329534, 48.578843142391023 ], [ -120.74547878518959, 48.579521825890687 ], [ -120.74665261213535, 48.579790583598808 ], [ -120.748721341532701, 48.580054723851887 ], [ -120.750858811830525, 48.580227587750578 ], [ -120.752209737442882, 48.580395923341385 ], [ -120.752445222195661, 48.580425558475717 ], [ -120.753857907092069, 48.580556102840859 ], [ -120.754077669780045, 48.580663735710793 ], [ -120.755380910425245, 48.581302078242963 ], [ -120.757280778536, 48.581841068339166 ], [ -120.75876255724701, 48.581948091336344 ], [ -120.760458433167813, 48.582761455687894 ], [ -120.762126135307511, 48.584328202781599 ], [ -120.763113727039809, 48.585147446140716 ], [ -120.763411486727634, 48.585394437923945 ], [ -120.764659765456685, 48.586255988306213 ], [ -120.765672400346418, 48.587665930427804 ], [ -120.765857831277046, 48.589011308896872 ], [ -120.767478707023074, 48.589231629754522 ], [ -120.76913926865285, 48.589931228179069 ], [ -120.770770822736537, 48.591201374774151 ], [ -120.772260943654572, 48.592061578707764 ], [ -120.773831938440338, 48.593080496735709 ], [ -120.773831761869516, 48.593141451422625 ], [ -120.774040808208909, 48.594425803187164 ], [ -120.77560483778646, 48.595764522913967 ], [ -120.775915846644423, 48.595955951081173 ], [ -120.777407278905656, 48.596873915795371 ], [ -120.778583906107727, 48.597370440815155 ], [ -120.77956100982253, 48.598598159564325 ], [ -120.78100313869831, 48.599615527914828 ], [ -120.781365545495532, 48.599871198234688 ], [ -120.783659396633979, 48.601863503718576 ], [ -120.784674582407902, 48.603410237137794 ], [ -120.785312002848386, 48.605164041228036 ], [ -120.784985960446235, 48.606922891465572 ], [ -120.785309392622167, 48.608290490269567 ], [ -120.784876372728192, 48.609753070687908 ], [ -120.783959488616603, 48.61112637361002 ], [ -120.78269171161395, 48.611794401905193 ], [ -120.782115293908504, 48.612732699022935 ], [ -120.782436788671234, 48.613940044570292 ], [ -120.782541760220496, 48.614083727226152 ], [ -120.782634495944052, 48.614210782850456 ], [ -120.783346290093377, 48.615191162871319 ], [ -120.784187989199921, 48.616692438914427 ], [ -120.784371726331969, 48.61780970221168 ], [ -120.785660427390738, 48.619058549845178 ], [ -120.786538089345768, 48.620697348985352 ], [ -120.787521964823867, 48.622472198298958 ], [ -120.788229429807075, 48.624316878180309 ], [ -120.788307134120245, 48.625115239771588 ], [ -120.787146048052236, 48.626261767232997 ], [ -120.785156020908843, 48.627161009589457 ], [ -120.783852372509656, 48.627760668015647 ], [ -120.782386077583254, 48.628551801348358 ], [ -120.782302017136942, 48.628597146803607 ], [ -120.780602247820156, 48.630286634703864 ], [ -120.779751941962388, 48.63145426678075 ], [ -120.778974879419309, 48.632986749161034 ], [ -120.778025221059892, 48.634520340066729 ], [ -120.777480806751157, 48.635321526049168 ], [ -120.776423010627553, 48.636353323786857 ], [ -120.776002983233226, 48.636429934126546 ], [ -120.775011834252908, 48.636610702054831 ], [ -120.774077485901287, 48.637559327641142 ], [ -120.773791706812304, 48.638829706126806 ], [ -120.773296707915847, 48.640999803130157 ], [ -120.771691990414411, 48.642627262797653 ], [ -120.770764307686179, 48.64301968768099 ], [ -120.770119442058302, 48.643292436442223 ], [ -120.768635544474293, 48.643919694593009 ], [ -120.766398308521744, 48.644363739899816 ], [ -120.763223463852597, 48.644150308609198 ], [ -120.759464517665748, 48.644099692221445 ], [ -120.757125557670491, 48.644680754822843 ], [ -120.754255999463965, 48.647523594237875 ], [ -120.754192921115134, 48.647609417257009 ], [ -120.752893443374518, 48.649377642136358 ], [ -120.752976993560026, 48.650837559500602 ], [ -120.752610938651415, 48.652299799663034 ], [ -120.752181402855484, 48.652608230932209 ], [ -120.750623866800453, 48.653723712340437 ], [ -120.751495360877314, 48.654609433862859 ], [ -120.751774903446389, 48.65620521557647 ], [ -120.751904108679796, 48.657002325140809 ], [ -120.751400007570567, 48.657134655998469 ], [ -120.751314203849233, 48.657348508314506 ], [ -120.750665399716624, 48.658081288608351 ], [ -120.749780011676108, 48.659272036197272 ], [ -120.747401214285262, 48.659465361864321 ], [ -120.745025857304285, 48.659955169388525 ], [ -120.744380322691043, 48.660961843407101 ], [ -120.743417303514349, 48.661285718778807 ], [ -120.741798643396905, 48.66156706229696 ], [ -120.740734197359927, 48.662096573840593 ], [ -120.738186388229138, 48.662678360603088 ], [ -120.736366982435783, 48.663621586354438 ], [ -120.736005672590295, 48.663968146922571 ], [ -120.735649502609718, 48.664309244795596 ], [ -120.73307945642793, 48.666192130369083 ], [ -120.732382797525105, 48.666150349879871 ], [ -120.730593314181064, 48.666042909506565 ], [ -120.729001552252342, 48.665433763376654 ], [ -120.72564534352037, 48.664421843044273 ], [ -120.720776746020206, 48.663895480251959 ], [ -120.717332513483086, 48.664526444118415 ], [ -120.717206811226291, 48.665873065267526 ], [ -120.717454977369911, 48.666625221423402 ], [ -120.717502080845392, 48.668016724098493 ], [ -120.717657354388692, 48.670046294306339 ], [ -120.718250696847463, 48.670751273521716 ], [ -120.718581481492421, 48.671471030938108 ], [ -120.718637830388786, 48.671593595079138 ], [ -120.718615819051578, 48.671769637962662 ], [ -120.718508647346795, 48.672598484089939 ], [ -120.718241046341262, 48.673648824854752 ], [ -120.718663361795706, 48.674491764722589 ], [ -120.717193012637907, 48.676003825989405 ], [ -120.716370848476828, 48.676737407669691 ], [ -120.71528130054871, 48.678339172248286 ], [ -120.714433070061844, 48.680054150261263 ], [ -120.714298640160621, 48.680309148821578 ], [ -120.713245685356441, 48.682294988134281 ], [ -120.713086264101392, 48.683778610881625 ], [ -120.713163843142027, 48.684805028199619 ], [ -120.712847759140956, 48.685938707613872 ], [ -120.712787696737479, 48.68615412430205 ], [ -120.712762205162065, 48.686243882066464 ], [ -120.711982826239094, 48.687890222825466 ], [ -120.710560819332159, 48.689496686403238 ], [ -120.710137705402659, 48.689974701113968 ], [ -120.708422733714514, 48.691282302676619 ], [ -120.706887491210523, 48.693318929115776 ], [ -120.705688782728984, 48.694419458591234 ], [ -120.70343197894077, 48.696915422916234 ], [ -120.701227181405955, 48.697381420144168 ], [ -120.698323774878617, 48.69695967279592 ], [ -120.695456057334738, 48.696652161020303 ], [ -120.692545768557338, 48.696023495769673 ], [ -120.691928728721706, 48.695890951358841 ], [ -120.68884891984041, 48.694990567319664 ], [ -120.688710967393732, 48.694967529382502 ], [ -120.684182812292903, 48.694211064623559 ], [ -120.679971867879033, 48.694296284262045 ], [ -120.678089446802204, 48.696197462174716 ], [ -120.678216501960449, 48.699185794718183 ], [ -120.67797936689314, 48.700406932665352 ], [ -120.677786429832523, 48.701400452036339 ], [ -120.67883452014425, 48.702925339529209 ], [ -120.680050617549696, 48.703946595616529 ], [ -120.679895373259768, 48.706046472340326 ], [ -120.680223288782273, 48.708121647061489 ], [ -120.681589594800116, 48.710648557761338 ], [ -120.68115615652944, 48.712475608588065 ], [ -120.679831462570121, 48.7148747751651 ], [ -120.679586815250403, 48.715317889509208 ], [ -120.678195163816511, 48.717826403472131 ], [ -120.677096737405847, 48.718629264890346 ], [ -120.674614840107111, 48.719208876189875 ], [ -120.672927574735724, 48.71974069115349 ], [ -120.670716581035592, 48.720588271200647 ], [ -120.668271093885934, 48.720634233588257 ], [ -120.667117698012959, 48.720497525348144 ], [ -120.666856353176186, 48.720538075837737 ], [ -120.664582229914615, 48.720890734594214 ], [ -120.662903640625444, 48.720604767264753 ], [ -120.662100754774258, 48.72035248090404 ], [ -120.661436085385233, 48.719932912093661 ], [ -120.660774912026, 48.719650295957656 ], [ -120.659767744768345, 48.719598262591433 ], [ -120.658482325295708, 48.720971644267102 ], [ -120.657767150303656, 48.721312256279283 ], [ -120.657311110320109, 48.72212777672177 ], [ -120.656055585275013, 48.723835273917935 ], [ -120.655857337821047, 48.724342287829529 ], [ -120.655980095483486, 48.724896817848972 ], [ -120.656679840847943, 48.725257476228208 ], [ -120.659042385317335, 48.726111008626887 ], [ -120.660086216826798, 48.726601984400588 ], [ -120.661219804277792, 48.727340015569069 ], [ -120.662276831988748, 48.729342474036542 ], [ -120.662443275089984, 48.729657773314315 ], [ -120.662737406808404, 48.730038808716074 ], [ -120.664282997352061, 48.731385717391561 ], [ -120.665604716770261, 48.731972788979128 ], [ -120.666856349457248, 48.732864213528238 ], [ -120.667917432595416, 48.733619891903452 ], [ -120.669132916826015, 48.73365857712308 ], [ -120.66951664712586, 48.733553942880732 ], [ -120.670686280979425, 48.733500914469111 ], [ -120.673381085862033, 48.733222394955199 ], [ -120.676634573844197, 48.734077014345168 ], [ -120.678162808840511, 48.735051919899924 ], [ -120.677861959793489, 48.736399365085006 ], [ -120.678253903645285, 48.737788916539763 ], [ -120.678644915018751, 48.739202406948714 ], [ -120.680403521380526, 48.741448707128114 ], [ -120.680684867484544, 48.741673208598435 ], [ -120.68162901263311, 48.741886931149295 ], [ -120.682264906825552, 48.742327031080812 ], [ -120.683031809613908, 48.743014355949654 ], [ -120.683683614951221, 48.743346845296564 ], [ -120.684400114331723, 48.743571652788688 ], [ -120.684840327806512, 48.743861433016363 ], [ -120.685589334227231, 48.744075426179457 ], [ -120.686273856230812, 48.744450879814266 ], [ -120.686497843680158, 48.744532003620861 ], [ -120.686878744232942, 48.744669962778261 ], [ -120.687151479639198, 48.744768739590697 ], [ -120.687397698850646, 48.744857915566399 ], [ -120.687729801422407, 48.744943025170123 ], [ -120.688122485541754, 48.745043659779206 ], [ -120.68843455446779, 48.745123635677089 ], [ -120.688732790193669, 48.745200060770692 ], [ -120.6894830040969, 48.74573675877145 ], [ -120.689744874437721, 48.746177411188846 ], [ -120.690120462210047, 48.746574852123565 ], [ -120.690854562746196, 48.747143839435623 ], [ -120.691475557398746, 48.747917408089116 ], [ -120.691657185026415, 48.748648639413183 ], [ -120.691593820243341, 48.7491113249853 ], [ -120.69172664636416, 48.749842636592248 ], [ -120.691566099822893, 48.750423812127543 ], [ -120.691486101675181, 48.750789705485218 ], [ -120.691016367903231, 48.751349859696518 ], [ -120.690595747808032, 48.751995997474737 ], [ -120.69098781280546, 48.752436434058289 ], [ -120.691234053855581, 48.753038471870809 ], [ -120.691276036372088, 48.753332923386971 ], [ -120.691312963815776, 48.753591905472064 ], [ -120.69138434090776, 48.754092485307162 ], [ -120.691729519011218, 48.755049366724762 ], [ -120.69205613552586, 48.755382329468397 ], [ -120.692092972163437, 48.755461121904915 ], [ -120.692134548209808, 48.755550060698759 ], [ -120.692174132602233, 48.755634726876522 ], [ -120.692197895850484, 48.755685559971276 ], [ -120.692234298657937, 48.755763424473933 ], [ -120.692271979295455, 48.755844017826902 ], [ -120.692305664037121, 48.75591607969492 ], [ -120.692367718102986, 48.756048806170192 ], [ -120.692889630250619, 48.756392207894535 ], [ -120.693718841635274, 48.756240257977211 ], [ -120.695020397270724, 48.75622737795868 ], [ -120.695704343444874, 48.756387623520382 ], [ -120.696469234893868, 48.756440154791399 ], [ -120.6973005121787, 48.756836818517627 ], [ -120.698750236970113, 48.757275476756519 ], [ -120.699466771186678, 48.757285231929636 ], [ -120.699967539470876, 48.757985150474852 ], [ -120.700658307391478, 48.758821972405599 ], [ -120.70104964245634, 48.759030161790797 ], [ -120.701464493613415, 48.759607701794671 ], [ -120.701749355112099, 48.760082726011355 ], [ -120.702250408305304, 48.76075260381441 ], [ -120.702851238089025, 48.761514421054464 ], [ -120.703280807790065, 48.762400055975696 ], [ -120.703481201797942, 48.76310709698928 ], [ -120.703363175117644, 48.763619794334289 ], [ -120.703816745775313, 48.764080700020848 ], [ -120.704408298853821, 48.764487694364846 ], [ -120.7049024691743, 48.764815278651604 ], [ -120.705977017942388, 48.765693215489101 ], [ -120.706379832753029, 48.76616517943291 ], [ -120.706760873323404, 48.766671895173587 ], [ -120.70741547111102, 48.767306368834504 ], [ -120.707908339942463, 48.767931037809419 ], [ -120.708287009769023, 48.768507418754382 ], [ -120.70876869913053, 48.769103958692718 ], [ -120.709218415161402, 48.769828929189394 ], [ -120.709469793226688, 48.770389718463235 ], [ -120.709500257940391, 48.770955685702738 ], [ -120.709918101003069, 48.771813661974612 ], [ -120.710632187043316, 48.771967464556802 ], [ -120.712204460307234, 48.772306081300719 ], [ -120.714503881931492, 48.772437528568133 ], [ -120.71739190938716, 48.772603469094463 ], [ -120.719469230380099, 48.772890696771007 ], [ -120.722784074787938, 48.772557203673585 ], [ -120.725522725514082, 48.773389513859904 ], [ -120.727375422387098, 48.775594427510796 ], [ -120.730867792951713, 48.779525858257543 ], [ -120.732532786282007, 48.781689546897105 ], [ -120.733632783578045, 48.783118981673468 ], [ -120.73447381797493, 48.784851582003441 ], [ -120.734730996626709, 48.785381362224676 ], [ -120.735427176842961, 48.78648729321521 ], [ -120.735158449710951, 48.787332824775476 ], [ -120.735200704454869, 48.788199658077602 ], [ -120.73476461880918, 48.789615958388005 ], [ -120.734635349463574, 48.790597510785432 ], [ -120.734089880424037, 48.791444268005371 ], [ -120.734030336279872, 48.792493445815637 ], [ -120.734867180042656, 48.793288211661789 ], [ -120.736053843389485, 48.794423950030826 ], [ -120.736153628125734, 48.79454208269744 ], [ -120.736517550229209, 48.794972897893444 ], [ -120.737242834615415, 48.795832891646782 ], [ -120.737173012407837, 48.79642190219483 ], [ -120.737018246381837, 48.79772741944047 ], [ -120.736615362507123, 48.798252746428716 ], [ -120.735835429270622, 48.799065074926567 ], [ -120.735916974086294, 48.799319398593063 ], [ -120.736093019544597, 48.799868475665725 ], [ -120.736003702239472, 48.800287725964431 ], [ -120.736187466609167, 48.801495992277424 ], [ -120.735780706053021, 48.80231919282393 ], [ -120.735344578601556, 48.803758074965579 ], [ -120.736113519991804, 48.804621404272936 ], [ -120.736203220007027, 48.804696728319747 ], [ -120.736605728545882, 48.805034711439234 ], [ -120.736950180177956, 48.805325050576656 ], [ -120.738448783340687, 48.806596401303864 ], [ -120.738737078785718, 48.807449443294097 ], [ -120.739018396777695, 48.80828181830676 ], [ -120.739128502785121, 48.808379989123203 ], [ -120.739680463172661, 48.808872120562548 ], [ -120.73996109398945, 48.809282963736699 ], [ -120.740628219530237, 48.810259610902364 ], [ -120.742055491394893, 48.811302349870104 ], [ -120.742069214145687, 48.812693739627662 ], [ -120.742117424430234, 48.813632225170522 ], [ -120.742125390457431, 48.81378728641986 ], [ -120.742135459712202, 48.813983497034876 ], [ -120.742153572948055, 48.814336318912126 ], [ -120.742721975294387, 48.815930637846634 ], [ -120.742626579182215, 48.816821036025097 ], [ -120.742320258794081, 48.817312355996272 ], [ -120.742013166853283, 48.817804898119313 ], [ -120.742194622076411, 48.818890719627248 ], [ -120.742306480184368, 48.819560030167018 ], [ -120.742492133295855, 48.820905213001858 ], [ -120.742399036659648, 48.822068789602227 ], [ -120.740235623366971, 48.823812446301282 ], [ -120.738823568229733, 48.824571950279434 ], [ -120.737379885333254, 48.825673188060016 ], [ -120.737116384256638, 48.827020633028773 ], [ -120.737640435430507, 48.828362091113455 ], [ -120.737297870608472, 48.828612988517563 ], [ -120.736597486869229, 48.829453900947385 ], [ -120.736478752084281, 48.829571911918315 ], [ -120.736007657549564, 48.830206915765082 ], [ -120.735493836324352, 48.830799574947939 ], [ -120.73528413412231, 48.831445015580648 ], [ -120.735323557129604, 48.832135842755449 ], [ -120.735400304820189, 48.83282319965204 ], [ -120.73545630716086, 48.833509884844979 ], [ -120.735564141075173, 48.834189620017838 ], [ -120.735805656018385, 48.834842386070008 ], [ -120.736563333618989, 48.835862520487318 ], [ -120.736788539333574, 48.836245523112929 ], [ -120.73680585460103, 48.836274965463659 ], [ -120.737168712388169, 48.836917900729198 ], [ -120.737512913119929, 48.837560186897697 ], [ -120.737868515994535, 48.838199710080026 ], [ -120.738229311040911, 48.83883853677456 ], [ -120.738596335762324, 48.839476664864144 ], [ -120.738998626428895, 48.840111979270993 ], [ -120.739411294285233, 48.840745934593507 ], [ -120.739798044237375, 48.841381276777803 ], [ -120.740122583135914, 48.842021541030569 ], [ -120.740340421086017, 48.842692829074274 ], [ -120.740329766317572, 48.842829770254703 ], [ -120.740305160964269, 48.843144825488409 ], [ -120.740280606990012, 48.843444104225078 ], [ -120.739723643631365, 48.843913611761671 ], [ -120.738795121722177, 48.844133895719061 ], [ -120.737711603281227, 48.844264131438017 ], [ -120.73744617611105, 48.844317279608397 ], [ -120.736661641054511, 48.844474374679926 ], [ -120.735124101130907, 48.847447154274363 ], [ -120.732624086372581, 48.851769031510941 ], [ -120.731750237341515, 48.853279517094066 ], [ -120.730717147882544, 48.853831380447659 ], [ -120.73095805854706, 48.854281255764903 ], [ -120.731351209418023, 48.855015419856429 ], [ -120.731438520876196, 48.855099390221035 ], [ -120.732224503312437, 48.855855256975445 ], [ -120.732629786782525, 48.856127729988955 ], [ -120.732751826479358, 48.856209785703285 ], [ -120.733269464832617, 48.856557806827361 ], [ -120.734624829811949, 48.857053635509843 ], [ -120.734938147740209, 48.857297084174824 ], [ -120.735397508227464, 48.857653991260122 ], [ -120.736054615950962, 48.858165555589082 ], [ -120.73624034762976, 48.859533271082974 ], [ -120.736051532407629, 48.86024226902461 ], [ -120.735771993903384, 48.861291912134163 ], [ -120.73522818040486, 48.862435130587102 ], [ -120.735280534087991, 48.864374163539885 ], [ -120.735930297894782, 48.86445151657712 ], [ -120.736389538565831, 48.864506181495081 ], [ -120.73693914651254, 48.864408547625438 ], [ -120.737308105350792, 48.864343205399543 ], [ -120.737764863233338, 48.864262311315251 ], [ -120.737842372059575, 48.864248583198631 ], [ -120.73985470120499, 48.864695767689263 ], [ -120.740134188133183, 48.864842646559623 ], [ -120.741490176279754, 48.865555222665726 ], [ -120.743506231959955, 48.866344728794139 ], [ -120.744263421283989, 48.866465801411465 ], [ -120.746558849970739, 48.866832814036563 ], [ -120.748255857998174, 48.866847789837166 ], [ -120.749242338257204, 48.867317214589548 ], [ -120.750204227430743, 48.867774921742665 ], [ -120.75267823891825, 48.869405543450213 ], [ -120.754333832752963, 48.870212262139205 ], [ -120.75457915776208, 48.870331798772092 ], [ -120.755044149783615, 48.870558381171051 ], [ -120.756469127317246, 48.871232342393554 ], [ -120.757097875023007, 48.871529707592707 ], [ -120.757794139910061, 48.871754932551639 ], [ -120.757824085889496, 48.87176461837894 ], [ -120.758317379225332, 48.871924216089155 ], [ -120.758556504201337, 48.872002441892846 ], [ -120.759248430113502, 48.872127589242616 ], [ -120.76112370889615, 48.872469291496188 ], [ -120.762341939518151, 48.873011660630254 ], [ -120.763285619715361, 48.873851104742563 ], [ -120.764236232332294, 48.875443738765988 ], [ -120.76694740810261, 48.876412068628433 ], [ -120.767657957923319, 48.877153172552134 ], [ -120.767927423074823, 48.87743421457705 ], [ -120.768283580486113, 48.87845843483381 ], [ -120.768582424110846, 48.879035857769168 ], [ -120.768672602751479, 48.87921009034681 ], [ -120.769200171864085, 48.880051099739354 ], [ -120.769797200548425, 48.88087004418179 ], [ -120.770222624237576, 48.881825628103797 ], [ -120.77008673391002, 48.882729344990061 ], [ -120.770026929910273, 48.883127051375723 ], [ -120.769040628048273, 48.884203762290589 ], [ -120.768998679516699, 48.884249554289745 ], [ -120.766934703160501, 48.885610013209195 ], [ -120.766314572397604, 48.886018749026711 ], [ -120.766002685765969, 48.886232333176359 ], [ -120.765458913172012, 48.886604708905622 ], [ -120.765297406891648, 48.886715409616535 ], [ -120.764758087494769, 48.887085071605007 ], [ -120.763733064836643, 48.887787624028746 ], [ -120.763119032255233, 48.888544957986483 ], [ -120.763860596061733, 48.889071979644335 ], [ -120.76423308846897, 48.889336700932134 ], [ -120.764638469211803, 48.889986397872349 ], [ -120.765183660549184, 48.890860153607214 ], [ -120.765424446604982, 48.891279780541026 ], [ -120.765888801623916, 48.892089003945692 ], [ -120.766208256734714, 48.893150790509488 ], [ -120.766209345579568, 48.893155775484537 ], [ -120.766210434410638, 48.893160757720658 ], [ -120.765529053644869, 48.894235016835438 ], [ -120.764813335085478, 48.895288211532907 ], [ -120.764301163291336, 48.896041853470905 ], [ -120.763615997349376, 48.897050014063183 ], [ -120.762704210578363, 48.899517661629012 ], [ -120.763957935705548, 48.900173585212478 ], [ -120.765236690519075, 48.899825640014839 ], [ -120.766479816994334, 48.900699788608058 ], [ -120.76648675883736, 48.900704675607649 ], [ -120.766493700681664, 48.900709562606764 ], [ -120.766778484975276, 48.900954735680187 ], [ -120.768626007993248, 48.902547323946735 ], [ -120.770964714841483, 48.904292827656477 ], [ -120.772132296761228, 48.906705137038998 ], [ -120.771420964715418, 48.908328143346303 ], [ -120.769702361547104, 48.909819217070002 ], [ -120.767881411863215, 48.91142483708937 ], [ -120.768835303612988, 48.913290543891343 ], [ -120.770406327616371, 48.914355126060727 ], [ -120.770712385014988, 48.9148133701134 ], [ -120.771053376310135, 48.915323871986772 ], [ -120.771954893964647, 48.916674805759769 ], [ -120.77207640484994, 48.918454041906912 ], [ -120.771295659080621, 48.92014565671203 ], [ -120.771338145554466, 48.920920656086849 ], [ -120.771868656117078, 48.922036179570533 ], [ -120.772375635879925, 48.924200721672172 ], [ -120.772052096483421, 48.926506139133082 ], [ -120.770362037646422, 48.927404167285694 ], [ -120.767936872829196, 48.927620530476553 ], [ -120.765860557076763, 48.927995601688956 ], [ -120.763196012506924, 48.92855539943195 ], [ -120.76032519958585, 48.929229955754501 ], [ -120.760165843613876, 48.929280722292127 ], [ -120.758948461067135, 48.929668427819401 ], [ -120.757666592695728, 48.930383264177316 ], [ -120.755256577625175, 48.932241916666662 ], [ -120.754688406574175, 48.932881219699212 ], [ -120.754605478297123, 48.932974542857806 ], [ -120.754508254450059, 48.933705304119698 ], [ -120.754660671971337, 48.935118872115417 ], [ -120.754046871022624, 48.936262221457611 ], [ -120.754300832553042, 48.937401702542914 ], [ -120.75469754928416, 48.93810533560881 ], [ -120.755006417141928, 48.938653159865339 ], [ -120.754842636651688, 48.939588805209603 ], [ -120.75526893800324, 48.940682010512759 ], [ -120.755592696653935, 48.941843899751589 ], [ -120.756226837456666, 48.942913404099698 ], [ -120.756933973641026, 48.943747849393347 ], [ -120.757396767203204, 48.944293937695825 ], [ -120.757419773488422, 48.944321959882728 ], [ -120.759305456610377, 48.945603024135586 ], [ -120.759619403680134, 48.945817331340628 ], [ -120.761054121946444, 48.947110982816753 ], [ -120.763078648142567, 48.948470419335941 ], [ -120.764691184702642, 48.950151184825025 ], [ -120.765777001664773, 48.951263423539821 ], [ -120.766760499975845, 48.952490903793176 ], [ -120.767847648856574, 48.953648991410027 ], [ -120.76851526593417, 48.954489666064447 ], [ -120.769946000450602, 48.955327222172414 ], [ -120.77234604283953, 48.95602286101888 ], [ -120.774885827252703, 48.956786624932427 ], [ -120.776699535331616, 48.956998666538446 ], [ -120.777699962850463, 48.95711562019649 ], [ -120.779680032644393, 48.957402653724195 ], [ -120.780942176885844, 48.95720251592104 ], [ -120.781515636241721, 48.957119694106943 ], [ -120.783077703830614, 48.957203622505517 ], [ -120.785583141745505, 48.957921367778845 ], [ -120.787176996146385, 48.957731327667375 ], [ -120.788621542246617, 48.958215529877904 ], [ -120.789926948504288, 48.958653083283444 ], [ -120.790184092048236, 48.958712711220215 ], [ -120.791127331723118, 48.959121906707772 ], [ -120.792072002743737, 48.959405797320336 ], [ -120.793056484844712, 48.959564289212025 ], [ -120.794088960062666, 48.959567236056181 ], [ -120.795137798626442, 48.959522207074535 ], [ -120.796174435758815, 48.959525782965578 ], [ -120.79721000972161, 48.959525956580556 ], [ -120.798244214191527, 48.959467243378327 ], [ -120.799258199919393, 48.95932915048666 ], [ -120.800193378450942, 48.959048808539073 ], [ -120.800837649500792, 48.958814405560126 ], [ -120.801099149516176, 48.958719264515885 ], [ -120.80109037151955, 48.958209401584085 ], [ -120.801017378773338, 48.957526780253019 ], [ -120.800837681602204, 48.957060726716897 ], [ -120.800411506045137, 48.95595559211305 ], [ -120.800434545633962, 48.954905937377688 ], [ -120.800837695897442, 48.954061741628479 ], [ -120.801045716419992, 48.953626097714569 ], [ -120.801943608736764, 48.953210981479657 ], [ -120.802957527818677, 48.95290508473515 ], [ -120.80363727371541, 48.952700700916772 ], [ -120.804776278176675, 48.952101459710484 ], [ -120.806367632667289, 48.951705740258696 ], [ -120.807686457132903, 48.951813276015947 ], [ -120.809449258389208, 48.951234267563322 ], [ -120.81138679507562, 48.950676715447436 ], [ -120.815097815097872, 48.950635486709615 ], [ -120.81494096631053, 48.948948153956295 ], [ -120.814620676592824, 48.948242412967012 ], [ -120.813811863284513, 48.947197668850656 ], [ -120.814179656243397, 48.945963578200619 ], [ -120.81552814984714, 48.945500615617149 ], [ -120.816320394753774, 48.945017855923105 ], [ -120.818364981739634, 48.944847430686707 ], [ -120.819052967117841, 48.944319083765834 ], [ -120.819151904886837, 48.943747882220464 ], [ -120.819313957808973, 48.942812072141308 ], [ -120.820093624152719, 48.941143457727669 ], [ -120.821855781114181, 48.940541009754334 ], [ -120.822799239414536, 48.940174990473196 ], [ -120.823167403534313, 48.94003215653732 ], [ -120.82434171505173, 48.939501778332342 ], [ -120.826172507287851, 48.938922328690161 ], [ -120.828319887130704, 48.938614491082042 ], [ -120.829701317007448, 48.938150589943973 ], [ -120.831783862252408, 48.938276980442218 ], [ -120.832930752391803, 48.938521623703778 ], [ -120.834151861932369, 48.939154289797379 ], [ -120.835436419601223, 48.939306804958463 ], [ -120.836390148127663, 48.94085358338495 ], [ -120.837208064198478, 48.942605431541594 ], [ -120.837531779622552, 48.943630166452451 ], [ -120.837590794427584, 48.943748011050189 ], [ -120.838035161621903, 48.944635248960509 ], [ -120.838454319331078, 48.945473478220997 ], [ -120.839693818203514, 48.947770478040717 ], [ -120.840204133638366, 48.9499805540379 ], [ -120.841707781989541, 48.950999174770224 ], [ -120.843480970949457, 48.951423392117967 ], [ -120.844771538375539, 48.952481610573905 ], [ -120.846463232696635, 48.953868666114843 ], [ -120.847018318456861, 48.954324419368021 ], [ -120.848033114435466, 48.955117062197509 ], [ -120.848979329337652, 48.955910580458806 ], [ -120.850129266392315, 48.956383069995972 ], [ -120.851822251081558, 48.95582694966231 ], [ -120.856863272428583, 48.956689071053049 ], [ -120.859895766030448, 48.957995932395292 ], [ -120.860066010362772, 48.958215254293449 ], [ -120.860424504990164, 48.95867695748246 ], [ -120.860585561235013, 48.958961979577779 ], [ -120.860885592826008, 48.959495802024428 ], [ -120.861587274696262, 48.960222172706665 ], [ -120.862944891677444, 48.960625444122023 ], [ -120.8641644017071, 48.961051714034866 ], [ -120.865451274257083, 48.961295644443901 ], [ -120.866750265814971, 48.96150477019841 ], [ -120.867779906437818, 48.961670537158618 ], [ -120.868749697007743, 48.961770937704721 ], [ -120.869447913196879, 48.961844099685464 ], [ -120.870939783301907, 48.961812787150251 ], [ -120.87337850909428, 48.962734276193046 ], [ -120.874914641928356, 48.963501782159099 ], [ -120.876032700584645, 48.964111053940577 ], [ -120.876977305173497, 48.964744824290705 ], [ -120.878130236103786, 48.96542243274795 ], [ -120.879664303436115, 48.966029671331604 ], [ -120.880747287693481, 48.966662287799117 ], [ -120.881554874471064, 48.967456667708831 ], [ -120.882574551406208, 48.968522860684118 ], [ -120.881339568006567, 48.969716085183251 ], [ -120.880589504534441, 48.970815326675549 ], [ -120.880668525428945, 48.971658578853386 ], [ -120.881138458962397, 48.972682460752779 ], [ -120.881274124306827, 48.972978049026075 ], [ -120.881396743031758, 48.973105690297899 ], [ -120.881942827344361, 48.973681804127864 ], [ -120.883615170140516, 48.974242675370711 ], [ -120.885640037270377, 48.975211815418355 ], [ -120.882923732408074, 48.977371094593877 ], [ -120.882063651952564, 48.977946898586524 ], [ -120.880747891991717, 48.978227688232693 ], [ -120.878491310402367, 48.978149282464955 ], [ -120.877560267578502, 48.978701999313579 ], [ -120.875479887311329, 48.978827693885101 ], [ -120.87374262654653, 48.978654429565516 ], [ -120.872599136946548, 48.978889404591236 ], [ -120.870970461786925, 48.979058118061694 ], [ -120.870054364661357, 48.979240330594934 ], [ -120.869688776576396, 48.979316086564381 ], [ -120.867644681367182, 48.979577779491486 ], [ -120.866774258990489, 48.979732276107917 ], [ -120.865656331878299, 48.979833220453322 ], [ -120.865248366168558, 48.98001131666463 ], [ -120.864050376901929, 48.980534278734424 ], [ -120.863648171420792, 48.981188827848115 ], [ -120.862725939451991, 48.981941341469806 ], [ -120.862283174844492, 48.981987550334573 ], [ -120.862091790275059, 48.982007520912525 ], [ -120.862182729048442, 48.982131749088175 ], [ -120.862256075179033, 48.982231938758012 ], [ -120.862290189634678, 48.982456755413757 ], [ -120.862016108319921, 48.982821731874466 ], [ -120.861661045465254, 48.983132478228931 ], [ -120.861352984533383, 48.983402087415165 ], [ -120.861360291889042, 48.984451901248882 ], [ -120.861361632192015, 48.984644451629634 ], [ -120.861305593291007, 48.984691834225458 ], [ -120.861005719283298, 48.984945410246027 ], [ -120.859967020915548, 48.985344816756928 ], [ -120.859465605757009, 48.985785441026486 ], [ -120.858930375792795, 48.986044090802167 ], [ -120.85862148890385, 48.986087855512487 ], [ -120.85826540239772, 48.986367387402382 ], [ -120.857959910175197, 48.986903809684279 ], [ -120.857778281588864, 48.98714975554288 ], [ -120.85720389974729, 48.987657899403082 ], [ -120.856830013933475, 48.988050635863473 ], [ -120.856525009497204, 48.988325414541464 ], [ -120.856044661539443, 48.988665062247676 ], [ -120.855548472061557, 48.989126617028333 ], [ -120.855483679066737, 48.989172636914581 ], [ -120.854968689681868, 48.989538432271367 ], [ -120.854533582560322, 48.989885821160662 ], [ -120.854259130584396, 48.990141302872317 ], [ -120.853996037104892, 48.990625683105989 ], [ -120.853801135075571, 48.991022448124781 ], [ -120.853519232952081, 48.991255353714564 ], [ -120.853453247883607, 48.991314584144369 ], [ -120.853068882774181, 48.991659596432619 ], [ -120.852664836916134, 48.992064051594618 ], [ -120.852328874252891, 48.992460773996903 ], [ -120.852000591757673, 48.992838291674126 ], [ -120.851733764785081, 48.993147168788397 ], [ -120.851215030226427, 48.993830247258728 ], [ -120.851184768162156, 48.994043956502672 ], [ -120.851504752075016, 48.99420765679902 ], [ -120.851970339651757, 48.99428401980088 ], [ -120.852405108194134, 48.994417606681658 ], [ -120.852855433447374, 48.994695954257672 ], [ -120.853066702254054, 48.994920558696151 ], [ -120.853282512921027, 48.99514998019405 ], [ -120.853671861267898, 48.995638358988671 ], [ -120.854008850894644, 48.996014294246059 ], [ -120.854099105634347, 48.996114977200293 ], [ -120.854442431668204, 48.99664935475586 ], [ -120.854862336139746, 48.997267031015973 ], [ -120.855251459403533, 48.997717420433617 ], [ -120.855335393170364, 48.998045447455723 ], [ -120.855175147069914, 48.998274253768813 ], [ -120.854793565629549, 48.998392449574006 ], [ -120.854542235175842, 48.998458916206538 ], [ -120.854389014481896, 48.998499437345437 ], [ -120.854129878576529, 48.998724421117103 ], [ -120.853740563935673, 48.998850164685734 ], [ -120.853450537642786, 48.999044782388978 ], [ -120.852680170429338, 48.999525605723534 ], [ -120.852222494428233, 48.99985730782133 ], [ -120.851541479716374, 49.000300706684037 ], [ -120.846998525767063, 49.000298258738844 ], [ -120.844813397473246, 49.000297142243319 ], [ -120.822825427050546, 49.000283470213311 ], [ -120.802119648330546, 49.000266703427108 ], [ -120.800837513959053, 49.000265463915355 ], [ -120.781419246166877, 49.000244978489896 ], [ -120.776794385207396, 49.000239725556263 ], [ -120.761606500762383, 49.000221168579245 ], [ -120.754806430517476, 49.000212756361258 ], [ -120.737694119345193, 49.000189685588872 ], [ -120.732818703980612, 49.000182602808408 ], [ -120.710831049707792, 49.000148224645216 ], [ -120.699876650007539, 49.00012958078279 ], [ -120.693598536117577, 49.0001173456114 ], [ -120.688843418301872, 49.000107622846073 ], [ -120.68458227324372, 49.000098762089507 ], [ -120.669567890591026, 49.000101192104225 ], [ -120.666855820552044, 49.000114007402537 ], [ -120.650227818467386, 49.000191152231331 ], [ -120.646669116152268, 49.000207307339785 ], [ -120.645223941569569, 49.000213831809653 ], [ -120.628469429685381, 49.000288166530353 ], [ -120.624681629238637, 49.000304489303993 ], [ -120.606523204313135, 49.00038104263853 ], [ -120.602694061145215, 49.00039736465223 ], [ -120.596797902649186, 49.000422234467813 ], [ -120.584311521210068, 49.000470446796378 ], [ -120.580706414401902, 49.000485139187191 ], [ -120.562443688912467, 49.000557933953786 ], [ -120.559485456601735, 49.000569050611979 ], [ -120.558718695053258, 49.000568935690069 ], [ -120.55173917551916, 49.000567577753984 ], [ -120.536730890541875, 49.000567474245216 ], [ -120.524911478890402, 49.000566076536302 ], [ -120.5190948401886, 49.000564788979119 ], [ -120.514235924861467, 49.000563325641046 ], [ -120.497143545355755, 49.000556553845804 ], [ -120.492248004247543, 49.00055431345853 ], [ -120.482109379578063, 49.000548981659762 ], [ -120.470259926103196, 49.000541944778369 ], [ -120.452815278254718, 49.000529172926719 ], [ -120.448271818550879, 49.000525518499046 ], [ -120.430842624056211, 49.000509966729489 ], [ -120.429464350743899, 49.000508479072217 ], [ -120.426283726354143, 49.000505250971578 ], [ -120.404295654661183, 49.000480071431532 ], [ -120.402904942030801, 49.000478353384509 ], [ -120.383826762838268, 49.000452729620193 ], [ -120.361836658606691, 49.000419434566744 ], [ -120.347588980373942, 49.000395622322905 ], [ -120.343799235514766, 49.000389101202096 ], [ -120.33985124644893, 49.000381947743428 ], [ -120.325502533425023, 49.00035490997081 ], [ -120.317863787057661, 49.000340316250146 ], [ -120.299730938949153, 49.000303727564919 ], [ -120.29587274022559, 49.00029549481544 ], [ -120.283493024305201, 49.000268162005121 ], [ -120.277715328534526, 49.0002549865238 ], [ -120.273883484775197, 49.000245821078515 ], [ -120.252823685988844, 49.000193184920079 ], [ -120.230835233995563, 49.000134384151053 ], [ -120.224674071308357, 49.000117188181648 ], [ -120.212566732149938, 49.000082471472659 ], [ -120.208847707124903, 49.000071634559831 ], [ -120.186859192783757, 49.000005150721663 ], [ -120.18184089272583, 48.999989415052646 ], [ -120.168713925562642, 48.999942851257082 ], [ -120.164871677795134, 48.999930665458557 ], [ -120.14625481355462, 48.999869891035154 ], [ -120.142884336261744, 48.999860555158506 ], [ -120.142259104202481, 48.999858800529616 ], [ -120.123467046101709, 48.999791444674734 ], [ -120.101479070969305, 48.99970883576492 ], [ -120.084564423159406, 48.999642484129211 ], [ -120.079491166044605, 48.999621865260103 ], [ -120.059563601742695, 48.999538722865069 ], [ -120.058949704270589, 48.999535781165484 ], [ -120.057503354653306, 48.999529711674526 ], [ -120.037554371888703, 48.999443981553995 ], [ -120.037284882839529, 48.999442585641567 ], [ -120.035515609979214, 48.999443822227164 ], [ -120.024374534551001, 48.999450882848684 ], [ -120.015235093595351, 48.999466169267272 ], [ -120.002505615692456, 48.999486179588828 ], [ -119.993890655378053, 48.999515488153371 ], [ -119.980427759819548, 48.999559824166269 ], [ -119.971815972818263, 48.999587861466807 ], [ -119.949707893629508, 48.999656701544708 ], [ -119.945325006835077, 48.999669693975193 ], [ -119.937321951250482, 48.999691906670549 ], [ -119.927620627769357, 48.999719510148182 ], [ -119.9056935101829, 48.999778714949073 ], [ -119.883762228092095, 48.999833531890339 ], [ -119.882004711219054, 48.999836808211043 ], [ -119.87929502245818, 48.999844361546039 ], [ -119.865712260051481, 48.999875194697559 ], [ -119.843799606544636, 48.999924525050758 ], [ -119.842870342953489, 48.999926965984216 ], [ -119.821503927182064, 48.999970750254192 ], [ -119.799721272847236, 49.000011719082856 ], [ -119.789266455096538, 49.000027858197754 ], [ -119.788785956387557, 49.000009589813281 ], [ -119.777632814173685, 49.000034235176294 ], [ -119.757280741881615, 49.000076134901782 ], [ -119.755667839914409, 49.000078452288172 ], [ -119.734631773814328, 49.000105381350927 ], [ -119.731091582371874, 49.000109403716408 ], [ -119.712656166340906, 49.000108728550238 ], [ -119.703975254666375, 49.000107401737225 ], [ -119.703889451642752, 49.000107385156838 ], [ -119.70268150369462, 49.000107148540621 ], [ -119.70189505362184, 49.000106989935226 ], [ -119.701504798414973, 49.00010691067834 ], [ -119.701309550157461, 49.000106867030887 ], [ -119.701161736199936, 49.000106835175558 ], [ -119.70107848470856, 49.000106817154069 ], [ -119.701045035921197, 49.000106810584846 ], [ -119.690725277897684, 49.000107012781953 ], [ -119.69059936830196, 49.000106847383975 ], [ -119.668769375367134, 49.000106558788339 ], [ -119.654190352598491, 49.000104101726699 ], [ -119.646718732446899, 49.000102449982258 ], [ -119.635806860122386, 49.000098829806845 ], [ -119.624467179627928, 49.000101390137736 ], [ -119.604779561343506, 49.000103379146623 ], [ -119.582805733243234, 49.00010178143998 ], [ -119.580771298374131, 49.000101587145416 ], [ -119.560786984027303, 49.000105745630663 ], [ -119.538948198487049, 49.00010675249375 ], [ -119.5234656388822, 49.000104761009986 ], [ -119.516899340923558, 49.000098963531109 ], [ -119.505497270025842, 49.000088033164253 ], [ -119.495544261452949, 49.000084690867126 ], [ -119.473366840176212, 49.000075458926581 ], [ -119.458765387865341, 49.000066938260353 ], [ -119.458313180677081, 49.000066663024512 ], [ -119.451413167099943, 49.00006200012951 ], [ -119.443266543828713, 49.00005602770652 ], [ -119.430997643293054, 49.000066902175817 ], [ -119.430569980123892, 49.000067258794459 ], [ -119.429745240687183, 49.000067942016848 ], [ -119.429498398022957, 49.000068117909876 ], [ -119.407384949338763, 49.000083925952346 ], [ -119.402903515374973, 49.000086624107517 ], [ -119.385400398665737, 49.00009203054028 ], [ -119.382237612926033, 49.000092680211168 ], [ -119.363241125594882, 49.000090995797429 ], [ -119.342158014722443, 49.000085911667455 ], [ -119.341419087483544, 49.000085016655021 ], [ -119.320091176125416, 49.000085352829259 ], [ -119.311391638021107, 49.000083845498025 ], [ -119.298293874967598, 49.000082366302337 ], [ -119.276117760714072, 49.000076041109303 ], [ -119.265595852211305, 49.000071269276816 ], [ -119.254009066533726, 49.000073487547475 ], [ -119.231922408254732, 49.00007150481806 ], [ -119.224133324119762, 49.000069842191301 ], [ -119.208247980108567, 49.000071603695261 ], [ -119.196043401171295, 49.00007172441228 ], [ -119.186417399477889, 49.000114691105331 ], [ -119.18320668398556, 49.000129038224763 ], [ -119.164427178002299, 49.000089330677653 ], [ -119.157545775649609, 49.000073950234302 ], [ -119.142464553639854, 49.000078408001144 ], [ -119.128821531278362, 49.000081049799434 ], [ -119.120267313553512, 49.000082672958065 ], [ -119.101325195780078, 49.000084289003681 ], [ -119.098177197658742, 49.000083752028502 ], [ -119.075753165598002, 49.000076768877243 ], [ -119.074308753377949, 49.000076357786028 ], [ -119.053726509801976, 49.00007073699765 ], [ -119.047125607411047, 49.000068151084911 ], [ -119.042725546145803, 49.000069233739346 ], [ -119.03722506343297, 49.000070360474943 ], [ -119.031724576346605, 49.000071234780918 ], [ -119.016896943139898, 49.000072588357554 ], [ -119.010060637522827, 49.000074991345045 ], [ -119.004575552969683, 49.000076197382704 ], [ -118.988120298311529, 49.000078304214156 ], [ -118.97405913936025, 49.000078601188576 ], [ -118.966191194733383, 49.000081936150693 ], [ -118.957156595626344, 49.000084069177774 ], [ -118.94671501749734, 49.000083649380841 ], [ -118.942641618653496, 49.000084042211057 ], [ -118.924865884439342, 49.000085195523134 ], [ -118.910249793462015, 49.000085067307715 ], [ -118.902750027496296, 49.000092216309433 ], [ -118.89930401969896, 49.000095742665351 ], [ -118.880731643364101, 49.000073164086018 ], [ -118.880018746133814, 49.000072406016557 ], [ -118.858845635617996, 49.000077244467789 ], [ -118.836613010531835, 49.000078655302602 ] ] ] } }
]
}
