{"type":"FeatureCollection", "features": [
{"type":"Feature","geometry":{"type":"Polygon","coordinates":[[[-119.49484320399989,48.42903775200011],[-119.48164395699987,48.44021504800019],[-119.48964567799997,48.44028238500016],[-119.489614701,48.449307711000124],[-119.47895737699992,48.44931006100017],[-119.47894510999987,48.443278610000164],[-119.4745588929999,48.454725768000166],[-119.47496238399987,48.4578564060002],[-119.47615190999991,48.45975083500019],[-119.48056718399987,48.46454994600015],[-119.48171076299992,48.46610128500015],[-119.48249948899996,48.46758881700015],[-119.4943513679998,48.46747748600029],[-119.51468763099984,48.46770790600016],[-119.51612780199991,48.46045275600027],[-119.51196741274408,48.460404669741926],[-119.51207963316058,48.45494336530641],[-119.51606369117522,48.45493085684404],[-119.51647981299982,48.4386148710002],[-119.50007050599906,48.438497065113204],[-119.50010947099982,48.43577411100017],[-119.49470972699986,48.43571191000029],[-119.49484320399989,48.42903775200011]]]},"properties":{"COUNTY":"Okanogan","PRECCODE":1002,"PRECNAME":"Omak Highway","PRECINCT":"Okanogan 1002","DESCRIPTIO":"Omak Rural Far Northeast (Cherokee Road, Omak Airport Road)","OFFICE":"County Proposition 1","JURISDICTION":"County","RACE":"Okanogan County County Proposition 1","Name_1":"Approved","Party_1":"Yes_1","Votes_1":"103","Name_2":"Rejected","Party_2":"No_1","Votes_2":"43","Name_3":null,"Party_3":null,"Votes_3":"0","Name_4":null,"Party_4":null,"Votes_4":"0","Name_5":null,"Party_5":null,"Votes_5":"0","Name_6":null,"Party_6":null,"Votes_6":"0","Name_7":null,"Party_7":null,"Votes_7":"0","Votes_total":"146","Pct_1":70.55,"Pct_2":29.45,"Pct_3":0,"Pct_4":0,"Pct_5":0,"Pct_6":0,"Pct_7":0,"Margin":41.1}},
{"type":"Feature","geometry":{"type":"Polygon","coordinates":[[[-119.47099696499998,48.439905249000155],[-119.46900969899997,48.444908989000055],[-119.46937353399996,48.44700792899999],[-119.47112185399993,48.462808175000134],[-119.47467976899998,48.46587558900006],[-119.47695054699992,48.46734519700016],[-119.47880412799998,48.46840370100016],[-119.47933211999997,48.46761836400014],[-119.48249948899996,48.467588817000085],[-119.48171076299997,48.466101285000086],[-119.48056718399995,48.46454994600008],[-119.47615190999991,48.45975083500008],[-119.47558159599996,48.458973459999974],[-119.47496238399997,48.45785640600013],[-119.4746417349999,48.456841501999975],[-119.474558893,48.45472576800006],[-119.47893083899999,48.44019339699997],[-119.48164395699993,48.44021504800008],[-119.48954159599998,48.433327865000194],[-119.48945680399999,48.424011054000175],[-119.48419142299996,48.424019387000044],[-119.484230143,48.420345517000044],[-119.49227688499997,48.420330306000096],[-119.49231933399996,48.41660530600006],[-119.49488966099989,48.41660046100014],[-119.49759114099993,48.416619187000094],[-119.49749501599992,48.42034762700018],[-119.5000437399999,48.420377051000116],[-119.5003933829999,48.41327675600019],[-119.50914875399991,48.4131791820003],[-119.51072035899993,48.415012939000235],[-119.5111375319998,48.412097219000195],[-119.50089095391202,48.40737578571088],[-119.50084503199984,48.40958155000015],[-119.49521026099984,48.40943633600022],[-119.49515133399993,48.40546845800002],[-119.49242454899994,48.40440692600009],[-119.4879566629999,48.40416881300001],[-119.4757515519999,48.40835508200012],[-119.47058567999987,48.419884783999976],[-119.47061897199987,48.423888309000056],[-119.47094628999997,48.43655320800019],[-119.47099696499998,48.439905249000155]]]},"properties":{"COUNTY":"Okanogan","PRECCODE":1003,"PRECNAME":"Engh","PRECINCT":"Okanogan 1003","DESCRIPTIO":"Omak Rural Northeast (Omak River Road, Engh Road, Country Vue Road)","OFFICE":"County Proposition 1","JURISDICTION":"County","RACE":"Okanogan County County Proposition 1","Name_1":"Rejected","Party_1":"No_1","Votes_1":"141","Name_2":"Approved","Party_2":"Yes_1","Votes_2":"2","Name_3":null,"Party_3":null,"Votes_3":"0","Name_4":null,"Party_4":null,"Votes_4":"0","Name_5":null,"Party_5":null,"Votes_5":"0","Name_6":null,"Party_6":null,"Votes_6":"0","Name_7":null,"Party_7":null,"Votes_7":"0","Votes_total":"143","Pct_1":98.6,"Pct_2":1.4,"Pct_3":0,"Pct_4":0,"Pct_5":0,"Pct_6":0,"Pct_7":0,"Margin":97.2}},
{"type":"Feature","geometry":{"type":"Polygon","coordinates":[[[-119.49492960999997,48.39658519500016],[-119.47061761399986,48.39613147500029],[-119.46058197499985,48.40192502500019],[-119.4570565819998,48.401363915000104],[-119.45195531965487,48.40338787087768],[-119.45191901899994,48.425324611000065],[-119.43016480699998,48.42549062300008],[-119.43023458799996,48.440078143000044],[-119.45206953399996,48.439897842000164],[-119.45201828999991,48.48089466700003],[-119.47412929699998,48.480885082000036],[-119.48149519099995,48.481830362999965],[-119.4814710549999,48.481545717000074],[-119.483516292,48.47432142500008],[-119.48058545099985,48.46942094200005],[-119.47695054699992,48.46734519700016],[-119.47467976899998,48.46587558900006],[-119.47112185399993,48.462808175000134],[-119.46937353399996,48.44700792899999],[-119.46900969899997,48.444908989000055],[-119.47099696499998,48.439905249000155],[-119.47094628999997,48.43655320800019],[-119.47061897199987,48.423888309000056],[-119.47058567999987,48.419884783999976],[-119.4757515519999,48.40835508200012],[-119.4879566629999,48.40416881300001],[-119.49242454899994,48.40440692600009],[-119.49515133399993,48.40546845800002],[-119.50500993699997,48.40826632500011],[-119.51128746199984,48.41170837499999],[-119.51415406899993,48.411029696000064],[-119.51772018699988,48.40663043400008],[-119.51554258299996,48.408042910000056],[-119.51396266799998,48.40430799000012],[-119.51019553899992,48.40574797200003],[-119.50658703305203,48.404222318295176],[-119.50599780899991,48.403819674000026],[-119.51142912899996,48.403881918000195],[-119.51143311699992,48.40027346000005],[-119.52018196699991,48.40030447200013],[-119.52285804399988,48.39845402700007],[-119.52238780999993,48.40391703100016],[-119.52671898499992,48.403973246000135],[-119.52708518799993,48.40375149900013],[-119.52785081899997,48.40378490800015],[-119.53051581499993,48.40268440700015],[-119.52997711699994,48.40208077900013],[-119.53048012299989,48.40124483300003],[-119.53033156299992,48.40010077000016],[-119.53013949199986,48.39937419000006],[-119.53005433703582,48.39874437499531],[-119.53472193799993,48.398796908000115],[-119.53596048399994,48.399342853000064],[-119.53494411499996,48.398220349999974],[-119.53659998499991,48.397410181],[-119.53835711499988,48.396150299000055],[-119.54036629899997,48.39728454600004],[-119.5417974369999,48.39744608500013],[-119.543976667,48.39723911600015],[-119.54381656799991,48.396727162000104],[-119.54460895499989,48.39634184000016],[-119.545126472,48.395996893000124],[-119.5455233859999,48.395400509000176],[-119.53165586999992,48.395227404000146],[-119.53099538299989,48.396784232000186],[-119.49492960999997,48.39658519500016]]]},"properties":{"COUNTY":"Okanogan","PRECCODE":1004,"PRECNAME":"Omak River","PRECINCT":"Okanogan 1004","DESCRIPTIO":"Omak Rural East (Brooks Tract Road, Lone Pine Tribal Housing, Moccasin Flat Tribal Housing)","OFFICE":"County Proposition 1","JURISDICTION":"County","RACE":"Okanogan County County Proposition 1","Name_1":"Rejected","Party_1":"No_1","Votes_1":"7","Name_2":null,"Party_2":null,"Votes_2":"0","Name_3":null,"Party_3":null,"Votes_3":"0","Name_4":null,"Party_4":null,"Votes_4":"0","Name_5":null,"Party_5":null,"Votes_5":"0","Name_6":null,"Party_6":null,"Votes_6":"0","Name_7":null,"Party_7":null,"Votes_7":"0","Votes_total":"7","Pct_1":100,"Pct_2":0,"Pct_3":0,"Pct_4":0,"Pct_5":0,"Pct_6":0,"Pct_7":0,"Margin":100}},
{"type":"Feature","geometry":{"type":"Polygon","coordinates":[[[-118.86953512599992,48.48163503800009],[-119.06119814699993,48.48199485900012],[-119.08326962799991,48.481944636000094],[-119.0874179889999,48.481931720000084],[-119.10496032199988,48.48208176000008],[-119.10484288599997,48.46862338000017],[-119.10485203499991,48.439672045000016],[-119.10516033699992,48.410733865],[-119.10489094099995,48.36736484700009],[-119.10531833399995,48.30963681500008],[-119.14733355199992,48.309331340000135],[-119.133733852,48.30044936500018],[-119.13762119399998,48.28784816000017],[-119.14361673899991,48.28141131300009],[-119.139754006,48.27651122499998],[-119.14407709099997,48.272714716],[-119.13881779699996,48.25206878600011],[-119.13982704399997,48.249312909000075],[-119.13638702699988,48.24464088400015],[-119.12516674599988,48.23877496600005],[-119.10885414099998,48.239452019000055],[-119.10484158199996,48.23692410800004],[-119.08338570299996,48.236085703000064],[-119.07685580199994,48.232147407000184],[-119.06672252099999,48.230384963000176],[-119.05650521299994,48.22511978900007],[-119.04182144799995,48.22274547000018],[-119.03866445499993,48.216615295000054],[-119.03484773099997,48.214440608000125],[-119.021888968,48.21261939600009],[-119.01461019199989,48.20949056200004],[-118.98976162899997,48.192047022000054],[-118.98557044899994,48.18397871400003],[-118.98575868899997,48.17232631400009],[-118.98367940699995,48.16783649500013],[-118.98344499299992,48.16758829400009],[-118.98302438399998,48.16731692100012],[-118.98264512899995,48.16716918600008],[-118.98126519199998,48.16686515200012],[-118.98071154399997,48.166710285000185],[-118.98015441599989,48.1664525760001],[-118.97980667399997,48.16620432999997],[-118.979090667,48.16477088600004],[-118.9789630149999,48.163781323000144],[-118.97894529023496,48.163781392884175],[-118.97898596006105,48.16829388965613],[-118.97495608899995,48.16831265000018],[-118.97495851599993,48.169405639000104],[-118.96433757599993,48.169429740000055],[-118.96433531999993,48.16910984700013],[-118.95304177899995,48.17420621400004],[-118.94895713899996,48.17425666000014],[-118.94895186299993,48.175489643000105],[-118.94791332999989,48.17364753900006],[-118.93958934099987,48.174309968000095],[-118.924277814,48.17938791100004],[-118.91909719399995,48.17874547300016],[-118.91547174499993,48.18219181600011],[-118.91018576199991,48.18359142600013],[-118.91040038099997,48.20885343800006],[-118.89975393999998,48.209187221000036],[-118.89962925999995,48.219830833000174],[-118.88977442999993,48.22073298500004],[-118.88768976599994,48.22352026700008],[-118.8583541299999,48.224203199000094],[-118.84935667999993,48.232136164000046],[-118.84577038199997,48.23782572600004],[-118.84390159599997,48.481747865000095],[-118.86953512599992,48.48163503800009]],[[-118.89692051479258,48.24307847783286],[-118.89499991389644,48.24265021325416],[-118.89469811305968,48.24017161265895],[-118.89801658030365,48.236932077652796],[-118.89669771214828,48.23335667822712],[-118.8947711105447,48.230839212642806],[-118.89133257514175,48.23062961146122],[-118.88922510828071,48.22867127943021],[-118.88921210695979,48.22480547866125],[-118.89395710722157,48.22233981184188],[-118.90003710950248,48.222599478309895],[-118.9054587796495,48.22625280965435],[-118.90395397891325,48.2315986780938],[-118.90643131469751,48.2337048110061],[-118.9046823807353,48.2350588119306],[-118.90606038063416,48.23669861153498],[-118.90069518394935,48.250664011617786],[-118.89692051479258,48.24307847783286]]]},"properties":{"COUNTY":"Okanogan","PRECCODE":1006,"PRECNAME":"North Nespelem","PRECINCT":"Okanogan 1006","DESCRIPTIO":"Unincorporated N. Nespelem (Nespelem HUD Housing), Nespelem Rural North (Gold Lake, Owhi Lake)","OFFICE":"County Proposition 1","JURISDICTION":"County","RACE":"Okanogan County County Proposition 1","Name_1":"Approved","Party_1":"Yes_1","Votes_1":"153","Name_2":null,"Party_2":null,"Votes_2":"0","Name_3":null,"Party_3":null,"Votes_3":"0","Name_4":null,"Party_4":null,"Votes_4":"0","Name_5":null,"Party_5":null,"Votes_5":"0","Name_6":null,"Party_6":null,"Votes_6":"0","Name_7":null,"Party_7":null,"Votes_7":"0","Votes_total":"153","Pct_1":100,"Pct_2":0,"Pct_3":0,"Pct_4":0,"Pct_5":0,"Pct_6":0,"Pct_7":0,"Margin":100}},
{"type":"Feature","geometry":{"type":"Polygon","coordinates":[[[-119.5384241276427,48.420634881109606],[-119.53300916799994,48.4224083810002],[-119.53273218599992,48.4458640180003],[-119.53819835899978,48.445980601000265],[-119.53824146799985,48.43872874500033],[-119.5437132549999,48.4387490110002],[-119.54365027099985,48.44593663400031],[-119.54911052999984,48.445911210000304],[-119.54933888699983,48.417036754000264],[-119.55196939899986,48.41690219300023],[-119.55268683099983,48.412044296000204],[-119.56027386799977,48.41065039100021],[-119.56038386099988,48.402627555000215],[-119.57126493799986,48.40267844200025],[-119.57132544099983,48.39546454900034],[-119.54960241699995,48.39545304000017],[-119.54955439999992,48.398178550000296],[-119.54496267599984,48.397343102000264],[-119.54292592899981,48.400205855000245],[-119.54412320899984,48.40165220900035],[-119.54199652199983,48.40159597000024],[-119.53883736599984,48.40601452700036],[-119.53953569899983,48.406507618000205],[-119.54035362599977,48.410664370000234],[-119.53853250799983,48.41347668500032],[-119.53574782699984,48.413721940000244],[-119.5357993660209,48.41690569095112],[-119.53848063035241,48.416935746470074],[-119.5384241276427,48.420634881109606]]]},"properties":{"COUNTY":"Okanogan","PRECCODE":1007,"PRECNAME":"Flats","PRECINCT":"Okanogan 1007","DESCRIPTIO":"Omak Rural West (Fiker Road, Hendrick Loop Road)","OFFICE":"County Proposition 1","JURISDICTION":"County","RACE":"Okanogan County County Proposition 1","Name_1":"Rejected","Party_1":"No_1","Votes_1":"227","Name_2":"Approved","Party_2":"Yes_1","Votes_2":"114","Name_3":null,"Party_3":null,"Votes_3":"0","Name_4":null,"Party_4":null,"Votes_4":"0","Name_5":null,"Party_5":null,"Votes_5":"0","Name_6":null,"Party_6":null,"Votes_6":"0","Name_7":null,"Party_7":null,"Votes_7":"0","Votes_total":"341","Pct_1":66.57,"Pct_2":33.43,"Pct_3":0,"Pct_4":0,"Pct_5":0,"Pct_6":0,"Pct_7":0,"Margin":33.14}},
{"type":"Feature","geometry":{"type":"Polygon","coordinates":[[[-119.53165586999992,48.395227404000146],[-119.57132544099996,48.39546454900016],[-119.57121493699992,48.384639660000225],[-119.59318617499991,48.3845618220002],[-119.59959827199995,48.388976809000155],[-119.59909063899988,48.38705350200013],[-119.59771943999995,48.38580971300013],[-119.59568436999993,48.384575932000125],[-119.5949164709999,48.38285650700004],[-119.592494501,48.38084172000003],[-119.59125593099989,48.378650022000045],[-119.59247419199988,48.370091892],[-119.59402500099996,48.37104676100005],[-119.59597272399994,48.368486474000065],[-119.5935187039999,48.36641437300011],[-119.58814241199997,48.366533648000136],[-119.58719865899994,48.36653899900011],[-119.58712175799998,48.37377678700017],[-119.5818922169999,48.37378887800003],[-119.57649408499991,48.37384672900009],[-119.5739966259999,48.37698180100017],[-119.57399280899996,48.37710247800009],[-119.57118462099992,48.38096289900022],[-119.57122308699992,48.377369154000114],[-119.56788518199987,48.377827282000226],[-119.5678148969999,48.377788522000166],[-119.56792331699991,48.3776855370001],[-119.56603487399993,48.37675808500029],[-119.56645746199985,48.37922033100028],[-119.56438369499989,48.37823877800014],[-119.5642632849999,48.378344656000195],[-119.5654180379999,48.37889263000022],[-119.56399879299988,48.380143725000096],[-119.56494656399991,48.380593696000126],[-119.56002562499998,48.38446841700016],[-119.56003723199993,48.38826530800003],[-119.55646012099994,48.38987807500012],[-119.55839340299991,48.39200256200013],[-119.54709943999987,48.39227693400011],[-119.54498316699994,48.394473208000136],[-119.53365257099992,48.39333188300009],[-119.53182970799992,48.39464335800017],[-119.53165586999992,48.395227404000146]],[[-119.59702503899997,48.38552965100006],[-119.59772627799998,48.385984731000065],[-119.59636703199995,48.38597018600018],[-119.59342506599987,48.384610446000124],[-119.59237889499992,48.38098753100013],[-119.59379328299998,48.38198581800003],[-119.59505855099995,48.38378688900007],[-119.59514676499995,48.38405376600007],[-119.59598498499993,48.38496472200012],[-119.59702503899997,48.38552965100006]]]},"properties":{"COUNTY":"Okanogan","PRECCODE":1008,"PRECNAME":"NW Okanogan","PRECINCT":"Okanogan 1008","DESCRIPTIO":"Okanogan Rural North (Root Road, Tarbert Loop, Golden Hill)","OFFICE":"County Proposition 1","JURISDICTION":"County","RACE":"Okanogan County County Proposition 1","Name_1":"Approved","Party_1":"Yes_1","Votes_1":"428","Name_2":"Rejected","Party_2":"No_1","Votes_2":"134","Name_3":null,"Party_3":null,"Votes_3":"0","Name_4":null,"Party_4":null,"Votes_4":"0","Name_5":null,"Party_5":null,"Votes_5":"0","Name_6":null,"Party_6":null,"Votes_6":"0","Name_7":null,"Party_7":null,"Votes_7":"0","Votes_total":"562","Pct_1":76.16,"Pct_2":23.84,"Pct_3":0,"Pct_4":0,"Pct_5":0,"Pct_6":0,"Pct_7":0,"Margin":52.32}},
{"type":"Feature","geometry":{"type":"Polygon","coordinates":[[[-119.55780996799994,48.377780492000056],[-119.55190578499997,48.383139146000076],[-119.55521086699996,48.38480620400002],[-119.56207312899994,48.37765002900005],[-119.564850934,48.37714429600004],[-119.56309411399995,48.376278723000034],[-119.55780996799994,48.377780492000056]]]},"properties":{"COUNTY":"Okanogan","PRECCODE":1009,"PRECNAME":"Elmway","PRECINCT":"Okanogan 1009","DESCRIPTIO":"Unincorporated NE Okanogan (Burton Avenue, Okanogan Valley Alliance Church)","OFFICE":"County Proposition 1","JURISDICTION":"County","RACE":"Okanogan County County Proposition 1","Name_1":"Rejected","Party_1":"No_1","Votes_1":"97","Name_2":"Approved","Party_2":"Yes_1","Votes_2":"4","Name_3":null,"Party_3":null,"Votes_3":"0","Name_4":null,"Party_4":null,"Votes_4":"0","Name_5":null,"Party_5":null,"Votes_5":"0","Name_6":null,"Party_6":null,"Votes_6":"0","Name_7":null,"Party_7":null,"Votes_7":"0","Votes_total":"101","Pct_1":96.04,"Pct_2":3.96,"Pct_3":0,"Pct_4":0,"Pct_5":0,"Pct_6":0,"Pct_7":0,"Margin":92.08}},
{"type":"Feature","geometry":{"type":"Polygon","coordinates":[[[-119.60182326099992,48.345867610000134],[-119.60743326399995,48.34029311600005],[-119.6078420939999,48.33311096200015],[-119.60561871599997,48.3296378070001],[-119.60846751499997,48.32768460400006],[-119.60869741399983,48.327083378000054],[-119.60879595999988,48.326566995000064],[-119.60751149299993,48.32439740200005],[-119.60715524899994,48.32307129700018],[-119.6069658959999,48.321976934000126],[-119.60744721899994,48.32077471300005],[-119.60952395199988,48.31864080400015],[-119.61048631599986,48.31804734100018],[-119.61544558199995,48.31611632200002],[-119.620348477,48.314730677],[-119.62139545599985,48.31419550600003],[-119.62659513899989,48.309903236000025],[-119.49524357299984,48.3097197780001],[-119.49492960999997,48.39658519500016],[-119.53099538299989,48.396784232000186],[-119.53182970799992,48.39464335800017],[-119.53365257099992,48.39333188300009],[-119.54498316699994,48.394473208000136],[-119.54709943999987,48.39227693400011],[-119.54802680799997,48.38761820900004],[-119.55354077699997,48.38112531400009],[-119.55780996799994,48.377780492000056],[-119.56705639299983,48.37504248700008],[-119.57383217799995,48.36765766600006],[-119.57081138999996,48.36769200600003],[-119.56497852299997,48.37248996100009],[-119.56026290299997,48.37134600100012],[-119.56001680199995,48.369999931000166],[-119.564170591,48.367632386000075],[-119.56607870499985,48.367468960000046],[-119.56623875199989,48.36853282900006],[-119.57133613299995,48.366842239000164],[-119.57466988499998,48.36347639300004],[-119.57338135599997,48.36256985400007],[-119.57596272899983,48.36224744900016],[-119.58213561799988,48.3564495760001],[-119.58213607199991,48.35310294600015],[-119.58644914299992,48.35318164600011],[-119.58955221099991,48.35082967000017],[-119.59094523199998,48.352031607000065],[-119.58907029599997,48.35322937100006],[-119.59364010599988,48.353184155000065],[-119.60182326099992,48.345867610000134]],[[-119.57244345799988,48.36025837100004],[-119.57002389599987,48.36399959000005],[-119.55481015699992,48.364082428000195],[-119.55479757699993,48.36046396000011],[-119.55940467599993,48.36044779100007],[-119.56208195799996,48.36214487700016],[-119.5737970859999,48.35917214900008],[-119.57244345799988,48.36025837100004]]]},"properties":{"COUNTY":"Okanogan","PRECCODE":1010,"PRECNAME":"Rodeo Trail","PRECINCT":"Okanogan 1010","DESCRIPTIO":"Okanogan Rural East (Rodeo Trail Road, Felix Creek, Cameron Lake-Omak Lake Road)","OFFICE":"County Proposition 1","JURISDICTION":"County","RACE":"Okanogan County County Proposition 1","Name_1":"Rejected","Party_1":"No_1","Votes_1":"1","Name_2":null,"Party_2":null,"Votes_2":"0","Name_3":null,"Party_3":null,"Votes_3":"0","Name_4":null,"Party_4":null,"Votes_4":"0","Name_5":null,"Party_5":null,"Votes_5":"0","Name_6":null,"Party_6":null,"Votes_6":"0","Name_7":null,"Party_7":null,"Votes_7":"0","Votes_total":"1","Pct_1":100,"Pct_2":0,"Pct_3":0,"Pct_4":0,"Pct_5":0,"Pct_6":0,"Pct_7":0,"Margin":100}},
{"type":"Feature","geometry":{"type":"Polygon","coordinates":[[[-119.14733355199992,48.309331340000135],[-119.23342972899994,48.30951410400013],[-119.23329669797992,48.11511120649791],[-119.22617620882914,48.11584723544098],[-119.22347580966657,48.117789169624295],[-119.21114460853597,48.1178750367327],[-119.2031098063093,48.12607197276307],[-119.18759094079446,48.13183544076003],[-119.17939240521908,48.13130897458548],[-119.17820453806615,48.13300857585007],[-119.17546900494138,48.13212004253922],[-119.1636048056819,48.141740844105676],[-119.15422993650165,48.14672257860824],[-119.14248753457323,48.14919144572483],[-119.13492953351113,48.15295518090391],[-119.1254583990083,48.1524446493616],[-119.11093339567357,48.14657958215853],[-119.1048329943793,48.1408358499824],[-119.09641832307439,48.13864558500795],[-119.08792372417874,48.13889998488187],[-119.0742523219347,48.14185765403383],[-119.0623573203362,48.141359454373074],[-119.0479237155225,48.13730118918258],[-119.04451011179033,48.13061125490405],[-119.03714757740381,48.12921725664293],[-119.03658311063836,48.127928590770544],[-119.0335355763267,48.129315057030915],[-119.03582170974198,48.1273033900266],[-119.04234091171054,48.12751299042163],[-119.03093350730984,48.119381589596024],[-119.02569730513021,48.11204365788038],[-119.02076816764519,48.10137199013416],[-119.02216310040714,48.09685425605616],[-119.01947236625914,48.093919856905785],[-119.02040689639412,48.08133625551234],[-119.01688816170237,48.07175585512005],[-119.0094059072778,48.06366552716541],[-118.97436709399994,48.06369737500017],[-118.97436987199983,48.062772139],[-118.9740027759999,48.06320596800015],[-118.973804041,48.0636215390001],[-118.97366810799996,48.06433374400017],[-118.97413616799997,48.06562233200003],[-118.98242328199996,48.076386098000164],[-118.98208950099998,48.092848940000174],[-118.98984469499997,48.10425626100017],[-118.98627803999995,48.11243920000015],[-118.97882064899994,48.120337605000095],[-118.97544083899999,48.14788884800015],[-118.975345168,48.14871877000007],[-118.97551684299997,48.14976717800016],[-118.97747673099995,48.1546432290001],[-118.97788831399998,48.161130608000114],[-118.97800489299993,48.161819055000144],[-118.9783701059999,48.16274829900009],[-118.97875376899991,48.16378214800011],[-118.9789630149999,48.163781323000144],[-118.979090667,48.16477088600004],[-118.97980667399997,48.16620432999997],[-118.98015441599989,48.1664525760001],[-118.98071154399997,48.166710285000185],[-118.98126519199998,48.16686515200012],[-118.98264512899995,48.16716918600008],[-118.98302438399998,48.16731692100012],[-118.98344499299992,48.16758829400009],[-118.98367940699995,48.16783649500013],[-118.98575868899997,48.17232631400009],[-118.98557044899994,48.18397871400003],[-118.98976162899997,48.192047022000054],[-119.01461019199989,48.20949056200004],[-119.021888968,48.21261939600009],[-119.03484773099997,48.214440608000125],[-119.03866445499993,48.216615295000054],[-119.04182144799995,48.22274547000018],[-119.05650521299994,48.22511978900007],[-119.06672252099999,48.230384963000176],[-119.07685580199994,48.232147407000184],[-119.08338570299996,48.236085703000064],[-119.10484158199996,48.23692410800004],[-119.10885414099998,48.239452019000055],[-119.12516674599988,48.23877496600005],[-119.13638702699988,48.24464088400015],[-119.13982704399997,48.249312909000075],[-119.13881779699996,48.25206878600011],[-119.14407709099997,48.272714716],[-119.139754006,48.27651122499998],[-119.14361673899991,48.28141131300009],[-119.13762119399998,48.28784816000017],[-119.133733852,48.30044936500018],[-119.14733355199992,48.309331340000135]]]},"properties":{"COUNTY":"Okanogan","PRECCODE":1012,"PRECNAME":"Columbia River","PRECINCT":"Okanogan 1012","DESCRIPTIO":"Nespelem Rural West (Schoolhouse Loop Road, Lower Coyote Creek Road)","OFFICE":"County Proposition 1","JURISDICTION":"County","RACE":"Okanogan County County Proposition 1","Name_1":"Approved","Party_1":"Yes_1","Votes_1":"14","Name_2":"Rejected","Party_2":"No_1","Votes_2":"10","Name_3":null,"Party_3":null,"Votes_3":"0","Name_4":null,"Party_4":null,"Votes_4":"0","Name_5":null,"Party_5":null,"Votes_5":"0","Name_6":null,"Party_6":null,"Votes_6":"0","Name_7":null,"Party_7":null,"Votes_7":"0","Votes_total":"24","Pct_1":58.33,"Pct_2":41.67,"Pct_3":0,"Pct_4":0,"Pct_5":0,"Pct_6":0,"Pct_7":0,"Margin":16.66}},
{"type":"Feature","geometry":{"type":"Polygon","coordinates":[[[-118.84562589999997,48.05004958300003],[-118.84577038199997,48.23782572600004],[-118.84935667999993,48.232136164000046],[-118.8583541299999,48.224203199000094],[-118.88768976599994,48.22352026700008],[-118.88977442999993,48.22073298500004],[-118.89962925999995,48.219830833000174],[-118.89975393999998,48.209187221000036],[-118.91040038099997,48.20885343800006],[-118.91018576199991,48.18359142600013],[-118.91547174499993,48.18219181600011],[-118.91909719399995,48.17874547300016],[-118.924277814,48.17938791100004],[-118.93958934099987,48.174309968000095],[-118.94791332999989,48.17364753900006],[-118.94895186299993,48.175489643000105],[-118.94895713899996,48.17425666000014],[-118.95304177899995,48.17420621400004],[-118.96433531999993,48.16910984700013],[-118.96431202899997,48.165807164000164],[-118.97221960899991,48.165788251000095],[-118.97222137199998,48.164001724000165],[-118.97492054399993,48.163786141],[-118.97875376899991,48.16378214800011],[-118.9783701059999,48.16274829900009],[-118.97800489299993,48.161819055000144],[-118.97788831399998,48.161130608000114],[-118.97747673099995,48.1546432290001],[-118.97551684299997,48.14976717800016],[-118.975345168,48.14871877000007],[-118.97544083899999,48.14788884800015],[-118.97882064899994,48.120337605000095],[-118.98627803999995,48.11243920000015],[-118.98984469499997,48.10425626100017],[-118.98208950099998,48.092848940000174],[-118.98242328199996,48.076386098000164],[-118.97413616799997,48.06562233200003],[-118.97366810799996,48.06433374400017],[-118.973804041,48.0636215390001],[-118.9740027759999,48.06320596800015],[-118.97436987199983,48.062772139],[-118.97440769699996,48.05017153700015],[-118.93190968299994,48.05006707300004],[-118.84562589999997,48.05004958300003]],[[-118.87327590042273,48.054879882399874],[-118.87439346467724,48.05368720310779],[-118.87799906549122,48.05614566947067],[-118.88340746735747,48.05421260215112],[-118.88421973484182,48.05974566913993],[-118.89026546950487,48.058629600781806],[-118.89027153672937,48.06096560195349],[-118.89430226943924,48.06330306920473],[-118.89609506804979,48.06163666792134],[-118.89926873668378,48.06189000149815],[-118.90016427336874,48.068108467608134],[-118.90854007522712,48.0708523999256],[-118.90881694053283,48.07320486760211],[-118.90497227469137,48.07211266743601],[-118.90192614190863,48.07604346884059],[-118.89991373903918,48.07535740145101],[-118.89920427146359,48.07212746680697],[-118.89290273844412,48.074187069040455],[-118.89563987059059,48.068534668764755],[-118.89295613858475,48.06903820243591],[-118.88969347115136,48.067183469869825],[-118.88785946850908,48.068943002042296],[-118.88552093609442,48.06751640267546],[-118.88591573566191,48.06529566829387],[-118.88253693446296,48.065475070467635],[-118.88121366785968,48.06367046981933],[-118.88020586785883,48.065172468893834],[-118.87673933492721,48.06347640361362],[-118.87369506631583,48.06442407073716],[-118.87574353251156,48.06072707037467],[-118.87438406602993,48.059318669879254],[-118.87117166461942,48.06115180351486],[-118.87042846802953,48.058269783543125],[-118.87327590042273,48.054879882399874]]]},"properties":{"COUNTY":"Okanogan","PRECCODE":1013,"PRECNAME":"South Nespelem","PRECINCT":"Okanogan 1013","DESCRIPTIO":"Nespelem Rural Southeast (Agency Campus, Buffalo Lake, Joe Moses Road)","OFFICE":"County Proposition 1","JURISDICTION":"County","RACE":"Okanogan County County Proposition 1","Name_1":"Approved","Party_1":"Yes_1","Votes_1":"126","Name_2":"Rejected","Party_2":"No_1","Votes_2":"36","Name_3":null,"Party_3":null,"Votes_3":"0","Name_4":null,"Party_4":null,"Votes_4":"0","Name_5":null,"Party_5":null,"Votes_5":"0","Name_6":null,"Party_6":null,"Votes_6":"0","Name_7":null,"Party_7":null,"Votes_7":"0","Votes_total":"162","Pct_1":77.78,"Pct_2":22.22,"Pct_3":0,"Pct_4":0,"Pct_5":0,"Pct_6":0,"Pct_7":0,"Margin":55.56}},
{"type":"Feature","geometry":{"type":"Polygon","coordinates":[[[-118.97436709399994,48.06369737500017],[-119.0094059072778,48.06366552716541],[-119.00682495473109,48.05627798879459],[-119.00744475465919,48.05009318847677],[-119.00345128533311,48.04526058876112],[-118.97136467581032,48.035976057737],[-118.9691642758447,48.03413979072474],[-118.97221454464344,48.03547679055606],[-118.973145744313,48.03440725748741],[-118.9507902702404,48.02038039348442],[-118.95066473325832,48.009188791491205],[-118.95878589499995,47.99905584200007],[-118.95630001199999,48.00096959700005],[-118.95221868199995,48.004449028000074],[-118.95053529299999,48.00566672300005],[-118.95042457299995,48.00563489100005],[-118.95060097299995,48.004719719000036],[-118.94846013499992,48.004721474000064],[-118.949965583,47.99848601100006],[-118.94955492699994,47.99807578100007],[-118.95118489,47.99735905800003],[-118.95098912999993,47.99567352800016],[-118.95995203552104,47.995651456163834],[-118.96307692911356,47.98490838854869],[-118.97103542416842,47.9776405019975],[-118.96370537899993,47.977526609000165],[-118.96152225999998,47.97572717300011],[-118.96981452499992,47.97162835400019],[-118.96916477999993,47.96984645100008],[-118.96533732099996,47.97047567100008],[-118.96543947499995,47.96783275000018],[-118.9722401379999,47.96175974900017],[-118.97251191299996,47.96313014600013],[-118.97912455599992,47.96427133000003],[-118.98008124652593,47.96311776447001],[-118.97534192754705,47.96092585191781],[-118.97635185943335,47.95803025188875],[-118.98252699008123,47.95590589661487],[-118.9742286601367,47.95709885343923],[-118.97203505936127,47.96017578637441],[-118.9709851247606,47.95319025339478],[-118.96582365673602,47.94865145280665],[-118.95362851987726,47.94507898762184],[-118.94657711782607,47.94568845421336],[-118.94083185079465,47.94864998978294],[-118.9349878499141,47.94704898954914],[-118.93471025130734,47.95060765671314],[-118.92574004731532,47.94980125728975],[-118.9186050482913,47.95397339169192],[-118.91473624723943,47.95299119215139],[-118.91415511567308,47.956511459350544],[-118.91038484641746,47.954350259451545],[-118.9038217127863,47.95446925979618],[-118.89054564419472,47.95815526200675],[-118.88462791006157,47.95717679489853],[-118.88561390981494,47.959063463068375],[-118.88070844288148,47.9581620626835],[-118.87983270822674,47.960245396840094],[-118.87614384127811,47.959229064503376],[-118.87011390766443,47.963002996631374],[-118.86351790759092,47.963867198879385],[-118.8606338406196,47.96170799971391],[-118.85542670587186,47.963585599980526],[-118.85576283928444,47.96524139930634],[-118.8493541051325,47.96593466775619],[-118.84579198700185,47.96474638871655],[-118.84562589999997,48.05004958300003],[-118.93190968299994,48.05006707300004],[-118.97440769699996,48.05017153700015],[-118.97436709399994,48.06369737500017]]]},"properties":{"COUNTY":"Okanogan","PRECCODE":1014,"PRECNAME":"Grand Riverview","PRECINCT":"Okanogan 1014","DESCRIPTIO":"Coulee Dam Rural (Lone Pine), Elmer City Rural (Elmer City Access Road, Belvedere, McGinnis Lake)","OFFICE":"County Proposition 1","JURISDICTION":"County","RACE":"Okanogan County County Proposition 1","Name_1":"Rejected","Party_1":"No_1","Votes_1":"26","Name_2":"Approved","Party_2":"Yes_1","Votes_2":"5","Name_3":null,"Party_3":null,"Votes_3":"0","Name_4":null,"Party_4":null,"Votes_4":"0","Name_5":null,"Party_5":null,"Votes_5":"0","Name_6":null,"Party_6":null,"Votes_6":"0","Name_7":null,"Party_7":null,"Votes_7":"0","Votes_total":"31","Pct_1":83.87,"Pct_2":16.13,"Pct_3":0,"Pct_4":0,"Pct_5":0,"Pct_6":0,"Pct_7":0,"Margin":67.74}},
{"type":"Feature","geometry":{"type":"Polygon","coordinates":[[[-118.98008124652593,47.96311776447001],[-118.97912455599992,47.96427133000003],[-118.97251191299996,47.96313014600013],[-118.9722401379999,47.96175974900017],[-118.96543947499995,47.96783275000018],[-118.96533732099996,47.97047567100008],[-118.96916477999993,47.96984645100008],[-118.96981452499992,47.97162835400019],[-118.96152225999998,47.97572717300011],[-118.96370537899993,47.977526609000165],[-118.97103542416842,47.9776405019975],[-118.98034686349878,47.97065685340039],[-118.98008124652593,47.96311776447001]]]},"properties":{"COUNTY":"Okanogan","PRECCODE":1101,"PRECNAME":"Coulee Dam Town","PRECINCT":"Okanogan 1101","DESCRIPTIO":"Coulee Dam East (River Drive, Colville Tribal Museum)","OFFICE":"County Proposition 1","JURISDICTION":"County","RACE":"Okanogan County County Proposition 1","Name_1":"Approved","Party_1":"Yes_1","Votes_1":"31","Name_2":null,"Party_2":null,"Votes_2":"0","Name_3":null,"Party_3":null,"Votes_3":"0","Name_4":null,"Party_4":null,"Votes_4":"0","Name_5":null,"Party_5":null,"Votes_5":"0","Name_6":null,"Party_6":null,"Votes_6":"0","Name_7":null,"Party_7":null,"Votes_7":"0","Votes_total":"31","Pct_1":100,"Pct_2":0,"Pct_3":0,"Pct_4":0,"Pct_5":0,"Pct_6":0,"Pct_7":0,"Margin":100}},
{"type":"Feature","geometry":{"type":"Polygon","coordinates":[[[-118.95060097299995,48.004719719000036],[-118.95042457299995,48.00563489100005],[-118.95053529299999,48.00566672300005],[-118.95221868199995,48.004449028000074],[-118.95630001199999,48.00096959700005],[-118.95878589499995,47.99905584200007],[-118.95995203552104,47.995651456163806],[-118.95098912999998,47.99567352800005],[-118.95118489,47.99735905800003],[-118.94955492699994,47.99807578100007],[-118.949965583,47.99848601100006],[-118.94846013499992,48.004721474000064],[-118.95060097299995,48.004719719000036]]]},"properties":{"COUNTY":"Okanogan","PRECCODE":1102,"PRECNAME":"Elmer City Town","PRECINCT":"Okanogan 1102","DESCRIPTIO":"Elmer City","OFFICE":"County Proposition 1","JURISDICTION":"County","RACE":"Okanogan County County Proposition 1","Name_1":"Rejected","Party_1":"No_1","Votes_1":"135","Name_2":"Approved","Party_2":"Yes_1","Votes_2":"50","Name_3":null,"Party_3":null,"Votes_3":"0","Name_4":null,"Party_4":null,"Votes_4":"0","Name_5":null,"Party_5":null,"Votes_5":"0","Name_6":null,"Party_6":null,"Votes_6":"0","Name_7":null,"Party_7":null,"Votes_7":"0","Votes_total":"185","Pct_1":72.97,"Pct_2":27.03,"Pct_3":0,"Pct_4":0,"Pct_5":0,"Pct_6":0,"Pct_7":0,"Margin":45.94}},
{"type":"Feature","geometry":{"type":"Polygon","coordinates":[[[-118.97894529023496,48.163781392884175],[-118.97492054399993,48.163786141],[-118.97222137199998,48.164001724000165],[-118.97221960899991,48.165788251000095],[-118.96431202899997,48.165807164000164],[-118.96433757599993,48.169429740000055],[-118.97495851599993,48.169405639000104],[-118.97495608899995,48.16831265000018],[-118.97898596006105,48.16829388965669],[-118.97894529023496,48.163781392884175]]]},"properties":{"COUNTY":"Okanogan","PRECCODE":1103,"PRECNAME":"Nespelem Town","PRECINCT":"Okanogan 1103","DESCRIPTIO":"Nespelem","OFFICE":"County Proposition 1","JURISDICTION":"County","RACE":"Okanogan County County Proposition 1","Name_1":"Approved","Party_1":"Yes_1","Votes_1":"187","Name_2":"Rejected","Party_2":"No_1","Votes_2":"50","Name_3":null,"Party_3":null,"Votes_3":"0","Name_4":null,"Party_4":null,"Votes_4":"0","Name_5":null,"Party_5":null,"Votes_5":"0","Name_6":null,"Party_6":null,"Votes_6":"0","Name_7":null,"Party_7":null,"Votes_7":"0","Votes_total":"237","Pct_1":78.9,"Pct_2":21.1,"Pct_3":0,"Pct_4":0,"Pct_5":0,"Pct_6":0,"Pct_7":0,"Margin":57.8}},
{"type":"Feature","geometry":{"type":"Polygon","coordinates":[[[-119.564170591,48.367632386000075],[-119.56001680199995,48.369999931000166],[-119.56026290299997,48.37134600100012],[-119.56497852299997,48.37248996100009],[-119.57081138999996,48.36769200600003],[-119.57383217799995,48.36765766600006],[-119.57722929299985,48.365065659000095],[-119.57781602010834,48.36329740004038],[-119.58048789500602,48.362771522508815],[-119.58143697600134,48.36330335624177],[-119.58069180899999,48.36388957300011],[-119.58152645599996,48.36433673300019],[-119.58239294199996,48.36501654800003],[-119.58256532299994,48.364884851000056],[-119.58171695899989,48.36438356000002],[-119.58311458399999,48.363255080000094],[-119.58634599499999,48.36068829200019],[-119.58887214799995,48.3576933590001],[-119.59613552199988,48.35570786100015],[-119.59364010599988,48.353184155000065],[-119.58907029599997,48.35322937100006],[-119.59094523199998,48.352031607000065],[-119.58955221099991,48.35082967000017],[-119.58644914299992,48.35318164600011],[-119.58213607199991,48.35310294600015],[-119.58213561799988,48.3564495760001],[-119.57596272899983,48.36224744900016],[-119.57338135599997,48.36256985400007],[-119.57466988499998,48.36347639300004],[-119.57133613299995,48.366842239000164],[-119.56623875199989,48.36853282900006],[-119.56607870499985,48.367468960000046],[-119.564170591,48.367632386000075]]]},"properties":{"COUNTY":"Okanogan","PRECCODE":1105,"PRECNAME":"Okanogan City 1","PRECINCT":"Okanogan 1105","DESCRIPTIO":"Okanogan Southeast (First Avenue, Alma Park)","OFFICE":"County Proposition 1","JURISDICTION":"County","RACE":"Okanogan County County Proposition 1","Name_1":"Rejected","Party_1":"No_1","Votes_1":"73","Name_2":"Approved","Party_2":"Yes_1","Votes_2":"2","Name_3":null,"Party_3":null,"Votes_3":"0","Name_4":null,"Party_4":null,"Votes_4":"0","Name_5":null,"Party_5":null,"Votes_5":"0","Name_6":null,"Party_6":null,"Votes_6":"0","Name_7":null,"Party_7":null,"Votes_7":"0","Votes_total":"75","Pct_1":97.33,"Pct_2":2.67,"Pct_3":0,"Pct_4":0,"Pct_5":0,"Pct_6":0,"Pct_7":0,"Margin":94.66}},
{"type":"Feature","geometry":{"type":"Polygon","coordinates":[[[-119.58048789500606,48.362771522508694],[-119.57781601999984,48.363297400000135],[-119.5772292929999,48.365065659000145],[-119.56705639299993,48.3750424870002],[-119.5630941139998,48.376278723000155],[-119.56485093399995,48.3771442960001],[-119.56207312899994,48.37765002900011],[-119.55521086699996,48.384806204000256],[-119.55190578499997,48.38313914600013],[-119.54802680799986,48.387618209000095],[-119.54709943999981,48.392276934000165],[-119.55839340299987,48.392002562000236],[-119.55646012099987,48.38987807500024],[-119.56003723199987,48.388265308000086],[-119.5555987309999,48.389920644000085],[-119.5543541409998,48.38830144400026],[-119.55707135099992,48.386409813000114],[-119.55933311399991,48.38501114000013],[-119.56002611999985,48.384570436000104],[-119.56460151399986,48.3809800420002],[-119.56494656399985,48.38059369600023],[-119.56399879299988,48.3801437250002],[-119.56541803799978,48.378892630000166],[-119.56438369499989,48.37823877800025],[-119.56645746199989,48.37922033100017],[-119.56603487399993,48.376758085000176],[-119.56792331699985,48.37768553700022],[-119.57295525399991,48.37265844100012],[-119.57606679799989,48.369997940000125],[-119.57521911799986,48.369527595000186],[-119.58165083999997,48.364436946000296],[-119.58069180899989,48.363889573000215],[-119.58143697600144,48.36330335624166],[-119.58048789500606,48.362771522508694]]]},"properties":{"COUNTY":"Okanogan","PRECCODE":1106,"PRECNAME":"Okanogan City 2","PRECINCT":"Okanogan 1106","DESCRIPTIO":"Okanogan Northeast (2nd Ave N & Maple, American Legion Park, Elmway & Elgin)","OFFICE":"County Proposition 1","JURISDICTION":"County","RACE":"Okanogan County County Proposition 1","Name_1":"Rejected","Party_1":"No_1","Votes_1":"3","Name_2":null,"Party_2":null,"Votes_2":"0","Name_3":null,"Party_3":null,"Votes_3":"0","Name_4":null,"Party_4":null,"Votes_4":"0","Name_5":null,"Party_5":null,"Votes_5":"0","Name_6":null,"Party_6":null,"Votes_6":"0","Name_7":null,"Party_7":null,"Votes_7":"0","Votes_total":"3","Pct_1":100,"Pct_2":0,"Pct_3":0,"Pct_4":0,"Pct_5":0,"Pct_6":0,"Pct_7":0,"Margin":100}},
{"type":"Feature","geometry":{"type":"Polygon","coordinates":[[[-119.57122308699992,48.377369154000114],[-119.57118462099992,48.38096289900005],[-119.57399280899996,48.37710247800009],[-119.5739966259999,48.37698180100017],[-119.57649408499991,48.37384672900009],[-119.5818922169999,48.37378887800003],[-119.58712175799998,48.37377678700017],[-119.58719865899994,48.36653899900011],[-119.58555607699994,48.366525604000174],[-119.58256532299994,48.364884851000056],[-119.58239294199996,48.36501654800003],[-119.58165083999997,48.36443694600017],[-119.57521911799992,48.369527595000136],[-119.57606679799996,48.369997940000076],[-119.57295525399996,48.372658441],[-119.57170662299994,48.37418834700014],[-119.5678148969999,48.37778852200001],[-119.57122308699992,48.377369154000114]]]},"properties":{"COUNTY":"Okanogan","PRECCODE":1107,"PRECNAME":"Okanogan City 3","PRECINCT":"Okanogan 1107","DESCRIPTIO":"Okanogan Northwest (King Street, Okanogan County Courthouse, Highland Drive)","OFFICE":"County Proposition 1","JURISDICTION":"County","RACE":"Okanogan County County Proposition 1","Name_1":"Approved","Party_1":"Yes_1","Votes_1":"1","Name_2":null,"Party_2":null,"Votes_2":"0","Name_3":null,"Party_3":null,"Votes_3":"0","Name_4":null,"Party_4":null,"Votes_4":"0","Name_5":null,"Party_5":null,"Votes_5":"0","Name_6":null,"Party_6":null,"Votes_6":"0","Name_7":null,"Party_7":null,"Votes_7":"0","Votes_total":"1","Pct_1":100,"Pct_2":0,"Pct_3":0,"Pct_4":0,"Pct_5":0,"Pct_6":0,"Pct_7":0,"Margin":100}},
{"type":"Feature","geometry":{"type":"Polygon","coordinates":[[[-119.52696120799997,48.40829270600011],[-119.53840818699996,48.408370823999974],[-119.53975947699996,48.40843763200019],[-119.53883736599994,48.40601452700013],[-119.5419965219999,48.40159597000007],[-119.54412320899993,48.4016522090002],[-119.54292592899994,48.400205855000074],[-119.54496267599995,48.39734310200009],[-119.54955439999998,48.398178550000075],[-119.54960241699995,48.39545304000017],[-119.5455233859999,48.395400509000176],[-119.545126472,48.395996893000124],[-119.54460895499989,48.39634184000016],[-119.54381656799991,48.396727162000104],[-119.543976667,48.39723911600015],[-119.5417974369999,48.39744608500013],[-119.54036629899997,48.39728454600004],[-119.53835711499988,48.396150299000055],[-119.53659998499991,48.397410181],[-119.53494411499996,48.398220349999974],[-119.53596048399994,48.399342853000064],[-119.53472193799993,48.398796908000115],[-119.53005433699992,48.398744375000085],[-119.53013949199993,48.39937419000006],[-119.53033156299992,48.40010077000016],[-119.53048012299989,48.40124483300003],[-119.52997711699994,48.40208077900013],[-119.53051581499993,48.40268440700015],[-119.52785081899997,48.40378490800015],[-119.52708518799993,48.40375149900013],[-119.52671898499992,48.403973246000135],[-119.52696120799997,48.40829270600011]]]},"properties":{"COUNTY":"Okanogan","PRECCODE":1111,"PRECNAME":"Omak City 1","PRECINCT":"Okanogan 1111","DESCRIPTIO":"Omak Southwest (Julia Maley Park, Jasmine Street, Okoma Drive)","OFFICE":"County Proposition 1","JURISDICTION":"County","RACE":"Okanogan County County Proposition 1","Name_1":"Approved","Party_1":"Yes_1","Votes_1":"238","Name_2":null,"Party_2":null,"Votes_2":"0","Name_3":null,"Party_3":null,"Votes_3":"0","Name_4":null,"Party_4":null,"Votes_4":"0","Name_5":null,"Party_5":null,"Votes_5":"0","Name_6":null,"Party_6":null,"Votes_6":"0","Name_7":null,"Party_7":null,"Votes_7":"0","Votes_total":"238","Pct_1":100,"Pct_2":0,"Pct_3":0,"Pct_4":0,"Pct_5":0,"Pct_6":0,"Pct_7":0,"Margin":100}},
{"type":"Feature","geometry":{"type":"Polygon","coordinates":[[[-119.526298237,48.41636284200006],[-119.52835179999994,48.41827422700003],[-119.5341157719999,48.417779078000194],[-119.53578534199995,48.41813571700032],[-119.53845446230372,48.41860891148797],[-119.53848063035241,48.416935746470074],[-119.5357993660209,48.41690569095112],[-119.53574782699988,48.413721940000066],[-119.53853250799995,48.41347668500015],[-119.5403536259999,48.41066437000007],[-119.53975947699996,48.40843763200019],[-119.53840818699996,48.408370823999974],[-119.5269614249999,48.40829388800001],[-119.5271997189999,48.40959433000017],[-119.52694367699996,48.40997412600012],[-119.52656009899998,48.4106632800001],[-119.52848980599998,48.41085106100013],[-119.528415081,48.41419057000013],[-119.52815255999997,48.414578162000055],[-119.52781347499996,48.41476479500011],[-119.52631146299994,48.415087709000034],[-119.5262296629999,48.41586910900003],[-119.526298237,48.41636284200006]]]},"properties":{"COUNTY":"Okanogan","PRECCODE":1112,"PRECNAME":"Omak City 2","PRECINCT":"Okanogan 1112","DESCRIPTIO":"Omak West (Omak High School, Wenatchee Valley College, Hillcrest Circle)","OFFICE":"County Proposition 1","JURISDICTION":"County","RACE":"Okanogan County County Proposition 1","Name_1":"Rejected","Party_1":"No_1","Votes_1":"155","Name_2":"Approved","Party_2":"Yes_1","Votes_2":"98","Name_3":null,"Party_3":null,"Votes_3":"0","Name_4":null,"Party_4":null,"Votes_4":"0","Name_5":null,"Party_5":null,"Votes_5":"0","Name_6":null,"Party_6":null,"Votes_6":"0","Name_7":null,"Party_7":null,"Votes_7":"0","Votes_total":"253","Pct_1":61.26,"Pct_2":38.74,"Pct_3":0,"Pct_4":0,"Pct_5":0,"Pct_6":0,"Pct_7":0,"Margin":22.52}},
{"type":"Feature","geometry":{"type":"Polygon","coordinates":[[[-119.52285144299992,48.41282151400002],[-119.52217811399997,48.42052476800018],[-119.52438531799993,48.420547676000126],[-119.5232077549999,48.42234578900013],[-119.52756091999993,48.42235587200002],[-119.52746936699992,48.42772384100016],[-119.53293013299991,48.42778897000011],[-119.533009168,48.42240838099997],[-119.5384241276427,48.420634881109606],[-119.53845446230372,48.41860891148797],[-119.53578534199995,48.41813571700032],[-119.5341157719999,48.417779078000194],[-119.52835179999994,48.41827422700003],[-119.526298237,48.41636284200006],[-119.5262296629999,48.41586910900003],[-119.52631146299994,48.415087709000034],[-119.52781347499996,48.41476479500011],[-119.52815255999997,48.414578162000055],[-119.528415081,48.41419057000013],[-119.52848980599998,48.41085106100013],[-119.52656009899998,48.4106632800001],[-119.52630689499993,48.411118186000124],[-119.52285144299992,48.41282151400002]],[[-119.52536001199992,48.419206081000084],[-119.52697228499991,48.420470761000104],[-119.52487979099998,48.420465926000126],[-119.52536001199992,48.419206081000084]]]},"properties":{"COUNTY":"Okanogan","PRECCODE":1113,"PRECNAME":"Omak City 3","PRECINCT":"Okanogan 1113","DESCRIPTIO":"Omak North (Kenwood Street, Kiwanis Park, Wildwood Drive)","OFFICE":"County Proposition 1","JURISDICTION":"County","RACE":"Okanogan County County Proposition 1","Name_1":"Approved","Party_1":"Yes_1","Votes_1":"104","Name_2":"Rejected","Party_2":"No_1","Votes_2":"44","Name_3":null,"Party_3":null,"Votes_3":"0","Name_4":null,"Party_4":null,"Votes_4":"0","Name_5":null,"Party_5":null,"Votes_5":"0","Name_6":null,"Party_6":null,"Votes_6":"0","Name_7":null,"Party_7":null,"Votes_7":"0","Votes_total":"148","Pct_1":70.27,"Pct_2":29.73,"Pct_3":0,"Pct_4":0,"Pct_5":0,"Pct_6":0,"Pct_7":0,"Margin":40.54}},
{"type":"Feature","geometry":{"type":"Polygon","coordinates":[[[-119.5111375319998,48.412097219000195],[-119.51072035899858,48.41501293909526],[-119.50914875399987,48.4131791820003],[-119.5003933829998,48.413276756000364],[-119.50004373999985,48.420377051000344],[-119.49749501599976,48.42034762700035],[-119.49759114099987,48.416619187000265],[-119.49488966099979,48.41660046100031],[-119.49231933399983,48.416605306000235],[-119.49227688499991,48.42033030600026],[-119.484230143,48.420345517000214],[-119.48419142299986,48.42401938700021],[-119.48945680399999,48.424011054000346],[-119.48953856699976,48.43297860100022],[-119.49485880199981,48.42834711500017],[-119.4947097269998,48.43571191000035],[-119.50010947099986,48.43577411100028],[-119.49981402599984,48.42766455700024],[-119.50562075499977,48.42772379000024],[-119.50564780099978,48.42584335900034],[-119.5111504689998,48.42395979700029],[-119.51123973099995,48.42050411200029],[-119.51943909599987,48.419620365000235],[-119.51869122099986,48.421180980000315],[-119.52202743999999,48.42093145700033],[-119.52238836899984,48.41287178100033],[-119.5111375319998,48.412097219000195]]]},"properties":{"COUNTY":"Okanogan","PRECCODE":1114,"PRECNAME":"Omak City 4","PRECINCT":"Okanogan 1114","DESCRIPTIO":"Omak Northeast (Maple Street, Pioneer Lane Apartments)","OFFICE":"County Proposition 1","JURISDICTION":"County","RACE":"Okanogan County County Proposition 1","Name_1":"Rejected","Party_1":"No_1","Votes_1":"399","Name_2":null,"Party_2":null,"Votes_2":"0","Name_3":null,"Party_3":null,"Votes_3":"0","Name_4":null,"Party_4":null,"Votes_4":"0","Name_5":null,"Party_5":null,"Votes_5":"0","Name_6":null,"Party_6":null,"Votes_6":"0","Name_7":null,"Party_7":null,"Votes_7":"0","Votes_total":"399","Pct_1":100,"Pct_2":0,"Pct_3":0,"Pct_4":0,"Pct_5":0,"Pct_6":0,"Pct_7":0,"Margin":100}},
{"type":"Feature","geometry":{"type":"Polygon","coordinates":[[[-119.50658703305203,48.404222318295176],[-119.51019553899992,48.40574797200003],[-119.51396266799998,48.40430799000012],[-119.51554258299996,48.408042910000056],[-119.51772018699988,48.40663043400008],[-119.51415406899993,48.411029696000064],[-119.51128746199984,48.41170837499999],[-119.52285144299992,48.41282151400002],[-119.52630689499993,48.411118186000124],[-119.52694367699996,48.40997412600012],[-119.5271997189999,48.40959433000017],[-119.52696120799997,48.40829270600011],[-119.52671898499992,48.403973246000135],[-119.52238780999993,48.40391703100016],[-119.52285804399988,48.39845402700007],[-119.52018196699991,48.40030447200013],[-119.51143311699992,48.40027346000005],[-119.51142912899996,48.403881918000195],[-119.50599780899991,48.403819674000026],[-119.50658703305203,48.404222318295176]]]},"properties":{"COUNTY":"Okanogan","PRECCODE":1115,"PRECNAME":"Omak City 5","PRECINCT":"Okanogan 1115","DESCRIPTIO":"Omak East (Eastside Park, East Omak Elementary School, Colville Tribe Casino Headquarters)","OFFICE":"County Proposition 1","JURISDICTION":"County","RACE":"Okanogan County County Proposition 1","Name_1":"Rejected","Party_1":"No_1","Votes_1":"4","Name_2":null,"Party_2":null,"Votes_2":"0","Name_3":null,"Party_3":null,"Votes_3":"0","Name_4":null,"Party_4":null,"Votes_4":"0","Name_5":null,"Party_5":null,"Votes_5":"0","Name_6":null,"Party_6":null,"Votes_6":"0","Name_7":null,"Party_7":null,"Votes_7":"0","Votes_total":"4","Pct_1":100,"Pct_2":0,"Pct_3":0,"Pct_4":0,"Pct_5":0,"Pct_6":0,"Pct_7":0,"Margin":100}},
{"type":"Feature","geometry":{"type":"Polygon","coordinates":[[[-119.50935856299994,48.41635985400011],[-119.50990015299988,48.41671782300017],[-119.509904793,48.415881933000094],[-119.50935856299994,48.41635985400011]]]},"properties":{"COUNTY":"Okanogan","PRECCODE":1203,"PRECNAME":"Omak 215 97 JCT","PRECINCT":"Okanogan 1203","DESCRIPTIO":"Unincorporated Near E. Omak (US-97 & Riverside Dr)","OFFICE":"County Proposition 1","JURISDICTION":"County","RACE":"Okanogan County County Proposition 1","Name_1":"Approved","Party_1":"Yes_1","Votes_1":"200","Name_2":null,"Party_2":null,"Votes_2":"0","Name_3":null,"Party_3":null,"Votes_3":"0","Name_4":null,"Party_4":null,"Votes_4":"0","Name_5":null,"Party_5":null,"Votes_5":"0","Name_6":null,"Party_6":null,"Votes_6":"0","Name_7":null,"Party_7":null,"Votes_7":"0","Votes_total":"200","Pct_1":100,"Pct_2":0,"Pct_3":0,"Pct_4":0,"Pct_5":0,"Pct_6":0,"Pct_7":0,"Margin":100}},
{"type":"Feature","geometry":{"type":"Polygon","coordinates":[[[-119.56003723199993,48.38826530800003],[-119.56002611999997,48.38457043600005],[-119.55933311399995,48.38501114000007],[-119.557071351,48.38640981300005],[-119.55435414099998,48.38830144400003],[-119.56003723199993,48.38826530800003]]]},"properties":{"COUNTY":"Okanogan","PRECCODE":1401,"PRECNAME":"Omak Cemetery","PRECINCT":"Okanogan 1401","DESCRIPTIO":"Omak Outlying Southwest (Omak Memorial Cemetery)","OFFICE":"County Proposition 1","JURISDICTION":"County","RACE":"Okanogan County County Proposition 1","Name_1":"Rejected","Party_1":"No_1","Votes_1":"262","Name_2":"Approved","Party_2":"Yes_1","Votes_2":"164","Name_3":null,"Party_3":null,"Votes_3":"0","Name_4":null,"Party_4":null,"Votes_4":"0","Name_5":null,"Party_5":null,"Votes_5":"0","Name_6":null,"Party_6":null,"Votes_6":"0","Name_7":null,"Party_7":null,"Votes_7":"0","Votes_total":"426","Pct_1":61.5,"Pct_2":38.5,"Pct_3":0,"Pct_4":0,"Pct_5":0,"Pct_6":0,"Pct_7":0,"Margin":23}},
{"type":"Feature","geometry":{"type":"Polygon","coordinates":[[[-119.59379328299998,48.38198581800003],[-119.59237889499998,48.38098753100007],[-119.59342506599991,48.38461044600007],[-119.59636703199999,48.385970186000065],[-119.59772627799998,48.385984731000065],[-119.59702503899997,48.38552965100006],[-119.59598498499993,48.384964722000056],[-119.59514676499995,48.38405376600007],[-119.59505855099995,48.38378688900007],[-119.59379328299998,48.38198581800003]]]},"properties":{"COUNTY":"Okanogan","PRECCODE":1501,"PRECNAME":"Okanogan City Res 1","PRECINCT":"Okanogan 1501","DESCRIPTIO":"Okanogan Outlying Northwest (Watercress Springs)","OFFICE":"County Proposition 1","JURISDICTION":"County","RACE":"Okanogan County County Proposition 1","Name_1":"Approved","Party_1":"Yes_1","Votes_1":"13","Name_2":"Rejected","Party_2":"No_1","Votes_2":"3","Name_3":null,"Party_3":null,"Votes_3":"0","Name_4":null,"Party_4":null,"Votes_4":"0","Name_5":null,"Party_5":null,"Votes_5":"0","Name_6":null,"Party_6":null,"Votes_6":"0","Name_7":null,"Party_7":null,"Votes_7":"0","Votes_total":"16","Pct_1":81.25,"Pct_2":18.75,"Pct_3":0,"Pct_4":0,"Pct_5":0,"Pct_6":0,"Pct_7":0,"Margin":62.5}},
{"type":"Feature","geometry":{"type":"Polygon","coordinates":[[[-119.59402500099996,48.37104676100005],[-119.59247419199994,48.37009189200006],[-119.59276950999998,48.373763543000045],[-119.59518681799995,48.37104393500004],[-119.59402500099996,48.37104676100005]]]},"properties":{"COUNTY":"Okanogan","PRECCODE":1502,"PRECNAME":"Okanogan City Res 2","PRECINCT":"Okanogan 1502","DESCRIPTIO":"Okanogan Outlying Near West (Salmon Creek Road Creekside Parcels)","OFFICE":"County Proposition 1","JURISDICTION":"County","RACE":"Okanogan County County Proposition 1","Name_1":"Rejected","Party_1":"No_1","Votes_1":"450","Name_2":null,"Party_2":null,"Votes_2":"0","Name_3":null,"Party_3":null,"Votes_3":"0","Name_4":null,"Party_4":null,"Votes_4":"0","Name_5":null,"Party_5":null,"Votes_5":"0","Name_6":null,"Party_6":null,"Votes_6":"0","Name_7":null,"Party_7":null,"Votes_7":"0","Votes_total":"450","Pct_1":100,"Pct_2":0,"Pct_3":0,"Pct_4":0,"Pct_5":0,"Pct_6":0,"Pct_7":0,"Margin":100}},
{"type":"Feature","geometry":{"type":"Polygon","coordinates":[[[-120.27402272199998,48.59883166000002],[-120.27385631399989,48.656998822000105],[-120.27719566399998,48.65697918400008],[-120.27770647199992,48.99986813200013],[-120.85231559599993,48.99985144600015],[-120.85495556999997,48.99795737300018],[-120.85141714799991,48.99324923700004],[-120.864196242,48.98068905200006],[-120.880124987,48.97838274700006],[-120.88571157899997,48.975552339000046],[-120.88095789399996,48.97253692500009],[-120.882450141,48.96858768800012],[-120.87721134199994,48.964384408000114],[-120.86135917099989,48.96013325500018],[-120.85848041399991,48.95766405800009],[-120.84946340499998,48.95635838400005],[-120.84090033399991,48.950759900000094],[-120.83595043399997,48.94004659500018],[-120.83116709999997,48.93849042100003],[-120.82013703399997,48.941340928000095],[-120.81888371899998,48.944951823000174],[-120.813818224,48.947024099000025],[-120.81488759899992,48.9513451350001],[-120.805141441,48.952046046000135],[-120.80111531599994,48.95371015900009],[-120.80055090499997,48.95939879899998],[-120.7909773529999,48.9593913080002],[-120.77117846599998,48.95590187700003],[-120.76771312799998,48.95445857000011],[-120.75608966799997,48.942613448000024],[-120.7542669599999,48.936491910000136],[-120.75556113599993,48.932153721000134],[-120.76163486899992,48.92882590500011],[-120.77203933899987,48.927007838000065],[-120.77083906399996,48.920907054000104],[-120.772406215,48.917595197000075],[-120.76805271199999,48.91153722300015],[-120.77173860099995,48.905693048000046],[-120.76305582799989,48.89945230800002],[-120.76618770099998,48.89349420600018],[-120.76311505799993,48.888900104000015],[-120.76984599099997,48.883902383000134],[-120.77012852699986,48.881433619000184],[-120.76256194399993,48.8734327680001],[-120.75001637799987,48.86758377100018],[-120.73591837899994,48.86455943500005],[-120.73528274999993,48.858644967000025],[-120.73049901999993,48.85515424100003],[-120.73860374499992,48.84183184700015],[-120.73619293099996,48.8314154580001],[-120.73777429299994,48.82662014100009],[-120.74326507499995,48.82225165900013],[-120.7422371529999,48.81156125600012],[-120.73551093699992,48.803894489000015],[-120.73711985099997,48.796445145000064],[-120.73372357399988,48.792518425000075],[-120.73453630099998,48.78466224300018],[-120.72542326599995,48.773681965000094],[-120.710041269,48.77156881400014],[-120.69903210499997,48.757574893000026],[-120.69246603599994,48.75613916400017],[-120.69122431099998,48.748219542000186],[-120.68894157499994,48.74550138600017],[-120.67988846099996,48.74139240400017],[-120.67760463699987,48.73577706200007],[-120.67159384799992,48.73328976199997],[-120.66565439699995,48.73306161000011],[-120.65442872799997,48.7245202470001],[-120.6586731249999,48.72011277300015],[-120.6688571229999,48.721272730000116],[-120.67796851599992,48.71773245100019],[-120.68130951699993,48.71053439200011],[-120.67702251599997,48.70174339],[-120.67887893699992,48.69484418400008],[-120.70113835299989,48.69750359400002],[-120.70724016899999,48.693891598000164],[-120.71192555099991,48.689068035000105],[-120.713430917,48.681391848000096],[-120.71886977999998,48.67478798600012],[-120.71764566099992,48.66482629900002],[-120.72319684099995,48.66427488200014],[-120.7334080099999,48.66641528900004],[-120.7393661539999,48.66256931500015],[-120.75035848199997,48.65945561300009],[-120.75221378499994,48.65741316600008],[-120.75031173699986,48.65420010100007],[-120.75444711899996,48.64695287300014],[-120.75862322699997,48.644605026000136],[-120.76658650199995,48.644269227000166],[-120.77234762299989,48.64223972100006],[-120.7739782459999,48.637399440000074],[-120.77732361699996,48.63635280700009],[-120.77984972899998,48.631169542000116],[-120.7885780929999,48.62585404800012],[-120.78198598199998,48.61337858300004],[-120.78491943599985,48.61061463500016],[-120.7856871969999,48.605154310000046],[-120.75994045599998,48.58320298100017],[-120.74538155499998,48.57884779900007],[-120.73220378699995,48.582493775000096],[-120.72766530299992,48.58562536500005],[-120.72336831299992,48.58907633000001],[-120.72385838099993,48.59366990400013],[-120.72145434999993,48.59702797199997],[-120.70415585799994,48.589549462000086],[-120.6996362499999,48.583611079000036],[-120.68857518399989,48.57576026900006],[-120.68591370399997,48.56603478600015],[-120.69365035799996,48.56066117000012],[-120.70035964699993,48.55951310000018],[-120.70069532299998,48.553896699000056],[-120.7090042239999,48.542717089],[-120.70862128499991,48.54000096100003],[-120.70152261899995,48.53175745500005],[-120.6963997769999,48.53272124500006],[-120.68717952799987,48.53074184400014],[-120.66424209999998,48.533904843000066],[-120.65609244799995,48.537239124],[-120.65172404699995,48.536326666000036],[-120.64852337899995,48.531987831000095],[-120.6492083689999,48.52687336200017],[-120.65663340099998,48.52092894300011],[-120.65828076799993,48.51537950500011],[-120.65542409699992,48.51183969200008],[-120.65738090099987,48.506975826000144],[-120.63792298099999,48.50213359900015],[-120.62999493399991,48.49908240100012],[-120.62851661699989,48.49707279300014],[-120.63085382599992,48.49545205900011],[-120.63906799499995,48.495795970000074],[-120.65293726399995,48.48475706300019],[-120.64383023599999,48.48474774100015],[-120.6225086899999,48.4846507250001],[-120.57917753199992,48.48449172400018],[-120.53505767299998,48.48429581200014],[-120.31760489399987,48.48352821700012],[-120.2738598659999,48.48352987400016],[-120.27402272199998,48.59883166000002]]]},"properties":{"COUNTY":"Okanogan","PRECCODE":2001,"PRECNAME":"Mazama","PRECINCT":"Okanogan 2001","DESCRIPTIO":"Winthrop Rural Far Northwest (Mazama, Lost River, Edelweiss)","OFFICE":"County Proposition 1","JURISDICTION":"County","RACE":"Okanogan County County Proposition 1","Name_1":"Rejected","Party_1":"No_1","Votes_1":"8","Name_2":null,"Party_2":null,"Votes_2":"0","Name_3":null,"Party_3":null,"Votes_3":"0","Name_4":null,"Party_4":null,"Votes_4":"0","Name_5":null,"Party_5":null,"Votes_5":"0","Name_6":null,"Party_6":null,"Votes_6":"0","Name_7":null,"Party_7":null,"Votes_7":"0","Votes_total":"8","Pct_1":100,"Pct_2":0,"Pct_3":0,"Pct_4":0,"Pct_5":0,"Pct_6":0,"Pct_7":0,"Margin":100}},
{"type":"Feature","geometry":{"type":"Polygon","coordinates":[[[-120.6225086899999,48.4846507250001],[-120.64383023599999,48.48474774100015],[-120.65293726399989,48.48475706300019],[-120.6519504549999,48.47813664400018],[-120.631552178,48.469028398000255],[-120.64232891499991,48.468177948000225],[-120.6485440059999,48.46173696700014],[-120.65105103299994,48.46141453600018],[-120.6552030859999,48.45264132900018],[-120.66673988899987,48.45147689800023],[-120.66770021699982,48.4485493220003],[-120.66299116699996,48.44156181300025],[-120.65763506199987,48.44103939800027],[-120.65131726499992,48.436996507000174],[-120.65148649399981,48.43183546600028],[-120.65567345199996,48.42993704400021],[-120.65007501499993,48.4199571420001],[-120.64959233999994,48.41417520100021],[-120.64571447999992,48.411801577000226],[-120.64482181699992,48.408922306000136],[-120.64492269199995,48.401933338000276],[-120.64999807999993,48.397614683000256],[-120.64817945099993,48.39654291100021],[-120.63027397399978,48.39675124900021],[-120.62197316999993,48.39882957800012],[-120.61810145274175,48.396553174220514],[-120.60294482420484,48.396592222394816],[-120.55818412288096,48.39687336965085],[-120.49197674692476,48.396913627527404],[-120.31817653699996,48.39719682600003],[-120.2959859159999,48.39630929100008],[-120.13904447444222,48.39604099298015],[-120.13940846583013,48.40283630065653],[-120.1308424062091,48.40563454679943],[-120.13189888689561,48.410131728100566],[-120.1436201118104,48.41365808931106],[-120.14056488387881,48.41741287877835],[-120.14694988399994,48.422993501000285],[-120.1603814599999,48.4254303890001],[-120.16230157577888,48.42815015525981],[-120.15802330489026,48.43162416832825],[-120.15558673682038,48.43880062272188],[-120.16409893734148,48.44261525563325],[-120.15946612676308,48.44512796645546],[-120.16490557462242,48.45176666266173],[-120.16310670210197,48.455785572300556],[-120.16776092782935,48.45796991750376],[-120.16895886499992,48.46139609900018],[-120.17921730499997,48.4614265400001],[-120.185526499,48.46151143400004],[-120.1854738279999,48.46861810200005],[-120.18544285099989,48.46870757400017],[-120.18707463299991,48.46871203900008],[-120.1871033459999,48.471542862000085],[-120.18734008799994,48.47160535100005],[-120.19502415299996,48.47296157100015],[-120.19817542899995,48.470489923000116],[-120.1991176539999,48.469926533000034],[-120.20529109899991,48.469190823000126],[-120.20559365499997,48.46911814500015],[-120.20844454999994,48.46700679300005],[-120.20851961899996,48.46674823100017],[-120.20416342599998,48.45280951300009],[-120.20355691799996,48.45180679000015],[-120.20102333999995,48.4459688090002],[-120.20065830299995,48.445429361000144],[-120.19537356799992,48.44199633700014],[-120.19293795399993,48.44210785200004],[-120.19262013399994,48.44208292300004],[-120.18726377899992,48.441157288000056],[-120.18700631799992,48.44106915600009],[-120.18313561134144,48.439398845803794],[-120.18173648827003,48.438332847273095],[-120.18092747152811,48.436410242780426],[-120.17976759005505,48.432286708330366],[-120.18737294049534,48.43220990100418],[-120.1874483408837,48.42503877349582],[-120.23123169603343,48.42511804184414],[-120.25285390899994,48.42521645800008],[-120.252863908,48.43994207800006],[-120.27425606899997,48.43988116800017],[-120.2741065649999,48.46890250700005],[-120.28498543799991,48.46915804300006],[-120.2849270829999,48.47267527600019],[-120.27404260899993,48.472674989000105],[-120.27395191399994,48.478102349999965],[-120.28211469599988,48.478102749000136],[-120.28202418099988,48.48353026000006],[-120.31760489399987,48.48352821700012],[-120.53505767299998,48.48429581200014],[-120.57917753199992,48.48449172400018],[-120.6225086899999,48.4846507250001]]]},"properties":{"COUNTY":"Okanogan","PRECCODE":2003,"PRECNAME":"Southwest Winthrop","PRECINCT":"Okanogan 2003","DESCRIPTIO":"Winthrop Rural Southwest (Twin Lakes, Signal Hill)","OFFICE":"County Proposition 1","JURISDICTION":"County","RACE":"Okanogan County County Proposition 1","Name_1":"Approved","Party_1":"Yes_1","Votes_1":"165","Name_2":null,"Party_2":null,"Votes_2":"0","Name_3":null,"Party_3":null,"Votes_3":"0","Name_4":null,"Party_4":null,"Votes_4":"0","Name_5":null,"Party_5":null,"Votes_5":"0","Name_6":null,"Party_6":null,"Votes_6":"0","Name_7":null,"Party_7":null,"Votes_7":"0","Votes_total":"165","Pct_1":100,"Pct_2":0,"Pct_3":0,"Pct_4":0,"Pct_5":0,"Pct_6":0,"Pct_7":0,"Margin":100}},
{"type":"Feature","geometry":{"type":"Polygon","coordinates":[[[-120.187104102,48.47161897400019],[-120.18019059699994,48.47212726500004],[-120.18155911799984,48.47362724400012],[-120.17906333999989,48.47464400400002],[-120.18647995999993,48.47738304900008],[-120.18738907599794,48.47592436287385],[-120.1914425013614,48.47593142672758],[-120.19546524531754,48.479592465242206],[-120.18688231199991,48.47776710200015],[-120.18697766699991,48.47798912300015],[-120.1873206199999,48.479709467000184],[-120.1873685299999,48.47991498500017],[-120.1872071939999,48.480527950000116],[-120.18722727299993,48.48378027400014],[-120.18320300399984,48.48375029900023],[-120.18350791599988,48.48782418800022],[-120.18827347199984,48.49083109600013],[-120.18772513099991,48.49480164400023],[-120.18170451399993,48.49531186300027],[-120.17667332699988,48.499126907000225],[-120.1790017799998,48.50072481600023],[-120.18203157999994,48.5003634920002],[-120.18773723299982,48.510755133000146],[-120.18600861499993,48.512330159000214],[-120.1874157789998,48.516477140000234],[-120.18375448899991,48.5188336650001],[-120.18561945199986,48.52057072400021],[-120.18423535699992,48.52302277500012],[-120.18790603199979,48.525585906000224],[-120.1887197069998,48.528830763000194],[-120.18402361899989,48.54249897000017],[-120.18589735899994,48.54642385000022],[-120.18349051299992,48.5508096050001],[-120.18580760899985,48.553507069000204],[-120.18044370547803,48.55931489563102],[-120.18679567451036,48.55307610676413],[-120.19211144399992,48.55254779300003],[-120.20610164899995,48.560304388000134],[-120.21455401299994,48.569998407000064],[-120.25446415699996,48.58348706300007],[-120.26312288599998,48.597493170000114],[-120.2718685769999,48.602457223000044],[-120.273984462,48.606951585000154],[-120.27402272199998,48.59883166000002],[-120.2738598659999,48.48352987400016],[-120.28202418099988,48.48353026000006],[-120.28211469599988,48.478102749000136],[-120.27395191399994,48.478102349999965],[-120.27404260899993,48.472674989000105],[-120.2849270829999,48.47267527600019],[-120.28498543799991,48.46915804300006],[-120.2741065649999,48.46890250700005],[-120.27425606899997,48.43988116800017],[-120.252863908,48.43994207800006],[-120.25285390899984,48.42521645800025],[-120.23123169603343,48.42511804184414],[-120.1874483408837,48.42503877349582],[-120.18737294049534,48.43220990100418],[-120.17976759005505,48.432286708330366],[-120.18092747152811,48.436410242780426],[-120.18173648827003,48.438332847273095],[-120.18313561134144,48.439398845803794],[-120.18700631799992,48.44106915600009],[-120.18726377899992,48.441157288000056],[-120.19262013399994,48.44208292300004],[-120.19293795399993,48.44210785200004],[-120.19537356799992,48.44199633700014],[-120.20065830299995,48.445429361000144],[-120.20102333999995,48.4459688090002],[-120.20355691799996,48.45180679000015],[-120.20416342599998,48.45280951300009],[-120.20851961899996,48.46674823100017],[-120.20844454999994,48.46700679300005],[-120.20559365499997,48.46911814500015],[-120.20529109899991,48.469190823000126],[-120.1991176539999,48.469926533000034],[-120.19817542899995,48.470489923000116],[-120.19502415299996,48.47296157100015],[-120.18734008799994,48.47160535100005],[-120.1871033459999,48.471542862000085],[-120.187104102,48.47161897400019]]]},"properties":{"COUNTY":"Okanogan","PRECCODE":2004,"PRECNAME":"West Winthrop","PRECINCT":"Okanogan 2004","DESCRIPTIO":"Winthrop Rural West (Lewis Butte, Lower Wolf Creek, Patterson Lake)","OFFICE":"County Proposition 1","JURISDICTION":"County","RACE":"Okanogan County County Proposition 1","Name_1":"Rejected","Party_1":"No_1","Votes_1":"140","Name_2":"Approved","Party_2":"Yes_1","Votes_2":"93","Name_3":null,"Party_3":null,"Votes_3":"0","Name_4":null,"Party_4":null,"Votes_4":"0","Name_5":null,"Party_5":null,"Votes_5":"0","Name_6":null,"Party_6":null,"Votes_6":"0","Name_7":null,"Party_7":null,"Votes_7":"0","Votes_total":"233","Pct_1":60.09,"Pct_2":39.91,"Pct_3":0,"Pct_4":0,"Pct_5":0,"Pct_6":0,"Pct_7":0,"Margin":20.18}},
{"type":"Feature","geometry":{"type":"Polygon","coordinates":[[[-120.1060493249999,48.35313825800006],[-120.11800239599994,48.35603813500011],[-120.12031726099997,48.35957440700014],[-120.13334881599997,48.359575298000095],[-120.1332768855666,48.36690409431037],[-120.13382228365151,48.366797571246934],[-120.13453612195316,48.36667621873579],[-120.13500725523235,48.36666908035278],[-120.13835230151437,48.367140213631785],[-120.1467006404534,48.37066657484252],[-120.14968595599998,48.36876445600012],[-120.15933825999997,48.37122101500011],[-120.16075811799993,48.37134166300012],[-120.16138257499983,48.3714897690001],[-120.1617202639999,48.37145963000006],[-120.163803064,48.370629002000044],[-120.16971509999998,48.371754689],[-120.17063075399996,48.36988186400003],[-120.17385340199998,48.368447617000136],[-120.17416738699988,48.36838520300011],[-120.17645441199993,48.368510609],[-120.1778289329998,48.36840606100009],[-120.18058517199995,48.36952124900018],[-120.1859612269999,48.36923049400013],[-120.18888611599998,48.37036248000004],[-120.19045962699994,48.36976128100014],[-120.1934271109999,48.37135087100017],[-120.19750152599993,48.36918229499997],[-120.20458016399998,48.37540912100007],[-120.21642594899998,48.37611513300004],[-120.22487316699991,48.37897709700002],[-120.2306291319999,48.37717738200006],[-120.23794391399998,48.37804202900014],[-120.24028372799997,48.379900047000035],[-120.24931603999995,48.38022702100005],[-120.25236628999991,48.37898233200019],[-120.25503386399993,48.37960567900018],[-120.25556702699998,48.38147036399999],[-120.25578153199997,48.381680110000154],[-120.25599784899994,48.3817293460001],[-120.25626289999991,48.38173066900015],[-120.25660041799996,48.38171630100003],[-120.25686583099998,48.38168552100012],[-120.25713178499993,48.38160658700019],[-120.25863498599986,48.380787397000056],[-120.2615015889999,48.38086581800008],[-120.26295910199987,48.37981359400004],[-120.26857750099998,48.37944790400019],[-120.27079232499995,48.377436166000166],[-120.27561983599998,48.37886409300012],[-120.28043331699993,48.37715361200008],[-120.28573866099998,48.378984695000156],[-120.29243272299998,48.3771301160001],[-120.29685919699993,48.3777928130001],[-120.30149137999994,48.37490080800017],[-120.303370009,48.370310583999974],[-120.31830990499986,48.3652013950001],[-120.32160973799992,48.367647903000034],[-120.32069690699987,48.36979480300005],[-120.32550617199996,48.37069888000013],[-120.32895567299985,48.36536070200008],[-120.33506856899992,48.365949028000095],[-120.33484331299998,48.36434287500014],[-120.33916544399989,48.36327793700013],[-120.34657891599996,48.35627067200006],[-120.35076193499998,48.357090805000155],[-120.3564090739999,48.35588628400006],[-120.35859668999996,48.35372829500011],[-120.37180555499998,48.35249765800017],[-120.38186070199998,48.35721847900004],[-120.38511682599984,48.35668940500017],[-120.39564606899987,48.36113395700005],[-120.39873170999994,48.36651289400004],[-120.40567274199992,48.36828440100015],[-120.41246237299994,48.37387724100011],[-120.41676926099997,48.3738426750001],[-120.42296932899995,48.37807840000005],[-120.4311183839999,48.37974228700012],[-120.44268822899981,48.387115511000154],[-120.44402384199991,48.38973842400002],[-120.45724435599998,48.393491095000115],[-120.45949476399994,48.39692509900004],[-120.49197674692476,48.396913627527404],[-120.55818412288096,48.39687336965085],[-120.60294482420484,48.396592222394816],[-120.61810145274175,48.396553174220514],[-120.61120347299993,48.394580020000255],[-120.60739888599994,48.3901010900002],[-120.60012980499995,48.385851398000106],[-120.58881452199975,48.38445430900026],[-120.58569774999987,48.380407319000255],[-120.56680858999995,48.376154009000224],[-120.56715451899998,48.37382209600008],[-120.56280249599996,48.37197096700015],[-120.56356510399989,48.366327499000185],[-120.56004049599983,48.361047768000276],[-120.56659138999991,48.358424366000285],[-120.56900230399991,48.34805604200022],[-120.57613246299991,48.34573212300023],[-120.58419207199981,48.33764618200024],[-120.58337847599984,48.32828054200018],[-120.58879507899996,48.32275736300017],[-120.58345501099997,48.31912247300011],[-120.573181156,48.31868144900005],[-120.56243058199998,48.31593469900014],[-120.55969515499997,48.312349719],[-120.55032045999997,48.3074087],[-120.52751669999996,48.30720863900007],[-120.519119774,48.311315089],[-120.51244010399991,48.312106596000035],[-120.51152362699989,48.30851922500016],[-120.50834292599994,48.30701078600014],[-120.506641963,48.30255132400009],[-120.49966495499987,48.29575067200016],[-120.49390955499997,48.29392934600008],[-120.48910274799987,48.28717493200007],[-120.48081183599999,48.28341264400017],[-120.47896001799988,48.28001745800008],[-120.07825383499996,48.2810061670001],[-120.07465339799994,48.282464640000114],[-120.07595478299999,48.28602480100005],[-120.06824499899994,48.28991427700015],[-120.06494303499991,48.29381168600014],[-120.06417182799997,48.29483629700007],[-120.06609346499992,48.301122184000185],[-120.0646130649999,48.307427429000086],[-120.06832649299997,48.31190736700018],[-120.06856550299993,48.31278108700018],[-120.06801240699997,48.31395427300009],[-120.06610148799994,48.3153285830001],[-120.05928744199997,48.31798351200012],[-120.05895969699995,48.318821923000144],[-120.06873382299989,48.32896393500016],[-120.07191748199986,48.32892194900006],[-120.07516633499995,48.32873319800012],[-120.07818514199992,48.3291838120001],[-120.08119343699991,48.332502849000036],[-120.08048982599996,48.335345811000074],[-120.07899958299991,48.33808905900003],[-120.07650322499994,48.34278009600012],[-120.07944437199997,48.346424457000126],[-120.08761534199992,48.343861183000115],[-120.09180372799993,48.34416137599998],[-120.09776507699996,48.346132924000074],[-120.0989238909999,48.346665683000026],[-120.0996471169999,48.34679637500017],[-120.10465482299996,48.34714333700009],[-120.10666070099997,48.34797557500019],[-120.10419927899993,48.35035575900013],[-120.10406809399996,48.35071218500013],[-120.105022094,48.352357382000086],[-120.1060493249999,48.35313825800006]]]},"properties":{"COUNTY":"Okanogan","PRECCODE":2005,"PRECNAME":"Twisp Wilderness","PRECINCT":"Okanogan 2005","DESCRIPTIO":"Twisp Rural West (Poorman Creek Road), Twisp Rural South (McClure Mountain)","OFFICE":"County Proposition 1","JURISDICTION":"County","RACE":"Okanogan County County Proposition 1","Name_1":"Approved","Party_1":"Yes_1","Votes_1":"190","Name_2":"Rejected","Party_2":"No_1","Votes_2":"68","Name_3":null,"Party_3":null,"Votes_3":"0","Name_4":null,"Party_4":null,"Votes_4":"0","Name_5":null,"Party_5":null,"Votes_5":"0","Name_6":null,"Party_6":null,"Votes_6":"0","Name_7":null,"Party_7":null,"Votes_7":"0","Votes_total":"258","Pct_1":73.64,"Pct_2":26.36,"Pct_3":0,"Pct_4":0,"Pct_5":0,"Pct_6":0,"Pct_7":0,"Margin":47.28}},
{"type":"Feature","geometry":{"type":"Polygon","coordinates":[[[-120.13327688556666,48.36690409431026],[-120.13327538899996,48.36705656700025],[-120.13351195099989,48.3670564600003],[-120.1334645919999,48.37052293400023],[-120.12518613599994,48.37047243200032],[-120.12268787799985,48.37423969000025],[-120.11772509899993,48.374200116000225],[-120.11765204699994,48.368044254000154],[-120.11656483999984,48.366985026000236],[-120.11760467099991,48.36699422400011],[-120.1168897089999,48.36626090200019],[-120.11659270899986,48.36536190200024],[-120.11647570899993,48.36522290200014],[-120.11641285399998,48.365149572000284],[-120.11175400899982,48.365121485000145],[-120.11175611499985,48.36329242300019],[-120.10631422599992,48.36324473000025],[-120.10631553799993,48.35960088900009],[-120.1030120219999,48.35868857600019],[-120.1035091409999,48.35736886600023],[-120.07819411999994,48.34645366000023],[-120.0757594159999,48.34801249900016],[-120.05809265799985,48.34456509300019],[-120.05307139999981,48.34464607200021],[-120.05006552199983,48.34488817200019],[-120.04868359199989,48.34514124900022],[-120.04764612999988,48.345396656000155],[-120.04332427099983,48.34799181800014],[-120.039252294,48.353492081000184],[-120.03737646299987,48.36017206200018],[-120.0355925909999,48.360914336000114],[-120.03292367899985,48.3611789580002],[-120.0333032709999,48.36156258800013],[-120.03367407599977,48.361814885000115],[-120.0352491399999,48.3626582110001],[-120.03631002499992,48.36443741400013],[-120.0365118579999,48.37326247500015],[-120.0415351769999,48.375068910000145],[-120.04639745799979,48.3815712450002],[-120.04645903099986,48.393831972000264],[-120.05653980299977,48.391997576000165],[-120.0563841779998,48.39048629000018],[-120.06354898999986,48.388964591000104],[-120.07266087899994,48.390951435000204],[-120.08166069099978,48.3957551380002],[-120.08880162999998,48.39587276000015],[-120.09183995799984,48.39445343100021],[-120.0911957139999,48.39331959000014],[-120.10442123499998,48.3886947820003],[-120.1069190089998,48.38378740200011],[-120.11118929099997,48.3848012000002],[-120.11757072199987,48.391892660000174],[-120.12068054899984,48.39169822100035],[-120.123413982855,48.39590686725284],[-120.29598591599975,48.39630929100014],[-120.31817653699986,48.39719682600014],[-120.45949476399984,48.3969250990001],[-120.45724435599988,48.39349109500017],[-120.44402384199986,48.389738424000136],[-120.44268822899977,48.387115511000275],[-120.43111838399983,48.37974228700017],[-120.42296932899988,48.378078400000106],[-120.4167692609999,48.37384267500022],[-120.41246237299981,48.37387724100023],[-120.40567274199982,48.3682844010002],[-120.3987317099999,48.3665128940001],[-120.39564606899985,48.361133957000106],[-120.38511682599975,48.356689405000225],[-120.38186070199994,48.357218479000146],[-120.37180555499998,48.35249765800023],[-120.3585966899999,48.35372829500022],[-120.35640907399983,48.355886284000114],[-120.35076193499992,48.357090805000205],[-120.34657891599996,48.35627067200016],[-120.33916544399983,48.36327793700019],[-120.3348433129999,48.364342875000204],[-120.33506856899987,48.36594902800016],[-120.32895567299981,48.36536070200014],[-120.32550617199996,48.37069888000025],[-120.32069690699977,48.3697948030001],[-120.32160973799988,48.36764790300014],[-120.31830990499982,48.36520139500022],[-120.30337000899995,48.37031058400009],[-120.30149137999985,48.37490080800029],[-120.29685919699989,48.37779281300021],[-120.29243272299992,48.37713011600015],[-120.28573866099994,48.378984695000206],[-120.28043331699989,48.37715361200014],[-120.27561983599998,48.37886409300017],[-120.27079232499989,48.37743616600028],[-120.26857750099988,48.379447904000244],[-120.26295910199985,48.379813594000154],[-120.2615015889998,48.38086581800019],[-120.2586349859998,48.38078739700018],[-120.25660041799986,48.3817163010001],[-120.25599784899987,48.381729346000206],[-120.25578153199989,48.38168011000022],[-120.2556382269998,48.3815670310002],[-120.25556702699994,48.38147036400011],[-120.2555956509999,48.38106920900021],[-120.2555043419999,48.380619300000205],[-120.25503386399987,48.379605679000235],[-120.25236628999991,48.3789823320003],[-120.24931603999983,48.38022702100016],[-120.24028372799988,48.37990004700009],[-120.23794391399993,48.3780420290002],[-120.23062913199989,48.37717738200018],[-120.22487316699987,48.37897709700013],[-120.21642594899987,48.3761151330001],[-120.20458016399994,48.37540912100013],[-120.19750152599983,48.36918229500009],[-120.19342711099982,48.37135087100028],[-120.19045962699988,48.369761281000194],[-120.18888611599998,48.3703624800001],[-120.18596122699984,48.36923049400025],[-120.18058517199985,48.36952124900023],[-120.17838195699989,48.36848946100014],[-120.17782893299977,48.368406061000144],[-120.17645441199983,48.368510609000104],[-120.17416738699978,48.368385203000166],[-120.1735624719999,48.368590423000114],[-120.1724689309999,48.369322559000125],[-120.17063075399987,48.36988186400014],[-120.16971509999992,48.37175468900011],[-120.16380306399992,48.370629002000165],[-120.163199551,48.37072181100024],[-120.16138257499979,48.37148976900021],[-120.16075811799988,48.37134166300024],[-120.15933825999993,48.371221015000174],[-120.15878608299987,48.3710733200001],[-120.15278984199986,48.369055687000234],[-120.14968595599994,48.368764456000235],[-120.14670064045345,48.370666574842396],[-120.13835230151443,48.36714021363173],[-120.13500725523245,48.36666908035266],[-120.1345361219532,48.36667621873567],[-120.13382228365157,48.36679757124681],[-120.13327688556666,48.36690409431026]]]},"properties":{"COUNTY":"Okanogan","PRECCODE":2006,"PRECNAME":"Twisp River","PRECINCT":"Okanogan 2006","DESCRIPTIO":"Twisp Rural North (Twisp Rural Road, Lower Balky Hill)","OFFICE":"County Proposition 1","JURISDICTION":"County","RACE":"Okanogan County County Proposition 1","Name_1":"Rejected","Party_1":"No_1","Votes_1":"16","Name_2":"Approved","Party_2":"Yes_1","Votes_2":"1","Name_3":null,"Party_3":null,"Votes_3":"0","Name_4":null,"Party_4":null,"Votes_4":"0","Name_5":null,"Party_5":null,"Votes_5":"0","Name_6":null,"Party_6":null,"Votes_6":"0","Name_7":null,"Party_7":null,"Votes_7":"0","Votes_total":"17","Pct_1":94.12,"Pct_2":5.88,"Pct_3":0,"Pct_4":0,"Pct_5":0,"Pct_6":0,"Pct_7":0,"Margin":88.24}},
{"type":"Feature","geometry":{"type":"Polygon","coordinates":[[[-119.88461168699995,48.279049103000034],[-119.88570920099987,48.30881201800013],[-119.8848690709999,48.322633168999964],[-119.88518141599991,48.35159713600007],[-119.88464282499994,48.37341827400007],[-119.88485955399996,48.38049280600011],[-119.88444824099992,48.388090147000185],[-119.884469363,48.38954095600002],[-119.88499404099997,48.38941815200018],[-119.88589508399993,48.38904225300007],[-119.88801323999995,48.38787451200016],[-119.88897899299991,48.387699647000034],[-119.89430421799989,48.3894623000001],[-119.89856827099993,48.38887091100014],[-119.90907213199996,48.377400707000156],[-119.91449112899993,48.37407290100015],[-119.93220079799991,48.36953713300005],[-119.93974856599998,48.371564273000104],[-119.96953225299993,48.37205323800014],[-119.97506933299996,48.37074935200007],[-119.98135542999995,48.37176372300007],[-119.99166749699998,48.37052696100005],[-120.02459621199995,48.362035301000155],[-120.02578025599996,48.36187955100007],[-120.03559259099995,48.36091433600006],[-120.03737646299993,48.36017206200011],[-120.03777892699992,48.35961709600019],[-120.039252294,48.35349208100013],[-120.04332427099988,48.347991818000025],[-120.04764612999992,48.34539665600005],[-120.05006552199988,48.34488817200008],[-120.0580926579999,48.344565093000085],[-120.07575941599995,48.34801249900004],[-120.07819411999998,48.346453660000115],[-120.10350914099996,48.35736886600018],[-120.10053632999994,48.35296607100013],[-120.1060493249999,48.35313825800006],[-120.105022094,48.352357382000086],[-120.10406809399996,48.35071218500013],[-120.10419927899993,48.35035575900013],[-120.10666070099997,48.34797557500019],[-120.10465482299996,48.34714333700009],[-120.0996471169999,48.34679637500017],[-120.0989238909999,48.346665683000026],[-120.09776507699996,48.346132924000074],[-120.09180372799993,48.34416137599998],[-120.08761534199992,48.343861183000115],[-120.07944437199997,48.346424457000126],[-120.07650322499994,48.34278009600012],[-120.07899958299991,48.33808905900003],[-120.08048982599996,48.335345811000074],[-120.08119343699991,48.332502849000036],[-120.07818514199992,48.3291838120001],[-120.07516633499995,48.32873319800012],[-120.07191748199986,48.32892194900006],[-120.06873382299989,48.32896393500016],[-120.05895969699995,48.318821923000144],[-120.05928744199997,48.31798351200012],[-120.06610148799994,48.3153285830001],[-120.06801240699997,48.31395427300009],[-120.06856550299993,48.31278108700018],[-120.06832649299997,48.31190736700018],[-120.0646130649999,48.307427429000086],[-120.06609346499992,48.301122184000185],[-120.06417182799997,48.29483629700007],[-120.06494303499991,48.29381168600014],[-120.06824499899994,48.28991427700015],[-120.06427576499996,48.28610221000013],[-120.05706753399988,48.28692909199998],[-120.05339322799986,48.284211380000045],[-120.04029704,48.280747394000116],[-119.97146542599994,48.27910271100017],[-119.88461168699995,48.279049103000034]],[[-120.09817712199997,48.34896132500007],[-120.09970750899994,48.350725671000184],[-120.09956755699986,48.353113885000084],[-120.09796264199997,48.35310366600004],[-120.08711654099989,48.34864980600014],[-120.09817712199997,48.34896132500007]]]},"properties":{"COUNTY":"Okanogan","PRECCODE":2007,"PRECNAME":"East Twisp","PRECINCT":"Okanogan 2007","DESCRIPTIO":"Twisp Rural Southeast (Twisp Airport Road, Lower Beaver Creek Road, Benson Creek Drive)","OFFICE":"County Proposition 1","JURISDICTION":"County","RACE":"Okanogan County County Proposition 1","Name_1":"Rejected","Party_1":"No_1","Votes_1":"1","Name_2":null,"Party_2":null,"Votes_2":"0","Name_3":null,"Party_3":null,"Votes_3":"0","Name_4":null,"Party_4":null,"Votes_4":"0","Name_5":null,"Party_5":null,"Votes_5":"0","Name_6":null,"Party_6":null,"Votes_6":"0","Name_7":null,"Party_7":null,"Votes_7":"0","Votes_total":"1","Pct_1":100,"Pct_2":0,"Pct_3":0,"Pct_4":0,"Pct_5":0,"Pct_6":0,"Pct_7":0,"Margin":100}},
{"type":"Feature","geometry":{"type":"Polygon","coordinates":[[[-119.68528826344776,48.293782835698316],[-119.67512485399973,48.300059687000335],[-119.6737017729998,48.30075484400037],[-119.6687687679223,48.301060346455195],[-119.6687826471495,48.29814806881359],[-119.6612766009999,48.297498173000356],[-119.63324842499982,48.30829250200037],[-119.62840080599977,48.30887207800037],[-119.62139545599962,48.31419550600049],[-119.61544558199954,48.31611632200042],[-119.60952395199982,48.31864080400044],[-119.6074472189999,48.3207747130005],[-119.60710960299971,48.321374793000416],[-119.60696589599986,48.32197693400041],[-119.60751149299979,48.32439740200049],[-119.60772249027242,48.324721792271355],[-119.61938735199965,48.32481939900049],[-119.62450472548454,48.317206387760045],[-119.62475827599968,48.33739972900025],[-119.64667252499981,48.33732348600045],[-119.64672944499964,48.366312866000435],[-119.66865629299984,48.366039321000414],[-119.66876459099966,48.38064495900028],[-119.69048187899972,48.38052957800039],[-119.69033198299991,48.40956578800035],[-119.71201389899959,48.40950369300026],[-119.71219060099982,48.423623456000314],[-119.73378856899973,48.42385812500032],[-119.73429435199984,48.4527666050003],[-119.8847426569999,48.45314291100038],[-119.88532026899973,48.41057973200043],[-119.88463776999986,48.39524598500026],[-119.88447088099997,48.389645222000404],[-119.88444824099966,48.38809014700041],[-119.88486754550813,48.32282265415864],[-119.68986011199982,48.32283480700038],[-119.68983218099973,48.31075031100027],[-119.69593238699974,48.3072928990004],[-119.69609574899992,48.30274565400026],[-119.70213981099971,48.29927451900039],[-119.70518191599973,48.298603214000366],[-119.70594259399985,48.29814324800032],[-119.70694156599973,48.29708465600032],[-119.70746123399974,48.29620500100027],[-119.70760667499994,48.29584752000027],[-119.70763681299995,48.295614112000294],[-119.70736182699977,48.293324480000415],[-119.7067447071391,48.29117365062143],[-119.703175369698,48.2910665748762],[-119.68528826344776,48.293782835698316]]]},"properties":{"COUNTY":"Okanogan","PRECCODE":2008,"PRECNAME":"Boston","PRECINCT":"Okanogan 2008","DESCRIPTIO":"Okanogan Rural Far Southwest (Malott Cemetery) & West (Pleasant Valley, Loup Loup Canyon)","OFFICE":"County Proposition 1","JURISDICTION":"County","RACE":"Okanogan County County Proposition 1","Name_1":"Approved","Party_1":"Yes_1","Votes_1":"274","Name_2":null,"Party_2":null,"Votes_2":"0","Name_3":null,"Party_3":null,"Votes_3":"0","Name_4":null,"Party_4":null,"Votes_4":"0","Name_5":null,"Party_5":null,"Votes_5":"0","Name_6":null,"Party_6":null,"Votes_6":"0","Name_7":null,"Party_7":null,"Votes_7":"0","Votes_total":"274","Pct_1":100,"Pct_2":0,"Pct_3":0,"Pct_4":0,"Pct_5":0,"Pct_6":0,"Pct_7":0,"Margin":100}},
{"type":"Feature","geometry":{"type":"Polygon","coordinates":[[[-119.60983195599984,48.3643655000003],[-119.61402557999988,48.366588498000226],[-119.64672944499978,48.366312866000335],[-119.64667252499987,48.33732348600035],[-119.62475827599981,48.33739972900019],[-119.62450472548454,48.317206387759995],[-119.61938735199973,48.3248193990002],[-119.60772249027242,48.3247217922713],[-119.60879595999972,48.3265669950004],[-119.60846751499972,48.32768460400041],[-119.60561871599973,48.32963780700026],[-119.60784209399985,48.33311096200031],[-119.60743326399967,48.340293116000396],[-119.60214077599996,48.34556954100043],[-119.60437217899984,48.34804253500039],[-119.60016942699968,48.351644891000376],[-119.60253391099974,48.35351626300036],[-119.60118116399985,48.35419149300043],[-119.6021416639998,48.35465592200023],[-119.60104936299996,48.355575814000304],[-119.5958496599999,48.35580223900029],[-119.59582522699985,48.35746061400027],[-119.59767789099976,48.357442329000264],[-119.59770086199984,48.35917697000036],[-119.5949222889998,48.35920426500024],[-119.59632010899986,48.36453468100017],[-119.60112021099998,48.3632000780002],[-119.60334181599984,48.366530507000334],[-119.60983195599984,48.3643655000003]],[[-119.6062602620881,48.355535600823714],[-119.60839928943155,48.354117526326384],[-119.60842864945215,48.3571920907803],[-119.60462742605058,48.35719754203716],[-119.6062602620881,48.355535600823714]]]},"properties":{"COUNTY":"Okanogan","PRECCODE":2009,"PRECNAME":"Alma","PRECINCT":"Okanogan 2009","DESCRIPTIO":"Okanogan Rural Southwest (Mock Road, Okanogan Central Landfill)","OFFICE":"County Proposition 1","JURISDICTION":"County","RACE":"Okanogan County County Proposition 1","Name_1":"Rejected","Party_1":"No_1","Votes_1":"262","Name_2":"Approved","Party_2":"Yes_1","Votes_2":"136","Name_3":null,"Party_3":null,"Votes_3":"0","Name_4":null,"Party_4":null,"Votes_4":"0","Name_5":null,"Party_5":null,"Votes_5":"0","Name_6":null,"Party_6":null,"Votes_6":"0","Name_7":null,"Party_7":null,"Votes_7":"0","Votes_total":"398","Pct_1":65.83,"Pct_2":34.17,"Pct_3":0,"Pct_4":0,"Pct_5":0,"Pct_6":0,"Pct_7":0,"Margin":31.66}},
{"type":"Feature","geometry":{"type":"Polygon","coordinates":[[[-120.10273056855765,48.193688984559465],[-120.10161114999984,48.19683276900019],[-120.10076456399985,48.19719305900019],[-120.0998360369999,48.197398112000194],[-120.09930977099991,48.19742288600008],[-120.0986374689998,48.19736233900016],[-120.09761201199979,48.19699011500029],[-120.0971755269998,48.19662165000022],[-120.09668058299997,48.19592932800014],[-120.09627200599992,48.19508284900018],[-120.0962619639999,48.19431627400029],[-120.09632970299998,48.193993227000306],[-120.09641766599992,48.19372656600018],[-120.09663202899984,48.193446650000105],[-120.0988221379999,48.1918010470003],[-120.09902428699992,48.190902214000225],[-120.09510473099988,48.18847915700024],[-120.09685823299994,48.183532680000155],[-120.09682161599981,48.18315270600015],[-120.09586660099976,48.182288659000164],[-120.09553196399989,48.18215993400025],[-120.09506913899986,48.18217103100016],[-120.08992257199992,48.1832208620001],[-120.08927434499992,48.182963513000175],[-120.08917082999984,48.182850328000136],[-120.08833902599993,48.18074934200023],[-120.0887579569999,48.179095193000244],[-120.07927576499998,48.17907887400019],[-120.07933765699988,48.166194535000216],[-120.07757879599987,48.16459764100011],[-119.9926746929998,48.163267853000214],[-119.99293238799984,48.19234497100018],[-119.9714171139998,48.19246612100022],[-119.97146542599994,48.279102711000284],[-120.04029703999991,48.280747394000166],[-120.05339322799976,48.2842113800001],[-120.05706753399976,48.2869290920001],[-120.0642757649999,48.28610221000025],[-120.06879983099981,48.289496929000165],[-120.07595478299993,48.28602480100011],[-120.0746533979999,48.282464640000164],[-120.07825383499986,48.28100616700021],[-120.47896001799982,48.280017458000195],[-120.47703718499992,48.277958091000244],[-120.46831005699984,48.277325150000195],[-120.46621785999992,48.274858779000105],[-120.46730002799984,48.26780143600018],[-120.45086724499978,48.2603657210002],[-120.44375178499983,48.26059924400021],[-120.43183813199987,48.2517674280001],[-120.39169260399984,48.24271107000021],[-120.38417001199987,48.23414495600025],[-120.39162314799978,48.228020206000274],[-120.38505878399985,48.22482490800018],[-120.38398746699978,48.2222197610002],[-120.14344770899982,48.22270200000025],[-120.143185029,48.19370619300013],[-120.13314734699992,48.193746925000134],[-120.13315307199983,48.197200318000164],[-120.1225816989998,48.19722650600021],[-120.12251182399977,48.20068051600015],[-120.12818167999981,48.200654158000134],[-120.12812236299992,48.20827807400013],[-120.11931401399993,48.20334605400029],[-120.11719683199995,48.19376644400028],[-120.10273056855765,48.193688984559465]]]},"properties":{"COUNTY":"Okanogan","PRECCODE":2010,"PRECNAME":"Carlton","PRECINCT":"Okanogan 2010","DESCRIPTIO":"Twisp Rural Far South (Carlton, Libby Creek Road), Pateros Rural Farthest Northwest (Cow Creek)","OFFICE":"County Proposition 1","JURISDICTION":"County","RACE":"Okanogan County County Proposition 1","Name_1":"Approved","Party_1":"Yes_1","Votes_1":"396","Name_2":"Rejected","Party_2":"No_1","Votes_2":"234","Name_3":null,"Party_3":null,"Votes_3":"0","Name_4":null,"Party_4":null,"Votes_4":"0","Name_5":null,"Party_5":null,"Votes_5":"0","Name_6":null,"Party_6":null,"Votes_6":"0","Name_7":null,"Party_7":null,"Votes_7":"0","Votes_total":"630","Pct_1":62.86,"Pct_2":37.14,"Pct_3":0,"Pct_4":0,"Pct_5":0,"Pct_6":0,"Pct_7":0,"Margin":25.72}},
{"type":"Feature","geometry":{"type":"Polygon","coordinates":[[[-119.77722244899996,48.23577665200014],[-119.86391332199997,48.23582440600017],[-119.86417603899991,48.27911298500016],[-119.88461168699995,48.279049103000034],[-119.97146542599994,48.27910271100017],[-119.97141711399986,48.19246612100016],[-119.91729484399985,48.19244672800005],[-119.91690866499987,48.16347023800005],[-119.89505650199999,48.16365604800018],[-119.8949677629999,48.134489700000124],[-119.91655064499992,48.134614079000194],[-119.91677991499992,48.12781885100003],[-119.90597912299987,48.12786029900007],[-119.90598755199986,48.12404793400004],[-119.89496894499992,48.12400943700009],[-119.89497755699993,48.12039081600011],[-119.88391633999998,48.1203732680001],[-119.88495491999994,48.091435010000055],[-119.84118894699992,48.09099257900016],[-119.84121428211989,48.079952259142885],[-119.82417663926027,48.0826655690945],[-119.81382830671646,48.08868010257902],[-119.80590810721218,48.09004517159391],[-119.80414870689303,48.092577704552895],[-119.79806910371819,48.091952372670875],[-119.79706243876066,48.09302677308576],[-119.78974305522556,48.09136521545237],[-119.78819428999996,48.091961088000055],[-119.78826252499994,48.09611510900015],[-119.7896866939999,48.09915152900003],[-119.78973025799993,48.100113907000086],[-119.7897298099999,48.101772029000124],[-119.79233010999997,48.10065241400014],[-119.79253599799992,48.10542979500008],[-119.79051334099987,48.10674252400008],[-119.78709245899995,48.10627362900009],[-119.78716188099999,48.11263333400006],[-119.77671281999987,48.11268410600019],[-119.776712052,48.11446842100008],[-119.77388077399995,48.11447509300012],[-119.77388113199997,48.11266567000006],[-119.76820369799998,48.11267873800005],[-119.76633121699996,48.113765215000164],[-119.76599700999992,48.113977640000094],[-119.76528178099989,48.11457569200018],[-119.762381964,48.11718987600011],[-119.76223740999991,48.11765779200011],[-119.76461128999995,48.12472364100005],[-119.76382474599995,48.13453171100013],[-119.75742111099991,48.1345009690001],[-119.75705620299993,48.148984106000164],[-119.77169399299994,48.14914672500004],[-119.77649906299997,48.15290837800017],[-119.77654340299986,48.17509742100014],[-119.77044382199986,48.185498832000185],[-119.77631748999994,48.191714252000054],[-119.77531239499984,48.19755764000018],[-119.778568449,48.20390318700004],[-119.7767567549999,48.20692309500015],[-119.77722244899996,48.23577665200014]]]},"properties":{"COUNTY":"Okanogan","PRECCODE":2011,"PRECNAME":"Brewster Rural","PRECINCT":"Okanogan 2011","DESCRIPTIO":"Brewster Rural West (Sunset Drive), Brewster Rural North (Paradise Hill)","OFFICE":"County Proposition 1","JURISDICTION":"County","RACE":"Okanogan County County Proposition 1","Name_1":"Rejected","Party_1":"No_1","Votes_1":"448","Name_2":"Approved","Party_2":"Yes_1","Votes_2":"2","Name_3":null,"Party_3":null,"Votes_3":"0","Name_4":null,"Party_4":null,"Votes_4":"0","Name_5":null,"Party_5":null,"Votes_5":"0","Name_6":null,"Party_6":null,"Votes_6":"0","Name_7":null,"Party_7":null,"Votes_7":"0","Votes_total":"450","Pct_1":99.56,"Pct_2":0.44,"Pct_3":0,"Pct_4":0,"Pct_5":0,"Pct_6":0,"Pct_7":0,"Margin":99.12}},
{"type":"Feature","geometry":{"type":"Polygon","coordinates":[[[-119.7068033289998,48.29141601600014],[-119.70736182699981,48.29332448000031],[-119.70763681299995,48.29561411200024],[-119.7074612339999,48.2962050010002],[-119.70694156599978,48.2970846560002],[-119.70594259399985,48.29814324800026],[-119.70558653599988,48.29840685500028],[-119.70518191599983,48.2986032140003],[-119.70213981099975,48.299274519000335],[-119.69609574899992,48.302745654000205],[-119.6959323869998,48.30729289900029],[-119.68983218099983,48.31075031100021],[-119.68986011199982,48.32283480700033],[-119.88486754550813,48.322822654158585],[-119.88461168699968,48.279049103000375],[-119.86417603899976,48.27911298500032],[-119.86391332199997,48.23582440600034],[-119.75529453899979,48.23582881300029],[-119.75525959199983,48.20682238900031],[-119.73355139899991,48.20689503900031],[-119.73328875399993,48.196039924000324],[-119.71683215599987,48.19606920800026],[-119.71669547299975,48.206957205000265],[-119.71227688999971,48.207751871000305],[-119.71845616799973,48.21229527000025],[-119.7192642709998,48.21723293100035],[-119.73645677799988,48.23159441800032],[-119.73331643499982,48.23575294000034],[-119.73332904499975,48.24034926600029],[-119.73801175599989,48.24584261800027],[-119.73876874999985,48.25589456700015],[-119.73128066299984,48.260826968000345],[-119.72628384499981,48.267302528000194],[-119.72877096899973,48.27040279800025],[-119.7212733839998,48.275630999000334],[-119.70834607599994,48.27895260000031],[-119.68411193799983,48.288647027000316],[-119.67223496099986,48.2952227200002],[-119.66878264714956,48.298148068813525],[-119.66876876792236,48.30106034645513],[-119.67197635699972,48.30098787800023],[-119.6737017729998,48.30075484400032],[-119.67404902299981,48.30061227100031],[-119.67512485399979,48.300059687000264],[-119.68528826344766,48.29378283569844],[-119.7068033289998,48.29141601600014]]]},"properties":{"COUNTY":"Okanogan","PRECCODE":2012,"PRECNAME":"Malott","PRECINCT":"Okanogan 2012","DESCRIPTIO":"Okanogan Rural Farther Southwest (Malott, Chiliwist Road, Davis Canyon), Brewster Rural Far Northeast","OFFICE":"County Proposition 1","JURISDICTION":"County","RACE":"Okanogan County County Proposition 1","Name_1":"Approved","Party_1":"Yes_1","Votes_1":"377","Name_2":"Rejected","Party_2":"No_1","Votes_2":"226","Name_3":null,"Party_3":null,"Votes_3":"0","Name_4":null,"Party_4":null,"Votes_4":"0","Name_5":null,"Party_5":null,"Votes_5":"0","Name_6":null,"Party_6":null,"Votes_6":"0","Name_7":null,"Party_7":null,"Votes_7":"0","Votes_total":"603","Pct_1":62.52,"Pct_2":37.48,"Pct_3":0,"Pct_4":0,"Pct_5":0,"Pct_6":0,"Pct_7":0,"Margin":25.04}},
{"type":"Feature","geometry":{"type":"Polygon","coordinates":[[[-119.76528178099989,48.11457569200018],[-119.76599700999992,48.11397764000026],[-119.76633121699979,48.113765215000164],[-119.76820369799992,48.112678738000284],[-119.7657755239998,48.11268432900028],[-119.76577788552375,48.10655845470815],[-119.76528570418598,48.10665277754936],[-119.76501563729371,48.10667457642375],[-119.76349330195468,48.10654797716191],[-119.75118229937783,48.10437977775267],[-119.74374963176854,48.103610978262516],[-119.73391582933968,48.09931251341241],[-119.72046897927811,48.10193583210013],[-119.71355117199995,48.10008322200031],[-119.70378717599993,48.10625200599997],[-119.6893503139999,48.10588675400015],[-119.6833117409999,48.11731735900008],[-119.682282173,48.12375676800007],[-119.66570593899996,48.15035577900005],[-119.66488439999995,48.15486602400011],[-119.67940832199997,48.17914334000017],[-119.678595068,48.1882165770001],[-119.68404198099984,48.19336419300003],[-119.70411636699998,48.20615069400009],[-119.71227688999986,48.20775187100015],[-119.71669547299985,48.20695720500009],[-119.71683215599992,48.1960692080001],[-119.73328875399993,48.19603992400016],[-119.73355139899998,48.20689503900013],[-119.75525959199994,48.20682238900014],[-119.75529453899992,48.23582881300012],[-119.77722244899996,48.23577665200014],[-119.7767567549999,48.20692309500015],[-119.778568449,48.20390318700004],[-119.77531239499984,48.19755764000018],[-119.77631748999994,48.191714252000054],[-119.77044382199986,48.185498832000185],[-119.77654340299986,48.17509742100014],[-119.77649906299997,48.15290837800017],[-119.77169399299994,48.14914672500004],[-119.75705620299993,48.148984106000164],[-119.75742111099991,48.1345009690001],[-119.76382474599995,48.13453171100013],[-119.76461128999995,48.12472364100005],[-119.76223740999991,48.11765779200011],[-119.762381964,48.11718987600011],[-119.76528178099989,48.11457569200018]],[[-119.72833414299986,48.10383104900012],[-119.72868315899989,48.105178338000144],[-119.7113984599999,48.10562578700012],[-119.71141628299983,48.1040977960003],[-119.71766951299986,48.103113173000274],[-119.72833414299986,48.10383104900012]]]},"properties":{"COUNTY":"Okanogan","PRECCODE":2013,"PRECNAME":"Brewster Valley","PRECINCT":"Okanogan 2013","DESCRIPTIO":"Brewster Rural Northeast (Brewster Flat, Monse River Road)","OFFICE":"County Proposition 1","JURISDICTION":"County","RACE":"Okanogan County County Proposition 1","Name_1":"Approved","Party_1":"Yes_1","Votes_1":"63","Name_2":"Rejected","Party_2":"No_1","Votes_2":"26","Name_3":null,"Party_3":null,"Votes_3":"0","Name_4":null,"Party_4":null,"Votes_4":"0","Name_5":null,"Party_5":null,"Votes_5":"0","Name_6":null,"Party_6":null,"Votes_6":"0","Name_7":null,"Party_7":null,"Votes_7":"0","Votes_total":"89","Pct_1":70.79,"Pct_2":29.21,"Pct_3":0,"Pct_4":0,"Pct_5":0,"Pct_6":0,"Pct_7":0,"Margin":41.58}},
{"type":"Feature","geometry":{"type":"Polygon","coordinates":[[[-119.99316746771662,48.0784055974924],[-119.9992371599998,48.07382163600022],[-120.0033811589999,48.074962830000175],[-120.00784061699977,48.079136262000134],[-120.01221283699995,48.0795436210002],[-120.01213459699976,48.082703161000154],[-120.01717547399986,48.086958097000085],[-120.01834787799987,48.09430480800017],[-120.02261056999988,48.0974737790001],[-120.02072124099998,48.100546454000266],[-120.01134510799994,48.100853225000144],[-120.01123069699996,48.103933097000265],[-120.00584356999991,48.10639352300023],[-120.0045443829999,48.10879697700016],[-120.00894094899984,48.109928037000145],[-120.00973785899983,48.1135680070002],[-120.00679990799989,48.12010279000026],[-120.01061205099995,48.12478025600023],[-120.0073318729999,48.127134359000195],[-120.00355365499976,48.12539199700029],[-120.00086672899998,48.12600821400019],[-120.00092339899987,48.131272911000174],[-120.00732209199992,48.13476379300017],[-120.00445137899982,48.14008469200012],[-120.01253815199993,48.140496603000194],[-120.02048417999995,48.13658294700002],[-120.032896399,48.13810990700006],[-120.03269286499996,48.141677167000175],[-120.03769775499995,48.140118409000195],[-120.04851755899986,48.14127846000014],[-120.04701880299996,48.14610669200016],[-120.04969785299994,48.14838141000007],[-120.06562025399995,48.15510452200016],[-120.07356029699989,48.16000303700019],[-120.07933765699994,48.16619453500016],[-120.07927576499998,48.17907887400014],[-120.08875795699983,48.17909519300014],[-120.08833902599997,48.18074934200012],[-120.0889543809999,48.18182222300004],[-120.08927434499998,48.18296351300011],[-120.08992257199996,48.183220861999985],[-120.09088928399996,48.183269296000105],[-120.09403531299982,48.18240348900013],[-120.0944560829999,48.18239212700008],[-120.09506913899992,48.18217103100011],[-120.09527982599997,48.182144253],[-120.09553196399983,48.18215993400013],[-120.0958666009999,48.182288659000044],[-120.09640789599996,48.18267186700012],[-120.09682161599987,48.18315270600004],[-120.09685823299998,48.183532680000035],[-120.09510473099995,48.18847915700013],[-120.09902428699996,48.19090221400017],[-120.09882213799995,48.191801047000176],[-120.09663202899989,48.19344665],[-120.09641766599987,48.193726566000066],[-120.09626196399995,48.19431627400019],[-120.09668058299997,48.1959293280001],[-120.0971755269999,48.19662165000017],[-120.09761201199989,48.196990115000176],[-120.098092583,48.197218216000124],[-120.0986374689999,48.19736233900011],[-120.099836037,48.19739811200008],[-120.10161114999994,48.19683276900014],[-120.1027305685576,48.19368898455957],[-120.117196832,48.193766444000175],[-120.11931401399993,48.20334605400018],[-120.128122363,48.20827807400006],[-120.12818167999991,48.20065415800001],[-120.12251182399987,48.20068051600009],[-120.12258169899991,48.197226506000106],[-120.13315307199987,48.19720031800011],[-120.13314734699998,48.193746925000085],[-120.143185029,48.193706193000075],[-120.14344770899993,48.22270200000014],[-120.38398746699988,48.22221976100013],[-120.37784716099996,48.21826721800005],[-120.36492714599989,48.218655672000175],[-120.35901304699996,48.220526580000126],[-120.35402364999993,48.21876948700009],[-120.35416431799997,48.2131488330001],[-120.34712998999987,48.20426286000003],[-120.3462459509999,48.19921254300004],[-120.35099860499987,48.194620651999976],[-120.35110447099999,48.18847732299997],[-120.35745998399996,48.18384114600019],[-120.35824940599991,48.176053348000096],[-120.36207559899988,48.172811789000036],[-120.36255516799991,48.16934057400015],[-120.359314112,48.162166389000106],[-120.3605108789999,48.159355137000034],[-120.35843048699996,48.15602279400008],[-120.35296722999992,48.155334798000176],[-120.35358378199999,48.15270795300017],[-120.34956022199988,48.14535362900011],[-120.34672975899994,48.14361438900005],[-120.3401426919999,48.14366010500009],[-120.33502535599992,48.14061693900004],[-120.32629934899997,48.13154637700006],[-120.32674454399991,48.12917223600015],[-120.31893753199985,48.12434716700017],[-120.309790444,48.12712963500018],[-120.3024547829999,48.12710166400006],[-120.2981178419999,48.130000661000054],[-120.29136191699996,48.129810105000104],[-120.287482738,48.12441841600014],[-120.28086483699997,48.12393352500004],[-120.27360838699997,48.11892491300006],[-120.27228473199993,48.11556396800006],[-120.26567881099997,48.11030476300004],[-120.258686835,48.11032271900012],[-120.25586599499995,48.10643559099997],[-120.244944004,48.10117079400004],[-120.24070549899994,48.09649330300015],[-120.23579204899983,48.09432818100009],[-120.23530294899996,48.088962173000034],[-120.22916515499996,48.08835091400016],[-120.22302114199998,48.08378882400018],[-120.21889736099997,48.08461115200015],[-120.21309228099993,48.07876994800005],[-120.201876149,48.07697198800013],[-120.18637087699994,48.078487204000105],[-120.1816620489999,48.07371967300009],[-120.16376546399998,48.06819925400009],[-120.15828024899993,48.06883745800013],[-120.15654040799994,48.065757440000034],[-120.14331903699996,48.065163781000194],[-120.14226170099992,48.062424422000106],[-120.14040417099996,48.0614924040001],[-120.14041083299992,48.06289767100008],[-119.99290646499992,48.06255806300009],[-119.99315703699989,48.07674676700026],[-119.99316746771662,48.0784055974924]]]},"properties":{"COUNTY":"Okanogan","PRECCODE":2014,"PRECNAME":"West Methow River","PRECINCT":"Okanogan 2014","DESCRIPTIO":"Pateros Rural Far Northwest (Methow, Squaw Creek Road, Black Canyon)","OFFICE":"County Proposition 1","JURISDICTION":"County","RACE":"Okanogan County County Proposition 1","Name_1":"Rejected","Party_1":"No_1","Votes_1":"237","Name_2":null,"Party_2":null,"Votes_2":"0","Name_3":null,"Party_3":null,"Votes_3":"0","Name_4":null,"Party_4":null,"Votes_4":"0","Name_5":null,"Party_5":null,"Votes_5":"0","Name_6":null,"Party_6":null,"Votes_6":"0","Name_7":null,"Party_7":null,"Votes_7":"0","Votes_total":"237","Pct_1":100,"Pct_2":0,"Pct_3":0,"Pct_4":0,"Pct_5":0,"Pct_6":0,"Pct_7":0,"Margin":100}},
{"type":"Feature","geometry":{"type":"Polygon","coordinates":[[[-119.99315703699989,48.07674676700026],[-119.99290646499975,48.06255806300027],[-120.14041083299972,48.06289767100026],[-120.14040417099996,48.06149240400026],[-120.14079902499981,48.06152500500019],[-120.13290464699978,48.0572193830003],[-120.13143228799979,48.05478165400029],[-120.13499041599988,48.05259540400027],[-120.14037628099982,48.054340862000224],[-120.14890143899991,48.05280812100034],[-120.14719652199975,48.04933722400034],[-120.15046600399978,48.04490131600027],[-120.14685399799997,48.0432816940002],[-120.14675022499982,48.03802838300032],[-120.1440932899998,48.035951136000335],[-120.14096024899982,48.03608932200035],[-120.13441722599978,48.03319568200021],[-120.12180075999986,48.03218842600017],[-120.11909814999984,48.02686340900021],[-120.10226858699973,48.021407471000195],[-120.09539212799973,48.020677288000236],[-120.0901844649999,48.01801174300021],[-120.08284182399979,48.01067839200016],[-120.08244552199977,48.00499407000024],[-120.07808302999985,47.99979089700025],[-120.0800724569998,47.9985948490002],[-120.08107565499996,47.99310222000025],[-120.06379652799983,47.981472344000224],[-120.06306032899978,47.97881344100023],[-120.06959373299978,47.9715494750003],[-120.07010305299995,47.96837131500023],[-120.06656115399971,47.96640482300028],[-120.0612282259998,47.96650525600029],[-120.05381288299981,47.96169640300024],[-120.04865724599972,47.96063483700033],[-119.87550229837096,47.960559489849764],[-119.88716089298876,47.972118555494575],[-119.88688569340403,47.978696555383394],[-119.88898882700428,47.982655089702504],[-119.88335423032565,47.991949757215636],[-119.87950749610903,47.99235915771372],[-119.879027695674,47.99038555699307],[-119.87532382831625,47.99257435797261],[-119.87193409871263,48.00438109212688],[-119.87574083370144,48.017957292486436],[-119.88947984231726,48.03770589288805],[-119.90250033897821,48.05042394513763],[-119.90750170999996,48.04683406700025],[-119.91309665299995,48.0465316760002],[-119.91854464899991,48.047601522000264],[-119.92700505599979,48.05181390300032],[-119.93087667699976,48.05745097500028],[-119.94443067099998,48.0556932470003],[-119.94280943799981,48.06174233700028],[-119.94731137399992,48.06598409800028],[-119.95199532099997,48.06654316200035],[-119.94938103399971,48.070228020000286],[-119.95084714499977,48.076310752000325],[-119.96094580699997,48.072937190000225],[-119.97170664199975,48.07805057300026],[-119.97450673799968,48.07776986600044],[-119.97820521437052,48.074544059064],[-119.98355290799985,48.07735497200019],[-119.99316746771662,48.0784055974924],[-119.99315703699989,48.07674676700026]],[[-119.88666052452083,48.028311858939794],[-119.88528823902733,48.026308363568205],[-119.88935516896947,48.026352593256775],[-119.88927599617307,48.028948391314145],[-119.88666052452083,48.028311858939794]]]},"properties":{"COUNTY":"Okanogan","PRECCODE":2016,"PRECNAME":"Starr","PRECINCT":"Okanogan 2016","DESCRIPTIO":"Pateros Rural West (Alta Lake Golf Course), Pateros Rural South (Starr)","OFFICE":"County Proposition 1","JURISDICTION":"County","RACE":"Okanogan County County Proposition 1","Name_1":"Approved","Party_1":"Yes_1","Votes_1":"173","Name_2":"Rejected","Party_2":"No_1","Votes_2":"1","Name_3":null,"Party_3":null,"Votes_3":"0","Name_4":null,"Party_4":null,"Votes_4":"0","Name_5":null,"Party_5":null,"Votes_5":"0","Name_6":null,"Party_6":null,"Votes_6":"0","Name_7":null,"Party_7":null,"Votes_7":"0","Votes_total":"174","Pct_1":99.43,"Pct_2":0.57,"Pct_3":0,"Pct_4":0,"Pct_5":0,"Pct_6":0,"Pct_7":0,"Margin":98.86}},
{"type":"Feature","geometry":{"type":"Polygon","coordinates":[[[-119.77388113199997,48.11266567000006],[-119.77388077399995,48.11447509300012],[-119.776712052,48.11446842100008],[-119.77671281999987,48.11268410600019],[-119.78716188099999,48.11263333400006],[-119.78709245899995,48.10627362900009],[-119.79051334099987,48.10674252400008],[-119.79253599799992,48.10542979500008],[-119.79233010999997,48.10065241400014],[-119.7897298099999,48.101772029000124],[-119.78973025799993,48.100113907000086],[-119.7896866939999,48.09915152900003],[-119.78826252499994,48.09611510900015],[-119.78819428999996,48.091961088000055],[-119.78974305522556,48.09136521545237],[-119.78647443529927,48.092049507434425],[-119.78457770256159,48.08861197382228],[-119.78472430239198,48.08996610600288],[-119.77884143484872,48.089805708278085],[-119.77635170093637,48.093587573852425],[-119.78072530420927,48.10163284857841],[-119.77756350481829,48.105894707968865],[-119.77214430369816,48.10715937556802],[-119.7682734384357,48.10629210881326],[-119.76634890234162,48.10770031020031],[-119.76667730275102,48.106483375896595],[-119.76577788171663,48.10655845499781],[-119.765775524,48.1126843290001],[-119.77388113199997,48.11266567000006]]]},"properties":{"COUNTY":"Okanogan","PRECCODE":2101,"PRECNAME":"Brewster City","PRECINCT":"Okanogan 2101","DESCRIPTIO":"Brewster","OFFICE":"County Proposition 1","JURISDICTION":"County","RACE":"Okanogan County County Proposition 1","Name_1":"Rejected","Party_1":"No_1","Votes_1":"148","Name_2":"Approved","Party_2":"Yes_1","Votes_2":"120","Name_3":null,"Party_3":null,"Votes_3":"0","Name_4":null,"Party_4":null,"Votes_4":"0","Name_5":null,"Party_5":null,"Votes_5":"0","Name_6":null,"Party_6":null,"Votes_6":"0","Name_7":null,"Party_7":null,"Votes_7":"0","Votes_total":"268","Pct_1":55.22,"Pct_2":44.78,"Pct_3":0,"Pct_4":0,"Pct_5":0,"Pct_6":0,"Pct_7":0,"Margin":10.44}},
{"type":"Feature","geometry":{"type":"Polygon","coordinates":[[[-119.58814241199997,48.366533648000136],[-119.5935187039999,48.36641437300011],[-119.59991079599996,48.36546404200009],[-119.59632010899998,48.364534681],[-119.59492228899994,48.35920426500007],[-119.59770086199988,48.35917697000019],[-119.59767789099986,48.35744232900009],[-119.59582522699995,48.357460614000104],[-119.59584965999994,48.35580223900013],[-119.60104936299996,48.355575814000126],[-119.60186960299997,48.35523473300009],[-119.60214166399996,48.35465592200006],[-119.60118116399991,48.35419149300008],[-119.60253391099985,48.35351626300018],[-119.60016942699994,48.351644891000035],[-119.604372179,48.34804253500005],[-119.60182326099992,48.345867610000134],[-119.59364010599988,48.353184155000065],[-119.59613552199988,48.35570786100015],[-119.58887214799995,48.3576933590001],[-119.58634599499999,48.36068829200019],[-119.58311458399999,48.363255080000094],[-119.58171695899989,48.36438356000002],[-119.58555607699994,48.366525604000174],[-119.58814241199997,48.366533648000136]]]},"properties":{"COUNTY":"Okanogan","PRECCODE":2103,"PRECNAME":"Okanogan City 4","PRECINCT":"Okanogan 2103","DESCRIPTIO":"Okanogan Southwest (Okanogan High School, Virginia Granger Elementary School)","OFFICE":"County Proposition 1","JURISDICTION":"County","RACE":"Okanogan County County Proposition 1","Name_1":"Approved","Party_1":"Yes_1","Votes_1":"349","Name_2":"Rejected","Party_2":"No_1","Votes_2":"137","Name_3":null,"Party_3":null,"Votes_3":"0","Name_4":null,"Party_4":null,"Votes_4":"0","Name_5":null,"Party_5":null,"Votes_5":"0","Name_6":null,"Party_6":null,"Votes_6":"0","Name_7":null,"Party_7":null,"Votes_7":"0","Votes_total":"486","Pct_1":71.81,"Pct_2":28.19,"Pct_3":0,"Pct_4":0,"Pct_5":0,"Pct_6":0,"Pct_7":0,"Margin":43.62}},
{"type":"Feature","geometry":{"type":"Polygon","coordinates":[[[-119.88496948799994,48.06147367900007],[-119.88221938499998,48.06333719400015],[-119.88772603199997,48.061442529000146],[-119.8944803899999,48.062494396000034],[-119.90194979499994,48.05592399600016],[-119.90555889399997,48.054469236000045],[-119.91167116099997,48.05528318300014],[-119.91173667299994,48.05167279900002],[-119.9143177509999,48.051663912000095],[-119.91147791299994,48.049577261000195],[-119.91407549899989,48.04839052700004],[-119.918505085,48.04983120900005],[-119.91854464899995,48.047601522000036],[-119.90750170999996,48.04683406700007],[-119.89499024693204,48.05654295939105],[-119.88496948799994,48.06147367900007]]]},"properties":{"COUNTY":"Okanogan","PRECCODE":2105,"PRECNAME":"Pateros City","PRECINCT":"Okanogan 2105","DESCRIPTIO":"Pateros","OFFICE":"County Proposition 1","JURISDICTION":"County","RACE":"Okanogan County County Proposition 1","Name_1":"Rejected","Party_1":"No_1","Votes_1":"198","Name_2":"Approved","Party_2":"Yes_1","Votes_2":"2","Name_3":null,"Party_3":null,"Votes_3":"0","Name_4":null,"Party_4":null,"Votes_4":"0","Name_5":null,"Party_5":null,"Votes_5":"0","Name_6":null,"Party_6":null,"Votes_6":"0","Name_7":null,"Party_7":null,"Votes_7":"0","Votes_total":"200","Pct_1":99,"Pct_2":1,"Pct_3":0,"Pct_4":0,"Pct_5":0,"Pct_6":0,"Pct_7":0,"Margin":98}},
{"type":"Feature","geometry":{"type":"Polygon","coordinates":[[[-120.10350914099996,48.35736886600018],[-120.10301202199999,48.358688576000134],[-120.10631553799998,48.35960088900003],[-120.10631422599998,48.363244730000126],[-120.1117561149999,48.36329242300007],[-120.11175400899992,48.36512148500009],[-120.11641285399998,48.36514957200017],[-120.1165927089999,48.36536190200018],[-120.117604671,48.36699422400005],[-120.11656483999992,48.36698502600017],[-120.11765204699998,48.36804425400003],[-120.11772509899997,48.374200116000104],[-120.12268787799991,48.3742396900002],[-120.12518613599994,48.370472432000035],[-120.13346459199994,48.37052293400018],[-120.13351195099995,48.367056460000065],[-120.13327538899996,48.367056567000134],[-120.13329219699989,48.36534425600012],[-120.13215409399997,48.36537133100017],[-120.13077378599995,48.36522989700018],[-120.119085343,48.36522313100016],[-120.1174741479999,48.359925515000036],[-120.10350914099996,48.35736886600018]]]},"properties":{"COUNTY":"Okanogan","PRECCODE":2106,"PRECNAME":"Twisp Town North","PRECINCT":"Okanogan 2106","DESCRIPTIO":"Twisp North (Burgar Street, Twisp Avenue, Twisp Gardens Apartments) & East (Bridge Street)","OFFICE":"County Proposition 1","JURISDICTION":"County","RACE":"Okanogan County County Proposition 1","Name_1":"Rejected","Party_1":"No_1","Votes_1":"1","Name_2":null,"Party_2":null,"Votes_2":"0","Name_3":null,"Party_3":null,"Votes_3":"0","Name_4":null,"Party_4":null,"Votes_4":"0","Name_5":null,"Party_5":null,"Votes_5":"0","Name_6":null,"Party_6":null,"Votes_6":"0","Name_7":null,"Party_7":null,"Votes_7":"0","Votes_total":"1","Pct_1":100,"Pct_2":0,"Pct_3":0,"Pct_4":0,"Pct_5":0,"Pct_6":0,"Pct_7":0,"Margin":100}},
{"type":"Feature","geometry":{"type":"Polygon","coordinates":[[[-120.17921730499997,48.4614265400001],[-120.16895886499996,48.46139609900018],[-120.17085389499994,48.46552137300005],[-120.16722661799992,48.46749399300006],[-120.17080842199998,48.46933308300015],[-120.16703579899995,48.46856885800008],[-120.16761813599999,48.470380362],[-120.176282233,48.47752284100011],[-120.1762669809999,48.483170023000184],[-120.18722727299993,48.48378027400014],[-120.1872071939999,48.480527950000116],[-120.1873685299999,48.47991498500017],[-120.1873206199999,48.479709467000184],[-120.18697766699991,48.47798912300015],[-120.18688231199991,48.47776710200015],[-120.19546524531754,48.479592465242206],[-120.1914425013614,48.47593142672758],[-120.18738907599794,48.47592436287385],[-120.18647995999993,48.47738304900008],[-120.17906333999989,48.47464400400002],[-120.18155911799984,48.47362724400012],[-120.18019059699994,48.47212726500004],[-120.187104102,48.47161897400019],[-120.18707463299984,48.46871203900008],[-120.18544285099989,48.46870757400017],[-120.1854738279999,48.46861810200005],[-120.185526499,48.46151143400004],[-120.17921730499997,48.4614265400001]]]},"properties":{"COUNTY":"Okanogan","PRECCODE":2108,"PRECNAME":"Winthrop Town","PRECINCT":"Okanogan 2108","DESCRIPTIO":"Winthrop","OFFICE":"County Proposition 1","JURISDICTION":"County","RACE":"Okanogan County County Proposition 1","Name_1":"Approved","Party_1":"Yes_1","Votes_1":"120","Name_2":null,"Party_2":null,"Votes_2":"0","Name_3":null,"Party_3":null,"Votes_3":"0","Name_4":null,"Party_4":null,"Votes_4":"0","Name_5":null,"Party_5":null,"Votes_5":"0","Name_6":null,"Party_6":null,"Votes_6":"0","Name_7":null,"Party_7":null,"Votes_7":"0","Votes_total":"120","Pct_1":100,"Pct_2":0,"Pct_3":0,"Pct_4":0,"Pct_5":0,"Pct_6":0,"Pct_7":0,"Margin":100}},
{"type":"Feature","geometry":{"type":"Polygon","coordinates":[[[-120.17637678399996,48.46811735800003],[-120.17744017799998,48.46862794400005],[-120.17744650499998,48.468123424000055],[-120.17637678399996,48.46811735800003]]]},"properties":{"COUNTY":"Okanogan","PRECCODE":2201,"PRECNAME":"Winthrop Island West","PRECINCT":"Okanogan 2201","DESCRIPTIO":"Unincorporated SW Winthrop (Friendship Alliance Church)","OFFICE":"County Proposition 1","JURISDICTION":"County","RACE":"Okanogan County County Proposition 1","Name_1":"Rejected","Party_1":"No_1","Votes_1":"145","Name_2":"Approved","Party_2":"Yes_1","Votes_2":"70","Name_3":null,"Party_3":null,"Votes_3":"0","Name_4":null,"Party_4":null,"Votes_4":"0","Name_5":null,"Party_5":null,"Votes_5":"0","Name_6":null,"Party_6":null,"Votes_6":"0","Name_7":null,"Party_7":null,"Votes_7":"0","Votes_total":"215","Pct_1":67.44,"Pct_2":32.56,"Pct_3":0,"Pct_4":0,"Pct_5":0,"Pct_6":0,"Pct_7":0,"Margin":34.88}},
{"type":"Feature","geometry":{"type":"Polygon","coordinates":[[[-120.17284798799994,48.468363630000056],[-120.17432019599994,48.46862384200005],[-120.17357692499992,48.46800405900006],[-120.17284798799994,48.468363630000056]]]},"properties":{"COUNTY":"Okanogan","PRECCODE":2202,"PRECNAME":"Winthrop Island East","PRECINCT":"Okanogan 2202","DESCRIPTIO":"Unincorporated SE Winthrop (Wastewater Plant-Riverside Parcel)","OFFICE":"County Proposition 1","JURISDICTION":"County","RACE":"Okanogan County County Proposition 1","Name_1":"Approved","Party_1":"Yes_1","Votes_1":"256","Name_2":"Rejected","Party_2":"No_1","Votes_2":"94","Name_3":null,"Party_3":null,"Votes_3":"0","Name_4":null,"Party_4":null,"Votes_4":"0","Name_5":null,"Party_5":null,"Votes_5":"0","Name_6":null,"Party_6":null,"Votes_6":"0","Name_7":null,"Party_7":null,"Votes_7":"0","Votes_total":"350","Pct_1":73.14,"Pct_2":26.86,"Pct_3":0,"Pct_4":0,"Pct_5":0,"Pct_6":0,"Pct_7":0,"Margin":46.28}},
{"type":"Feature","geometry":{"type":"Polygon","coordinates":[[[-119.71141628399998,48.104097796000076],[-119.71139845999996,48.105625787000065],[-119.72868315899994,48.10517833800004],[-119.72867787799997,48.10374155900007],[-119.720616164,48.10303691200005],[-119.717669513,48.10311317300005],[-119.71767141199996,48.10366181800003],[-119.71521677299995,48.10399963300005],[-119.71141628399998,48.104097796000076]]]},"properties":{"COUNTY":"Okanogan","PRECCODE":2301,"PRECNAME":"Brewster Airport","PRECINCT":"Okanogan 2301","DESCRIPTIO":"Brewster Outlying East (Anderson Field Airport)","OFFICE":"County Proposition 1","JURISDICTION":"County","RACE":"Okanogan County County Proposition 1","Name_1":"Rejected","Party_1":"No_1","Votes_1":"560","Name_2":"Approved","Party_2":"Yes_1","Votes_2":"1","Name_3":null,"Party_3":null,"Votes_3":"0","Name_4":null,"Party_4":null,"Votes_4":"0","Name_5":null,"Party_5":null,"Votes_5":"0","Name_6":null,"Party_6":null,"Votes_6":"0","Name_7":null,"Party_7":null,"Votes_7":"0","Votes_total":"561","Pct_1":99.82,"Pct_2":0.18,"Pct_3":0,"Pct_4":0,"Pct_5":0,"Pct_6":0,"Pct_7":0,"Margin":99.64}},
{"type":"Feature","geometry":{"type":"Polygon","coordinates":[[[-120.09796264199997,48.35310366600004],[-120.09956755699992,48.35311388500003],[-120.09970750899998,48.35072567100008],[-120.09817712199997,48.34896132500007],[-120.08711654099994,48.34864980600002],[-120.09796264199997,48.35310366600004]]]},"properties":{"COUNTY":"Okanogan","PRECCODE":2302,"PRECNAME":"Twisp Airport","PRECINCT":"Okanogan 2302","DESCRIPTIO":"Twisp Outlying Southeast (Twisp Municipal Airport)","OFFICE":"County Proposition 1","JURISDICTION":"County","RACE":"Okanogan County County Proposition 1","Name_1":"Rejected","Party_1":"No_1","Votes_1":"10","Name_2":"Approved","Party_2":"Yes_1","Votes_2":"1","Name_3":null,"Party_3":null,"Votes_3":"0","Name_4":null,"Party_4":null,"Votes_4":"0","Name_5":null,"Party_5":null,"Votes_5":"0","Name_6":null,"Party_6":null,"Votes_6":"0","Name_7":null,"Party_7":null,"Votes_7":"0","Votes_total":"11","Pct_1":90.91,"Pct_2":9.09,"Pct_3":0,"Pct_4":0,"Pct_5":0,"Pct_6":0,"Pct_7":0,"Margin":81.82}},
{"type":"Feature","geometry":{"type":"Polygon","coordinates":[[[-119.60447839427793,48.35697928528998],[-119.60462742605063,48.357197542037056],[-119.60842864945221,48.35719209078019],[-119.60839928943155,48.35411752632631],[-119.60661444941748,48.35410020484994],[-119.60447839427793,48.35697928528998]]]},"properties":{"COUNTY":"Okanogan","PRECCODE":2401,"PRECNAME":"Okanogan Cemetery","PRECINCT":"Okanogan 2401","DESCRIPTIO":"Okanogan Outlying Southwest (Okanogan Cemetery)","OFFICE":"County Proposition 1","JURISDICTION":"County","RACE":"Okanogan County County Proposition 1","Name_1":"Approved","Party_1":"Yes_1","Votes_1":"1","Name_2":null,"Party_2":null,"Votes_2":"0","Name_3":null,"Party_3":null,"Votes_3":"0","Name_4":null,"Party_4":null,"Votes_4":"0","Name_5":null,"Party_5":null,"Votes_5":"0","Name_6":null,"Party_6":null,"Votes_6":"0","Name_7":null,"Party_7":null,"Votes_7":"0","Votes_total":"1","Pct_1":100,"Pct_2":0,"Pct_3":0,"Pct_4":0,"Pct_5":0,"Pct_6":0,"Pct_7":0,"Margin":100}},
{"type":"Feature","geometry":{"type":"Polygon","coordinates":[[[-119.88528752125427,48.026347426421694],[-119.88701981551426,48.02894609137405],[-119.88927599617311,48.02894839131403],[-119.88935516896953,48.026352593256654],[-119.88528823902737,48.0263083635681],[-119.88528752125427,48.026347426421694]]]},"properties":{"COUNTY":"Okanogan","PRECCODE":2501,"PRECNAME":"Pateros City Quarry","PRECINCT":"Okanogan 2501","DESCRIPTIO":"Pateros Outlying South (Pateros City Quarry)","OFFICE":"County Proposition 1","JURISDICTION":"County","RACE":"Okanogan County County Proposition 1","Name_1":"Approved","Party_1":"Yes_1","Votes_1":"173","Name_2":null,"Party_2":null,"Votes_2":"0","Name_3":null,"Party_3":null,"Votes_3":"0","Name_4":null,"Party_4":null,"Votes_4":"0","Name_5":null,"Party_5":null,"Votes_5":"0","Name_6":null,"Party_6":null,"Votes_6":"0","Name_7":null,"Party_7":null,"Votes_7":"0","Votes_total":"173","Pct_1":100,"Pct_2":0,"Pct_3":0,"Pct_4":0,"Pct_5":0,"Pct_6":0,"Pct_7":0,"Margin":100}},
{"type":"Feature","geometry":{"type":"Polygon","coordinates":[[[-119.70175348799995,48.99801079400009],[-119.70231167199995,49.00003298600006],[-120.03757087199993,48.99988361000015],[-120.03722229396188,48.683663055265576],[-119.6691663479999,48.68317709800004],[-119.66952802299994,48.741309918000134],[-119.49456469999991,48.74147599400015],[-119.49497711299995,48.80835226300007],[-119.50555397499996,48.81248704500006],[-119.5075073453519,48.818526224474454],[-119.5053073503359,48.81836513033357],[-119.5053935402833,48.83254410905146],[-119.5032181382043,48.838334997946106],[-119.49625832599236,48.84534675448293],[-119.49990275999987,48.85719546600029],[-119.52247697799994,48.857223520000105],[-119.52261304699982,48.87179587600025],[-119.53894760999981,48.87180273600023],[-119.53888900699997,48.886327245000246],[-119.56091524599992,48.88630161900022],[-119.56100771899986,48.91573752200014],[-119.62406039499987,48.91580339700017],[-119.62447676499988,48.92873098900009],[-119.65429476999992,48.92873198600005],[-119.65624377299991,48.93815998600012],[-119.66852477499997,48.93717198500019],[-119.666842826,48.94473151600011],[-119.67129135099998,48.94319851200009],[-119.67220786199996,48.94334727200015],[-119.67290479399998,48.94370813600016],[-119.6737518359999,48.94456576099998],[-119.67410752999996,48.94599240700012],[-119.676725859,48.94764551600019],[-119.67968018699997,48.9465196700001],[-119.67970177999992,48.95045098400015],[-119.68847778199995,48.95044998300016],[-119.69177717699989,48.955214038000065],[-119.70142278699994,48.96166998300016],[-119.7028903939999,48.962469613000046],[-119.70822594999991,48.96307466500002],[-119.709764679,48.96500470500001],[-119.70995120999993,48.96696141300009],[-119.70817584099994,48.97345423600006],[-119.70522824499987,48.97549699600017],[-119.70525348699998,48.977381417],[-119.70837568299999,48.98163068800017],[-119.71721644199995,48.98446582700018],[-119.717309318,48.98741328900013],[-119.71604530399998,48.98872234500009],[-119.71420543099998,48.98903072600012],[-119.71080925399997,48.988509965000105],[-119.70571679699995,48.985986832000144],[-119.70213110099998,48.98752682100014],[-119.70175348799995,48.99801079400009]],[[-119.55387963934758,48.808489374468444],[-119.5430970386084,48.81006824251484],[-119.53634016986177,48.81325857736669],[-119.53191596902109,48.81229417736544],[-119.5267003681306,48.81529724440044],[-119.52186663504921,48.8153851784552],[-119.52965343363628,48.81095824511624],[-119.5370129714943,48.81006797755449],[-119.54758997142066,48.806019241752],[-119.55681563968572,48.805527441588254],[-119.58024717747976,48.8153244385743],[-119.57145377730401,48.815215239640644],[-119.5692264441016,48.81300643966381],[-119.55387963934758,48.808489374468444]],[[-119.62619920360521,48.88373083748298],[-119.62396700451023,48.88840377139781],[-119.62728247292881,48.89118963794439],[-119.62762687482707,48.89555417181014],[-119.63202880980089,48.902480372118156],[-119.63802441148371,48.903198837724446],[-119.6469492112463,48.90151816924263],[-119.65637881497639,48.90351396883727],[-119.65548541730317,48.91183903582201],[-119.65164828438223,48.91308897040745],[-119.64698721497723,48.91073103779886],[-119.64684088232967,48.91382037025794],[-119.64179608183485,48.91684237045055],[-119.6363856827925,48.91481497068578],[-119.62374261354447,48.91541863996099],[-119.6130144092589,48.90861803964396],[-119.60900580699975,48.90260757391248],[-119.60898200434994,48.88932903949973],[-119.605933868664,48.88372957268275],[-119.60821906650274,48.879188171575954],[-119.61078106591832,48.87677277172757],[-119.62074506730319,48.87395617057977],[-119.62352900347256,48.879515038282605],[-119.62776927155087,48.88023763724954],[-119.62619920360521,48.88373083748298]]]},"properties":{"COUNTY":"Okanogan","PRECCODE":3001,"PRECNAME":"Loomis Wilderness","PRECINCT":"Okanogan 3001","DESCRIPTIO":"Oroville Rural Far West (Loomis, Spectacle Lake, Palmer Lake, Chopaka Mountain)","OFFICE":"County Proposition 1","JURISDICTION":"County","RACE":"Okanogan County County Proposition 1","Name_1":"Rejected","Party_1":"No_1","Votes_1":"89","Name_2":"Approved","Party_2":"Yes_1","Votes_2":"49","Name_3":null,"Party_3":null,"Votes_3":"0","Name_4":null,"Party_4":null,"Votes_4":"0","Name_5":null,"Party_5":null,"Votes_5":"0","Name_6":null,"Party_6":null,"Votes_6":"0","Name_7":null,"Party_7":null,"Votes_7":"0","Votes_total":"138","Pct_1":64.49,"Pct_2":35.51,"Pct_3":0,"Pct_4":0,"Pct_5":0,"Pct_6":0,"Pct_7":0,"Margin":28.98}},
{"type":"Feature","geometry":{"type":"Polygon","coordinates":[[[-119.47360431599989,48.99175163100017],[-119.47338640399973,49.00009872500032],[-119.70231167199985,49.00003298600018],[-119.7021311009999,48.98752682100019],[-119.7057167969999,48.985986832000265],[-119.71080925399991,48.98850996500022],[-119.71604530399998,48.988722345000156],[-119.71730931799992,48.98741328900025],[-119.7172164419998,48.984465827000236],[-119.70837568299994,48.98163068800022],[-119.70525348699988,48.97738141700012],[-119.70522824499983,48.97549699600024],[-119.7081758409999,48.973454236000116],[-119.70937264299985,48.96944439100031],[-119.7099512099998,48.966961413000206],[-119.709764679,48.96500470500012],[-119.7089731679999,48.96371773600014],[-119.70822594999987,48.96307466500013],[-119.70645351799988,48.962564480000076],[-119.70289039399985,48.96246961300016],[-119.7014227869999,48.961669983000256],[-119.69177717699979,48.95521403800012],[-119.6884777819999,48.95044998300022],[-119.67970177999982,48.950450984000206],[-119.67968018699992,48.946519670000214],[-119.676725859,48.94764551600024],[-119.67410752999992,48.945992407000176],[-119.67375183599975,48.944565761000085],[-119.67220786199996,48.94334727200027],[-119.67129135099994,48.94319851200021],[-119.67091018899993,48.94337389800012],[-119.66927080699993,48.94474838600018],[-119.66684282599994,48.94473151600022],[-119.66852477499991,48.93717198500025],[-119.65624377299986,48.938159986000244],[-119.65429476999981,48.928731986000116],[-119.62447676499984,48.92873098900014],[-119.62406039499982,48.91580339700022],[-119.56100771899992,48.9157375220002],[-119.56091524599992,48.886301619000164],[-119.53888900699997,48.886327245000125],[-119.53894760999984,48.87180273600018],[-119.5226130469999,48.87179587600013],[-119.52247697799987,48.85722352000022],[-119.47305568399993,48.85735847200016],[-119.47383146699991,48.84316100900008],[-119.45160349199988,48.843266528000186],[-119.45157238799992,48.828647598000146],[-119.42299431399994,48.82869203700016],[-119.42321592599991,48.83712523800011],[-119.42720993099991,48.84176062500024],[-119.42916284199981,48.849706024000106],[-119.43998481299984,48.86319105100022],[-119.44006822399989,48.87064738000015],[-119.44527107799998,48.88582700600022],[-119.44526256199994,48.90177582000018],[-119.44263389099989,48.912738416000195],[-119.44493303399997,48.923705726000094],[-119.44249990699983,48.93045873000017],[-119.44386461599987,48.933044801000214],[-119.44193763599985,48.93479172200023],[-119.44779032499977,48.94041007200025],[-119.44329972899985,48.93971199300029],[-119.44544947699987,48.942130887000246],[-119.44538087343227,48.95217685825224],[-119.45085291599999,48.95235402100018],[-119.45093238199996,48.966491916000166],[-119.45698615299992,48.96641257800019],[-119.45751140899995,48.98099172900003],[-119.47345114099987,48.98086004400005],[-119.47344531399993,48.981888712000114],[-119.47420789899994,48.979699083000185],[-119.47930655499995,48.98019790000018],[-119.476202754,48.99193952500008],[-119.47360431599989,48.99175163100017]],[[-119.51234298151418,48.87767438353107],[-119.51307464703241,48.86788738313929],[-119.51605058085093,48.8673907820686],[-119.51895544964854,48.872095048738615],[-119.51702238366667,48.87705078256453],[-119.52191765176104,48.87875224838741],[-119.52404325320391,48.88509284949035],[-119.52727858698408,48.88676818257334],[-119.52458238839493,48.88890524882267],[-119.52100225499089,48.889217050294],[-119.52224005515026,48.894741649915616],[-119.51871518856781,48.895411984088824],[-119.51693165375606,48.89780018349516],[-119.5147461875159,48.89704604994518],[-119.5156828525992,48.88354798344188],[-119.51274044997365,48.88200205102608],[-119.51234298151418,48.87767438353107]]]},"properties":{"COUNTY":"Okanogan","PRECCODE":3002,"PRECNAME":"Nighthawk","PRECINCT":"Okanogan 3002","DESCRIPTIO":"Oroville Rural West (Golden Road, Wannacut Lake, Nighthawk)","OFFICE":"County Proposition 1","JURISDICTION":"County","RACE":"Okanogan County County Proposition 1","Name_1":"Approved","Party_1":"Yes_1","Votes_1":"340","Name_2":"Rejected","Party_2":"No_1","Votes_2":"98","Name_3":null,"Party_3":null,"Votes_3":"0","Name_4":null,"Party_4":null,"Votes_4":"0","Name_5":null,"Party_5":null,"Votes_5":"0","Name_6":null,"Party_6":null,"Votes_6":"0","Name_7":null,"Party_7":null,"Votes_7":"0","Votes_total":"438","Pct_1":77.63,"Pct_2":22.37,"Pct_3":0,"Pct_4":0,"Pct_5":0,"Pct_6":0,"Pct_7":0,"Margin":55.26}},
{"type":"Feature","geometry":{"type":"MultiPolygon","coordinates":[[[[-119.44158100199998,48.96574116700003],[-119.44119997799999,48.96597103700003],[-119.44188799202824,48.96637431559137],[-119.44158100199998,48.96574116700003]]],[[[-119.43629054499993,48.95094238000013],[-119.43625948499995,48.95206884000003],[-119.43376626182497,48.95203938533502],[-119.43558758588314,48.95537940731174],[-119.44207618692845,48.958012331212736],[-119.4424084458492,48.963863235282815],[-119.44069056499995,48.96435865500007],[-119.44102113099997,48.96460105100004],[-119.44181935899996,48.96433910700006],[-119.44208609099998,48.96413940900004],[-119.44223121699997,48.96457783500006],[-119.44259444699995,48.96456259900003],[-119.44352312899993,48.966352270000066],[-119.44225120438274,48.967086914187284],[-119.44816212471608,48.97421320760482],[-119.44933207163251,48.98064833220566],[-119.45356040717678,48.984138723824614],[-119.4527433410341,48.98802507615343],[-119.45533301518294,48.98849127822305],[-119.45346552738175,48.99286830661518],[-119.44696703838797,48.994562793650125],[-119.45776242941923,48.998075648296116],[-119.45805333558509,49.00008696531546],[-119.47338640399968,49.00009872500044],[-119.47360431599989,48.991751631000284],[-119.47620275399991,48.99193952500019],[-119.47930655499987,48.9801979000003],[-119.47420789899988,48.9796990830003],[-119.47344531399989,48.98188871200017],[-119.47345114099983,48.980860044000174],[-119.45751140899995,48.98099172900015],[-119.45698615299986,48.966412578000245],[-119.45093238199996,48.96649191600028],[-119.45085291599989,48.9523540210003],[-119.44538087343227,48.95217685825236],[-119.44539317399996,48.94862471800036],[-119.43607018599994,48.948505698000474],[-119.43648480599995,48.949743666000074],[-119.43519823499999,48.949862436000096],[-119.43629054499993,48.95094238000013]]]]},"properties":{"COUNTY":"Okanogan","PRECCODE":3003,"PRECNAME":"Westlake","PRECINCT":"Okanogan 3003","DESCRIPTIO":"Oroville Rural North (Westlake Road, Boundary Point)","OFFICE":"County Proposition 1","JURISDICTION":"County","RACE":"Okanogan County County Proposition 1","Name_1":"Rejected","Party_1":"No_1","Votes_1":"16","Name_2":"Approved","Party_2":"Yes_1","Votes_2":"2","Name_3":null,"Party_3":null,"Votes_3":"0","Name_4":null,"Party_4":null,"Votes_4":"0","Name_5":null,"Party_5":null,"Votes_5":"0","Name_6":null,"Party_6":null,"Votes_6":"0","Name_7":null,"Party_7":null,"Votes_7":"0","Votes_total":"18","Pct_1":88.89,"Pct_2":11.11,"Pct_3":0,"Pct_4":0,"Pct_5":0,"Pct_6":0,"Pct_7":0,"Margin":77.78}},
{"type":"Feature","geometry":{"type":"Polygon","coordinates":[[[-118.98813508199993,49.000100278000154],[-119.098187823,49.000185805],[-119.09782479499997,48.93866553900011],[-119.08875054899991,48.93805661100003],[-119.08560389799999,48.936264435000055],[-119.088145754,48.933557280000166],[-119.1033008949999,48.929676118000025],[-119.11007951099998,48.92967134700007],[-119.12084377999996,48.93319656500006],[-119.128992746,48.93314685400014],[-119.13809226799998,48.92817533600003],[-119.15876382799995,48.92572643200008],[-119.17076418399988,48.91724330200003],[-119.1909151079999,48.91335469700004],[-119.21493186999994,48.91430345300006],[-119.23597239199992,48.90797834900019],[-119.23894700799991,48.911252725000054],[-119.25273425899991,48.91584695300003],[-119.27387142899988,48.921899458000155],[-119.2902632439999,48.923331264000126],[-119.30628602099996,48.93079350000011],[-119.40803485099991,48.93053923000019],[-119.4073607969999,48.87268426800017],[-119.3855288647293,48.87246801659102],[-119.3855749569999,48.85791346300027],[-119.36351057299991,48.8578966310003],[-119.32017852299992,48.85798925100016],[-119.27610884799991,48.85799907800014],[-119.18747478599992,48.85673251600019],[-119.165391662,48.856627557000074],[-119.16534473399992,48.84213599200017],[-119.07626779799992,48.841885114000036],[-119.07629949399991,48.87120191700018],[-119.01074274199993,48.87131271100015],[-119.01069736799988,48.856525905],[-118.96689238199988,48.85640353400015],[-118.9664616049999,48.94370208100015],[-118.988132571,48.94369566700016],[-118.98813508199993,49.000100278000154]]]},"properties":{"COUNTY":"Okanogan","PRECCODE":3006,"PRECNAME":"Chesaw","PRECINCT":"Okanogan 3006","DESCRIPTIO":"Oroville Rural Farther East (Chesaw, Myers Creek, Kipling Cemetery), Oroville Rural Far Southeast","OFFICE":"County Proposition 1","JURISDICTION":"County","RACE":"Okanogan County County Proposition 1","Name_1":"Approved","Party_1":"Yes_1","Votes_1":"2","Name_2":null,"Party_2":null,"Votes_2":"0","Name_3":null,"Party_3":null,"Votes_3":"0","Name_4":null,"Party_4":null,"Votes_4":"0","Name_5":null,"Party_5":null,"Votes_5":"0","Name_6":null,"Party_6":null,"Votes_6":"0","Name_7":null,"Party_7":null,"Votes_7":"0","Votes_total":"2","Pct_1":100,"Pct_2":0,"Pct_3":0,"Pct_4":0,"Pct_5":0,"Pct_6":0,"Pct_7":0,"Margin":100}},
{"type":"Feature","geometry":{"type":"Polygon","coordinates":[[[-118.86999763299997,48.626204728],[-118.86984666199997,48.65371111600007],[-118.83640988299993,48.65370335200009],[-118.83662778199994,49.00012970299997],[-118.98813508199993,49.000100278000154],[-118.988132571,48.94369566700016],[-118.9664616049999,48.94370208100015],[-118.96689238199988,48.85640353400015],[-119.01069736799988,48.856525905],[-119.01074274199993,48.87131271100015],[-119.07629949399991,48.87120191700018],[-119.07626779799992,48.841885114000036],[-119.07767718999997,48.82752775900001],[-119.09948157899998,48.827655400000026],[-119.0996304939999,48.81268762300016],[-119.09990111199988,48.74018015300015],[-119.12185941699995,48.740413333000106],[-119.14366027199998,48.74061523400019],[-119.14361715099996,48.726395373],[-119.14371766699993,48.69750886300005],[-119.12182699699991,48.697479623000106],[-119.10009781199986,48.69766131700004],[-119.0121141819999,48.69709907500004],[-119.01215515799998,48.68236730100005],[-118.96835249899995,48.68261756700019],[-118.96854769199996,48.65372534400017],[-118.95747528899994,48.65373501600005],[-118.91362836399998,48.65364922000009],[-118.91353134199993,48.62625079600008],[-118.86999763299997,48.626204728]]]},"properties":{"COUNTY":"Okanogan","PRECCODE":3007,"PRECNAME":"Ferry PUD","PRECINCT":"Okanogan 3007","DESCRIPTIO":"Republic Rural Far West (Wauconda) & Far Northwest (Old Toroda, Bodie), Tonasket Rural Farthest East","OFFICE":"County Proposition 1","JURISDICTION":"County","RACE":"Okanogan County County Proposition 1","Name_1":"Approved","Party_1":"Yes_1","Votes_1":"331","Name_2":"Rejected","Party_2":"No_1","Votes_2":"99","Name_3":null,"Party_3":null,"Votes_3":"0","Name_4":null,"Party_4":null,"Votes_4":"0","Name_5":null,"Party_5":null,"Votes_5":"0","Name_6":null,"Party_6":null,"Votes_6":"0","Name_7":null,"Party_7":null,"Votes_7":"0","Votes_total":"430","Pct_1":76.98,"Pct_2":23.02,"Pct_3":0,"Pct_4":0,"Pct_5":0,"Pct_6":0,"Pct_7":0,"Margin":53.96}},
{"type":"Feature","geometry":{"type":"Polygon","coordinates":[[[-119.441241892,48.9257730390001],[-119.44125163499992,48.92712271500005],[-119.44088420799989,48.9282313170001],[-119.44066686799995,48.929327990000154],[-119.44051419399989,48.93094781100017],[-119.44062508299994,48.93206053600011],[-119.44193763599989,48.93479172200016],[-119.44386461599991,48.93304480100011],[-119.44249990699988,48.93045873000011],[-119.44493303399997,48.92370572600004],[-119.44263389099993,48.91273841600013],[-119.44526256199988,48.90177582000007],[-119.44527107799998,48.88582700600011],[-119.44006822399994,48.87064738000003],[-119.43998481299994,48.863191051000115],[-119.42916284199991,48.849706024],[-119.42720993099996,48.84176062500012],[-119.42321592599997,48.837125238],[-119.422994314,48.8286920370001],[-119.40762853999996,48.82869256300012],[-119.40763101299989,48.82893726500014],[-119.385687465,48.82928263700011],[-119.38551115899986,48.84354837300025],[-119.36363819799992,48.84312698100001],[-119.36351057299991,48.8578966310003],[-119.3855749569999,48.85791346300027],[-119.3855288647293,48.87246801659102],[-119.4073607969999,48.87268426800017],[-119.40803485099991,48.93053923000019],[-119.42103402699998,48.93149959400006],[-119.42112834599996,48.93131254500013],[-119.42148361099996,48.931142569000144],[-119.42105165099991,48.928540172000176],[-119.4208248989999,48.92816737200007],[-119.42340809199993,48.92481529000002],[-119.42343734599993,48.93116756400013],[-119.42372998699994,48.932320106000134],[-119.43042598499996,48.93097579099998],[-119.42998290499992,48.929084464000084],[-119.43041830399989,48.92785490400012],[-119.43396845399992,48.927765953000176],[-119.43500139499999,48.925463528000186],[-119.43497142799988,48.92494314700019],[-119.43746516199998,48.92488049700017],[-119.43747133799997,48.924983352000034],[-119.438976906,48.92495055600016],[-119.43891993099999,48.92382918600015],[-119.44074037599994,48.92453164000017],[-119.441241892,48.9257730390001]]]},"properties":{"COUNTY":"Okanogan","PRECCODE":3008,"PRECNAME":"South Oroville","PRECINCT":"Okanogan 3008","DESCRIPTIO":"Oroville Rural South (Cordell, Oroville Bridge)","OFFICE":"County Proposition 1","JURISDICTION":"County","RACE":"Okanogan County County Proposition 1","Name_1":"Rejected","Party_1":"No_1","Votes_1":"437","Name_2":"Approved","Party_2":"Yes_1","Votes_2":"6","Name_3":null,"Party_3":null,"Votes_3":"0","Name_4":null,"Party_4":null,"Votes_4":"0","Name_5":null,"Party_5":null,"Votes_5":"0","Name_6":null,"Party_6":null,"Votes_6":"0","Name_7":null,"Party_7":null,"Votes_7":"0","Votes_total":"443","Pct_1":98.65,"Pct_2":1.35,"Pct_3":0,"Pct_4":0,"Pct_5":0,"Pct_6":0,"Pct_7":0,"Margin":97.3}},
{"type":"Feature","geometry":{"type":"Polygon","coordinates":[[[-119.18747478599992,48.85673251600019],[-119.27610884799991,48.85799907800014],[-119.32017852299992,48.85798925100016],[-119.36351057299991,48.85789663100014],[-119.36363819799992,48.84312698100001],[-119.38551115899999,48.84354837300009],[-119.38569481599995,48.82869708300017],[-119.38567504699995,48.7852653060001],[-119.36383757199992,48.785384070000134],[-119.34132573099998,48.785154619000075],[-119.34129651899998,48.77793787400008],[-119.32492789499997,48.7779277140001],[-119.32483555300024,48.78523457681268],[-119.31933779899992,48.78534039400023],[-119.2983871979998,48.78520239100009],[-119.2755761869999,48.78498832700018],[-119.09983772009059,48.784947135180964],[-119.0996304939999,48.81268762300016],[-119.09948157949987,48.82765540000019],[-119.07767718999997,48.82752775900001],[-119.07626779799992,48.841885114000036],[-119.16534473399992,48.84213599200017],[-119.16539166199992,48.85662755700025],[-119.18747478599992,48.85673251600019]]]},"properties":{"COUNTY":"Okanogan","PRECCODE":3009,"PRECNAME":"Swanson Mill","PRECINCT":"Okanogan 3009","DESCRIPTIO":"Tonasket Rural Farther Northeast (Swanson Mill, Havillah, Pickens Mountain)","OFFICE":"County Proposition 1","JURISDICTION":"County","RACE":"Okanogan County County Proposition 1","Name_1":"Rejected","Party_1":"No_1","Votes_1":"4","Name_2":null,"Party_2":null,"Votes_2":"0","Name_3":null,"Party_3":null,"Votes_3":"0","Name_4":null,"Party_4":null,"Votes_4":"0","Name_5":null,"Party_5":null,"Votes_5":"0","Name_6":null,"Party_6":null,"Votes_6":"0","Name_7":null,"Party_7":null,"Votes_7":"0","Votes_total":"4","Pct_1":100,"Pct_2":0,"Pct_3":0,"Pct_4":0,"Pct_5":0,"Pct_6":0,"Pct_7":0,"Margin":100}},
{"type":"Feature","geometry":{"type":"Polygon","coordinates":[[[-119.36383757199992,48.785384070000134],[-119.38567489599991,48.785265305000166],[-119.4039566009999,48.78533125100011],[-119.40531607099996,48.776951595000064],[-119.40986675299995,48.77291521300009],[-119.40687367799997,48.76913607000011],[-119.40775980899998,48.76424654900013],[-119.41993452199996,48.757010809000064],[-119.42010890199997,48.74367833900004],[-119.42280084699996,48.73977542800014],[-119.42877223399995,48.73617096300006],[-119.43166673199987,48.72344121500003],[-119.43889943699996,48.71239743900003],[-119.4356041829999,48.71241565000002],[-119.43610463399996,48.71097079200018],[-119.4355655099999,48.71155970900015],[-119.42892316599989,48.708977330000096],[-119.42888426299996,48.70661507600005],[-119.4260431619999,48.70598526600014],[-119.41482203999996,48.70744361300012],[-119.40475194099999,48.70498265600015],[-119.3999183719999,48.70539688000013],[-119.39541615899994,48.70764412200009],[-119.390182042,48.71483417700017],[-119.36859917499999,48.72311652500013],[-119.34553830999998,48.741384409000155],[-119.33724383399998,48.75240979900007],[-119.33210274799993,48.75483899900013],[-119.31698496699994,48.767838120000185],[-119.31777054699992,48.77482501200006],[-119.31446273699996,48.77691267100005],[-119.3152177479999,48.78246904700006],[-119.31493070799996,48.78326733700004],[-119.31459299199992,48.78380406800016],[-119.31401667299988,48.7849851090001],[-119.31380246799995,48.78530402299998],[-119.31933779899992,48.78534039400005],[-119.3248355529999,48.78523457700009],[-119.32492789499997,48.7779277140001],[-119.34129651899998,48.77793787400008],[-119.34132573099998,48.785154619000075],[-119.36383757199992,48.785384070000134]]]},"properties":{"COUNTY":"Okanogan","PRECCODE":3011,"PRECNAME":"North Tonasket","PRECINCT":"Okanogan 3011","DESCRIPTIO":"Tonasket Rural North (Pilot Wheel Drive, Applejack Road), Tonasket Rural Far Northeast (Antoine Valley)","OFFICE":"County Proposition 1","JURISDICTION":"County","RACE":"Okanogan County County Proposition 1","Name_1":"Approved","Party_1":"Yes_1","Votes_1":"74","Name_2":null,"Party_2":null,"Votes_2":"0","Name_3":null,"Party_3":null,"Votes_3":"0","Name_4":null,"Party_4":null,"Votes_4":"0","Name_5":null,"Party_5":null,"Votes_5":"0","Name_6":null,"Party_6":null,"Votes_6":"0","Name_7":null,"Party_7":null,"Votes_7":"0","Votes_total":"74","Pct_1":100,"Pct_2":0,"Pct_3":0,"Pct_4":0,"Pct_5":0,"Pct_6":0,"Pct_7":0,"Margin":100}},
{"type":"Feature","geometry":{"type":"Polygon","coordinates":[[[-119.2755761869999,48.78498832700018],[-119.29838719799996,48.78520239100009],[-119.31380246799995,48.78530402299998],[-119.31401667299988,48.7849851090001],[-119.31459299199992,48.78380406800016],[-119.31493070799996,48.78326733700004],[-119.3152177479999,48.78246904700006],[-119.31446273699996,48.77691267100005],[-119.31777054699992,48.77482501200006],[-119.31698496699994,48.767838120000185],[-119.33210274799993,48.75483899900013],[-119.33724383399998,48.75240979900007],[-119.34553830999998,48.741384409000155],[-119.36859917499999,48.72311652500013],[-119.390182042,48.71483417700017],[-119.39541615899994,48.70764412200009],[-119.3999183719999,48.70539688000013],[-119.40475194099999,48.70498265600015],[-119.41482203999996,48.70744361300012],[-119.4260431619999,48.70598526600014],[-119.4288276639999,48.701564608000126],[-119.42604438299988,48.70156799400007],[-119.42600595999996,48.69800784500012],[-119.4287879769999,48.69801241100015],[-119.42964732099988,48.69796022800017],[-119.42996151699992,48.698207218000164],[-119.42718184999991,48.69366496600003],[-119.41834351399997,48.68826122700011],[-119.40953957999989,48.68746672600002],[-119.38420740999996,48.680116185000145],[-119.37163049299988,48.67430189000004],[-119.35831925199996,48.672392096000124],[-119.34711548599992,48.66398150500009],[-119.33697444299992,48.65988165500016],[-119.30195040299998,48.65328517900007],[-119.28393997999993,48.658701387],[-119.27806362099996,48.65913699700019],[-119.24961519499992,48.668691875000086],[-119.23253870699993,48.67078553900012],[-119.2172064609999,48.669502283],[-119.19778518599992,48.661380738000105],[-119.1886340449999,48.660851724000054],[-119.1752238519999,48.664590538000134],[-119.1707128849999,48.66698274700007],[-119.17068649799997,48.67207541],[-119.15175223499989,48.678818857000124],[-119.14023619199997,48.67893847800014],[-119.13437329999998,48.68048057600003],[-119.13144497799993,48.68487756400003],[-119.120476088,48.68652621500012],[-119.12170041199994,48.69004354800006],[-119.1210979509999,48.695977774000085],[-119.12098437199994,48.696897121000056],[-119.12089636099995,48.697269468],[-119.12080946199995,48.69748822200017],[-119.12182699699991,48.697479623000106],[-119.14371766699993,48.69750886300005],[-119.14361715099996,48.726395373],[-119.14366027199985,48.74061523350014],[-119.12185941699974,48.74041333300027],[-119.09990111199988,48.74018015300015],[-119.09983772009059,48.784947135180964],[-119.2755761869999,48.78498832700018]]]},"properties":{"COUNTY":"Okanogan","PRECCODE":3012,"PRECNAME":"Siwash Creek","PRECINCT":"Okanogan 3012","DESCRIPTIO":"Tonasket Rural East (Siwash Creek Road, Anglin Cemetery, Cayuse Mountain)","OFFICE":"County Proposition 1","JURISDICTION":"County","RACE":"Okanogan County County Proposition 1","Name_1":"Approved","Party_1":"Yes_1","Votes_1":"212","Name_2":"Rejected","Party_2":"No_1","Votes_2":"102","Name_3":null,"Party_3":null,"Votes_3":"0","Name_4":null,"Party_4":null,"Votes_4":"0","Name_5":null,"Party_5":null,"Votes_5":"0","Name_6":null,"Party_6":null,"Votes_6":"0","Name_7":null,"Party_7":null,"Votes_7":"0","Votes_total":"314","Pct_1":67.52,"Pct_2":32.48,"Pct_3":0,"Pct_4":0,"Pct_5":0,"Pct_6":0,"Pct_7":0,"Margin":35.04}},
{"type":"Feature","geometry":{"type":"Polygon","coordinates":[[[-118.96854769199996,48.65372534400017],[-118.96835249899995,48.68261756700019],[-119.01215515799998,48.68236730100005],[-119.0121141819999,48.69709907500004],[-119.10009781199986,48.69766131700004],[-119.12080946199995,48.69748822200017],[-119.12089636099995,48.697269468],[-119.12098437199994,48.696897121000056],[-119.1210979509999,48.695977774000085],[-119.12170041199994,48.69004354800006],[-119.120476088,48.68652621500012],[-119.13144497799993,48.68487756400003],[-119.13437329999998,48.68048057600003],[-119.14023619199997,48.67893847800014],[-119.15175223499989,48.678818857000124],[-119.17068649799997,48.67207541],[-119.1707128849999,48.66698274700007],[-119.1752238519999,48.664590538000134],[-119.17651943899995,48.65415707000017],[-119.17381908299991,48.65413173400003],[-119.17381666806887,48.648209324000106],[-119.217566348,48.64818768200007],[-119.21755151899998,48.64094825400008],[-119.1957411869999,48.64080016100018],[-119.1959127690708,48.5099631850856],[-119.19416561695586,48.51165431831106],[-119.1901378661039,48.50930530526312],[-119.18801899417416,48.510102346324054],[-119.18723619300555,48.508062675914566],[-119.18664354133801,48.507462782409554],[-119.18281108224943,48.50511627858668],[-119.18224486627105,48.504992684580365],[-119.1777274194071,48.50470175538583],[-119.17745829516855,48.5046378357344],[-119.16687220280139,48.51645859765409],[-119.16378729445871,48.52620272599887],[-119.16363605184273,48.53210215270172],[-119.1674033038873,48.536502581720576],[-119.17179181814991,48.536960776820024],[-119.17170506102242,48.53896898612913],[-119.15464370932729,48.542097614061106],[-119.14983779557747,48.540375604331985],[-119.13916028870872,48.53986316576436],[-119.11707189308015,48.5551159379238],[-119.11427250272641,48.559500668298824],[-119.1050379570918,48.56182988059208],[-119.10271596068165,48.564396670960946],[-119.08865149364242,48.57093321034807],[-119.0768273262684,48.57300498355419],[-119.07585341269187,48.57304791845661],[-119.07539962046779,48.57300734532845],[-119.07326716699993,48.57305317000015],[-119.07745351799993,48.573390658000164],[-119.07806943199991,48.57349132200017],[-119.07925276999994,48.574102930000144],[-119.08078324399993,48.58014299900014],[-119.08087775899992,48.58140033000012],[-119.08821576899999,48.586401037000094],[-119.0879713929999,48.59378393500008],[-119.0836278929999,48.5975831560001],[-119.07891086399995,48.60018628000017],[-119.0755888939999,48.59952143300018],[-119.06163283099994,48.60469841600013],[-119.06017341699993,48.607282960000134],[-119.04566928499999,48.60939036500014],[-119.04463320499998,48.61468939200005],[-119.036903355,48.61756179300016],[-119.02831764499996,48.625742141000046],[-119.025012872,48.62614318900017],[-119.01703312099995,48.63280588000015],[-119.01527787199991,48.63760040500011],[-119.00500327499994,48.640815824000136],[-119.00254205099996,48.64408626500011],[-118.9954383922298,48.64627724649551],[-118.99567693946913,48.649525006618084],[-118.99157291599994,48.65369352100009],[-118.96854769199996,48.65372534400017]]]},"properties":{"COUNTY":"Okanogan","PRECCODE":3016,"PRECNAME":"Sourdough","PRECINCT":"Okanogan 3016","DESCRIPTIO":"Tonasket Rural Farther East (Aeneas Valley Community Church, Bench Creek, Peony Creek)","OFFICE":"County Proposition 1","JURISDICTION":"County","RACE":"Okanogan County County Proposition 1","Name_1":"Rejected","Party_1":"No_1","Votes_1":"42","Name_2":null,"Party_2":null,"Votes_2":"0","Name_3":null,"Party_3":null,"Votes_3":"0","Name_4":null,"Party_4":null,"Votes_4":"0","Name_5":null,"Party_5":null,"Votes_5":"0","Name_6":null,"Party_6":null,"Votes_6":"0","Name_7":null,"Party_7":null,"Votes_7":"0","Votes_total":"42","Pct_1":100,"Pct_2":0,"Pct_3":0,"Pct_4":0,"Pct_5":0,"Pct_6":0,"Pct_7":0,"Margin":100}},
{"type":"Feature","geometry":{"type":"Polygon","coordinates":[[[-118.86999763299997,48.626204728],[-118.91353134199993,48.62625079600008],[-118.91362836399998,48.65364922000009],[-118.95747528899994,48.65373501600005],[-118.99157291599994,48.65369352100009],[-118.99567693946913,48.649525006618084],[-118.9954383922298,48.64627724649551],[-119.00254205099996,48.64408626500011],[-119.00500327499994,48.640815824000136],[-119.01527787199991,48.63760040500011],[-119.01703312099995,48.63280588000015],[-119.025012872,48.62614318900017],[-119.02831764499996,48.625742141000046],[-119.036903355,48.61756179300016],[-119.04463320499998,48.61468939200005],[-119.04566928499999,48.60939036500014],[-119.06017341699993,48.607282960000134],[-119.06163283099994,48.60469841600013],[-119.0755888939999,48.59952143300018],[-119.07891086399995,48.60018628000017],[-119.0836278929999,48.5975831560001],[-119.0879713929999,48.59378393500008],[-119.08821576899999,48.586401037000094],[-119.08087775899992,48.58140033000012],[-119.08078324399993,48.58014299900014],[-119.07925276999994,48.574102930000144],[-119.07806943199991,48.57349132200017],[-119.07745351799993,48.573390658000164],[-119.07326716699993,48.57305317000015],[-119.07539962046779,48.57300734532845],[-119.07585341269187,48.57304791845661],[-119.0768273262684,48.57300498355419],[-119.08865149364242,48.57093321034807],[-119.10271596068165,48.564396670960946],[-119.1050379570918,48.56182988059208],[-119.11427250272641,48.559500668298824],[-119.11707189308015,48.5551159379238],[-119.13916028870872,48.53986316576436],[-119.14983779557747,48.540375604331985],[-119.15464370932729,48.542097614061106],[-119.17170506102242,48.53896898612913],[-119.17179181814991,48.536960776820024],[-119.1674033038873,48.536502581720576],[-119.16363605184273,48.53210215270172],[-119.16378729445871,48.52620272599887],[-119.16687220280139,48.51645859765409],[-119.17745829516855,48.5046378357344],[-119.1777274194071,48.50470175538583],[-119.18224486627105,48.504992684580365],[-119.18281108224943,48.50511627858668],[-119.18664354133801,48.507462782409554],[-119.18723619300555,48.508062675914566],[-119.18801899417416,48.510102346324054],[-119.1901378661039,48.50930530526312],[-119.19416561695586,48.51165431831106],[-119.1959127690708,48.5099631850856],[-119.19639834999994,48.4818017590003],[-119.1268715689999,48.48222098500013],[-119.10496032199988,48.48208176100018],[-119.0874179889999,48.481931720000084],[-119.08326962799991,48.481944636000094],[-119.06119814699993,48.48199485900012],[-118.86953512599992,48.48163503800009],[-118.86999763299997,48.626204728]]]},"properties":{"COUNTY":"Okanogan","PRECCODE":3017,"PRECNAME":"San Poil","PRECINCT":"Okanogan 3017","DESCRIPTIO":"Tonasket Rural Farthest Southeast (Aeneas Valley Cemetery, Aeneas Valley Fire Station)","OFFICE":"County Proposition 1","JURISDICTION":"County","RACE":"Okanogan County County Proposition 1","Name_1":"Approved","Party_1":"Yes_1","Votes_1":"9","Name_2":null,"Party_2":null,"Votes_2":"0","Name_3":null,"Party_3":null,"Votes_3":"0","Name_4":null,"Party_4":null,"Votes_4":"0","Name_5":null,"Party_5":null,"Votes_5":"0","Name_6":null,"Party_6":null,"Votes_6":"0","Name_7":null,"Party_7":null,"Votes_7":"0","Votes_total":"9","Pct_1":100,"Pct_2":0,"Pct_3":0,"Pct_4":0,"Pct_5":0,"Pct_6":0,"Pct_7":0,"Margin":100}},
{"type":"Feature","geometry":{"type":"Polygon","coordinates":[[[-119.56023688699997,48.55435133900004],[-119.56014131099992,48.56523042700013],[-119.566298008,48.565260918000035],[-119.56590987699988,48.583396836000134],[-119.5770252509999,48.583380816000044],[-119.57682845799994,48.590883059000014],[-119.57124215299997,48.59084574200005],[-119.57115131899991,48.59452420500003],[-119.57711586799996,48.59449023000019],[-119.57702685199995,48.59811165500002],[-119.58223770099988,48.598154233000166],[-119.58222784999995,48.59450467100004],[-119.5878124539999,48.594458339000084],[-119.58782257199994,48.58725959100008],[-119.59337182699996,48.58728240200008],[-119.59345308699989,48.58345828500018],[-119.58219864899998,48.58337297500003],[-119.58228764299997,48.56893056300004],[-119.58787619099996,48.568947177000155],[-119.58785705399998,48.56159231100002],[-119.58189777499989,48.56156809100014],[-119.58189848499987,48.55056767500013],[-119.58757702399996,48.55070677300011],[-119.58744035699993,48.53987259600013],[-119.60365283199998,48.53986850800015],[-119.60376619199991,48.56899298000013],[-119.66906854299994,48.56910659700003],[-119.668725527,48.583489113000034],[-119.690272215,48.583721349000086],[-119.69064629499998,48.61273170300017],[-119.77723924599991,48.61120983100005],[-119.99448972899988,48.61215843200012],[-120.03524697499992,48.61116673500003],[-120.03539864299988,48.482417994],[-119.88460030399987,48.48192704899998],[-119.88474265699995,48.45314291100009],[-119.75511841799994,48.45305122600008],[-119.7553630519999,48.481848737000064],[-119.76589872899997,48.48194634300017],[-119.76671549599993,48.51090702500011],[-119.66876666699989,48.51095496000005],[-119.66866952499993,48.50643254300007],[-119.65326858799995,48.50461923500012],[-119.65043514799999,48.500497642000084],[-119.64704963499993,48.499543053000025],[-119.62735489099998,48.50458833200013],[-119.61825409199997,48.50438710700013],[-119.60814031299992,48.497569442999975],[-119.59771363099995,48.48252646500003],[-119.59748018899995,48.48228537700015],[-119.58132130499988,48.48223382500015],[-119.58136872099995,48.49663235200018],[-119.5376705379999,48.496553516000056],[-119.53819749599997,48.539976894000056],[-119.56023289199999,48.53991013100012],[-119.56023688699997,48.55435133900004]],[[-119.75196969399994,48.562626954000045],[-119.75214520199994,48.56378581700011],[-119.75013469399994,48.563390954000056],[-119.75004469399994,48.56248295400007],[-119.7497706929999,48.56099095400009],[-119.74573169299998,48.56242395500004],[-119.74651069299993,48.560831954000044],[-119.74666969199997,48.55914395400004],[-119.74814969199991,48.55601995400019],[-119.75558369299996,48.555497953000035],[-119.74933453844058,48.55308418240969],[-119.74309973957811,48.543956004979215],[-119.74238693990287,48.540593938673304],[-119.7450986042857,48.537661138146866],[-119.76170936782053,48.539506657457416],[-119.75674294288075,48.54643040334207],[-119.75667206097914,48.550314801146364],[-119.75521167942762,48.5526923719617],[-119.75587063249918,48.553208848347346],[-119.75565691804378,48.55441099097202],[-119.75571034939689,48.55540832383201],[-119.75559468597879,48.55549729530063],[-119.75639269299991,48.55544795300017],[-119.75672369299997,48.55531995300009],[-119.75622259199999,48.552865316000116],[-119.75949312499996,48.55266298800006],[-119.76001747199992,48.55522361900012],[-119.75559246299997,48.55668605200003],[-119.7544208189999,48.55862726099997],[-119.75743745099993,48.55846685000012],[-119.75764546,48.56006286100012],[-119.75437169399991,48.56019795399998],[-119.75196969399994,48.562626954000045]],[[-119.73882494428514,48.562573139682335],[-119.73442834283092,48.56474080740777],[-119.7254610072422,48.56414854190861],[-119.7099846046507,48.56597861023935],[-119.69947113841589,48.569656010322895],[-119.699288008299,48.57702601245254],[-119.69409200659719,48.58122614582189],[-119.69516040877909,48.58609374632125],[-119.6935426052471,48.5809782127885],[-119.69907433969657,48.57379501090376],[-119.69629720360186,48.56829054478479],[-119.71281980538215,48.56317714201124],[-119.73357374398753,48.56220514001679],[-119.73925114221122,48.55766773954054],[-119.7459760105705,48.55756320587918],[-119.74474734347909,48.56077053966081],[-119.73882494428514,48.562573139682335]]]},"properties":{"COUNTY":"Okanogan","PRECCODE":3018,"PRECNAME":"Conconully Rural","PRECINCT":"Okanogan 3018","DESCRIPTIO":"Conconully Rural (Silver Hill), Riverside Rural Far West (Lime Belt)","OFFICE":"County Proposition 1","JURISDICTION":"County","RACE":"Okanogan County County Proposition 1","Name_1":"Rejected","Party_1":"No_1","Votes_1":"1","Name_2":"Approved","Party_2":"Yes_1","Votes_2":"1","Name_3":null,"Party_3":null,"Votes_3":"0","Name_4":null,"Party_4":null,"Votes_4":"0","Name_5":null,"Party_5":null,"Votes_5":"0","Name_6":null,"Party_6":null,"Votes_6":"0","Name_7":null,"Party_7":null,"Votes_7":"0","Votes_total":"2","Pct_1":50,"Pct_2":50,"Pct_3":0,"Pct_4":0,"Pct_5":0,"Pct_6":0,"Pct_7":0,"Margin":0}},
{"type":"Feature","geometry":{"type":"Polygon","coordinates":[[[-119.50826988595617,48.51833034921657],[-119.50394592699996,48.52624092300015],[-119.49571804899995,48.532301646000064],[-119.49294583699998,48.53563345100014],[-119.48906847099987,48.541581707000034],[-119.48837696999998,48.552209224000194],[-119.48628672599992,48.55691508200015],[-119.487045929,48.55892202900002],[-119.48728455499992,48.56169625900009],[-119.48909821399998,48.563472748000095],[-119.4889606479999,48.56496685400003],[-119.48294197099996,48.56795496300009],[-119.48046603699996,48.57146223800016],[-119.48130004299993,48.574062907000105],[-119.49223707699997,48.5829856410001],[-119.52390740099996,48.58342938200019],[-119.52947821799992,48.58112678800006],[-119.54437005099993,48.570442663000044],[-119.54374868599996,48.55791104700006],[-119.56020311499994,48.55792125600009],[-119.56023688699997,48.55435133900004],[-119.56023289199999,48.53991013100012],[-119.53819749599997,48.539976894000056],[-119.5376705379999,48.496553516000056],[-119.58136872099995,48.49663235200018],[-119.58132130499982,48.48223382500015],[-119.59748018899995,48.48228537700015],[-119.59688276299988,48.48166836800016],[-119.59192827199998,48.477140986000045],[-119.5845940609999,48.47358393800005],[-119.57794930899992,48.470890406000144],[-119.57005561399995,48.47062248700007],[-119.56884763899988,48.47053096900015],[-119.56743463799991,48.47024196900003],[-119.56396063799995,48.469658969000136],[-119.55994363699993,48.46973596999999],[-119.55703263599996,48.468203970000104],[-119.54884297699994,48.468404891000084],[-119.53810766099994,48.46774674400007],[-119.52027333999996,48.467729398000074],[-119.51864592999992,48.476669100000095],[-119.51313834899996,48.47661826100005],[-119.51331103199998,48.46769242300012],[-119.49435136799984,48.46747748600018],[-119.47933211999997,48.46761836400014],[-119.47880412799998,48.46840370100016],[-119.48058545099985,48.46942094200005],[-119.483516292,48.47432142500008],[-119.4814710549999,48.481545717000074],[-119.48164037599993,48.48354257199997],[-119.49118090799998,48.493857190000085],[-119.49473913499997,48.495433403],[-119.49739296499997,48.499040397000044],[-119.49950747999998,48.50142669400003],[-119.49953722799994,48.50086042600008],[-119.49791751199994,48.499247495000134],[-119.49677573799987,48.497635996999975],[-119.49622719799997,48.496686570000065],[-119.49589052599994,48.49615356200018],[-119.50375589799994,48.49597447000008],[-119.50103604299996,48.49286667900009],[-119.50380564999993,48.492846888000145],[-119.504354289,48.49601796100007],[-119.50635018399998,48.4965972030002],[-119.51602113999986,48.496550335000045],[-119.516073233,48.5002005610001],[-119.52158620399997,48.50016792900005],[-119.5216136419999,48.50378617800004],[-119.51612348299993,48.50381865900015],[-119.51614897199994,48.50743861899998],[-119.51627676899993,48.50959570400005],[-119.51635165399995,48.50989263499997],[-119.51857964199998,48.511664259000035],[-119.51914723299994,48.5130249820001],[-119.52163801399998,48.51302487900017],[-119.52034682799987,48.515584856000146],[-119.51967563,48.51478192700006],[-119.51623000799998,48.51478205600016],[-119.51626312499995,48.51830694500006],[-119.51333648899993,48.51837611200016],[-119.50826988595617,48.51833034921657]]]},"properties":{"COUNTY":"Okanogan","PRECCODE":3019,"PRECNAME":"Riverside Rural","PRECINCT":"Okanogan 3019","DESCRIPTIO":"Riverside Rural West (North of Omak Airport, Pharr Road)","OFFICE":"County Proposition 1","JURISDICTION":"County","RACE":"Okanogan County County Proposition 1","Name_1":"Rejected","Party_1":"No_1","Votes_1":"45","Name_2":"Approved","Party_2":"Yes_1","Votes_2":"19","Name_3":null,"Party_3":null,"Votes_3":"0","Name_4":null,"Party_4":null,"Votes_4":"0","Name_5":null,"Party_5":null,"Votes_5":"0","Name_6":null,"Party_6":null,"Votes_6":"0","Name_7":null,"Party_7":null,"Votes_7":"0","Votes_total":"64","Pct_1":70.31,"Pct_2":29.69,"Pct_3":0,"Pct_4":0,"Pct_5":0,"Pct_6":0,"Pct_7":0,"Margin":40.62}},
{"type":"Feature","geometry":{"type":"Polygon","coordinates":[[[-119.47412929699998,48.480885082000036],[-119.19639834999994,48.48180175900011],[-119.19597820499997,48.568697099000076],[-119.39259504599987,48.56804010800016],[-119.39247644599992,48.582398395000034],[-119.49223707699997,48.5829856410001],[-119.48130004299993,48.574062907000105],[-119.48046603699996,48.57146223800016],[-119.48294197099996,48.56795496300009],[-119.4889606479999,48.56496685400003],[-119.48909821399998,48.563472748000095],[-119.48728455499992,48.56169625900009],[-119.487045929,48.55892202900002],[-119.48628672599992,48.55691508200015],[-119.48837696999998,48.552209224000194],[-119.48906847099987,48.541581707000034],[-119.49294583699998,48.53563345100014],[-119.49571804899995,48.532301646000064],[-119.50394592699996,48.52624092300015],[-119.50826988595617,48.51833034921657],[-119.50911061899994,48.51833784400002],[-119.50953307099988,48.51795989000004],[-119.50992351399998,48.51738315600011],[-119.51042428999992,48.51636904200018],[-119.51058694799991,48.51566359600008],[-119.50919687499997,48.51117361900009],[-119.5080138919999,48.50953165200007],[-119.50721518799998,48.507496815000195],[-119.51070194099992,48.50747418400015],[-119.5106485279999,48.503854408000166],[-119.50609391399993,48.50318928400002],[-119.5062074679999,48.50562515800015],[-119.49927489599996,48.505853838000064],[-119.49950747999998,48.50142669400003],[-119.49739296499997,48.499040397000044],[-119.49473913499997,48.495433403],[-119.49118090799998,48.493857190000085],[-119.48164037599993,48.48354257199997],[-119.48149519099995,48.481830362999965],[-119.47412929699998,48.480885082000036]]]},"properties":{"COUNTY":"Okanogan","PRECCODE":3020,"PRECNAME":"Tunk Creek","PRECINCT":"Okanogan 3020","DESCRIPTIO":"Riverside Rural East (Tunk Creek Road, Tunk Valley, Keystone)","OFFICE":"County Proposition 1","JURISDICTION":"County","RACE":"Okanogan County County Proposition 1","Name_1":"Approved","Party_1":"Yes_1","Votes_1":"86","Name_2":"Rejected","Party_2":"No_1","Votes_2":"47","Name_3":null,"Party_3":null,"Votes_3":"0","Name_4":null,"Party_4":null,"Votes_4":"0","Name_5":null,"Party_5":null,"Votes_5":"0","Name_6":null,"Party_6":null,"Votes_6":"0","Name_7":null,"Party_7":null,"Votes_7":"0","Votes_total":"133","Pct_1":64.66,"Pct_2":35.34,"Pct_3":0,"Pct_4":0,"Pct_5":0,"Pct_6":0,"Pct_7":0,"Margin":29.32}},
{"type":"Feature","geometry":{"type":"Polygon","coordinates":[[[-119.59771363099995,48.48252646500003],[-119.60814031299992,48.497569442999975],[-119.61825409199997,48.50438710700013],[-119.62735489099998,48.50458833200013],[-119.64704963499993,48.499543053000025],[-119.65043514799999,48.500497642000084],[-119.65326858799995,48.50461923500012],[-119.66866952499993,48.50643254300007],[-119.66853527399998,48.50044323600019],[-119.66311435999995,48.50042062900018],[-119.66305623599995,48.496585040000184],[-119.65765151999994,48.49655420600009],[-119.65778957499995,48.48196596200012],[-119.64687049499993,48.48194174700012],[-119.646811416,48.45290414700009],[-119.60324598199998,48.453505656],[-119.60339640799998,48.42445087300006],[-119.58721089799998,48.42433818900014],[-119.587260626,48.39539285799998],[-119.57132544099996,48.39546454900016],[-119.57126493799987,48.40267844200009],[-119.56038386099995,48.40262755500004],[-119.56009799599991,48.424258627000135],[-119.56552349499992,48.42427051400017],[-119.56553023599999,48.42940704700015],[-119.57087906299995,48.428469747000065],[-119.5708129979999,48.43881302400007],[-119.57083595299991,48.43916271700016],[-119.571252959,48.455152380000015],[-119.58074840699993,48.46173433900008],[-119.58154561899995,48.46793550000007],[-119.588968524,48.47443590000006],[-119.59688276299988,48.48166836800016],[-119.59771363099995,48.48252646500003]]]},"properties":{"COUNTY":"Okanogan","PRECCODE":3022,"PRECNAME":"Pogue","PRECINCT":"Okanogan 3022","DESCRIPTIO":"Okanogan Rural Far North (Pogue Road), Omak Rural Far West (Vic Smith Road)","OFFICE":"County Proposition 1","JURISDICTION":"County","RACE":"Okanogan County County Proposition 1","Name_1":"Approved","Party_1":"Yes_1","Votes_1":"45","Name_2":"Rejected","Party_2":"No_1","Votes_2":"20","Name_3":null,"Party_3":null,"Votes_3":"0","Name_4":null,"Party_4":null,"Votes_4":"0","Name_5":null,"Party_5":null,"Votes_5":"0","Name_6":null,"Party_6":null,"Votes_6":"0","Name_7":null,"Party_7":null,"Votes_7":"0","Votes_total":"65","Pct_1":69.23,"Pct_2":30.77,"Pct_3":0,"Pct_4":0,"Pct_5":0,"Pct_6":0,"Pct_7":0,"Margin":38.46}},
{"type":"Feature","geometry":{"type":"Polygon","coordinates":[[[-119.57005561399995,48.47062248700007],[-119.57794930899992,48.470890406000144],[-119.5845940609999,48.47358393800005],[-119.59192827199998,48.477140986000045],[-119.588968524,48.47443590000006],[-119.58154561899995,48.46793550000007],[-119.58074840699993,48.46173433900008],[-119.571252959,48.455152380000015],[-119.57083595299991,48.43916271700016],[-119.5708129979999,48.43881302400007],[-119.57087906299995,48.428469747000065],[-119.56553023599999,48.42940704700015],[-119.56552349499992,48.42427051400017],[-119.56009799599991,48.424258627000135],[-119.56027386799991,48.41065039100005],[-119.55268683099989,48.412044295999976],[-119.55196939899997,48.416902193000055],[-119.54933888699993,48.417036754000094],[-119.54911053149993,48.44591121000013],[-119.543650271,48.445936634000134],[-119.54371325499994,48.43874901100002],[-119.53824146799991,48.438728745000155],[-119.53810766099994,48.46774674400007],[-119.54884297699994,48.468404891000084],[-119.55703263599996,48.468203970000104],[-119.55994363699993,48.46973596999999],[-119.56396063799995,48.469658969000136],[-119.56743463799991,48.47024196900003],[-119.56884763899988,48.47053096900015],[-119.57005561399995,48.47062248700007]]]},"properties":{"COUNTY":"Okanogan","PRECCODE":3023,"PRECNAME":"Duck Lake","PRECINCT":"Okanogan 3023","DESCRIPTIO":"Omak Rural Far Northwest (Soren Petersen Road, Dixon Road)","OFFICE":"County Proposition 1","JURISDICTION":"County","RACE":"Okanogan County County Proposition 1","Name_1":"Rejected","Party_1":"No_1","Votes_1":"287","Name_2":"Approved","Party_2":"Yes_1","Votes_2":"5","Name_3":null,"Party_3":null,"Votes_3":"0","Name_4":null,"Party_4":null,"Votes_4":"0","Name_5":null,"Party_5":null,"Votes_5":"0","Name_6":null,"Party_6":null,"Votes_6":"0","Name_7":null,"Party_7":null,"Votes_7":"0","Votes_total":"292","Pct_1":98.29,"Pct_2":1.71,"Pct_3":0,"Pct_4":0,"Pct_5":0,"Pct_6":0,"Pct_7":0,"Margin":96.58}},
{"type":"Feature","geometry":{"type":"Polygon","coordinates":[[[-119.75013469399994,48.563390954000056],[-119.75214520199994,48.56378581700005],[-119.75196969399994,48.562626954000045],[-119.754371694,48.56019795400004],[-119.75764546,48.560062861000056],[-119.75743745099999,48.55846685000005],[-119.75442081899996,48.55862726100003],[-119.75559246299997,48.55668605200003],[-119.76001747199993,48.55522361900005],[-119.75949312499996,48.55266298800006],[-119.75622259199999,48.552865316000066],[-119.75672369299997,48.55531995300004],[-119.75639269299995,48.555447953000055],[-119.75558369299996,48.555497953000035],[-119.74814969199997,48.556019954000085],[-119.74666969199997,48.55914395400004],[-119.74651069299993,48.560831954000044],[-119.74573169299998,48.56242395500004],[-119.74977069299996,48.56099095400004],[-119.75004469399994,48.56248295400007],[-119.75013469399994,48.563390954000056]]]},"properties":{"COUNTY":"Okanogan","PRECCODE":3101,"PRECNAME":"Conconully Town","PRECINCT":"Okanogan 3101","DESCRIPTIO":"Conconully","OFFICE":"County Proposition 1","JURISDICTION":"County","RACE":"Okanogan County County Proposition 1","Name_1":"Approved","Party_1":"Yes_1","Votes_1":"59","Name_2":"Rejected","Party_2":"No_1","Votes_2":"1","Name_3":null,"Party_3":null,"Votes_3":"0","Name_4":null,"Party_4":null,"Votes_4":"0","Name_5":null,"Party_5":null,"Votes_5":"0","Name_6":null,"Party_6":null,"Votes_6":"0","Name_7":null,"Party_7":null,"Votes_7":"0","Votes_total":"60","Pct_1":98.33,"Pct_2":1.67,"Pct_3":0,"Pct_4":0,"Pct_5":0,"Pct_6":0,"Pct_7":0,"Margin":96.66}},
{"type":"Feature","geometry":{"type":"Polygon","coordinates":[[[-119.42103402699998,48.93149959400006],[-119.41885920999998,48.93355628800009],[-119.42028492399999,48.941418626000086],[-119.42215642099995,48.941415902000074],[-119.42346287599995,48.936970814000176],[-119.42701634499994,48.93934665200009],[-119.42591352899996,48.941559386000044],[-119.42166052399995,48.94220390600009],[-119.4216461229999,48.943298944000105],[-119.42506342699994,48.943285817000174],[-119.42237752299997,48.952299996000185],[-119.4273464964341,48.95052427535562],[-119.43376626182497,48.95203938533502],[-119.43625948499995,48.95206884000003],[-119.43629054499993,48.95094238000013],[-119.43519823499999,48.949862436000096],[-119.43648480599995,48.949743666000074],[-119.43748300999994,48.94975534600013],[-119.436070186,48.948505698000126],[-119.4361944949999,48.94850717400004],[-119.43437385599998,48.94629133300015],[-119.43290904599985,48.946036446999976],[-119.432930393,48.94526400500007],[-119.4337377659999,48.945336372999975],[-119.43384774199994,48.941175153000124],[-119.43700914799997,48.93691243200009],[-119.43696645299988,48.93530478800017],[-119.43638868687852,48.92490759434731],[-119.43497142799988,48.92494314700019],[-119.43500139499999,48.925463528000186],[-119.43396845399992,48.927765953000176],[-119.43041830399989,48.92785490400012],[-119.42998290499992,48.929084464000084],[-119.43042598499996,48.93097579099998],[-119.42372998699994,48.932320106000134],[-119.42343734599993,48.93116756400013],[-119.42340809199993,48.92481529000002],[-119.4208248989999,48.92816737200007],[-119.42105165099991,48.928540172000176],[-119.42148361099996,48.931142569000144],[-119.42112834599996,48.93131254500013],[-119.42103402699998,48.93149959400006]]]},"properties":{"COUNTY":"Okanogan","PRECCODE":3102,"PRECNAME":"Oroville City East","PRECINCT":"Okanogan 3102","DESCRIPTIO":"Oroville East (Henry Kniss Park, Prince Heritage Park)","OFFICE":"County Proposition 1","JURISDICTION":"County","RACE":"Okanogan County County Proposition 1","Name_1":"Approved","Party_1":"Yes_1","Votes_1":"135","Name_2":"Rejected","Party_2":"No_1","Votes_2":"25","Name_3":null,"Party_3":null,"Votes_3":"0","Name_4":null,"Party_4":null,"Votes_4":"0","Name_5":null,"Party_5":null,"Votes_5":"0","Name_6":null,"Party_6":null,"Votes_6":"0","Name_7":null,"Party_7":null,"Votes_7":"0","Votes_total":"160","Pct_1":84.38,"Pct_2":15.62,"Pct_3":0,"Pct_4":0,"Pct_5":0,"Pct_6":0,"Pct_7":0,"Margin":68.76}},
{"type":"Feature","geometry":{"type":"Polygon","coordinates":[[[-119.4337377659999,48.945336372999975],[-119.43385412699996,48.94574519500008],[-119.43405563899995,48.94623596600008],[-119.43437385599998,48.94629133300015],[-119.4361944949999,48.94850717400004],[-119.44539317399996,48.94862471800019],[-119.44544947699997,48.942130887000125],[-119.44329972899999,48.93971199300006],[-119.44779032499989,48.940410072000134],[-119.44265124299987,48.93570298600025],[-119.44177258999993,48.93466735900028],[-119.44062508299994,48.93206053600011],[-119.44051419399989,48.93094781100017],[-119.44066686799995,48.929327990000154],[-119.44088420799989,48.9282313170001],[-119.44125163499992,48.92712271500005],[-119.441241892,48.9257730390001],[-119.44074037599994,48.92453164000017],[-119.43891993099999,48.92382918600015],[-119.438976906,48.92495055600016],[-119.43747133799997,48.924983352000254],[-119.43746516199985,48.92488049700017],[-119.43638868687852,48.92490759434731],[-119.43696645299988,48.93530478800017],[-119.43700914799997,48.93691243200009],[-119.43384774199994,48.941175153000124],[-119.4337377659999,48.945336372999975]]]},"properties":{"COUNTY":"Okanogan","PRECCODE":3103,"PRECNAME":"Oroville City West","PRECINCT":"Okanogan 3103","DESCRIPTIO":"Oroville West (Juniper Street, City Park, Oroville High School)","OFFICE":"County Proposition 1","JURISDICTION":"County","RACE":"Okanogan County County Proposition 1","Name_1":"Rejected","Party_1":"No_1","Votes_1":"5","Name_2":null,"Party_2":null,"Votes_2":"0","Name_3":null,"Party_3":null,"Votes_3":"0","Name_4":null,"Party_4":null,"Votes_4":"0","Name_5":null,"Party_5":null,"Votes_5":"0","Name_6":null,"Party_6":null,"Votes_6":"0","Name_7":null,"Party_7":null,"Votes_7":"0","Votes_total":"5","Pct_1":100,"Pct_2":0,"Pct_3":0,"Pct_4":0,"Pct_5":0,"Pct_6":0,"Pct_7":0,"Margin":100}},
{"type":"Feature","geometry":{"type":"Polygon","coordinates":[[[-119.50911061899994,48.51833784400002],[-119.51333648899993,48.51837611200016],[-119.51626312499995,48.51830694500006],[-119.51623000799998,48.51478205600016],[-119.51967563,48.51478192700006],[-119.52034682799987,48.515584856000146],[-119.52163801399998,48.51302487900017],[-119.51914723299994,48.5130249820001],[-119.51857964199998,48.511664259000035],[-119.51635165399995,48.50989263499997],[-119.51627676899993,48.50959570400005],[-119.51614897199994,48.50743861899998],[-119.51612348299993,48.50381865900015],[-119.5216136419999,48.50378617800004],[-119.52158620399997,48.50016792900005],[-119.516073233,48.5002005610001],[-119.5160211399999,48.496550335000045],[-119.50635018399998,48.4965972030002],[-119.504354289,48.49601796100007],[-119.50380564999993,48.492846888000145],[-119.50103604299996,48.49286667900009],[-119.50375589799994,48.49597447000008],[-119.49589052599994,48.49615356200018],[-119.49622719799997,48.496686570000065],[-119.49677573799987,48.497635996999975],[-119.49791751199994,48.499247495000134],[-119.49953722799994,48.50086042600008],[-119.49927489599996,48.505853838000064],[-119.5062074679999,48.50562515800015],[-119.50609391399993,48.50318928400002],[-119.5106485279999,48.503854408000166],[-119.51070194099992,48.50747418400015],[-119.50721518799998,48.507496815000195],[-119.5080138919999,48.50953165200007],[-119.50919687499997,48.51117361900009],[-119.51058694799991,48.51566359600008],[-119.51042428999992,48.51636904200018],[-119.50992351399998,48.51738315600011],[-119.50953307099988,48.51795989000004],[-119.50911061899994,48.51833784400002]]]},"properties":{"COUNTY":"Okanogan","PRECCODE":3104,"PRECNAME":"Riverside Town","PRECINCT":"Okanogan 3104","DESCRIPTIO":"Riverside","OFFICE":"County Proposition 1","JURISDICTION":"County","RACE":"Okanogan County County Proposition 1","Name_1":"Rejected","Party_1":"No_1","Votes_1":"41","Name_2":"Approved","Party_2":"Yes_1","Votes_2":"20","Name_3":null,"Party_3":null,"Votes_3":"0","Name_4":null,"Party_4":null,"Votes_4":"0","Name_5":null,"Party_5":null,"Votes_5":"0","Name_6":null,"Party_6":null,"Votes_6":"0","Name_7":null,"Party_7":null,"Votes_7":"0","Votes_total":"61","Pct_1":67.21,"Pct_2":32.79,"Pct_3":0,"Pct_4":0,"Pct_5":0,"Pct_6":0,"Pct_7":0,"Margin":34.42}},
{"type":"Feature","geometry":{"type":"Polygon","coordinates":[[[-119.44266559449962,48.70455352404513],[-119.44195471499991,48.70540481200027],[-119.43592265299996,48.7124071610001],[-119.43889943699996,48.71239743900003],[-119.44943347899985,48.70300431700013],[-119.45139794699993,48.698387646000185],[-119.4504081469999,48.69627758100029],[-119.44654562,48.69745154300028],[-119.4490697739999,48.69757446500012],[-119.44402272199986,48.703279523000155],[-119.44327088299993,48.69894160400019],[-119.44264824299988,48.70015055400018],[-119.4411822382852,48.698941871476734],[-119.43869790861487,48.7018802110386],[-119.4379367079784,48.702715483399224],[-119.44266559449962,48.70455352404513]]]},"properties":{"COUNTY":"Okanogan","PRECCODE":3105,"PRECNAME":"Tonasket City 1","PRECINCT":"Okanogan 3105","DESCRIPTIO":"Tonasket West (History Park, Zachmans MHP), Tonasket South (Hope Lutheran Church)","OFFICE":"County Proposition 1","JURISDICTION":"County","RACE":"Okanogan County County Proposition 1","Name_1":"Approved","Party_1":"Yes_1","Votes_1":"366","Name_2":"Rejected","Party_2":"No_1","Votes_2":"216","Name_3":null,"Party_3":null,"Votes_3":"0","Name_4":null,"Party_4":null,"Votes_4":"0","Name_5":null,"Party_5":null,"Votes_5":"0","Name_6":null,"Party_6":null,"Votes_6":"0","Name_7":null,"Party_7":null,"Votes_7":"0","Votes_total":"582","Pct_1":62.89,"Pct_2":37.11,"Pct_3":0,"Pct_4":0,"Pct_5":0,"Pct_6":0,"Pct_7":0,"Margin":25.78}},
{"type":"Feature","geometry":{"type":"Polygon","coordinates":[[[-119.43610463399996,48.71097079200018],[-119.4356041829999,48.71241565000019],[-119.44195471499991,48.70540481200027],[-119.44266559449962,48.70455352404513],[-119.43793670797835,48.7027154833994],[-119.43286237972056,48.70764225027278],[-119.42888426299986,48.70661507600022],[-119.42892316599989,48.708977330000266],[-119.4355655099999,48.71155970900015],[-119.43610463399996,48.71097079200018]]]},"properties":{"COUNTY":"Okanogan","PRECCODE":3106,"PRECNAME":"Tonasket City 2","PRECINCT":"Okanogan 3106","DESCRIPTIO":"Tonasket North (Tonasket City Hall, Tonasket Ranger District Office, Garden Terrace Apartments)","OFFICE":"County Proposition 1","JURISDICTION":"County","RACE":"Okanogan County County Proposition 1","Name_1":"Rejected","Party_1":"No_1","Votes_1":"1","Name_2":null,"Party_2":null,"Votes_2":"0","Name_3":null,"Party_3":null,"Votes_3":"0","Name_4":null,"Party_4":null,"Votes_4":"0","Name_5":null,"Party_5":null,"Votes_5":"0","Name_6":null,"Party_6":null,"Votes_6":"0","Name_7":null,"Party_7":null,"Votes_7":"0","Votes_total":"1","Pct_1":100,"Pct_2":0,"Pct_3":0,"Pct_4":0,"Pct_5":0,"Pct_6":0,"Pct_7":0,"Margin":100}},
{"type":"Feature","geometry":{"type":"Polygon","coordinates":[[[-119.4288276639999,48.701564608000126],[-119.42607695299976,48.70594071500028],[-119.42888426299986,48.70661507600022],[-119.43286237972056,48.70764225027278],[-119.43793670797835,48.7027154833994],[-119.43869790861487,48.7018802110386],[-119.4411822382852,48.698941871476734],[-119.4356040799999,48.696553055000145],[-119.42996151699992,48.698207218000164],[-119.42964732099988,48.69796022800017],[-119.4287879769999,48.69801241100015],[-119.42600595999988,48.69800784500029],[-119.42604438299988,48.70156799400024],[-119.4288276639999,48.701564608000126]]]},"properties":{"COUNTY":"Okanogan","PRECCODE":3107,"PRECNAME":"Tonasket City 3","PRECINCT":"Okanogan 3107","DESCRIPTIO":"Tonasket East (Joseph Avenue, Tonasket High School, Mill Drive)","OFFICE":"County Proposition 1","JURISDICTION":"County","RACE":"Okanogan County County Proposition 1","Name_1":"Approved","Party_1":"Yes_1","Votes_1":"46","Name_2":"Rejected","Party_2":"No_1","Votes_2":"19","Name_3":null,"Party_3":null,"Votes_3":"0","Name_4":null,"Party_4":null,"Votes_4":"0","Name_5":null,"Party_5":null,"Votes_5":"0","Name_6":null,"Party_6":null,"Votes_6":"0","Name_7":null,"Party_7":null,"Votes_7":"0","Votes_total":"65","Pct_1":70.77,"Pct_2":29.23,"Pct_3":0,"Pct_4":0,"Pct_5":0,"Pct_6":0,"Pct_7":0,"Margin":41.54}},
{"type":"Feature","geometry":{"type":"Polygon","coordinates":[[[-119.432930393,48.94526400500007],[-119.43290904599996,48.94603644700004],[-119.43405563899995,48.94623596600008],[-119.43385412699996,48.94574519500002],[-119.43373776599995,48.94533637300003],[-119.432930393,48.94526400500007]]]},"properties":{"COUNTY":"Okanogan","PRECCODE":3201,"PRECNAME":"Oroville Island","PRECINCT":"Okanogan 3201","DESCRIPTIO":"Unincorporated NW Oroville (2013 N Main)","OFFICE":"County Proposition 1","JURISDICTION":"County","RACE":"Okanogan County County Proposition 1","Name_1":"Rejected","Party_1":"No_1","Votes_1":"143","Name_2":"Approved","Party_2":"Yes_1","Votes_2":"8","Name_3":null,"Party_3":null,"Votes_3":"0","Name_4":null,"Party_4":null,"Votes_4":"0","Name_5":null,"Party_5":null,"Votes_5":"0","Name_6":null,"Party_6":null,"Votes_6":"0","Name_7":null,"Party_7":null,"Votes_7":"0","Votes_total":"151","Pct_1":94.7,"Pct_2":5.3,"Pct_3":0,"Pct_4":0,"Pct_5":0,"Pct_6":0,"Pct_7":0,"Margin":89.4}},
{"type":"Feature","geometry":{"type":"Polygon","coordinates":[[[-119.40804301899998,48.952366617000045],[-119.40796388399994,48.96509086800006],[-119.413380718,48.96515633300004],[-119.41486765699995,48.966955909000035],[-119.41268414799997,48.95588790500005],[-119.410219167,48.95235664000006],[-119.40804301899998,48.952366617000045]]]},"properties":{"COUNTY":"Okanogan","PRECCODE":3301,"PRECNAME":"Oroville Airport","PRECINCT":"Okanogan 3301","DESCRIPTIO":"Oroville Outlying Northeast (Dorothy Scott Airport)","OFFICE":"County Proposition 1","JURISDICTION":"County","RACE":"Okanogan County County Proposition 1","Name_1":"Approved","Party_1":"Yes_1","Votes_1":"23","Name_2":null,"Party_2":null,"Votes_2":"0","Name_3":null,"Party_3":null,"Votes_3":"0","Name_4":null,"Party_4":null,"Votes_4":"0","Name_5":null,"Party_5":null,"Votes_5":"0","Name_6":null,"Party_6":null,"Votes_6":"0","Name_7":null,"Party_7":null,"Votes_7":"0","Votes_total":"23","Pct_1":100,"Pct_2":0,"Pct_3":0,"Pct_4":0,"Pct_5":0,"Pct_6":0,"Pct_7":0,"Margin":100}},
{"type":"Feature","geometry":{"type":"Polygon","coordinates":[[[-119.46543286899998,48.72716636300003],[-119.46597754699995,48.73048431100006],[-119.46912980599993,48.73052127600005],[-119.46627494299999,48.71969280700006],[-119.46088553399993,48.719664702000046],[-119.46543286899998,48.72716636300003]]]},"properties":{"COUNTY":"Okanogan","PRECCODE":3302,"PRECNAME":"Tonasket Airport","PRECINCT":"Okanogan 3302","DESCRIPTIO":"Tonasket Outlying Northwest (Tonasket Airport)","OFFICE":"County Proposition 1","JURISDICTION":"County","RACE":"Okanogan County County Proposition 1","Name_1":"Approved","Party_1":"Yes_1","Votes_1":"122","Name_2":"Rejected","Party_2":"No_1","Votes_2":"33","Name_3":null,"Party_3":null,"Votes_3":"0","Name_4":null,"Party_4":null,"Votes_4":"0","Name_5":null,"Party_5":null,"Votes_5":"0","Name_6":null,"Party_6":null,"Votes_6":"0","Name_7":null,"Party_7":null,"Votes_7":"0","Votes_total":"155","Pct_1":78.71,"Pct_2":21.29,"Pct_3":0,"Pct_4":0,"Pct_5":0,"Pct_6":0,"Pct_7":0,"Margin":57.42}},
{"type":"Feature","geometry":{"type":"Polygon","coordinates":[[[-119.431434101,48.729236505000074],[-119.43942527099992,48.72902179300006],[-119.439416211,48.72738321800006],[-119.43264620099997,48.72689901100006],[-119.431434101,48.729236505000074]]]},"properties":{"COUNTY":"Okanogan","PRECCODE":3401,"PRECNAME":"Tonasket Cemetery","PRECINCT":"Okanogan 3401","DESCRIPTIO":"Tonasket Outlying North (Tonasket Cemetery)","OFFICE":"County Proposition 1","JURISDICTION":"County","RACE":"Okanogan County County Proposition 1","Name_1":"Rejected","Party_1":"No_1","Votes_1":"3","Name_2":null,"Party_2":null,"Votes_2":"0","Name_3":null,"Party_3":null,"Votes_3":"0","Name_4":null,"Party_4":null,"Votes_4":"0","Name_5":null,"Party_5":null,"Votes_5":"0","Name_6":null,"Party_6":null,"Votes_6":"0","Name_7":null,"Party_7":null,"Votes_7":"0","Votes_total":"3","Pct_1":100,"Pct_2":0,"Pct_3":0,"Pct_4":0,"Pct_5":0,"Pct_6":0,"Pct_7":0,"Margin":100}},
{"type":"Feature","geometry":{"type":"Polygon","coordinates":[[[-119.59518681799995,48.37104393500004],[-119.59276950999998,48.373763543000045],[-119.59526802299997,48.37375763200004],[-119.59518681799995,48.37104393500004]]]},"properties":{"COUNTY":"Okanogan","PRECCODE":3501,"PRECNAME":"Okanogan City Res 3","PRECINCT":"Okanogan 3501","DESCRIPTIO":"Okanogan Outlying West (Salmon Creek Road Inland Parcel)","OFFICE":"County Proposition 1","JURISDICTION":"County","RACE":"Okanogan County County Proposition 1","Name_1":"Rejected","Party_1":"No_1","Votes_1":"45","Name_2":"Approved","Party_2":"Yes_1","Votes_2":"11","Name_3":null,"Party_3":null,"Votes_3":"0","Name_4":null,"Party_4":null,"Votes_4":"0","Name_5":null,"Party_5":null,"Votes_5":"0","Name_6":null,"Party_6":null,"Votes_6":"0","Name_7":null,"Party_7":null,"Votes_7":"0","Votes_total":"56","Pct_1":80.36,"Pct_2":19.64,"Pct_3":0,"Pct_4":0,"Pct_5":0,"Pct_6":0,"Pct_7":0,"Margin":60.72}},
{"type":"Feature","geometry":{"type":"Polygon","coordinates":[[[-119.44188799202824,48.96637431559137],[-119.44200314666378,48.966612698503276],[-119.44352312899996,48.966352270000066],[-119.44259444699995,48.96456259900003],[-119.44223121699997,48.96457783500006],[-119.44208609099998,48.96413940900004],[-119.44181935899996,48.96433910700006],[-119.44102113099997,48.96460105100004],[-119.44069056499995,48.96435865500007],[-119.44119997799999,48.96597103700003],[-119.44158100199998,48.96574116700003],[-119.44188799202824,48.96637431559137]]]},"properties":{"COUNTY":"Okanogan","PRECCODE":3502,"PRECNAME":"Oroville Deep Bay","PRECINCT":"Okanogan 3502","DESCRIPTIO":"Oroville Outlying North (Deep Bay Park)","OFFICE":"County Proposition 1","JURISDICTION":"County","RACE":"Okanogan County County Proposition 1","Name_1":"Approved","Party_1":"Yes_1","Votes_1":"18","Name_2":"Rejected","Party_2":"No_1","Votes_2":"9","Name_3":null,"Party_3":null,"Votes_3":"0","Name_4":null,"Party_4":null,"Votes_4":"0","Name_5":null,"Party_5":null,"Votes_5":"0","Name_6":null,"Party_6":null,"Votes_6":"0","Name_7":null,"Party_7":null,"Votes_7":"0","Votes_total":"27","Pct_1":66.67,"Pct_2":33.33,"Pct_3":0,"Pct_4":0,"Pct_5":0,"Pct_6":0,"Pct_7":0,"Margin":33.34}},
{"type":"Feature","geometry":{"type":"Polygon","coordinates":[[[-117.40143945140917,47.675011541328146],[-117.4014401529457,47.67938983731948],[-117.40095593041772,47.67936920130602],[-117.40094577742815,47.68624508921764],[-117.40864183573122,47.68622718629091],[-117.41118283815645,47.68623329570568],[-117.41116528037877,47.679212417921455],[-117.41115216194606,47.67167052603883],[-117.40954539404946,47.671655434166865],[-117.39656183204902,47.67167153638989],[-117.39656694578281,47.674742071222106],[-117.40143945140917,47.675011541328146]]]},"properties":{"COUNTY":"Spokane","PRECCODE":3100,"PRECNAME":"3100 Spokane","PRECINCT":"Spokane 3100","DESCRIPTIO":"Logan West (Heath Park, Flats on Foothills Apartments)","OFFICE":"County Proposition 1","JURISDICTION":"County","RACE":"Spokane County County Proposition 1","Name_1":"Rejected","Party_1":"No_1","Votes_1":"1","Name_2":null,"Party_2":null,"Votes_2":"0","Name_3":null,"Party_3":null,"Votes_3":"0","Name_4":null,"Party_4":null,"Votes_4":"0","Name_5":null,"Party_5":null,"Votes_5":"0","Name_6":null,"Party_6":null,"Votes_6":"0","Name_7":null,"Party_7":null,"Votes_7":"0","Votes_total":"1","Pct_1":100,"Pct_2":0,"Pct_3":0,"Pct_4":0,"Pct_5":0,"Pct_6":0,"Pct_7":0,"Margin":100}},
{"type":"Feature","geometry":{"type":"Polygon","coordinates":[[[-117.37898117741564,47.67718068261],[-117.37899758315788,47.6805101021519],[-117.38354724583156,47.67981944316567],[-117.38983015856822,47.6779214172181],[-117.38982529784805,47.67836662071239],[-117.40143919948912,47.67830104640344],[-117.40143945140917,47.675011541328146],[-117.39656694578281,47.674742071222106],[-117.39656183204902,47.67167153638989],[-117.39038923630072,47.67167697732367],[-117.38761755092128,47.67177555510508],[-117.38425956037159,47.675263099490024],[-117.37898117741564,47.67718068261]]]},"properties":{"COUNTY":"Spokane","PRECCODE":3102,"PRECNAME":"3102 Spokane","PRECINCT":"Spokane 3102","DESCRIPTIO":"Logan Southeast (Indiana & Perry, Grace Christian Fellowship, Riverview Senior Living)","OFFICE":"County Proposition 1","JURISDICTION":"County","RACE":"Spokane County County Proposition 1","Name_1":"Rejected","Party_1":"No_1","Votes_1":"57","Name_2":null,"Party_2":null,"Votes_2":"0","Name_3":null,"Party_3":null,"Votes_3":"0","Name_4":null,"Party_4":null,"Votes_4":"0","Name_5":null,"Party_5":null,"Votes_5":"0","Name_6":null,"Party_6":null,"Votes_6":"0","Name_7":null,"Party_7":null,"Votes_7":"0","Votes_total":"57","Pct_1":100,"Pct_2":0,"Pct_3":0,"Pct_4":0,"Pct_5":0,"Pct_6":0,"Pct_7":0,"Margin":100}},
{"type":"Feature","geometry":{"type":"Polygon","coordinates":[[[-117.34682972531968,47.667279520871624],[-117.33804493949039,47.669028209535945],[-117.3360797447657,47.66943616107816],[-117.33604341427765,47.67367342149598],[-117.33959598770154,47.67290342317518],[-117.33734108064444,47.67554812156033],[-117.31213095987972,47.6820603450599],[-117.31212722644187,47.68594805338646],[-117.30935186098853,47.68594657848314],[-117.30935879620995,47.68872272527406],[-117.3048411403081,47.688695679372934],[-117.30391841796883,47.68868069572386],[-117.30388202593616,47.6931187609088],[-117.30516669501402,47.69408645892507],[-117.30517363481951,47.69308503644085],[-117.31492149198154,47.69323626550414],[-117.3200247423107,47.69149983063413],[-117.32001324875567,47.68968548420356],[-117.32703198860054,47.689773353483204],[-117.32697179695958,47.68692711896885],[-117.33248568812927,47.685604353618636],[-117.33452865273216,47.68255102873759],[-117.33284933392588,47.68189109519413],[-117.34013048744782,47.676894256856016],[-117.34332555279383,47.67609602560787],[-117.34673913849907,47.67637977905433],[-117.35549375882746,47.67641751300254],[-117.36373917192931,47.67839956832759],[-117.36825949804582,47.679583298566165],[-117.37434947202917,47.67871982078031],[-117.37247922603235,47.676336143204836],[-117.37368855884893,47.6707161793643],[-117.3683790367866,47.66967753463762],[-117.36839546505172,47.66378242419916],[-117.36810989986971,47.66385265769184],[-117.35825995941059,47.66923071275398],[-117.3530496758311,47.67084584689923],[-117.34682848701351,47.67097320001023],[-117.34682972531968,47.667279520871624]]]},"properties":{"COUNTY":"Spokane","PRECCODE":3104,"PRECNAME":"3104 Spokane","PRECINCT":"Spokane 3104","DESCRIPTIO":"Chief Garry Park East (Chief Garry Park, Spokane Community College)","OFFICE":"County Proposition 1","JURISDICTION":"County","RACE":"Spokane County County Proposition 1","Name_1":"Rejected","Party_1":"No_1","Votes_1":"1","Name_2":null,"Party_2":null,"Votes_2":"0","Name_3":null,"Party_3":null,"Votes_3":"0","Name_4":null,"Party_4":null,"Votes_4":"0","Name_5":null,"Party_5":null,"Votes_5":"0","Name_6":null,"Party_6":null,"Votes_6":"0","Name_7":null,"Party_7":null,"Votes_7":"0","Votes_total":"1","Pct_1":100,"Pct_2":0,"Pct_3":0,"Pct_4":0,"Pct_5":0,"Pct_6":0,"Pct_7":0,"Margin":100}},
{"type":"Feature","geometry":{"type":"Polygon","coordinates":[[[-117.3935735541371,47.661888476814596],[-117.38888311635266,47.6696008881017],[-117.38761755092128,47.67177555510508],[-117.39038923630072,47.67167697732367],[-117.40954539404946,47.671655434166865],[-117.41115216194606,47.67167052603883],[-117.4111885258676,47.66432392420674],[-117.41107243830241,47.6603313303165],[-117.41107347572907,47.660191009700114],[-117.4032013765134,47.661302838709595],[-117.40288215827646,47.66149766213563],[-117.40213503855213,47.66177601812293],[-117.40005094044693,47.66186992130622],[-117.39541941821653,47.66188002560132],[-117.3935735541371,47.661888476814596]]]},"properties":{"COUNTY":"Spokane","PRECCODE":3106,"PRECNAME":"3106 Spokane","PRECINCT":"Spokane 3106","DESCRIPTIO":"Logan Far South (Riverpoint Village Condos, Gonzaga University)","OFFICE":"County Proposition 1","JURISDICTION":"County","RACE":"Spokane County County Proposition 1","Name_1":"Rejected","Party_1":"No_1","Votes_1":"3","Name_2":"Approved","Party_2":"Yes_1","Votes_2":"1","Name_3":null,"Party_3":null,"Votes_3":"0","Name_4":null,"Party_4":null,"Votes_4":"0","Name_5":null,"Party_5":null,"Votes_5":"0","Name_6":null,"Party_6":null,"Votes_6":"0","Name_7":null,"Party_7":null,"Votes_7":"0","Votes_total":"4","Pct_1":75,"Pct_2":25,"Pct_3":0,"Pct_4":0,"Pct_5":0,"Pct_6":0,"Pct_7":0,"Margin":50}},
{"type":"Feature","geometry":{"type":"Polygon","coordinates":[[[-117.36839546505172,47.66378242419916],[-117.3683790367866,47.66967753463762],[-117.38888311635266,47.6696008881017],[-117.3935735541371,47.661888476814596],[-117.3782102287386,47.66194580643863],[-117.3772002078033,47.66203197252058],[-117.37118958309696,47.66321744904547],[-117.36865993338802,47.663717377705105],[-117.36839546505172,47.66378242419916]]]},"properties":{"COUNTY":"Spokane","PRECCODE":3107,"PRECNAME":"3107 Spokane","PRECINCT":"Spokane 3107","DESCRIPTIO":"Chief Garry Park Southwest (Stone Park, E Boone & Napa)","OFFICE":"County Proposition 1","JURISDICTION":"County","RACE":"Spokane County County Proposition 1","Name_1":"Approved","Party_1":"Yes_1","Votes_1":"4","Name_2":null,"Party_2":null,"Votes_2":"0","Name_3":null,"Party_3":null,"Votes_3":"0","Name_4":null,"Party_4":null,"Votes_4":"0","Name_5":null,"Party_5":null,"Votes_5":"0","Name_6":null,"Party_6":null,"Votes_6":"0","Name_7":null,"Party_7":null,"Votes_7":"0","Votes_total":"4","Pct_1":100,"Pct_2":0,"Pct_3":0,"Pct_4":0,"Pct_5":0,"Pct_6":0,"Pct_7":0,"Margin":100}},
{"type":"Feature","geometry":{"type":"Polygon","coordinates":[[[-117.42655709857961,47.65718419671827],[-117.42651575903457,47.65272111646132],[-117.4112674989453,47.65268040037916],[-117.4111720284314,47.65726646466077],[-117.42655709857961,47.65718419671827]]]},"properties":{"COUNTY":"Spokane","PRECCODE":3109,"PRECNAME":"3109 Spokane","PRECINCT":"Spokane 3109","DESCRIPTIO":"Downtown South (Ridpath Club Apartments, Old Carlyle Affordable Apartments)","OFFICE":"County Proposition 1","JURISDICTION":"County","RACE":"Spokane County County Proposition 1","Name_1":"Approved","Party_1":"Yes_1","Votes_1":"32","Name_2":"Rejected","Party_2":"No_1","Votes_2":"1","Name_3":null,"Party_3":null,"Votes_3":"0","Name_4":null,"Party_4":null,"Votes_4":"0","Name_5":null,"Party_5":null,"Votes_5":"0","Name_6":null,"Party_6":null,"Votes_6":"0","Name_7":null,"Party_7":null,"Votes_7":"0","Votes_total":"33","Pct_1":96.97,"Pct_2":3.03,"Pct_3":0,"Pct_4":0,"Pct_5":0,"Pct_6":0,"Pct_7":0,"Margin":93.94}},
{"type":"Feature","geometry":{"type":"Polygon","coordinates":[[[-117.4111720284314,47.65726646466077],[-117.41112574286981,47.65909340552906],[-117.41107243830241,47.6603313303165],[-117.4111885258676,47.66432392420674],[-117.41117069196862,47.66813430993116],[-117.42666943796361,47.66810759886437],[-117.42662442837212,47.663931890713926],[-117.42661144583403,47.66281644251334],[-117.42656296320393,47.65903545380239],[-117.42655709857961,47.65718419671827],[-117.4111720284314,47.65726646466077]]]},"properties":{"COUNTY":"Spokane","PRECCODE":3110,"PRECNAME":"3110 Spokane","PRECINCT":"Spokane 3110","DESCRIPTIO":"Downtown North (Riverfront West Apartments, Upper Falls Condos)","OFFICE":"County Proposition 1","JURISDICTION":"County","RACE":"Spokane County County Proposition 1","Name_1":"Approved","Party_1":"Yes_1","Votes_1":"93","Name_2":null,"Party_2":null,"Votes_2":"0","Name_3":null,"Party_3":null,"Votes_3":"0","Name_4":null,"Party_4":null,"Votes_4":"0","Name_5":null,"Party_5":null,"Votes_5":"0","Name_6":null,"Party_6":null,"Votes_6":"0","Name_7":null,"Party_7":null,"Votes_7":"0","Votes_total":"93","Pct_1":100,"Pct_2":0,"Pct_3":0,"Pct_4":0,"Pct_5":0,"Pct_6":0,"Pct_7":0,"Margin":100}},
{"type":"Feature","geometry":{"type":"Polygon","coordinates":[[[-117.45632762586187,47.68078224858375],[-117.4710549542969,47.68044662937817],[-117.47492713721995,47.68194087512674],[-117.47485746580853,47.679736041260774],[-117.48044714185552,47.68047696529835],[-117.476064484083,47.672531865820325],[-117.46904453698517,47.66562458356124],[-117.46434930917003,47.665900562456855],[-117.464345851196,47.65722809960556],[-117.46116454943336,47.65723081061509],[-117.45643641250095,47.65981540855277],[-117.4547767136783,47.661992895282744],[-117.4561358852988,47.66425150921862],[-117.45739707410482,47.6648315220377],[-117.4634172459086,47.66635042230602],[-117.46171276795653,47.66850159574088],[-117.45905000820481,47.67456311700795],[-117.45294844259423,47.672393508145504],[-117.44868845244724,47.673455428122914],[-117.44786611318251,47.67460255728074],[-117.44849045354458,47.67806826974326],[-117.45632762586187,47.68078224858375]]]},"properties":{"COUNTY":"Spokane","PRECCODE":3200,"PRECNAME":"3200 Spokane","PRECINCT":"Spokane 3200","DESCRIPTIO":"West Hills North (River Ridge, Copper River Apartments, College Terrace Apartments)","OFFICE":"County Proposition 1","JURISDICTION":"County","RACE":"Spokane County County Proposition 1","Name_1":"Approved","Party_1":"Yes_1","Votes_1":"3","Name_2":null,"Party_2":null,"Votes_2":"0","Name_3":null,"Party_3":null,"Votes_3":"0","Name_4":null,"Party_4":null,"Votes_4":"0","Name_5":null,"Party_5":null,"Votes_5":"0","Name_6":null,"Party_6":null,"Votes_6":"0","Name_7":null,"Party_7":null,"Votes_7":"0","Votes_total":"3","Pct_1":100,"Pct_2":0,"Pct_3":0,"Pct_4":0,"Pct_5":0,"Pct_6":0,"Pct_7":0,"Margin":100}},
{"type":"Feature","geometry":{"type":"Polygon","coordinates":[[[-117.4112674989453,47.65268040037916],[-117.39539077002775,47.652277141345095],[-117.38866561860661,47.65391385090685],[-117.38804701635814,47.65396553886475],[-117.38715862387843,47.653978188153566],[-117.36889696977872,47.65405483912409],[-117.36571329867182,47.65404230310879],[-117.35536147600291,47.65397060348227],[-117.3469972179792,47.653973343589705],[-117.34699061213061,47.6572605733979],[-117.34682972531968,47.667279520871624],[-117.34682848701351,47.67097320001023],[-117.3530496758311,47.67084584689923],[-117.35825995941059,47.66923071275398],[-117.36810989986971,47.66385265769184],[-117.36865993338802,47.663717377705105],[-117.37118958309696,47.66321744904547],[-117.3772002078033,47.66203197252058],[-117.3782102287386,47.66194580643863],[-117.39541941821653,47.66188002560132],[-117.40005094044693,47.66186992130622],[-117.40213503855213,47.66177601812293],[-117.40288215827646,47.66149766213563],[-117.4032013765134,47.661302838709595],[-117.41107347572907,47.660191009700114],[-117.41112574286981,47.65909340552906],[-117.4111720284314,47.65726646466077],[-117.4112674989453,47.65268040037916]]]},"properties":{"COUNTY":"Spokane","PRECCODE":3201,"PRECNAME":"3201 Spokane","PRECINCT":"Spokane 3201","DESCRIPTIO":"East Central Far North (Libby Center School, Buder Haven Apartments)","OFFICE":"County Proposition 1","JURISDICTION":"County","RACE":"Spokane County County Proposition 1","Name_1":"Rejected","Party_1":"No_1","Votes_1":"1","Name_2":null,"Party_2":null,"Votes_2":"0","Name_3":null,"Party_3":null,"Votes_3":"0","Name_4":null,"Party_4":null,"Votes_4":"0","Name_5":null,"Party_5":null,"Votes_5":"0","Name_6":null,"Party_6":null,"Votes_6":"0","Name_7":null,"Party_7":null,"Votes_7":"0","Votes_total":"1","Pct_1":100,"Pct_2":0,"Pct_3":0,"Pct_4":0,"Pct_5":0,"Pct_6":0,"Pct_7":0,"Margin":100}},
{"type":"Feature","geometry":{"type":"Polygon","coordinates":[[[-117.37517067699113,47.65001486865568],[-117.3751750782584,47.64864304582171],[-117.37514514883934,47.64756424325646],[-117.36309874466272,47.64541073730566],[-117.36306061822094,47.64332284786654],[-117.3630756092349,47.64275724317043],[-117.36045340578347,47.64275835920599],[-117.3600293679011,47.64289043544918],[-117.35918959327186,47.6423568749881],[-117.35772327520291,47.64328413588539],[-117.35770494904837,47.65001543542557],[-117.36835414189997,47.650040649916704],[-117.37517067699113,47.65001486865568]]]},"properties":{"COUNTY":"Spokane","PRECCODE":3202,"PRECNAME":"3202 Spokane","PRECINCT":"Spokane 3202","DESCRIPTIO":"East Central East (Underhill Park, Ray Place)","OFFICE":"County Proposition 1","JURISDICTION":"County","RACE":"Spokane County County Proposition 1","Name_1":"Rejected","Party_1":"No_1","Votes_1":"5","Name_2":null,"Party_2":null,"Votes_2":"0","Name_3":null,"Party_3":null,"Votes_3":"0","Name_4":null,"Party_4":null,"Votes_4":"0","Name_5":null,"Party_5":null,"Votes_5":"0","Name_6":null,"Party_6":null,"Votes_6":"0","Name_7":null,"Party_7":null,"Votes_7":"0","Votes_total":"5","Pct_1":100,"Pct_2":0,"Pct_3":0,"Pct_4":0,"Pct_5":0,"Pct_6":0,"Pct_7":0,"Margin":100}},
{"type":"Feature","geometry":{"type":"Polygon","coordinates":[[[-117.4112674989453,47.65268040037916],[-117.42651575903457,47.65272111646132],[-117.42644236154825,47.6475581054267],[-117.4264060700129,47.64728193666145],[-117.42491908927971,47.6472863481757],[-117.42249101884677,47.64678485481034],[-117.42196918929135,47.647375704363306],[-117.42150844462844,47.64745475725764],[-117.41969079243377,47.647262109212384],[-117.41789711886959,47.646749273632196],[-117.4167291093798,47.64626178414584],[-117.4158772150857,47.645981264774655],[-117.4143891994435,47.64579859383734],[-117.41303784020114,47.645855954989166],[-117.41242686417881,47.64617150736801],[-117.41138192887635,47.64530928950746],[-117.41140598354468,47.64558845668516],[-117.41144314402482,47.646612177089274],[-117.4112674989453,47.65268040037916]]]},"properties":{"COUNTY":"Spokane","PRECCODE":3204,"PRECNAME":"3204 Spokane","PRECINCT":"Spokane 3204","DESCRIPTIO":"Medical District West (Kempis Apartments, South Hill Heights Apartments, Marycliff Manor Condos)","OFFICE":"County Proposition 1","JURISDICTION":"County","RACE":"Spokane County County Proposition 1","Name_1":"Approved","Party_1":"Yes_1","Votes_1":"19","Name_2":"Rejected","Party_2":"No_1","Votes_2":"2","Name_3":null,"Party_3":null,"Votes_3":"0","Name_4":null,"Party_4":null,"Votes_4":"0","Name_5":null,"Party_5":null,"Votes_5":"0","Name_6":null,"Party_6":null,"Votes_6":"0","Name_7":null,"Party_7":null,"Votes_7":"0","Votes_total":"21","Pct_1":90.48,"Pct_2":9.52,"Pct_3":0,"Pct_4":0,"Pct_5":0,"Pct_6":0,"Pct_7":0,"Margin":80.96}},
{"type":"Feature","geometry":{"type":"Polygon","coordinates":[[[-117.37917921829197,47.64737069381068],[-117.37917718150815,47.64847363946492],[-117.37514514883934,47.64756424325646],[-117.3751750782584,47.64864304582171],[-117.37516121160697,47.649130977933446],[-117.37521112218849,47.654029983834434],[-117.38776415316296,47.65397287551945],[-117.38804701635814,47.65396553886475],[-117.38866561860661,47.65391385090685],[-117.38993088289891,47.64726593683478],[-117.37952631822795,47.647292952252165],[-117.37933266789095,47.647306092201184],[-117.37917921829197,47.64737069381068]]]},"properties":{"COUNTY":"Spokane","PRECCODE":3207,"PRECNAME":"3207 Spokane","PRECINCT":"Spokane 3207","DESCRIPTIO":"East Central North (East Center Community Center, Liberty Park)","OFFICE":"County Proposition 1","JURISDICTION":"County","RACE":"Spokane County County Proposition 1","Name_1":"Rejected","Party_1":"No_1","Votes_1":"124","Name_2":null,"Party_2":null,"Votes_2":"0","Name_3":null,"Party_3":null,"Votes_3":"0","Name_4":null,"Party_4":null,"Votes_4":"0","Name_5":null,"Party_5":null,"Votes_5":"0","Name_6":null,"Party_6":null,"Votes_6":"0","Name_7":null,"Party_7":null,"Votes_7":"0","Votes_total":"124","Pct_1":100,"Pct_2":0,"Pct_3":0,"Pct_4":0,"Pct_5":0,"Pct_6":0,"Pct_7":0,"Margin":100}},
{"type":"Feature","geometry":{"type":"Polygon","coordinates":[[[-117.35770494904837,47.65001543542557],[-117.35769024575679,47.65350312236904],[-117.35767765331407,47.653988057522966],[-117.36775070900127,47.65405255802025],[-117.37521112218849,47.654029983834434],[-117.37517067699113,47.65001486865568],[-117.36835414189997,47.650040649916704],[-117.35770494904837,47.65001543542557]]]},"properties":{"COUNTY":"Spokane","PRECCODE":3208,"PRECNAME":"3208 Spokane","PRECINCT":"Spokane 3208","DESCRIPTIO":"East Central Northeast (Thor Street Fred Meyer, Mount Zion Holiness Church)","OFFICE":"County Proposition 1","JURISDICTION":"County","RACE":"Spokane County County Proposition 1","Name_1":"Rejected","Party_1":"No_1","Votes_1":"1","Name_2":null,"Party_2":null,"Votes_2":"0","Name_3":null,"Party_3":null,"Votes_3":"0","Name_4":null,"Party_4":null,"Votes_4":"0","Name_5":null,"Party_5":null,"Votes_5":"0","Name_6":null,"Party_6":null,"Votes_6":"0","Name_7":null,"Party_7":null,"Votes_7":"0","Votes_total":"1","Pct_1":100,"Pct_2":0,"Pct_3":0,"Pct_4":0,"Pct_5":0,"Pct_6":0,"Pct_7":0,"Margin":100}},
{"type":"Feature","geometry":{"type":"Polygon","coordinates":[[[-117.34699348210728,47.6475236254338],[-117.34699774658003,47.653973349877035],[-117.35536147600291,47.65397060348227],[-117.35767765331407,47.653988057522966],[-117.35769024575679,47.65350312236904],[-117.35771271426084,47.64755749115075],[-117.34699348210728,47.6475236254338]]]},"properties":{"COUNTY":"Spokane","PRECCODE":3209,"PRECNAME":"3209 Spokane","PRECINCT":"Spokane 3209","DESCRIPTIO":"East Central Far Northeast (Frances Scott Elementary School, E 7th & Myrtle)","OFFICE":"County Proposition 1","JURISDICTION":"County","RACE":"Spokane County County Proposition 1","Name_1":"Rejected","Party_1":"No_1","Votes_1":"2","Name_2":null,"Party_2":null,"Votes_2":"0","Name_3":null,"Party_3":null,"Votes_3":"0","Name_4":null,"Party_4":null,"Votes_4":"0","Name_5":null,"Party_5":null,"Votes_5":"0","Name_6":null,"Party_6":null,"Votes_6":"0","Name_7":null,"Party_7":null,"Votes_7":"0","Votes_total":"2","Pct_1":100,"Pct_2":0,"Pct_3":0,"Pct_4":0,"Pct_5":0,"Pct_6":0,"Pct_7":0,"Margin":100}},
{"type":"Feature","geometry":{"type":"Polygon","coordinates":[[[-117.42644236154825,47.6475581054267],[-117.43409974079891,47.64840943428946],[-117.43501548427155,47.6462946636947],[-117.4338393073783,47.63939492095821],[-117.42642446480943,47.63959620226675],[-117.42640509364276,47.64268280189376],[-117.42791954724882,47.64267916193657],[-117.42792738770582,47.6460146070544],[-117.4279560606855,47.647273180752585],[-117.4264060700129,47.64728193666145],[-117.42644236154825,47.6475581054267]]]},"properties":{"COUNTY":"Spokane","PRECCODE":3210,"PRECNAME":"3210 Spokane","PRECINCT":"Spokane 3210","DESCRIPTIO":"Cliff-Cannon Southwest (Cannon Hill South, Thomas Jeferson Apartments, Spokane Women's Club)","OFFICE":"County Proposition 1","JURISDICTION":"County","RACE":"Spokane County County Proposition 1","Name_1":"Rejected","Party_1":"No_1","Votes_1":"2","Name_2":"Approved","Party_2":"Yes_1","Votes_2":"1","Name_3":null,"Party_3":null,"Votes_3":"0","Name_4":null,"Party_4":null,"Votes_4":"0","Name_5":null,"Party_5":null,"Votes_5":"0","Name_6":null,"Party_6":null,"Votes_6":"0","Name_7":null,"Party_7":null,"Votes_7":"0","Votes_total":"3","Pct_1":66.67,"Pct_2":33.33,"Pct_3":0,"Pct_4":0,"Pct_5":0,"Pct_6":0,"Pct_7":0,"Margin":33.34}},
{"type":"Feature","geometry":{"type":"Polygon","coordinates":[[[-117.42249101884677,47.64678485481034],[-117.42491908927971,47.6472863481757],[-117.4279560606855,47.647273180752585],[-117.42792738770582,47.6460146070544],[-117.42791954724882,47.64267916193657],[-117.42640509364276,47.64268280189376],[-117.42642446310322,47.63959651282557],[-117.424137330747,47.63959920141186],[-117.42413364602702,47.63992889164135],[-117.41676817423333,47.63996233665305],[-117.41680303118241,47.64244197111675],[-117.41690595511078,47.64270161911176],[-117.42176091121684,47.6426945623671],[-117.4209088816762,47.64661608747713],[-117.42249101884677,47.64678485481034]]]},"properties":{"COUNTY":"Spokane","PRECCODE":3211,"PRECNAME":"3211 Spokane","PRECINCT":"Spokane 3211","DESCRIPTIO":"Cliff-Cannon South (Cliff Park West, Cannon Hill Rosauers Market, Cliff House Condos)","OFFICE":"County Proposition 1","JURISDICTION":"County","RACE":"Spokane County County Proposition 1","Name_1":"Rejected","Party_1":"No_1","Votes_1":"5","Name_2":"Approved","Party_2":"Yes_1","Votes_2":"3","Name_3":null,"Party_3":null,"Votes_3":"0","Name_4":null,"Party_4":null,"Votes_4":"0","Name_5":null,"Party_5":null,"Votes_5":"0","Name_6":null,"Party_6":null,"Votes_6":"0","Name_7":null,"Party_7":null,"Votes_7":"0","Votes_total":"8","Pct_1":62.5,"Pct_2":37.5,"Pct_3":0,"Pct_4":0,"Pct_5":0,"Pct_6":0,"Pct_7":0,"Margin":25}},
{"type":"Feature","geometry":{"type":"Polygon","coordinates":[[[-117.4143891994435,47.64579859383734],[-117.4158772150857,47.645981264774655],[-117.4167291093798,47.64626178414584],[-117.41789711886959,47.646749273632196],[-117.41969079243377,47.647262109212384],[-117.42150844462844,47.64745475725764],[-117.42196918929135,47.647375704363306],[-117.42249101884677,47.64678485481034],[-117.4209088816762,47.64661608747713],[-117.42176091121684,47.6426945623671],[-117.41690595511078,47.64270161911176],[-117.41680303118241,47.64244197111675],[-117.41676817423333,47.63996233665305],[-117.41137382234716,47.63998532009512],[-117.41137515324097,47.64242347171598],[-117.41139707525383,47.6427029385641],[-117.41140746474959,47.643780463428584],[-117.4113965254473,47.64432406117866],[-117.41145745582115,47.64458958354082],[-117.41136471579176,47.64489908478185],[-117.41138192887635,47.64530928950746],[-117.41242686417881,47.64617150736801],[-117.41303784020114,47.645855954989166],[-117.4143891994435,47.64579859383734]]]},"properties":{"COUNTY":"Spokane","PRECCODE":3212,"PRECNAME":"3212 Spokane","PRECINCT":"Spokane 3212","DESCRIPTIO":"Cliff-Cannon Southeast (Cliff Park East, Roosevelt Elementary School)","OFFICE":"County Proposition 1","JURISDICTION":"County","RACE":"Spokane County County Proposition 1","Name_1":"Approved","Party_1":"Yes_1","Votes_1":"3","Name_2":"Rejected","Party_2":"No_1","Votes_2":"2","Name_3":null,"Party_3":null,"Votes_3":"0","Name_4":null,"Party_4":null,"Votes_4":"0","Name_5":null,"Party_5":null,"Votes_5":"0","Name_6":null,"Party_6":null,"Votes_6":"0","Name_7":null,"Party_7":null,"Votes_7":"0","Votes_total":"5","Pct_1":60,"Pct_2":40,"Pct_3":0,"Pct_4":0,"Pct_5":0,"Pct_6":0,"Pct_7":0,"Margin":20}},
{"type":"Feature","geometry":{"type":"Polygon","coordinates":[[[-117.39983649894882,47.64170650972533],[-117.41144314402482,47.646612177089274],[-117.41140598354468,47.64558845668516],[-117.41139128475382,47.645508445683284],[-117.41136471579176,47.64489908478185],[-117.41145745582115,47.64458958354082],[-117.4113965254473,47.64432406117866],[-117.41140746474959,47.643780463428584],[-117.41139707525383,47.6427029385641],[-117.41137515324097,47.64242347171598],[-117.41137382234716,47.63998532009512],[-117.40758641683108,47.64002124532577],[-117.40597497221542,47.63587452276314],[-117.3981741322093,47.63554040339169],[-117.39850578134086,47.63600395313352],[-117.39866639786041,47.6365791707792],[-117.39870751823577,47.63688215595206],[-117.39838487826249,47.6379840740795],[-117.39848777249964,47.63938055730401],[-117.39811792737594,47.63966233853192],[-117.3970405790104,47.64002050471138],[-117.3968412508926,47.640314702422295],[-117.39675182456799,47.64108197633741],[-117.39699046371531,47.64161623845682],[-117.39711883820506,47.64171418638143],[-117.39784016318482,47.641884209140365],[-117.39820885186853,47.641864083342995],[-117.39935628638261,47.64172574586158],[-117.39983649894882,47.64170650972533]]]},"properties":{"COUNTY":"Spokane","PRECCODE":3213,"PRECNAME":"3213 Spokane","PRECINCT":"Spokane 3213","DESCRIPTIO":"Rockwood Northwest (Rockwood Terrace, Pinewood Terrace Apartments, E 14th & Grand Blvd)","OFFICE":"County Proposition 1","JURISDICTION":"County","RACE":"Spokane County County Proposition 1","Name_1":"Rejected","Party_1":"No_1","Votes_1":"1","Name_2":null,"Party_2":null,"Votes_2":"0","Name_3":null,"Party_3":null,"Votes_3":"0","Name_4":null,"Party_4":null,"Votes_4":"0","Name_5":null,"Party_5":null,"Votes_5":"0","Name_6":null,"Party_6":null,"Votes_6":"0","Name_7":null,"Party_7":null,"Votes_7":"0","Votes_total":"1","Pct_1":100,"Pct_2":0,"Pct_3":0,"Pct_4":0,"Pct_5":0,"Pct_6":0,"Pct_7":0,"Margin":100}},
{"type":"Feature","geometry":{"type":"Polygon","coordinates":[[[-117.3899691623743,47.64270665384197],[-117.396621794674,47.643635181531714],[-117.39983649894882,47.64170650972533],[-117.39935628638261,47.64172574586158],[-117.39820885186853,47.641864083342995],[-117.39784016318482,47.641884209140365],[-117.39711883820506,47.64171418638143],[-117.39699046371531,47.64161623845682],[-117.39675182456799,47.64108197633741],[-117.3968412508926,47.640314702422295],[-117.3970405790104,47.64002050471138],[-117.39811792737594,47.63966233853192],[-117.39848777249964,47.63938055730401],[-117.39838487826249,47.6379840740795],[-117.39870751823577,47.63688215595206],[-117.39866639786041,47.6365791707792],[-117.39850578134086,47.63600395313352],[-117.39776899190282,47.63519005534141],[-117.39712658420432,47.63482688803094],[-117.39569840368306,47.63431165762672],[-117.39530077090785,47.63425579047709],[-117.39456143119695,47.63433462716414],[-117.39044817198612,47.63435886089518],[-117.3901423156497,47.63433369102966],[-117.39016968336703,47.635575115078154],[-117.3899691623743,47.64270665384197]]]},"properties":{"COUNTY":"Spokane","PRECCODE":3214,"PRECNAME":"3214 Spokane","PRECINCT":"Spokane 3214","DESCRIPTIO":"Rockwood North (E 15th & Southeast Blvd, Overbluff Road)","OFFICE":"County Proposition 1","JURISDICTION":"County","RACE":"Spokane County County Proposition 1","Name_1":"Approved","Party_1":"Yes_1","Votes_1":"8","Name_2":"Rejected","Party_2":"No_1","Votes_2":"3","Name_3":null,"Party_3":null,"Votes_3":"0","Name_4":null,"Party_4":null,"Votes_4":"0","Name_5":null,"Party_5":null,"Votes_5":"0","Name_6":null,"Party_6":null,"Votes_6":"0","Name_7":null,"Party_7":null,"Votes_7":"0","Votes_total":"11","Pct_1":72.73,"Pct_2":27.27,"Pct_3":0,"Pct_4":0,"Pct_5":0,"Pct_6":0,"Pct_7":0,"Margin":45.46}},
{"type":"Feature","geometry":{"type":"Polygon","coordinates":[[[-117.37977341300784,47.6398094170129],[-117.37914477517043,47.64271375830596],[-117.37919346071006,47.642762986702465],[-117.3899691623743,47.64270665384197],[-117.39011639791183,47.63683883788742],[-117.38115283308915,47.63815041556357],[-117.37924391376902,47.6374013152737],[-117.37922878029586,47.6388457383832],[-117.37981315082371,47.639731093075575],[-117.37977341300784,47.6398094170129]]]},"properties":{"COUNTY":"Spokane","PRECCODE":3215,"PRECNAME":"3215 Spokane","PRECINCT":"Spokane 3215","DESCRIPTIO":"Lincoln Heights Northwest (E 15th & Napa, E 18th & Southeast Blvd)","OFFICE":"County Proposition 1","JURISDICTION":"County","RACE":"Spokane County County Proposition 1","Name_1":"Approved","Party_1":"Yes_1","Votes_1":"44","Name_2":null,"Party_2":null,"Votes_2":"0","Name_3":null,"Party_3":null,"Votes_3":"0","Name_4":null,"Party_4":null,"Votes_4":"0","Name_5":null,"Party_5":null,"Votes_5":"0","Name_6":null,"Party_6":null,"Votes_6":"0","Name_7":null,"Party_7":null,"Votes_7":"0","Votes_total":"44","Pct_1":100,"Pct_2":0,"Pct_3":0,"Pct_4":0,"Pct_5":0,"Pct_6":0,"Pct_7":0,"Margin":100}},
{"type":"Feature","geometry":{"type":"Polygon","coordinates":[[[-117.37514514883934,47.64756424325646],[-117.37917718150815,47.64847363946492],[-117.37918691820211,47.64550670068409],[-117.37924026372083,47.64281424222864],[-117.37914477517043,47.64271375830596],[-117.37977341300784,47.6398094170129],[-117.37959329142498,47.63993561807619],[-117.37068631935394,47.64022222146056],[-117.37066140636685,47.63854552283986],[-117.36394818237073,47.63841490781347],[-117.36369908867124,47.63838919929741],[-117.36337207735669,47.63826435333367],[-117.36325461691335,47.63823994071252],[-117.36311387405961,47.63822988619113],[-117.36307814982787,47.64260841599735],[-117.36306061822094,47.64332284786654],[-117.36309874466272,47.64541073730566],[-117.37514514883934,47.64756424325646]]]},"properties":{"COUNTY":"Spokane","PRECCODE":3216,"PRECNAME":"3216 Spokane","PRECINCT":"Spokane 3216","DESCRIPTIO":"Lincoln Heights North (Franklin Elementary School, Altamont Boulevard)","OFFICE":"County Proposition 1","JURISDICTION":"County","RACE":"Spokane County County Proposition 1","Name_1":"Approved","Party_1":"Yes_1","Votes_1":"2","Name_2":null,"Party_2":null,"Votes_2":"0","Name_3":null,"Party_3":null,"Votes_3":"0","Name_4":null,"Party_4":null,"Votes_4":"0","Name_5":null,"Party_5":null,"Votes_5":"0","Name_6":null,"Party_6":null,"Votes_6":"0","Name_7":null,"Party_7":null,"Votes_7":"0","Votes_total":"2","Pct_1":100,"Pct_2":0,"Pct_3":0,"Pct_4":0,"Pct_5":0,"Pct_6":0,"Pct_7":0,"Margin":100}},
{"type":"Feature","geometry":{"type":"Polygon","coordinates":[[[-117.34700086032984,47.64273287902458],[-117.35772366279791,47.642765288775955],[-117.35772327520291,47.64328413588539],[-117.35918959327186,47.6423568749881],[-117.3600293679011,47.64289043544918],[-117.36045340578347,47.64275835920599],[-117.3630756092349,47.64275724317043],[-117.36312827557835,47.63654108640393],[-117.36316878256065,47.63548363331355],[-117.34702118458215,47.63546815581723],[-117.34700086032984,47.64273287902458]]]},"properties":{"COUNTY":"Spokane","PRECCODE":3217,"PRECNAME":"3217 Spokane","PRECINCT":"Spokane 3217","DESCRIPTIO":"Lincoln Heights Northeast (Congress Avenue, St. Peter's Church, Funk Avenue)","OFFICE":"County Proposition 1","JURISDICTION":"County","RACE":"Spokane County County Proposition 1","Name_1":"Approved","Party_1":"Yes_1","Votes_1":"3","Name_2":"Rejected","Party_2":"No_1","Votes_2":"2","Name_3":null,"Party_3":null,"Votes_3":"0","Name_4":null,"Party_4":null,"Votes_4":"0","Name_5":null,"Party_5":null,"Votes_5":"0","Name_6":null,"Party_6":null,"Votes_6":"0","Name_7":null,"Party_7":null,"Votes_7":"0","Votes_total":"5","Pct_1":60,"Pct_2":40,"Pct_3":0,"Pct_4":0,"Pct_5":0,"Pct_6":0,"Pct_7":0,"Margin":20}},
{"type":"Feature","geometry":{"type":"Polygon","coordinates":[[[-117.3981741322093,47.63554040339169],[-117.40597497221542,47.63587452276314],[-117.40558396721046,47.634753205144406],[-117.40377585797049,47.631808399162274],[-117.40075195899662,47.63180831082939],[-117.40078284179246,47.62814557949851],[-117.39848483633554,47.62814414498975],[-117.39277030209205,47.628184267700824],[-117.39276562985849,47.62999835637952],[-117.39011471272995,47.630009463927586],[-117.3901423156497,47.63433369102966],[-117.39044817198612,47.63435886089518],[-117.39456143119695,47.63433462716414],[-117.39530077090785,47.63425579047709],[-117.39569840368306,47.63431165762672],[-117.39712658420432,47.63482688803094],[-117.39776899190282,47.63519005534141],[-117.3981741322093,47.63554040339169]]]},"properties":{"COUNTY":"Spokane","PRECCODE":3218,"PRECNAME":"3218 Spokane","PRECINCT":"Spokane 3218","DESCRIPTIO":"Rockwood South (Hutton Elementary School, Olmsted Triangles)","OFFICE":"County Proposition 1","JURISDICTION":"County","RACE":"Spokane County County Proposition 1","Name_1":"Approved","Party_1":"Yes_1","Votes_1":"43","Name_2":null,"Party_2":null,"Votes_2":"0","Name_3":null,"Party_3":null,"Votes_3":"0","Name_4":null,"Party_4":null,"Votes_4":"0","Name_5":null,"Party_5":null,"Votes_5":"0","Name_6":null,"Party_6":null,"Votes_6":"0","Name_7":null,"Party_7":null,"Votes_7":"0","Votes_total":"43","Pct_1":100,"Pct_2":0,"Pct_3":0,"Pct_4":0,"Pct_5":0,"Pct_6":0,"Pct_7":0,"Margin":100}},
{"type":"Feature","geometry":{"type":"Polygon","coordinates":[[[-117.37068631935394,47.64022222146056],[-117.37959329142498,47.63993561807619],[-117.37981315082371,47.639731093075575],[-117.37922878029586,47.6388457383832],[-117.37932069797739,47.63006882305894],[-117.37530658720647,47.63003459066763],[-117.37008897669722,47.63003476025292],[-117.36916935578466,47.630181242450476],[-117.36885674035433,47.630207096904286],[-117.3631810407392,47.63020150442709],[-117.36317857061644,47.63256923380939],[-117.36317663699204,47.632967973966124],[-117.36317287423682,47.63533359113788],[-117.36312827557835,47.63654108640393],[-117.36311387405961,47.63822988619113],[-117.36325461691335,47.63823994071252],[-117.36337207735669,47.63826435333367],[-117.36369908867124,47.63838919929741],[-117.36394818237073,47.63841490781347],[-117.37066140636685,47.63854552283986],[-117.37068631935394,47.64022222146056]]]},"properties":{"COUNTY":"Spokane","PRECCODE":3220,"PRECNAME":"3220 Spokane","PRECINCT":"Spokane 3220","DESCRIPTIO":"Lincoln Heights Center (Lincoln Park, Rockwood Senior Living, Rockcliffe Apartments)","OFFICE":"County Proposition 1","JURISDICTION":"County","RACE":"Spokane County County Proposition 1","Name_1":"Rejected","Party_1":"No_1","Votes_1":"173","Name_2":"Approved","Party_2":"Yes_1","Votes_2":"125","Name_3":null,"Party_3":null,"Votes_3":"0","Name_4":null,"Party_4":null,"Votes_4":"0","Name_5":null,"Party_5":null,"Votes_5":"0","Name_6":null,"Party_6":null,"Votes_6":"0","Name_7":null,"Party_7":null,"Votes_7":"0","Votes_total":"298","Pct_1":58.05,"Pct_2":41.95,"Pct_3":0,"Pct_4":0,"Pct_5":0,"Pct_6":0,"Pct_7":0,"Margin":16.1}},
{"type":"Feature","geometry":{"type":"Polygon","coordinates":[[[-117.3551540240884,47.62818612336124],[-117.35514477885755,47.635474314160504],[-117.36316878256065,47.63548363331355],[-117.36317663699204,47.632967973966124],[-117.36317857061644,47.63256923380939],[-117.36318609917059,47.62933886500884],[-117.36050096986743,47.62933459373389],[-117.36052048928636,47.628195728529725],[-117.3551540240884,47.62818612336124]]]},"properties":{"COUNTY":"Spokane","PRECCODE":3221,"PRECNAME":"3221 Spokane","PRECINCT":"Spokane 3221","DESCRIPTIO":"Lincoln Heights East (Lincoln Heights Elementary School, Lincoln Heights Community Church)","OFFICE":"County Proposition 1","JURISDICTION":"County","RACE":"Spokane County County Proposition 1","Name_1":"Rejected","Party_1":"No_1","Votes_1":"177","Name_2":"Approved","Party_2":"Yes_1","Votes_2":"140","Name_3":null,"Party_3":null,"Votes_3":"0","Name_4":null,"Party_4":null,"Votes_4":"0","Name_5":null,"Party_5":null,"Votes_5":"0","Name_6":null,"Party_6":null,"Votes_6":"0","Name_7":null,"Party_7":null,"Votes_7":"0","Votes_total":"317","Pct_1":55.84,"Pct_2":44.16,"Pct_3":0,"Pct_4":0,"Pct_5":0,"Pct_6":0,"Pct_7":0,"Margin":11.68}},
{"type":"Feature","geometry":{"type":"Polygon","coordinates":[[[-117.35249198681691,47.62090146389669],[-117.35247690639704,47.62818112442413],[-117.36052048928636,47.628195728529725],[-117.36049178112575,47.62597830999691],[-117.36053761971822,47.62212223513765],[-117.3605173341576,47.62164564754806],[-117.36052200201533,47.620909092917],[-117.3578445725106,47.6208961500934],[-117.35500540763148,47.62090825788597],[-117.35249198681691,47.62090146389669]]]},"properties":{"COUNTY":"Spokane","PRECCODE":3222,"PRECNAME":"3222 Spokane","PRECINCT":"Spokane 3222","DESCRIPTIO":"Lincoln Heights Southeast (Haase's Greenhouse, E 30th & Rebecca)","OFFICE":"County Proposition 1","JURISDICTION":"County","RACE":"Spokane County County Proposition 1","Name_1":"Rejected","Party_1":"No_1","Votes_1":"157","Name_2":"Approved","Party_2":"Yes_1","Votes_2":"120","Name_3":null,"Party_3":null,"Votes_3":"0","Name_4":null,"Party_4":null,"Votes_4":"0","Name_5":null,"Party_5":null,"Votes_5":"0","Name_6":null,"Party_6":null,"Votes_6":"0","Name_7":null,"Party_7":null,"Votes_7":"0","Votes_total":"277","Pct_1":56.68,"Pct_2":43.32,"Pct_3":0,"Pct_4":0,"Pct_5":0,"Pct_6":0,"Pct_7":0,"Margin":13.36}},
{"type":"Feature","geometry":{"type":"Polygon","coordinates":[[[-117.38993088289891,47.64726593683478],[-117.3899691623743,47.64270665384197],[-117.37919346071006,47.642762986702465],[-117.37924026372083,47.64281424222864],[-117.37918691820211,47.64550670068409],[-117.37917921829197,47.64737069381068],[-117.37933266789095,47.647306092201184],[-117.37952631822795,47.647292952252165],[-117.38993088289891,47.64726593683478]]]},"properties":{"COUNTY":"Spokane","PRECCODE":3223,"PRECNAME":"3223 Spokane","PRECINCT":"Spokane 3223","DESCRIPTIO":"East Central South (E 13th & Napa, Perry District East)","OFFICE":"County Proposition 1","JURISDICTION":"County","RACE":"Spokane County County Proposition 1","Name_1":"Rejected","Party_1":"No_1","Votes_1":"214","Name_2":"Approved","Party_2":"Yes_1","Votes_2":"172","Name_3":null,"Party_3":null,"Votes_3":"0","Name_4":null,"Party_4":null,"Votes_4":"0","Name_5":null,"Party_5":null,"Votes_5":"0","Name_6":null,"Party_6":null,"Votes_6":"0","Name_7":null,"Party_7":null,"Votes_7":"0","Votes_total":"386","Pct_1":55.44,"Pct_2":44.56,"Pct_3":0,"Pct_4":0,"Pct_5":0,"Pct_6":0,"Pct_7":0,"Margin":10.88}},
{"type":"Feature","geometry":{"type":"Polygon","coordinates":[[[-117.37932069797739,47.63006882305894],[-117.37924391376902,47.6374013152737],[-117.38115283308915,47.63815041556357],[-117.39011639791183,47.63683883788742],[-117.39016968336703,47.635575115078154],[-117.3901423156497,47.63433369102966],[-117.38548066653495,47.63405060783165],[-117.3846862346556,47.62998894854136],[-117.37932069797739,47.63006882305894]]]},"properties":{"COUNTY":"Spokane","PRECCODE":3224,"PRECNAME":"3224 Spokane","PRECINCT":"Spokane 3224","DESCRIPTIO":"Rockwood East (Rockwood Place, E 25th & Napa)","OFFICE":"County Proposition 1","JURISDICTION":"County","RACE":"Spokane County County Proposition 1","Name_1":"Rejected","Party_1":"No_1","Votes_1":"23","Name_2":"Approved","Party_2":"Yes_1","Votes_2":"14","Name_3":null,"Party_3":null,"Votes_3":"0","Name_4":null,"Party_4":null,"Votes_4":"0","Name_5":null,"Party_5":null,"Votes_5":"0","Name_6":null,"Party_6":null,"Votes_6":"0","Name_7":null,"Party_7":null,"Votes_7":"0","Votes_total":"37","Pct_1":62.16,"Pct_2":37.84,"Pct_3":0,"Pct_4":0,"Pct_5":0,"Pct_6":0,"Pct_7":0,"Margin":24.32}},
{"type":"Feature","geometry":{"type":"Polygon","coordinates":[[[-117.3551540240884,47.62818612336124],[-117.34705373892417,47.62817122108027],[-117.34700902323897,47.63442031118894],[-117.34702118458215,47.63546815581723],[-117.35514477885755,47.635474314160504],[-117.3551540240884,47.62818612336124]]]},"properties":{"COUNTY":"Spokane","PRECCODE":3225,"PRECNAME":"3225 Spokane","PRECINCT":"Spokane 3225","DESCRIPTIO":"Lincoln Heights Far East (E 22nd & Myrtle, E 28th & Cuba)","OFFICE":"County Proposition 1","JURISDICTION":"County","RACE":"Spokane County County Proposition 1","Name_1":"Approved","Party_1":"Yes_1","Votes_1":"89","Name_2":"Rejected","Party_2":"No_1","Votes_2":"37","Name_3":null,"Party_3":null,"Votes_3":"0","Name_4":null,"Party_4":null,"Votes_4":"0","Name_5":null,"Party_5":null,"Votes_5":"0","Name_6":null,"Party_6":null,"Votes_6":"0","Name_7":null,"Party_7":null,"Votes_7":"0","Votes_total":"126","Pct_1":70.63,"Pct_2":29.37,"Pct_3":0,"Pct_4":0,"Pct_5":0,"Pct_6":0,"Pct_7":0,"Margin":41.26}},
{"type":"Feature","geometry":{"type":"Polygon","coordinates":[[[-117.35771271426084,47.64755749115075],[-117.35772366279791,47.642765288775955],[-117.34700086032984,47.64273287902458],[-117.34699348210728,47.6475236254338],[-117.35771271426084,47.64755749115075]]]},"properties":{"COUNTY":"Spokane","PRECCODE":3226,"PRECNAME":"3226 Spokane","PRECINCT":"Spokane 3226","DESCRIPTIO":"East Central Far Southeast (Pratt Avenue, E 13th & Myrtle)","OFFICE":"County Proposition 1","JURISDICTION":"County","RACE":"Spokane County County Proposition 1","Name_1":"Approved","Party_1":"Yes_1","Votes_1":"41","Name_2":"Rejected","Party_2":"No_1","Votes_2":"21","Name_3":null,"Party_3":null,"Votes_3":"0","Name_4":null,"Party_4":null,"Votes_4":"0","Name_5":null,"Party_5":null,"Votes_5":"0","Name_6":null,"Party_6":null,"Votes_6":"0","Name_7":null,"Party_7":null,"Votes_7":"0","Votes_total":"62","Pct_1":66.13,"Pct_2":33.87,"Pct_3":0,"Pct_4":0,"Pct_5":0,"Pct_6":0,"Pct_7":0,"Margin":32.26}},
{"type":"Feature","geometry":{"type":"Polygon","coordinates":[[[-117.44344009816028,47.6137497854154],[-117.4438163900218,47.615028805265894],[-117.44604304405352,47.62224398807029],[-117.45175458699941,47.64103592564069],[-117.4483770892972,47.64101056203068],[-117.45013443694556,47.64534712578372],[-117.4505970751027,47.64599905459351],[-117.4507667395991,47.646169294614374],[-117.45139473730183,47.64671572898684],[-117.47223693760381,47.63756304099444],[-117.47192122568164,47.63723647264003],[-117.47179977339802,47.637126844381484],[-117.47162265305921,47.636890765206054],[-117.47151275191274,47.636657008419455],[-117.47150136199497,47.636641786420526],[-117.47218271339554,47.63544966665092],[-117.47325039571092,47.63202054466364],[-117.46465726695547,47.631991706921866],[-117.46465664119945,47.61382400208731],[-117.45395465037194,47.61377791812208],[-117.44414052291974,47.61376545025304],[-117.44344009816028,47.6137497854154]]]},"properties":{"COUNTY":"Spokane","PRECCODE":3227,"PRECNAME":"3227 Spokane","PRECINCT":"Spokane 3227","DESCRIPTIO":"Thorpe/Westwood (Grandview, Canyon Woods, Westwood Hills, Canyon Bluffs Apartments)","OFFICE":"County Proposition 1","JURISDICTION":"County","RACE":"Spokane County County Proposition 1","Name_1":"Approved","Party_1":"Yes_1","Votes_1":"86","Name_2":"Rejected","Party_2":"No_1","Votes_2":"38","Name_3":null,"Party_3":null,"Votes_3":"0","Name_4":null,"Party_4":null,"Votes_4":"0","Name_5":null,"Party_5":null,"Votes_5":"0","Name_6":null,"Party_6":null,"Votes_6":"0","Name_7":null,"Party_7":null,"Votes_7":"0","Votes_total":"124","Pct_1":69.35,"Pct_2":30.65,"Pct_3":0,"Pct_4":0,"Pct_5":0,"Pct_6":0,"Pct_7":0,"Margin":38.7}},
{"type":"Feature","geometry":{"type":"Polygon","coordinates":[[[-117.44413065665627,47.64912025668154],[-117.44521550935103,47.64934404271027],[-117.44639702474693,47.648892539536476],[-117.44766341043503,47.648351204038654],[-117.45139473730183,47.64671572898684],[-117.4507667395991,47.646169294614374],[-117.4505970751027,47.64599905459351],[-117.45013443694556,47.64534712578372],[-117.4483770892972,47.64101056203068],[-117.45175458699941,47.64103592564069],[-117.44604304405352,47.62224398807029],[-117.4438163900218,47.615028805265894],[-117.44344009816028,47.6137497854154],[-117.42992894825407,47.61373311374064],[-117.43068042242766,47.612801493753445],[-117.43094890226607,47.612477036081586],[-117.42179882495385,47.612831084333706],[-117.42177552815932,47.61386488023756],[-117.43259375717567,47.62108485668149],[-117.43252975510306,47.628238104698575],[-117.43488234669684,47.62825968704826],[-117.43486894906971,47.63590096262564],[-117.44413065665627,47.64912025668154]]]},"properties":{"COUNTY":"Spokane","PRECCODE":3228,"PRECNAME":"3228 Spokane","PRECINCT":"Spokane 3228","DESCRIPTIO":"Latah Valley Far North (Wentel Grant Park, Cascade Senior MHP)","OFFICE":"County Proposition 1","JURISDICTION":"County","RACE":"Spokane County County Proposition 1","Name_1":"Approved","Party_1":"Yes_1","Votes_1":"98","Name_2":"Rejected","Party_2":"No_1","Votes_2":"52","Name_3":null,"Party_3":null,"Votes_3":"0","Name_4":null,"Party_4":null,"Votes_4":"0","Name_5":null,"Party_5":null,"Votes_5":"0","Name_6":null,"Party_6":null,"Votes_6":"0","Name_7":null,"Party_7":null,"Votes_7":"0","Votes_total":"150","Pct_1":65.33,"Pct_2":34.67,"Pct_3":0,"Pct_4":0,"Pct_5":0,"Pct_6":0,"Pct_7":0,"Margin":30.66}},
{"type":"Feature","geometry":{"type":"Polygon","coordinates":[[[-117.43501548427155,47.6462946636947],[-117.4416965082025,47.64637389309122],[-117.44413065665627,47.64912025668154],[-117.43486894906971,47.63590096262564],[-117.43488234669684,47.62825968704826],[-117.43252975510306,47.628238104698575],[-117.42786570434079,47.628200674472254],[-117.42793509238669,47.638566639862454],[-117.42641981207736,47.6385651279773],[-117.42642446480943,47.63959620226675],[-117.4338393073783,47.63939492095821],[-117.43501548427155,47.6462946636947]]]},"properties":{"COUNTY":"Spokane","PRECCODE":3229,"PRECNAME":"3229 Spokane","PRECINCT":"Spokane 3229","DESCRIPTIO":"Manito-Cannon Hill West (Polly Judd Park, High Drive Conservation Area)","OFFICE":"County Proposition 1","JURISDICTION":"County","RACE":"Spokane County County Proposition 1","Name_1":"Approved","Party_1":"Yes_1","Votes_1":"31","Name_2":"Rejected","Party_2":"No_1","Votes_2":"17","Name_3":null,"Party_3":null,"Votes_3":"0","Name_4":null,"Party_4":null,"Votes_4":"0","Name_5":null,"Party_5":null,"Votes_5":"0","Name_6":null,"Party_6":null,"Votes_6":"0","Name_7":null,"Party_7":null,"Votes_7":"0","Votes_total":"48","Pct_1":64.58,"Pct_2":35.42,"Pct_3":0,"Pct_4":0,"Pct_5":0,"Pct_6":0,"Pct_7":0,"Margin":29.16}},
{"type":"Feature","geometry":{"type":"Polygon","coordinates":[[[-117.41948685306937,47.639948771170744],[-117.42413364602702,47.63992889164135],[-117.424137330747,47.63959920141186],[-117.42642446310322,47.63959651282557],[-117.42641981207736,47.6385651279773],[-117.42793509238669,47.638566639862454],[-117.42786570434079,47.628200674472254],[-117.42078938827206,47.62821122433307],[-117.42073969735432,47.631739411910814],[-117.42072589951566,47.63193413738014],[-117.42072001513007,47.63263353605497],[-117.41948685306937,47.639948771170744]]]},"properties":{"COUNTY":"Spokane","PRECCODE":3230,"PRECNAME":"3230 Spokane","PRECINCT":"Spokane 3230","DESCRIPTIO":"Manito-Cannon Hill Center (Cannon Hill Park, Wilson Elementary School)","OFFICE":"County Proposition 1","JURISDICTION":"County","RACE":"Spokane County County Proposition 1","Name_1":"Approved","Party_1":"Yes_1","Votes_1":"73","Name_2":"Rejected","Party_2":"No_1","Votes_2":"26","Name_3":null,"Party_3":null,"Votes_3":"0","Name_4":null,"Party_4":null,"Votes_4":"0","Name_5":null,"Party_5":null,"Votes_5":"0","Name_6":null,"Party_6":null,"Votes_6":"0","Name_7":null,"Party_7":null,"Votes_7":"0","Votes_total":"99","Pct_1":73.74,"Pct_2":26.26,"Pct_3":0,"Pct_4":0,"Pct_5":0,"Pct_6":0,"Pct_7":0,"Margin":47.48}},
{"type":"Feature","geometry":{"type":"Polygon","coordinates":[[[-117.40758641683108,47.64002124532577],[-117.41066225796327,47.64002643286609],[-117.41134749557149,47.639985597976576],[-117.41162793821455,47.63998264298638],[-117.41948685306937,47.639948771170744],[-117.42072001513007,47.63263353605497],[-117.42073361482366,47.631825251606365],[-117.41698203378884,47.63181708762754],[-117.41610609501187,47.631822834397035],[-117.41116256026548,47.6318004343525],[-117.40377585797049,47.631808399162274],[-117.40558396721046,47.634753205144406],[-117.40758641683108,47.64002124532577]]]},"properties":{"COUNTY":"Spokane","PRECCODE":3231,"PRECNAME":"3231 Spokane","PRECINCT":"Spokane 3231","DESCRIPTIO":"Manito-Cannon Hill Northeast (Manito Park, W 24th & Bernard)","OFFICE":"County Proposition 1","JURISDICTION":"County","RACE":"Spokane County County Proposition 1","Name_1":"Approved","Party_1":"Yes_1","Votes_1":"8","Name_2":"Rejected","Party_2":"No_1","Votes_2":"3","Name_3":null,"Party_3":null,"Votes_3":"0","Name_4":null,"Party_4":null,"Votes_4":"0","Name_5":null,"Party_5":null,"Votes_5":"0","Name_6":null,"Party_6":null,"Votes_6":"0","Name_7":null,"Party_7":null,"Votes_7":"0","Votes_total":"11","Pct_1":72.73,"Pct_2":27.27,"Pct_3":0,"Pct_4":0,"Pct_5":0,"Pct_6":0,"Pct_7":0,"Margin":45.46}},
{"type":"Feature","geometry":{"type":"Polygon","coordinates":[[[-117.40078284179246,47.62814557949851],[-117.40075195899662,47.63180831082939],[-117.41116256026548,47.6318004343525],[-117.41610609501187,47.631822834397035],[-117.41698203378884,47.63181708762754],[-117.42073361482366,47.631825251606365],[-117.42078938827206,47.62821122433307],[-117.41792759324636,47.62819965457233],[-117.41708938609365,47.62820541441807],[-117.411260020364,47.62817878742118],[-117.40303301653235,47.628158598219464],[-117.40078284179246,47.62814557949851]]]},"properties":{"COUNTY":"Spokane","PRECCODE":3232,"PRECNAME":"3232 Spokane","PRECINCT":"Spokane 3232","DESCRIPTIO":"Manito-Cannon Hill Northwest (Manito Masonic Temple, W 28th & Bernard)","OFFICE":"County Proposition 1","JURISDICTION":"County","RACE":"Spokane County County Proposition 1","Name_1":"Rejected","Party_1":"No_1","Votes_1":"5","Name_2":"Approved","Party_2":"Yes_1","Votes_2":"1","Name_3":null,"Party_3":null,"Votes_3":"0","Name_4":null,"Party_4":null,"Votes_4":"0","Name_5":null,"Party_5":null,"Votes_5":"0","Name_6":null,"Party_6":null,"Votes_6":"0","Name_7":null,"Party_7":null,"Votes_7":"0","Votes_total":"6","Pct_1":83.33,"Pct_2":16.67,"Pct_3":0,"Pct_4":0,"Pct_5":0,"Pct_6":0,"Pct_7":0,"Margin":66.66}},
{"type":"Feature","geometry":{"type":"Polygon","coordinates":[[[-117.40191291080008,47.62085079689568],[-117.40180812479558,47.621300907871984],[-117.40178318937195,47.6281516739421],[-117.40303301653235,47.628158598219464],[-117.411260020364,47.62817878742118],[-117.41686266075813,47.62820462639362],[-117.41667731548111,47.62096385851267],[-117.40191291080008,47.62085079689568]]]},"properties":{"COUNTY":"Spokane","PRECCODE":3234,"PRECNAME":"3234 Spokane","PRECINCT":"Spokane 3234","DESCRIPTIO":"Comstock North (Sacajawea Middle School, W 36th & Bernard)","OFFICE":"County Proposition 1","JURISDICTION":"County","RACE":"Spokane County County Proposition 1","Name_1":"Rejected","Party_1":"No_1","Votes_1":"35","Name_2":"Approved","Party_2":"Yes_1","Votes_2":"16","Name_3":null,"Party_3":null,"Votes_3":"0","Name_4":null,"Party_4":null,"Votes_4":"0","Name_5":null,"Party_5":null,"Votes_5":"0","Name_6":null,"Party_6":null,"Votes_6":"0","Name_7":null,"Party_7":null,"Votes_7":"0","Votes_total":"51","Pct_1":68.63,"Pct_2":31.37,"Pct_3":0,"Pct_4":0,"Pct_5":0,"Pct_6":0,"Pct_7":0,"Margin":37.26}},
{"type":"Feature","geometry":{"type":"Polygon","coordinates":[[[-117.3900438492803,47.62083673156567],[-117.3900974178473,47.62712753731899],[-117.39009589091764,47.628189834775796],[-117.39848483633554,47.62814414498975],[-117.40178318937195,47.6281516739421],[-117.40180812479558,47.621300907871984],[-117.40191291080008,47.62085079689568],[-117.3900438492803,47.62083673156567]]]},"properties":{"COUNTY":"Spokane","PRECCODE":3235,"PRECNAME":"3235 Spokane","PRECINCT":"Spokane 3235","DESCRIPTIO":"Comstock Northeast (South Hill Public Library, E 36th & Grand Blvd)","OFFICE":"County Proposition 1","JURISDICTION":"County","RACE":"Spokane County County Proposition 1","Name_1":"Rejected","Party_1":"No_1","Votes_1":"31","Name_2":"Approved","Party_2":"Yes_1","Votes_2":"24","Name_3":null,"Party_3":null,"Votes_3":"0","Name_4":null,"Party_4":null,"Votes_4":"0","Name_5":null,"Party_5":null,"Votes_5":"0","Name_6":null,"Party_6":null,"Votes_6":"0","Name_7":null,"Party_7":null,"Votes_7":"0","Votes_total":"55","Pct_1":56.36,"Pct_2":43.64,"Pct_3":0,"Pct_4":0,"Pct_5":0,"Pct_6":0,"Pct_7":0,"Margin":12.72}},
{"type":"Feature","geometry":{"type":"Polygon","coordinates":[[[-117.39009589091764,47.628189834775796],[-117.3900694872134,47.623350732569804],[-117.39003836533011,47.62091039237473],[-117.37931304861054,47.62093061300871],[-117.37933753726273,47.62822335572768],[-117.39009589091764,47.628189834775796]]]},"properties":{"COUNTY":"Spokane","PRECCODE":3236,"PRECNAME":"3236 Spokane","PRECINCT":"Spokane 3236","DESCRIPTIO":"Lincoln Heights Far Southwest (St. Peter Catholic Church, Touchmark Senior Living, Julia Court)","OFFICE":"County Proposition 1","JURISDICTION":"County","RACE":"Spokane County County Proposition 1","Name_1":"Rejected","Party_1":"No_1","Votes_1":"52","Name_2":"Approved","Party_2":"Yes_1","Votes_2":"22","Name_3":null,"Party_3":null,"Votes_3":"0","Name_4":null,"Party_4":null,"Votes_4":"0","Name_5":null,"Party_5":null,"Votes_5":"0","Name_6":null,"Party_6":null,"Votes_6":"0","Name_7":null,"Party_7":null,"Votes_7":"0","Votes_total":"74","Pct_1":70.27,"Pct_2":29.73,"Pct_3":0,"Pct_4":0,"Pct_5":0,"Pct_6":0,"Pct_7":0,"Margin":40.54}},
{"type":"Feature","geometry":{"type":"Polygon","coordinates":[[[-117.36860164958979,47.620937627016055],[-117.37031519590046,47.63003335062561],[-117.37530658720647,47.63003459066763],[-117.37932069797739,47.63006882305894],[-117.37931304861054,47.62093061300871],[-117.36860164958979,47.620937627016055]]]},"properties":{"COUNTY":"Spokane","PRECCODE":3237,"PRECNAME":"3237 Spokane","PRECINCT":"Spokane 3237","DESCRIPTIO":"Lincoln Heights Southwest (Lincoln Heights Senior Apartments, Lincoln Heights Park & Ride)","OFFICE":"County Proposition 1","JURISDICTION":"County","RACE":"Spokane County County Proposition 1","Name_1":"Rejected","Party_1":"No_1","Votes_1":"15","Name_2":"Approved","Party_2":"Yes_1","Votes_2":"7","Name_3":null,"Party_3":null,"Votes_3":"0","Name_4":null,"Party_4":null,"Votes_4":"0","Name_5":null,"Party_5":null,"Votes_5":"0","Name_6":null,"Party_6":null,"Votes_6":"0","Name_7":null,"Party_7":null,"Votes_7":"0","Votes_total":"22","Pct_1":68.18,"Pct_2":31.82,"Pct_3":0,"Pct_4":0,"Pct_5":0,"Pct_6":0,"Pct_7":0,"Margin":36.36}},
{"type":"Feature","geometry":{"type":"Polygon","coordinates":[[[-117.36052048928636,47.628195728529725],[-117.36050096986743,47.62933459373389],[-117.36318609917059,47.62933886500884],[-117.3631810407392,47.63020150442709],[-117.36885674035433,47.630207096904286],[-117.36916935578466,47.630181242450476],[-117.37008897669722,47.63003476025292],[-117.37031519590046,47.63003335062561],[-117.36860164958979,47.620937627016055],[-117.3609413295498,47.62092016049351],[-117.36052200201533,47.620909092917],[-117.3605173341576,47.62164564754806],[-117.36053761971822,47.62212223513765],[-117.36049178112575,47.62597830999691],[-117.36052048928636,47.628195728529725]]]},"properties":{"COUNTY":"Spokane","PRECCODE":3238,"PRECNAME":"3238 Spokane","PRECINCT":"Spokane 3238","DESCRIPTIO":"Lincoln Heights South (Adams Elementary School, E 29th & Ray, Garden Terrace Apartments)","OFFICE":"County Proposition 1","JURISDICTION":"County","RACE":"Spokane County County Proposition 1","Name_1":"Rejected","Party_1":"No_1","Votes_1":"18","Name_2":"Approved","Party_2":"Yes_1","Votes_2":"10","Name_3":null,"Party_3":null,"Votes_3":"0","Name_4":null,"Party_4":null,"Votes_4":"0","Name_5":null,"Party_5":null,"Votes_5":"0","Name_6":null,"Party_6":null,"Votes_6":"0","Name_7":null,"Party_7":null,"Votes_7":"0","Votes_total":"28","Pct_1":64.29,"Pct_2":35.71,"Pct_3":0,"Pct_4":0,"Pct_5":0,"Pct_6":0,"Pct_7":0,"Margin":28.58}},
{"type":"Feature","geometry":{"type":"Polygon","coordinates":[[[-117.35249198681691,47.62090146389669],[-117.34627336159586,47.62089450167618],[-117.33996693686255,47.620832716950304],[-117.33996351760038,47.62101656628916],[-117.33765252358755,47.62208844256707],[-117.33765146299434,47.62444847793146],[-117.34704355433317,47.6228008553192],[-117.34705373892417,47.62817122108027],[-117.35247690639704,47.62818112442413],[-117.35249198681691,47.62090146389669]]]},"properties":{"COUNTY":"Spokane","PRECCODE":3239,"PRECNAME":"3239 Spokane","PRECINCT":"Spokane 3239","DESCRIPTIO":"Lincoln Heights Far Southeast (Lincoln Heights Substation, Glenrose Park)","OFFICE":"County Proposition 1","JURISDICTION":"County","RACE":"Spokane County County Proposition 1","Name_1":"Rejected","Party_1":"No_1","Votes_1":"2","Name_2":"Approved","Party_2":"Yes_1","Votes_2":"1","Name_3":null,"Party_3":null,"Votes_3":"0","Name_4":null,"Party_4":null,"Votes_4":"0","Name_5":null,"Party_5":null,"Votes_5":"0","Name_6":null,"Party_6":null,"Votes_6":"0","Name_7":null,"Party_7":null,"Votes_7":"0","Votes_total":"3","Pct_1":66.67,"Pct_2":33.33,"Pct_3":0,"Pct_4":0,"Pct_5":0,"Pct_6":0,"Pct_7":0,"Margin":33.34}},
{"type":"Feature","geometry":{"type":"Polygon","coordinates":[[[-117.39916980350188,47.61368436158302],[-117.39917992737426,47.614683456565054],[-117.40196325233661,47.614694126052584],[-117.40191291080008,47.62085079689568],[-117.41667731548111,47.62096385851267],[-117.41654774478727,47.61665297140849],[-117.41655263887314,47.613719510837406],[-117.39916980350188,47.61368436158302]]]},"properties":{"COUNTY":"Spokane","PRECCODE":3240,"PRECNAME":"3240 Spokane","PRECINCT":"Spokane 3240","DESCRIPTIO":"Comstock South (Skyview Drive, S Manito Blvd & High Dr)","OFFICE":"County Proposition 1","JURISDICTION":"County","RACE":"Spokane County County Proposition 1","Name_1":"Rejected","Party_1":"No_1","Votes_1":"15","Name_2":"Approved","Party_2":"Yes_1","Votes_2":"5","Name_3":null,"Party_3":null,"Votes_3":"0","Name_4":null,"Party_4":null,"Votes_4":"0","Name_5":null,"Party_5":null,"Votes_5":"0","Name_6":null,"Party_6":null,"Votes_6":"0","Name_7":null,"Party_7":null,"Votes_7":"0","Votes_total":"20","Pct_1":75,"Pct_2":25,"Pct_3":0,"Pct_4":0,"Pct_5":0,"Pct_6":0,"Pct_7":0,"Margin":50}},
{"type":"Feature","geometry":{"type":"Polygon","coordinates":[[[-117.3900438492803,47.62083673156567],[-117.40191291080008,47.62085079689568],[-117.40196325233661,47.614694126052584],[-117.39917992737426,47.614683456565054],[-117.39916980350188,47.61368436158302],[-117.38991210573266,47.61366346713597],[-117.38995955765992,47.61517408303336],[-117.3900438492803,47.62083673156567]]]},"properties":{"COUNTY":"Spokane","PRECCODE":3241,"PRECNAME":"3241 Spokane","PRECINCT":"Spokane 3241","DESCRIPTIO":"Comstock Southeast (Grand Corner Dentistry, E 40th & Arthur, Club Court)","OFFICE":"County Proposition 1","JURISDICTION":"County","RACE":"Spokane County County Proposition 1","Name_1":"Rejected","Party_1":"No_1","Votes_1":"20","Name_2":"Approved","Party_2":"Yes_1","Votes_2":"6","Name_3":null,"Party_3":null,"Votes_3":"0","Name_4":null,"Party_4":null,"Votes_4":"0","Name_5":null,"Party_5":null,"Votes_5":"0","Name_6":null,"Party_6":null,"Votes_6":"0","Name_7":null,"Party_7":null,"Votes_7":"0","Votes_total":"26","Pct_1":76.92,"Pct_2":23.08,"Pct_3":0,"Pct_4":0,"Pct_5":0,"Pct_6":0,"Pct_7":0,"Margin":53.84}},
{"type":"Feature","geometry":{"type":"Polygon","coordinates":[[[-117.37919819216775,47.61371373597114],[-117.37931304861054,47.62093061300871],[-117.39004365106538,47.620910407424844],[-117.38995955765992,47.61517408303336],[-117.38991210573266,47.61366346713597],[-117.37911171507217,47.61363656920275],[-117.37919819216775,47.61371373597114]]]},"properties":{"COUNTY":"Spokane","PRECCODE":3242,"PRECNAME":"3242 Spokane","PRECINCT":"Spokane 3242","DESCRIPTIO":"Southgate Northwest (Hamblen Park, E 43rd & Hogan)","OFFICE":"County Proposition 1","JURISDICTION":"County","RACE":"Spokane County County Proposition 1","Name_1":"Rejected","Party_1":"No_1","Votes_1":"307","Name_2":"Approved","Party_2":"Yes_1","Votes_2":"104","Name_3":null,"Party_3":null,"Votes_3":"0","Name_4":null,"Party_4":null,"Votes_4":"0","Name_5":null,"Party_5":null,"Votes_5":"0","Name_6":null,"Party_6":null,"Votes_6":"0","Name_7":null,"Party_7":null,"Votes_7":"0","Votes_total":"411","Pct_1":74.7,"Pct_2":25.3,"Pct_3":0,"Pct_4":0,"Pct_5":0,"Pct_6":0,"Pct_7":0,"Margin":49.4}},
{"type":"Feature","geometry":{"type":"Polygon","coordinates":[[[-117.36843383704564,47.61353194122516],[-117.36860164958979,47.620937627016055],[-117.37931304861054,47.62093061300871],[-117.37919819216775,47.61371373597114],[-117.37911171507217,47.61363656920275],[-117.36843383704564,47.61353194122516]]]},"properties":{"COUNTY":"Spokane","PRECCODE":3243,"PRECNAME":"3243 Spokane","PRECINCT":"Spokane 3243","DESCRIPTIO":"Southgate North (Talbott Event Center, E 39th & Lee)","OFFICE":"County Proposition 1","JURISDICTION":"County","RACE":"Spokane County County Proposition 1","Name_1":"Rejected","Party_1":"No_1","Votes_1":"179","Name_2":"Approved","Party_2":"Yes_1","Votes_2":"69","Name_3":null,"Party_3":null,"Votes_3":"0","Name_4":null,"Party_4":null,"Votes_4":"0","Name_5":null,"Party_5":null,"Votes_5":"0","Name_6":null,"Party_6":null,"Votes_6":"0","Name_7":null,"Party_7":null,"Votes_7":"0","Votes_total":"248","Pct_1":72.18,"Pct_2":27.82,"Pct_3":0,"Pct_4":0,"Pct_5":0,"Pct_6":0,"Pct_7":0,"Margin":44.36}},
{"type":"Feature","geometry":{"type":"Polygon","coordinates":[[[-117.36669992869587,47.61362824655436],[-117.35182565989945,47.613605529791336],[-117.3518376719618,47.615580854000626],[-117.35243333317875,47.61635480939638],[-117.35236647711609,47.62090090213765],[-117.35500540763148,47.62090825788597],[-117.3578445725106,47.6208961500934],[-117.35995715158428,47.6209027224113],[-117.3609413295498,47.62092016049351],[-117.36860164958979,47.620937627016055],[-117.36843383704564,47.61353194122516],[-117.36669992869587,47.61362824655436]]]},"properties":{"COUNTY":"Spokane","PRECCODE":3244,"PRECNAME":"3244 Spokane","PRECINCT":"Spokane 3244","DESCRIPTIO":"Southgate Northeast (Greystone Estates, Hazel's Creek, Crown Point)","OFFICE":"County Proposition 1","JURISDICTION":"County","RACE":"Spokane County County Proposition 1","Name_1":"Rejected","Party_1":"No_1","Votes_1":"8","Name_2":"Approved","Party_2":"Yes_1","Votes_2":"3","Name_3":null,"Party_3":null,"Votes_3":"0","Name_4":null,"Party_4":null,"Votes_4":"0","Name_5":null,"Party_5":null,"Votes_5":"0","Name_6":null,"Party_6":null,"Votes_6":"0","Name_7":null,"Party_7":null,"Votes_7":"0","Votes_total":"11","Pct_1":72.73,"Pct_2":27.27,"Pct_3":0,"Pct_4":0,"Pct_5":0,"Pct_6":0,"Pct_7":0,"Margin":45.46}},
{"type":"Feature","geometry":{"type":"Polygon","coordinates":[[[-117.42237732048292,47.59417008906747],[-117.4315764598894,47.59158919976421],[-117.43317999527116,47.605177347391106],[-117.43407550176914,47.60518437855835],[-117.43449131207569,47.604546999495994],[-117.43496919922919,47.60401063870005],[-117.43579681186283,47.60327205090959],[-117.43876384235519,47.60078181179584],[-117.44537038191395,47.596268735521974],[-117.44732105198962,47.59438556779638],[-117.43744135764882,47.59436449851868],[-117.43749309268969,47.590750740900816],[-117.43161252893017,47.59075461659979],[-117.43171011805897,47.58716171792818],[-117.42256481610309,47.58739604956913],[-117.42237732048292,47.59417008906747]]]},"properties":{"COUNTY":"Spokane","PRECCODE":3246,"PRECNAME":"3246 Spokane","PRECINCT":"Spokane 3246","DESCRIPTIO":"Latah Valley Southwest (Eagle Ridge Southwest / Pheasant Ridge)","OFFICE":"County Proposition 1","JURISDICTION":"County","RACE":"Spokane County County Proposition 1","Name_1":"Approved","Party_1":"Yes_1","Votes_1":"48","Name_2":"Rejected","Party_2":"No_1","Votes_2":"21","Name_3":null,"Party_3":null,"Votes_3":"0","Name_4":null,"Party_4":null,"Votes_4":"0","Name_5":null,"Party_5":null,"Votes_5":"0","Name_6":null,"Party_6":null,"Votes_6":"0","Name_7":null,"Party_7":null,"Votes_7":"0","Votes_total":"69","Pct_1":69.57,"Pct_2":30.43,"Pct_3":0,"Pct_4":0,"Pct_5":0,"Pct_6":0,"Pct_7":0,"Margin":39.14}},
{"type":"Feature","geometry":{"type":"Polygon","coordinates":[[[-117.42237732048292,47.59417008906747],[-117.42233234246514,47.595677209629635],[-117.4220258151243,47.60553303593612],[-117.43145959208366,47.60516828606327],[-117.43317999527116,47.605177347391106],[-117.4315764598894,47.59158919976421],[-117.42237732048292,47.59417008906747]]]},"properties":{"COUNTY":"Spokane","PRECCODE":3247,"PRECNAME":"3247 Spokane","PRECINCT":"Spokane 3247","DESCRIPTIO":"Latah Valley West (Eagle Ridge Northwest / Whispering Pines Park)","OFFICE":"County Proposition 1","JURISDICTION":"County","RACE":"Spokane County County Proposition 1","Name_1":"Rejected","Party_1":"No_1","Votes_1":"291","Name_2":"Approved","Party_2":"Yes_1","Votes_2":"144","Name_3":null,"Party_3":null,"Votes_3":"0","Name_4":null,"Party_4":null,"Votes_4":"0","Name_5":null,"Party_5":null,"Votes_5":"0","Name_6":null,"Party_6":null,"Votes_6":"0","Name_7":null,"Party_7":null,"Votes_7":"0","Votes_total":"435","Pct_1":66.9,"Pct_2":33.1,"Pct_3":0,"Pct_4":0,"Pct_5":0,"Pct_6":0,"Pct_7":0,"Margin":33.8}},
{"type":"Feature","geometry":{"type":"Polygon","coordinates":[[[-117.41174086235401,47.60198438058147],[-117.41244559630512,47.602688249073466],[-117.41338449794972,47.60376809575053],[-117.41401781606879,47.60462085649048],[-117.41764626749658,47.60989411713987],[-117.41891472310132,47.61084720300189],[-117.42121138140062,47.61213331541114],[-117.42180939401258,47.61249130758441],[-117.42233234246514,47.595677209629635],[-117.42237732048292,47.59417008906747],[-117.41931337988895,47.59417835155937],[-117.41098646162017,47.59892125907062],[-117.41174086235401,47.60198438058147]]]},"properties":{"COUNTY":"Spokane","PRECCODE":3248,"PRECNAME":"3248 Spokane","PRECINCT":"Spokane 3248","DESCRIPTIO":"Latah Valley East (Eagle Ridge Northeast / Eagle Ridge Estates, Qualchan Hills East)","OFFICE":"County Proposition 1","JURISDICTION":"County","RACE":"Spokane County County Proposition 1","Name_1":"Rejected","Party_1":"No_1","Votes_1":"396","Name_2":"Approved","Party_2":"Yes_1","Votes_2":"191","Name_3":null,"Party_3":null,"Votes_3":"0","Name_4":null,"Party_4":null,"Votes_4":"0","Name_5":null,"Party_5":null,"Votes_5":"0","Name_6":null,"Party_6":null,"Votes_6":"0","Name_7":null,"Party_7":null,"Votes_7":"0","Votes_total":"587","Pct_1":67.46,"Pct_2":32.54,"Pct_3":0,"Pct_4":0,"Pct_5":0,"Pct_6":0,"Pct_7":0,"Margin":34.92}},
{"type":"Feature","geometry":{"type":"Polygon","coordinates":[[[-117.42237732048292,47.59417008906747],[-117.42256481610309,47.58739604956913],[-117.40337020124468,47.58732858888715],[-117.4031113628883,47.587361634777416],[-117.40392315634463,47.592078006508544],[-117.40648954522865,47.59660117155141],[-117.40696750819934,47.597286591235594],[-117.40783852309664,47.59835113478608],[-117.4112622251313,47.60152219465658],[-117.41174086235401,47.60198438058147],[-117.41098646162017,47.59892125907062],[-117.41931337988895,47.59417835155937],[-117.42237732048292,47.59417008906747]]]},"properties":{"COUNTY":"Spokane","PRECCODE":3249,"PRECNAME":"3249 Spokane","PRECINCT":"Spokane 3249","DESCRIPTIO":"Latah Valley Southeast (Eagle Ridge Southeast / Moran View)","OFFICE":"County Proposition 1","JURISDICTION":"County","RACE":"Spokane County County Proposition 1","Name_1":"Rejected","Party_1":"No_1","Votes_1":"14","Name_2":"Approved","Party_2":"Yes_1","Votes_2":"8","Name_3":null,"Party_3":null,"Votes_3":"0","Name_4":null,"Party_4":null,"Votes_4":"0","Name_5":null,"Party_5":null,"Votes_5":"0","Name_6":null,"Party_6":null,"Votes_6":"0","Name_7":null,"Party_7":null,"Votes_7":"0","Votes_total":"22","Pct_1":63.64,"Pct_2":36.36,"Pct_3":0,"Pct_4":0,"Pct_5":0,"Pct_6":0,"Pct_7":0,"Margin":27.28}},
{"type":"Feature","geometry":{"type":"Polygon","coordinates":[[[-117.38991210573266,47.61366346713597],[-117.41784958578245,47.613723733327994],[-117.41983254169833,47.61471148484316],[-117.42177552815932,47.61386488023756],[-117.42180939401258,47.61249130758441],[-117.42121138140062,47.61213331541114],[-117.41891472310132,47.61084720300189],[-117.41764626749658,47.60989411713987],[-117.41401781606879,47.60462085649048],[-117.41338449794972,47.60376809575053],[-117.41244559630512,47.602688249073466],[-117.4112622251313,47.60152219465658],[-117.40783852309664,47.59835113478608],[-117.40696750819934,47.597286591235594],[-117.40648954522865,47.59660117155141],[-117.40392315634463,47.592078006508544],[-117.4031113628883,47.587361634777416],[-117.40247014717067,47.58742466890275],[-117.3984328240845,47.587684904984556],[-117.39752698094622,47.58924127898065],[-117.39665939480886,47.5898104142424],[-117.39631361692527,47.58995045430585],[-117.39484105429403,47.59056250804879],[-117.3946067017869,47.590703114229356],[-117.39393294901824,47.591341840729754],[-117.39369995734927,47.59173973056594],[-117.3934367419696,47.592829021257685],[-117.39330062846196,47.5940702890851],[-117.39352410148689,47.59517186186288],[-117.39313837003509,47.596079178993826],[-117.39282798096353,47.59638486238887],[-117.39238145454034,47.59667145869314],[-117.39076406410678,47.59723374883701],[-117.38957498033201,47.59773513226084],[-117.3888145090211,47.598426284652376],[-117.3885820651873,47.59898085071884],[-117.3889524416532,47.60001586471577],[-117.38917052248908,47.60022115395059],[-117.39001283257332,47.60084766608602],[-117.3899631818553,47.60231839405905],[-117.39181197837341,47.60231940859646],[-117.39363207150713,47.60242942078165],[-117.39442938789855,47.6026341074102],[-117.39470002370311,47.602776485192386],[-117.39513602197107,47.603203443642116],[-117.39528347371113,47.60595305300779],[-117.38910123362798,47.605941999448916],[-117.38973351521163,47.60964580837733],[-117.3896972098659,47.61323449942082],[-117.38973067758995,47.61337074808317],[-117.38991210573266,47.61366346713597]]]},"properties":{"COUNTY":"Spokane","PRECCODE":3250,"PRECNAME":"3250 Spokane","PRECINCT":"Spokane 3250","DESCRIPTIO":"Latah Valley Far East (Qualchan Golf Course, Hangman Creek Natural Area)","OFFICE":"County Proposition 1","JURISDICTION":"County","RACE":"Spokane County County Proposition 1","Name_1":"Rejected","Party_1":"No_1","Votes_1":"101","Name_2":"Approved","Party_2":"Yes_1","Votes_2":"52","Name_3":null,"Party_3":null,"Votes_3":"0","Name_4":null,"Party_4":null,"Votes_4":"0","Name_5":null,"Party_5":null,"Votes_5":"0","Name_6":null,"Party_6":null,"Votes_6":"0","Name_7":null,"Party_7":null,"Votes_7":"0","Votes_total":"153","Pct_1":66.01,"Pct_2":33.99,"Pct_3":0,"Pct_4":0,"Pct_5":0,"Pct_6":0,"Pct_7":0,"Margin":32.02}},
{"type":"Feature","geometry":{"type":"Polygon","coordinates":[[[-117.37911171507217,47.61363656920275],[-117.38991210573266,47.61366346713597],[-117.38973067758995,47.61337074808317],[-117.3896972098659,47.61323449942082],[-117.38973351521163,47.60964580837733],[-117.38910123362798,47.605941999448916],[-117.37902855541955,47.60588506189495],[-117.37911171507217,47.61363656920275]]]},"properties":{"COUNTY":"Spokane","PRECCODE":3251,"PRECNAME":"3251 Spokane","PRECINCT":"Spokane 3251","DESCRIPTIO":"Southgate Southwest (E 46th & Perry, Woodfield Lane)","OFFICE":"County Proposition 1","JURISDICTION":"County","RACE":"Spokane County County Proposition 1","Name_1":"Rejected","Party_1":"No_1","Votes_1":"421","Name_2":"Approved","Party_2":"Yes_1","Votes_2":"208","Name_3":null,"Party_3":null,"Votes_3":"0","Name_4":null,"Party_4":null,"Votes_4":"0","Name_5":null,"Party_5":null,"Votes_5":"0","Name_6":null,"Party_6":null,"Votes_6":"0","Name_7":null,"Party_7":null,"Votes_7":"0","Votes_total":"629","Pct_1":66.93,"Pct_2":33.07,"Pct_3":0,"Pct_4":0,"Pct_5":0,"Pct_6":0,"Pct_7":0,"Margin":33.86}},
{"type":"Feature","geometry":{"type":"Polygon","coordinates":[[[-117.36838024084909,47.60587381286404],[-117.36843774046179,47.60403289578662],[-117.35763656728687,47.603962618596],[-117.3577023114071,47.604434890920736],[-117.3576669580861,47.606079884966476],[-117.36410076420277,47.60995202196402],[-117.36523838367782,47.61022769564539],[-117.36557495060842,47.61024377612856],[-117.36822186329752,47.61028817698551],[-117.36822800979229,47.609832129177576],[-117.36838024084909,47.60587381286404]]]},"properties":{"COUNTY":"Spokane","PRECCODE":3252,"PRECNAME":"3252 Spokane","PRECINCT":"Spokane 3252","DESCRIPTIO":"Southgate Southeast (Trestle Creek Apartments, Palouse Trails Apartments)","OFFICE":"County Proposition 1","JURISDICTION":"County","RACE":"Spokane County County Proposition 1","Name_1":"Rejected","Party_1":"No_1","Votes_1":"292","Name_2":"Approved","Party_2":"Yes_1","Votes_2":"123","Name_3":null,"Party_3":null,"Votes_3":"0","Name_4":null,"Party_4":null,"Votes_4":"0","Name_5":null,"Party_5":null,"Votes_5":"0","Name_6":null,"Party_6":null,"Votes_6":"0","Name_7":null,"Party_7":null,"Votes_7":"0","Votes_total":"415","Pct_1":70.36,"Pct_2":29.64,"Pct_3":0,"Pct_4":0,"Pct_5":0,"Pct_6":0,"Pct_7":0,"Margin":40.72}},
{"type":"Feature","geometry":{"type":"Polygon","coordinates":[[[-117.34652457530825,47.61292121277491],[-117.36669992869587,47.61362824655436],[-117.36843383704564,47.61353194122516],[-117.36817048232825,47.61186124738807],[-117.36822186329752,47.61028817698551],[-117.36557495060842,47.61024377612856],[-117.36523838367782,47.61022769564539],[-117.36410076420277,47.60995202196402],[-117.3576669580861,47.606079884966476],[-117.35765080082861,47.60671403538287],[-117.35576602963606,47.60935198033081],[-117.34657395122133,47.60931320954518],[-117.34652457530825,47.61292121277491]]]},"properties":{"COUNTY":"Spokane","PRECCODE":3253,"PRECNAME":"3253 Spokane","PRECINCT":"Spokane 3253","DESCRIPTIO":"Southgate East (E Sumac Dr & Myrtle, Clare View Senior Apartments)","OFFICE":"County Proposition 1","JURISDICTION":"County","RACE":"Spokane County County Proposition 1","Name_1":"Rejected","Party_1":"No_1","Votes_1":"217","Name_2":"Approved","Party_2":"Yes_1","Votes_2":"89","Name_3":null,"Party_3":null,"Votes_3":"0","Name_4":null,"Party_4":null,"Votes_4":"0","Name_5":null,"Party_5":null,"Votes_5":"0","Name_6":null,"Party_6":null,"Votes_6":"0","Name_7":null,"Party_7":null,"Votes_7":"0","Votes_total":"306","Pct_1":70.92,"Pct_2":29.08,"Pct_3":0,"Pct_4":0,"Pct_5":0,"Pct_6":0,"Pct_7":0,"Margin":41.84}},
{"type":"Feature","geometry":{"type":"Polygon","coordinates":[[[-117.4220258151243,47.60553303593612],[-117.42179882495385,47.612831084333706],[-117.43094890226607,47.612477036081586],[-117.43107738104824,47.61229307436579],[-117.43136515483003,47.611737096804326],[-117.43238969125369,47.60948914560211],[-117.43295541843867,47.607389978562914],[-117.43407550176914,47.60518437855835],[-117.43145959208366,47.60516828606327],[-117.4220258151243,47.60553303593612]]]},"properties":{"COUNTY":"Spokane","PRECCODE":3254,"PRECNAME":"3254 Spokane","PRECINCT":"Spokane 3254","DESCRIPTIO":"Latah Valley North (Qualchan Hills West, Sunny Creek)","OFFICE":"County Proposition 1","JURISDICTION":"County","RACE":"Spokane County County Proposition 1","Name_1":"Rejected","Party_1":"No_1","Votes_1":"140","Name_2":"Approved","Party_2":"Yes_1","Votes_2":"63","Name_3":null,"Party_3":null,"Votes_3":"0","Name_4":null,"Party_4":null,"Votes_4":"0","Name_5":null,"Party_5":null,"Votes_5":"0","Name_6":null,"Party_6":null,"Votes_6":"0","Name_7":null,"Party_7":null,"Votes_7":"0","Votes_total":"203","Pct_1":68.97,"Pct_2":31.03,"Pct_3":0,"Pct_4":0,"Pct_5":0,"Pct_6":0,"Pct_7":0,"Margin":37.94}},
{"type":"Feature","geometry":{"type":"Polygon","coordinates":[[[-117.36817048232825,47.61186124738807],[-117.36843383704564,47.61353194122516],[-117.37911171507217,47.61363656920275],[-117.37902855541955,47.60588506189495],[-117.37320885638266,47.60585092321921],[-117.36837396652373,47.60587385127119],[-117.36822800979229,47.609832129177576],[-117.36817048232825,47.61186124738807]]]},"properties":{"COUNTY":"Spokane","PRECCODE":3255,"PRECNAME":"3255 Spokane","PRECINCT":"Spokane 3255","DESCRIPTIO":"Southgate South (South Hill Sports Complex, Biltmore Apartments, Smith Court)","OFFICE":"County Proposition 1","JURISDICTION":"County","RACE":"Spokane County County Proposition 1","Name_1":"Rejected","Party_1":"No_1","Votes_1":"139","Name_2":"Approved","Party_2":"Yes_1","Votes_2":"58","Name_3":null,"Party_3":null,"Votes_3":"0","Name_4":null,"Party_4":null,"Votes_4":"0","Name_5":null,"Party_5":null,"Votes_5":"0","Name_6":null,"Party_6":null,"Votes_6":"0","Name_7":null,"Party_7":null,"Votes_7":"0","Votes_total":"197","Pct_1":70.56,"Pct_2":29.44,"Pct_3":0,"Pct_4":0,"Pct_5":0,"Pct_6":0,"Pct_7":0,"Margin":41.12}},
{"type":"Feature","geometry":{"type":"Polygon","coordinates":[[[-117.46511397386527,47.64069092377526],[-117.45158714729295,47.646632230749404],[-117.44766341043503,47.648351204038654],[-117.44639702474693,47.648892539536476],[-117.45039961944383,47.653418123151695],[-117.4508250970986,47.65374078641868],[-117.46116454943336,47.65723081061509],[-117.464345851196,47.65722809960556],[-117.46453488837982,47.653782951146],[-117.46642735516164,47.648836628535236],[-117.46290267493352,47.64600149322595],[-117.46499619584256,47.64500561534344],[-117.46511397386527,47.64069092377526]]]},"properties":{"COUNTY":"Spokane","PRECCODE":3256,"PRECNAME":"3256 Spokane","PRECINCT":"Spokane 3256","DESCRIPTIO":"West Hills South (High Bridge Park, Whittier Park, Woodland)","OFFICE":"County Proposition 1","JURISDICTION":"County","RACE":"Spokane County County Proposition 1","Name_1":"Rejected","Party_1":"No_1","Votes_1":"266","Name_2":"Approved","Party_2":"Yes_1","Votes_2":"149","Name_3":null,"Party_3":null,"Votes_3":"0","Name_4":null,"Party_4":null,"Votes_4":"0","Name_5":null,"Party_5":null,"Votes_5":"0","Name_6":null,"Party_6":null,"Votes_6":"0","Name_7":null,"Party_7":null,"Votes_7":"0","Votes_total":"415","Pct_1":64.1,"Pct_2":35.9,"Pct_3":0,"Pct_4":0,"Pct_5":0,"Pct_6":0,"Pct_7":0,"Margin":28.2}},
{"type":"Feature","geometry":{"type":"Polygon","coordinates":[[[-117.44634499705447,47.730589207668096],[-117.44680999782318,47.73060420783944],[-117.45391619997683,47.729871772346314],[-117.45372300238614,47.72786006246948],[-117.45331142208073,47.72765629169696],[-117.44573122621523,47.722594055896614],[-117.44390272310723,47.7225811778982],[-117.4377244937945,47.72259950600025],[-117.43982399400245,47.72381120728556],[-117.44062099555703,47.72424220733005],[-117.44068999533589,47.72497720811342],[-117.44634499705447,47.730589207668096]]]},"properties":{"COUNTY":"Spokane","PRECCODE":3300,"PRECNAME":"3300 Spokane","PRECINCT":"Spokane 3300","DESCRIPTIO":"Five Mile Prairie Center (Abigail Avenue, Stratton Avenue)","OFFICE":"County Proposition 1","JURISDICTION":"County","RACE":"Spokane County County Proposition 1","Name_1":"Rejected","Party_1":"No_1","Votes_1":"147","Name_2":"Approved","Party_2":"Yes_1","Votes_2":"66","Name_3":null,"Party_3":null,"Votes_3":"0","Name_4":null,"Party_4":null,"Votes_4":"0","Name_5":null,"Party_5":null,"Votes_5":"0","Name_6":null,"Party_6":null,"Votes_6":"0","Name_7":null,"Party_7":null,"Votes_7":"0","Votes_total":"213","Pct_1":69.01,"Pct_2":30.99,"Pct_3":0,"Pct_4":0,"Pct_5":0,"Pct_6":0,"Pct_7":0,"Margin":38.02}},
{"type":"Feature","geometry":{"type":"Polygon","coordinates":[[[-117.4322649919387,47.72073820882037],[-117.4344517667052,47.720601387367665],[-117.43454380210873,47.720965757382466],[-117.43405242649804,47.722013144266576],[-117.4333313409382,47.72261165933343],[-117.44390272310723,47.7225811778982],[-117.45397353623362,47.722648036793665],[-117.45401757145507,47.71541998535044],[-117.44199532990173,47.71545789223485],[-117.43641044417042,47.715455536592835],[-117.4337143313078,47.71544494964413],[-117.43235942914752,47.715418159864015],[-117.43237322844817,47.71895202374767],[-117.43234999373904,47.71956428018827],[-117.4322649919387,47.72073820882037]]]},"properties":{"COUNTY":"Spokane","PRECCODE":3301,"PRECNAME":"3301 Spokane","PRECINCT":"Spokane 3301","DESCRIPTIO":"Five Mile Prairie South (Salk Middle School, Five Mile Park & Ride, Northridge Court Apartments)","OFFICE":"County Proposition 1","JURISDICTION":"County","RACE":"Spokane County County Proposition 1","Name_1":"Rejected","Party_1":"No_1","Votes_1":"218","Name_2":"Approved","Party_2":"Yes_1","Votes_2":"116","Name_3":null,"Party_3":null,"Votes_3":"0","Name_4":null,"Party_4":null,"Votes_4":"0","Name_5":null,"Party_5":null,"Votes_5":"0","Name_6":null,"Party_6":null,"Votes_6":"0","Name_7":null,"Party_7":null,"Votes_7":"0","Votes_total":"334","Pct_1":65.27,"Pct_2":34.73,"Pct_3":0,"Pct_4":0,"Pct_5":0,"Pct_6":0,"Pct_7":0,"Margin":30.54}},
{"type":"Feature","geometry":{"type":"Polygon","coordinates":[[[-117.45401757145507,47.71541998535044],[-117.4634343077071,47.71540351691181],[-117.46213661583383,47.71143532836797],[-117.46621041969836,47.7097462351223],[-117.46611968687472,47.709396918563456],[-117.46612900093595,47.70925395138274],[-117.46620482163155,47.70881028997126],[-117.46240756388639,47.70825298886825],[-117.45399790762018,47.70809076151175],[-117.45401757145507,47.71541998535044]]]},"properties":{"COUNTY":"Spokane","PRECCODE":3302,"PRECNAME":"3302 Spokane","PRECINCT":"Spokane 3302","DESCRIPTIO":"Westview Northeast (Spokane Faith Center, W Central & 'C')","OFFICE":"County Proposition 1","JURISDICTION":"County","RACE":"Spokane County County Proposition 1","Name_1":"Rejected","Party_1":"No_1","Votes_1":"312","Name_2":"Approved","Party_2":"Yes_1","Votes_2":"164","Name_3":null,"Party_3":null,"Votes_3":"0","Name_4":null,"Party_4":null,"Votes_4":"0","Name_5":null,"Party_5":null,"Votes_5":"0","Name_6":null,"Party_6":null,"Votes_6":"0","Name_7":null,"Party_7":null,"Votes_7":"0","Votes_total":"476","Pct_1":65.55,"Pct_2":34.45,"Pct_3":0,"Pct_4":0,"Pct_5":0,"Pct_6":0,"Pct_7":0,"Margin":31.1}},
{"type":"Feature","geometry":{"type":"Polygon","coordinates":[[[-117.44320872194939,47.70624292645072],[-117.44319312264388,47.71545595086659],[-117.45401757145507,47.71541998535044],[-117.45399258979528,47.706256184765586],[-117.44320872194939,47.70624292645072]]]},"properties":{"COUNTY":"Spokane","PRECCODE":3303,"PRECNAME":"3303 Spokane","PRECINCT":"Spokane 3303","DESCRIPTIO":"Shadle Park Northwest (Loma Vista Park, W Rowan & Alberta)","OFFICE":"County Proposition 1","JURISDICTION":"County","RACE":"Spokane County County Proposition 1","Name_1":"Rejected","Party_1":"No_1","Votes_1":"198","Name_2":"Approved","Party_2":"Yes_1","Votes_2":"144","Name_3":null,"Party_3":null,"Votes_3":"0","Name_4":null,"Party_4":null,"Votes_4":"0","Name_5":null,"Party_5":null,"Votes_5":"0","Name_6":null,"Party_6":null,"Votes_6":"0","Name_7":null,"Party_7":null,"Votes_7":"0","Votes_total":"342","Pct_1":57.89,"Pct_2":42.11,"Pct_3":0,"Pct_4":0,"Pct_5":0,"Pct_6":0,"Pct_7":0,"Margin":15.78}},
{"type":"Feature","geometry":{"type":"Polygon","coordinates":[[[-117.43641044417042,47.715455536592835],[-117.44319312264388,47.71545595086659],[-117.44321107128884,47.704413216829956],[-117.43642962954775,47.704412860572276],[-117.43641044417042,47.715455536592835]]]},"properties":{"COUNTY":"Spokane","PRECCODE":3304,"PRECNAME":"3304 Spokane","PRECINCT":"Spokane 3304","DESCRIPTIO":"Shadle Park Northeast (Ridgeview Place, W Everett & Elgin)","OFFICE":"County Proposition 1","JURISDICTION":"County","RACE":"Spokane County County Proposition 1","Name_1":"Rejected","Party_1":"No_1","Votes_1":"320","Name_2":"Approved","Party_2":"Yes_1","Votes_2":"186","Name_3":null,"Party_3":null,"Votes_3":"0","Name_4":null,"Party_4":null,"Votes_4":"0","Name_5":null,"Party_5":null,"Votes_5":"0","Name_6":null,"Party_6":null,"Votes_6":"0","Name_7":null,"Party_7":null,"Votes_7":"0","Votes_total":"506","Pct_1":63.24,"Pct_2":36.76,"Pct_3":0,"Pct_4":0,"Pct_5":0,"Pct_6":0,"Pct_7":0,"Margin":26.48}},
{"type":"Feature","geometry":{"type":"Polygon","coordinates":[[[-117.43028649788104,47.71537957007316],[-117.4337143313078,47.71544494964413],[-117.43641044417042,47.715455536592835],[-117.4364240563414,47.7080692082707],[-117.43204909833752,47.70806238924696],[-117.42591592679737,47.7080195014734],[-117.42540008705346,47.71520502438669],[-117.43028649788104,47.71537957007316]]]},"properties":{"COUNTY":"Spokane","PRECCODE":3305,"PRECNAME":"3305 Spokane","PRECINCT":"Spokane 3305","DESCRIPTIO":"Franklin Park-Willard Northwest (Ridgeview Elementary School, Buffalo Street)","OFFICE":"County Proposition 1","JURISDICTION":"County","RACE":"Spokane County County Proposition 1","Name_1":"Rejected","Party_1":"No_1","Votes_1":"61","Name_2":"Approved","Party_2":"Yes_1","Votes_2":"46","Name_3":null,"Party_3":null,"Votes_3":"0","Name_4":null,"Party_4":null,"Votes_4":"0","Name_5":null,"Party_5":null,"Votes_5":"0","Name_6":null,"Party_6":null,"Votes_6":"0","Name_7":null,"Party_7":null,"Votes_7":"0","Votes_total":"107","Pct_1":57.01,"Pct_2":42.99,"Pct_3":0,"Pct_4":0,"Pct_5":0,"Pct_6":0,"Pct_7":0,"Margin":14.02}},
{"type":"Feature","geometry":{"type":"Polygon","coordinates":[[[-117.41119664540703,47.7150958314926],[-117.41489876430343,47.715107543816394],[-117.4211232959444,47.71508787582851],[-117.42247552499967,47.71510832187842],[-117.42540008705346,47.71520502438669],[-117.42591592679737,47.7080195014734],[-117.41125571882012,47.70878638561619],[-117.4112347600377,47.70906376986541],[-117.41123350779002,47.709390512007936],[-117.41125212664893,47.70997580271409],[-117.41124816081673,47.711645578966134],[-117.41119664540703,47.7150958314926]]]},"properties":{"COUNTY":"Spokane","PRECCODE":3306,"PRECNAME":"3306 Spokane","PRECINCT":"Spokane 3306","DESCRIPTIO":"Franklin Park-Willard Northeast (Ruth Park, Madison Elementary School)","OFFICE":"County Proposition 1","JURISDICTION":"County","RACE":"Spokane County County Proposition 1","Name_1":"Approved","Party_1":"Yes_1","Votes_1":"129","Name_2":"Rejected","Party_2":"No_1","Votes_2":"108","Name_3":null,"Party_3":null,"Votes_3":"0","Name_4":null,"Party_4":null,"Votes_4":"0","Name_5":null,"Party_5":null,"Votes_5":"0","Name_6":null,"Party_6":null,"Votes_6":"0","Name_7":null,"Party_7":null,"Votes_7":"0","Votes_total":"237","Pct_1":54.43,"Pct_2":45.57,"Pct_3":0,"Pct_4":0,"Pct_5":0,"Pct_6":0,"Pct_7":0,"Margin":8.86}},
{"type":"Feature","geometry":{"type":"Polygon","coordinates":[[[-117.4669283348569,47.708917005885766],[-117.46722592274389,47.7089428103169],[-117.45840115251664,47.70078136159733],[-117.45398087899767,47.70077702969822],[-117.45399790762018,47.70809076151175],[-117.46240756388639,47.70825298886825],[-117.4669283348569,47.708917005885766]]]},"properties":{"COUNTY":"Spokane","PRECCODE":3307,"PRECNAME":"3307 Spokane","PRECINCT":"Spokane 3307","DESCRIPTIO":"Westview Southeast (Boulevard Park, Circle Place)","OFFICE":"County Proposition 1","JURISDICTION":"County","RACE":"Spokane County County Proposition 1","Name_1":"Approved","Party_1":"Yes_1","Votes_1":"123","Name_2":"Rejected","Party_2":"No_1","Votes_2":"85","Name_3":null,"Party_3":null,"Votes_3":"0","Name_4":null,"Party_4":null,"Votes_4":"0","Name_5":null,"Party_5":null,"Votes_5":"0","Name_6":null,"Party_6":null,"Votes_6":"0","Name_7":null,"Party_7":null,"Votes_7":"0","Votes_total":"208","Pct_1":59.13,"Pct_2":40.87,"Pct_3":0,"Pct_4":0,"Pct_5":0,"Pct_6":0,"Pct_7":0,"Margin":18.26}},
{"type":"Feature","geometry":{"type":"Polygon","coordinates":[[[-117.44320872194939,47.70624292645072],[-117.45399258979528,47.706256184765586],[-117.45398087899767,47.70077702969822],[-117.44906038598842,47.70074711383116],[-117.43643599112376,47.70072339527987],[-117.43642962954775,47.704412860572276],[-117.44321107128884,47.704413216829956],[-117.44320872194939,47.70624292645072]]]},"properties":{"COUNTY":"Spokane","PRECCODE":3308,"PRECNAME":"3308 Spokane","PRECINCT":"Spokane 3308","DESCRIPTIO":"Shadle Park Center (Shadle Park Aquatic Center, Shadle Park Safeway)","OFFICE":"County Proposition 1","JURISDICTION":"County","RACE":"Spokane County County Proposition 1","Name_1":"Approved","Party_1":"Yes_1","Votes_1":"150","Name_2":"Rejected","Party_2":"No_1","Votes_2":"100","Name_3":null,"Party_3":null,"Votes_3":"0","Name_4":null,"Party_4":null,"Votes_4":"0","Name_5":null,"Party_5":null,"Votes_5":"0","Name_6":null,"Party_6":null,"Votes_6":"0","Name_7":null,"Party_7":null,"Votes_7":"0","Votes_total":"250","Pct_1":60,"Pct_2":40,"Pct_3":0,"Pct_4":0,"Pct_5":0,"Pct_6":0,"Pct_7":0,"Margin":20}},
{"type":"Feature","geometry":{"type":"Polygon","coordinates":[[[-117.42589017688105,47.70074391858258],[-117.42591592679737,47.7080195014734],[-117.43204909833752,47.70806238924696],[-117.4364240563414,47.7080692082707],[-117.43643599112376,47.70072339527987],[-117.42589017688105,47.70074391858258]]]},"properties":{"COUNTY":"Spokane","PRECCODE":3309,"PRECNAME":"3309 Spokane","PRECINCT":"Spokane 3309","DESCRIPTIO":"Franklin Park-Willard West (W Everett & Maple, Spokane Fire Station No. 13)","OFFICE":"County Proposition 1","JURISDICTION":"County","RACE":"Spokane County County Proposition 1","Name_1":"Approved","Party_1":"Yes_1","Votes_1":"88","Name_2":"Rejected","Party_2":"No_1","Votes_2":"62","Name_3":null,"Party_3":null,"Votes_3":"0","Name_4":null,"Party_4":null,"Votes_4":"0","Name_5":null,"Party_5":null,"Votes_5":"0","Name_6":null,"Party_6":null,"Votes_6":"0","Name_7":null,"Party_7":null,"Votes_7":"0","Votes_total":"150","Pct_1":58.67,"Pct_2":41.33,"Pct_3":0,"Pct_4":0,"Pct_5":0,"Pct_6":0,"Pct_7":0,"Margin":17.34}},
{"type":"Feature","geometry":{"type":"Polygon","coordinates":[[[-117.41125571882012,47.70878638561619],[-117.42591592679737,47.7080195014734],[-117.42589017688105,47.70074391858258],[-117.4112476826085,47.700725356514624],[-117.41125033394445,47.703863003791724],[-117.41125571882012,47.70878638561619]]]},"properties":{"COUNTY":"Spokane","PRECCODE":3310,"PRECNAME":"3310 Spokane","PRECINCT":"Spokane 3310","DESCRIPTIO":"Franklin Park-Willard East (North Hill Christian Church, Franklin Park)","OFFICE":"County Proposition 1","JURISDICTION":"County","RACE":"Spokane County County Proposition 1","Name_1":"Approved","Party_1":"Yes_1","Votes_1":"170","Name_2":"Rejected","Party_2":"No_1","Votes_2":"120","Name_3":null,"Party_3":null,"Votes_3":"0","Name_4":null,"Party_4":null,"Votes_4":"0","Name_5":null,"Party_5":null,"Votes_5":"0","Name_6":null,"Party_6":null,"Votes_6":"0","Name_7":null,"Party_7":null,"Votes_7":"0","Votes_total":"290","Pct_1":58.62,"Pct_2":41.38,"Pct_3":0,"Pct_4":0,"Pct_5":0,"Pct_6":0,"Pct_7":0,"Margin":17.24}},
{"type":"Feature","geometry":{"type":"Polygon","coordinates":[[[-117.46535380314661,47.692676773577055],[-117.46544335039864,47.6973143798925],[-117.46546776707719,47.70079285279071],[-117.47553793414093,47.70082429366007],[-117.47536790064886,47.6993876651652],[-117.47519016641978,47.69913342728046],[-117.47494935276559,47.698958281055276],[-117.47298541967001,47.69807785353461],[-117.46683931494198,47.693890711593426],[-117.46658310631467,47.69366481859828],[-117.4658818131378,47.69267333382102],[-117.46535380314661,47.692676773577055]]]},"properties":{"COUNTY":"Spokane","PRECCODE":3311,"PRECNAME":"3311 Spokane","PRECINCT":"Spokane 3311","DESCRIPTIO":"Audubon Far Northwest (W Northwest Blvd & Gustavus, Webster Park)","OFFICE":"County Proposition 1","JURISDICTION":"County","RACE":"Spokane County County Proposition 1","Name_1":"Approved","Party_1":"Yes_1","Votes_1":"180","Name_2":"Rejected","Party_2":"No_1","Votes_2":"156","Name_3":null,"Party_3":null,"Votes_3":"0","Name_4":null,"Party_4":null,"Votes_4":"0","Name_5":null,"Party_5":null,"Votes_5":"0","Name_6":null,"Party_6":null,"Votes_6":"0","Name_7":null,"Party_7":null,"Votes_7":"0","Votes_total":"336","Pct_1":53.57,"Pct_2":46.43,"Pct_3":0,"Pct_4":0,"Pct_5":0,"Pct_6":0,"Pct_7":0,"Margin":7.14}},
{"type":"Feature","geometry":{"type":"Polygon","coordinates":[[[-117.45930940347816,47.69265141532438],[-117.46074842389051,47.70078851822335],[-117.46242633872451,47.70078301496654],[-117.46546776707719,47.70079285279071],[-117.46544335039864,47.6973143798925],[-117.46535380314661,47.692676773577055],[-117.45930940347816,47.69265141532438]]]},"properties":{"COUNTY":"Spokane","PRECCODE":3312,"PRECNAME":"3312 Spokane","PRECINCT":"Spokane 3312","DESCRIPTIO":"Audubon Northwest (Covenant Church, W Garland & 'G')","OFFICE":"County Proposition 1","JURISDICTION":"County","RACE":"Spokane County County Proposition 1","Name_1":"Approved","Party_1":"Yes_1","Votes_1":"82","Name_2":"Rejected","Party_2":"No_1","Votes_2":"70","Name_3":null,"Party_3":null,"Votes_3":"0","Name_4":null,"Party_4":null,"Votes_4":"0","Name_5":null,"Party_5":null,"Votes_5":"0","Name_6":null,"Party_6":null,"Votes_6":"0","Name_7":null,"Party_7":null,"Votes_7":"0","Votes_total":"152","Pct_1":53.95,"Pct_2":46.05,"Pct_3":0,"Pct_4":0,"Pct_5":0,"Pct_6":0,"Pct_7":0,"Margin":7.9}},
{"type":"Feature","geometry":{"type":"Polygon","coordinates":[[[-117.44654028021493,47.69259434620825],[-117.43778337899124,47.692130821416974],[-117.4377831400599,47.693514215707225],[-117.43643934278971,47.693510744553826],[-117.43643599112376,47.70072339527987],[-117.44906038598842,47.70074711383116],[-117.44950894798008,47.697189162060454],[-117.44658124359349,47.69718757592984],[-117.44654028021493,47.69259434620825]]]},"properties":{"COUNTY":"Spokane","PRECCODE":3313,"PRECNAME":"3313 Spokane","PRECINCT":"Spokane 3313","DESCRIPTIO":"Shadle Park South (Messiah Lutheran Church, Shadle Garland Post Office)","OFFICE":"County Proposition 1","JURISDICTION":"County","RACE":"Spokane County County Proposition 1","Name_1":"Approved","Party_1":"Yes_1","Votes_1":"44","Name_2":"Rejected","Party_2":"No_1","Votes_2":"29","Name_3":null,"Party_3":null,"Votes_3":"0","Name_4":null,"Party_4":null,"Votes_4":"0","Name_5":null,"Party_5":null,"Votes_5":"0","Name_6":null,"Party_6":null,"Votes_6":"0","Name_7":null,"Party_7":null,"Votes_7":"0","Votes_total":"73","Pct_1":60.27,"Pct_2":39.73,"Pct_3":0,"Pct_4":0,"Pct_5":0,"Pct_6":0,"Pct_7":0,"Margin":20.54}},
{"type":"Feature","geometry":{"type":"Polygon","coordinates":[[[-117.42589384530973,47.69348474065687],[-117.42586680341698,47.69431782059829],[-117.42589017688105,47.70074391858258],[-117.43643599112376,47.70072339527987],[-117.43643934278971,47.693510744553826],[-117.42589384530973,47.69348474065687]]]},"properties":{"COUNTY":"Spokane","PRECCODE":3314,"PRECNAME":"3314 Spokane","PRECINCT":"Spokane 3314","DESCRIPTIO":"Franklin Park-Willard Southwest (St. Francis School, Salish School)","OFFICE":"County Proposition 1","JURISDICTION":"County","RACE":"Spokane County County Proposition 1","Name_1":"Approved","Party_1":"Yes_1","Votes_1":"139","Name_2":"Rejected","Party_2":"No_1","Votes_2":"81","Name_3":null,"Party_3":null,"Votes_3":"0","Name_4":null,"Party_4":null,"Votes_4":"0","Name_5":null,"Party_5":null,"Votes_5":"0","Name_6":null,"Party_6":null,"Votes_6":"0","Name_7":null,"Party_7":null,"Votes_7":"0","Votes_total":"220","Pct_1":63.18,"Pct_2":36.82,"Pct_3":0,"Pct_4":0,"Pct_5":0,"Pct_6":0,"Pct_7":0,"Margin":26.36}},
{"type":"Feature","geometry":{"type":"Polygon","coordinates":[[[-117.4112323211109,47.697453983488025],[-117.4112476826085,47.700725356514624],[-117.42589017688105,47.70074391858258],[-117.42587837813626,47.697434774798545],[-117.42164490681508,47.697428127101425],[-117.4112323211109,47.697453983488025]]]},"properties":{"COUNTY":"Spokane","PRECCODE":3315,"PRECNAME":"3315 Spokane","PRECINCT":"Spokane 3315","DESCRIPTIO":"Franklin Park-Willard East (Willard Elementary School, North Town Office Building)","OFFICE":"County Proposition 1","JURISDICTION":"County","RACE":"Spokane County County Proposition 1","Name_1":"Approved","Party_1":"Yes_1","Votes_1":"18","Name_2":"Rejected","Party_2":"No_1","Votes_2":"15","Name_3":null,"Party_3":null,"Votes_3":"0","Name_4":null,"Party_4":null,"Votes_4":"0","Name_5":null,"Party_5":null,"Votes_5":"0","Name_6":null,"Party_6":null,"Votes_6":"0","Name_7":null,"Party_7":null,"Votes_7":"0","Votes_total":"33","Pct_1":54.55,"Pct_2":45.45,"Pct_3":0,"Pct_4":0,"Pct_5":0,"Pct_6":0,"Pct_7":0,"Margin":9.1}},
{"type":"Feature","geometry":{"type":"Polygon","coordinates":[[[-117.46683931494198,47.693890711593426],[-117.47298541967001,47.69807785353461],[-117.47494935276559,47.698958281055276],[-117.47519016641978,47.69913342728046],[-117.47531559657548,47.69928846077855],[-117.47511478465705,47.697400505709375],[-117.48070459875805,47.69793645072488],[-117.48065149820535,47.69675747792648],[-117.46715701720578,47.690461023686076],[-117.46926291922045,47.68847238992384],[-117.47760774050404,47.68700489806742],[-117.47492713721995,47.68194087512674],[-117.4710549542969,47.68044662937817],[-117.45632762586187,47.68078224858375],[-117.45669532418297,47.68622935265498],[-117.45651471719903,47.6862295025114],[-117.45662906630383,47.69263538875212],[-117.4658818131378,47.69267333382102],[-117.46658310631467,47.69366481859828],[-117.46683931494198,47.693890711593426]]]},"properties":{"COUNTY":"Spokane","PRECCODE":3316,"PRECNAME":"3316 Spokane","PRECINCT":"Spokane 3316","DESCRIPTIO":"Audubon Southwest (Downriver Village, Downriver Golf Course)","OFFICE":"County Proposition 1","JURISDICTION":"County","RACE":"Spokane County County Proposition 1","Name_1":"Approved","Party_1":"Yes_1","Votes_1":"93","Name_2":"Rejected","Party_2":"No_1","Votes_2":"76","Name_3":null,"Party_3":null,"Votes_3":"0","Name_4":null,"Party_4":null,"Votes_4":"0","Name_5":null,"Party_5":null,"Votes_5":"0","Name_6":null,"Party_6":null,"Votes_6":"0","Name_7":null,"Party_7":null,"Votes_7":"0","Votes_total":"169","Pct_1":55.03,"Pct_2":44.97,"Pct_3":0,"Pct_4":0,"Pct_5":0,"Pct_6":0,"Pct_7":0,"Margin":10.06}},
{"type":"Feature","geometry":{"type":"Polygon","coordinates":[[[-117.4464710885451,47.685296022253695],[-117.44654028021493,47.69259434620825],[-117.4532261921109,47.69273017580547],[-117.45413958590449,47.69279572152663],[-117.45532800441143,47.69265914700838],[-117.45662906630383,47.69263538875212],[-117.45651471719903,47.6862295025114],[-117.44940360469337,47.686214597117456],[-117.44872284306219,47.6852506219201],[-117.4464710885451,47.685296022253695]]]},"properties":{"COUNTY":"Spokane","PRECCODE":3317,"PRECNAME":"3317 Spokane","PRECINCT":"Spokane 3317","DESCRIPTIO":"Audubon East (Audubon Park, W Euclid & Cochran)","OFFICE":"County Proposition 1","JURISDICTION":"County","RACE":"Spokane County County Proposition 1","Name_1":"Approved","Party_1":"Yes_1","Votes_1":"25","Name_2":"Rejected","Party_2":"No_1","Votes_2":"23","Name_3":null,"Party_3":null,"Votes_3":"0","Name_4":null,"Party_4":null,"Votes_4":"0","Name_5":null,"Party_5":null,"Votes_5":"0","Name_6":null,"Party_6":null,"Votes_6":"0","Name_7":null,"Party_7":null,"Votes_7":"0","Votes_total":"48","Pct_1":52.08,"Pct_2":47.92,"Pct_3":0,"Pct_4":0,"Pct_5":0,"Pct_6":0,"Pct_7":0,"Margin":4.16}},
{"type":"Feature","geometry":{"type":"Polygon","coordinates":[[[-117.42666516377976,47.688715769284656],[-117.42589384530973,47.69348474065687],[-117.4377831400599,47.693514215707225],[-117.43775742820098,47.68756011708572],[-117.4355129459308,47.68626861491549],[-117.43646633144893,47.68533210370763],[-117.4324108077364,47.6853490652126],[-117.43240954924796,47.68492272178926],[-117.42664605641382,47.68490418903098],[-117.4266423431502,47.68580943303108],[-117.42666516377976,47.688715769284656]]]},"properties":{"COUNTY":"Spokane","PRECCODE":3318,"PRECNAME":"3318 Spokane","PRECINCT":"Spokane 3318","DESCRIPTIO":"Emerson-Garfield North (Emerson Park, W Providence & Ash)","OFFICE":"County Proposition 1","JURISDICTION":"County","RACE":"Spokane County County Proposition 1","Name_1":"Approved","Party_1":"Yes_1","Votes_1":"162","Name_2":"Rejected","Party_2":"No_1","Votes_2":"141","Name_3":null,"Party_3":null,"Votes_3":"0","Name_4":null,"Party_4":null,"Votes_4":"0","Name_5":null,"Party_5":null,"Votes_5":"0","Name_6":null,"Party_6":null,"Votes_6":"0","Name_7":null,"Party_7":null,"Votes_7":"0","Votes_total":"303","Pct_1":53.47,"Pct_2":46.53,"Pct_3":0,"Pct_4":0,"Pct_5":0,"Pct_6":0,"Pct_7":0,"Margin":6.94}},
{"type":"Feature","geometry":{"type":"Polygon","coordinates":[[[-117.41120905823158,47.69321695627613],[-117.41228250508092,47.693395846202264],[-117.41264659731456,47.693447203225865],[-117.41300355107099,47.69346132431101],[-117.42589384530973,47.69348474065687],[-117.42666516377976,47.688715769284656],[-117.41118283815645,47.68623329570568],[-117.41120905823158,47.69321695627613]]]},"properties":{"COUNTY":"Spokane","PRECCODE":3319,"PRECNAME":"3319 Spokane","PRECINCT":"Spokane 3319","DESCRIPTIO":"Emerson-Garfield Northeast (Spokane Art School, Faith Bible Church, Spokane View Apartments)","OFFICE":"County Proposition 1","JURISDICTION":"County","RACE":"Spokane County County Proposition 1","Name_1":"Rejected","Party_1":"No_1","Votes_1":"18","Name_2":"Approved","Party_2":"Yes_1","Votes_2":"15","Name_3":null,"Party_3":null,"Votes_3":"0","Name_4":null,"Party_4":null,"Votes_4":"0","Name_5":null,"Party_5":null,"Votes_5":"0","Name_6":null,"Party_6":null,"Votes_6":"0","Name_7":null,"Party_7":null,"Votes_7":"0","Votes_total":"33","Pct_1":54.55,"Pct_2":45.45,"Pct_3":0,"Pct_4":0,"Pct_5":0,"Pct_6":0,"Pct_7":0,"Margin":9.1}},
{"type":"Feature","geometry":{"type":"Polygon","coordinates":[[[-117.41118283815645,47.68623329570568],[-117.42666516377976,47.688715769284656],[-117.4266423431502,47.68580943303108],[-117.42665104804908,47.683999861046544],[-117.4236360901181,47.68399642183185],[-117.42363863014201,47.68356469611315],[-117.41465016124383,47.68356712769493],[-117.41119082237157,47.68369336062608],[-117.41118283815645,47.68623329570568]]]},"properties":{"COUNTY":"Spokane","PRECCODE":3320,"PRECNAME":"3320 Spokane","PRECINCT":"Spokane 3320","DESCRIPTIO":"Emerson-Garfield East (Corbin Park, W Alice & Lincoln)","OFFICE":"County Proposition 1","JURISDICTION":"County","RACE":"Spokane County County Proposition 1","Name_1":"Rejected","Party_1":"No_1","Votes_1":"52","Name_2":"Approved","Party_2":"Yes_1","Votes_2":"38","Name_3":null,"Party_3":null,"Votes_3":"0","Name_4":null,"Party_4":null,"Votes_4":"0","Name_5":null,"Party_5":null,"Votes_5":"0","Name_6":null,"Party_6":null,"Votes_6":"0","Name_7":null,"Party_7":null,"Votes_7":"0","Votes_total":"90","Pct_1":57.78,"Pct_2":42.22,"Pct_3":0,"Pct_4":0,"Pct_5":0,"Pct_6":0,"Pct_7":0,"Margin":15.56}},
{"type":"Feature","geometry":{"type":"Polygon","coordinates":[[[-117.44872284306219,47.6852506219201],[-117.44940360469337,47.686214597117456],[-117.45669532418297,47.68622935265498],[-117.45632762586187,47.68078224858375],[-117.44849045354458,47.67806826974326],[-117.44786611318251,47.67460255728074],[-117.44824429887029,47.674064344621875],[-117.44398415132662,47.67402047442783],[-117.44140560916118,47.67402379631139],[-117.44142608263398,47.679470073660895],[-117.44312643982231,47.68037502517736],[-117.44145181734682,47.680398211121094],[-117.44120567559366,47.68261645652911],[-117.44120005526919,47.68486886062802],[-117.4412584236747,47.68530046975936],[-117.44132235633958,47.68531403646606],[-117.44872284306219,47.6852506219201]]]},"properties":{"COUNTY":"Spokane","PRECCODE":3321,"PRECNAME":"3321 Spokane","PRECINCT":"Spokane 3321","DESCRIPTIO":"Audubon Far South (T.J. Meenach Drive, Audubon Elementary School)","OFFICE":"County Proposition 1","JURISDICTION":"County","RACE":"Spokane County County Proposition 1","Name_1":"Rejected","Party_1":"No_1","Votes_1":"49","Name_2":"Approved","Party_2":"Yes_1","Votes_2":"46","Name_3":null,"Party_3":null,"Votes_3":"0","Name_4":null,"Party_4":null,"Votes_4":"0","Name_5":null,"Party_5":null,"Votes_5":"0","Name_6":null,"Party_6":null,"Votes_6":"0","Name_7":null,"Party_7":null,"Votes_7":"0","Votes_total":"95","Pct_1":51.58,"Pct_2":48.42,"Pct_3":0,"Pct_4":0,"Pct_5":0,"Pct_6":0,"Pct_7":0,"Margin":3.16}},
{"type":"Feature","geometry":{"type":"Polygon","coordinates":[[[-117.4324108077364,47.6853490652126],[-117.43646633144893,47.68533210370763],[-117.44124093075482,47.685282674527784],[-117.44120005526919,47.68486886062802],[-117.44120567559366,47.68261645652911],[-117.44145181734682,47.680398211121094],[-117.44312643982231,47.68037502517736],[-117.44142608263398,47.679470073660895],[-117.44140560916118,47.67402379631139],[-117.43247062349393,47.67403005157107],[-117.43244705303296,47.675853587819425],[-117.4324108077364,47.6853490652126]]]},"properties":{"COUNTY":"Spokane","PRECCODE":3322,"PRECNAME":"3322 Spokane","PRECINCT":"Spokane 3322","DESCRIPTIO":"Emerson-Garfield Southwest (West Central Fire Station, Family of Faith Church)","OFFICE":"County Proposition 1","JURISDICTION":"County","RACE":"Spokane County County Proposition 1","Name_1":"Rejected","Party_1":"No_1","Votes_1":"88","Name_2":"Approved","Party_2":"Yes_1","Votes_2":"73","Name_3":null,"Party_3":null,"Votes_3":"0","Name_4":null,"Party_4":null,"Votes_4":"0","Name_5":null,"Party_5":null,"Votes_5":"0","Name_6":null,"Party_6":null,"Votes_6":"0","Name_7":null,"Party_7":null,"Votes_7":"0","Votes_total":"161","Pct_1":54.66,"Pct_2":45.34,"Pct_3":0,"Pct_4":0,"Pct_5":0,"Pct_6":0,"Pct_7":0,"Margin":9.32}},
{"type":"Feature","geometry":{"type":"Polygon","coordinates":[[[-117.42664605641382,47.68490418903098],[-117.43240954924796,47.68492272178926],[-117.43244705303296,47.675853587819425],[-117.43247062349393,47.67403005157107],[-117.42669651026884,47.67403264692076],[-117.42664605641382,47.68490418903098]]]},"properties":{"COUNTY":"Spokane","PRECCODE":3323,"PRECNAME":"3323 Spokane","PRECINCT":"Spokane 3323","DESCRIPTIO":"Emerson-Garfield South (St. Anthony Catholic Church, Public Montessori)","OFFICE":"County Proposition 1","JURISDICTION":"County","RACE":"Spokane County County Proposition 1","Name_1":"Rejected","Party_1":"No_1","Votes_1":"57","Name_2":"Approved","Party_2":"Yes_1","Votes_2":"52","Name_3":null,"Party_3":null,"Votes_3":"0","Name_4":null,"Party_4":null,"Votes_4":"0","Name_5":null,"Party_5":null,"Votes_5":"0","Name_6":null,"Party_6":null,"Votes_6":"0","Name_7":null,"Party_7":null,"Votes_7":"0","Votes_total":"109","Pct_1":52.29,"Pct_2":47.71,"Pct_3":0,"Pct_4":0,"Pct_5":0,"Pct_6":0,"Pct_7":0,"Margin":4.58}},
{"type":"Feature","geometry":{"type":"Polygon","coordinates":[[[-117.41119082237157,47.68369336062608],[-117.41465016124383,47.68356712769493],[-117.42195736386427,47.68356617407072],[-117.42196173587219,47.68269563763612],[-117.42191446077122,47.68269559902096],[-117.42192932775761,47.674023378061996],[-117.4158544926459,47.674012880259774],[-117.41585455783718,47.67393964004538],[-117.41115428082647,47.6739389758289],[-117.41116528037877,47.679212417921455],[-117.41119082237157,47.68369336062608]]]},"properties":{"COUNTY":"Spokane","PRECCODE":3324,"PRECNAME":"3324 Spokane","PRECINCT":"Spokane 3324","DESCRIPTIO":"Emerson-Garfield Far Southeast (Garfield Elementary School, W Buckeye & Harvard)","OFFICE":"County Proposition 1","JURISDICTION":"County","RACE":"Spokane County County Proposition 1","Name_1":"Rejected","Party_1":"No_1","Votes_1":"31","Name_2":"Approved","Party_2":"Yes_1","Votes_2":"29","Name_3":null,"Party_3":null,"Votes_3":"0","Name_4":null,"Party_4":null,"Votes_4":"0","Name_5":null,"Party_5":null,"Votes_5":"0","Name_6":null,"Party_6":null,"Votes_6":"0","Name_7":null,"Party_7":null,"Votes_7":"0","Votes_total":"60","Pct_1":51.67,"Pct_2":48.33,"Pct_3":0,"Pct_4":0,"Pct_5":0,"Pct_6":0,"Pct_7":0,"Margin":3.34}},
{"type":"Feature","geometry":{"type":"Polygon","coordinates":[[[-117.44868845244724,47.673455428122914],[-117.45294844259423,47.672393508145504],[-117.45905000820481,47.67456311700795],[-117.46171276795653,47.66850159574088],[-117.45984778211654,47.67000711974117],[-117.45756625292513,47.66798068453715],[-117.44284515932783,47.668002902912185],[-117.44285319517734,47.67076734509581],[-117.44270548772835,47.67099450795301],[-117.44391173333985,47.67305169639256],[-117.44298831917284,47.67333138187479],[-117.44286585911172,47.673531269328386],[-117.44286189628122,47.67402308824818],[-117.44398415132662,47.67402047442783],[-117.44824429887029,47.674064344621875],[-117.44868845244724,47.673455428122914]]]},"properties":{"COUNTY":"Spokane","PRECCODE":3325,"PRECNAME":"3325 Spokane","PRECINCT":"Spokane 3325","DESCRIPTIO":"West Central Northwest (Holmes Elementary School, Sans Souci Senior MHP, West Summit Boulevard)","OFFICE":"County Proposition 1","JURISDICTION":"County","RACE":"Spokane County County Proposition 1","Name_1":"Rejected","Party_1":"No_1","Votes_1":"47","Name_2":"Approved","Party_2":"Yes_1","Votes_2":"43","Name_3":null,"Party_3":null,"Votes_3":"0","Name_4":null,"Party_4":null,"Votes_4":"0","Name_5":null,"Party_5":null,"Votes_5":"0","Name_6":null,"Party_6":null,"Votes_6":"0","Name_7":null,"Party_7":null,"Votes_7":"0","Votes_total":"90","Pct_1":52.22,"Pct_2":47.78,"Pct_3":0,"Pct_4":0,"Pct_5":0,"Pct_6":0,"Pct_7":0,"Margin":4.44}},
{"type":"Feature","geometry":{"type":"Polygon","coordinates":[[[-117.43259556922868,47.668030304341926],[-117.43259210141824,47.66948339289949],[-117.43247062349393,47.67403005157107],[-117.44286189628122,47.67402308824818],[-117.44286585911172,47.673531269328386],[-117.44298831917284,47.67333138187479],[-117.44391173333985,47.67305169639256],[-117.44270548772835,47.67099450795301],[-117.44285319517734,47.67076734509581],[-117.44284515932783,47.668002902912185],[-117.43259556922868,47.668030304341926]]]},"properties":{"COUNTY":"Spokane","PRECCODE":3326,"PRECNAME":"3326 Spokane","PRECINCT":"Spokane 3326","DESCRIPTIO":"West Central Northeast (A.M. Cannon Park, Skeet-So-Mish Park, DSHS Building)","OFFICE":"County Proposition 1","JURISDICTION":"County","RACE":"Spokane County County Proposition 1","Name_1":"Rejected","Party_1":"No_1","Votes_1":"88","Name_2":"Approved","Party_2":"Yes_1","Votes_2":"76","Name_3":null,"Party_3":null,"Votes_3":"0","Name_4":null,"Party_4":null,"Votes_4":"0","Name_5":null,"Party_5":null,"Votes_5":"0","Name_6":null,"Party_6":null,"Votes_6":"0","Name_7":null,"Party_7":null,"Votes_7":"0","Votes_total":"164","Pct_1":53.66,"Pct_2":46.34,"Pct_3":0,"Pct_4":0,"Pct_5":0,"Pct_6":0,"Pct_7":0,"Margin":7.32}},
{"type":"Feature","geometry":{"type":"Polygon","coordinates":[[[-117.42658937229584,47.66075255429341],[-117.42661144583403,47.66281644251334],[-117.42662442837212,47.663931890713926],[-117.42670931269521,47.67070700372942],[-117.42669651026884,47.67403264692076],[-117.43247062349393,47.67403005157107],[-117.43259210141824,47.66948339289949],[-117.4325849751896,47.66040888691472],[-117.42910656805068,47.6598567636165],[-117.42658937229584,47.66075255429341]]]},"properties":{"COUNTY":"Spokane","PRECCODE":3327,"PRECNAME":"3327 Spokane","PRECINCT":"Spokane 3327","DESCRIPTIO":"Kendall Yards East (Highline Apartments), North Central West (Community School)","OFFICE":"County Proposition 1","JURISDICTION":"County","RACE":"Spokane County County Proposition 1","Name_1":"Rejected","Party_1":"No_1","Votes_1":"128","Name_2":"Approved","Party_2":"Yes_1","Votes_2":"96","Name_3":null,"Party_3":null,"Votes_3":"0","Name_4":null,"Party_4":null,"Votes_4":"0","Name_5":null,"Party_5":null,"Votes_5":"0","Name_6":null,"Party_6":null,"Votes_6":"0","Name_7":null,"Party_7":null,"Votes_7":"0","Votes_total":"224","Pct_1":57.14,"Pct_2":42.86,"Pct_3":0,"Pct_4":0,"Pct_5":0,"Pct_6":0,"Pct_7":0,"Margin":14.28}},
{"type":"Feature","geometry":{"type":"Polygon","coordinates":[[[-117.443232006937,47.66439943298622],[-117.44323834987013,47.66601667418225],[-117.44322168334496,47.66800207862502],[-117.45756625292513,47.66798068453715],[-117.45984778211654,47.67000711974117],[-117.46171276795653,47.66850159574088],[-117.4634172459086,47.66635042230602],[-117.45739707410482,47.6648315220377],[-117.45654413804913,47.66443926533231],[-117.44394076694992,47.664456931984574],[-117.44351142328632,47.664450844540525],[-117.44337601593818,47.664433613229725],[-117.443232006937,47.66439943298622]]]},"properties":{"COUNTY":"Spokane","PRECCODE":3328,"PRECNAME":"3328 Spokane","PRECINCT":"Spokane 3328","DESCRIPTIO":"West Central West (Westminster Presbyterian Church, Anna Ogden Hall)","OFFICE":"County Proposition 1","JURISDICTION":"County","RACE":"Spokane County County Proposition 1","Name_1":"Rejected","Party_1":"No_1","Votes_1":"24","Name_2":"Approved","Party_2":"Yes_1","Votes_2":"20","Name_3":null,"Party_3":null,"Votes_3":"0","Name_4":null,"Party_4":null,"Votes_4":"0","Name_5":null,"Party_5":null,"Votes_5":"0","Name_6":null,"Party_6":null,"Votes_6":"0","Name_7":null,"Party_7":null,"Votes_7":"0","Votes_total":"44","Pct_1":54.55,"Pct_2":45.45,"Pct_3":0,"Pct_4":0,"Pct_5":0,"Pct_6":0,"Pct_7":0,"Margin":9.1}},
{"type":"Feature","geometry":{"type":"Polygon","coordinates":[[[-117.44322168334496,47.66800207862502],[-117.44323834987013,47.66601667418225],[-117.44323676497861,47.66259152436592],[-117.44322670494007,47.659043420355886],[-117.44241820733379,47.658925251887666],[-117.43697756103361,47.66088072930475],[-117.43290859903703,47.66046023077709],[-117.4325849751896,47.66040888691472],[-117.43259556922868,47.668030304341926],[-117.44322168334496,47.66800207862502]]]},"properties":{"COUNTY":"Spokane","PRECCODE":3329,"PRECNAME":"3329 Spokane","PRECINCT":"Spokane 3329","DESCRIPTIO":"West Central Southeast (Bryant Center School, Fahy West Apartments, Kendall Yards Center)","OFFICE":"County Proposition 1","JURISDICTION":"County","RACE":"Spokane County County Proposition 1","Name_1":"Rejected","Party_1":"No_1","Votes_1":"79","Name_2":"Approved","Party_2":"Yes_1","Votes_2":"59","Name_3":null,"Party_3":null,"Votes_3":"0","Name_4":null,"Party_4":null,"Votes_4":"0","Name_5":null,"Party_5":null,"Votes_5":"0","Name_6":null,"Party_6":null,"Votes_6":"0","Name_7":null,"Party_7":null,"Votes_7":"0","Votes_total":"138","Pct_1":57.25,"Pct_2":42.75,"Pct_3":0,"Pct_4":0,"Pct_5":0,"Pct_6":0,"Pct_7":0,"Margin":14.5}},
{"type":"Feature","geometry":{"type":"Polygon","coordinates":[[[-117.41117069196862,47.66813430993116],[-117.4111550713055,47.670420307172],[-117.41115428082647,47.6739389758289],[-117.41585455783718,47.67393964004538],[-117.4158544926459,47.674012880259774],[-117.42669651026884,47.67403264692076],[-117.42670931269521,47.67070700372942],[-117.42666943796361,47.66810759886437],[-117.41117069196862,47.66813430993116]]]},"properties":{"COUNTY":"Spokane","PRECCODE":3330,"PRECNAME":"3330 Spokane","PRECINCT":"Spokane 3330","DESCRIPTIO":"North Central Northeast (Sinto Commons Apartments, North Central High School)","OFFICE":"County Proposition 1","JURISDICTION":"County","RACE":"Spokane County County Proposition 1","Name_1":"Approved","Party_1":"Yes_1","Votes_1":"50","Name_2":"Rejected","Party_2":"No_1","Votes_2":"43","Name_3":null,"Party_3":null,"Votes_3":"0","Name_4":null,"Party_4":null,"Votes_4":"0","Name_5":null,"Party_5":null,"Votes_5":"0","Name_6":null,"Party_6":null,"Votes_6":"0","Name_7":null,"Party_7":null,"Votes_7":"0","Votes_total":"93","Pct_1":53.76,"Pct_2":46.24,"Pct_3":0,"Pct_4":0,"Pct_5":0,"Pct_6":0,"Pct_7":0,"Margin":7.52}},
{"type":"Feature","geometry":{"type":"Polygon","coordinates":[[[-117.443232006937,47.66439943298622],[-117.44337601593818,47.664433613229725],[-117.44351142328632,47.664450844540525],[-117.44394076694992,47.664456931984574],[-117.45654413804913,47.66443926533231],[-117.4561358852988,47.66425150921862],[-117.4547767136783,47.661992895282744],[-117.45643641250095,47.65981540855277],[-117.45624948583556,47.65747319639801],[-117.45359026325883,47.65667492499336],[-117.44823177518889,47.65946847984719],[-117.44348552295541,47.65907962629138],[-117.44322670494007,47.659043420355886],[-117.44323676497861,47.66259152436592],[-117.443232006937,47.66439943298622]]]},"properties":{"COUNTY":"Spokane","PRECCODE":3331,"PRECNAME":"3331 Spokane","PRECINCT":"Spokane 3331","DESCRIPTIO":"West Central Southwest (Dutch Jake's Park, Kendall Yards West)","OFFICE":"County Proposition 1","JURISDICTION":"County","RACE":"Spokane County County Proposition 1","Name_1":"Approved","Party_1":"Yes_1","Votes_1":"48","Name_2":"Rejected","Party_2":"No_1","Votes_2":"43","Name_3":null,"Party_3":null,"Votes_3":"0","Name_4":null,"Party_4":null,"Votes_4":"0","Name_5":null,"Party_5":null,"Votes_5":"0","Name_6":null,"Party_6":null,"Votes_6":"0","Name_7":null,"Party_7":null,"Votes_7":"0","Votes_total":"91","Pct_1":52.75,"Pct_2":47.25,"Pct_3":0,"Pct_4":0,"Pct_5":0,"Pct_6":0,"Pct_7":0,"Margin":5.5}},
{"type":"Feature","geometry":{"type":"Polygon","coordinates":[[[-117.46864111232186,47.7289897857202],[-117.46734558708742,47.7280971964648],[-117.45397353623362,47.722648036793665],[-117.44573122621523,47.722594055896614],[-117.45331142208073,47.72765629169696],[-117.45372300238614,47.72786006246948],[-117.45391619997683,47.729871772346314],[-117.457188526911,47.729871788260866],[-117.46438678878948,47.72990861205181],[-117.46587613730883,47.72990342157049],[-117.46774213314475,47.729922290681664],[-117.46782600210453,47.72963720498096],[-117.46788200021189,47.72949520562202],[-117.46799500207752,47.729338204939545],[-117.46840200052368,47.729061205150956],[-117.46864111232186,47.7289897857202]]]},"properties":{"COUNTY":"Spokane","PRECCODE":3332,"PRECNAME":"3332 Spokane","PRECINCT":"Spokane 3332","DESCRIPTIO":"Five Mile Prairie West (Horizon Ridge, Rock Ridge Drive)","OFFICE":"County Proposition 1","JURISDICTION":"County","RACE":"Spokane County County Proposition 1","Name_1":"Approved","Party_1":"Yes_1","Votes_1":"101","Name_2":"Rejected","Party_2":"No_1","Votes_2":"91","Name_3":null,"Party_3":null,"Votes_3":"0","Name_4":null,"Party_4":null,"Votes_4":"0","Name_5":null,"Party_5":null,"Votes_5":"0","Name_6":null,"Party_6":null,"Votes_6":"0","Name_7":null,"Party_7":null,"Votes_7":"0","Votes_total":"192","Pct_1":52.6,"Pct_2":47.4,"Pct_3":0,"Pct_4":0,"Pct_5":0,"Pct_6":0,"Pct_7":0,"Margin":5.2}},
{"type":"Feature","geometry":{"type":"Polygon","coordinates":[[[-117.47551068816395,47.715402512242946],[-117.47240009347183,47.71540484810301],[-117.45853881004503,47.71541679843987],[-117.46357866170045,47.71959049974578],[-117.466294110564,47.72232132223287],[-117.46644616966378,47.722454146767085],[-117.4669999988478,47.72216320563074],[-117.46718699966303,47.72208420546899],[-117.467711998566,47.721948205514224],[-117.46948399928577,47.72191220501519],[-117.46949686274122,47.72027943654352],[-117.47546986519961,47.71939202285921],[-117.47551068816395,47.715402512242946]]]},"properties":{"COUNTY":"Spokane","PRECCODE":3333,"PRECNAME":"3333 Spokane","PRECINCT":"Spokane 3333","DESCRIPTIO":"Balboa South (Indian Trail Post Office, Delbert Avenue)","OFFICE":"County Proposition 1","JURISDICTION":"County","RACE":"Spokane County County Proposition 1","Name_1":"Approved","Party_1":"Yes_1","Votes_1":"193","Name_2":"Rejected","Party_2":"No_1","Votes_2":"157","Name_3":null,"Party_3":null,"Votes_3":"0","Name_4":null,"Party_4":null,"Votes_4":"0","Name_5":null,"Party_5":null,"Votes_5":"0","Name_6":null,"Party_6":null,"Votes_6":"0","Name_7":null,"Party_7":null,"Votes_7":"0","Votes_total":"350","Pct_1":55.14,"Pct_2":44.86,"Pct_3":0,"Pct_4":0,"Pct_5":0,"Pct_6":0,"Pct_7":0,"Margin":10.28}},
{"type":"Feature","geometry":{"type":"Polygon","coordinates":[[[-117.45397353623362,47.722648036793665],[-117.46734558708742,47.7280971964648],[-117.4673691906929,47.72629999641852],[-117.47135078538987,47.72603989104502],[-117.46959292049381,47.724417058656066],[-117.46917913173012,47.72413770764746],[-117.46718381408999,47.72297779036552],[-117.46677388493752,47.722710514192364],[-117.46638997497168,47.7224081058009],[-117.46357866170045,47.71959049974578],[-117.45853881004503,47.71541679843987],[-117.45401757145507,47.71541998535044],[-117.45397353623362,47.722648036793665]]]},"properties":{"COUNTY":"Spokane","PRECCODE":3334,"PRECNAME":"3334 Spokane","PRECINCT":"Spokane 3334","DESCRIPTIO":"Balboa East (Balboa Elementary School, W Woodside & 'G')","OFFICE":"County Proposition 1","JURISDICTION":"County","RACE":"Spokane County County Proposition 1","Name_1":"Approved","Party_1":"Yes_1","Votes_1":"38","Name_2":"Rejected","Party_2":"No_1","Votes_2":"24","Name_3":null,"Party_3":null,"Votes_3":"0","Name_4":null,"Party_4":null,"Votes_4":"0","Name_5":null,"Party_5":null,"Votes_5":"0","Name_6":null,"Party_6":null,"Votes_6":"0","Name_7":null,"Party_7":null,"Votes_7":"0","Votes_total":"62","Pct_1":61.29,"Pct_2":38.71,"Pct_3":0,"Pct_4":0,"Pct_5":0,"Pct_6":0,"Pct_7":0,"Margin":22.58}},
{"type":"Feature","geometry":{"type":"Polygon","coordinates":[[[-117.46620482163155,47.70881028997126],[-117.46612900093595,47.70925395138274],[-117.46611968687472,47.709396918563456],[-117.46621041969836,47.7097462351223],[-117.46213661583383,47.71143532836797],[-117.4634343077071,47.71540351691181],[-117.47240009347183,47.71540484810301],[-117.47551068816395,47.715402512242946],[-117.4763626092348,47.71529368550284],[-117.47555345287562,47.70748568226308],[-117.46722592274389,47.7089428103169],[-117.4669283348569,47.708917005885766],[-117.46620482163155,47.70881028997126]]]},"properties":{"COUNTY":"Spokane","PRECCODE":3335,"PRECNAME":"3335 Spokane","PRECINCT":"Spokane 3335","DESCRIPTIO":"Westview Northwest (Westview Elementary School, Bismark Place)","OFFICE":"County Proposition 1","JURISDICTION":"County","RACE":"Spokane County County Proposition 1","Name_1":"Approved","Party_1":"Yes_1","Votes_1":"57","Name_2":"Rejected","Party_2":"No_1","Votes_2":"43","Name_3":null,"Party_3":null,"Votes_3":"0","Name_4":null,"Party_4":null,"Votes_4":"0","Name_5":null,"Party_5":null,"Votes_5":"0","Name_6":null,"Party_6":null,"Votes_6":"0","Name_7":null,"Party_7":null,"Votes_7":"0","Votes_total":"100","Pct_1":57,"Pct_2":43,"Pct_3":0,"Pct_4":0,"Pct_5":0,"Pct_6":0,"Pct_7":0,"Margin":14}},
{"type":"Feature","geometry":{"type":"Polygon","coordinates":[[[-117.42658937229584,47.66075255429341],[-117.42910656805068,47.6598567636165],[-117.43290859903703,47.66046023077709],[-117.43697756103361,47.66088072930475],[-117.44241820733379,47.658925251887666],[-117.44348552295541,47.65907962629138],[-117.44823177518889,47.65946847984719],[-117.45359026325883,47.65667492499336],[-117.45624948583556,47.65747319639801],[-117.45643641250095,47.65981540855277],[-117.46116454943336,47.65723081061509],[-117.4508250970986,47.65374078641868],[-117.45075979599383,47.653691265588414],[-117.44859252867109,47.653649426378976],[-117.44911910900775,47.65561347125165],[-117.43409567881551,47.65551034601183],[-117.43300177759629,47.65903989497816],[-117.42656353014289,47.659057009074445],[-117.42658937229584,47.66075255429341]]]},"properties":{"COUNTY":"Spokane","PRECCODE":3336,"PRECNAME":"3336 Spokane","PRECINCT":"Spokane 3336","DESCRIPTIO":"Browne's Addition North (The Ridge Condos, Peaceful Valley, Broadmoor Apartments)","OFFICE":"County Proposition 1","JURISDICTION":"County","RACE":"Spokane County County Proposition 1","Name_1":"Approved","Party_1":"Yes_1","Votes_1":"134","Name_2":"Rejected","Party_2":"No_1","Votes_2":"74","Name_3":null,"Party_3":null,"Votes_3":"0","Name_4":null,"Party_4":null,"Votes_4":"0","Name_5":null,"Party_5":null,"Votes_5":"0","Name_6":null,"Party_6":null,"Votes_6":"0","Name_7":null,"Party_7":null,"Votes_7":"0","Votes_total":"208","Pct_1":64.42,"Pct_2":35.58,"Pct_3":0,"Pct_4":0,"Pct_5":0,"Pct_6":0,"Pct_7":0,"Margin":28.84}},
{"type":"Feature","geometry":{"type":"Polygon","coordinates":[[[-117.45840115251664,47.70078136159733],[-117.46722592274389,47.7089428103169],[-117.47555345287562,47.70748568226308],[-117.47553793414093,47.70082429366007],[-117.46242633872451,47.70078301496654],[-117.46074842389051,47.70078851822335],[-117.46028535684292,47.700780660155516],[-117.45840115251664,47.70078136159733]]]},"properties":{"COUNTY":"Spokane","PRECCODE":3337,"PRECNAME":"3337 Spokane","PRECINCT":"Spokane 3337","DESCRIPTIO":"Westview Southwest (Browne Elementary School, Three Crosses Church)","OFFICE":"County Proposition 1","JURISDICTION":"County","RACE":"Spokane County County Proposition 1","Name_1":"Approved","Party_1":"Yes_1","Votes_1":"172","Name_2":"Rejected","Party_2":"No_1","Votes_2":"121","Name_3":null,"Party_3":null,"Votes_3":"0","Name_4":null,"Party_4":null,"Votes_4":"0","Name_5":null,"Party_5":null,"Votes_5":"0","Name_6":null,"Party_6":null,"Votes_6":"0","Name_7":null,"Party_7":null,"Votes_7":"0","Votes_total":"293","Pct_1":58.7,"Pct_2":41.3,"Pct_3":0,"Pct_4":0,"Pct_5":0,"Pct_6":0,"Pct_7":0,"Margin":17.4}},
{"type":"Feature","geometry":{"type":"Polygon","coordinates":[[[-117.43409567881551,47.65551034601183],[-117.44911910900775,47.65561347125165],[-117.44859252867109,47.653649426378976],[-117.45075979599383,47.653691265588414],[-117.45039961944383,47.653418123151695],[-117.44639702474693,47.648892539536476],[-117.44521550935103,47.64934404271027],[-117.43409567881551,47.65551034601183]]]},"properties":{"COUNTY":"Spokane","PRECCODE":3338,"PRECNAME":"3338 Spokane","PRECINCT":"Spokane 3338","DESCRIPTIO":"Browne's Addition South (Park Manor Apartments, Sandpiper Apartments, Coeur d'Alene Park)","OFFICE":"County Proposition 1","JURISDICTION":"County","RACE":"Spokane County County Proposition 1","Name_1":"Approved","Party_1":"Yes_1","Votes_1":"6","Name_2":"Rejected","Party_2":"No_1","Votes_2":"5","Name_3":null,"Party_3":null,"Votes_3":"0","Name_4":null,"Party_4":null,"Votes_4":"0","Name_5":null,"Party_5":null,"Votes_5":"0","Name_6":null,"Party_6":null,"Votes_6":"0","Name_7":null,"Party_7":null,"Votes_7":"0","Votes_total":"11","Pct_1":54.55,"Pct_2":45.45,"Pct_3":0,"Pct_4":0,"Pct_5":0,"Pct_6":0,"Pct_7":0,"Margin":9.1}},
{"type":"Feature","geometry":{"type":"Polygon","coordinates":[[[-117.45930940347816,47.69265141532438],[-117.45532800441143,47.69265914700838],[-117.45413958590449,47.69279572152663],[-117.45392461261017,47.6928006635057],[-117.45398087899767,47.70077702969822],[-117.46028535684292,47.700780660155516],[-117.46074842389051,47.70078851822335],[-117.45930940347816,47.69265141532438]]]},"properties":{"COUNTY":"Spokane","PRECCODE":3339,"PRECNAME":"3339 Spokane","PRECINCT":"Spokane 3339","DESCRIPTIO":"Audubon North (Driscoll One Stop Market, W Garland & 'C')","OFFICE":"County Proposition 1","JURISDICTION":"County","RACE":"Spokane County County Proposition 1","Name_1":"Approved","Party_1":"Yes_1","Votes_1":"19","Name_2":"Rejected","Party_2":"No_1","Votes_2":"19","Name_3":null,"Party_3":null,"Votes_3":"0","Name_4":null,"Party_4":null,"Votes_4":"0","Name_5":null,"Party_5":null,"Votes_5":"0","Name_6":null,"Party_6":null,"Votes_6":"0","Name_7":null,"Party_7":null,"Votes_7":"0","Votes_total":"38","Pct_1":50,"Pct_2":50,"Pct_3":0,"Pct_4":0,"Pct_5":0,"Pct_6":0,"Pct_7":0,"Margin":0}},
{"type":"Feature","geometry":{"type":"Polygon","coordinates":[[[-117.44654028021493,47.69259434620825],[-117.44658124359349,47.69718757592984],[-117.44950894798008,47.697189162060454],[-117.44906038598842,47.70074711383116],[-117.45398087899767,47.70077702969822],[-117.45392461261017,47.6928006635057],[-117.4532261921109,47.69273017580547],[-117.44654028021493,47.69259434620825]]]},"properties":{"COUNTY":"Spokane","PRECCODE":3340,"PRECNAME":"3340 Spokane","PRECINCT":"Spokane 3340","DESCRIPTIO":"Audubon Northeast (Saint Charles School, Audubon Park Methodist Church)","OFFICE":"County Proposition 1","JURISDICTION":"County","RACE":"Spokane County County Proposition 1","Name_1":"Approved","Party_1":"Yes_1","Votes_1":"124","Name_2":"Rejected","Party_2":"No_1","Votes_2":"86","Name_3":null,"Party_3":null,"Votes_3":"0","Name_4":null,"Party_4":null,"Votes_4":"0","Name_5":null,"Party_5":null,"Votes_5":"0","Name_6":null,"Party_6":null,"Votes_6":"0","Name_7":null,"Party_7":null,"Votes_7":"0","Votes_total":"210","Pct_1":59.05,"Pct_2":40.95,"Pct_3":0,"Pct_4":0,"Pct_5":0,"Pct_6":0,"Pct_7":0,"Margin":18.1}},
{"type":"Feature","geometry":{"type":"Polygon","coordinates":[[[-117.42587837813626,47.697434774798545],[-117.42586680341698,47.69431782059829],[-117.42589384530973,47.69348474065687],[-117.41300355107099,47.69346132431101],[-117.41264659731456,47.693447203225865],[-117.41228250508092,47.693395846202264],[-117.41120905823158,47.69321695627613],[-117.4112323211109,47.697453983488025],[-117.42164490681508,47.697428127101425],[-117.42587837813626,47.697434774798545]]]},"properties":{"COUNTY":"Spokane","PRECCODE":3341,"PRECNAME":"3341 Spokane","PRECINCT":"Spokane 3341","DESCRIPTIO":"Franklin Park-Willard Southeast (Fowler United Methodist Church, Clark Playfield)","OFFICE":"County Proposition 1","JURISDICTION":"County","RACE":"Spokane County County Proposition 1","Name_1":"Approved","Party_1":"Yes_1","Votes_1":"249","Name_2":"Rejected","Party_2":"No_1","Votes_2":"165","Name_3":null,"Party_3":null,"Votes_3":"0","Name_4":null,"Party_4":null,"Votes_4":"0","Name_5":null,"Party_5":null,"Votes_5":"0","Name_6":null,"Party_6":null,"Votes_6":"0","Name_7":null,"Party_7":null,"Votes_7":"0","Votes_total":"414","Pct_1":60.14,"Pct_2":39.86,"Pct_3":0,"Pct_4":0,"Pct_5":0,"Pct_6":0,"Pct_7":0,"Margin":20.28}},
{"type":"Feature","geometry":{"type":"Polygon","coordinates":[[[-117.4464710885451,47.685296022253695],[-117.44132235633958,47.68531403646606],[-117.4412584236747,47.68530046975936],[-117.44124093075482,47.685282674527784],[-117.43646633144893,47.68533210370763],[-117.4355129459308,47.68626861491549],[-117.43775742820098,47.68756011708572],[-117.43778337899124,47.692130821416974],[-117.44654028021493,47.69259434620825],[-117.4464710885451,47.685296022253695]]]},"properties":{"COUNTY":"Spokane","PRECCODE":3342,"PRECNAME":"3342 Spokane","PRECINCT":"Spokane 3342","DESCRIPTIO":"Audubon Southeast (Drumheller Springs Park, W Gordon & Hemlock)","OFFICE":"County Proposition 1","JURISDICTION":"County","RACE":"Spokane County County Proposition 1","Name_1":"Approved","Party_1":"Yes_1","Votes_1":"75","Name_2":"Rejected","Party_2":"No_1","Votes_2":"58","Name_3":null,"Party_3":null,"Votes_3":"0","Name_4":null,"Party_4":null,"Votes_4":"0","Name_5":null,"Party_5":null,"Votes_5":"0","Name_6":null,"Party_6":null,"Votes_6":"0","Name_7":null,"Party_7":null,"Votes_7":"0","Votes_total":"133","Pct_1":56.39,"Pct_2":43.61,"Pct_3":0,"Pct_4":0,"Pct_5":0,"Pct_6":0,"Pct_7":0,"Margin":12.78}},
{"type":"Feature","geometry":{"type":"Polygon","coordinates":[[[-117.42669651026884,47.67403264692076],[-117.42192932775761,47.674023378061996],[-117.42191446077122,47.68269559902096],[-117.42196173587219,47.68269563763612],[-117.42195736386427,47.68356617407072],[-117.42363863014201,47.68356469611315],[-117.4236360901181,47.68399642183185],[-117.42665104804908,47.683999861046544],[-117.42669651026884,47.67403264692076]]]},"properties":{"COUNTY":"Spokane","PRECCODE":3343,"PRECNAME":"3343 Spokane","PRECINCT":"Spokane 3343","DESCRIPTIO":"Emerson-Garfield Southeast (Corbin Senior Center, River City Church, Millennium Monroe Apartments)","OFFICE":"County Proposition 1","JURISDICTION":"County","RACE":"Spokane County County Proposition 1","Name_1":"Rejected","Party_1":"No_1","Votes_1":"54","Name_2":"Approved","Party_2":"Yes_1","Votes_2":"50","Name_3":null,"Party_3":null,"Votes_3":"0","Name_4":null,"Party_4":null,"Votes_4":"0","Name_5":null,"Party_5":null,"Votes_5":"0","Name_6":null,"Party_6":null,"Votes_6":"0","Name_7":null,"Party_7":null,"Votes_7":"0","Votes_total":"104","Pct_1":51.92,"Pct_2":48.08,"Pct_3":0,"Pct_4":0,"Pct_5":0,"Pct_6":0,"Pct_7":0,"Margin":3.84}},
{"type":"Feature","geometry":{"type":"Polygon","coordinates":[[[-117.36513838891022,47.77843407818453],[-117.3603387952716,47.77783529240154],[-117.35744222970352,47.78013984628251],[-117.34127744378294,47.77927086123248],[-117.33985694384135,47.78109719390726],[-117.34258221429306,47.78841353537554],[-117.33784207801213,47.79248074407086],[-117.33750603637276,47.7965187573497],[-117.3468148153602,47.79630828030555],[-117.3468106316782,47.8018064861748],[-117.34898867440863,47.80179352802665],[-117.35178047923728,47.791994939728795],[-117.35511696831736,47.782531456717116],[-117.36513838891022,47.77843407818453]]]},"properties":{"COUNTY":"Spokane","PRECCODE":4001,"PRECNAME":"4001 Spokane county","PRECINCT":"Spokane 4001","DESCRIPTIO":"Mead East (Lane Park Road & Yale Road, Jaremko Drive, Mead Yoke's Market)","OFFICE":"County Proposition 1","JURISDICTION":"County","RACE":"Spokane County County Proposition 1","Name_1":"Approved","Party_1":"Yes_1","Votes_1":"173","Name_2":"Rejected","Party_2":"No_1","Votes_2":"114","Name_3":null,"Party_3":null,"Votes_3":"0","Name_4":null,"Party_4":null,"Votes_4":"0","Name_5":null,"Party_5":null,"Votes_5":"0","Name_6":null,"Party_6":null,"Votes_6":"0","Name_7":null,"Party_7":null,"Votes_7":"0","Votes_total":"287","Pct_1":60.28,"Pct_2":39.72,"Pct_3":0,"Pct_4":0,"Pct_5":0,"Pct_6":0,"Pct_7":0,"Margin":20.56}},
{"type":"Feature","geometry":{"type":"Polygon","coordinates":[[[-117.28307254721572,47.73671373747283],[-117.2829976302619,47.743915942204204],[-117.35886767700549,47.74339530307148],[-117.36199433788467,47.741498022075376],[-117.36203701607253,47.73828105055232],[-117.36142591316406,47.73512601970297],[-117.3571573909898,47.73251813190165],[-117.35771905678345,47.72912763287668],[-117.3542274763279,47.72912384562363],[-117.35431496778729,47.71844455376262],[-117.35212882828964,47.71843930815528],[-117.3521181294538,47.714900658142284],[-117.30382307303802,47.71476927972352],[-117.29363824164693,47.714771469536366],[-117.28295153539608,47.71479077035212],[-117.28307254721572,47.73671373747283]]]},"properties":{"COUNTY":"Spokane","PRECCODE":4009,"PRECNAME":"4009 Spokane county","PRECINCT":"Spokane 4009","DESCRIPTIO":"Millwood Rural Far Northwest (Orchard Prairie, Mount Saint Michael Cemetery, Yale Street)","OFFICE":"County Proposition 1","JURISDICTION":"County","RACE":"Spokane County County Proposition 1","Name_1":"Rejected","Party_1":"No_1","Votes_1":"177","Name_2":"Approved","Party_2":"Yes_1","Votes_2":"10","Name_3":null,"Party_3":null,"Votes_3":"0","Name_4":null,"Party_4":null,"Votes_4":"0","Name_5":null,"Party_5":null,"Votes_5":"0","Name_6":null,"Party_6":null,"Votes_6":"0","Name_7":null,"Party_7":null,"Votes_7":"0","Votes_total":"187","Pct_1":94.65,"Pct_2":5.35,"Pct_3":0,"Pct_4":0,"Pct_5":0,"Pct_6":0,"Pct_7":0,"Margin":89.3}},
{"type":"Feature","geometry":{"type":"Polygon","coordinates":[[[-117.26142664894712,47.700347525195724],[-117.24003817400704,47.7003802979291],[-117.24006589617598,47.7112060541981],[-117.22384707138468,47.71126521812518],[-117.22392769662953,47.722175077227114],[-117.22934545521497,47.72216946103893],[-117.22941596420529,47.74036798590047],[-117.24016901357705,47.740322355382425],[-117.24021394677791,47.74399075940716],[-117.2589338701966,47.7439669032714],[-117.25894174753823,47.74577839299796],[-117.26162980012656,47.74575688283737],[-117.26161035453748,47.75848457149126],[-117.2832231583957,47.75852955085425],[-117.2830178620084,47.74754710945706],[-117.27768722151019,47.74754646198325],[-117.27767142463902,47.74391237534197],[-117.2829976302619,47.743915942204204],[-117.28307254721572,47.73671373747283],[-117.28299873737072,47.721555290154],[-117.2827324366441,47.72106986918283],[-117.28258317077888,47.72084124983864],[-117.28214417166546,47.720295891564305],[-117.2778040051801,47.71605494637919],[-117.27709749949967,47.71379907443315],[-117.27714455918371,47.713423182246515],[-117.27738099263576,47.712723178377004],[-117.28031470558336,47.709831887038604],[-117.28086794009909,47.70889480370502],[-117.28152962102982,47.70596764470851],[-117.28353878568583,47.70386980615132],[-117.28397552520258,47.70214279175877],[-117.28385538575832,47.70195845616413],[-117.28323298143992,47.70118522505392],[-117.2830714417601,47.70093985818034],[-117.28295494954807,47.70068455183402],[-117.28285720888134,47.70026131322326],[-117.26142664894712,47.700347525195724]]]},"properties":{"COUNTY":"Spokane","PRECCODE":4010,"PRECNAME":"4010 Spokane county","PRECINCT":"Spokane 4010","DESCRIPTIO":"Millwood Rural Far Northeast (Pleasant Prairie), Pasadena Park Far Northeast (Fraser Estates)","OFFICE":"County Proposition 1","JURISDICTION":"County","RACE":"Spokane County County Proposition 1","Name_1":"Rejected","Party_1":"No_1","Votes_1":"4","Name_2":null,"Party_2":null,"Votes_2":"0","Name_3":null,"Party_3":null,"Votes_3":"0","Name_4":null,"Party_4":null,"Votes_4":"0","Name_5":null,"Party_5":null,"Votes_5":"0","Name_6":null,"Party_6":null,"Votes_6":"0","Name_7":null,"Party_7":null,"Votes_7":"0","Votes_total":"4","Pct_1":100,"Pct_2":0,"Pct_3":0,"Pct_4":0,"Pct_5":0,"Pct_6":0,"Pct_7":0,"Margin":100}},
{"type":"Feature","geometry":{"type":"Polygon","coordinates":[[[-117.29421753283397,47.705700771539426],[-117.29423610816421,47.705869999856],[-117.29441373009874,47.70643544203988],[-117.2944536617227,47.70747161643719],[-117.2952913537679,47.7090161171036],[-117.29363824164693,47.714771469536366],[-117.30382307303802,47.71476927972352],[-117.30380689277713,47.70747786031254],[-117.30731213679671,47.70748739471434],[-117.3073025143478,47.70387363664311],[-117.30379755131385,47.7038660668288],[-117.30380063281804,47.705066142235786],[-117.30094465205669,47.70417605196721],[-117.29883249905814,47.70436155905548],[-117.29574064042879,47.70569597311759],[-117.29421753283397,47.705700771539426]]]},"properties":{"COUNTY":"Spokane","PRECCODE":4015,"PRECNAME":"4015 Spokane county","PRECINCT":"Spokane 4015","DESCRIPTIO":"Northwood Northwest (Woodview Drive, Northwood Terrace, Woodland Ridge)","OFFICE":"County Proposition 1","JURISDICTION":"County","RACE":"Spokane County County Proposition 1","Name_1":"Approved","Party_1":"Yes_1","Votes_1":"54","Name_2":null,"Party_2":null,"Votes_2":"0","Name_3":null,"Party_3":null,"Votes_3":"0","Name_4":null,"Party_4":null,"Votes_4":"0","Name_5":null,"Party_5":null,"Votes_5":"0","Name_6":null,"Party_6":null,"Votes_6":"0","Name_7":null,"Party_7":null,"Votes_7":"0","Votes_total":"54","Pct_1":100,"Pct_2":0,"Pct_3":0,"Pct_4":0,"Pct_5":0,"Pct_6":0,"Pct_7":0,"Margin":100}},
{"type":"Feature","geometry":{"type":"Polygon","coordinates":[[[-117.2956381737862,47.70027938838417],[-117.28356735092031,47.70026537666848],[-117.28381671311179,47.70106781810715],[-117.283148662057,47.70106589754454],[-117.28385538575832,47.70195845616413],[-117.28397552520258,47.70214279175877],[-117.28353878568583,47.70386980615132],[-117.28152962102982,47.70596764470851],[-117.28113001862675,47.70780029238858],[-117.2931240931162,47.705767879098396],[-117.29339402569745,47.70571496727909],[-117.29360868059862,47.70570449596692],[-117.29574064042879,47.70569597311759],[-117.29883249905814,47.70436155905548],[-117.30094465205669,47.70417605196721],[-117.30380063281804,47.705066142235786],[-117.303788219433,47.70025715236896],[-117.2956381737862,47.70027938838417]]]},"properties":{"COUNTY":"Spokane","PRECCODE":4016,"PRECNAME":"4016 Spokane county","PRECINCT":"Spokane 4016","DESCRIPTIO":"Northwood South (Emerald Lane, Mountain View Estates Condos, Hazelwood Park)","OFFICE":"County Proposition 1","JURISDICTION":"County","RACE":"Spokane County County Proposition 1","Name_1":"Rejected","Party_1":"No_1","Votes_1":"15","Name_2":"Approved","Party_2":"Yes_1","Votes_2":"8","Name_3":null,"Party_3":null,"Votes_3":"0","Name_4":null,"Party_4":null,"Votes_4":"0","Name_5":null,"Party_5":null,"Votes_5":"0","Name_6":null,"Party_6":null,"Votes_6":"0","Name_7":null,"Party_7":null,"Votes_7":"0","Votes_total":"23","Pct_1":65.22,"Pct_2":34.78,"Pct_3":0,"Pct_4":0,"Pct_5":0,"Pct_6":0,"Pct_7":0,"Margin":30.44}},
{"type":"Feature","geometry":{"type":"Polygon","coordinates":[[[-117.28270721236416,47.68979150924628],[-117.26397071296579,47.68897650417599],[-117.25111756783488,47.692481151823515],[-117.25071569669828,47.700363737931156],[-117.26142664894712,47.700347525195724],[-117.28285720888134,47.70026131322326],[-117.28270721236416,47.68979150924628]]]},"properties":{"COUNTY":"Spokane","PRECCODE":4017,"PRECNAME":"4017 Spokane county","PRECINCT":"Spokane 4017","DESCRIPTIO":"Pasadena Park East (Argonne Public Library, Donkey Island Trailhead)","OFFICE":"County Proposition 1","JURISDICTION":"County","RACE":"Spokane County County Proposition 1","Name_1":"Rejected","Party_1":"No_1","Votes_1":"89","Name_2":"Approved","Party_2":"Yes_1","Votes_2":"14","Name_3":null,"Party_3":null,"Votes_3":"0","Name_4":null,"Party_4":null,"Votes_4":"0","Name_5":null,"Party_5":null,"Votes_5":"0","Name_6":null,"Party_6":null,"Votes_6":"0","Name_7":null,"Party_7":null,"Votes_7":"0","Votes_total":"103","Pct_1":86.41,"Pct_2":13.59,"Pct_3":0,"Pct_4":0,"Pct_5":0,"Pct_6":0,"Pct_7":0,"Margin":72.82}},
{"type":"Feature","geometry":{"type":"Polygon","coordinates":[[[-117.14352385754746,47.680569808608624],[-117.13649778910916,47.68153041030923],[-117.12861222744652,47.678522346104955],[-117.12516368918426,47.67784159962054],[-117.12356467343858,47.67771103298451],[-117.12274227232884,47.67778844588568],[-117.12194062005484,47.67778873659982],[-117.12258604867334,47.70041905106693],[-117.12262413873415,47.706934752159086],[-117.14808526881036,47.701276937290785],[-117.14415237700598,47.7004193222585],[-117.14352385754746,47.680569808608624]]]},"properties":{"COUNTY":"Spokane","PRECCODE":4018,"PRECNAME":"4018 Spokane county","PRECINCT":"Spokane 4018","DESCRIPTIO":"Otis Orchards West (Snow Owl Road, Ashton Road, Grace Lane, Timberline MHP)","OFFICE":"County Proposition 1","JURISDICTION":"County","RACE":"Spokane County County Proposition 1","Name_1":"Approved","Party_1":"Yes_1","Votes_1":"41","Name_2":"Rejected","Party_2":"No_1","Votes_2":"1","Name_3":null,"Party_3":null,"Votes_3":"0","Name_4":null,"Party_4":null,"Votes_4":"0","Name_5":null,"Party_5":null,"Votes_5":"0","Name_6":null,"Party_6":null,"Votes_6":"0","Name_7":null,"Party_7":null,"Votes_7":"0","Votes_total":"42","Pct_1":97.62,"Pct_2":2.38,"Pct_3":0,"Pct_4":0,"Pct_5":0,"Pct_6":0,"Pct_7":0,"Margin":95.24}},
{"type":"Feature","geometry":{"type":"Polygon","coordinates":[[[-117.28285720888134,47.70026131322326],[-117.28295494954807,47.70068455183402],[-117.2830432209924,47.70088698643818],[-117.283148662057,47.70106589754454],[-117.28381671311179,47.70106781810715],[-117.28356735092031,47.70026537666848],[-117.2956381737862,47.70027938838417],[-117.29938496195206,47.69956022093352],[-117.2975639620418,47.69975522139011],[-117.29527896157283,47.69720622065276],[-117.2974199606173,47.69373022077272],[-117.29057413699665,47.69314922025253],[-117.29055321690068,47.69101034661733],[-117.28270721236416,47.68979150924628],[-117.28285720888134,47.70026131322326]]]},"properties":{"COUNTY":"Spokane","PRECCODE":4024,"PRECNAME":"4024 Spokane county","PRECINCT":"Spokane 4024","DESCRIPTIO":"Pasadena Park Center (Whitman Avenue, Pasadena Park Elementary School, Hutchinson Lane)","OFFICE":"County Proposition 1","JURISDICTION":"County","RACE":"Spokane County County Proposition 1","Name_1":"Rejected","Party_1":"No_1","Votes_1":"75","Name_2":null,"Party_2":null,"Votes_2":"0","Name_3":null,"Party_3":null,"Votes_3":"0","Name_4":null,"Party_4":null,"Votes_4":"0","Name_5":null,"Party_5":null,"Votes_5":"0","Name_6":null,"Party_6":null,"Votes_6":"0","Name_7":null,"Party_7":null,"Votes_7":"0","Votes_total":"75","Pct_1":100,"Pct_2":0,"Pct_3":0,"Pct_4":0,"Pct_5":0,"Pct_6":0,"Pct_7":0,"Margin":100}},
{"type":"Feature","geometry":{"type":"Polygon","coordinates":[[[-117.29421753283397,47.705700771539426],[-117.29360868059862,47.70570449596692],[-117.29339402569745,47.70571496727909],[-117.2931240931162,47.705767879098396],[-117.28113001862675,47.70780029238858],[-117.28086794009909,47.70889480370502],[-117.28031470558336,47.709831887038604],[-117.27738099263576,47.712723178377004],[-117.27714455918371,47.713423182246515],[-117.27709749949967,47.71379907443315],[-117.2778040051801,47.71605494637919],[-117.28214417166546,47.720295891564305],[-117.28258317077888,47.72084124983864],[-117.2827324366441,47.72106986918283],[-117.28299873737072,47.721555290154],[-117.28295153539608,47.71479077035212],[-117.29363824164693,47.714771469536366],[-117.2952913537679,47.7090161171036],[-117.2944536617227,47.70747161643719],[-117.29441373009874,47.70643544203988],[-117.29423610816421,47.705869999856],[-117.29421753283397,47.705700771539426]]]},"properties":{"COUNTY":"Spokane","PRECCODE":4026,"PRECNAME":"4026 Spokane county","PRECINCT":"Spokane 4026","DESCRIPTIO":"Northwood Northeast (Vista Park, Woodland Estates)","OFFICE":"County Proposition 1","JURISDICTION":"County","RACE":"Spokane County County Proposition 1","Name_1":"Approved","Party_1":"Yes_1","Votes_1":"27","Name_2":"Rejected","Party_2":"No_1","Votes_2":"4","Name_3":null,"Party_3":null,"Votes_3":"0","Name_4":null,"Party_4":null,"Votes_4":"0","Name_5":null,"Party_5":null,"Votes_5":"0","Name_6":null,"Party_6":null,"Votes_6":"0","Name_7":null,"Party_7":null,"Votes_7":"0","Votes_total":"31","Pct_1":87.1,"Pct_2":12.9,"Pct_3":0,"Pct_4":0,"Pct_5":0,"Pct_6":0,"Pct_7":0,"Margin":74.2}},
{"type":"Feature","geometry":{"type":"Polygon","coordinates":[[[-117.35886767700549,47.74339530307148],[-117.35380933338091,47.74704129274989],[-117.3572619837784,47.748442218456205],[-117.36171298497932,47.74732221788772],[-117.36743398541881,47.740618216619715],[-117.36602998440623,47.735974216987145],[-117.37303686732416,47.73664200933199],[-117.3792429547993,47.73670880711257],[-117.37924946953456,47.735564818260535],[-117.37914784103823,47.72721795196299],[-117.37886582478698,47.718560148962034],[-117.37345358352265,47.718480878591755],[-117.37173257857052,47.71492902948343],[-117.35777882799965,47.71493645527495],[-117.3521181294538,47.714900658142284],[-117.35212882828964,47.71843930815528],[-117.35431496778729,47.71844455376262],[-117.3542274763279,47.72912384562363],[-117.35771905678345,47.72912763287668],[-117.3571573909898,47.73251813190165],[-117.36142591316406,47.73512601970297],[-117.36203701607253,47.73828105055232],[-117.36199433788467,47.741498022075376],[-117.35886767700549,47.74339530307148]]]},"properties":{"COUNTY":"Spokane","PRECCODE":4032,"PRECNAME":"4032 Spokane county","PRECINCT":"Spokane 4032","DESCRIPTIO":"Unincorporated NE Spokane (Morgan Acres, Arlington Elementary School)","OFFICE":"County Proposition 1","JURISDICTION":"County","RACE":"Spokane County County Proposition 1","Name_1":"Rejected","Party_1":"No_1","Votes_1":"73","Name_2":"Approved","Party_2":"Yes_1","Votes_2":"16","Name_3":null,"Party_3":null,"Votes_3":"0","Name_4":null,"Party_4":null,"Votes_4":"0","Name_5":null,"Party_5":null,"Votes_5":"0","Name_6":null,"Party_6":null,"Votes_6":"0","Name_7":null,"Party_7":null,"Votes_7":"0","Votes_total":"89","Pct_1":82.02,"Pct_2":17.98,"Pct_3":0,"Pct_4":0,"Pct_5":0,"Pct_6":0,"Pct_7":0,"Margin":64.04}},
{"type":"Feature","geometry":{"type":"Polygon","coordinates":[[[-117.30388202593616,47.6931187609088],[-117.303788220764,47.7002571524102],[-117.33508688480076,47.700432946700936],[-117.33513971058906,47.693428766236785],[-117.33333851949124,47.693422806443536],[-117.33332982448681,47.69161598805343],[-117.33595227522927,47.69162774903302],[-117.33595344833827,47.68982405462975],[-117.34535601601169,47.689870976710075],[-117.3466694851,47.686075569640906],[-117.3466939454994,47.68261210764318],[-117.34667588069728,47.679890965022665],[-117.34668060684065,47.67902144391289],[-117.34673913849907,47.67637977905433],[-117.34332555279383,47.67609602560787],[-117.34013048744782,47.676894256856016],[-117.33284933392588,47.68189109519413],[-117.33452865273216,47.68255102873759],[-117.33248568812927,47.685604353618636],[-117.32697179695958,47.68692711896885],[-117.32703198860054,47.689773353483204],[-117.32001324875567,47.68968548420356],[-117.3200247423107,47.69149983063413],[-117.31492149198154,47.69323626550414],[-117.30517363481951,47.69308503644085],[-117.30516669501402,47.69408645892507],[-117.30388202593616,47.6931187609088]]]},"properties":{"COUNTY":"Spokane","PRECCODE":4034,"PRECNAME":"4034 Spokane county","PRECINCT":"Spokane 4034","DESCRIPTIO":"Minnehaha Rural East (Beau Rivage Apartments, John H. Shields Park)","OFFICE":"County Proposition 1","JURISDICTION":"County","RACE":"Spokane County County Proposition 1","Name_1":"Approved","Party_1":"Yes_1","Votes_1":"8","Name_2":null,"Party_2":null,"Votes_2":"0","Name_3":null,"Party_3":null,"Votes_3":"0","Name_4":null,"Party_4":null,"Votes_4":"0","Name_5":null,"Party_5":null,"Votes_5":"0","Name_6":null,"Party_6":null,"Votes_6":"0","Name_7":null,"Party_7":null,"Votes_7":"0","Votes_total":"8","Pct_1":100,"Pct_2":0,"Pct_3":0,"Pct_4":0,"Pct_5":0,"Pct_6":0,"Pct_7":0,"Margin":100}},
{"type":"Feature","geometry":{"type":"Polygon","coordinates":[[[-117.08964120424639,47.6713052392335],[-117.08956347464336,47.66487310039526],[-117.08090666934184,47.66476143115759],[-117.07990554460828,47.66484153640985],[-117.07878911712724,47.66526913758774],[-117.07825404161045,47.665710823118275],[-117.07791497735307,47.66627997429779],[-117.07755596339723,47.66846776317446],[-117.07558479808681,47.67130473250025],[-117.08964120424639,47.6713052392335]]]},"properties":{"COUNTY":"Spokane","PRECCODE":4300,"PRECNAME":"4300 Liberty Lake","PRECINCT":"Spokane 4300","DESCRIPTIO":"Liberty Lake East (Liberty Lake Elementary School, Pumphouse Park)","OFFICE":"County Proposition 1","JURISDICTION":"County","RACE":"Spokane County County Proposition 1","Name_1":"Approved","Party_1":"Yes_1","Votes_1":"29","Name_2":"Rejected","Party_2":"No_1","Votes_2":"6","Name_3":null,"Party_3":null,"Votes_3":"0","Name_4":null,"Party_4":null,"Votes_4":"0","Name_5":null,"Party_5":null,"Votes_5":"0","Name_6":null,"Party_6":null,"Votes_6":"0","Name_7":null,"Party_7":null,"Votes_7":"0","Votes_total":"35","Pct_1":82.86,"Pct_2":17.14,"Pct_3":0,"Pct_4":0,"Pct_5":0,"Pct_6":0,"Pct_7":0,"Margin":65.72}},
{"type":"Feature","geometry":{"type":"Polygon","coordinates":[[[-117.11076626242064,47.64952028417742],[-117.11090136103509,47.65542420143474],[-117.11066036341944,47.65655286338066],[-117.11943358693367,47.66250527624667],[-117.11638087485679,47.66472692617377],[-117.11731805510794,47.66587506303766],[-117.11828774933502,47.66558610942989],[-117.12889572553009,47.65877801861729],[-117.13220976671283,47.65690222543467],[-117.13220876468208,47.656899752557145],[-117.12158718452693,47.656873062076514],[-117.12148447030333,47.64955140267351],[-117.11076626242064,47.64952028417742]]]},"properties":{"COUNTY":"Spokane","PRECCODE":4301,"PRECNAME":"4301 Liberty Lake","PRECINCT":"Spokane 4301","DESCRIPTIO":"Liberty Lake Far Southwest (Legacy Ridge West, Country Vista Apartment, Legacy Ridge South)","OFFICE":"County Proposition 1","JURISDICTION":"County","RACE":"Spokane County County Proposition 1","Name_1":"Rejected","Party_1":"No_1","Votes_1":"31","Name_2":"Approved","Party_2":"Yes_1","Votes_2":"14","Name_3":null,"Party_3":null,"Votes_3":"0","Name_4":null,"Party_4":null,"Votes_4":"0","Name_5":null,"Party_5":null,"Votes_5":"0","Name_6":null,"Party_6":null,"Votes_6":"0","Name_7":null,"Party_7":null,"Votes_7":"0","Votes_total":"45","Pct_1":68.89,"Pct_2":31.11,"Pct_3":0,"Pct_4":0,"Pct_5":0,"Pct_6":0,"Pct_7":0,"Margin":37.78}},
{"type":"Feature","geometry":{"type":"Polygon","coordinates":[[[-117.08956347464336,47.66487310039526],[-117.08969961025362,47.67568013408685],[-117.08996715605777,47.676273349308715],[-117.09043474584573,47.67689359486129],[-117.09573294636765,47.67501052223641],[-117.10653045636614,47.67126745820761],[-117.10699527712684,47.67107161359878],[-117.11040509430255,47.669931283794504],[-117.12171559880046,47.667463564175584],[-117.12171099821191,47.667070090538665],[-117.13233823352562,47.664734713447935],[-117.13230464242413,47.66265850033718],[-117.13301744102161,47.663010363295285],[-117.13349901307186,47.663103258957165],[-117.1341342058039,47.66291138693475],[-117.13483683116131,47.66277550679603],[-117.13519325945025,47.66279416986981],[-117.1358303660303,47.66270652521865],[-117.13895512843455,47.66243124660151],[-117.14206769324659,47.6626244073741],[-117.14299089945774,47.662422678272826],[-117.14288278082866,47.65698806571882],[-117.13342839086091,47.65698263740146],[-117.13223968328641,47.65871728318578],[-117.13220877934279,47.65690222214215],[-117.12889572553009,47.65877801861729],[-117.11828774933502,47.66558610942989],[-117.11731805510794,47.66587506303766],[-117.10393135444853,47.66831499427234],[-117.10360460878887,47.6683741101856],[-117.10230382388107,47.66842117610349],[-117.09951026777574,47.6681370505967],[-117.09828332073512,47.667748071473675],[-117.09778871953706,47.667406292331734],[-117.0974312748053,47.666993813466036],[-117.09705284313489,47.66606113800624],[-117.09604858634341,47.66516674163169],[-117.08956347464336,47.66487310039526]]]},"properties":{"COUNTY":"Spokane","PRECCODE":4302,"PRECNAME":"4302 Liberty Lake","PRECINCT":"Spokane 4302","DESCRIPTIO":"Liberty Lake Center (Homestead, Big Trout Lodge Apartments)","OFFICE":"County Proposition 1","JURISDICTION":"County","RACE":"Spokane County County Proposition 1","Name_1":"Approved","Party_1":"Yes_1","Votes_1":"52","Name_2":null,"Party_2":null,"Votes_2":"0","Name_3":null,"Party_3":null,"Votes_3":"0","Name_4":null,"Party_4":null,"Votes_4":"0","Name_5":null,"Party_5":null,"Votes_5":"0","Name_6":null,"Party_6":null,"Votes_6":"0","Name_7":null,"Party_7":null,"Votes_7":"0","Votes_total":"52","Pct_1":100,"Pct_2":0,"Pct_3":0,"Pct_4":0,"Pct_5":0,"Pct_6":0,"Pct_7":0,"Margin":100}},
{"type":"Feature","geometry":{"type":"Polygon","coordinates":[[[-117.08964932544426,47.656735272343255],[-117.06831120048747,47.656680214284926],[-117.06824197089193,47.67127331457031],[-117.07558479808681,47.67130473250025],[-117.07755596339723,47.66846776317446],[-117.07791497735307,47.66627997429779],[-117.07825404161045,47.665710823118275],[-117.07878911712724,47.66526913758774],[-117.07990554460828,47.66484153640985],[-117.08090666934184,47.66476143115759],[-117.08956347464336,47.66487310039526],[-117.08964932544426,47.656735272343255]]]},"properties":{"COUNTY":"Spokane","PRECCODE":4303,"PRECNAME":"4303 Liberty Lake","PRECINCT":"Spokane 4303","DESCRIPTIO":"Liberty Lake Southeast (MeadowWood Golf Course, Bella Lago Lane)","OFFICE":"County Proposition 1","JURISDICTION":"County","RACE":"Spokane County County Proposition 1","Name_1":"Rejected","Party_1":"No_1","Votes_1":"1","Name_2":null,"Party_2":null,"Votes_2":"0","Name_3":null,"Party_3":null,"Votes_3":"0","Name_4":null,"Party_4":null,"Votes_4":"0","Name_5":null,"Party_5":null,"Votes_5":"0","Name_6":null,"Party_6":null,"Votes_6":"0","Name_7":null,"Party_7":null,"Votes_7":"0","Votes_total":"1","Pct_1":100,"Pct_2":0,"Pct_3":0,"Pct_4":0,"Pct_5":0,"Pct_6":0,"Pct_7":0,"Margin":100}},
{"type":"Feature","geometry":{"type":"Polygon","coordinates":[[[-117.07558479808681,47.67130473250025],[-117.07195477831075,47.671293706164256],[-117.0722463584658,47.67348243564082],[-117.07481295493596,47.67742593013998],[-117.07874138425763,47.677138589015165],[-117.07919545323206,47.68067221835729],[-117.06501492772964,47.68996040341026],[-117.08980325586577,47.68076820755797],[-117.08975235048575,47.67910703065642],[-117.09153199969985,47.678316426500196],[-117.08996715605777,47.676273349308715],[-117.08969961025362,47.67568013408685],[-117.08964120424639,47.6713052392335],[-117.07558479808681,47.67130473250025]]]},"properties":{"COUNTY":"Spokane","PRECCODE":4305,"PRECNAME":"4305 Liberty Lake","PRECINCT":"Spokane 4305","DESCRIPTIO":"Liberty Lake Northeast (Autumn Crossing, Wolfe Penn Street)","OFFICE":"County Proposition 1","JURISDICTION":"County","RACE":"Spokane County County Proposition 1","Name_1":"Rejected","Party_1":"No_1","Votes_1":"13","Name_2":null,"Party_2":null,"Votes_2":"0","Name_3":null,"Party_3":null,"Votes_3":"0","Name_4":null,"Party_4":null,"Votes_4":"0","Name_5":null,"Party_5":null,"Votes_5":"0","Name_6":null,"Party_6":null,"Votes_6":"0","Name_7":null,"Party_7":null,"Votes_7":"0","Votes_total":"13","Pct_1":100,"Pct_2":0,"Pct_3":0,"Pct_4":0,"Pct_5":0,"Pct_6":0,"Pct_7":0,"Margin":100}},
{"type":"Feature","geometry":{"type":"Polygon","coordinates":[[[-117.10393135444853,47.66831499427234],[-117.09921844484839,47.657158119477636],[-117.09210662547325,47.65676783154115],[-117.08964932544426,47.656735272343255],[-117.08956347464336,47.66487310039526],[-117.09604858634341,47.66516674163169],[-117.09705284313489,47.66606113800624],[-117.0974312748053,47.666993813466036],[-117.09778871953706,47.667406292331734],[-117.09828332073512,47.667748071473675],[-117.09951026777574,47.6681370505967],[-117.10230382388107,47.66842117610349],[-117.10360460878887,47.6683741101856],[-117.10393135444853,47.66831499427234]]]},"properties":{"COUNTY":"Spokane","PRECCODE":4306,"PRECNAME":"4306 Liberty Lake","PRECINCT":"Spokane 4306","DESCRIPTIO":"Liberty Lake South (Pavilion Park, Little Bear, E Valleyway & Main)","OFFICE":"County Proposition 1","JURISDICTION":"County","RACE":"Spokane County County Proposition 1","Name_1":"Approved","Party_1":"Yes_1","Votes_1":"2","Name_2":null,"Party_2":null,"Votes_2":"0","Name_3":null,"Party_3":null,"Votes_3":"0","Name_4":null,"Party_4":null,"Votes_4":"0","Name_5":null,"Party_5":null,"Votes_5":"0","Name_6":null,"Party_6":null,"Votes_6":"0","Name_7":null,"Party_7":null,"Votes_7":"0","Votes_total":"2","Pct_1":100,"Pct_2":0,"Pct_3":0,"Pct_4":0,"Pct_5":0,"Pct_6":0,"Pct_7":0,"Margin":100}},
{"type":"Feature","geometry":{"type":"Polygon","coordinates":[[[-117.09043474584573,47.67689359486129],[-117.09153199969985,47.678316426500196],[-117.08975235048575,47.67910703065642],[-117.09141603905492,47.682659663885225],[-117.10842097780406,47.684822433706366],[-117.11696762630463,47.678677829154985],[-117.11850122752166,47.678189143963905],[-117.1198150686049,47.67796002120183],[-117.12103292253953,47.677851177024806],[-117.12194084804041,47.67778873682731],[-117.12176419053118,47.671513358885385],[-117.12171559880046,47.667463564175584],[-117.11040509430255,47.669931283794504],[-117.10699527712684,47.67107161359878],[-117.10653045636614,47.67126745820761],[-117.09573294636765,47.67501052223641],[-117.09043474584573,47.67689359486129]]]},"properties":{"COUNTY":"Spokane","PRECCODE":4307,"PRECNAME":"4307 Liberty Lake","PRECINCT":"Spokane 4307","DESCRIPTIO":"Liberty Lake North (Trutina Senior Community, Bitterroot Lodge Apartments)","OFFICE":"County Proposition 1","JURISDICTION":"County","RACE":"Spokane County County Proposition 1","Name_1":"Rejected","Party_1":"No_1","Votes_1":"15","Name_2":"Approved","Party_2":"Yes_1","Votes_2":"1","Name_3":null,"Party_3":null,"Votes_3":"0","Name_4":null,"Party_4":null,"Votes_4":"0","Name_5":null,"Party_5":null,"Votes_5":"0","Name_6":null,"Party_6":null,"Votes_6":"0","Name_7":null,"Party_7":null,"Votes_7":"0","Votes_total":"16","Pct_1":93.75,"Pct_2":6.25,"Pct_3":0,"Pct_4":0,"Pct_5":0,"Pct_6":0,"Pct_7":0,"Margin":87.5}},
{"type":"Feature","geometry":{"type":"Polygon","coordinates":[[[-117.12176419053118,47.671513358885385],[-117.1219057236689,47.67652401364343],[-117.12868709815613,47.67543439425117],[-117.13724896540941,47.67564274690075],[-117.1379909283412,47.67549872104931],[-117.1426579521715,47.67549096226832],[-117.14332791652909,47.675519915128646],[-117.14317008881763,47.67145655192],[-117.14299089945774,47.662422678272826],[-117.14206769324659,47.6626244073741],[-117.13895512843455,47.66243124660151],[-117.1358303660303,47.66270652521865],[-117.13519325945025,47.66279416986981],[-117.13483683116131,47.66277550679603],[-117.1341342058039,47.66291138693475],[-117.13349901307186,47.663103258957165],[-117.13301744102161,47.663010363295285],[-117.13230464242413,47.66265850033718],[-117.13233823352562,47.664734713447935],[-117.12171099821191,47.667070090538665],[-117.12176419053118,47.671513358885385]]]},"properties":{"COUNTY":"Spokane","PRECCODE":4308,"PRECNAME":"4308 Liberty Lake","PRECINCT":"Spokane 4308","DESCRIPTIO":"Liberty Lake West (Orchard Park, Selkirk Middle School)","OFFICE":"County Proposition 1","JURISDICTION":"County","RACE":"Spokane County County Proposition 1","Name_1":"Rejected","Party_1":"No_1","Votes_1":"20","Name_2":null,"Party_2":null,"Votes_2":"0","Name_3":null,"Party_3":null,"Votes_3":"0","Name_4":null,"Party_4":null,"Votes_4":"0","Name_5":null,"Party_5":null,"Votes_5":"0","Name_6":null,"Party_6":null,"Votes_6":"0","Name_7":null,"Party_7":null,"Votes_7":"0","Votes_total":"20","Pct_1":100,"Pct_2":0,"Pct_3":0,"Pct_4":0,"Pct_5":0,"Pct_6":0,"Pct_7":0,"Margin":100}},
{"type":"Feature","geometry":{"type":"Polygon","coordinates":[[[-117.31484548247836,47.65697667690578],[-117.31476680318623,47.66416378902894],[-117.32188722525723,47.66426996280919],[-117.32175943139363,47.67233925981775],[-117.33804493949039,47.669028209535945],[-117.34682972531968,47.667279520871624],[-117.34699061213061,47.6572605733979],[-117.32556343303091,47.657077246433616],[-117.31484548247836,47.65697667690578]]]},"properties":{"COUNTY":"Spokane","PRECCODE":4400,"PRECNAME":"4400 Spokane Valley","PRECINCT":"Spokane 4400","DESCRIPTIO":"East Spokane Northwest (Yardley)","OFFICE":"County Proposition 1","JURISDICTION":"County","RACE":"Spokane County County Proposition 1","Name_1":"Approved","Party_1":"Yes_1","Votes_1":"133","Name_2":null,"Party_2":null,"Votes_2":"0","Name_3":null,"Party_3":null,"Votes_3":"0","Name_4":null,"Party_4":null,"Votes_4":"0","Name_5":null,"Party_5":null,"Votes_5":"0","Name_6":null,"Party_6":null,"Votes_6":"0","Name_7":null,"Party_7":null,"Votes_7":"0","Votes_total":"133","Pct_1":100,"Pct_2":0,"Pct_3":0,"Pct_4":0,"Pct_5":0,"Pct_6":0,"Pct_7":0,"Margin":100}},
{"type":"Feature","geometry":{"type":"Polygon","coordinates":[[[-117.30415081341597,47.64959783278454],[-117.32026646117326,47.64978287155707],[-117.32030607440264,47.64477281327779],[-117.3126571758645,47.643800911913374],[-117.31491493921513,47.6460918341444],[-117.30417333041306,47.64597645483081],[-117.30346261359806,47.64451043570703],[-117.29807418114103,47.64260242688326],[-117.29764561322395,47.64272123418355],[-117.29720515866136,47.645147740658594],[-117.29928060423065,47.644434494798986],[-117.30110768823538,47.64901631666615],[-117.30415081341597,47.64959783278454]]]},"properties":{"COUNTY":"Spokane","PRECCODE":4401,"PRECNAME":"4401 Spokane Valley","PRECINCT":"Spokane 4401","DESCRIPTIO":"East Spokane Southeast (Englewood Cemetery, Beverly Drive)","OFFICE":"County Proposition 1","JURISDICTION":"County","RACE":"Spokane County County Proposition 1","Name_1":"Rejected","Party_1":"No_1","Votes_1":"8","Name_2":null,"Party_2":null,"Votes_2":"0","Name_3":null,"Party_3":null,"Votes_3":"0","Name_4":null,"Party_4":null,"Votes_4":"0","Name_5":null,"Party_5":null,"Votes_5":"0","Name_6":null,"Party_6":null,"Votes_6":"0","Name_7":null,"Party_7":null,"Votes_7":"0","Votes_total":"8","Pct_1":100,"Pct_2":0,"Pct_3":0,"Pct_4":0,"Pct_5":0,"Pct_6":0,"Pct_7":0,"Margin":100}},
{"type":"Feature","geometry":{"type":"Polygon","coordinates":[[[-117.30412581658177,47.65782004808801],[-117.30412389765752,47.65686613952739],[-117.28286279113878,47.65699522459956],[-117.2721139539517,47.65702056680795],[-117.2720970081408,47.660668705906495],[-117.28148534794894,47.660638975326705],[-117.28285187327059,47.6606169411239],[-117.29895468152871,47.66052389417605],[-117.2989662666636,47.65904358476518],[-117.30412581658177,47.65782004808801]]]},"properties":{"COUNTY":"Spokane","PRECCODE":4403,"PRECNAME":"4403 Spokane Valley","PRECINCT":"Spokane 4403","DESCRIPTIO":"Dishman West (West Valley City School, Harrington Avenue, Gray Ridge Apartments, Main Lane)","OFFICE":"County Proposition 1","JURISDICTION":"County","RACE":"Spokane County County Proposition 1","Name_1":"Rejected","Party_1":"No_1","Votes_1":"48","Name_2":null,"Party_2":null,"Votes_2":"0","Name_3":null,"Party_3":null,"Votes_3":"0","Name_4":null,"Party_4":null,"Votes_4":"0","Name_5":null,"Party_5":null,"Votes_5":"0","Name_6":null,"Party_6":null,"Votes_6":"0","Name_7":null,"Party_7":null,"Votes_7":"0","Votes_total":"48","Pct_1":100,"Pct_2":0,"Pct_3":0,"Pct_4":0,"Pct_5":0,"Pct_6":0,"Pct_7":0,"Margin":100}},
{"type":"Feature","geometry":{"type":"Polygon","coordinates":[[[-117.28283498728803,47.664243815810394],[-117.28279010254673,47.673730795607],[-117.2873702006062,47.67309100921206],[-117.2881522241929,47.6729904683303],[-117.28817260180922,47.67147397073706],[-117.29355375656975,47.67137330459903],[-117.29361180140656,47.66417791297355],[-117.28283498728803,47.664243815810394]]]},"properties":{"COUNTY":"Spokane","PRECCODE":4404,"PRECNAME":"4404 Spokane Valley","PRECINCT":"Spokane 4404","DESCRIPTIO":"Dishman Far Northwest (Argonne Plaza Shopping Center, Mesa Road)","OFFICE":"County Proposition 1","JURISDICTION":"County","RACE":"Spokane County County Proposition 1","Name_1":"Rejected","Party_1":"No_1","Votes_1":"4","Name_2":null,"Party_2":null,"Votes_2":"0","Name_3":null,"Party_3":null,"Votes_3":"0","Name_4":null,"Party_4":null,"Votes_4":"0","Name_5":null,"Party_5":null,"Votes_5":"0","Name_6":null,"Party_6":null,"Votes_6":"0","Name_7":null,"Party_7":null,"Votes_7":"0","Votes_total":"4","Pct_1":100,"Pct_2":0,"Pct_3":0,"Pct_4":0,"Pct_5":0,"Pct_6":0,"Pct_7":0,"Margin":100}},
{"type":"Feature","geometry":{"type":"Polygon","coordinates":[[[-117.29354945985108,47.67199936097506],[-117.29349816336749,47.678921512942985],[-117.30401258847137,47.67679189196471],[-117.30405304846506,47.668637931041104],[-117.30407266535947,47.66763320929279],[-117.29417288926636,47.671788735833815],[-117.29354945985108,47.67199936097506]]]},"properties":{"COUNTY":"Spokane","PRECCODE":4406,"PRECNAME":"4406 Spokane Valley","PRECINCT":"Spokane 4406","DESCRIPTIO":"Orchard Park South (E Mission & Ella Rd, Center Lane)","OFFICE":"County Proposition 1","JURISDICTION":"County","RACE":"Spokane County County Proposition 1","Name_1":"Approved","Party_1":"Yes_1","Votes_1":"245","Name_2":null,"Party_2":null,"Votes_2":"0","Name_3":null,"Party_3":null,"Votes_3":"0","Name_4":null,"Party_4":null,"Votes_4":"0","Name_5":null,"Party_5":null,"Votes_5":"0","Name_6":null,"Party_6":null,"Votes_6":"0","Name_7":null,"Party_7":null,"Votes_7":"0","Votes_total":"245","Pct_1":100,"Pct_2":0,"Pct_3":0,"Pct_4":0,"Pct_5":0,"Pct_6":0,"Pct_7":0,"Margin":100}},
{"type":"Feature","geometry":{"type":"Polygon","coordinates":[[[-117.29345763822866,47.68563658937498],[-117.29350933703451,47.69124138906871],[-117.29851557335341,47.692321503802134],[-117.29978553276885,47.692735871576325],[-117.30076264856135,47.69316926352029],[-117.30288453284342,47.69391935680448],[-117.30386638651423,47.69430908013045],[-117.30396937079401,47.68370015093108],[-117.29345763822866,47.68563658937498]]]},"properties":{"COUNTY":"Spokane","PRECCODE":4407,"PRECNAME":"4407 Spokane Valley","PRECINCT":"Spokane 4407","DESCRIPTIO":"Orchard Park North (E South Riverway & Center Rd)","OFFICE":"County Proposition 1","JURISDICTION":"County","RACE":"Spokane County County Proposition 1","Name_1":"Approved","Party_1":"Yes_1","Votes_1":"9","Name_2":"Rejected","Party_2":"No_1","Votes_2":"4","Name_3":null,"Party_3":null,"Votes_3":"0","Name_4":null,"Party_4":null,"Votes_4":"0","Name_5":null,"Party_5":null,"Votes_5":"0","Name_6":null,"Party_6":null,"Votes_6":"0","Name_7":null,"Party_7":null,"Votes_7":"0","Votes_total":"13","Pct_1":69.23,"Pct_2":30.77,"Pct_3":0,"Pct_4":0,"Pct_5":0,"Pct_6":0,"Pct_7":0,"Margin":38.46}},
{"type":"Feature","geometry":{"type":"Polygon","coordinates":[[[-117.23840231506188,47.61243560478951],[-117.238399723228,47.61334258548857],[-117.25053159836307,47.61335304136591],[-117.26143176647207,47.6133896772912],[-117.26455321822152,47.6133890292096],[-117.26673487174719,47.61340189352067],[-117.27759202652196,47.613424703933596],[-117.27881346694072,47.60939138832165],[-117.2781235164868,47.608228255486374],[-117.27082906669843,47.60876936999299],[-117.26727100310619,47.605301716227856],[-117.26013421254935,47.6041503555861],[-117.25666612615261,47.60027237790771],[-117.2547037945595,47.600217397086965],[-117.2546697394311,47.60251872210873],[-117.25653863355315,47.60273573547577],[-117.2531281649672,47.606483952796964],[-117.24615649265485,47.608877415094675],[-117.24378470120791,47.6124856876502],[-117.23840231506188,47.61243560478951]]]},"properties":{"COUNTY":"Spokane","PRECCODE":4408,"PRECNAME":"4408 Spokane Valley","PRECINCT":"Spokane 4408","DESCRIPTIO":"Chester South (Ponderosa Drive, Holman Road)","OFFICE":"County Proposition 1","JURISDICTION":"County","RACE":"Spokane County County Proposition 1","Name_1":"Rejected","Party_1":"No_1","Votes_1":"101","Name_2":"Approved","Party_2":"Yes_1","Votes_2":"31","Name_3":null,"Party_3":null,"Votes_3":"0","Name_4":null,"Party_4":null,"Votes_4":"0","Name_5":null,"Party_5":null,"Votes_5":"0","Name_6":null,"Party_6":null,"Votes_6":"0","Name_7":null,"Party_7":null,"Votes_7":"0","Votes_total":"132","Pct_1":76.52,"Pct_2":23.48,"Pct_3":0,"Pct_4":0,"Pct_5":0,"Pct_6":0,"Pct_7":0,"Margin":53.04}},
{"type":"Feature","geometry":{"type":"Polygon","coordinates":[[[-117.26167658262548,47.62483187247451],[-117.26139982603536,47.62795139079588],[-117.27209180817088,47.62794446908572],[-117.27278656437608,47.61732277679257],[-117.27482396925473,47.61522800192518],[-117.27751132926815,47.61523730586307],[-117.27751156539655,47.61342444824974],[-117.2684406922478,47.61340047858748],[-117.26809990791602,47.6139793356863],[-117.26733629097919,47.61607466098532],[-117.26495175317676,47.618589601395335],[-117.26342644018683,47.623681591548454],[-117.26167658262548,47.62483187247451]]]},"properties":{"COUNTY":"Spokane","PRECCODE":4409,"PRECNAME":"4409 Spokane Valley","PRECINCT":"Spokane 4409","DESCRIPTIO":"Chester West (Ponderosa Elementary School, Redeemer Lutheran Church)","OFFICE":"County Proposition 1","JURISDICTION":"County","RACE":"Spokane County County Proposition 1","Name_1":"Approved","Party_1":"Yes_1","Votes_1":"421","Name_2":"Rejected","Party_2":"No_1","Votes_2":"3","Name_3":null,"Party_3":null,"Votes_3":"0","Name_4":null,"Party_4":null,"Votes_4":"0","Name_5":null,"Party_5":null,"Votes_5":"0","Name_6":null,"Party_6":null,"Votes_6":"0","Name_7":null,"Party_7":null,"Votes_7":"0","Votes_total":"424","Pct_1":99.29,"Pct_2":0.71,"Pct_3":0,"Pct_4":0,"Pct_5":0,"Pct_6":0,"Pct_7":0,"Margin":98.58}},
{"type":"Feature","geometry":{"type":"Polygon","coordinates":[[[-117.2385249068106,47.6206299126545],[-117.23980852901175,47.627889753818714],[-117.25061395311639,47.62790434611191],[-117.25055556803484,47.61801821490511],[-117.24867494253031,47.61742958880562],[-117.2440465244384,47.6133484924072],[-117.238399723228,47.61334258548857],[-117.2385249068106,47.6206299126545]]]},"properties":{"COUNTY":"Spokane","PRECCODE":4410,"PRECNAME":"4410 Spokane Valley","PRECINCT":"Spokane 4410","DESCRIPTIO":"Chester East (Loretta Drive, Chester Elementary School)","OFFICE":"County Proposition 1","JURISDICTION":"County","RACE":"Spokane County County Proposition 1","Name_1":"Approved","Party_1":"Yes_1","Votes_1":"9","Name_2":null,"Party_2":null,"Votes_2":"0","Name_3":null,"Party_3":null,"Votes_3":"0","Name_4":null,"Party_4":null,"Votes_4":"0","Name_5":null,"Party_5":null,"Votes_5":"0","Name_6":null,"Party_6":null,"Votes_6":"0","Name_7":null,"Party_7":null,"Votes_7":"0","Votes_total":"9","Pct_1":100,"Pct_2":0,"Pct_3":0,"Pct_4":0,"Pct_5":0,"Pct_6":0,"Pct_7":0,"Margin":100}},
{"type":"Feature","geometry":{"type":"Polygon","coordinates":[[[-117.2506343829282,47.63518012225335],[-117.25066014233082,47.64243173983771],[-117.26141978299009,47.642426622565544],[-117.26142235488084,47.635185154289914],[-117.2506343829282,47.63518012225335]]]},"properties":{"COUNTY":"Spokane","PRECCODE":4412,"PRECNAME":"4412 Spokane Valley","PRECINCT":"Spokane 4412","DESCRIPTIO":"S. Opportunity West (Bowdish Junior High School, University Elementary School)","OFFICE":"County Proposition 1","JURISDICTION":"County","RACE":"Spokane County County Proposition 1","Name_1":"Rejected","Party_1":"No_1","Votes_1":"157","Name_2":null,"Party_2":null,"Votes_2":"0","Name_3":null,"Party_3":null,"Votes_3":"0","Name_4":null,"Party_4":null,"Votes_4":"0","Name_5":null,"Party_5":null,"Votes_5":"0","Name_6":null,"Party_6":null,"Votes_6":"0","Name_7":null,"Party_7":null,"Votes_7":"0","Votes_total":"157","Pct_1":100,"Pct_2":0,"Pct_3":0,"Pct_4":0,"Pct_5":0,"Pct_6":0,"Pct_7":0,"Margin":100}},
{"type":"Feature","geometry":{"type":"Polygon","coordinates":[[[-117.27351774813205,47.64972484742372],[-117.27960743896612,47.64964098845296],[-117.2775570977216,47.64243815037741],[-117.27219238053317,47.64242758866954],[-117.27217740268172,47.645388639693266],[-117.26140844173239,47.646085292429774],[-117.26138932919548,47.64973876396407],[-117.27351774813205,47.64972484742372]]]},"properties":{"COUNTY":"Spokane","PRECCODE":4413,"PRECNAME":"4413 Spokane Valley","PRECINCT":"Spokane 4413","DESCRIPTIO":"Dishman South (Valley Christian School, Sherwood Forest, Mica Park Drive)","OFFICE":"County Proposition 1","JURISDICTION":"County","RACE":"Spokane County County Proposition 1","Name_1":"Approved","Party_1":"Yes_1","Votes_1":"88","Name_2":"Rejected","Party_2":"No_1","Votes_2":"51","Name_3":null,"Party_3":null,"Votes_3":"0","Name_4":null,"Party_4":null,"Votes_4":"0","Name_5":null,"Party_5":null,"Votes_5":"0","Name_6":null,"Party_6":null,"Votes_6":"0","Name_7":null,"Party_7":null,"Votes_7":"0","Votes_total":"139","Pct_1":63.31,"Pct_2":36.69,"Pct_3":0,"Pct_4":0,"Pct_5":0,"Pct_6":0,"Pct_7":0,"Margin":26.62}},
{"type":"Feature","geometry":{"type":"Polygon","coordinates":[[[-117.25062846513492,47.64979004430791],[-117.25059582914584,47.657059728263526],[-117.26135642175511,47.65704560537335],[-117.26138932919548,47.64973876396407],[-117.25062846513492,47.64979004430791]]]},"properties":{"COUNTY":"Spokane","PRECCODE":4414,"PRECNAME":"4414 Spokane Valley","PRECINCT":"Spokane 4414","DESCRIPTIO":"N. Opportunity Southwest (E 6th & Pierce Rd, University Apartments)","OFFICE":"County Proposition 1","JURISDICTION":"County","RACE":"Spokane County County Proposition 1","Name_1":"Rejected","Party_1":"No_1","Votes_1":"139","Name_2":"Approved","Party_2":"Yes_1","Votes_2":"47","Name_3":null,"Party_3":null,"Votes_3":"0","Name_4":null,"Party_4":null,"Votes_4":"0","Name_5":null,"Party_5":null,"Votes_5":"0","Name_6":null,"Party_6":null,"Votes_6":"0","Name_7":null,"Party_7":null,"Votes_7":"0","Votes_total":"186","Pct_1":74.73,"Pct_2":25.27,"Pct_3":0,"Pct_4":0,"Pct_5":0,"Pct_6":0,"Pct_7":0,"Margin":49.46}},
{"type":"Feature","geometry":{"type":"Polygon","coordinates":[[[-117.26129378796968,47.67163673599343],[-117.27207332643604,47.67151596967052],[-117.27206183855007,47.66958092667139],[-117.27209700955486,47.66066816030854],[-117.26134081735901,47.66070025911909],[-117.26129378796968,47.67163673599343]]]},"properties":{"COUNTY":"Spokane","PRECCODE":4415,"PRECNAME":"4415 Spokane Valley","PRECINCT":"Spokane 4415","DESCRIPTIO":"Dishman Far Northeast (E Broadway & Felts, Victory Lane)","OFFICE":"County Proposition 1","JURISDICTION":"County","RACE":"Spokane County County Proposition 1","Name_1":"Approved","Party_1":"Yes_1","Votes_1":"266","Name_2":"Rejected","Party_2":"No_1","Votes_2":"4","Name_3":null,"Party_3":null,"Votes_3":"0","Name_4":null,"Party_4":null,"Votes_4":"0","Name_5":null,"Party_5":null,"Votes_5":"0","Name_6":null,"Party_6":null,"Votes_6":"0","Name_7":null,"Party_7":null,"Votes_7":"0","Votes_total":"270","Pct_1":98.52,"Pct_2":1.48,"Pct_3":0,"Pct_4":0,"Pct_5":0,"Pct_6":0,"Pct_7":0,"Margin":97.04}},
{"type":"Feature","geometry":{"type":"Polygon","coordinates":[[[-117.24497854698052,47.688732127750725],[-117.23541258637667,47.69201615145246],[-117.23665348215366,47.69292431317194],[-117.24507939246556,47.69756603351006],[-117.24591190005499,47.69509307788861],[-117.25111756783488,47.692481151823515],[-117.26397071296579,47.68897650417599],[-117.2623537521958,47.685195307646346],[-117.25722852106428,47.68623755524499],[-117.24497854698052,47.688732127750725]]]},"properties":{"COUNTY":"Spokane","PRECCODE":4416,"PRECNAME":"4416 Spokane Valley","PRECINCT":"Spokane 4416","DESCRIPTIO":"Irwin North (Grandview Acres, Riverside at Coyote Rock Apartments)","OFFICE":"County Proposition 1","JURISDICTION":"County","RACE":"Spokane County County Proposition 1","Name_1":"Rejected","Party_1":"No_1","Votes_1":"11","Name_2":null,"Party_2":null,"Votes_2":"0","Name_3":null,"Party_3":null,"Votes_3":"0","Name_4":null,"Party_4":null,"Votes_4":"0","Name_5":null,"Party_5":null,"Votes_5":"0","Name_6":null,"Party_6":null,"Votes_6":"0","Name_7":null,"Party_7":null,"Votes_7":"0","Votes_total":"11","Pct_1":100,"Pct_2":0,"Pct_3":0,"Pct_4":0,"Pct_5":0,"Pct_6":0,"Pct_7":0,"Margin":100}},
{"type":"Feature","geometry":{"type":"Polygon","coordinates":[[[-117.25055449962579,47.66436776283993],[-117.24782014475286,47.66436350108396],[-117.23974221502804,47.66437829087262],[-117.23969710067173,47.671652717663534],[-117.25051190711474,47.671665855973146],[-117.25055449962579,47.66436776283993]]]},"properties":{"COUNTY":"Spokane","PRECCODE":4418,"PRECNAME":"4418 Spokane Valley","PRECINCT":"Spokane 4418","DESCRIPTIO":"N. Opportunity North (Spokane Community of Christ, Landing Apartments)","OFFICE":"County Proposition 1","JURISDICTION":"County","RACE":"Spokane County County Proposition 1","Name_1":"Approved","Party_1":"Yes_1","Votes_1":"110","Name_2":"Rejected","Party_2":"No_1","Votes_2":"2","Name_3":null,"Party_3":null,"Votes_3":"0","Name_4":null,"Party_4":null,"Votes_4":"0","Name_5":null,"Party_5":null,"Votes_5":"0","Name_6":null,"Party_6":null,"Votes_6":"0","Name_7":null,"Party_7":null,"Votes_7":"0","Votes_total":"112","Pct_1":98.21,"Pct_2":1.79,"Pct_3":0,"Pct_4":0,"Pct_5":0,"Pct_6":0,"Pct_7":0,"Margin":96.42}},
{"type":"Feature","geometry":{"type":"Polygon","coordinates":[[[-117.22895766941919,47.664358074747796],[-117.22893360538005,47.671627700817574],[-117.23969710067173,47.671652717663534],[-117.23974221502804,47.66437829087262],[-117.22895766941919,47.664358074747796]]]},"properties":{"COUNTY":"Spokane","PRECCODE":4419,"PRECNAME":"4419 Spokane Valley","PRECINCT":"Spokane 4419","DESCRIPTIO":"N. Opportunity Northeast (Valley Hospital, Village on Broadway Apartments)","OFFICE":"County Proposition 1","JURISDICTION":"County","RACE":"Spokane County County Proposition 1","Name_1":"Rejected","Party_1":"No_1","Votes_1":"156","Name_2":"Approved","Party_2":"Yes_1","Votes_2":"144","Name_3":null,"Party_3":null,"Votes_3":"0","Name_4":null,"Party_4":null,"Votes_4":"0","Name_5":null,"Party_5":null,"Votes_5":"0","Name_6":null,"Party_6":null,"Votes_6":"0","Name_7":null,"Party_7":null,"Votes_7":"0","Votes_total":"300","Pct_1":52,"Pct_2":48,"Pct_3":0,"Pct_4":0,"Pct_5":0,"Pct_6":0,"Pct_7":0,"Margin":4}},
{"type":"Feature","geometry":{"type":"Polygon","coordinates":[[[-117.22895766941919,47.664358074747796],[-117.22897561532042,47.65706847983868],[-117.2181561945795,47.657068564147096],[-117.21813041684581,47.664340258804415],[-117.22895766941919,47.664358074747796]]]},"properties":{"COUNTY":"Spokane","PRECCODE":4420,"PRECNAME":"4420 Spokane Valley","PRECINCT":"Spokane 4420","DESCRIPTIO":"N. Opportunity Far East (Opportunity Baptist Church, Oakwood Club Apartments)","OFFICE":"County Proposition 1","JURISDICTION":"County","RACE":"Spokane County County Proposition 1","Name_1":"Approved","Party_1":"Yes_1","Votes_1":"198","Name_2":"Rejected","Party_2":"No_1","Votes_2":"126","Name_3":null,"Party_3":null,"Votes_3":"0","Name_4":null,"Party_4":null,"Votes_4":"0","Name_5":null,"Party_5":null,"Votes_5":"0","Name_6":null,"Party_6":null,"Votes_6":"0","Name_7":null,"Party_7":null,"Votes_7":"0","Votes_total":"324","Pct_1":61.11,"Pct_2":38.89,"Pct_3":0,"Pct_4":0,"Pct_5":0,"Pct_6":0,"Pct_7":0,"Margin":22.22}},
{"type":"Feature","geometry":{"type":"Polygon","coordinates":[[[-117.25066014233082,47.64243173983771],[-117.23929124797897,47.64244825210313],[-117.23958398511118,47.64304145491507],[-117.23987877261015,47.649837100154876],[-117.2397969866939,47.65706910509526],[-117.25059582914584,47.657059728263526],[-117.25066014233082,47.64243173983771]]]},"properties":{"COUNTY":"Spokane","PRECCODE":4421,"PRECNAME":"4421 Spokane Valley","PRECINCT":"Spokane 4421","DESCRIPTIO":"S. Opportunity North (Opportunity Elementary School, Opportunity Post Office)","OFFICE":"County Proposition 1","JURISDICTION":"County","RACE":"Spokane County County Proposition 1","Name_1":"Rejected","Party_1":"No_1","Votes_1":"320","Name_2":"Approved","Party_2":"Yes_1","Votes_2":"10","Name_3":null,"Party_3":null,"Votes_3":"0","Name_4":null,"Party_4":null,"Votes_4":"0","Name_5":null,"Party_5":null,"Votes_5":"0","Name_6":null,"Party_6":null,"Votes_6":"0","Name_7":null,"Party_7":null,"Votes_7":"0","Votes_total":"330","Pct_1":96.97,"Pct_2":3.03,"Pct_3":0,"Pct_4":0,"Pct_5":0,"Pct_6":0,"Pct_7":0,"Margin":93.94}},
{"type":"Feature","geometry":{"type":"Polygon","coordinates":[[[-117.22897775640179,47.64978833320465],[-117.22897561532042,47.65706847983868],[-117.2397969866939,47.65706910509526],[-117.23987877261015,47.649837100154876],[-117.22897775640179,47.64978833320465]]]},"properties":{"COUNTY":"Spokane","PRECCODE":4422,"PRECNAME":"4422 Spokane Valley","PRECINCT":"Spokane 4422","DESCRIPTIO":"N. Opportunity Southeast (Spokane Valley Learning Center, Keystone Apartments, Leta Road)","OFFICE":"County Proposition 1","JURISDICTION":"County","RACE":"Spokane County County Proposition 1","Name_1":"Rejected","Party_1":"No_1","Votes_1":"9","Name_2":null,"Party_2":null,"Votes_2":"0","Name_3":null,"Party_3":null,"Votes_3":"0","Name_4":null,"Party_4":null,"Votes_4":"0","Name_5":null,"Party_5":null,"Votes_5":"0","Name_6":null,"Party_6":null,"Votes_6":"0","Name_7":null,"Party_7":null,"Votes_7":"0","Votes_total":"9","Pct_1":100,"Pct_2":0,"Pct_3":0,"Pct_4":0,"Pct_5":0,"Pct_6":0,"Pct_7":0,"Margin":100}},
{"type":"Feature","geometry":{"type":"Polygon","coordinates":[[[-117.22882444979719,47.63489145294207],[-117.22847079378538,47.635091282163934],[-117.2289826149731,47.64243212744986],[-117.23929124797897,47.64244825210313],[-117.25066014233082,47.64243173983771],[-117.2506343829282,47.63518012225335],[-117.24177188120782,47.634674473443525],[-117.24177318100683,47.63517585584432],[-117.23982700926265,47.635174297068275],[-117.23983519917839,47.63930959654144],[-117.23577463242026,47.6395322011357],[-117.22882444979719,47.63489145294207]]]},"properties":{"COUNTY":"Spokane","PRECCODE":4424,"PRECNAME":"4424 Spokane Valley","PRECINCT":"Spokane 4424","DESCRIPTIO":"S. Opportunity Center (South Pines Elementary School, Houk Avenue)","OFFICE":"County Proposition 1","JURISDICTION":"County","RACE":"Spokane County County Proposition 1","Name_1":"Approved","Party_1":"Yes_1","Votes_1":"29","Name_2":null,"Party_2":null,"Votes_2":"0","Name_3":null,"Party_3":null,"Votes_3":"0","Name_4":null,"Party_4":null,"Votes_4":"0","Name_5":null,"Party_5":null,"Votes_5":"0","Name_6":null,"Party_6":null,"Votes_6":"0","Name_7":null,"Party_7":null,"Votes_7":"0","Votes_total":"29","Pct_1":100,"Pct_2":0,"Pct_3":0,"Pct_4":0,"Pct_5":0,"Pct_6":0,"Pct_7":0,"Margin":100}},
{"type":"Feature","geometry":{"type":"Polygon","coordinates":[[[-117.23980852901175,47.627889753818714],[-117.23982700926265,47.635174297068275],[-117.24177318100683,47.63517585584432],[-117.24177188120782,47.634674473443525],[-117.2506343829282,47.63518012225335],[-117.25061395311639,47.62790434611191],[-117.23980852901175,47.627889753818714]]]},"properties":{"COUNTY":"Spokane","PRECCODE":4425,"PRECNAME":"4425 Spokane Valley","PRECINCT":"Spokane 4425","DESCRIPTIO":"S. Opportunity South (South of South Pines Elementary School, South Valley Fire Station)","OFFICE":"County Proposition 1","JURISDICTION":"County","RACE":"Spokane County County Proposition 1","Name_1":"Approved","Party_1":"Yes_1","Votes_1":"79","Name_2":"Rejected","Party_2":"No_1","Votes_2":"42","Name_3":null,"Party_3":null,"Votes_3":"0","Name_4":null,"Party_4":null,"Votes_4":"0","Name_5":null,"Party_5":null,"Votes_5":"0","Name_6":null,"Party_6":null,"Votes_6":"0","Name_7":null,"Party_7":null,"Votes_7":"0","Votes_total":"121","Pct_1":65.29,"Pct_2":34.71,"Pct_3":0,"Pct_4":0,"Pct_5":0,"Pct_6":0,"Pct_7":0,"Margin":30.58}},
{"type":"Feature","geometry":{"type":"Polygon","coordinates":[[[-117.22882444979719,47.63489145294207],[-117.23577463242026,47.6395322011357],[-117.23983519917839,47.63930959654144],[-117.23982000894513,47.63108682072112],[-117.23566297646154,47.63108934634879],[-117.23565563764835,47.63334681755905],[-117.23059882768119,47.63322612028677],[-117.22882444979719,47.63489145294207]]]},"properties":{"COUNTY":"Spokane","PRECCODE":4426,"PRECNAME":"4426 Spokane Valley","PRECINCT":"Spokane 4426","DESCRIPTIO":"S. Opportunity East (Southwood Pines, Holy Trinity Lutheran Church)","OFFICE":"County Proposition 1","JURISDICTION":"County","RACE":"Spokane County County Proposition 1","Name_1":"Approved","Party_1":"Yes_1","Votes_1":"150","Name_2":"Rejected","Party_2":"No_1","Votes_2":"90","Name_3":null,"Party_3":null,"Votes_3":"0","Name_4":null,"Party_4":null,"Votes_4":"0","Name_5":null,"Party_5":null,"Votes_5":"0","Name_6":null,"Party_6":null,"Votes_6":"0","Name_7":null,"Party_7":null,"Votes_7":"0","Votes_total":"240","Pct_1":62.5,"Pct_2":37.5,"Pct_3":0,"Pct_4":0,"Pct_5":0,"Pct_6":0,"Pct_7":0,"Margin":25}},
{"type":"Feature","geometry":{"type":"Polygon","coordinates":[[[-117.21819620552633,47.63515554791489],[-117.21817118469023,47.64240951678883],[-117.2289826149731,47.64243212744986],[-117.22847079378538,47.635091282163934],[-117.21819620552633,47.63515554791489]]]},"properties":{"COUNTY":"Spokane","PRECCODE":4427,"PRECNAME":"4427 Spokane Valley","PRECINCT":"Spokane 4427","DESCRIPTIO":"S. Opportunity Far East (Terrace View Park, E 20th & Blake Rd)","OFFICE":"County Proposition 1","JURISDICTION":"County","RACE":"Spokane County County Proposition 1","Name_1":"Rejected","Party_1":"No_1","Votes_1":"88","Name_2":"Approved","Party_2":"Yes_1","Votes_2":"1","Name_3":null,"Party_3":null,"Votes_3":"0","Name_4":null,"Party_4":null,"Votes_4":"0","Name_5":null,"Party_5":null,"Votes_5":"0","Name_6":null,"Party_6":null,"Votes_6":"0","Name_7":null,"Party_7":null,"Votes_7":"0","Votes_total":"89","Pct_1":98.88,"Pct_2":1.12,"Pct_3":0,"Pct_4":0,"Pct_5":0,"Pct_6":0,"Pct_7":0,"Margin":97.76}},
{"type":"Feature","geometry":{"type":"Polygon","coordinates":[[[-117.16443167356711,47.66569237397526],[-117.15372722873602,47.66569082031631],[-117.15394893847864,47.67807759009048],[-117.15457752648103,47.678348858917026],[-117.15880406594417,47.68300150554074],[-117.16253006453665,47.68429508033152],[-117.16309597506233,47.68419899050482],[-117.1627998966134,47.68338590768212],[-117.16246824182396,47.68212858433615],[-117.16441043841687,47.67874021629372],[-117.16442059750392,47.66792066586371],[-117.16443167356711,47.66569237397526]]]},"properties":{"COUNTY":"Spokane","PRECCODE":4428,"PRECNAME":"4428 Spokane Valley","PRECINCT":"Spokane 4428","DESCRIPTIO":"Greenacres North (Arties Road, Bonne Avenue Kingdom Hall)","OFFICE":"County Proposition 1","JURISDICTION":"County","RACE":"Spokane County County Proposition 1","Name_1":"Rejected","Party_1":"No_1","Votes_1":"2","Name_2":null,"Party_2":null,"Votes_2":"0","Name_3":null,"Party_3":null,"Votes_3":"0","Name_4":null,"Party_4":null,"Votes_4":"0","Name_5":null,"Party_5":null,"Votes_5":"0","Name_6":null,"Party_6":null,"Votes_6":"0","Name_7":null,"Party_7":null,"Votes_7":"0","Votes_total":"2","Pct_1":100,"Pct_2":0,"Pct_3":0,"Pct_4":0,"Pct_5":0,"Pct_6":0,"Pct_7":0,"Margin":100}},
{"type":"Feature","geometry":{"type":"Polygon","coordinates":[[[-117.20740166013398,47.66431695216295],[-117.20739504305429,47.66795617951621],[-117.2073650377131,47.67147008366391],[-117.20989503529223,47.67197810225873],[-117.21814938080007,47.67363214534072],[-117.21813041684581,47.664340258804415],[-117.20740166013398,47.66431695216295]]]},"properties":{"COUNTY":"Spokane","PRECCODE":4429,"PRECNAME":"4429 Spokane Valley","PRECINCT":"Spokane 4429","DESCRIPTIO":"Veradale Far Northwest (E Cataldo & Best Rd, Mission Court)","OFFICE":"County Proposition 1","JURISDICTION":"County","RACE":"Spokane County County Proposition 1","Name_1":"Approved","Party_1":"Yes_1","Votes_1":"1","Name_2":"Rejected","Party_2":"No_1","Votes_2":"1","Name_3":null,"Party_3":null,"Votes_3":"0","Name_4":null,"Party_4":null,"Votes_4":"0","Name_5":null,"Party_5":null,"Votes_5":"0","Name_6":null,"Party_6":null,"Votes_6":"0","Name_7":null,"Party_7":null,"Votes_7":"0","Votes_total":"2","Pct_1":50,"Pct_2":50,"Pct_3":0,"Pct_4":0,"Pct_5":0,"Pct_6":0,"Pct_7":0,"Margin":0}},
{"type":"Feature","geometry":{"type":"Polygon","coordinates":[[[-117.18606574646309,47.66719489118709],[-117.19081121916878,47.668143916895445],[-117.19469790245186,47.66889839061445],[-117.196629724025,47.66929098186462],[-117.1966298812047,47.668860562701084],[-117.1965872884716,47.66811586031024],[-117.19657885488276,47.66429249811956],[-117.19660734052788,47.65703110437657],[-117.18591420984522,47.656973446421034],[-117.18606574646309,47.66719489118709]]]},"properties":{"COUNTY":"Spokane","PRECCODE":4430,"PRECNAME":"4430 Spokane Valley","PRECINCT":"Spokane 4430","DESCRIPTIO":"Veradale Farther Northeast (Mirabolante Apartments, Moore Road, Eastbrook Apartments)","OFFICE":"County Proposition 1","JURISDICTION":"County","RACE":"Spokane County County Proposition 1","Name_1":"Approved","Party_1":"Yes_1","Votes_1":"30","Name_2":null,"Party_2":null,"Votes_2":"0","Name_3":null,"Party_3":null,"Votes_3":"0","Name_4":null,"Party_4":null,"Votes_4":"0","Name_5":null,"Party_5":null,"Votes_5":"0","Name_6":null,"Party_6":null,"Votes_6":"0","Name_7":null,"Party_7":null,"Votes_7":"0","Votes_total":"30","Pct_1":100,"Pct_2":0,"Pct_3":0,"Pct_4":0,"Pct_5":0,"Pct_6":0,"Pct_7":0,"Margin":100}},
{"type":"Feature","geometry":{"type":"Polygon","coordinates":[[[-117.20740525102488,47.64972929503978],[-117.20741661848659,47.65708927789307],[-117.2181561945795,47.657068564147096],[-117.21815532407014,47.649737885967596],[-117.20740525102488,47.64972929503978]]]},"properties":{"COUNTY":"Spokane","PRECCODE":4431,"PRECNAME":"4431 Spokane Valley","PRECINCT":"Spokane 4431","DESCRIPTIO":"Veradale West (St. Mary's Catholic Church, E 4th & Bolivar Rd)","OFFICE":"County Proposition 1","JURISDICTION":"County","RACE":"Spokane County County Proposition 1","Name_1":"Approved","Party_1":"Yes_1","Votes_1":"66","Name_2":"Rejected","Party_2":"No_1","Votes_2":"14","Name_3":null,"Party_3":null,"Votes_3":"0","Name_4":null,"Party_4":null,"Votes_4":"0","Name_5":null,"Party_5":null,"Votes_5":"0","Name_6":null,"Party_6":null,"Votes_6":"0","Name_7":null,"Party_7":null,"Votes_7":"0","Votes_total":"80","Pct_1":82.5,"Pct_2":17.5,"Pct_3":0,"Pct_4":0,"Pct_5":0,"Pct_6":0,"Pct_7":0,"Margin":65}},
{"type":"Feature","geometry":{"type":"Polygon","coordinates":[[[-117.19664176321507,47.64972017904525],[-117.19660734052788,47.65703110437657],[-117.20741661848659,47.65708927789307],[-117.20740525102488,47.64972929503978],[-117.19664176321507,47.64972017904525]]]},"properties":{"COUNTY":"Spokane","PRECCODE":4432,"PRECNAME":"4432 Spokane Valley","PRECINCT":"Spokane 4432","DESCRIPTIO":"Veradale East (Adams Elementary, Adams Square Apartments, Sullivan Square Shopping Center)","OFFICE":"County Proposition 1","JURISDICTION":"County","RACE":"Spokane County County Proposition 1","Name_1":"Approved","Party_1":"Yes_1","Votes_1":"44","Name_2":"Rejected","Party_2":"No_1","Votes_2":"28","Name_3":null,"Party_3":null,"Votes_3":"0","Name_4":null,"Party_4":null,"Votes_4":"0","Name_5":null,"Party_5":null,"Votes_5":"0","Name_6":null,"Party_6":null,"Votes_6":"0","Name_7":null,"Party_7":null,"Votes_7":"0","Votes_total":"72","Pct_1":61.11,"Pct_2":38.89,"Pct_3":0,"Pct_4":0,"Pct_5":0,"Pct_6":0,"Pct_7":0,"Margin":22.22}},
{"type":"Feature","geometry":{"type":"Polygon","coordinates":[[[-117.18627000923655,47.65310621030804],[-117.18591420990828,47.6569734455226],[-117.19660734052788,47.65703110437657],[-117.19662245846763,47.653376655992794],[-117.18627000923655,47.65310621030804]]]},"properties":{"COUNTY":"Spokane","PRECCODE":4433,"PRECNAME":"4433 Spokane Valley","PRECINCT":"Spokane 4433","DESCRIPTIO":"Veradale Far Northeast (Aspen Apartments, Villages Apartments)","OFFICE":"County Proposition 1","JURISDICTION":"County","RACE":"Spokane County County Proposition 1","Name_1":"Rejected","Party_1":"No_1","Votes_1":"139","Name_2":"Approved","Party_2":"Yes_1","Votes_2":"3","Name_3":null,"Party_3":null,"Votes_3":"0","Name_4":null,"Party_4":null,"Votes_4":"0","Name_5":null,"Party_5":null,"Votes_5":"0","Name_6":null,"Party_6":null,"Votes_6":"0","Name_7":null,"Party_7":null,"Votes_7":"0","Votes_total":"142","Pct_1":97.89,"Pct_2":2.11,"Pct_3":0,"Pct_4":0,"Pct_5":0,"Pct_6":0,"Pct_7":0,"Margin":95.78}},
{"type":"Feature","geometry":{"type":"Polygon","coordinates":[[[-117.20741156669119,47.635124083532375],[-117.2073964894491,47.64240837406083],[-117.21817118469023,47.64240951678883],[-117.21819620552633,47.63515554791489],[-117.20741156669119,47.635124083532375]]]},"properties":{"COUNTY":"Spokane","PRECCODE":4434,"PRECNAME":"4434 Spokane Valley","PRECINCT":"Spokane 4434","DESCRIPTIO":"Veradale Far Southwest (Sunrise Elementary School, Airpark Drive)","OFFICE":"County Proposition 1","JURISDICTION":"County","RACE":"Spokane County County Proposition 1","Name_1":"Approved","Party_1":"Yes_1","Votes_1":"6","Name_2":null,"Party_2":null,"Votes_2":"0","Name_3":null,"Party_3":null,"Votes_3":"0","Name_4":null,"Party_4":null,"Votes_4":"0","Name_5":null,"Party_5":null,"Votes_5":"0","Name_6":null,"Party_6":null,"Votes_6":"0","Name_7":null,"Party_7":null,"Votes_7":"0","Votes_total":"6","Pct_1":100,"Pct_2":0,"Pct_3":0,"Pct_4":0,"Pct_5":0,"Pct_6":0,"Pct_7":0,"Margin":100}},
{"type":"Feature","geometry":{"type":"Polygon","coordinates":[[[-117.18903136048058,47.635102070180785],[-117.17963441333248,47.64236980361566],[-117.19656538272832,47.642420406982744],[-117.19663689216182,47.63140424437398],[-117.19201472618808,47.62999648292865],[-117.19271522307709,47.633143106968376],[-117.18943158643457,47.63315354473275],[-117.18901750045228,47.63469382591918],[-117.18903136048058,47.635102070180785]]]},"properties":{"COUNTY":"Spokane","PRECCODE":4436,"PRECNAME":"4436 Spokane Valley","PRECINCT":"Spokane 4436","DESCRIPTIO":"Veradale Farther Southeast (Spokane Valley Nazarene Church, Vera Crest West)","OFFICE":"County Proposition 1","JURISDICTION":"County","RACE":"Spokane County County Proposition 1","Name_1":"Approved","Party_1":"Yes_1","Votes_1":"19","Name_2":null,"Party_2":null,"Votes_2":"0","Name_3":null,"Party_3":null,"Votes_3":"0","Name_4":null,"Party_4":null,"Votes_4":"0","Name_5":null,"Party_5":null,"Votes_5":"0","Name_6":null,"Party_6":null,"Votes_6":"0","Name_7":null,"Party_7":null,"Votes_7":"0","Votes_total":"19","Pct_1":100,"Pct_2":0,"Pct_3":0,"Pct_4":0,"Pct_5":0,"Pct_6":0,"Pct_7":0,"Margin":100}},
{"type":"Feature","geometry":{"type":"Polygon","coordinates":[[[-117.15364600085776,47.656908476925615],[-117.15372722873602,47.66569082031631],[-117.17509348463457,47.66569356336273],[-117.1750791789542,47.65693873862917],[-117.16619677480155,47.65692317700903],[-117.15364600085776,47.656908476925615]]]},"properties":{"COUNTY":"Spokane","PRECCODE":4437,"PRECNAME":"4437 Spokane Valley","PRECINCT":"Spokane 4437","DESCRIPTIO":"Greenacres West (Greenacres Middle School, Hope Lutheran Church, Cameo Flats Apartments)","OFFICE":"County Proposition 1","JURISDICTION":"County","RACE":"Spokane County County Proposition 1","Name_1":"Approved","Party_1":"Yes_1","Votes_1":"24","Name_2":"Rejected","Party_2":"No_1","Votes_2":"1","Name_3":null,"Party_3":null,"Votes_3":"0","Name_4":null,"Party_4":null,"Votes_4":"0","Name_5":null,"Party_5":null,"Votes_5":"0","Name_6":null,"Party_6":null,"Votes_6":"0","Name_7":null,"Party_7":null,"Votes_7":"0","Votes_total":"25","Pct_1":96,"Pct_2":4,"Pct_3":0,"Pct_4":0,"Pct_5":0,"Pct_6":0,"Pct_7":0,"Margin":92}},
{"type":"Feature","geometry":{"type":"Polygon","coordinates":[[[-117.16439464697145,47.653263601199214],[-117.16436887614516,47.64961349265767],[-117.16387218631273,47.64941109303414],[-117.15404702377316,47.64657131706269],[-117.15358581390457,47.64843877914502],[-117.14957638295014,47.6476937584364],[-117.14957286952362,47.64960522761289],[-117.14288166458974,47.64959879857695],[-117.14288563867142,47.65325676520802],[-117.15361358422744,47.65326974323803],[-117.16439464697145,47.653263601199214]]]},"properties":{"COUNTY":"Spokane","PRECCODE":4438,"PRECNAME":"4438 Spokane Valley","PRECINCT":"Spokane 4438","DESCRIPTIO":"Greenacres Southeast (E 8th & Barker Rd, Grady Lane)","OFFICE":"County Proposition 1","JURISDICTION":"County","RACE":"Spokane County County Proposition 1","Name_1":"Approved","Party_1":"Yes_1","Votes_1":"162","Name_2":"Rejected","Party_2":"No_1","Votes_2":"146","Name_3":null,"Party_3":null,"Votes_3":"0","Name_4":null,"Party_4":null,"Votes_4":"0","Name_5":null,"Party_5":null,"Votes_5":"0","Name_6":null,"Party_6":null,"Votes_6":"0","Name_7":null,"Party_7":null,"Votes_7":"0","Votes_total":"308","Pct_1":52.6,"Pct_2":47.4,"Pct_3":0,"Pct_4":0,"Pct_5":0,"Pct_6":0,"Pct_7":0,"Margin":5.2}},
{"type":"Feature","geometry":{"type":"Polygon","coordinates":[[[-117.23362533119548,47.70042922015016],[-117.2143996468717,47.70046483406045],[-117.2144043382569,47.70522073881348],[-117.21437141299863,47.70783629043429],[-117.21849645968658,47.70652970209108],[-117.23363511613478,47.70636442777913],[-117.23362533119548,47.70042922015016]]]},"properties":{"COUNTY":"Spokane","PRECCODE":4439,"PRECNAME":"4439 Spokane Valley","PRECINCT":"Spokane 4439","DESCRIPTIO":"Trentwood Northwest (Trentwood Mormon Church, Broad Lane)","OFFICE":"County Proposition 1","JURISDICTION":"County","RACE":"Spokane County County Proposition 1","Name_1":"Rejected","Party_1":"No_1","Votes_1":"18","Name_2":"Approved","Party_2":"Yes_1","Votes_2":"1","Name_3":null,"Party_3":null,"Votes_3":"0","Name_4":null,"Party_4":null,"Votes_4":"0","Name_5":null,"Party_5":null,"Votes_5":"0","Name_6":null,"Party_6":null,"Votes_6":"0","Name_7":null,"Party_7":null,"Votes_7":"0","Votes_total":"19","Pct_1":94.74,"Pct_2":5.26,"Pct_3":0,"Pct_4":0,"Pct_5":0,"Pct_6":0,"Pct_7":0,"Margin":89.48}},
{"type":"Feature","geometry":{"type":"Polygon","coordinates":[[[-117.17533244168857,47.69326058500285],[-117.17549621059966,47.70051341028242],[-117.18088023248046,47.700505446736685],[-117.18078695957627,47.70379538257097],[-117.19148540341675,47.702682116781816],[-117.19154102128815,47.704115508734475],[-117.19699896439629,47.704111546493486],[-117.19671141215491,47.67873510006702],[-117.19660477455416,47.672671110070176],[-117.19655161346421,47.67265289429408],[-117.18404998018075,47.67128472240142],[-117.18256612165536,47.67182980616847],[-117.18029452181965,47.67733494990571],[-117.1751192400422,47.67871069409626],[-117.17533244168857,47.69326058500285]]]},"properties":{"COUNTY":"Spokane","PRECCODE":4441,"PRECNAME":"4441 Spokane Valley","PRECINCT":"Spokane 4441","DESCRIPTIO":"Trentwood East (East Valley High School, Skyview Elementary School)","OFFICE":"County Proposition 1","JURISDICTION":"County","RACE":"Spokane County County Proposition 1","Name_1":"Approved","Party_1":"Yes_1","Votes_1":"1","Name_2":null,"Party_2":null,"Votes_2":"0","Name_3":null,"Party_3":null,"Votes_3":"0","Name_4":null,"Party_4":null,"Votes_4":"0","Name_5":null,"Party_5":null,"Votes_5":"0","Name_6":null,"Party_6":null,"Votes_6":"0","Name_7":null,"Party_7":null,"Votes_7":"0","Votes_total":"1","Pct_1":100,"Pct_2":0,"Pct_3":0,"Pct_4":0,"Pct_5":0,"Pct_6":0,"Pct_7":0,"Margin":100}},
{"type":"Feature","geometry":{"type":"Polygon","coordinates":[[[-117.25055556803484,47.61801821490511],[-117.25061395311639,47.62790434611191],[-117.26139982603536,47.62795139079588],[-117.26167658262548,47.62483187247451],[-117.25568766270463,47.62000122228022],[-117.25375295497766,47.61901868304936],[-117.25055556803484,47.61801821490511]]]},"properties":{"COUNTY":"Spokane","PRECCODE":4442,"PRECNAME":"4442 Spokane Valley","PRECINCT":"Spokane 4442","DESCRIPTIO":"Chester Center (Castle Park, Ponderosa Village Shopping Center)","OFFICE":"County Proposition 1","JURISDICTION":"County","RACE":"Spokane County County Proposition 1","Name_1":"Approved","Party_1":"Yes_1","Votes_1":"1","Name_2":null,"Party_2":null,"Votes_2":"0","Name_3":null,"Party_3":null,"Votes_3":"0","Name_4":null,"Party_4":null,"Votes_4":"0","Name_5":null,"Party_5":null,"Votes_5":"0","Name_6":null,"Party_6":null,"Votes_6":"0","Name_7":null,"Party_7":null,"Votes_7":"0","Votes_total":"1","Pct_1":100,"Pct_2":0,"Pct_3":0,"Pct_4":0,"Pct_5":0,"Pct_6":0,"Pct_7":0,"Margin":100}},
{"type":"Feature","geometry":{"type":"Polygon","coordinates":[[[-117.2385249068106,47.6206299126545],[-117.22856077468937,47.620617026095154],[-117.22853251871295,47.62789670279732],[-117.23980852901175,47.627889753818714],[-117.2385249068106,47.6206299126545]]]},"properties":{"COUNTY":"Spokane","PRECCODE":4443,"PRECNAME":"4443 Spokane Valley","PRECINCT":"Spokane 4443","DESCRIPTIO":"Chester Far East (Pine Rock Ridge, University High School)","OFFICE":"County Proposition 1","JURISDICTION":"County","RACE":"Spokane County County Proposition 1","Name_1":"Approved","Party_1":"Yes_1","Votes_1":"72","Name_2":"Rejected","Party_2":"No_1","Votes_2":"13","Name_3":null,"Party_3":null,"Votes_3":"0","Name_4":null,"Party_4":null,"Votes_4":"0","Name_5":null,"Party_5":null,"Votes_5":"0","Name_6":null,"Party_6":null,"Votes_6":"0","Name_7":null,"Party_7":null,"Votes_7":"0","Votes_total":"85","Pct_1":84.71,"Pct_2":15.29,"Pct_3":0,"Pct_4":0,"Pct_5":0,"Pct_6":0,"Pct_7":0,"Margin":69.42}},
{"type":"Feature","geometry":{"type":"Polygon","coordinates":[[[-117.14352385754746,47.680569808608624],[-117.15336140113163,47.67796133830343],[-117.15394893847864,47.67807759009048],[-117.15372722873602,47.66569082031631],[-117.14305588037638,47.665693277792705],[-117.14317008881763,47.67145655192],[-117.14352385754746,47.680569808608624]]]},"properties":{"COUNTY":"Spokane","PRECCODE":4444,"PRECNAME":"4444 Spokane Valley","PRECINCT":"Spokane 4444","DESCRIPTIO":"Greenacres Northeast (Riverwalk Lane, Mission Meadows Senior MHP, Holiday Lane)","OFFICE":"County Proposition 1","JURISDICTION":"County","RACE":"Spokane County County Proposition 1","Name_1":"Approved","Party_1":"Yes_1","Votes_1":"57","Name_2":"Rejected","Party_2":"No_1","Votes_2":"51","Name_3":null,"Party_3":null,"Votes_3":"0","Name_4":null,"Party_4":null,"Votes_4":"0","Name_5":null,"Party_5":null,"Votes_5":"0","Name_6":null,"Party_6":null,"Votes_6":"0","Name_7":null,"Party_7":null,"Votes_7":"0","Votes_total":"108","Pct_1":52.78,"Pct_2":47.22,"Pct_3":0,"Pct_4":0,"Pct_5":0,"Pct_6":0,"Pct_7":0,"Margin":5.56}},
{"type":"Feature","geometry":{"type":"Polygon","coordinates":[[[-117.26142235488084,47.635185154289914],[-117.26139982603536,47.62795139079588],[-117.25061395311639,47.62790434611191],[-117.2506343829282,47.63518012225335],[-117.26142235488084,47.635185154289914]]]},"properties":{"COUNTY":"Spokane","PRECCODE":4445,"PRECNAME":"4445 Spokane Valley","PRECINCT":"Spokane 4445","DESCRIPTIO":"S. Opportunity Southwest (E 28th & Pierce Rd)","OFFICE":"County Proposition 1","JURISDICTION":"County","RACE":"Spokane County County Proposition 1","Name_1":"Rejected","Party_1":"No_1","Votes_1":"31","Name_2":"Approved","Party_2":"Yes_1","Votes_2":"3","Name_3":null,"Party_3":null,"Votes_3":"0","Name_4":null,"Party_4":null,"Votes_4":"0","Name_5":null,"Party_5":null,"Votes_5":"0","Name_6":null,"Party_6":null,"Votes_6":"0","Name_7":null,"Party_7":null,"Votes_7":"0","Votes_total":"34","Pct_1":91.18,"Pct_2":8.82,"Pct_3":0,"Pct_4":0,"Pct_5":0,"Pct_6":0,"Pct_7":0,"Margin":82.36}},
{"type":"Feature","geometry":{"type":"Polygon","coordinates":[[[-117.26135642175511,47.65704560537335],[-117.26134081735901,47.66070025911909],[-117.27209700955486,47.66066816030854],[-117.27211959982533,47.657020557970284],[-117.27052794591549,47.657022221330706],[-117.26135642175511,47.65704560537335]]]},"properties":{"COUNTY":"Spokane","PRECCODE":4446,"PRECNAME":"4446 Spokane Valley","PRECINCT":"Spokane 4446","DESCRIPTIO":"Dishman Northeast (University Gardens Condos, Balfour Park)","OFFICE":"County Proposition 1","JURISDICTION":"County","RACE":"Spokane County County Proposition 1","Name_1":"Rejected","Party_1":"No_1","Votes_1":"1","Name_2":null,"Party_2":null,"Votes_2":"0","Name_3":null,"Party_3":null,"Votes_3":"0","Name_4":null,"Party_4":null,"Votes_4":"0","Name_5":null,"Party_5":null,"Votes_5":"0","Name_6":null,"Party_6":null,"Votes_6":"0","Name_7":null,"Party_7":null,"Votes_7":"0","Votes_total":"1","Pct_1":100,"Pct_2":0,"Pct_3":0,"Pct_4":0,"Pct_5":0,"Pct_6":0,"Pct_7":0,"Margin":100}},
{"type":"Feature","geometry":{"type":"Polygon","coordinates":[[[-117.2397969866939,47.65706910509526],[-117.23974221502804,47.66437829087262],[-117.24782014475286,47.66436350108396],[-117.25444276998711,47.66435222134982],[-117.2613213208417,47.6643399750409],[-117.26135642175511,47.65704560537335],[-117.2397969866939,47.65706910509526]]]},"properties":{"COUNTY":"Spokane","PRECCODE":4448,"PRECNAME":"4448 Spokane Valley","PRECINCT":"Spokane 4448","DESCRIPTIO":"N. Opportunity West (North Pines Middle School, Broadway Elementary School)","OFFICE":"County Proposition 1","JURISDICTION":"County","RACE":"Spokane County County Proposition 1","Name_1":"Approved","Party_1":"Yes_1","Votes_1":"8","Name_2":null,"Party_2":null,"Votes_2":"0","Name_3":null,"Party_3":null,"Votes_3":"0","Name_4":null,"Party_4":null,"Votes_4":"0","Name_5":null,"Party_5":null,"Votes_5":"0","Name_6":null,"Party_6":null,"Votes_6":"0","Name_7":null,"Party_7":null,"Votes_7":"0","Votes_total":"8","Pct_1":100,"Pct_2":0,"Pct_3":0,"Pct_4":0,"Pct_5":0,"Pct_6":0,"Pct_7":0,"Margin":100}},
{"type":"Feature","geometry":{"type":"Polygon","coordinates":[[[-117.32171078225778,47.63813890912237],[-117.32103750245027,47.64002849316093],[-117.32347969747208,47.641069023762405],[-117.32346983273153,47.6398491142471],[-117.32568122302375,47.6398229503659],[-117.32568276198971,47.64255760790844],[-117.33633512697648,47.64265618025186],[-117.3363360262467,47.639015569660906],[-117.32568071746515,47.63892462598727],[-117.32567629715162,47.63787111800662],[-117.32258749125924,47.63854903308309],[-117.32171078225778,47.63813890912237]]]},"properties":{"COUNTY":"Spokane","PRECCODE":4449,"PRECNAME":"4449 Spokane Valley","PRECINCT":"Spokane 4449","DESCRIPTIO":"East Spokane Far Southwest (Rocky Ridge Drive, Viewcrest Lane)","OFFICE":"County Proposition 1","JURISDICTION":"County","RACE":"Spokane County County Proposition 1","Name_1":"Approved","Party_1":"Yes_1","Votes_1":"99","Name_2":"Rejected","Party_2":"No_1","Votes_2":"29","Name_3":null,"Party_3":null,"Votes_3":"0","Name_4":null,"Party_4":null,"Votes_4":"0","Name_5":null,"Party_5":null,"Votes_5":"0","Name_6":null,"Party_6":null,"Votes_6":"0","Name_7":null,"Party_7":null,"Votes_7":"0","Votes_total":"128","Pct_1":77.34,"Pct_2":22.66,"Pct_3":0,"Pct_4":0,"Pct_5":0,"Pct_6":0,"Pct_7":0,"Margin":54.68}},
{"type":"Feature","geometry":{"type":"Polygon","coordinates":[[[-117.27199582835894,47.68320112753625],[-117.28272172341818,47.68109364155214],[-117.28279010254673,47.673730795607],[-117.27203971026941,47.67510388729293],[-117.27207332643604,47.67151596967052],[-117.26129378796968,47.67163673599343],[-117.26128717693437,47.677011540042],[-117.2612656987524,47.677997451712635],[-117.26136240262517,47.67803986089747],[-117.26345618082375,47.67828337511068],[-117.26534257423744,47.678702627054804],[-117.26598767686167,47.67889320664025],[-117.26746823472483,47.67954107442204],[-117.26884254591354,47.6804647770503],[-117.27083943032883,47.68246013238136],[-117.27199582835894,47.68320112753625]]]},"properties":{"COUNTY":"Spokane","PRECCODE":4450,"PRECNAME":"4450 Spokane Valley","PRECINCT":"Spokane 4450","DESCRIPTIO":"Irwin Southwest (E Nora & Felts Rd, Village Square Apartments, Argonne Commercial Center)","OFFICE":"County Proposition 1","JURISDICTION":"County","RACE":"Spokane County County Proposition 1","Name_1":"Approved","Party_1":"Yes_1","Votes_1":"24","Name_2":"Rejected","Party_2":"No_1","Votes_2":"19","Name_3":null,"Party_3":null,"Votes_3":"0","Name_4":null,"Party_4":null,"Votes_4":"0","Name_5":null,"Party_5":null,"Votes_5":"0","Name_6":null,"Party_6":null,"Votes_6":"0","Name_7":null,"Party_7":null,"Votes_7":"0","Votes_total":"43","Pct_1":55.81,"Pct_2":44.19,"Pct_3":0,"Pct_4":0,"Pct_5":0,"Pct_6":0,"Pct_7":0,"Margin":11.62}},
{"type":"Feature","geometry":{"type":"Polygon","coordinates":[[[-117.23982000894513,47.63108682072112],[-117.23980852901175,47.627889753818714],[-117.22914040175064,47.62789848062121],[-117.2236092191144,47.627881125453115],[-117.22416057460043,47.63054431939475],[-117.2245641725448,47.631271476398965],[-117.22554133175159,47.63247062505679],[-117.22684265634793,47.63357157064091],[-117.22882444979719,47.63489145294207],[-117.23059882768119,47.63322612028677],[-117.23565563764835,47.63334681755905],[-117.23566297646154,47.63108934634879],[-117.23982000894513,47.63108682072112]]]},"properties":{"COUNTY":"Spokane","PRECCODE":4451,"PRECNAME":"4451 Spokane Valley","PRECINCT":"Spokane 4451","DESCRIPTIO":"South Opportunity Southeast (Brown's Park, Tall Tree Road, Amberwood Club Apartments)","OFFICE":"County Proposition 1","JURISDICTION":"County","RACE":"Spokane County County Proposition 1","Name_1":"Rejected","Party_1":"No_1","Votes_1":"79","Name_2":null,"Party_2":null,"Votes_2":"0","Name_3":null,"Party_3":null,"Votes_3":"0","Name_4":null,"Party_4":null,"Votes_4":"0","Name_5":null,"Party_5":null,"Votes_5":"0","Name_6":null,"Party_6":null,"Votes_6":"0","Name_7":null,"Party_7":null,"Votes_7":"0","Votes_total":"79","Pct_1":100,"Pct_2":0,"Pct_3":0,"Pct_4":0,"Pct_5":0,"Pct_6":0,"Pct_7":0,"Margin":100}},
{"type":"Feature","geometry":{"type":"Polygon","coordinates":[[[-117.16441963018137,47.67149106931077],[-117.16441043841687,47.67874021629372],[-117.16246824182396,47.68212858433615],[-117.1627998966134,47.68338590768212],[-117.16309597506233,47.68419899050482],[-117.1637983338662,47.68403396244207],[-117.1665182431668,47.680770422019606],[-117.1751192400422,47.67871069409626],[-117.17510658667692,47.6715264318161],[-117.16441963018137,47.67149106931077]]]},"properties":{"COUNTY":"Spokane","PRECCODE":4452,"PRECNAME":"4452 Spokane Valley","PRECINCT":"Spokane 4452","DESCRIPTIO":"Greenacres Far Northwest (E Baldwin & Arc Rd, Flora Springs)","OFFICE":"County Proposition 1","JURISDICTION":"County","RACE":"Spokane County County Proposition 1","Name_1":"Rejected","Party_1":"No_1","Votes_1":"4","Name_2":null,"Party_2":null,"Votes_2":"0","Name_3":null,"Party_3":null,"Votes_3":"0","Name_4":null,"Party_4":null,"Votes_4":"0","Name_5":null,"Party_5":null,"Votes_5":"0","Name_6":null,"Party_6":null,"Votes_6":"0","Name_7":null,"Party_7":null,"Votes_7":"0","Votes_total":"4","Pct_1":100,"Pct_2":0,"Pct_3":0,"Pct_4":0,"Pct_5":0,"Pct_6":0,"Pct_7":0,"Margin":100}},
{"type":"Feature","geometry":{"type":"Polygon","coordinates":[[[-117.1751192400422,47.67871069409626],[-117.1665182431668,47.680770422019606],[-117.1637983338662,47.68403396244207],[-117.1631142266803,47.68419589136968],[-117.16253006453665,47.68429508033152],[-117.15880406594417,47.68300150554074],[-117.15457752648103,47.678348858917026],[-117.15336140113163,47.67796133830343],[-117.14352385754746,47.680569808608624],[-117.14415237700598,47.7004193222585],[-117.14808526881036,47.701276937290785],[-117.1674765914103,47.69738154197921],[-117.17059995933614,47.69697605152405],[-117.17168351427661,47.69690531439152],[-117.17541995703031,47.6967581902305],[-117.17533244168857,47.69326058500285],[-117.1751192400422,47.67871069409626]]]},"properties":{"COUNTY":"Spokane","PRECCODE":4454,"PRECNAME":"4454 Spokane Valley","PRECINCT":"Spokane 4454","DESCRIPTIO":"Greenacres Far North (Barker Road Manufactured Homes, Harmony Street, Spokane KOA)","OFFICE":"County Proposition 1","JURISDICTION":"County","RACE":"Spokane County County Proposition 1","Name_1":"Rejected","Party_1":"No_1","Votes_1":"2","Name_2":null,"Party_2":null,"Votes_2":"0","Name_3":null,"Party_3":null,"Votes_3":"0","Name_4":null,"Party_4":null,"Votes_4":"0","Name_5":null,"Party_5":null,"Votes_5":"0","Name_6":null,"Party_6":null,"Votes_6":"0","Name_7":null,"Party_7":null,"Votes_7":"0","Votes_total":"2","Pct_1":100,"Pct_2":0,"Pct_3":0,"Pct_4":0,"Pct_5":0,"Pct_6":0,"Pct_7":0,"Margin":100}},
{"type":"Feature","geometry":{"type":"Polygon","coordinates":[[[-117.21814904457018,47.67124834047794],[-117.22295688102504,47.67162770728465],[-117.22893360538005,47.671627700817574],[-117.22895766941919,47.664358074747796],[-117.21813041684581,47.664340258804415],[-117.21814904457018,47.67124834047794]]]},"properties":{"COUNTY":"Spokane","PRECCODE":4455,"PRECNAME":"4455 Spokane Valley","PRECINCT":"Spokane 4455","DESCRIPTIO":"Far NE Opportunity (Cedar Chateau Apartments, Summit School, Evergreen Fountains Senior Living)","OFFICE":"County Proposition 1","JURISDICTION":"County","RACE":"Spokane County County Proposition 1","Name_1":"Rejected","Party_1":"No_1","Votes_1":"89","Name_2":"Approved","Party_2":"Yes_1","Votes_2":"11","Name_3":null,"Party_3":null,"Votes_3":"0","Name_4":null,"Party_4":null,"Votes_4":"0","Name_5":null,"Party_5":null,"Votes_5":"0","Name_6":null,"Party_6":null,"Votes_6":"0","Name_7":null,"Party_7":null,"Votes_7":"0","Votes_total":"100","Pct_1":89,"Pct_2":11,"Pct_3":0,"Pct_4":0,"Pct_5":0,"Pct_6":0,"Pct_7":0,"Margin":78}},
{"type":"Feature","geometry":{"type":"Polygon","coordinates":[[[-117.29895468152871,47.66052389417605],[-117.28285187327059,47.6606169411239],[-117.28148534794894,47.660638975326705],[-117.2720970081408,47.660668705906495],[-117.27207516583641,47.66429930379056],[-117.27477047218663,47.66427728635626],[-117.28283498728803,47.664243815810394],[-117.29361180140656,47.66417791297355],[-117.29360442752984,47.66411166634302],[-117.29892699970368,47.66406054989058],[-117.29895468152871,47.66052389417605]]]},"properties":{"COUNTY":"Spokane","PRECCODE":4456,"PRECNAME":"4456 Spokane Valley","PRECINCT":"Spokane 4456","DESCRIPTIO":"Dishman Northwest (Saint John Vianney School, E Alki & Vista Rd)","OFFICE":"County Proposition 1","JURISDICTION":"County","RACE":"Spokane County County Proposition 1","Name_1":"Rejected","Party_1":"No_1","Votes_1":"193","Name_2":"Approved","Party_2":"Yes_1","Votes_2":"145","Name_3":null,"Party_3":null,"Votes_3":"0","Name_4":null,"Party_4":null,"Votes_4":"0","Name_5":null,"Party_5":null,"Votes_5":"0","Name_6":null,"Party_6":null,"Votes_6":"0","Name_7":null,"Party_7":null,"Votes_7":"0","Votes_total":"338","Pct_1":57.1,"Pct_2":42.9,"Pct_3":0,"Pct_4":0,"Pct_5":0,"Pct_6":0,"Pct_7":0,"Margin":14.2}},
{"type":"Feature","geometry":{"type":"Polygon","coordinates":[[[-117.26138932919548,47.64973876396407],[-117.26138692355926,47.650369269697656],[-117.2654539200633,47.65034796107759],[-117.27207875360267,47.65292440707723],[-117.28177434104614,47.65294170042966],[-117.28175135765977,47.64971349830887],[-117.27351774813205,47.64972484742372],[-117.26138932919548,47.64973876396407]]]},"properties":{"COUNTY":"Spokane","PRECCODE":4457,"PRECNAME":"4457 Spokane Valley","PRECINCT":"Spokane 4457","DESCRIPTIO":"Dishman South-Center (Pheasant Ridge Apartments, University MHP, E 7th & Farr Rd)","OFFICE":"County Proposition 1","JURISDICTION":"County","RACE":"Spokane County County Proposition 1","Name_1":"Approved","Party_1":"Yes_1","Votes_1":"38","Name_2":"Rejected","Party_2":"No_1","Votes_2":"6","Name_3":null,"Party_3":null,"Votes_3":"0","Name_4":null,"Party_4":null,"Votes_4":"0","Name_5":null,"Party_5":null,"Votes_5":"0","Name_6":null,"Party_6":null,"Votes_6":"0","Name_7":null,"Party_7":null,"Votes_7":"0","Votes_total":"44","Pct_1":86.36,"Pct_2":13.64,"Pct_3":0,"Pct_4":0,"Pct_5":0,"Pct_6":0,"Pct_7":0,"Margin":72.72}},
{"type":"Feature","geometry":{"type":"Polygon","coordinates":[[[-117.21815532407014,47.649737885967596],[-117.2181561945795,47.657068564147096],[-117.22897561532042,47.65706847983868],[-117.22897775640179,47.64978833320465],[-117.21815532407014,47.649737885967596]]]},"properties":{"COUNTY":"Spokane","PRECCODE":4458,"PRECNAME":"4458 Spokane Valley","PRECINCT":"Spokane 4458","DESCRIPTIO":"N. Opportunity Far Southeast (E 7th & Blake, Orchard Crest Senior Living, Opportunity Mall)","OFFICE":"County Proposition 1","JURISDICTION":"County","RACE":"Spokane County County Proposition 1","Name_1":"Approved","Party_1":"Yes_1","Votes_1":"1","Name_2":null,"Party_2":null,"Votes_2":"0","Name_3":null,"Party_3":null,"Votes_3":"0","Name_4":null,"Party_4":null,"Votes_4":"0","Name_5":null,"Party_5":null,"Votes_5":"0","Name_6":null,"Party_6":null,"Votes_6":"0","Name_7":null,"Party_7":null,"Votes_7":"0","Votes_total":"1","Pct_1":100,"Pct_2":0,"Pct_3":0,"Pct_4":0,"Pct_5":0,"Pct_6":0,"Pct_7":0,"Margin":100}},
{"type":"Feature","geometry":{"type":"Polygon","coordinates":[[[-117.14288563867142,47.65325676520802],[-117.14305588037638,47.665693277792705],[-117.15372722873602,47.66569082031631],[-117.15364600085776,47.656908476925615],[-117.15903012991838,47.656915209583836],[-117.15900194547731,47.65326124274266],[-117.15361358422744,47.65326974323803],[-117.14288563867142,47.65325676520802]]]},"properties":{"COUNTY":"Spokane","PRECCODE":4460,"PRECNAME":"4460 Spokane Valley","PRECINCT":"Spokane 4460","DESCRIPTIO":"Greenacres East (Greenacres Post Office, Greenacres Baptist Church)","OFFICE":"County Proposition 1","JURISDICTION":"County","RACE":"Spokane County County Proposition 1","Name_1":"Rejected","Party_1":"No_1","Votes_1":"59","Name_2":null,"Party_2":null,"Votes_2":"0","Name_3":null,"Party_3":null,"Votes_3":"0","Name_4":null,"Party_4":null,"Votes_4":"0","Name_5":null,"Party_5":null,"Votes_5":"0","Name_6":null,"Party_6":null,"Votes_6":"0","Name_7":null,"Party_7":null,"Votes_7":"0","Votes_total":"59","Pct_1":100,"Pct_2":0,"Pct_3":0,"Pct_4":0,"Pct_5":0,"Pct_6":0,"Pct_7":0,"Margin":100}},
{"type":"Feature","geometry":{"type":"Polygon","coordinates":[[[-117.23962956324142,47.677401820564896],[-117.23959294934227,47.674163354795034],[-117.25050566388487,47.674090895883786],[-117.25051190711474,47.671665855973146],[-117.22893360538005,47.671627700817574],[-117.22354604227083,47.67162819644499],[-117.22893051376917,47.675258336367534],[-117.2248800283471,47.67525753028222],[-117.22354263569915,47.673445732952516],[-117.22354051817472,47.67525705314232],[-117.21815249498505,47.675252369339],[-117.21815831283733,47.67751866183058],[-117.23962956324142,47.677401820564896]]]},"properties":{"COUNTY":"Spokane","PRECCODE":4461,"PRECNAME":"4461 Spokane Valley","PRECINCT":"Spokane 4461","DESCRIPTIO":"Valley Mall Southwest (Whimsical Pig Apartments, River Rock Apartments)","OFFICE":"County Proposition 1","JURISDICTION":"County","RACE":"Spokane County County Proposition 1","Name_1":"Rejected","Party_1":"No_1","Votes_1":"107","Name_2":"Approved","Party_2":"Yes_1","Votes_2":"62","Name_3":null,"Party_3":null,"Votes_3":"0","Name_4":null,"Party_4":null,"Votes_4":"0","Name_5":null,"Party_5":null,"Votes_5":"0","Name_6":null,"Party_6":null,"Votes_6":"0","Name_7":null,"Party_7":null,"Votes_7":"0","Votes_total":"169","Pct_1":63.31,"Pct_2":36.69,"Pct_3":0,"Pct_4":0,"Pct_5":0,"Pct_6":0,"Pct_7":0,"Margin":26.62}},
{"type":"Feature","geometry":{"type":"Polygon","coordinates":[[[-117.17510658667692,47.6715264318161],[-117.1751192400422,47.67871069409626],[-117.18029452181965,47.67733494990571],[-117.18256612165536,47.67182980616847],[-117.18341756705175,47.67151703788016],[-117.17510658667692,47.6715264318161]]]},"properties":{"COUNTY":"Spokane","PRECCODE":4462,"PRECNAME":"4462 Spokane Valley","PRECINCT":"Spokane 4462","DESCRIPTIO":"Valley Mall Northeast (River House Apartments, Revel Senior Living, Centennial Place)","OFFICE":"County Proposition 1","JURISDICTION":"County","RACE":"Spokane County County Proposition 1","Name_1":"Rejected","Party_1":"No_1","Votes_1":"6","Name_2":"Approved","Party_2":"Yes_1","Votes_2":"5","Name_3":null,"Party_3":null,"Votes_3":"0","Name_4":null,"Party_4":null,"Votes_4":"0","Name_5":null,"Party_5":null,"Votes_5":"0","Name_6":null,"Party_6":null,"Votes_6":"0","Name_7":null,"Party_7":null,"Votes_7":"0","Votes_total":"11","Pct_1":54.55,"Pct_2":45.45,"Pct_3":0,"Pct_4":0,"Pct_5":0,"Pct_6":0,"Pct_7":0,"Margin":9.1}},
{"type":"Feature","geometry":{"type":"Polygon","coordinates":[[[-117.34699061213061,47.6572605733979],[-117.34699996920847,47.649981219745534],[-117.32561876176312,47.649845205693964],[-117.32556343303091,47.657077246433616],[-117.34699061213061,47.6572605733979]]]},"properties":{"COUNTY":"Spokane","PRECCODE":4463,"PRECNAME":"4463 Spokane Valley","PRECINCT":"Spokane 4463","DESCRIPTIO":"East Spokane West (McKinnon Road, Dearborn Apartments, Park Lane Motel)","OFFICE":"County Proposition 1","JURISDICTION":"County","RACE":"Spokane County County Proposition 1","Name_1":"Rejected","Party_1":"No_1","Votes_1":"19","Name_2":null,"Party_2":null,"Votes_2":"0","Name_3":null,"Party_3":null,"Votes_3":"0","Name_4":null,"Party_4":null,"Votes_4":"0","Name_5":null,"Party_5":null,"Votes_5":"0","Name_6":null,"Party_6":null,"Votes_6":"0","Name_7":null,"Party_7":null,"Votes_7":"0","Votes_total":"19","Pct_1":100,"Pct_2":0,"Pct_3":0,"Pct_4":0,"Pct_5":0,"Pct_6":0,"Pct_7":0,"Margin":100}},
{"type":"Feature","geometry":{"type":"Polygon","coordinates":[[[-117.30405304846506,47.668637931041104],[-117.30401952859688,47.675821088367556],[-117.31455082039567,47.67371477073085],[-117.31299726202369,47.6694945308732],[-117.31495917749044,47.66953156096319],[-117.31322099321186,47.66839273021422],[-117.31453357389842,47.66447595549053],[-117.31281655922952,47.66443688522673],[-117.31478136325357,47.66338276616557],[-117.31484548247836,47.65697667690578],[-117.30412390477544,47.65686962512901],[-117.30412581658177,47.65782004808801],[-117.2989662666636,47.65904358476518],[-117.29892699970368,47.66406054989058],[-117.29360442752984,47.66411166634302],[-117.29355375656975,47.67137330459903],[-117.28817260180922,47.67147397073706],[-117.2881522241929,47.6729904683303],[-117.28922048646055,47.67285311779791],[-117.2932493139349,47.67210076418861],[-117.29417288926636,47.671788735833815],[-117.30407266535947,47.66763320929279],[-117.30405304846506,47.668637931041104]]]},"properties":{"COUNTY":"Spokane","PRECCODE":4466,"PRECNAME":"4466 Spokane Valley","PRECINCT":"Spokane 4466","DESCRIPTIO":"East Spokane Northeast (Centennial Middle School, Girard Court, Circle 'J' Senior MHP)","OFFICE":"County Proposition 1","JURISDICTION":"County","RACE":"Spokane County County Proposition 1","Name_1":"Approved","Party_1":"Yes_1","Votes_1":"95","Name_2":"Rejected","Party_2":"No_1","Votes_2":"1","Name_3":null,"Party_3":null,"Votes_3":"0","Name_4":null,"Party_4":null,"Votes_4":"0","Name_5":null,"Party_5":null,"Votes_5":"0","Name_6":null,"Party_6":null,"Votes_6":"0","Name_7":null,"Party_7":null,"Votes_7":"0","Votes_total":"96","Pct_1":98.96,"Pct_2":1.04,"Pct_3":0,"Pct_4":0,"Pct_5":0,"Pct_6":0,"Pct_7":0,"Margin":97.92}},
{"type":"Feature","geometry":{"type":"Polygon","coordinates":[[[-117.26138932919548,47.64973876396407],[-117.26140844173239,47.646085292429774],[-117.26141978299009,47.642426622565544],[-117.25066014233082,47.64243173983771],[-117.25062846513492,47.64979004430791],[-117.26138932919548,47.64973876396407]]]},"properties":{"COUNTY":"Spokane","PRECCODE":4467,"PRECNAME":"4467 Spokane Valley","PRECINCT":"Spokane 4467","DESCRIPTIO":"S. Opportunity Northwest (E 11th & Pierce, Bible Baptist Church)","OFFICE":"County Proposition 1","JURISDICTION":"County","RACE":"Spokane County County Proposition 1","Name_1":"Approved","Party_1":"Yes_1","Votes_1":"55","Name_2":"Rejected","Party_2":"No_1","Votes_2":"17","Name_3":null,"Party_3":null,"Votes_3":"0","Name_4":null,"Party_4":null,"Votes_4":"0","Name_5":null,"Party_5":null,"Votes_5":"0","Name_6":null,"Party_6":null,"Votes_6":"0","Name_7":null,"Party_7":null,"Votes_7":"0","Votes_total":"72","Pct_1":76.39,"Pct_2":23.61,"Pct_3":0,"Pct_4":0,"Pct_5":0,"Pct_6":0,"Pct_7":0,"Margin":52.78}},
{"type":"Feature","geometry":{"type":"Polygon","coordinates":[[[-117.25055449962579,47.66436776283993],[-117.25051190711474,47.671665855973146],[-117.26129378796968,47.67163673599343],[-117.2613213208417,47.6643399750409],[-117.25444276998711,47.66435222134982],[-117.25055449962579,47.66436776283993]]]},"properties":{"COUNTY":"Spokane","PRECCODE":4468,"PRECNAME":"4468 Spokane Valley","PRECINCT":"Spokane 4468","DESCRIPTIO":"S. Opportunity Northwest (Fresh Start Garden, Berean Bible Church)","OFFICE":"County Proposition 1","JURISDICTION":"County","RACE":"Spokane County County Proposition 1","Name_1":"Approved","Party_1":"Yes_1","Votes_1":"54","Name_2":"Rejected","Party_2":"No_1","Votes_2":"45","Name_3":null,"Party_3":null,"Votes_3":"0","Name_4":null,"Party_4":null,"Votes_4":"0","Name_5":null,"Party_5":null,"Votes_5":"0","Name_6":null,"Party_6":null,"Votes_6":"0","Name_7":null,"Party_7":null,"Votes_7":"0","Votes_total":"99","Pct_1":54.55,"Pct_2":45.45,"Pct_3":0,"Pct_4":0,"Pct_5":0,"Pct_6":0,"Pct_7":0,"Margin":9.1}},
{"type":"Feature","geometry":{"type":"Polygon","coordinates":[[[-117.23974221502804,47.66437829087262],[-117.2397969866939,47.65706910509526],[-117.22897561532042,47.65706847983868],[-117.22895766941919,47.664358074747796],[-117.23974221502804,47.66437829087262]]]},"properties":{"COUNTY":"Spokane","PRECCODE":4469,"PRECNAME":"4469 Spokane Valley","PRECINCT":"Spokane 4469","DESCRIPTIO":"N. Opportunity East (Spokane Valley Department of Licensing, Pines Terra Apartments)","OFFICE":"County Proposition 1","JURISDICTION":"County","RACE":"Spokane County County Proposition 1","Name_1":"Rejected","Party_1":"No_1","Votes_1":"173","Name_2":"Approved","Party_2":"Yes_1","Votes_2":"2","Name_3":null,"Party_3":null,"Votes_3":"0","Name_4":null,"Party_4":null,"Votes_4":"0","Name_5":null,"Party_5":null,"Votes_5":"0","Name_6":null,"Party_6":null,"Votes_6":"0","Name_7":null,"Party_7":null,"Votes_7":"0","Votes_total":"175","Pct_1":98.86,"Pct_2":1.14,"Pct_3":0,"Pct_4":0,"Pct_5":0,"Pct_6":0,"Pct_7":0,"Margin":97.72}},
{"type":"Feature","geometry":{"type":"Polygon","coordinates":[[[-117.28283498728803,47.664243815810394],[-117.27477047218663,47.66427728635626],[-117.27207516583641,47.66429930379056],[-117.27206183855007,47.66958092667139],[-117.27207332643604,47.67151596967052],[-117.27203971026941,47.67510388729293],[-117.28279010254673,47.673730795607],[-117.28283498728803,47.664243815810394]]]},"properties":{"COUNTY":"Spokane","PRECCODE":4470,"PRECNAME":"4470 Spokane Valley","PRECINCT":"Spokane 4470","DESCRIPTIO":"Dishman Far North (Ness Elementary School, Mullan Centre Shopping Center)","OFFICE":"County Proposition 1","JURISDICTION":"County","RACE":"Spokane County County Proposition 1","Name_1":"Rejected","Party_1":"No_1","Votes_1":"177","Name_2":"Approved","Party_2":"Yes_1","Votes_2":"43","Name_3":null,"Party_3":null,"Votes_3":"0","Name_4":null,"Party_4":null,"Votes_4":"0","Name_5":null,"Party_5":null,"Votes_5":"0","Name_6":null,"Party_6":null,"Votes_6":"0","Name_7":null,"Party_7":null,"Votes_7":"0","Votes_total":"220","Pct_1":80.45,"Pct_2":19.55,"Pct_3":0,"Pct_4":0,"Pct_5":0,"Pct_6":0,"Pct_7":0,"Margin":60.9}},
{"type":"Feature","geometry":{"type":"Polygon","coordinates":[[[-117.20740525102488,47.64972929503978],[-117.2073964894491,47.64240837406083],[-117.19656538272832,47.642420406982744],[-117.19664176321507,47.64972017904525],[-117.20740525102488,47.64972929503978]]]},"properties":{"COUNTY":"Spokane","PRECCODE":4471,"PRECNAME":"4471 Spokane Valley","PRECINCT":"Spokane 4471","DESCRIPTIO":"Veradale Southeast (Genesis Church, E 12th & Progress)","OFFICE":"County Proposition 1","JURISDICTION":"County","RACE":"Spokane County County Proposition 1","Name_1":"Rejected","Party_1":"No_1","Votes_1":"157","Name_2":"Approved","Party_2":"Yes_1","Votes_2":"27","Name_3":null,"Party_3":null,"Votes_3":"0","Name_4":null,"Party_4":null,"Votes_4":"0","Name_5":null,"Party_5":null,"Votes_5":"0","Name_6":null,"Party_6":null,"Votes_6":"0","Name_7":null,"Party_7":null,"Votes_7":"0","Votes_total":"184","Pct_1":85.33,"Pct_2":14.67,"Pct_3":0,"Pct_4":0,"Pct_5":0,"Pct_6":0,"Pct_7":0,"Margin":70.66}},
{"type":"Feature","geometry":{"type":"Polygon","coordinates":[[[-117.18903136048058,47.635102070180785],[-117.18861118237521,47.63502391141149],[-117.17929912718178,47.6351033507117],[-117.1752140274867,47.6336013973516],[-117.17499369725363,47.63375975200925],[-117.17666987241826,47.63460770819545],[-117.17525544518921,47.63567980829883],[-117.1737312509427,47.63478439061367],[-117.17277945275245,47.636531156841926],[-117.18038646824878,47.63847335153874],[-117.17812434924653,47.64236391270583],[-117.17963441333248,47.64236980361566],[-117.18903136048058,47.635102070180785]]]},"properties":{"COUNTY":"Spokane","PRECCODE":4472,"PRECNAME":"4472 Spokane Valley","PRECINCT":"Spokane 4472","DESCRIPTIO":"Veradale Farthest Southeast (Vera Crest East, Morningside)","OFFICE":"County Proposition 1","JURISDICTION":"County","RACE":"Spokane County County Proposition 1","Name_1":"Rejected","Party_1":"No_1","Votes_1":"214","Name_2":"Approved","Party_2":"Yes_1","Votes_2":"33","Name_3":null,"Party_3":null,"Votes_3":"0","Name_4":null,"Party_4":null,"Votes_4":"0","Name_5":null,"Party_5":null,"Votes_5":"0","Name_6":null,"Party_6":null,"Votes_6":"0","Name_7":null,"Party_7":null,"Votes_7":"0","Votes_total":"247","Pct_1":86.64,"Pct_2":13.36,"Pct_3":0,"Pct_4":0,"Pct_5":0,"Pct_6":0,"Pct_7":0,"Margin":73.28}},
{"type":"Feature","geometry":{"type":"Polygon","coordinates":[[[-117.1750791789542,47.65693873862917],[-117.17509800642752,47.6423520339585],[-117.1643166513358,47.642345430674354],[-117.16570784360891,47.64961464403061],[-117.16436887614516,47.64961349265767],[-117.16439464697145,47.653263601199214],[-117.15900194547731,47.65326124274266],[-117.15903012991838,47.656915209583836],[-117.16619677480155,47.65692317700903],[-117.1750791789542,47.65693873862917]]]},"properties":{"COUNTY":"Spokane","PRECCODE":4473,"PRECNAME":"4473 Spokane Valley","PRECINCT":"Spokane 4473","DESCRIPTIO":"Greenacres Southwest (Greenacres Elementary, Tschirley Road, Meadowbrook Village Senior MHP)","OFFICE":"County Proposition 1","JURISDICTION":"County","RACE":"Spokane County County Proposition 1","Name_1":"Approved","Party_1":"Yes_1","Votes_1":"39","Name_2":"Rejected","Party_2":"No_1","Votes_2":"23","Name_3":null,"Party_3":null,"Votes_3":"0","Name_4":null,"Party_4":null,"Votes_4":"0","Name_5":null,"Party_5":null,"Votes_5":"0","Name_6":null,"Party_6":null,"Votes_6":"0","Name_7":null,"Party_7":null,"Votes_7":"0","Votes_total":"62","Pct_1":62.9,"Pct_2":37.1,"Pct_3":0,"Pct_4":0,"Pct_5":0,"Pct_6":0,"Pct_7":0,"Margin":25.8}},
{"type":"Feature","geometry":{"type":"Polygon","coordinates":[[[-117.23362533119548,47.70042922015016],[-117.23331664648597,47.69338180764264],[-117.23665348215366,47.69292431317194],[-117.23541258637667,47.69201615145246],[-117.22537089430519,47.68738637786418],[-117.21791200638913,47.68005218513875],[-117.20874578506357,47.67884248342033],[-117.20746172422332,47.67859318972251],[-117.20765769112293,47.69330761418296],[-117.20765700276883,47.69506598527288],[-117.21311766538675,47.69477907690974],[-117.21311802780924,47.70046816063818],[-117.23362533119548,47.70042922015016]]]},"properties":{"COUNTY":"Spokane","PRECCODE":4474,"PRECNAME":"4474 Spokane Valley","PRECINCT":"Spokane 4474","DESCRIPTIO":"Trentwood West (Plante's Ferry Park, Tapa Business Park)","OFFICE":"County Proposition 1","JURISDICTION":"County","RACE":"Spokane County County Proposition 1","Name_1":"Approved","Party_1":"Yes_1","Votes_1":"89","Name_2":"Rejected","Party_2":"No_1","Votes_2":"7","Name_3":null,"Party_3":null,"Votes_3":"0","Name_4":null,"Party_4":null,"Votes_4":"0","Name_5":null,"Party_5":null,"Votes_5":"0","Name_6":null,"Party_6":null,"Votes_6":"0","Name_7":null,"Party_7":null,"Votes_7":"0","Votes_total":"96","Pct_1":92.71,"Pct_2":7.29,"Pct_3":0,"Pct_4":0,"Pct_5":0,"Pct_6":0,"Pct_7":0,"Margin":85.42}},
{"type":"Feature","geometry":{"type":"Polygon","coordinates":[[[-117.21311802780924,47.70046816063818],[-117.21311766538675,47.69477907690974],[-117.20765700276883,47.69506598527288],[-117.20765769112293,47.69330761418296],[-117.20746172422332,47.67859318972251],[-117.20697901944767,47.67850757500581],[-117.19851109391779,47.6734094092074],[-117.19752527805925,47.67297997250309],[-117.19677879540838,47.67273073639134],[-117.19660477455416,47.672671110070176],[-117.19671141215491,47.67873510006702],[-117.19702965760263,47.70048516991489],[-117.21311802780924,47.70046816063818]]]},"properties":{"COUNTY":"Spokane","PRECCODE":4475,"PRECNAME":"4475 Spokane Valley","PRECINCT":"Spokane 4475","DESCRIPTIO":"Trentwood Center (East Valley Baptist Church, Harvest Foods)","OFFICE":"County Proposition 1","JURISDICTION":"County","RACE":"Spokane County County Proposition 1","Name_1":"Rejected","Party_1":"No_1","Votes_1":"45","Name_2":"Approved","Party_2":"Yes_1","Votes_2":"41","Name_3":null,"Party_3":null,"Votes_3":"0","Name_4":null,"Party_4":null,"Votes_4":"0","Name_5":null,"Party_5":null,"Votes_5":"0","Name_6":null,"Party_6":null,"Votes_6":"0","Name_7":null,"Party_7":null,"Votes_7":"0","Votes_total":"86","Pct_1":52.33,"Pct_2":47.67,"Pct_3":0,"Pct_4":0,"Pct_5":0,"Pct_6":0,"Pct_7":0,"Margin":4.66}},
{"type":"Feature","geometry":{"type":"Polygon","coordinates":[[[-117.29354945985108,47.67199936097506],[-117.2932493139349,47.67210076418861],[-117.28922048646055,47.67285311779791],[-117.2873702006062,47.67309100921206],[-117.28279010254673,47.673730795607],[-117.28272172341818,47.68109364155214],[-117.29349816336749,47.678921512942985],[-117.29354945985108,47.67199936097506]]]},"properties":{"COUNTY":"Spokane","PRECCODE":4476,"PRECNAME":"4476 Spokane Valley","PRECINCT":"Spokane 4476","DESCRIPTIO":"Orchard Park Southeast (Knox Park, Spokane Valley High School)","OFFICE":"County Proposition 1","JURISDICTION":"County","RACE":"Spokane County County Proposition 1","Name_1":"Approved","Party_1":"Yes_1","Votes_1":"86","Name_2":"Rejected","Party_2":"No_1","Votes_2":"15","Name_3":null,"Party_3":null,"Votes_3":"0","Name_4":null,"Party_4":null,"Votes_4":"0","Name_5":null,"Party_5":null,"Votes_5":"0","Name_6":null,"Party_6":null,"Votes_6":"0","Name_7":null,"Party_7":null,"Votes_7":"0","Votes_total":"101","Pct_1":85.15,"Pct_2":14.85,"Pct_3":0,"Pct_4":0,"Pct_5":0,"Pct_6":0,"Pct_7":0,"Margin":70.3}},
{"type":"Feature","geometry":{"type":"Polygon","coordinates":[[[-117.30396937079401,47.68370015093108],[-117.30401258847137,47.67679189196471],[-117.29349811062404,47.67892152390882],[-117.29076980783073,47.68590146440512],[-117.29345763822866,47.68563658937498],[-117.30396937079401,47.68370015093108]]]},"properties":{"COUNTY":"Spokane","PRECCODE":4477,"PRECNAME":"4477 Spokane Valley","PRECINCT":"Spokane 4477","DESCRIPTIO":"Orchard Park Center (Orchard Center Elementary School, E Marietta & Dick)","OFFICE":"County Proposition 1","JURISDICTION":"County","RACE":"Spokane County County Proposition 1","Name_1":"Approved","Party_1":"Yes_1","Votes_1":"98","Name_2":"Rejected","Party_2":"No_1","Votes_2":"35","Name_3":null,"Party_3":null,"Votes_3":"0","Name_4":null,"Party_4":null,"Votes_4":"0","Name_5":null,"Party_5":null,"Votes_5":"0","Name_6":null,"Party_6":null,"Votes_6":"0","Name_7":null,"Party_7":null,"Votes_7":"0","Votes_total":"133","Pct_1":73.68,"Pct_2":26.32,"Pct_3":0,"Pct_4":0,"Pct_5":0,"Pct_6":0,"Pct_7":0,"Margin":47.36}},
{"type":"Feature","geometry":{"type":"Polygon","coordinates":[[[-117.26135642175511,47.65704560537335],[-117.28286279113878,47.65699522459956],[-117.30412389765752,47.65686613952739],[-117.30414781139206,47.651077045147055],[-117.30082448767804,47.65098928017807],[-117.3025234505681,47.65350937301918],[-117.29904109870552,47.65280692677605],[-117.29375609977807,47.65491864019875],[-117.2890265867928,47.65532483392411],[-117.28841905698556,47.65331937035535],[-117.28465960330324,47.655367342093186],[-117.28389436389178,47.653073072803544],[-117.28177434104614,47.65294170042966],[-117.27207875360267,47.65292440707723],[-117.2654539200633,47.65034796107759],[-117.26138692355926,47.650369269697656],[-117.26135642175511,47.65704560537335]]]},"properties":{"COUNTY":"Spokane","PRECCODE":4478,"PRECNAME":"4478 Spokane Valley","PRECINCT":"Spokane 4478","DESCRIPTIO":"Dishman Center (Alderwood Apartments, Dishman Hills Park)","OFFICE":"County Proposition 1","JURISDICTION":"County","RACE":"Spokane County County Proposition 1","Name_1":"Approved","Party_1":"Yes_1","Votes_1":"36","Name_2":"Rejected","Party_2":"No_1","Votes_2":"31","Name_3":null,"Party_3":null,"Votes_3":"0","Name_4":null,"Party_4":null,"Votes_4":"0","Name_5":null,"Party_5":null,"Votes_5":"0","Name_6":null,"Party_6":null,"Votes_6":"0","Name_7":null,"Party_7":null,"Votes_7":"0","Votes_total":"67","Pct_1":53.73,"Pct_2":46.27,"Pct_3":0,"Pct_4":0,"Pct_5":0,"Pct_6":0,"Pct_7":0,"Margin":7.46}},
{"type":"Feature","geometry":{"type":"Polygon","coordinates":[[[-117.17510658667692,47.6715264318161],[-117.17509348463457,47.66569356336273],[-117.16443167356711,47.66569237397526],[-117.16442059750392,47.66792066586371],[-117.16441963018137,47.67149106931077],[-117.17510658667692,47.6715264318161]]]},"properties":{"COUNTY":"Spokane","PRECCODE":4479,"PRECNAME":"4479 Spokane Valley","PRECINCT":"Spokane 4479","DESCRIPTIO":"Greenacres Northwest (Riverbend Elementary School, Greenacres Park)","OFFICE":"County Proposition 1","JURISDICTION":"County","RACE":"Spokane County County Proposition 1","Name_1":"Approved","Party_1":"Yes_1","Votes_1":"73","Name_2":"Rejected","Party_2":"No_1","Votes_2":"13","Name_3":null,"Party_3":null,"Votes_3":"0","Name_4":null,"Party_4":null,"Votes_4":"0","Name_5":null,"Party_5":null,"Votes_5":"0","Name_6":null,"Party_6":null,"Votes_6":"0","Name_7":null,"Party_7":null,"Votes_7":"0","Votes_total":"86","Pct_1":84.88,"Pct_2":15.12,"Pct_3":0,"Pct_4":0,"Pct_5":0,"Pct_6":0,"Pct_7":0,"Margin":69.76}},
{"type":"Feature","geometry":{"type":"Polygon","coordinates":[[[-117.20874578506357,47.67884248342033],[-117.21791200638913,47.68005218513875],[-117.21815249498505,47.675252369339],[-117.22354051817472,47.67525705314232],[-117.22354263569915,47.673445732952516],[-117.2248800283471,47.67525753028222],[-117.22893051376917,47.675258336367534],[-117.22354604227083,47.67162819644499],[-117.22295688102504,47.67162770728465],[-117.21814904457018,47.67124834047794],[-117.21814938080007,47.67363214534072],[-117.20989503529223,47.67197810225873],[-117.19469790245186,47.66889839061445],[-117.19081121916878,47.668143916895445],[-117.18504199080853,47.66699050880746],[-117.18172001532966,47.66631985827376],[-117.17509348463457,47.66569356336273],[-117.17510658667692,47.6715264318161],[-117.18341756705175,47.67151703788016],[-117.18404998018075,47.67128472240142],[-117.19655161346421,47.67265289429408],[-117.19677879540838,47.67273073639134],[-117.19752527805925,47.67297997250309],[-117.19851109391779,47.6734094092074],[-117.20697901944767,47.67850757500581],[-117.20821484918963,47.67873458289147],[-117.20874578506357,47.67884248342033]]]},"properties":{"COUNTY":"Spokane","PRECCODE":4480,"PRECNAME":"4480 Spokane Valley","PRECINCT":"Spokane 4480","DESCRIPTIO":"Valley Mall East (Bella Tess Apartments, Trailhead Apartments)","OFFICE":"County Proposition 1","JURISDICTION":"County","RACE":"Spokane County County Proposition 1","Name_1":"Rejected","Party_1":"No_1","Votes_1":"40","Name_2":"Approved","Party_2":"Yes_1","Votes_2":"8","Name_3":null,"Party_3":null,"Votes_3":"0","Name_4":null,"Party_4":null,"Votes_4":"0","Name_5":null,"Party_5":null,"Votes_5":"0","Name_6":null,"Party_6":null,"Votes_6":"0","Name_7":null,"Party_7":null,"Votes_7":"0","Votes_total":"48","Pct_1":83.33,"Pct_2":16.67,"Pct_3":0,"Pct_4":0,"Pct_5":0,"Pct_6":0,"Pct_7":0,"Margin":66.66}},
{"type":"Feature","geometry":{"type":"Polygon","coordinates":[[[-117.2684406922478,47.61340047858748],[-117.26143176647207,47.6133896772912],[-117.25053159836307,47.61335304136591],[-117.2440465244384,47.6133484924072],[-117.24867494253031,47.61742958880562],[-117.25375295497766,47.61901868304936],[-117.25568766270463,47.62000122228022],[-117.26167658262548,47.62483187247451],[-117.26342644018683,47.623681591548454],[-117.26495175317676,47.618589601395335],[-117.26733629097919,47.61607466098532],[-117.26809990791602,47.6139793356863],[-117.2684406922478,47.61340047858748]]]},"properties":{"COUNTY":"Spokane","PRECCODE":4481,"PRECNAME":"4481 Spokane Valley","PRECINCT":"Spokane 4481","DESCRIPTIO":"Chester Center (Chester Community Cemetery, Old Schafer Lane)","OFFICE":"County Proposition 1","JURISDICTION":"County","RACE":"Spokane County County Proposition 1","Name_1":"Approved","Party_1":"Yes_1","Votes_1":"5","Name_2":"Rejected","Party_2":"No_1","Votes_2":"3","Name_3":null,"Party_3":null,"Votes_3":"0","Name_4":null,"Party_4":null,"Votes_4":"0","Name_5":null,"Party_5":null,"Votes_5":"0","Name_6":null,"Party_6":null,"Votes_6":"0","Name_7":null,"Party_7":null,"Votes_7":"0","Votes_total":"8","Pct_1":62.5,"Pct_2":37.5,"Pct_3":0,"Pct_4":0,"Pct_5":0,"Pct_6":0,"Pct_7":0,"Margin":25}},
{"type":"Feature","geometry":{"type":"Polygon","coordinates":[[[-117.25722852106428,47.68623755524499],[-117.27199582835894,47.68320112753625],[-117.27083943032883,47.68246013238136],[-117.26884254591354,47.6804647770503],[-117.26746823472483,47.67954107442204],[-117.26598767686167,47.67889320664025],[-117.26534257423744,47.678702627054804],[-117.26345618082375,47.67828337511068],[-117.26136240262517,47.67803986089747],[-117.2612656987524,47.677997451712635],[-117.26126402975325,47.68058877103492],[-117.25378838307438,47.68069865277664],[-117.25047548564315,47.680704383411886],[-117.25046515364002,47.68298570265932],[-117.23968639217263,47.68298465045409],[-117.23969697665632,47.689795716136054],[-117.24497854698052,47.688732127750725],[-117.25722852106428,47.68623755524499]]]},"properties":{"COUNTY":"Spokane","PRECCODE":4482,"PRECNAME":"4482 Spokane Valley","PRECINCT":"Spokane 4482","DESCRIPTIO":"Irwin Center (Trent Elementary School, Buckeye Lane)","OFFICE":"County Proposition 1","JURISDICTION":"County","RACE":"Spokane County County Proposition 1","Name_1":"Rejected","Party_1":"No_1","Votes_1":"3","Name_2":null,"Party_2":null,"Votes_2":"0","Name_3":null,"Party_3":null,"Votes_3":"0","Name_4":null,"Party_4":null,"Votes_4":"0","Name_5":null,"Party_5":null,"Votes_5":"0","Name_6":null,"Party_6":null,"Votes_6":"0","Name_7":null,"Party_7":null,"Votes_7":"0","Votes_total":"3","Pct_1":100,"Pct_2":0,"Pct_3":0,"Pct_4":0,"Pct_5":0,"Pct_6":0,"Pct_7":0,"Margin":100}},
{"type":"Feature","geometry":{"type":"Polygon","coordinates":[[[-117.23987877261015,47.649837100154876],[-117.23958398511118,47.64304145491507],[-117.23929124797897,47.64244825210313],[-117.2289826149731,47.64243212744986],[-117.22897775640179,47.64978833320465],[-117.23987877261015,47.649837100154876]]]},"properties":{"COUNTY":"Spokane","PRECCODE":4483,"PRECNAME":"4483 Spokane Valley","PRECINCT":"Spokane 4483","DESCRIPTIO":"S. Opportunity Northeast (McDonald Elementary School, E 11th & Houk, Holman Gardens Senior Living)","OFFICE":"County Proposition 1","JURISDICTION":"County","RACE":"Spokane County County Proposition 1","Name_1":"Approved","Party_1":"Yes_1","Votes_1":"35","Name_2":null,"Party_2":null,"Votes_2":"0","Name_3":null,"Party_3":null,"Votes_3":"0","Name_4":null,"Party_4":null,"Votes_4":"0","Name_5":null,"Party_5":null,"Votes_5":"0","Name_6":null,"Party_6":null,"Votes_6":"0","Name_7":null,"Party_7":null,"Votes_7":"0","Votes_total":"35","Pct_1":100,"Pct_2":0,"Pct_3":0,"Pct_4":0,"Pct_5":0,"Pct_6":0,"Pct_7":0,"Margin":100}},
{"type":"Feature","geometry":{"type":"Polygon","coordinates":[[[-117.22847079378538,47.635091282163934],[-117.22882444979719,47.63489145294207],[-117.22684265634793,47.63357157064091],[-117.22554133175159,47.63247062505679],[-117.2245641725448,47.631271476398965],[-117.22416057460043,47.63054431939475],[-117.2236092191144,47.627881125453115],[-117.21820218443916,47.62786305276432],[-117.21819620552633,47.63515554791489],[-117.22847079378538,47.635091282163934]]]},"properties":{"COUNTY":"Spokane","PRECCODE":4484,"PRECNAME":"4484 Spokane Valley","PRECINCT":"Spokane 4484","DESCRIPTIO":"S. Opportunity Far Southeast (E 56th & Blake, Redlin Drive)","OFFICE":"County Proposition 1","JURISDICTION":"County","RACE":"Spokane County County Proposition 1","Name_1":"Approved","Party_1":"Yes_1","Votes_1":"31","Name_2":"Rejected","Party_2":"No_1","Votes_2":"14","Name_3":null,"Party_3":null,"Votes_3":"0","Name_4":null,"Party_4":null,"Votes_4":"0","Name_5":null,"Party_5":null,"Votes_5":"0","Name_6":null,"Party_6":null,"Votes_6":"0","Name_7":null,"Party_7":null,"Votes_7":"0","Votes_total":"45","Pct_1":68.89,"Pct_2":31.11,"Pct_3":0,"Pct_4":0,"Pct_5":0,"Pct_6":0,"Pct_7":0,"Margin":37.78}},
{"type":"Feature","geometry":{"type":"Polygon","coordinates":[[[-117.21813041684581,47.664340258804415],[-117.2181561945795,47.657068564147096],[-117.20741661848659,47.65708927789307],[-117.20740166013398,47.66431695216295],[-117.21813041684581,47.664340258804415]]]},"properties":{"COUNTY":"Spokane","PRECCODE":4485,"PRECNAME":"4485 Spokane Valley","PRECINCT":"Spokane 4485","DESCRIPTIO":"Veradale Northwest (E Valleyway & Best, Nixon Lane)","OFFICE":"County Proposition 1","JURISDICTION":"County","RACE":"Spokane County County Proposition 1","Name_1":"Approved","Party_1":"Yes_1","Votes_1":"52","Name_2":"Rejected","Party_2":"No_1","Votes_2":"5","Name_3":null,"Party_3":null,"Votes_3":"0","Name_4":null,"Party_4":null,"Votes_4":"0","Name_5":null,"Party_5":null,"Votes_5":"0","Name_6":null,"Party_6":null,"Votes_6":"0","Name_7":null,"Party_7":null,"Votes_7":"0","Votes_total":"57","Pct_1":91.23,"Pct_2":8.77,"Pct_3":0,"Pct_4":0,"Pct_5":0,"Pct_6":0,"Pct_7":0,"Margin":82.46}},
{"type":"Feature","geometry":{"type":"Polygon","coordinates":[[[-117.18591420984522,47.656973446421034],[-117.1750791789542,47.65693873862917],[-117.17509348463457,47.66569356336273],[-117.18172001532966,47.66631985827376],[-117.18606574646309,47.66719489118709],[-117.18591420984522,47.656973446421034]]]},"properties":{"COUNTY":"Spokane","PRECCODE":4486,"PRECNAME":"4486 Spokane Valley","PRECINCT":"Spokane 4486","DESCRIPTIO":"Greenacres Far West (Shamrock Street, Brix Apartments)","OFFICE":"County Proposition 1","JURISDICTION":"County","RACE":"Spokane County County Proposition 1","Name_1":"Rejected","Party_1":"No_1","Votes_1":"27","Name_2":"Approved","Party_2":"Yes_1","Votes_2":"15","Name_3":null,"Party_3":null,"Votes_3":"0","Name_4":null,"Party_4":null,"Votes_4":"0","Name_5":null,"Party_5":null,"Votes_5":"0","Name_6":null,"Party_6":null,"Votes_6":"0","Name_7":null,"Party_7":null,"Votes_7":"0","Votes_total":"42","Pct_1":64.29,"Pct_2":35.71,"Pct_3":0,"Pct_4":0,"Pct_5":0,"Pct_6":0,"Pct_7":0,"Margin":28.58}},
{"type":"Feature","geometry":{"type":"Polygon","coordinates":[[[-117.21815532407014,47.649737885967596],[-117.21817118469023,47.64240951678883],[-117.2073964894491,47.64240837406083],[-117.20740525102488,47.64972929503978],[-117.21815532407014,47.649737885967596]]]},"properties":{"COUNTY":"Spokane","PRECCODE":4487,"PRECNAME":"4487 Spokane Valley","PRECINCT":"Spokane 4487","DESCRIPTIO":"Veradale Southwest (Evergreen Junior High School, Veradale Fire Station)","OFFICE":"County Proposition 1","JURISDICTION":"County","RACE":"Spokane County County Proposition 1","Name_1":"Approved","Party_1":"Yes_1","Votes_1":"18","Name_2":"Rejected","Party_2":"No_1","Votes_2":"8","Name_3":null,"Party_3":null,"Votes_3":"0","Name_4":null,"Party_4":null,"Votes_4":"0","Name_5":null,"Party_5":null,"Votes_5":"0","Name_6":null,"Party_6":null,"Votes_6":"0","Name_7":null,"Party_7":null,"Votes_7":"0","Votes_total":"26","Pct_1":69.23,"Pct_2":30.77,"Pct_3":0,"Pct_4":0,"Pct_5":0,"Pct_6":0,"Pct_7":0,"Margin":38.46}},
{"type":"Feature","geometry":{"type":"Polygon","coordinates":[[[-117.18627000923655,47.65310621030804],[-117.19662245846763,47.653376655992794],[-117.19664176321507,47.64972017904525],[-117.19656538272832,47.642420406982744],[-117.18937810111545,47.642402746436595],[-117.18717695904998,47.64787592622456],[-117.1895301916445,47.650381857994724],[-117.18627000923655,47.65310621030804]]]},"properties":{"COUNTY":"Spokane","PRECCODE":4488,"PRECNAME":"4488 Spokane Valley","PRECINCT":"Spokane 4488","DESCRIPTIO":"Veradale Far East (Sullivan Court Apartments, Central Valley High School)","OFFICE":"County Proposition 1","JURISDICTION":"County","RACE":"Spokane County County Proposition 1","Name_1":"Rejected","Party_1":"No_1","Votes_1":"8","Name_2":"Approved","Party_2":"Yes_1","Votes_2":"2","Name_3":null,"Party_3":null,"Votes_3":"0","Name_4":null,"Party_4":null,"Votes_4":"0","Name_5":null,"Party_5":null,"Votes_5":"0","Name_6":null,"Party_6":null,"Votes_6":"0","Name_7":null,"Party_7":null,"Votes_7":"0","Votes_total":"10","Pct_1":80,"Pct_2":20,"Pct_3":0,"Pct_4":0,"Pct_5":0,"Pct_6":0,"Pct_7":0,"Margin":60}},
{"type":"Feature","geometry":{"type":"Polygon","coordinates":[[[-117.21819620552633,47.63515554791489],[-117.21820218443916,47.62786305276432],[-117.212810693364,47.62785886391016],[-117.21281699484697,47.63332286115727],[-117.20741600182276,47.633306757223096],[-117.20741156669119,47.635124083532375],[-117.21819620552633,47.63515554791489]]]},"properties":{"COUNTY":"Spokane","PRECCODE":4489,"PRECNAME":"4489 Spokane Valley","PRECINCT":"Spokane 4489","DESCRIPTIO":"Veradale Farther Southwest (Bannen Park, Sunnybrook Drive)","OFFICE":"County Proposition 1","JURISDICTION":"County","RACE":"Spokane County County Proposition 1","Name_1":"Approved","Party_1":"Yes_1","Votes_1":"15","Name_2":"Rejected","Party_2":"No_1","Votes_2":"1","Name_3":null,"Party_3":null,"Votes_3":"0","Name_4":null,"Party_4":null,"Votes_4":"0","Name_5":null,"Party_5":null,"Votes_5":"0","Name_6":null,"Party_6":null,"Votes_6":"0","Name_7":null,"Party_7":null,"Votes_7":"0","Votes_total":"16","Pct_1":93.75,"Pct_2":6.25,"Pct_3":0,"Pct_4":0,"Pct_5":0,"Pct_6":0,"Pct_7":0,"Margin":87.5}},
{"type":"Feature","geometry":{"type":"Polygon","coordinates":[[[-117.23962956324142,47.677401820564896],[-117.2475997227593,47.677729147831236],[-117.24784399793234,47.680636504982516],[-117.25378838307438,47.68069865277664],[-117.26126402975325,47.68058877103492],[-117.26126139924833,47.67819482066712],[-117.26128717693437,47.677011540042],[-117.26129378796968,47.67163673599343],[-117.25051190711474,47.671665855973146],[-117.25050566388487,47.674090895883786],[-117.23959294934227,47.674163354795034],[-117.23962956324142,47.677401820564896]]]},"properties":{"COUNTY":"Spokane","PRECCODE":4490,"PRECNAME":"4490 Spokane Valley","PRECINCT":"Spokane 4490","DESCRIPTIO":"Irwin Far South (Valley Mission Park, Montgomery Court Apartments)","OFFICE":"County Proposition 1","JURISDICTION":"County","RACE":"Spokane County County Proposition 1","Name_1":"Approved","Party_1":"Yes_1","Votes_1":"20","Name_2":"Rejected","Party_2":"No_1","Votes_2":"5","Name_3":null,"Party_3":null,"Votes_3":"0","Name_4":null,"Party_4":null,"Votes_4":"0","Name_5":null,"Party_5":null,"Votes_5":"0","Name_6":null,"Party_6":null,"Votes_6":"0","Name_7":null,"Party_7":null,"Votes_7":"0","Votes_total":"25","Pct_1":80,"Pct_2":20,"Pct_3":0,"Pct_4":0,"Pct_5":0,"Pct_6":0,"Pct_7":0,"Margin":60}},
{"type":"Feature","geometry":{"type":"Polygon","coordinates":[[[-117.4466319060419,47.74428427327561],[-117.44390323165116,47.74425662629707],[-117.43220835580232,47.74408180706213],[-117.43228374580113,47.75124811917797],[-117.43212185069542,47.75848394982105],[-117.44634496122191,47.75865990783522],[-117.4466319060419,47.74428427327561]]]},"properties":{"COUNTY":"Spokane","PRECCODE":6000,"PRECNAME":"6000 Spokane county","PRECINCT":"Spokane 6000","DESCRIPTIO":"North Five Mile Prairie East (Forest Hills, Northview Estates)","OFFICE":"County Proposition 1","JURISDICTION":"County","RACE":"Spokane County County Proposition 1","Name_1":"Approved","Party_1":"Yes_1","Votes_1":"307","Name_2":"Rejected","Party_2":"No_1","Votes_2":"10","Name_3":null,"Party_3":null,"Votes_3":"0","Name_4":null,"Party_4":null,"Votes_4":"0","Name_5":null,"Party_5":null,"Votes_5":"0","Name_6":null,"Party_6":null,"Votes_6":"0","Name_7":null,"Party_7":null,"Votes_7":"0","Votes_total":"317","Pct_1":96.85,"Pct_2":3.15,"Pct_3":0,"Pct_4":0,"Pct_5":0,"Pct_6":0,"Pct_7":0,"Margin":93.7}},
{"type":"Feature","geometry":{"type":"Polygon","coordinates":[[[-117.50736904324152,47.772962184168875],[-117.53945702531986,47.7726412006693],[-117.54456881668628,47.77696347582536],[-117.54310841791442,47.77266292616901],[-117.55013915326249,47.768588525177236],[-117.54826881668674,47.76517672514855],[-117.54016701500325,47.76338732607688],[-117.53510194744022,47.75819199217161],[-117.52522681098263,47.758913193341115],[-117.52068954441346,47.756936994671875],[-117.52003420873741,47.752592727777994],[-117.52790394156145,47.746824925823766],[-117.51175902943578,47.7349896257467],[-117.51069949173153,47.729979690979576],[-117.50755694804195,47.73000561497011],[-117.49684766084641,47.73003096585659],[-117.49950243604923,47.73363298990163],[-117.50220183162101,47.73362737072258],[-117.50399415811337,47.74101883742043],[-117.5075073287099,47.74101123450527],[-117.50749815934942,47.744444223830584],[-117.50746312666762,47.74623214906075],[-117.50917349719047,47.74965037231692],[-117.51941611154622,47.75770412041167],[-117.52128690122268,47.75867595578],[-117.51804127477101,47.758709764913796],[-117.50729944031805,47.75870644978944],[-117.50732492821965,47.76581486072359],[-117.50736904324152,47.772962184168875]]]},"properties":{"COUNTY":"Spokane","PRECCODE":6001,"PRECNAME":"6001 Spokane county","PRECINCT":"Spokane 6001","DESCRIPTIO":"Indian Trail Rural Far North (Parkway Road, Sundance Golf Course, Nine Mile Falls Post Office)","OFFICE":"County Proposition 1","JURISDICTION":"County","RACE":"Spokane County County Proposition 1","Name_1":"Approved","Party_1":"Yes_1","Votes_1":"179","Name_2":"Rejected","Party_2":"No_1","Votes_2":"158","Name_3":null,"Party_3":null,"Votes_3":"0","Name_4":null,"Party_4":null,"Votes_4":"0","Name_5":null,"Party_5":null,"Votes_5":"0","Name_6":null,"Party_6":null,"Votes_6":"0","Name_7":null,"Party_7":null,"Votes_7":"0","Votes_total":"337","Pct_1":53.12,"Pct_2":46.88,"Pct_3":0,"Pct_4":0,"Pct_5":0,"Pct_6":0,"Pct_7":0,"Margin":6.24}},
{"type":"Feature","geometry":{"type":"Polygon","coordinates":[[[-117.45370319728617,47.77308454603854],[-117.50736904324152,47.772962184168875],[-117.50732492821965,47.76581486072359],[-117.50729944031805,47.75870644978944],[-117.49593389130497,47.758703580958596],[-117.485634977689,47.75873094108592],[-117.47487807508536,47.75879823852638],[-117.4750418620133,47.74942371135771],[-117.47237248928181,47.749405859026204],[-117.47245423961166,47.74444399093868],[-117.45373266167259,47.744355911001136],[-117.45366997730507,47.75269044825297],[-117.45181105732739,47.75506217610304],[-117.45360688533587,47.75508050438067],[-117.45351013567827,47.75875055297603],[-117.4539201889948,47.76589788324816],[-117.45370319728617,47.77308454603854]]]},"properties":{"COUNTY":"Spokane","PRECCODE":6002,"PRECNAME":"6002 Spokane county","PRECINCT":"Spokane 6002","DESCRIPTIO":"North Five Mile Prairie West (Prairie Breeze, Vel View), Indian Trail Rural North (St. George's School)","OFFICE":"County Proposition 1","JURISDICTION":"County","RACE":"Spokane County County Proposition 1","Name_1":"Rejected","Party_1":"No_1","Votes_1":"90","Name_2":"Approved","Party_2":"Yes_1","Votes_2":"8","Name_3":null,"Party_3":null,"Votes_3":"0","Name_4":null,"Party_4":null,"Votes_4":"0","Name_5":null,"Party_5":null,"Votes_5":"0","Name_6":null,"Party_6":null,"Votes_6":"0","Name_7":null,"Party_7":null,"Votes_7":"0","Votes_total":"98","Pct_1":91.84,"Pct_2":8.16,"Pct_3":0,"Pct_4":0,"Pct_5":0,"Pct_6":0,"Pct_7":0,"Margin":83.68}},
{"type":"Feature","geometry":{"type":"Polygon","coordinates":[[[-117.4466319060419,47.74428427327561],[-117.44634496122191,47.75865990783522],[-117.45351013567827,47.75875055297603],[-117.45360688533587,47.75508050438067],[-117.45181105732739,47.75506217610304],[-117.45366997730507,47.75269044825297],[-117.45373266167259,47.744355911001136],[-117.4466319060419,47.74428427327561]]]},"properties":{"COUNTY":"Spokane","PRECCODE":6003,"PRECNAME":"6003 Spokane county","PRECINCT":"Spokane 6003","DESCRIPTIO":"North Five Mile Prairie North (Prairie View Elementary School, Jesse's Bluff)","OFFICE":"County Proposition 1","JURISDICTION":"County","RACE":"Spokane County County Proposition 1","Name_1":"Rejected","Party_1":"No_1","Votes_1":"4","Name_2":null,"Party_2":null,"Votes_2":"0","Name_3":null,"Party_3":null,"Votes_3":"0","Name_4":null,"Party_4":null,"Votes_4":"0","Name_5":null,"Party_5":null,"Votes_5":"0","Name_6":null,"Party_6":null,"Votes_6":"0","Name_7":null,"Party_7":null,"Votes_7":"0","Votes_total":"4","Pct_1":100,"Pct_2":0,"Pct_3":0,"Pct_4":0,"Pct_5":0,"Pct_6":0,"Pct_7":0,"Margin":100}},
{"type":"Feature","geometry":{"type":"Polygon","coordinates":[[[-117.41087536674067,47.75117500800411],[-117.43228374580113,47.75124811917797],[-117.43220835580232,47.74408180706213],[-117.42175802700605,47.74402063948928],[-117.41147816204874,47.743943667075094],[-117.41134282301861,47.74910014060965],[-117.41087536674067,47.75117500800411]]]},"properties":{"COUNTY":"Spokane","PRECCODE":6004,"PRECNAME":"6004 Spokane county","PRECINCT":"Spokane 6004","DESCRIPTIO":"Country Homes Center (College Road, Holmberg Park, Norman Court)","OFFICE":"County Proposition 1","JURISDICTION":"County","RACE":"Spokane County County Proposition 1","Name_1":"Approved","Party_1":"Yes_1","Votes_1":"48","Name_2":null,"Party_2":null,"Votes_2":"0","Name_3":null,"Party_3":null,"Votes_3":"0","Name_4":null,"Party_4":null,"Votes_4":"0","Name_5":null,"Party_5":null,"Votes_5":"0","Name_6":null,"Party_6":null,"Votes_6":"0","Name_7":null,"Party_7":null,"Votes_7":"0","Votes_total":"48","Pct_1":100,"Pct_2":0,"Pct_3":0,"Pct_4":0,"Pct_5":0,"Pct_6":0,"Pct_7":0,"Margin":100}},
{"type":"Feature","geometry":{"type":"Polygon","coordinates":[[[-117.41147816204874,47.743943667075094],[-117.42175802700605,47.74402063948928],[-117.4304246548031,47.74406797503624],[-117.42982937955753,47.74299379101411],[-117.43215963161708,47.742163530619436],[-117.42807319870265,47.741592702326344],[-117.42726649792283,47.73827871015235],[-117.43086275729918,47.73535839478021],[-117.43083750395591,47.73326746939385],[-117.42612445487833,47.733222748891656],[-117.42444775177721,47.73679792088148],[-117.42187832643116,47.7367842137869],[-117.42189124874609,47.73540159563488],[-117.41780383983576,47.737880029553565],[-117.41734259267407,47.737528501277694],[-117.41142796443631,47.73662669158931],[-117.41148175765065,47.740846594185676],[-117.41147816204874,47.743943667075094]]]},"properties":{"COUNTY":"Spokane","PRECCODE":6005,"PRECNAME":"6005 Spokane county","PRECINCT":"Spokane 6005","DESCRIPTIO":"Country Homes South (North Wall Schools, Northview Road)","OFFICE":"County Proposition 1","JURISDICTION":"County","RACE":"Spokane County County Proposition 1","Name_1":"Approved","Party_1":"Yes_1","Votes_1":"291","Name_2":"Rejected","Party_2":"No_1","Votes_2":"24","Name_3":null,"Party_3":null,"Votes_3":"0","Name_4":null,"Party_4":null,"Votes_4":"0","Name_5":null,"Party_5":null,"Votes_5":"0","Name_6":null,"Party_6":null,"Votes_6":"0","Name_7":null,"Party_7":null,"Votes_7":"0","Votes_total":"315","Pct_1":92.38,"Pct_2":7.62,"Pct_3":0,"Pct_4":0,"Pct_5":0,"Pct_6":0,"Pct_7":0,"Margin":84.76}},
{"type":"Feature","geometry":{"type":"Polygon","coordinates":[[[-117.41142796443631,47.73662669158931],[-117.41734259267407,47.737528501277694],[-117.41780383983576,47.737880029553565],[-117.42189124874609,47.73540159563488],[-117.42187832643116,47.7367842137869],[-117.42444775177721,47.73679792088148],[-117.42612445487833,47.733222748891656],[-117.42196855556695,47.733183113127666],[-117.42204173387252,47.73000760928622],[-117.42204025257357,47.72599422936943],[-117.41508527053921,47.72587293170843],[-117.41492439537726,47.72858883224746],[-117.41136923523737,47.72944944933162],[-117.41142796443631,47.73662669158931]]]},"properties":{"COUNTY":"Spokane","PRECCODE":6006,"PRECNAME":"6006 Spokane county","PRECINCT":"Spokane 6006","DESCRIPTIO":"Town and Country East (Evergreen Elementary School, Rainier Way, Vernon Avenue)","OFFICE":"County Proposition 1","JURISDICTION":"County","RACE":"Spokane County County Proposition 1","Name_1":"Approved","Party_1":"Yes_1","Votes_1":"396","Name_2":"Rejected","Party_2":"No_1","Votes_2":"120","Name_3":null,"Party_3":null,"Votes_3":"0","Name_4":null,"Party_4":null,"Votes_4":"0","Name_5":null,"Party_5":null,"Votes_5":"0","Name_6":null,"Party_6":null,"Votes_6":"0","Name_7":null,"Party_7":null,"Votes_7":"0","Votes_total":"516","Pct_1":76.74,"Pct_2":23.26,"Pct_3":0,"Pct_4":0,"Pct_5":0,"Pct_6":0,"Pct_7":0,"Margin":53.48}},
{"type":"Feature","geometry":{"type":"Polygon","coordinates":[[[-117.42204173387252,47.73000760928622],[-117.42196855556695,47.733183113127666],[-117.43083750395591,47.73326746939385],[-117.4333313409382,47.72261165933343],[-117.42203100200773,47.722400192821716],[-117.42204173387252,47.73000760928622]]]},"properties":{"COUNTY":"Spokane","PRECCODE":6007,"PRECNAME":"6007 Spokane county","PRECINCT":"Spokane 6007","DESCRIPTIO":"Town and Country West (Linwood Park, Hughes Drive, Eastmont Way)","OFFICE":"County Proposition 1","JURISDICTION":"County","RACE":"Spokane County County Proposition 1","Name_1":"Rejected","Party_1":"No_1","Votes_1":"174","Name_2":"Approved","Party_2":"Yes_1","Votes_2":"14","Name_3":null,"Party_3":null,"Votes_3":"0","Name_4":null,"Party_4":null,"Votes_4":"0","Name_5":null,"Party_5":null,"Votes_5":"0","Name_6":null,"Party_6":null,"Votes_6":"0","Name_7":null,"Party_7":null,"Votes_7":"0","Votes_total":"188","Pct_1":92.55,"Pct_2":7.45,"Pct_3":0,"Pct_4":0,"Pct_5":0,"Pct_6":0,"Pct_7":0,"Margin":85.1}},
{"type":"Feature","geometry":{"type":"Polygon","coordinates":[[[-117.4322649919387,47.72073820882037],[-117.43234999373904,47.71956428018827],[-117.43237322844817,47.71895202374767],[-117.43235942914752,47.715418159864015],[-117.43028649788104,47.71537957007316],[-117.42247552499967,47.71510832187842],[-117.42201074004714,47.715102062110844],[-117.42203100200773,47.722400192821716],[-117.4333313409382,47.72261165933343],[-117.43405242649804,47.722013144266576],[-117.43454380210873,47.720965757382466],[-117.4344517667052,47.720601387367665],[-117.4322649919387,47.72073820882037]]]},"properties":{"COUNTY":"Spokane","PRECCODE":6008,"PRECNAME":"6008 Spokane county","PRECINCT":"Spokane 6008","DESCRIPTIO":"Town and Country Southwest (Northwood Presbyterian Church, Northstar Lane)","OFFICE":"County Proposition 1","JURISDICTION":"County","RACE":"Spokane County County Proposition 1","Name_1":"Approved","Party_1":"Yes_1","Votes_1":"101","Name_2":"Rejected","Party_2":"No_1","Votes_2":"5","Name_3":null,"Party_3":null,"Votes_3":"0","Name_4":null,"Party_4":null,"Votes_4":"0","Name_5":null,"Party_5":null,"Votes_5":"0","Name_6":null,"Party_6":null,"Votes_6":"0","Name_7":null,"Party_7":null,"Votes_7":"0","Votes_total":"106","Pct_1":95.28,"Pct_2":4.72,"Pct_3":0,"Pct_4":0,"Pct_5":0,"Pct_6":0,"Pct_7":0,"Margin":90.56}},
{"type":"Feature","geometry":{"type":"Polygon","coordinates":[[[-117.41256944315613,47.71509899193984],[-117.41259277905822,47.7169034145282],[-117.4125843268526,47.72052058996899],[-117.41260050047445,47.722169907279934],[-117.41393337785007,47.72219161859243],[-117.42203100200773,47.722400192821716],[-117.42201074004714,47.715102062110844],[-117.4211232959444,47.71508787582851],[-117.41489876430343,47.715107543816394],[-117.41256944315613,47.71509899193984]]]},"properties":{"COUNTY":"Spokane","PRECCODE":6009,"PRECNAME":"6009 Spokane county","PRECINCT":"Spokane 6009","DESCRIPTIO":"Town and Country Southeast (Rhoades Avenue, W Houston & Stevens)","OFFICE":"County Proposition 1","JURISDICTION":"County","RACE":"Spokane County County Proposition 1","Name_1":"Approved","Party_1":"Yes_1","Votes_1":"421","Name_2":"Rejected","Party_2":"No_1","Votes_2":"37","Name_3":null,"Party_3":null,"Votes_3":"0","Name_4":null,"Party_4":null,"Votes_4":"0","Name_5":null,"Party_5":null,"Votes_5":"0","Name_6":null,"Party_6":null,"Votes_6":"0","Name_7":null,"Party_7":null,"Votes_7":"0","Votes_total":"458","Pct_1":91.92,"Pct_2":8.08,"Pct_3":0,"Pct_4":0,"Pct_5":0,"Pct_6":0,"Pct_7":0,"Margin":83.84}},
{"type":"Feature","geometry":{"type":"Polygon","coordinates":[[[-117.56444285549013,47.607273554541614],[-117.56191509273981,47.608370715570075],[-117.56433567554112,47.6083666370849],[-117.56456673993699,47.61095554947786],[-117.56720716749678,47.6109610924769],[-117.5698644994819,47.607343052165135],[-117.57527516486121,47.60555779018059],[-117.57529000055492,47.60235382675071],[-117.58100236942721,47.60192481442913],[-117.58099697224087,47.60564702458924],[-117.58590842498978,47.60565272565699],[-117.58591839859139,47.61146680327167],[-117.5806380390302,47.61147041812769],[-117.58064509583744,47.613741880485435],[-117.60399299213948,47.61377707999566],[-117.6039925326638,47.613859370437034],[-117.60748209561224,47.61386531758678],[-117.60751176367214,47.60191205110507],[-117.6075949830379,47.5800747781127],[-117.62880189123817,47.58004699879513],[-117.62886792999616,47.572727897377774],[-117.61525999329236,47.572702179258336],[-117.61122299235646,47.571181178937316],[-117.60780899042035,47.56739717923919],[-117.6073769894375,47.5618981784438],[-117.60405098724038,47.5590561785288],[-117.60762398815868,47.55833217917617],[-117.60752698719591,47.55608217845843],[-117.59392998078839,47.543706179325795],[-117.56461235806003,47.54373669012998],[-117.56464074432124,47.55831283497084],[-117.56456128530826,47.572809094915314],[-117.56452863692718,47.58736603259981],[-117.56451425556703,47.58748169455272],[-117.56346068122492,47.58749365498631],[-117.5629039376253,47.58757937007921],[-117.56244601620502,47.587687706145125],[-117.56141555447425,47.58813279336171],[-117.56025692848432,47.58899445805141],[-117.56803902297699,47.59372955909073],[-117.5645088542656,47.59464219186809],[-117.56444285549013,47.607273554541614]]]},"properties":{"COUNTY":"Spokane","PRECCODE":6010,"PRECNAME":"6010 Spokane county","PRECINCT":"Spokane 6010","DESCRIPTIO":"Cheney Rural Far North (Four Lakes, Hayford, Beau West Apartments)","OFFICE":"County Proposition 1","JURISDICTION":"County","RACE":"Spokane County County Proposition 1","Name_1":"Approved","Party_1":"Yes_1","Votes_1":"292","Name_2":"Rejected","Party_2":"No_1","Votes_2":"188","Name_3":null,"Party_3":null,"Votes_3":"0","Name_4":null,"Party_4":null,"Votes_4":"0","Name_5":null,"Party_5":null,"Votes_5":"0","Name_6":null,"Party_6":null,"Votes_6":"0","Name_7":null,"Party_7":null,"Votes_7":"0","Votes_total":"480","Pct_1":60.83,"Pct_2":39.17,"Pct_3":0,"Pct_4":0,"Pct_5":0,"Pct_6":0,"Pct_7":0,"Margin":21.66}},
{"type":"Feature","geometry":{"type":"Polygon","coordinates":[[[-117.6256806347591,47.613896616267105],[-117.62311036994913,47.60189765389024],[-117.62898779019474,47.601891675136216],[-117.62897242618745,47.5909189223434],[-117.63969245269149,47.58860447948028],[-117.63968414566959,47.59462244759841],[-117.65031771153791,47.59470698804922],[-117.65021854447932,47.6054252879316],[-117.65774020459901,47.6054390331557],[-117.65770801744395,47.609145981745506],[-117.6719868128121,47.60750671551327],[-117.67199164271686,47.60555741361649],[-117.67725367859133,47.60556352924412],[-117.67725661517976,47.60378837115931],[-117.68756797400935,47.60136160769086],[-117.69238800290987,47.60893531617394],[-117.68263214723707,47.611774844013],[-117.68263040925724,47.613890067463814],[-117.67407159736997,47.613881358146664],[-117.67408043296432,47.61576408873923],[-117.66869793452072,47.61575183730903],[-117.66873635222225,47.623252547054186],[-117.67220466821881,47.62510530273514],[-117.67374985236954,47.632609048855606],[-117.6599832609264,47.63789467781579],[-117.6603038401592,47.638244190269916],[-117.64911911144024,47.64293114078796],[-117.66865125452057,47.64296896191259],[-117.71191448680925,47.64317136500236],[-117.72805808893763,47.64339998805466],[-117.72798678732194,47.632471828832784],[-117.7333389142918,47.63252921927716],[-117.73341015650162,47.61431076098893],[-117.75803655020785,47.61439344441169],[-117.75810980747895,47.594756950059704],[-117.76887462639841,47.59471996806622],[-117.76864939554007,47.55862722890233],[-117.76844448222299,47.558780754263466],[-117.75033603138267,47.55845984618757],[-117.7458547299905,47.56208922519946],[-117.7268529732448,47.55912216629484],[-117.7119075942435,47.55955732891903],[-117.71141173171516,47.55977870231314],[-117.70964363984174,47.56098049108631],[-117.70958490587924,47.56558716402567],[-117.70956635286328,47.5685137046718],[-117.7074453848885,47.56366771461576],[-117.70350676191946,47.56367561739042],[-117.70287912041614,47.561729472055994],[-117.70248173243269,47.56167006062959],[-117.70049582716203,47.56254583117244],[-117.70923343387916,47.57837711251708],[-117.70843662573864,47.58014926185205],[-117.69874494410006,47.580135463989414],[-117.69867464492357,47.587436679528565],[-117.68266757881463,47.58741673787798],[-117.67654661778948,47.587396434310826],[-117.67641718237623,47.58935157047295],[-117.67223467012268,47.58922476461063],[-117.67207991364225,47.586618722440754],[-117.66657356446603,47.58738567782329],[-117.66869718723304,47.57989047457777],[-117.66658452180776,47.57294741361898],[-117.65958761571547,47.572871082022466],[-117.653204851887,47.57351051066082],[-117.65250454477749,47.57371663784664],[-117.64940328090199,47.575069147025374],[-117.64894035407387,47.57519654674945],[-117.63851501120776,47.57424419670972],[-117.63430414754087,47.57320745561165],[-117.63310510732637,47.57292846593956],[-117.63216141926405,47.57278298857248],[-117.63165086774588,47.57273702405057],[-117.63055132033186,47.57271533328172],[-117.62886792999616,47.572727897377774],[-117.62880189123817,47.58004699879513],[-117.6075949830379,47.5800747781127],[-117.60751176367214,47.60191205110507],[-117.60748209561224,47.61386531758678],[-117.6039925326638,47.613859370437034],[-117.60391195872873,47.62828848705765],[-117.60404334604175,47.62828438254872],[-117.60404238393492,47.62833945196863],[-117.60412354948947,47.628371167073766],[-117.62019274357299,47.62839163767597],[-117.62557984776869,47.62831574762862],[-117.6256806347591,47.613896616267105]]]},"properties":{"COUNTY":"Spokane","PRECCODE":6011,"PRECNAME":"6011 Spokane county","PRECINCT":"Spokane 6011","DESCRIPTIO":"Medical Lake Rural North (Graham Road Landfill, Espanola)","OFFICE":"County Proposition 1","JURISDICTION":"County","RACE":"Spokane County County Proposition 1","Name_1":"Approved","Party_1":"Yes_1","Votes_1":"217","Name_2":"Rejected","Party_2":"No_1","Votes_2":"139","Name_3":null,"Party_3":null,"Votes_3":"0","Name_4":null,"Party_4":null,"Votes_4":"0","Name_5":null,"Party_5":null,"Votes_5":"0","Name_6":null,"Party_6":null,"Votes_6":"0","Name_7":null,"Party_7":null,"Votes_7":"0","Votes_total":"356","Pct_1":60.96,"Pct_2":39.04,"Pct_3":0,"Pct_4":0,"Pct_5":0,"Pct_6":0,"Pct_7":0,"Margin":21.92}},
{"type":"Feature","geometry":{"type":"Polygon","coordinates":[[[-117.59314235362045,47.686360697283185],[-117.60383714616765,47.686346936115584],[-117.60411716993704,47.70107609099376],[-117.62556063773827,47.70116848068854],[-117.62539595419925,47.69363125977882],[-117.64153251033174,47.69361900508131],[-117.64150051336198,47.697377568067566],[-117.6468872437523,47.69735388912227],[-117.64689105643437,47.67919432685368],[-117.65773327269083,47.679247825029925],[-117.65777195494086,47.672010965230626],[-117.66848120241234,47.67205206205966],[-117.6685676722463,47.66478129692607],[-117.65776861237256,47.664734618006875],[-117.65776624520896,47.657479736963815],[-117.6469700821018,47.65742202893227],[-117.64704542823401,47.65326289464852],[-117.64706046218137,47.65018739713995],[-117.64715519495897,47.64292715273265],[-117.62548193306813,47.64288845831421],[-117.62557984776869,47.62831574762862],[-117.62019274357299,47.62839163767597],[-117.60412354948947,47.628371167073766],[-117.60404238393492,47.62833945196863],[-117.60394396486694,47.63560649232855],[-117.60380424357689,47.64293129507558],[-117.61463393242282,47.642958412002564],[-117.61464397480874,47.65013378167218],[-117.60376421323116,47.650118825829644],[-117.60373038614013,47.65737680476874],[-117.59311263304565,47.65738404702292],[-117.593067674723,47.67190278338454],[-117.59314235362045,47.686360697283185]]]},"properties":{"COUNTY":"Spokane","PRECCODE":6012,"PRECNAME":"6012 Spokane county","PRECINCT":"Spokane 6012","DESCRIPTIO":"Airway Heights Rural Northwest (Deno Road, West Prairie Village MHP, Spokane Casino)","OFFICE":"County Proposition 1","JURISDICTION":"County","RACE":"Spokane County County Proposition 1","Name_1":"Rejected","Party_1":"No_1","Votes_1":"140","Name_2":"Approved","Party_2":"Yes_1","Votes_2":"104","Name_3":null,"Party_3":null,"Votes_3":"0","Name_4":null,"Party_4":null,"Votes_4":"0","Name_5":null,"Party_5":null,"Votes_5":"0","Name_6":null,"Party_6":null,"Votes_6":"0","Name_7":null,"Party_7":null,"Votes_7":"0","Votes_total":"244","Pct_1":57.38,"Pct_2":42.62,"Pct_3":0,"Pct_4":0,"Pct_5":0,"Pct_6":0,"Pct_7":0,"Margin":14.76}},
{"type":"Feature","geometry":{"type":"MultiPolygon","coordinates":[[[[-117.4855831675238,47.679064521915535],[-117.48116088325696,47.68004653924476],[-117.48502280783718,47.683654822808435],[-117.4855831675238,47.679064521915535]]],[[[-117.56096487513118,47.65740912240665],[-117.55575065160589,47.657441144955655],[-117.55579056535409,47.661080125027254],[-117.54505785218994,47.6611596058701],[-117.54507595588566,47.664810277388646],[-117.51820990870372,47.6647732850458],[-117.51806933757409,47.67202073076887],[-117.48551144614595,47.67174528018554],[-117.4855831675238,47.679064521915535],[-117.49095850027129,47.67911164795128],[-117.49108480382978,47.686303469273575],[-117.49642751128698,47.68632121504824],[-117.49637092915624,47.69361565556629],[-117.49640455717334,47.69412063763858],[-117.49689683643648,47.69431915815817],[-117.49757316461817,47.69718815621712],[-117.49239645893171,47.700573387451655],[-117.49462104793497,47.70434926047041],[-117.49998574090239,47.707109072399064],[-117.50130205340403,47.713789034713],[-117.49902782344903,47.719367292332905],[-117.50157678958149,47.721037768192105],[-117.51317714781983,47.72151920417418],[-117.51391474769686,47.725578128115075],[-117.51069949173153,47.729979690979576],[-117.56082333374633,47.72967265918745],[-117.56098015728907,47.71538350670119],[-117.58274208071062,47.715429170647006],[-117.58258168349117,47.68999483646254],[-117.5852370734415,47.68999161952099],[-117.5851739909833,47.68638368827083],[-117.59314235362045,47.686360697283185],[-117.593067674723,47.67190278338454],[-117.59312436638437,47.65557468424762],[-117.58233828118067,47.65555637062433],[-117.58234608405822,47.66281076350508],[-117.587743045048,47.66281211362608],[-117.58774684943329,47.66462149426637],[-117.58234855848202,47.66462014501768],[-117.5823727008162,47.671867078825684],[-117.56110119262874,47.67195627408892],[-117.56096487513118,47.65740912240665]]]]},"properties":{"COUNTY":"Spokane","PRECCODE":6013,"PRECNAME":"6013 Spokane county","PRECINCT":"Spokane 6013","DESCRIPTIO":"Airway Heights Rural Northeast (Highland, Great Northern Elementary School)","OFFICE":"County Proposition 1","JURISDICTION":"County","RACE":"Spokane County County Proposition 1","Name_1":"Rejected","Party_1":"No_1","Votes_1":"139","Name_2":"Approved","Party_2":"Yes_1","Votes_2":"67","Name_3":null,"Party_3":null,"Votes_3":"0","Name_4":null,"Party_4":null,"Votes_4":"0","Name_5":null,"Party_5":null,"Votes_5":"0","Name_6":null,"Party_6":null,"Votes_6":"0","Name_7":null,"Party_7":null,"Votes_7":"0","Votes_total":"206","Pct_1":67.48,"Pct_2":32.52,"Pct_3":0,"Pct_4":0,"Pct_5":0,"Pct_6":0,"Pct_7":0,"Margin":34.96}},
{"type":"Feature","geometry":{"type":"Polygon","coordinates":[[[-117.49640455717334,47.69412063763858],[-117.49637092915624,47.69361565556629],[-117.49642751128698,47.68632121504824],[-117.49108480382978,47.686303469273575],[-117.49095850027129,47.67911164795128],[-117.4855831675238,47.679064521915535],[-117.48551144614595,47.67174528018554],[-117.51806933757409,47.67202073076887],[-117.51820990870372,47.6647732850458],[-117.54507595588566,47.664810277388646],[-117.54505785218994,47.6611596058701],[-117.55579056535409,47.661080125027254],[-117.55575065160589,47.657441144955655],[-117.56096487513118,47.65740912240665],[-117.560913594549,47.650146480837535],[-117.55037846267001,47.650250524496926],[-117.55036781947479,47.64663463584093],[-117.53981973786962,47.64675001827736],[-117.51027752901275,47.64662362976851],[-117.50624451535522,47.64482123641799],[-117.50230521117517,47.64616192318648],[-117.50051236356754,47.64470898754117],[-117.49232688756285,47.645850254375986],[-117.49235665844567,47.644754797824945],[-117.48637490723725,47.644843080778735],[-117.48501773350603,47.64296048476941],[-117.47565081481164,47.64291921646857],[-117.47542196735749,47.64679470392298],[-117.48067387413224,47.64953526250137],[-117.48084482519667,47.64963889066124],[-117.48078866966017,47.64975618111903],[-117.47953136023308,47.65104001351025],[-117.47883822275794,47.65301243686263],[-117.47788757759567,47.65313449041093],[-117.4708127918572,47.6555248985481],[-117.46500594615355,47.653947190329404],[-117.464345851196,47.65722809960556],[-117.46434930917003,47.665900562456855],[-117.46904453698517,47.66562458356124],[-117.476064484083,47.672531865820325],[-117.48044714185552,47.68047696529835],[-117.47485746580853,47.679736041260774],[-117.47492713721995,47.68194087512674],[-117.47760774050404,47.68700489806742],[-117.46926291922045,47.68847238992384],[-117.46715701720578,47.690461023686076],[-117.48065149820535,47.69675747792648],[-117.494525773983,47.69336275423857],[-117.49640455717334,47.69412063763858]],[[-117.4855831675238,47.679064521915535],[-117.48502280783718,47.683654822808435],[-117.48116088325696,47.68004653924476],[-117.4855831675238,47.679064521915535]]]},"properties":{"COUNTY":"Spokane","PRECCODE":6014,"PRECNAME":"6014 Spokane county","PRECINCT":"Spokane 6014","DESCRIPTIO":"W. Spokane Rural Northwest (Rimrock Conservation Area, Spokane Polo Club)","OFFICE":"County Proposition 1","JURISDICTION":"County","RACE":"Spokane County County Proposition 1","Name_1":"Rejected","Party_1":"No_1","Votes_1":"266","Name_2":"Approved","Party_2":"Yes_1","Votes_2":"70","Name_3":null,"Party_3":null,"Votes_3":"0","Name_4":null,"Party_4":null,"Votes_4":"0","Name_5":null,"Party_5":null,"Votes_5":"0","Name_6":null,"Party_6":null,"Votes_6":"0","Name_7":null,"Party_7":null,"Votes_7":"0","Votes_total":"336","Pct_1":79.17,"Pct_2":20.83,"Pct_3":0,"Pct_4":0,"Pct_5":0,"Pct_6":0,"Pct_7":0,"Margin":58.34}},
{"type":"Feature","geometry":{"type":"Polygon","coordinates":[[[-117.4826156264548,47.63507091421445],[-117.48915006726612,47.63789471876593],[-117.51399845274106,47.614494542486035],[-117.51429802853437,47.614220862433925],[-117.51483071882932,47.61379888778385],[-117.50773834102742,47.61379889774333],[-117.47508690873669,47.613816950152405],[-117.46465664119945,47.61382400208731],[-117.46465726695547,47.631991706921866],[-117.47325039571092,47.63202054466364],[-117.47218271339554,47.63544966665092],[-117.47150136199497,47.636641786420526],[-117.47151275191274,47.636657008419455],[-117.47162482790564,47.63689437482234],[-117.47173608583392,47.63705270790052],[-117.47186112153342,47.637187292044835],[-117.47324214182265,47.636584979979034],[-117.47425026530706,47.63658475179217],[-117.4769342490526,47.63507413925112],[-117.47760968773032,47.63576793469599],[-117.4801226819141,47.63483024712018],[-117.4826156264548,47.63507091421445]]]},"properties":{"COUNTY":"Spokane","PRECCODE":6015,"PRECNAME":"6015 Spokane county","PRECINCT":"Spokane 6015","DESCRIPTIO":"W. Spokane Rural West (Trolley Trail, GoGo Apartments)","OFFICE":"County Proposition 1","JURISDICTION":"County","RACE":"Spokane County County Proposition 1","Name_1":"Rejected","Party_1":"No_1","Votes_1":"147","Name_2":"Approved","Party_2":"Yes_1","Votes_2":"101","Name_3":null,"Party_3":null,"Votes_3":"0","Name_4":null,"Party_4":null,"Votes_4":"0","Name_5":null,"Party_5":null,"Votes_5":"0","Name_6":null,"Party_6":null,"Votes_6":"0","Name_7":null,"Party_7":null,"Votes_7":"0","Votes_total":"248","Pct_1":59.27,"Pct_2":40.73,"Pct_3":0,"Pct_4":0,"Pct_5":0,"Pct_6":0,"Pct_7":0,"Margin":18.54}},
{"type":"Feature","geometry":{"type":"Polygon","coordinates":[[[-117.519447230866,47.59457146897036],[-117.49712996572777,47.594553340625176],[-117.46542033285742,47.594428447491836],[-117.46431894430141,47.61255252313186],[-117.4643368573768,47.61269557928868],[-117.46463405650785,47.613823913859704],[-117.47508690873669,47.613816950152405],[-117.50773834102742,47.61379889774333],[-117.51859262772145,47.61379940529396],[-117.51863085647052,47.61238265844826],[-117.519447230866,47.59457146897036]]]},"properties":{"COUNTY":"Spokane","PRECCODE":6016,"PRECNAME":"6016 Spokane county","PRECINCT":"Spokane 6016","DESCRIPTIO":"W. Spokane Rural Southwest (Cheatham Road, Windsor Elementary School, Vanderlin Road)","OFFICE":"County Proposition 1","JURISDICTION":"County","RACE":"Spokane County County Proposition 1","Name_1":"Rejected","Party_1":"No_1","Votes_1":"218","Name_2":"Approved","Party_2":"Yes_1","Votes_2":"66","Name_3":null,"Party_3":null,"Votes_3":"0","Name_4":null,"Party_4":null,"Votes_4":"0","Name_5":null,"Party_5":null,"Votes_5":"0","Name_6":null,"Party_6":null,"Votes_6":"0","Name_7":null,"Party_7":null,"Votes_7":"0","Votes_total":"284","Pct_1":76.76,"Pct_2":23.24,"Pct_3":0,"Pct_4":0,"Pct_5":0,"Pct_6":0,"Pct_7":0,"Margin":53.52}},
{"type":"Feature","geometry":{"type":"Polygon","coordinates":[[[-117.54353915322265,47.586137216034764],[-117.54528115955758,47.58657266027636],[-117.54583051099587,47.58662538047565],[-117.54702073300561,47.586456226686806],[-117.54775444707143,47.5864177918121],[-117.54963768370789,47.58642516603102],[-117.55000690938151,47.58634368216141],[-117.5509818972667,47.58579385697739],[-117.55140521918098,47.58563412031402],[-117.55206701595182,47.58713331792909],[-117.56025692848432,47.58899445805141],[-117.56141555447425,47.58813279336171],[-117.56244601620502,47.587687706145125],[-117.5629039376253,47.58757937007921],[-117.56346068122492,47.58749365498631],[-117.56451425556703,47.58748169455272],[-117.56452863692718,47.58736603259981],[-117.56455759880183,47.57644456872031],[-117.56432710933338,47.576445987965435],[-117.55575624866131,47.57613840575812],[-117.55191639088743,47.57597627390666],[-117.5471906929265,47.575250685977785],[-117.54534898114682,47.57954818679135],[-117.54751698257778,47.582047186888595],[-117.54353915322265,47.586137216034764]]]},"properties":{"COUNTY":"Spokane","PRECCODE":6017,"PRECNAME":"6017 Spokane county","PRECINCT":"Spokane 6017","DESCRIPTIO":"West Plains West (West Terrace West, Fairways Golf Course, Hayford Village MHP)","OFFICE":"County Proposition 1","JURISDICTION":"County","RACE":"Spokane County County Proposition 1","Name_1":"Rejected","Party_1":"No_1","Votes_1":"312","Name_2":"Approved","Party_2":"Yes_1","Votes_2":"72","Name_3":null,"Party_3":null,"Votes_3":"0","Name_4":null,"Party_4":null,"Votes_4":"0","Name_5":null,"Party_5":null,"Votes_5":"0","Name_6":null,"Party_6":null,"Votes_6":"0","Name_7":null,"Party_7":null,"Votes_7":"0","Votes_total":"384","Pct_1":81.25,"Pct_2":18.75,"Pct_3":0,"Pct_4":0,"Pct_5":0,"Pct_6":0,"Pct_7":0,"Margin":62.5}},
{"type":"Feature","geometry":{"type":"Polygon","coordinates":[[[-117.43891543491155,47.74418417401437],[-117.44390323165116,47.74425662629707],[-117.45373266167259,47.744355911001136],[-117.47245423961166,47.74444399093868],[-117.47250477166062,47.742251150966574],[-117.47517559671181,47.742266387168925],[-117.47527726870064,47.7378404327895],[-117.47517703992493,47.73756410678908],[-117.47260845854629,47.7371894861001],[-117.47267197470872,47.73175769848799],[-117.46999128115677,47.73174612625057],[-117.4699983531662,47.729924846956706],[-117.46795882696695,47.729915755622386],[-117.46732543749711,47.729921329821025],[-117.46587613730883,47.72990342157049],[-117.46438678878948,47.72990861205181],[-117.457188526911,47.729871788260866],[-117.45391619997683,47.729871772346314],[-117.45375919999442,47.737098389430614],[-117.4488364331675,47.73704821754898],[-117.44625506097228,47.73701585571276],[-117.44616831324366,47.74064250495695],[-117.43899746897839,47.740559075271555],[-117.43891543491155,47.74418417401437]]]},"properties":{"COUNTY":"Spokane","PRECCODE":6018,"PRECNAME":"6018 Spokane county","PRECINCT":"Spokane 6018","DESCRIPTIO":"North Five Mile Prairie Southwest (Falcon Ridge, Five Mile Prairie School)","OFFICE":"County Proposition 1","JURISDICTION":"County","RACE":"Spokane County County Proposition 1","Name_1":"Rejected","Party_1":"No_1","Votes_1":"198","Name_2":"Approved","Party_2":"Yes_1","Votes_2":"122","Name_3":null,"Party_3":null,"Votes_3":"0","Name_4":null,"Party_4":null,"Votes_4":"0","Name_5":null,"Party_5":null,"Votes_5":"0","Name_6":null,"Party_6":null,"Votes_6":"0","Name_7":null,"Party_7":null,"Votes_7":"0","Votes_total":"320","Pct_1":61.88,"Pct_2":38.12,"Pct_3":0,"Pct_4":0,"Pct_5":0,"Pct_6":0,"Pct_7":0,"Margin":23.76}},
{"type":"Feature","geometry":{"type":"Polygon","coordinates":[[[-117.49712996572777,47.594553340625176],[-117.497459223602,47.58514641703875],[-117.49752161674223,47.577881307576526],[-117.50231757472572,47.56969830587223],[-117.50231351475875,47.56569679369536],[-117.49875735831591,47.564168468345535],[-117.49870347271671,47.56452206027171],[-117.4979023244794,47.56573936922111],[-117.49730865452022,47.566106435839245],[-117.49554101529452,47.56660037155346],[-117.49427264280413,47.566738862197795],[-117.46697664332063,47.57551026754901],[-117.4578524230826,47.58603739725883],[-117.44690338876764,47.59479749511093],[-117.44537038191395,47.596268735521974],[-117.43876384235519,47.60078181179584],[-117.43579681186283,47.60327205090959],[-117.43496919922919,47.60401063870005],[-117.43449131207569,47.604546999495994],[-117.43295541843867,47.607389978562914],[-117.43238969125369,47.60948914560211],[-117.43136515483003,47.611737096804326],[-117.43107738104824,47.61229307436579],[-117.43087149163328,47.6125805417051],[-117.43068042242766,47.612801493753445],[-117.42992894825407,47.61373311374064],[-117.44357722753958,47.613750034457674],[-117.44414052291974,47.61376545025304],[-117.45395465037194,47.61377791812208],[-117.46463405650785,47.613823913859704],[-117.4643368573768,47.61269557928868],[-117.46431894430141,47.61255252313186],[-117.46542033285742,47.594428447491836],[-117.49712996572777,47.594553340625176]]]},"properties":{"COUNTY":"Spokane","PRECCODE":6019,"PRECNAME":"6019 Spokane county","PRECINCT":"Spokane 6019","DESCRIPTIO":"W. Spokane Rural Southeast (Marshall Bluffs, Geiger Heights)","OFFICE":"County Proposition 1","JURISDICTION":"County","RACE":"Spokane County County Proposition 1","Name_1":"Rejected","Party_1":"No_1","Votes_1":"320","Name_2":"Approved","Party_2":"Yes_1","Votes_2":"47","Name_3":null,"Party_3":null,"Votes_3":"0","Name_4":null,"Party_4":null,"Votes_4":"0","Name_5":null,"Party_5":null,"Votes_5":"0","Name_6":null,"Party_6":null,"Votes_6":"0","Name_7":null,"Party_7":null,"Votes_7":"0","Votes_total":"367","Pct_1":87.19,"Pct_2":12.81,"Pct_3":0,"Pct_4":0,"Pct_5":0,"Pct_6":0,"Pct_7":0,"Margin":74.38}},
{"type":"Feature","geometry":{"type":"Polygon","coordinates":[[[-117.54095884461069,47.585974986638455],[-117.54004803001068,47.58292201213033],[-117.49747706156386,47.583389970273394],[-117.497459223602,47.58514641703875],[-117.49712996572777,47.594553340625176],[-117.51973247404051,47.594570449386104],[-117.53746514495815,47.59410694473897],[-117.55686894233064,47.59395723721318],[-117.55792149368368,47.593374547939455],[-117.56025692848432,47.58899445805141],[-117.55206701595182,47.58713331792909],[-117.55140521918098,47.58563412031402],[-117.5509818972667,47.58579385697739],[-117.55000690938151,47.58634368216141],[-117.54963768370789,47.58642516603102],[-117.54775444707143,47.5864177918121],[-117.54702073300561,47.586456226686806],[-117.54583051099587,47.58662538047565],[-117.54528115955758,47.58657266027636],[-117.54311928530927,47.58606693750668],[-117.54286045156765,47.586036400933246],[-117.54095884461069,47.585974986638455]]]},"properties":{"COUNTY":"Spokane","PRECCODE":6020,"PRECNAME":"6020 Spokane county","PRECINCT":"Spokane 6020","DESCRIPTIO":"West Plains North (West Terrace North, Chumani Road)","OFFICE":"County Proposition 1","JURISDICTION":"County","RACE":"Spokane County County Proposition 1","Name_1":"Approved","Party_1":"Yes_1","Votes_1":"113","Name_2":"Rejected","Party_2":"No_1","Votes_2":"61","Name_3":null,"Party_3":null,"Votes_3":"0","Name_4":null,"Party_4":null,"Votes_4":"0","Name_5":null,"Party_5":null,"Votes_5":"0","Name_6":null,"Party_6":null,"Votes_6":"0","Name_7":null,"Party_7":null,"Votes_7":"0","Votes_total":"174","Pct_1":64.94,"Pct_2":35.06,"Pct_3":0,"Pct_4":0,"Pct_5":0,"Pct_6":0,"Pct_7":0,"Margin":29.88}},
{"type":"Feature","geometry":{"type":"Polygon","coordinates":[[[-117.66848120241234,47.67205206205966],[-117.67929742569977,47.67212594912862],[-117.67919159574495,47.67939193888316],[-117.66841908468302,47.67929954097985],[-117.66835941478584,47.68654616163018],[-117.6899155202835,47.68667810966147],[-117.68993408593892,47.701253597386625],[-117.71155451113101,47.70126219757287],[-117.71171869136877,47.67955537940385],[-117.72242723994849,47.679587160714206],[-117.72252424533482,47.68684007739864],[-117.74410760465994,47.68714760203775],[-117.74416160947129,47.67988049787012],[-117.733472511926,47.67956502704397],[-117.73342559825848,47.65806418062185],[-117.72260844952305,47.65792874959738],[-117.72257010901897,47.665100168009495],[-117.71177175298138,47.6650128134364],[-117.71174609973491,47.67229425202407],[-117.70105788372517,47.67222984384109],[-117.70105559016055,47.65771016515701],[-117.71180542798513,47.65772604878201],[-117.71191448680925,47.64317136500236],[-117.66865125452057,47.64296896191259],[-117.64715519495897,47.64292715273265],[-117.64706046218137,47.65018739713995],[-117.64704542823401,47.65326289464852],[-117.6469700821018,47.65742202893227],[-117.65776624520896,47.657479736963815],[-117.65776861237256,47.664734618006875],[-117.6685676722463,47.66478129692607],[-117.66848120241234,47.67205206205966]]]},"properties":{"COUNTY":"Spokane","PRECCODE":6026,"PRECNAME":"6026 Spokane county","PRECINCT":"Spokane 6026","DESCRIPTIO":"Medical Lake Rural Far North (Spokane Plains Monument, Indiana Lane), Airway Heights Rural Far West","OFFICE":"County Proposition 1","JURISDICTION":"County","RACE":"Spokane County County Proposition 1","Name_1":"Rejected","Party_1":"No_1","Votes_1":"129","Name_2":"Approved","Party_2":"Yes_1","Votes_2":"18","Name_3":null,"Party_3":null,"Votes_3":"0","Name_4":null,"Party_4":null,"Votes_4":"0","Name_5":null,"Party_5":null,"Votes_5":"0","Name_6":null,"Party_6":null,"Votes_6":"0","Name_7":null,"Party_7":null,"Votes_7":"0","Votes_total":"147","Pct_1":87.76,"Pct_2":12.24,"Pct_3":0,"Pct_4":0,"Pct_5":0,"Pct_6":0,"Pct_7":0,"Margin":75.52}},
{"type":"Feature","geometry":{"type":"Polygon","coordinates":[[[-117.40013368421269,47.82098862841656],[-117.38950282105164,47.82103436253633],[-117.38950451162741,47.823748452995396],[-117.41112656948646,47.8236621806058],[-117.41112033176668,47.821398313291645],[-117.40681273225862,47.82074776163155],[-117.40625571999428,47.82065798217798],[-117.40013368421269,47.82098862841656]]]},"properties":{"COUNTY":"Spokane","PRECCODE":6036,"PRECNAME":"6036 Spokane county","PRECINCT":"Spokane 6036","DESCRIPTIO":"Colbert Farther Northwest (Bidwell Park, Parker Estates, Westwood Village)","OFFICE":"County Proposition 1","JURISDICTION":"County","RACE":"Spokane County County Proposition 1","Name_1":"Rejected","Party_1":"No_1","Votes_1":"123","Name_2":"Approved","Party_2":"Yes_1","Votes_2":"19","Name_3":null,"Party_3":null,"Votes_3":"0","Name_4":null,"Party_4":null,"Votes_4":"0","Name_5":null,"Party_5":null,"Votes_5":"0","Name_6":null,"Party_6":null,"Votes_6":"0","Name_7":null,"Party_7":null,"Votes_7":"0","Votes_total":"142","Pct_1":86.62,"Pct_2":13.38,"Pct_3":0,"Pct_4":0,"Pct_5":0,"Pct_6":0,"Pct_7":0,"Margin":73.24}},
{"type":"Feature","geometry":{"type":"Polygon","coordinates":[[[-117.41112033176668,47.821398313291645],[-117.41281251845476,47.82114495219078],[-117.40988909923732,47.81641590128271],[-117.40018995591785,47.816460311224894],[-117.38949596060728,47.81656125693409],[-117.38950112804461,47.81832027047103],[-117.39288830748778,47.81830580587794],[-117.392922000359,47.82101976098007],[-117.40013368421269,47.82098862841656],[-117.40625571999428,47.82065798217798],[-117.40681273225862,47.82074776163155],[-117.41112033176668,47.821398313291645]]]},"properties":{"COUNTY":"Spokane","PRECCODE":6037,"PRECNAME":"6037 Spokane county","PRECINCT":"Spokane 6037","DESCRIPTIO":"Colbert Far Northwest (Westwood Estates, Canterbury Terrace)","OFFICE":"County Proposition 1","JURISDICTION":"County","RACE":"Spokane County County Proposition 1","Name_1":"Rejected","Party_1":"No_1","Votes_1":"150","Name_2":"Approved","Party_2":"Yes_1","Votes_2":"30","Name_3":null,"Party_3":null,"Votes_3":"0","Name_4":null,"Party_4":null,"Votes_4":"0","Name_5":null,"Party_5":null,"Votes_5":"0","Name_6":null,"Party_6":null,"Votes_6":"0","Name_7":null,"Party_7":null,"Votes_7":"0","Votes_total":"180","Pct_1":83.33,"Pct_2":16.67,"Pct_3":0,"Pct_4":0,"Pct_5":0,"Pct_6":0,"Pct_7":0,"Margin":66.66}},
{"type":"Feature","geometry":{"type":"Polygon","coordinates":[[[-117.37867299989615,47.809147854661596],[-117.3680666763245,47.80927034426508],[-117.36808718052532,47.81646739677938],[-117.40018995591785,47.816460311224894],[-117.4002294160857,47.80908773327804],[-117.37867299989615,47.809147854661596]]]},"properties":{"COUNTY":"Spokane","PRECCODE":6038,"PRECNAME":"6038 Spokane county","PRECINCT":"Spokane 6038","DESCRIPTIO":"Colbert Southwest (Midway Elementary School, Windsor Estate, Triple Butte)","OFFICE":"County Proposition 1","JURISDICTION":"County","RACE":"Spokane County County Proposition 1","Name_1":"Rejected","Party_1":"No_1","Votes_1":"88","Name_2":"Approved","Party_2":"Yes_1","Votes_2":"39","Name_3":null,"Party_3":null,"Votes_3":"0","Name_4":null,"Party_4":null,"Votes_4":"0","Name_5":null,"Party_5":null,"Votes_5":"0","Name_6":null,"Party_6":null,"Votes_6":"0","Name_7":null,"Party_7":null,"Votes_7":"0","Votes_total":"127","Pct_1":69.29,"Pct_2":30.71,"Pct_3":0,"Pct_4":0,"Pct_5":0,"Pct_6":0,"Pct_7":0,"Margin":38.58}},
{"type":"Feature","geometry":{"type":"Polygon","coordinates":[[[-117.37867299989615,47.809147854661596],[-117.4002294160857,47.80908773327804],[-117.40031240964917,47.80771345501474],[-117.40025027005245,47.80771393168357],[-117.40027655461495,47.80423508755639],[-117.39695664216417,47.80503943456117],[-117.39105645954572,47.80498816232317],[-117.3903078058081,47.804568334003605],[-117.39002761521877,47.80282917506073],[-117.37869337625753,47.801914740945],[-117.37867299989615,47.809147854661596]]]},"properties":{"COUNTY":"Spokane","PRECCODE":6039,"PRECNAME":"6039 Spokane county","PRECINCT":"Spokane 6039","DESCRIPTIO":"Wandermere Far North (Wellington Heights, Pine Ridge, Legacy Hills)","OFFICE":"County Proposition 1","JURISDICTION":"County","RACE":"Spokane County County Proposition 1","Name_1":"Rejected","Party_1":"No_1","Votes_1":"170","Name_2":"Approved","Party_2":"Yes_1","Votes_2":"18","Name_3":null,"Party_3":null,"Votes_3":"0","Name_4":null,"Party_4":null,"Votes_4":"0","Name_5":null,"Party_5":null,"Votes_5":"0","Name_6":null,"Party_6":null,"Votes_6":"0","Name_7":null,"Party_7":null,"Votes_7":"0","Votes_total":"188","Pct_1":90.43,"Pct_2":9.57,"Pct_3":0,"Pct_4":0,"Pct_5":0,"Pct_6":0,"Pct_7":0,"Margin":80.86}},
{"type":"Feature","geometry":{"type":"Polygon","coordinates":[[[-117.39002761521877,47.80282917506073],[-117.3903078058081,47.804568334003605],[-117.39105645954572,47.80498816232317],[-117.39695664216417,47.80503943456117],[-117.40027655461495,47.80423508755639],[-117.400294654435,47.801841507329065],[-117.40022064645345,47.79879802301791],[-117.39062497460745,47.801413332221415],[-117.3923278809301,47.79947931828406],[-117.39255084081263,47.79829742786184],[-117.39312415202518,47.79771590272757],[-117.39292795320065,47.79423052946801],[-117.38839504970205,47.79525029511211],[-117.38438695262049,47.79796049653788],[-117.3840075446994,47.79815115055096],[-117.38368727476575,47.79824131740733],[-117.37862599758205,47.79829746535179],[-117.37725934135781,47.79516787604709],[-117.37709931020217,47.79468019915419],[-117.36769844376006,47.794737762884345],[-117.36800241764985,47.8018768209095],[-117.37869337625753,47.801914740945],[-117.39002761521877,47.80282917506073]]]},"properties":{"COUNTY":"Spokane","PRECCODE":6041,"PRECNAME":"6041 Spokane county","PRECINCT":"Spokane 6041","DESCRIPTIO":"Wandermere North (Gleneden East, Little Spokane Lane), Mead Far North (Hunters Ridge West)","OFFICE":"County Proposition 1","JURISDICTION":"County","RACE":"Spokane County County Proposition 1","Name_1":"Rejected","Party_1":"No_1","Votes_1":"180","Name_2":"Approved","Party_2":"Yes_1","Votes_2":"43","Name_3":null,"Party_3":null,"Votes_3":"0","Name_4":null,"Party_4":null,"Votes_4":"0","Name_5":null,"Party_5":null,"Votes_5":"0","Name_6":null,"Party_6":null,"Votes_6":"0","Name_7":null,"Party_7":null,"Votes_7":"0","Votes_total":"223","Pct_1":80.72,"Pct_2":19.28,"Pct_3":0,"Pct_4":0,"Pct_5":0,"Pct_6":0,"Pct_7":0,"Margin":61.44}},
{"type":"Feature","geometry":{"type":"Polygon","coordinates":[[[-117.35109690281512,47.79442448077819],[-117.34898867440863,47.80179352802665],[-117.36316238976434,47.80181170384952],[-117.36713024785911,47.7999322635474],[-117.36790090946859,47.79949359360412],[-117.36769846598486,47.79473731068732],[-117.36387695416575,47.79468962910815],[-117.35109690281512,47.79442448077819]]]},"properties":{"COUNTY":"Spokane","PRECCODE":6043,"PRECNAME":"6043 Spokane county","PRECINCT":"Spokane 6043","DESCRIPTIO":"Mead Northwest (Meadow Ridge Elementary School, Unicorn Street, Hunters Ridge East)","OFFICE":"County Proposition 1","JURISDICTION":"County","RACE":"Spokane County County Proposition 1","Name_1":"Rejected","Party_1":"No_1","Votes_1":"82","Name_2":"Approved","Party_2":"Yes_1","Votes_2":"23","Name_3":null,"Party_3":null,"Votes_3":"0","Name_4":null,"Party_4":null,"Votes_4":"0","Name_5":null,"Party_5":null,"Votes_5":"0","Name_6":null,"Party_6":null,"Votes_6":"0","Name_7":null,"Party_7":null,"Votes_7":"0","Votes_total":"105","Pct_1":78.1,"Pct_2":21.9,"Pct_3":0,"Pct_4":0,"Pct_5":0,"Pct_6":0,"Pct_7":0,"Margin":56.2}},
{"type":"Feature","geometry":{"type":"Polygon","coordinates":[[[-117.39255084081263,47.79829742786184],[-117.3923278809301,47.79947931828406],[-117.39062497460745,47.801413332221415],[-117.40022064645345,47.79879802301791],[-117.39994719769996,47.78754977711995],[-117.39286396981488,47.78768577020586],[-117.38217670319248,47.793517158975575],[-117.37940170346836,47.79374980866241],[-117.37909703690175,47.79370187713197],[-117.3783948396606,47.79354066574567],[-117.37704250379069,47.79321087485859],[-117.37693753754918,47.79375720850849],[-117.37694810407635,47.793997972493145],[-117.37725934135781,47.79516787604709],[-117.37862599758205,47.79829746535179],[-117.38368727476575,47.79824131740733],[-117.3840075446994,47.79815115055096],[-117.38438695262049,47.79796049653788],[-117.38839504970205,47.79525029511211],[-117.39292795320065,47.79423052946801],[-117.39312415202518,47.79771590272757],[-117.39255084081263,47.79829742786184]]]},"properties":{"COUNTY":"Spokane","PRECCODE":6044,"PRECNAME":"6044 Spokane county","PRECINCT":"Spokane 6044","DESCRIPTIO":"Wandermere Center (Gleneden South, Pineriver Park)","OFFICE":"County Proposition 1","JURISDICTION":"County","RACE":"Spokane County County Proposition 1","Name_1":"Rejected","Party_1":"No_1","Votes_1":"44","Name_2":"Approved","Party_2":"Yes_1","Votes_2":"14","Name_3":null,"Party_3":null,"Votes_3":"0","Name_4":null,"Party_4":null,"Votes_4":"0","Name_5":null,"Party_5":null,"Votes_5":"0","Name_6":null,"Party_6":null,"Votes_6":"0","Name_7":null,"Party_7":null,"Votes_7":"0","Votes_total":"58","Pct_1":75.86,"Pct_2":24.14,"Pct_3":0,"Pct_4":0,"Pct_5":0,"Pct_6":0,"Pct_7":0,"Margin":51.72}},
{"type":"Feature","geometry":{"type":"Polygon","coordinates":[[[-117.36513838891022,47.77843407818453],[-117.35511696831736,47.782531456717116],[-117.35178047923728,47.791994939728795],[-117.35109690281512,47.79442448077819],[-117.36387695416575,47.79468962910815],[-117.36769844376006,47.794737762884345],[-117.37709931020217,47.79468019915419],[-117.37694810407635,47.793997972493145],[-117.37693753754918,47.79375720850849],[-117.37697258665442,47.793530357782515],[-117.37711929135716,47.7928767111036],[-117.377131067796,47.79263388224416],[-117.3770530733125,47.79243399440019],[-117.37687700113474,47.792247017132794],[-117.37158284122788,47.789670571729495],[-117.37106615805575,47.789136761269155],[-117.37101989932991,47.78868273328367],[-117.3700831794676,47.785087190650096],[-117.36811264821449,47.78441368497685],[-117.36806197294734,47.78720538102585],[-117.36579820999852,47.785753255644],[-117.3669907085653,47.78341540775724],[-117.36703720370483,47.78314329604152],[-117.36702702032996,47.78286943731272],[-117.3664395568542,47.78186210602677],[-117.36448972239414,47.78058782588124],[-117.36513838891022,47.77843407818453]]]},"properties":{"COUNTY":"Spokane","PRECCODE":6045,"PRECNAME":"6045 Spokane county","PRECINCT":"Spokane 6045","DESCRIPTIO":"Mead West (Shenandoah Forest MHP, Evergreen MHP, Mead Airport)","OFFICE":"County Proposition 1","JURISDICTION":"County","RACE":"Spokane County County Proposition 1","Name_1":"Rejected","Party_1":"No_1","Votes_1":"139","Name_2":"Approved","Party_2":"Yes_1","Votes_2":"14","Name_3":null,"Party_3":null,"Votes_3":"0","Name_4":null,"Party_4":null,"Votes_4":"0","Name_5":null,"Party_5":null,"Votes_5":"0","Name_6":null,"Party_6":null,"Votes_6":"0","Name_7":null,"Party_7":null,"Votes_7":"0","Votes_total":"153","Pct_1":90.85,"Pct_2":9.15,"Pct_3":0,"Pct_4":0,"Pct_5":0,"Pct_6":0,"Pct_7":0,"Margin":81.7}},
{"type":"Feature","geometry":{"type":"Polygon","coordinates":[[[-117.40535322694066,47.78437046924055],[-117.40568953247111,47.78651753482176],[-117.42106829235313,47.787129095920974],[-117.42239487831783,47.78007225106591],[-117.43749403356362,47.78011503257115],[-117.4376840408041,47.77288410175147],[-117.42185899630633,47.77242257208486],[-117.41993442570083,47.77313715245623],[-117.41981827647571,47.77312715264125],[-117.41884479216104,47.77255649506024],[-117.41851981691498,47.77277847094927],[-117.41802130410247,47.77316244611814],[-117.41761127302318,47.77351435407409],[-117.41186559172924,47.78003528026235],[-117.40535322694066,47.78437046924055]]]},"properties":{"COUNTY":"Spokane","PRECCODE":6047,"PRECNAME":"6047 Spokane county","PRECINCT":"Spokane 6047","DESCRIPTIO":"Wandermere Far Southwest (Arrowhead Point), Wandermere Rural Southwest (Dartford)","OFFICE":"County Proposition 1","JURISDICTION":"County","RACE":"Spokane County County Proposition 1","Name_1":"Rejected","Party_1":"No_1","Votes_1":"51","Name_2":"Approved","Party_2":"Yes_1","Votes_2":"18","Name_3":null,"Party_3":null,"Votes_3":"0","Name_4":null,"Party_4":null,"Votes_4":"0","Name_5":null,"Party_5":null,"Votes_5":"0","Name_6":null,"Party_6":null,"Votes_6":"0","Name_7":null,"Party_7":null,"Votes_7":"0","Votes_total":"69","Pct_1":73.91,"Pct_2":26.09,"Pct_3":0,"Pct_4":0,"Pct_5":0,"Pct_6":0,"Pct_7":0,"Margin":47.82}},
{"type":"Feature","geometry":{"type":"Polygon","coordinates":[[[-117.41650893267172,47.774766097788195],[-117.41637202521066,47.7747630859533],[-117.41642046765588,47.7744890945476],[-117.41437697372692,47.77448298135175],[-117.41108562302824,47.77290086903963],[-117.40317359227528,47.7728684165549],[-117.40274947968413,47.78059720987689],[-117.40314005215575,47.78131282114233],[-117.40535322694066,47.78437046924055],[-117.41186559172924,47.78003528026235],[-117.41650893267172,47.774766097788195]]]},"properties":{"COUNTY":"Spokane","PRECCODE":6048,"PRECNAME":"6048 Spokane county","PRECINCT":"Spokane 6048","DESCRIPTIO":"Wandermere Southwest (Wandermere Heights, Forest Creek Apartments)","OFFICE":"County Proposition 1","JURISDICTION":"County","RACE":"Spokane County County Proposition 1","Name_1":"Approved","Party_1":"Yes_1","Votes_1":"93","Name_2":"Rejected","Party_2":"No_1","Votes_2":"3","Name_3":null,"Party_3":null,"Votes_3":"0","Name_4":null,"Party_4":null,"Votes_4":"0","Name_5":null,"Party_5":null,"Votes_5":"0","Name_6":null,"Party_6":null,"Votes_6":"0","Name_7":null,"Party_7":null,"Votes_7":"0","Votes_total":"96","Pct_1":96.88,"Pct_2":3.12,"Pct_3":0,"Pct_4":0,"Pct_5":0,"Pct_6":0,"Pct_7":0,"Margin":93.76}},
{"type":"Feature","geometry":{"type":"Polygon","coordinates":[[[-117.37339961814328,47.775486487793366],[-117.37263346475866,47.7758949354625],[-117.3717450732232,47.776307957225484],[-117.36513838891022,47.77843407818453],[-117.36448972239414,47.78058782588124],[-117.3664395568542,47.78186210602677],[-117.36702702032996,47.78286943731272],[-117.36703720370483,47.78314329604152],[-117.3669907085653,47.78341540775724],[-117.36579820999852,47.785753255644],[-117.36806197294734,47.78720538102585],[-117.36811264821449,47.78441368497685],[-117.3700831794676,47.785087190650096],[-117.37101989932991,47.78868273328367],[-117.37106615805575,47.789136761269155],[-117.37158284122788,47.789670571729495],[-117.37687700113474,47.792247017132794],[-117.3770530733125,47.79243399440019],[-117.377131067796,47.79263388224416],[-117.37711929135716,47.7928767111036],[-117.37704250379069,47.79321087485859],[-117.3783948396606,47.79354066574567],[-117.37909703690175,47.79370187713197],[-117.37940170346836,47.79374980866241],[-117.38217670319248,47.793517158975575],[-117.39286396981488,47.78768577020586],[-117.39994719769996,47.78754977711995],[-117.39993739977581,47.78714662816781],[-117.40568953247111,47.78651753482176],[-117.40535322694066,47.78437046924055],[-117.40314005215575,47.78131282114233],[-117.4030031601656,47.78106200793277],[-117.39643254035086,47.77864206886375],[-117.38441461775275,47.77868458824008],[-117.37845806065255,47.7781244735277],[-117.37339961814328,47.775486487793366]]]},"properties":{"COUNTY":"Spokane","PRECCODE":6049,"PRECNAME":"6049 Spokane county","PRECINCT":"Spokane 6049","DESCRIPTIO":"Wandermere Southeast (Wandermere Golf Course, Winger Road)","OFFICE":"County Proposition 1","JURISDICTION":"County","RACE":"Spokane County County Proposition 1","Name_1":"Approved","Party_1":"Yes_1","Votes_1":"25","Name_2":"Rejected","Party_2":"No_1","Votes_2":"12","Name_3":null,"Party_3":null,"Votes_3":"0","Name_4":null,"Party_4":null,"Votes_4":"0","Name_5":null,"Party_5":null,"Votes_5":"0","Name_6":null,"Party_6":null,"Votes_6":"0","Name_7":null,"Party_7":null,"Votes_7":"0","Votes_total":"37","Pct_1":67.57,"Pct_2":32.43,"Pct_3":0,"Pct_4":0,"Pct_5":0,"Pct_6":0,"Pct_7":0,"Margin":35.14}},
{"type":"Feature","geometry":{"type":"Polygon","coordinates":[[[-117.38968931581933,47.778660352727414],[-117.39643254035086,47.77864206886375],[-117.4030031601656,47.78106200793277],[-117.40274947968413,47.78059720987689],[-117.40317359227528,47.7728684165549],[-117.40446064626447,47.7692266727167],[-117.38956810234163,47.77247388359545],[-117.38968931581933,47.778660352727414]]]},"properties":{"COUNTY":"Spokane","PRECCODE":6050,"PRECNAME":"6050 Spokane county","PRECINCT":"Spokane 6050","DESCRIPTIO":"Wandermere Far South (Stonehorse Townhome Apartments [West & Center], Carlson Court)","OFFICE":"County Proposition 1","JURISDICTION":"County","RACE":"Spokane County County Proposition 1","Name_1":"Approved","Party_1":"Yes_1","Votes_1":"162","Name_2":"Rejected","Party_2":"No_1","Votes_2":"2","Name_3":null,"Party_3":null,"Votes_3":"0","Name_4":null,"Party_4":null,"Votes_4":"0","Name_5":null,"Party_5":null,"Votes_5":"0","Name_6":null,"Party_6":null,"Votes_6":"0","Name_7":null,"Party_7":null,"Votes_7":"0","Votes_total":"164","Pct_1":98.78,"Pct_2":1.22,"Pct_3":0,"Pct_4":0,"Pct_5":0,"Pct_6":0,"Pct_7":0,"Margin":97.56}},
{"type":"Feature","geometry":{"type":"Polygon","coordinates":[[[-117.38956810234163,47.77247388359545],[-117.38866308870672,47.77272529710851],[-117.38821833707293,47.77282455006442],[-117.37962921416037,47.77286673176045],[-117.37911770381983,47.7728064075755],[-117.37838378645904,47.772545349998346],[-117.37683772741735,47.77356109479946],[-117.37415280359333,47.77508494299681],[-117.37339961814328,47.775486487793366],[-117.37845806065255,47.7781244735277],[-117.38441461775275,47.77868458824008],[-117.38968931581933,47.778660352727414],[-117.38956810234163,47.77247388359545]]]},"properties":{"COUNTY":"Spokane","PRECCODE":6051,"PRECNAME":"6051 Spokane county","PRECINCT":"Spokane 6051","DESCRIPTIO":"Wandermere Far Southeast (Northwood Middle School, Stonehorse Townhome Apartments East)","OFFICE":"County Proposition 1","JURISDICTION":"County","RACE":"Spokane County County Proposition 1","Name_1":"Rejected","Party_1":"No_1","Votes_1":"25","Name_2":"Approved","Party_2":"Yes_1","Votes_2":"18","Name_3":null,"Party_3":null,"Votes_3":"0","Name_4":null,"Party_4":null,"Votes_4":"0","Name_5":null,"Party_5":null,"Votes_5":"0","Name_6":null,"Party_6":null,"Votes_6":"0","Name_7":null,"Party_7":null,"Votes_7":"0","Votes_total":"43","Pct_1":58.14,"Pct_2":41.86,"Pct_3":0,"Pct_4":0,"Pct_5":0,"Pct_6":0,"Pct_7":0,"Margin":16.28}},
{"type":"Feature","geometry":{"type":"Polygon","coordinates":[[[-117.41981827647571,47.77312715264125],[-117.41993442570083,47.77313715245623],[-117.42185899630633,47.77242257208486],[-117.45370319728617,47.77308454603854],[-117.45370516383674,47.76598420033848],[-117.44374893262757,47.765763818898584],[-117.43905470383899,47.762285786329834],[-117.42795504384064,47.761056070408905],[-117.42423764073833,47.76631464546855],[-117.42335023671616,47.7675478662211],[-117.4196489686102,47.77195559943107],[-117.41884479216104,47.77255649506024],[-117.41981827647571,47.77312715264125]]]},"properties":{"COUNTY":"Spokane","PRECCODE":6052,"PRECNAME":"6052 Spokane county","PRECINCT":"Spokane 6052","DESCRIPTIO":"Fairwood West (Fairwood Drive, Kalispel Country Club)","OFFICE":"County Proposition 1","JURISDICTION":"County","RACE":"Spokane County County Proposition 1","Name_1":"Approved","Party_1":"Yes_1","Votes_1":"52","Name_2":"Rejected","Party_2":"No_1","Votes_2":"1","Name_3":null,"Party_3":null,"Votes_3":"0","Name_4":null,"Party_4":null,"Votes_4":"0","Name_5":null,"Party_5":null,"Votes_5":"0","Name_6":null,"Party_6":null,"Votes_6":"0","Name_7":null,"Party_7":null,"Votes_7":"0","Votes_total":"53","Pct_1":98.11,"Pct_2":1.89,"Pct_3":0,"Pct_4":0,"Pct_5":0,"Pct_6":0,"Pct_7":0,"Margin":96.22}},
{"type":"Feature","geometry":{"type":"Polygon","coordinates":[[[-117.42114921256467,47.763542987440815],[-117.41775851979209,47.76244768603827],[-117.40720016173728,47.76330585775973],[-117.40662092111526,47.763196295845184],[-117.40575573811556,47.76565296017813],[-117.40446064626447,47.7692266727167],[-117.41780573039811,47.769104829369226],[-117.42093365946145,47.76655714091139],[-117.42114921256467,47.763542987440815]]]},"properties":{"COUNTY":"Spokane","PRECCODE":6053,"PRECNAME":"6053 Spokane county","PRECINCT":"Spokane 6053","DESCRIPTIO":"Fairwood Center (Brentwood Elementary, Fairwood Shopping Center, Fairwood Court Apartments)","OFFICE":"County Proposition 1","JURISDICTION":"County","RACE":"Spokane County County Proposition 1","Name_1":"Rejected","Party_1":"No_1","Votes_1":"49","Name_2":"Approved","Party_2":"Yes_1","Votes_2":"17","Name_3":null,"Party_3":null,"Votes_3":"0","Name_4":null,"Party_4":null,"Votes_4":"0","Name_5":null,"Party_5":null,"Votes_5":"0","Name_6":null,"Party_6":null,"Votes_6":"0","Name_7":null,"Party_7":null,"Votes_7":"0","Votes_total":"66","Pct_1":74.24,"Pct_2":25.76,"Pct_3":0,"Pct_4":0,"Pct_5":0,"Pct_6":0,"Pct_7":0,"Margin":48.48}},
{"type":"Feature","geometry":{"type":"Polygon","coordinates":[[[-117.38662512439515,47.765557876850515],[-117.3837148736339,47.76847838946186],[-117.38031509791519,47.77128670722032],[-117.37838378645904,47.772545349998346],[-117.37911770381983,47.7728064075755],[-117.37962921416037,47.77286673176045],[-117.38821833707293,47.77282455006442],[-117.38866308870672,47.77272529710851],[-117.38956810234163,47.77247388359545],[-117.40446064626447,47.7692266727167],[-117.40555404043118,47.766209565599745],[-117.400427338418,47.76619949122806],[-117.40042321727432,47.76558714701911],[-117.38662512439515,47.765557876850515]]]},"properties":{"COUNTY":"Spokane","PRECCODE":6054,"PRECNAME":"6054 Spokane county","PRECINCT":"Spokane 6054","DESCRIPTIO":"Fairwood Northeast (Forest Glen, Willow Grove, Timbers at Wandermere Apartments)","OFFICE":"County Proposition 1","JURISDICTION":"County","RACE":"Spokane County County Proposition 1","Name_1":"Rejected","Party_1":"No_1","Votes_1":"88","Name_2":"Approved","Party_2":"Yes_1","Votes_2":"2","Name_3":null,"Party_3":null,"Votes_3":"0","Name_4":null,"Party_4":null,"Votes_4":"0","Name_5":null,"Party_5":null,"Votes_5":"0","Name_6":null,"Party_6":null,"Votes_6":"0","Name_7":null,"Party_7":null,"Votes_7":"0","Votes_total":"90","Pct_1":97.78,"Pct_2":2.22,"Pct_3":0,"Pct_4":0,"Pct_5":0,"Pct_6":0,"Pct_7":0,"Margin":95.56}},
{"type":"Feature","geometry":{"type":"Polygon","coordinates":[[[-117.38662512439515,47.765557876850515],[-117.40042321727432,47.76558714701911],[-117.400427338418,47.76619949122806],[-117.40555404043118,47.766209565599745],[-117.40641224818111,47.76381385533237],[-117.40662092111526,47.763196295845184],[-117.40611845878763,47.76307439143062],[-117.40595080355074,47.762917252185304],[-117.40601084530591,47.76253496472928],[-117.40625046044926,47.76236988665865],[-117.4059657748629,47.76216476579173],[-117.40582181011874,47.76209341241911],[-117.40401524276028,47.762031202935255],[-117.40040960453945,47.76198518881852],[-117.40039326848729,47.75830287636626],[-117.3936696779625,47.758291854523726],[-117.39109348448603,47.76099371131989],[-117.38819150220797,47.76398580752195],[-117.38662512439515,47.765557876850515]]]},"properties":{"COUNTY":"Spokane","PRECCODE":6055,"PRECNAME":"6055 Spokane county","PRECINCT":"Spokane 6055","DESCRIPTIO":"Fairwood East (Camelot, Camelot Park, Black Iron Apartments)","OFFICE":"County Proposition 1","JURISDICTION":"County","RACE":"Spokane County County Proposition 1","Name_1":"Rejected","Party_1":"No_1","Votes_1":"57","Name_2":"Approved","Party_2":"Yes_1","Votes_2":"23","Name_3":null,"Party_3":null,"Votes_3":"0","Name_4":null,"Party_4":null,"Votes_4":"0","Name_5":null,"Party_5":null,"Votes_5":"0","Name_6":null,"Party_6":null,"Votes_6":"0","Name_7":null,"Party_7":null,"Votes_7":"0","Votes_total":"80","Pct_1":71.25,"Pct_2":28.75,"Pct_3":0,"Pct_4":0,"Pct_5":0,"Pct_6":0,"Pct_7":0,"Margin":42.5}},
{"type":"Feature","geometry":{"type":"Polygon","coordinates":[[[-117.35987198572224,47.75243121912692],[-117.3665359871551,47.75315821729616],[-117.36830999209715,47.77290121911835],[-117.37237099319469,47.7728742186038],[-117.37415280359333,47.77508494299681],[-117.37683772741735,47.77356109479946],[-117.38031509791519,47.77128670722032],[-117.3837148736339,47.76847838946186],[-117.38819150220797,47.76398580752195],[-117.39109348448603,47.76099371131989],[-117.39750426694266,47.7542872133657],[-117.39810337946273,47.75364590888089],[-117.40044224460213,47.75114804199847],[-117.39519648275643,47.751134980526295],[-117.39532256744604,47.74754201356865],[-117.38993975958245,47.74752072193853],[-117.39008585011184,47.74391646721334],[-117.39543957130806,47.74393677908056],[-117.3953580382053,47.73679745959379],[-117.39126340630264,47.73681185951781],[-117.38903342778794,47.73680100635761],[-117.37303686732416,47.73664200933199],[-117.36602998440623,47.735974216987145],[-117.36743398541881,47.740618216619715],[-117.36171298497932,47.74732221788772],[-117.35987198572224,47.75243121912692]]]},"properties":{"COUNTY":"Spokane","PRECCODE":6056,"PRECNAME":"6056 Spokane county","PRECINCT":"Spokane 6056","DESCRIPTIO":"Fairwood Farthest Southeast (North Spokane RV Park, ABC Mini-Storage)","OFFICE":"County Proposition 1","JURISDICTION":"County","RACE":"Spokane County County Proposition 1","Name_1":"Approved","Party_1":"Yes_1","Votes_1":"31","Name_2":"Rejected","Party_2":"No_1","Votes_2":"6","Name_3":null,"Party_3":null,"Votes_3":"0","Name_4":null,"Party_4":null,"Votes_4":"0","Name_5":null,"Party_5":null,"Votes_5":"0","Name_6":null,"Party_6":null,"Votes_6":"0","Name_7":null,"Party_7":null,"Votes_7":"0","Votes_total":"37","Pct_1":83.78,"Pct_2":16.22,"Pct_3":0,"Pct_4":0,"Pct_5":0,"Pct_6":0,"Pct_7":0,"Margin":67.56}},
{"type":"Feature","geometry":{"type":"Polygon","coordinates":[[[-117.35987198572224,47.75243121912692],[-117.36267498825312,47.756662218350236],[-117.35711398718867,47.75852121834853],[-117.35355999032272,47.772798219755735],[-117.35986199005565,47.77284822034054],[-117.35956496171603,47.77645124650917],[-117.3717450732232,47.776307957225484],[-117.37263346475866,47.7758949354625],[-117.37415280359333,47.77508494299681],[-117.37237099319469,47.7728742186038],[-117.36830999209715,47.77290121911835],[-117.3665359871551,47.75315821729616],[-117.35987198572224,47.75243121912692]]]},"properties":{"COUNTY":"Spokane","PRECCODE":6057,"PRECNAME":"6057 Spokane county","PRECINCT":"Spokane 6057","DESCRIPTIO":"Mead Southwest (Creekside Elementary School, Mead Fire Station, Takesa Village MHP)","OFFICE":"County Proposition 1","JURISDICTION":"County","RACE":"Spokane County County Proposition 1","Name_1":"Approved","Party_1":"Yes_1","Votes_1":"47","Name_2":"Rejected","Party_2":"No_1","Votes_2":"5","Name_3":null,"Party_3":null,"Votes_3":"0","Name_4":null,"Party_4":null,"Votes_4":"0","Name_5":null,"Party_5":null,"Votes_5":"0","Name_6":null,"Party_6":null,"Votes_6":"0","Name_7":null,"Party_7":null,"Votes_7":"0","Votes_total":"52","Pct_1":90.38,"Pct_2":9.62,"Pct_3":0,"Pct_4":0,"Pct_5":0,"Pct_6":0,"Pct_7":0,"Margin":80.76}},
{"type":"Feature","geometry":{"type":"Polygon","coordinates":[[[-117.44374893262757,47.765763818898584],[-117.4539201889948,47.76589788324816],[-117.45351013567827,47.75875055297603],[-117.43212185069542,47.75848394982105],[-117.43219216296637,47.75534995551212],[-117.43155883742187,47.755092943156626],[-117.4312785488684,47.7550159119758],[-117.43112911031228,47.75498610305554],[-117.43023841656694,47.75493101727078],[-117.42970376063563,47.75500396142447],[-117.42108534951458,47.754829658052664],[-117.42114921256467,47.763542987440815],[-117.42526229141617,47.76486483210973],[-117.42795504384064,47.761056070408905],[-117.43905470383899,47.762285786329834],[-117.44374893262757,47.765763818898584]]]},"properties":{"COUNTY":"Spokane","PRECCODE":6058,"PRECNAME":"6058 Spokane county","PRECINCT":"Spokane 6058","DESCRIPTIO":"Fairwood Southwest (Woodway Park, Marc Drive, Golden Pond Estates)","OFFICE":"County Proposition 1","JURISDICTION":"County","RACE":"Spokane County County Proposition 1","Name_1":"Approved","Party_1":"Yes_1","Votes_1":"88","Name_2":"Rejected","Party_2":"No_1","Votes_2":"9","Name_3":null,"Party_3":null,"Votes_3":"0","Name_4":null,"Party_4":null,"Votes_4":"0","Name_5":null,"Party_5":null,"Votes_5":"0","Name_6":null,"Party_6":null,"Votes_6":"0","Name_7":null,"Party_7":null,"Votes_7":"0","Votes_total":"97","Pct_1":90.72,"Pct_2":9.28,"Pct_3":0,"Pct_4":0,"Pct_5":0,"Pct_6":0,"Pct_7":0,"Margin":81.44}},
{"type":"Feature","geometry":{"type":"Polygon","coordinates":[[[-117.40720016173728,47.76330585775973],[-117.41775851979209,47.76244768603827],[-117.42114921256467,47.763542987440815],[-117.42108534951458,47.754829658052664],[-117.42970376063563,47.75500396142447],[-117.43023841656694,47.75493101727078],[-117.43112911031228,47.75498610305554],[-117.43143549082701,47.755056079317676],[-117.43176115002129,47.75516948364196],[-117.43219216296637,47.75534995551212],[-117.43228374580113,47.75124811917797],[-117.41087536674067,47.75117500800411],[-117.40781991092264,47.758447487388516],[-117.4073967766487,47.75877672246023],[-117.40712165997417,47.759180835925434],[-117.40704264389859,47.759412241996024],[-117.40695321834819,47.76138568340788],[-117.406839207102,47.76188255727073],[-117.4066433644745,47.762115176613214],[-117.40601084530591,47.76253496472928],[-117.40595080355074,47.762917252185304],[-117.40611845878763,47.76307439143062],[-117.40720016173728,47.76330585775973]]]},"properties":{"COUNTY":"Spokane","PRECCODE":6059,"PRECNAME":"6059 Spokane county","PRECINCT":"Spokane 6059","DESCRIPTIO":"Fairwood South (Falcon Avenue, Mormon Church), Country Homes Northwest (Whitworth University)","OFFICE":"County Proposition 1","JURISDICTION":"County","RACE":"Spokane County County Proposition 1","Name_1":"Approved","Party_1":"Yes_1","Votes_1":"128","Name_2":"Rejected","Party_2":"No_1","Votes_2":"14","Name_3":null,"Party_3":null,"Votes_3":"0","Name_4":null,"Party_4":null,"Votes_4":"0","Name_5":null,"Party_5":null,"Votes_5":"0","Name_6":null,"Party_6":null,"Votes_6":"0","Name_7":null,"Party_7":null,"Votes_7":"0","Votes_total":"142","Pct_1":90.14,"Pct_2":9.86,"Pct_3":0,"Pct_4":0,"Pct_5":0,"Pct_6":0,"Pct_7":0,"Margin":80.28}},
{"type":"Feature","geometry":{"type":"Polygon","coordinates":[[[-117.40044224460213,47.75114804199847],[-117.39810337946273,47.75364590888089],[-117.3936696779625,47.758291854523726],[-117.40039326848729,47.75830287636626],[-117.40040960453945,47.76198518881852],[-117.40401524276028,47.762031202935255],[-117.40582181011874,47.76209341241911],[-117.4059657748629,47.76216476579173],[-117.40625046044926,47.76236988665865],[-117.406839207102,47.76188255727073],[-117.40695321834819,47.76138568340788],[-117.40704264389859,47.759412241996024],[-117.40712165997417,47.759180835925434],[-117.4073967766487,47.75877672246023],[-117.40781991092264,47.758447487388516],[-117.41087536674067,47.75117500800411],[-117.40044224460213,47.75114804199847]]]},"properties":{"COUNTY":"Spokane","PRECCODE":6060,"PRECNAME":"6060 Spokane county","PRECINCT":"Spokane 6060","DESCRIPTIO":"Country Homes Northeast (Mayberry Drive, Rockwood Apartments)","OFFICE":"County Proposition 1","JURISDICTION":"County","RACE":"Spokane County County Proposition 1","Name_1":"Rejected","Party_1":"No_1","Votes_1":"31","Name_2":"Approved","Party_2":"Yes_1","Votes_2":"24","Name_3":null,"Party_3":null,"Votes_3":"0","Name_4":null,"Party_4":null,"Votes_4":"0","Name_5":null,"Party_5":null,"Votes_5":"0","Name_6":null,"Party_6":null,"Votes_6":"0","Name_7":null,"Party_7":null,"Votes_7":"0","Votes_total":"55","Pct_1":56.36,"Pct_2":43.64,"Pct_3":0,"Pct_4":0,"Pct_5":0,"Pct_6":0,"Pct_7":0,"Margin":12.72}},
{"type":"Feature","geometry":{"type":"Polygon","coordinates":[[[-117.41087536674067,47.75117500800411],[-117.41134282301861,47.74910014060965],[-117.41142919438215,47.74579037838537],[-117.4056914955646,47.745707642588656],[-117.40044224460213,47.75114804199847],[-117.41087536674067,47.75117500800411]]]},"properties":{"COUNTY":"Spokane","PRECCODE":6061,"PRECNAME":"6061 Spokane county","PRECINCT":"Spokane 6061","DESCRIPTIO":"Country Homes Southeast (East Graves Road, Whitworth Court Apartments)","OFFICE":"County Proposition 1","JURISDICTION":"County","RACE":"Spokane County County Proposition 1","Name_1":"Rejected","Party_1":"No_1","Votes_1":"79","Name_2":"Approved","Party_2":"Yes_1","Votes_2":"5","Name_3":null,"Party_3":null,"Votes_3":"0","Name_4":null,"Party_4":null,"Votes_4":"0","Name_5":null,"Party_5":null,"Votes_5":"0","Name_6":null,"Party_6":null,"Votes_6":"0","Name_7":null,"Party_7":null,"Votes_7":"0","Votes_total":"84","Pct_1":94.05,"Pct_2":5.95,"Pct_3":0,"Pct_4":0,"Pct_5":0,"Pct_6":0,"Pct_7":0,"Margin":88.1}},
{"type":"Feature","geometry":{"type":"Polygon","coordinates":[[[-117.40446064626447,47.7692266727167],[-117.40317359227528,47.7728684165549],[-117.41108562302824,47.77290086903963],[-117.41437697372692,47.77448298135175],[-117.41642046765588,47.7744890945476],[-117.41637202521066,47.7747630859533],[-117.41650893267172,47.774766097788195],[-117.41761127302318,47.77351435407409],[-117.41802130410247,47.77316244611814],[-117.41851981691498,47.77277847094927],[-117.4196489686102,47.77195559943107],[-117.42335023671616,47.7675478662211],[-117.42526229141617,47.76486483210973],[-117.42114921256467,47.763542987440815],[-117.42093365946145,47.76655714091139],[-117.41780573039811,47.769104829369226],[-117.40446064626447,47.7692266727167]]]},"properties":{"COUNTY":"Spokane","PRECCODE":6062,"PRECNAME":"6062 Spokane county","PRECINCT":"Spokane 6062","DESCRIPTIO":"Fairwood North (Affinity at Mill Road Senior Living, Mead High School, Fairwood Square Apartments)","OFFICE":"County Proposition 1","JURISDICTION":"County","RACE":"Spokane County County Proposition 1","Name_1":"Rejected","Party_1":"No_1","Votes_1":"50","Name_2":"Approved","Party_2":"Yes_1","Votes_2":"25","Name_3":null,"Party_3":null,"Votes_3":"0","Name_4":null,"Party_4":null,"Votes_4":"0","Name_5":null,"Party_5":null,"Votes_5":"0","Name_6":null,"Party_6":null,"Votes_6":"0","Name_7":null,"Party_7":null,"Votes_7":"0","Votes_total":"75","Pct_1":66.67,"Pct_2":33.33,"Pct_3":0,"Pct_4":0,"Pct_5":0,"Pct_6":0,"Pct_7":0,"Margin":33.34}},
{"type":"Feature","geometry":{"type":"Polygon","coordinates":[[[-117.40988909923732,47.81641590128271],[-117.4049965104194,47.8048905092462],[-117.40031240964917,47.80771345501474],[-117.4002294160857,47.80908773327804],[-117.40018995591785,47.816460311224894],[-117.40988909923732,47.81641590128271]]]},"properties":{"COUNTY":"Spokane","PRECCODE":6063,"PRECNAME":"6063 Spokane county","PRECINCT":"Spokane 6063","DESCRIPTIO":"Colbert Far Southwest (Piper Glen, Silver Pines Estates, Cambridge Knoll)","OFFICE":"County Proposition 1","JURISDICTION":"County","RACE":"Spokane County County Proposition 1","Name_1":"Rejected","Party_1":"No_1","Votes_1":"48","Name_2":"Approved","Party_2":"Yes_1","Votes_2":"8","Name_3":null,"Party_3":null,"Votes_3":"0","Name_4":null,"Party_4":null,"Votes_4":"0","Name_5":null,"Party_5":null,"Votes_5":"0","Name_6":null,"Party_6":null,"Votes_6":"0","Name_7":null,"Party_7":null,"Votes_7":"0","Votes_total":"56","Pct_1":85.71,"Pct_2":14.29,"Pct_3":0,"Pct_4":0,"Pct_5":0,"Pct_6":0,"Pct_7":0,"Margin":71.42}},
{"type":"Feature","geometry":{"type":"Polygon","coordinates":[[[-117.4049965104194,47.8048905092462],[-117.40831438104068,47.7895027956733],[-117.40722408781869,47.787119136247135],[-117.39993739977581,47.78714662816781],[-117.400294654435,47.801841507329065],[-117.40025027005245,47.80771393168357],[-117.40031240964917,47.80771345501474],[-117.4049965104194,47.8048905092462]]]},"properties":{"COUNTY":"Spokane","PRECCODE":6064,"PRECNAME":"6064 Spokane county","PRECINCT":"Spokane 6064","DESCRIPTIO":"Wandermere West (Gleneden West, Blue Point Apartments)","OFFICE":"County Proposition 1","JURISDICTION":"County","RACE":"Spokane County County Proposition 1","Name_1":"Rejected","Party_1":"No_1","Votes_1":"101","Name_2":"Approved","Party_2":"Yes_1","Votes_2":"11","Name_3":null,"Party_3":null,"Votes_3":"0","Name_4":null,"Party_4":null,"Votes_4":"0","Name_5":null,"Party_5":null,"Votes_5":"0","Name_6":null,"Party_6":null,"Votes_6":"0","Name_7":null,"Party_7":null,"Votes_7":"0","Votes_total":"112","Pct_1":90.18,"Pct_2":9.82,"Pct_3":0,"Pct_4":0,"Pct_5":0,"Pct_6":0,"Pct_7":0,"Margin":80.36}},
{"type":"Feature","geometry":{"type":"Polygon","coordinates":[[[-117.519447230866,47.59457146897036],[-117.51863085647052,47.61238265844826],[-117.51859641617126,47.61371588402975],[-117.54577173646898,47.60871295930991],[-117.55413745995486,47.60172748312187],[-117.56215781016226,47.601846306620324],[-117.56203279058995,47.605144606612505],[-117.56445654127467,47.604622593265645],[-117.5645088542656,47.59464219186809],[-117.56803902297699,47.59372955909073],[-117.56025692848432,47.58899445805141],[-117.55792149368368,47.593374547939455],[-117.55686894233064,47.59395723721318],[-117.53746514495815,47.59410694473897],[-117.51973247404051,47.594570449386104],[-117.519447230866,47.59457146897036]]]},"properties":{"COUNTY":"Spokane","PRECCODE":6065,"PRECNAME":"6065 Spokane county","PRECINCT":"Spokane 6065","DESCRIPTIO":"West Plains Far North (Snowdon Elementary School, Maple Terrace, Aspen Park, Marjorie Apartments)","OFFICE":"County Proposition 1","JURISDICTION":"County","RACE":"Spokane County County Proposition 1","Name_1":"Rejected","Party_1":"No_1","Votes_1":"193","Name_2":"Approved","Party_2":"Yes_1","Votes_2":"17","Name_3":null,"Party_3":null,"Votes_3":"0","Name_4":null,"Party_4":null,"Votes_4":"0","Name_5":null,"Party_5":null,"Votes_5":"0","Name_6":null,"Party_6":null,"Votes_6":"0","Name_7":null,"Party_7":null,"Votes_7":"0","Votes_total":"210","Pct_1":91.9,"Pct_2":8.1,"Pct_3":0,"Pct_4":0,"Pct_5":0,"Pct_6":0,"Pct_7":0,"Margin":83.8}},
{"type":"Feature","geometry":{"type":"Polygon","coordinates":[[[-117.40298692061239,47.7366924233033],[-117.3953580382053,47.73679745959379],[-117.39543957130806,47.74393677908056],[-117.39008585011184,47.74391646721334],[-117.38993975958245,47.74752072193853],[-117.39532256744604,47.74754201356865],[-117.39519648275643,47.751134980526295],[-117.40044224460213,47.75114804199847],[-117.4056914955646,47.745707642588656],[-117.41142919438215,47.74579037838537],[-117.41148175765065,47.740846594185676],[-117.41142796443631,47.73662669158931],[-117.40298692061239,47.7366924233033]]]},"properties":{"COUNTY":"Spokane","PRECCODE":6100,"PRECNAME":"6100 Spokane","PRECINCT":"Spokane 6100","DESCRIPTIO":"Shiloh Far North (Cedar Meadows Apartments, Magnesium Village Apartments, Hill'n'dale Rotary Park)","OFFICE":"County Proposition 1","JURISDICTION":"County","RACE":"Spokane County County Proposition 1","Name_1":"Rejected","Party_1":"No_1","Votes_1":"38","Name_2":"Approved","Party_2":"Yes_1","Votes_2":"33","Name_3":null,"Party_3":null,"Votes_3":"0","Name_4":null,"Party_4":null,"Votes_4":"0","Name_5":null,"Party_5":null,"Votes_5":"0","Name_6":null,"Party_6":null,"Votes_6":"0","Name_7":null,"Party_7":null,"Votes_7":"0","Votes_total":"71","Pct_1":53.52,"Pct_2":46.48,"Pct_3":0,"Pct_4":0,"Pct_5":0,"Pct_6":0,"Pct_7":0,"Margin":7.04}},
{"type":"Feature","geometry":{"type":"Polygon","coordinates":[[[-117.39527369531753,47.729469156689674],[-117.3953580382053,47.73679745959379],[-117.40298692061239,47.7366924233033],[-117.40450752812447,47.733132345665226],[-117.4006456581114,47.73309674967827],[-117.40105292646976,47.73055201267145],[-117.40065749887104,47.72995174904784],[-117.40061495112342,47.72977472904949],[-117.4006112233802,47.729451039660134],[-117.39527369531753,47.729469156689674]]]},"properties":{"COUNTY":"Spokane","PRECCODE":6101,"PRECNAME":"6101 Spokane","PRECINCT":"Spokane 6101","DESCRIPTIO":"Shiloh Northeast (Shiloh Hills East, Cascade Place, Graymayre Crossing Apartments)","OFFICE":"County Proposition 1","JURISDICTION":"County","RACE":"Spokane County County Proposition 1","Name_1":"Rejected","Party_1":"No_1","Votes_1":"57","Name_2":"Approved","Party_2":"Yes_1","Votes_2":"9","Name_3":null,"Party_3":null,"Votes_3":"0","Name_4":null,"Party_4":null,"Votes_4":"0","Name_5":null,"Party_5":null,"Votes_5":"0","Name_6":null,"Party_6":null,"Votes_6":"0","Name_7":null,"Party_7":null,"Votes_7":"0","Votes_total":"66","Pct_1":86.36,"Pct_2":13.64,"Pct_3":0,"Pct_4":0,"Pct_5":0,"Pct_6":0,"Pct_7":0,"Margin":72.72}},
{"type":"Feature","geometry":{"type":"Polygon","coordinates":[[[-117.39527369531753,47.729469156689674],[-117.40031684911726,47.72945137379522],[-117.41136923523737,47.72944944933162],[-117.4113194262388,47.724932447303274],[-117.40286201413211,47.72343603198823],[-117.39535859974701,47.723443693253905],[-117.39527369531753,47.729469156689674]]]},"properties":{"COUNTY":"Spokane","PRECCODE":6102,"PRECNAME":"6102 Spokane","PRECINCT":"Spokane 6102","DESCRIPTIO":"Shiloh Center (Friendship Park, Lincoln Village Apartments, Wiscomb Drive)","OFFICE":"County Proposition 1","JURISDICTION":"County","RACE":"Spokane County County Proposition 1","Name_1":"Rejected","Party_1":"No_1","Votes_1":"134","Name_2":"Approved","Party_2":"Yes_1","Votes_2":"12","Name_3":null,"Party_3":null,"Votes_3":"0","Name_4":null,"Party_4":null,"Votes_4":"0","Name_5":null,"Party_5":null,"Votes_5":"0","Name_6":null,"Party_6":null,"Votes_6":"0","Name_7":null,"Party_7":null,"Votes_7":"0","Votes_total":"146","Pct_1":91.78,"Pct_2":8.22,"Pct_3":0,"Pct_4":0,"Pct_5":0,"Pct_6":0,"Pct_7":0,"Margin":83.56}},
{"type":"Feature","geometry":{"type":"Polygon","coordinates":[[[-117.41260050047445,47.722169907279934],[-117.4125843268526,47.72052058996899],[-117.41259277905822,47.7169034145282],[-117.41256944315613,47.71509899193984],[-117.4112084051964,47.715095649848585],[-117.41058817565543,47.71510522884989],[-117.40932769336986,47.71508895957324],[-117.40063947498308,47.71509965687706],[-117.40237086262033,47.721251570357346],[-117.40237166155113,47.72278640044412],[-117.40488529132536,47.72026206179691],[-117.40785474401343,47.722405588559404],[-117.41128835741796,47.72214178219221],[-117.41260050047445,47.722169907279934]]]},"properties":{"COUNTY":"Spokane","PRECCODE":6103,"PRECNAME":"6103 Spokane","PRECINCT":"Spokane 6103","DESCRIPTIO":"Shiloh Southwest (Lyons Crest Apartments, Wedgewood Park Apartments)","OFFICE":"County Proposition 1","JURISDICTION":"County","RACE":"Spokane County County Proposition 1","Name_1":"Approved","Party_1":"Yes_1","Votes_1":"172","Name_2":"Rejected","Party_2":"No_1","Votes_2":"43","Name_3":null,"Party_3":null,"Votes_3":"0","Name_4":null,"Party_4":null,"Votes_4":"0","Name_5":null,"Party_5":null,"Votes_5":"0","Name_6":null,"Party_6":null,"Votes_6":"0","Name_7":null,"Party_7":null,"Votes_7":"0","Votes_total":"215","Pct_1":80,"Pct_2":20,"Pct_3":0,"Pct_4":0,"Pct_5":0,"Pct_6":0,"Pct_7":0,"Margin":60}},
{"type":"Feature","geometry":{"type":"Polygon","coordinates":[[[-117.39534797979204,47.715059677862996],[-117.39537548728966,47.72210939009246],[-117.39535859974701,47.723443693253905],[-117.40237190954961,47.72343082294955],[-117.40237086262033,47.721251570357346],[-117.40063947498308,47.71509965687706],[-117.39534797979204,47.715059677862996]]]},"properties":{"COUNTY":"Spokane","PRECCODE":6104,"PRECNAME":"6104 Spokane","PRECINCT":"Spokane 6104","DESCRIPTIO":"Shiloh Southeast (Center Court Apartments, E Beacon & Dakota)","OFFICE":"County Proposition 1","JURISDICTION":"County","RACE":"Spokane County County Proposition 1","Name_1":"Approved","Party_1":"Yes_1","Votes_1":"55","Name_2":"Rejected","Party_2":"No_1","Votes_2":"6","Name_3":null,"Party_3":null,"Votes_3":"0","Name_4":null,"Party_4":null,"Votes_4":"0","Name_5":null,"Party_5":null,"Votes_5":"0","Name_6":null,"Party_6":null,"Votes_6":"0","Name_7":null,"Party_7":null,"Votes_7":"0","Votes_total":"61","Pct_1":90.16,"Pct_2":9.84,"Pct_3":0,"Pct_4":0,"Pct_5":0,"Pct_6":0,"Pct_7":0,"Margin":80.32}},
{"type":"Feature","geometry":{"type":"Polygon","coordinates":[[[-117.38783584969103,47.72505525114163],[-117.39161358508437,47.72537378704738],[-117.39013497618622,47.72219940163993],[-117.39537499863428,47.72219275415425],[-117.39534797979204,47.715059677862996],[-117.38469008968326,47.71497375276746],[-117.38460311460956,47.71945191981259],[-117.3845752409716,47.721720666286544],[-117.38627612390648,47.721739167687524],[-117.38707294508289,47.7219485334034],[-117.38741416151541,47.72218324762069],[-117.387724763198,47.72276947060882],[-117.38763202521442,47.72321649616141],[-117.38783584969103,47.72505525114163]]]},"properties":{"COUNTY":"Spokane","PRECCODE":6105,"PRECNAME":"6105 Spokane","PRECINCT":"Spokane 6105","DESCRIPTIO":"Lyons Southwest (Lyons Park, Contempo Senior MHP)","OFFICE":"County Proposition 1","JURISDICTION":"County","RACE":"Spokane County County Proposition 1","Name_1":"Rejected","Party_1":"No_1","Votes_1":"19","Name_2":"Approved","Party_2":"Yes_1","Votes_2":"2","Name_3":null,"Party_3":null,"Votes_3":"0","Name_4":null,"Party_4":null,"Votes_4":"0","Name_5":null,"Party_5":null,"Votes_5":"0","Name_6":null,"Party_6":null,"Votes_6":"0","Name_7":null,"Party_7":null,"Votes_7":"0","Votes_total":"21","Pct_1":90.48,"Pct_2":9.52,"Pct_3":0,"Pct_4":0,"Pct_5":0,"Pct_6":0,"Pct_7":0,"Margin":80.96}},
{"type":"Feature","geometry":{"type":"Polygon","coordinates":[[[-117.37914784103823,47.72721795196299],[-117.37924946953456,47.735564818260535],[-117.37924217700889,47.73670880245393],[-117.39008187277065,47.73680756713097],[-117.39126340630264,47.73681185951781],[-117.3953580382053,47.73679745959379],[-117.39527369531753,47.729469156689674],[-117.38769533108739,47.72947032869266],[-117.3877791223569,47.7272525890433],[-117.37914784103823,47.72721795196299]]]},"properties":{"COUNTY":"Spokane","PRECCODE":6106,"PRECNAME":"6106 Spokane","PRECINCT":"Spokane 6106","DESCRIPTIO":"Lyons East (Cedar Creek Village Apartments, Prairie Hills Apartments)","OFFICE":"County Proposition 1","JURISDICTION":"County","RACE":"Spokane County County Proposition 1","Name_1":"Rejected","Party_1":"No_1","Votes_1":"124","Name_2":null,"Party_2":null,"Votes_2":"0","Name_3":null,"Party_3":null,"Votes_3":"0","Name_4":null,"Party_4":null,"Votes_4":"0","Name_5":null,"Party_5":null,"Votes_5":"0","Name_6":null,"Party_6":null,"Votes_6":"0","Name_7":null,"Party_7":null,"Votes_7":"0","Votes_total":"124","Pct_1":100,"Pct_2":0,"Pct_3":0,"Pct_4":0,"Pct_5":0,"Pct_6":0,"Pct_7":0,"Margin":100}},
{"type":"Feature","geometry":{"type":"Polygon","coordinates":[[[-117.41142796443631,47.73662669158931],[-117.41136923523737,47.72944944933162],[-117.4006112233802,47.729451039660134],[-117.40061495112342,47.72977472904949],[-117.40065749887104,47.72995174904784],[-117.40105292646976,47.73055201267145],[-117.4006456581114,47.73309674967827],[-117.40450752812447,47.733132345665226],[-117.40298692061239,47.7366924233033],[-117.41142796443631,47.73662669158931]]]},"properties":{"COUNTY":"Spokane","PRECCODE":6107,"PRECNAME":"6107 Spokane","PRECINCT":"Spokane 6107","DESCRIPTIO":"Shiloh Northwest (Shiloh Hills West, General Lee Way, Lyons Ridge Apartments, Colton Place)","OFFICE":"County Proposition 1","JURISDICTION":"County","RACE":"Spokane County County Proposition 1","Name_1":"Rejected","Party_1":"No_1","Votes_1":"249","Name_2":"Approved","Party_2":"Yes_1","Votes_2":"28","Name_3":null,"Party_3":null,"Votes_3":"0","Name_4":null,"Party_4":null,"Votes_4":"0","Name_5":null,"Party_5":null,"Votes_5":"0","Name_6":null,"Party_6":null,"Votes_6":"0","Name_7":null,"Party_7":null,"Votes_7":"0","Votes_total":"277","Pct_1":89.89,"Pct_2":10.11,"Pct_3":0,"Pct_4":0,"Pct_5":0,"Pct_6":0,"Pct_7":0,"Margin":79.78}},
{"type":"Feature","geometry":{"type":"Polygon","coordinates":[[[-117.40237166155113,47.72278640044412],[-117.40237190954961,47.72343082294955],[-117.40286201413211,47.72343603198823],[-117.4113194262388,47.724932447303274],[-117.41136923523737,47.72944944933162],[-117.41492439537726,47.72858883224746],[-117.41508527053921,47.72587293170843],[-117.42204025257357,47.72599422936943],[-117.42203100200773,47.722400192821716],[-117.41393337785007,47.72219161859243],[-117.41128835741796,47.72214178219221],[-117.40785474401343,47.722405588559404],[-117.40488529132536,47.72026206179691],[-117.40237166155113,47.72278640044412]]]},"properties":{"COUNTY":"Spokane","PRECCODE":6108,"PRECNAME":"6108 Spokane","PRECINCT":"Spokane 6108","DESCRIPTIO":"Shiloh West (Lilac Plaza Senior Living, GoGo Heights Apartments, Brookshire Condos)","OFFICE":"County Proposition 1","JURISDICTION":"County","RACE":"Spokane County County Proposition 1","Name_1":"Rejected","Party_1":"No_1","Votes_1":"75","Name_2":"Approved","Party_2":"Yes_1","Votes_2":"69","Name_3":null,"Party_3":null,"Votes_3":"0","Name_4":null,"Party_4":null,"Votes_4":"0","Name_5":null,"Party_5":null,"Votes_5":"0","Name_6":null,"Party_6":null,"Votes_6":"0","Name_7":null,"Party_7":null,"Votes_7":"0","Votes_total":"144","Pct_1":52.08,"Pct_2":47.92,"Pct_3":0,"Pct_4":0,"Pct_5":0,"Pct_6":0,"Pct_7":0,"Margin":4.16}},
{"type":"Feature","geometry":{"type":"Polygon","coordinates":[[[-117.38783584969103,47.72505525114163],[-117.3877791223569,47.7272525890433],[-117.38769533108739,47.72947032869266],[-117.39527369531753,47.729469156689674],[-117.39537499863428,47.72219275415425],[-117.39013497618622,47.72219940163993],[-117.39161358508437,47.72537378704738],[-117.38783584969103,47.72505525114163]]]},"properties":{"COUNTY":"Spokane","PRECCODE":6109,"PRECNAME":"6109 Spokane","PRECINCT":"Spokane 6109","DESCRIPTIO":"Lyons Northwest (Cedar Springs Estates Apartments)","OFFICE":"County Proposition 1","JURISDICTION":"County","RACE":"Spokane County County Proposition 1","Name_1":"Rejected","Party_1":"No_1","Votes_1":"54","Name_2":"Approved","Party_2":"Yes_1","Votes_2":"19","Name_3":null,"Party_3":null,"Votes_3":"0","Name_4":null,"Party_4":null,"Votes_4":"0","Name_5":null,"Party_5":null,"Votes_5":"0","Name_6":null,"Party_6":null,"Votes_6":"0","Name_7":null,"Party_7":null,"Votes_7":"0","Votes_total":"73","Pct_1":73.97,"Pct_2":26.03,"Pct_3":0,"Pct_4":0,"Pct_5":0,"Pct_6":0,"Pct_7":0,"Margin":47.94}},
{"type":"Feature","geometry":{"type":"Polygon","coordinates":[[[-117.3877791223569,47.7272525890433],[-117.38783584969103,47.72505525114163],[-117.38763202521442,47.72321649616141],[-117.387724763198,47.72276947060882],[-117.38741416151541,47.72218324762069],[-117.38707294508289,47.7219485334034],[-117.38627612390648,47.721739167687524],[-117.3845752409716,47.721720666286544],[-117.38460311460956,47.71945191981259],[-117.38469008968326,47.71497375276746],[-117.37839486367818,47.71492499893285],[-117.37173257857052,47.71492902948343],[-117.37345358352265,47.718480878591755],[-117.37886582478698,47.718560148962034],[-117.37914784103823,47.72721795196299],[-117.3877791223569,47.7272525890433]]]},"properties":{"COUNTY":"Spokane","PRECCODE":6110,"PRECNAME":"6110 Spokane","PRECINCT":"Spokane 6110","DESCRIPTIO":"Lyons Southeast (Bluegrass Street, Arlington Elementary School, Morgan Park)","OFFICE":"County Proposition 1","JURISDICTION":"County","RACE":"Spokane County County Proposition 1","Name_1":"Rejected","Party_1":"No_1","Votes_1":"173","Name_2":"Approved","Party_2":"Yes_1","Votes_2":"4","Name_3":null,"Party_3":null,"Votes_3":"0","Name_4":null,"Party_4":null,"Votes_4":"0","Name_5":null,"Party_5":null,"Votes_5":"0","Name_6":null,"Party_6":null,"Votes_6":"0","Name_7":null,"Party_7":null,"Votes_7":"0","Votes_total":"177","Pct_1":97.74,"Pct_2":2.26,"Pct_3":0,"Pct_4":0,"Pct_5":0,"Pct_6":0,"Pct_7":0,"Margin":95.48}},
{"type":"Feature","geometry":{"type":"Polygon","coordinates":[[[-117.37892670936061,47.69696708826036],[-117.37890777416374,47.7005839204368],[-117.39510348220652,47.70066273496162],[-117.39512677658719,47.6961367440233],[-117.37892670936061,47.69696708826036]]]},"properties":{"COUNTY":"Spokane","PRECCODE":6111,"PRECNAME":"6111 Spokane","PRECINCT":"Spokane 6111","DESCRIPTIO":"Bemiss Northwest (John R. Rogers High School, Hillyard Automotive)","OFFICE":"County Proposition 1","JURISDICTION":"County","RACE":"Spokane County County Proposition 1","Name_1":"Approved","Party_1":"Yes_1","Votes_1":"17","Name_2":null,"Party_2":null,"Votes_2":"0","Name_3":null,"Party_3":null,"Votes_3":"0","Name_4":null,"Party_4":null,"Votes_4":"0","Name_5":null,"Party_5":null,"Votes_5":"0","Name_6":null,"Party_6":null,"Votes_6":"0","Name_7":null,"Party_7":null,"Votes_7":"0","Votes_total":"17","Pct_1":100,"Pct_2":0,"Pct_3":0,"Pct_4":0,"Pct_5":0,"Pct_6":0,"Pct_7":0,"Margin":100}},
{"type":"Feature","geometry":{"type":"Polygon","coordinates":[[[-117.3951612597834,47.69080879237677],[-117.39512677658719,47.6961367440233],[-117.4112243460053,47.69612423842745],[-117.41120142225168,47.69079955416658],[-117.3951612597834,47.69080879237677]]]},"properties":{"COUNTY":"Spokane","PRECCODE":6113,"PRECNAME":"6113 Spokane","PRECINCT":"Spokane 6113","DESCRIPTIO":"Lidgerwood South (Byrne Park, Longfellow Elementary School)","OFFICE":"County Proposition 1","JURISDICTION":"County","RACE":"Spokane County County Proposition 1","Name_1":"Rejected","Party_1":"No_1","Votes_1":"106","Name_2":"Approved","Party_2":"Yes_1","Votes_2":"1","Name_3":null,"Party_3":null,"Votes_3":"0","Name_4":null,"Party_4":null,"Votes_4":"0","Name_5":null,"Party_5":null,"Votes_5":"0","Name_6":null,"Party_6":null,"Votes_6":"0","Name_7":null,"Party_7":null,"Votes_7":"0","Votes_total":"107","Pct_1":99.07,"Pct_2":0.93,"Pct_3":0,"Pct_4":0,"Pct_5":0,"Pct_6":0,"Pct_7":0,"Margin":98.14}},
{"type":"Feature","geometry":{"type":"Polygon","coordinates":[[[-117.37892670936061,47.69696708826036],[-117.39512677658719,47.6961367440233],[-117.3951612597834,47.69080879237677],[-117.37898066272649,47.69125158700375],[-117.37896696146156,47.69353684411342],[-117.37892670936061,47.69696708826036]]]},"properties":{"COUNTY":"Spokane","PRECCODE":6114,"PRECNAME":"6114 Spokane","PRECINCT":"Spokane 6114","DESCRIPTIO":"Bemiss West (E Lacrosse & Perry, Hays Park)","OFFICE":"County Proposition 1","JURISDICTION":"County","RACE":"Spokane County County Proposition 1","Name_1":"Approved","Party_1":"Yes_1","Votes_1":"137","Name_2":"Rejected","Party_2":"No_1","Votes_2":"54","Name_3":null,"Party_3":null,"Votes_3":"0","Name_4":null,"Party_4":null,"Votes_4":"0","Name_5":null,"Party_5":null,"Votes_5":"0","Name_6":null,"Party_6":null,"Votes_6":"0","Name_7":null,"Party_7":null,"Votes_7":"0","Votes_total":"191","Pct_1":71.73,"Pct_2":28.27,"Pct_3":0,"Pct_4":0,"Pct_5":0,"Pct_6":0,"Pct_7":0,"Margin":43.46}},
{"type":"Feature","geometry":{"type":"Polygon","coordinates":[[[-117.39519714607617,47.686242703465496],[-117.3951612597834,47.69080879237677],[-117.41120142225168,47.69079955416658],[-117.41118283815645,47.68623329570568],[-117.40864183573122,47.68622718629091],[-117.40037726090733,47.686250683227904],[-117.39519714607617,47.686242703465496]]]},"properties":{"COUNTY":"Spokane","PRECCODE":6115,"PRECNAME":"6115 Spokane","PRECINCT":"Spokane 6115","DESCRIPTIO":"Lidgerwood Far South (Christ Church Spokane, E Dalton & Cincinnati)","OFFICE":"County Proposition 1","JURISDICTION":"County","RACE":"Spokane County County Proposition 1","Name_1":"Rejected","Party_1":"No_1","Votes_1":"23","Name_2":"Approved","Party_2":"Yes_1","Votes_2":"3","Name_3":null,"Party_3":null,"Votes_3":"0","Name_4":null,"Party_4":null,"Votes_4":"0","Name_5":null,"Party_5":null,"Votes_5":"0","Name_6":null,"Party_6":null,"Votes_6":"0","Name_7":null,"Party_7":null,"Votes_7":"0","Votes_total":"26","Pct_1":88.46,"Pct_2":11.54,"Pct_3":0,"Pct_4":0,"Pct_5":0,"Pct_6":0,"Pct_7":0,"Margin":76.92}},
{"type":"Feature","geometry":{"type":"Polygon","coordinates":[[[-117.37898066272649,47.69125158700375],[-117.3951612597834,47.69080879237677],[-117.39519714607617,47.686242703465496],[-117.38476156424261,47.68623941274939],[-117.37899670985611,47.6861858036193],[-117.37898066272649,47.69125158700375]]]},"properties":{"COUNTY":"Spokane","PRECCODE":6116,"PRECNAME":"6116 Spokane","PRECINCT":"Spokane 6116","DESCRIPTIO":"Bemiss Southwest (Trinity United Methodist Church, Barbieri Student Center)","OFFICE":"County Proposition 1","JURISDICTION":"County","RACE":"Spokane County County Proposition 1","Name_1":"Rejected","Party_1":"No_1","Votes_1":"89","Name_2":"Approved","Party_2":"Yes_1","Votes_2":"4","Name_3":null,"Party_3":null,"Votes_3":"0","Name_4":null,"Party_4":null,"Votes_4":"0","Name_5":null,"Party_5":null,"Votes_5":"0","Name_6":null,"Party_6":null,"Votes_6":"0","Name_7":null,"Party_7":null,"Votes_7":"0","Votes_total":"93","Pct_1":95.7,"Pct_2":4.3,"Pct_3":0,"Pct_4":0,"Pct_5":0,"Pct_6":0,"Pct_7":0,"Margin":91.4}},
{"type":"Feature","geometry":{"type":"Polygon","coordinates":[[[-117.3590777564967,47.68619659289904],[-117.3605363626992,47.689841536030684],[-117.36335413678874,47.68983434373497],[-117.36332329688368,47.69343764832965],[-117.37896696146156,47.69353684411342],[-117.37899670985611,47.6861858036193],[-117.37323688343224,47.68618105113832],[-117.3680904725803,47.686184408972565],[-117.3672898419533,47.686235623204915],[-117.3598877860708,47.68624145178364],[-117.35949872011959,47.686237800181324],[-117.3590777564967,47.68619659289904]]]},"properties":{"COUNTY":"Spokane","PRECCODE":6117,"PRECNAME":"6117 Spokane","PRECINCT":"Spokane 6117","DESCRIPTIO":"Bemiss East (Andrew Rypien Field, Westfall Village Apartments, Bemiss Elementary School)","OFFICE":"County Proposition 1","JURISDICTION":"County","RACE":"Spokane County County Proposition 1","Name_1":"Approved","Party_1":"Yes_1","Votes_1":"10","Name_2":null,"Party_2":null,"Votes_2":"0","Name_3":null,"Party_3":null,"Votes_3":"0","Name_4":null,"Party_4":null,"Votes_4":"0","Name_5":null,"Party_5":null,"Votes_5":"0","Name_6":null,"Party_6":null,"Votes_6":"0","Name_7":null,"Party_7":null,"Votes_7":"0","Votes_total":"10","Pct_1":100,"Pct_2":0,"Pct_3":0,"Pct_4":0,"Pct_5":0,"Pct_6":0,"Pct_7":0,"Margin":100}},
{"type":"Feature","geometry":{"type":"Polygon","coordinates":[[[-117.3636023439471,47.68601691868176],[-117.36362780986838,47.68610474303356],[-117.36364255387994,47.68623891126673],[-117.3672898419533,47.686235623204915],[-117.3680904725803,47.686184408972565],[-117.37323688343224,47.68618105113832],[-117.37899670985611,47.6861858036193],[-117.37899758315788,47.6805101021519],[-117.37898117741564,47.67718068261],[-117.37434947202917,47.67871982078031],[-117.36825949804582,47.679583298566165],[-117.36373917192931,47.67839956832759],[-117.36370115978248,47.679196736142195],[-117.36367329851592,47.68246168091809],[-117.36363792171412,47.68427583009453],[-117.36362657266645,47.68475710309629],[-117.36359879668407,47.6855742697518],[-117.3636023439471,47.68601691868176]]]},"properties":{"COUNTY":"Spokane","PRECCODE":6118,"PRECNAME":"6118 Spokane","PRECINCT":"Spokane 6118","DESCRIPTIO":"Bemiss Far Southeast (E Illinois & Regal, River's Edge Apartments, Euclid Plaza Shopping Center)","OFFICE":"County Proposition 1","JURISDICTION":"County","RACE":"Spokane County County Proposition 1","Name_1":"Rejected","Party_1":"No_1","Votes_1":"1","Name_2":null,"Party_2":null,"Votes_2":"0","Name_3":null,"Party_3":null,"Votes_3":"0","Name_4":null,"Party_4":null,"Votes_4":"0","Name_5":null,"Party_5":null,"Votes_5":"0","Name_6":null,"Party_6":null,"Votes_6":"0","Name_7":null,"Party_7":null,"Votes_7":"0","Votes_total":"1","Pct_1":100,"Pct_2":0,"Pct_3":0,"Pct_4":0,"Pct_5":0,"Pct_6":0,"Pct_7":0,"Margin":100}},
{"type":"Feature","geometry":{"type":"Polygon","coordinates":[[[-117.3466694851,47.686075569640906],[-117.35057350663985,47.68742174769578],[-117.3590777564967,47.68619659289904],[-117.35949872011959,47.686237800181324],[-117.3598877860708,47.68624145178364],[-117.36364255387994,47.68623891126673],[-117.36362780986838,47.68610474303356],[-117.3636023439471,47.68601691868176],[-117.36359879668407,47.6855742697518],[-117.36362657266645,47.68475710309629],[-117.36363792171412,47.68427583009453],[-117.36367329851592,47.68246168091809],[-117.3636763843004,47.68158541839637],[-117.35217069506906,47.681576655451785],[-117.34873436237605,47.68131124709942],[-117.34668637525131,47.68131620981528],[-117.3466939454994,47.68261210764318],[-117.3466694851,47.686075569640906]]]},"properties":{"COUNTY":"Spokane","PRECCODE":6119,"PRECNAME":"6119 Spokane","PRECINCT":"Spokane 6119","DESCRIPTIO":"Minnehaha North (E Fairview & Freya, Covenant of Grace Church)","OFFICE":"County Proposition 1","JURISDICTION":"County","RACE":"Spokane County County Proposition 1","Name_1":"Rejected","Party_1":"No_1","Votes_1":"58","Name_2":"Approved","Party_2":"Yes_1","Votes_2":"2","Name_3":null,"Party_3":null,"Votes_3":"0","Name_4":null,"Party_4":null,"Votes_4":"0","Name_5":null,"Party_5":null,"Votes_5":"0","Name_6":null,"Party_6":null,"Votes_6":"0","Name_7":null,"Party_7":null,"Votes_7":"0","Votes_total":"60","Pct_1":96.67,"Pct_2":3.33,"Pct_3":0,"Pct_4":0,"Pct_5":0,"Pct_6":0,"Pct_7":0,"Margin":93.34}},
{"type":"Feature","geometry":{"type":"Polygon","coordinates":[[[-117.34668637525131,47.68131620981528],[-117.35217069506906,47.681576655451785],[-117.3636763843004,47.68158541839637],[-117.36370115978248,47.679196736142195],[-117.36373917192931,47.67839956832759],[-117.35549375882746,47.67641751300254],[-117.34673913849907,47.67637977905433],[-117.34668060684065,47.67902144391289],[-117.34668637525131,47.68131620981528]]]},"properties":{"COUNTY":"Spokane","PRECCODE":6120,"PRECNAME":"6120 Spokane","PRECINCT":"Spokane 6120","DESCRIPTIO":"Minnehaha South (E Upriver Dr & Freya, Upriver Court)","OFFICE":"County Proposition 1","JURISDICTION":"County","RACE":"Spokane County County Proposition 1","Name_1":"Approved","Party_1":"Yes_1","Votes_1":"68","Name_2":"Rejected","Party_2":"No_1","Votes_2":"21","Name_3":null,"Party_3":null,"Votes_3":"0","Name_4":null,"Party_4":null,"Votes_4":"0","Name_5":null,"Party_5":null,"Votes_5":"0","Name_6":null,"Party_6":null,"Votes_6":"0","Name_7":null,"Party_7":null,"Votes_7":"0","Votes_total":"89","Pct_1":76.4,"Pct_2":23.6,"Pct_3":0,"Pct_4":0,"Pct_5":0,"Pct_6":0,"Pct_7":0,"Margin":52.8}},
{"type":"Feature","geometry":{"type":"Polygon","coordinates":[[[-117.39534797979204,47.715059677862996],[-117.40932769336986,47.71508895957324],[-117.41058817565543,47.71510522884989],[-117.41119664540703,47.7150958314926],[-117.41120012545508,47.71387768917336],[-117.41124816081673,47.711645578966134],[-117.41125212664893,47.70997580271409],[-117.41123350779002,47.709390512007936],[-117.4112347600377,47.70906376986541],[-117.41125405025876,47.70790380380316],[-117.39527856889417,47.70790942322537],[-117.39530915559747,47.70924896098343],[-117.39534797979204,47.715059677862996]]]},"properties":{"COUNTY":"Spokane","PRECCODE":6121,"PRECNAME":"6121 Spokane","PRECINCT":"Spokane 6121","DESCRIPTIO":"Lidgerwood North (Nevada Park, Lidgerwood Elementary School, Woodstone Apartments)","OFFICE":"County Proposition 1","JURISDICTION":"County","RACE":"Spokane County County Proposition 1","Name_1":"Rejected","Party_1":"No_1","Votes_1":"31","Name_2":"Approved","Party_2":"Yes_1","Votes_2":"9","Name_3":null,"Party_3":null,"Votes_3":"0","Name_4":null,"Party_4":null,"Votes_4":"0","Name_5":null,"Party_5":null,"Votes_5":"0","Name_6":null,"Party_6":null,"Votes_6":"0","Name_7":null,"Party_7":null,"Votes_7":"0","Votes_total":"40","Pct_1":77.5,"Pct_2":22.5,"Pct_3":0,"Pct_4":0,"Pct_5":0,"Pct_6":0,"Pct_7":0,"Margin":55}},
{"type":"Feature","geometry":{"type":"Polygon","coordinates":[[[-117.37869612878008,47.714926929723596],[-117.39534797979204,47.715059677862996],[-117.39531710300446,47.710591330411155],[-117.39005489616801,47.710588780263244],[-117.3815959480844,47.71052468744198],[-117.37876148201379,47.71044471099926],[-117.37869612878008,47.714926929723596]]]},"properties":{"COUNTY":"Spokane","PRECCODE":6122,"PRECNAME":"6122 Spokane","PRECINCT":"Spokane 6122","DESCRIPTIO":"Whitman North (E Decatur & Morton, E Central & Napa)","OFFICE":"County Proposition 1","JURISDICTION":"County","RACE":"Spokane County County Proposition 1","Name_1":"Approved","Party_1":"Yes_1","Votes_1":"73","Name_2":"Rejected","Party_2":"No_1","Votes_2":"4","Name_3":null,"Party_3":null,"Votes_3":"0","Name_4":null,"Party_4":null,"Votes_4":"0","Name_5":null,"Party_5":null,"Votes_5":"0","Name_6":null,"Party_6":null,"Votes_6":"0","Name_7":null,"Party_7":null,"Votes_7":"0","Votes_total":"77","Pct_1":94.81,"Pct_2":5.19,"Pct_3":0,"Pct_4":0,"Pct_5":0,"Pct_6":0,"Pct_7":0,"Margin":89.62}},
{"type":"Feature","geometry":{"type":"Polygon","coordinates":[[[-117.3631589397419,47.71032607634913],[-117.36272028813583,47.713695537952105],[-117.36273956318732,47.71493048105846],[-117.37869612878008,47.714926929723596],[-117.37876148201379,47.71044471099926],[-117.3631589397419,47.71032607634913]]]},"properties":{"COUNTY":"Spokane","PRECCODE":6123,"PRECNAME":"6123 Spokane","PRECINCT":"Spokane 6123","DESCRIPTIO":"Hillyard Northwest (Harmon-Shipley Park, G&B Grocery)","OFFICE":"County Proposition 1","JURISDICTION":"County","RACE":"Spokane County County Proposition 1","Name_1":"Approved","Party_1":"Yes_1","Votes_1":"11","Name_2":null,"Party_2":null,"Votes_2":"0","Name_3":null,"Party_3":null,"Votes_3":"0","Name_4":null,"Party_4":null,"Votes_4":"0","Name_5":null,"Party_5":null,"Votes_5":"0","Name_6":null,"Party_6":null,"Votes_6":"0","Name_7":null,"Party_7":null,"Votes_7":"0","Votes_total":"11","Pct_1":100,"Pct_2":0,"Pct_3":0,"Pct_4":0,"Pct_5":0,"Pct_6":0,"Pct_7":0,"Margin":100}},
{"type":"Feature","geometry":{"type":"Polygon","coordinates":[[[-117.40325086176526,47.70067928446807],[-117.40053683114073,47.70067224629026],[-117.40053186820117,47.701460824382565],[-117.40057048508359,47.70423070804223],[-117.40049430412087,47.70450604465899],[-117.40053903780931,47.707912046444775],[-117.41125405025876,47.70790380380316],[-117.41125033394445,47.703863003791724],[-117.4112476826085,47.700725356514624],[-117.40325086176526,47.70067928446807]]]},"properties":{"COUNTY":"Spokane","PRECCODE":6125,"PRECNAME":"6125 Spokane","PRECINCT":"Spokane 6125","DESCRIPTIO":"Lidgerwood North-Center (Northtown Mall, E North & Addison)","OFFICE":"County Proposition 1","JURISDICTION":"County","RACE":"Spokane County County Proposition 1","Name_1":"Approved","Party_1":"Yes_1","Votes_1":"1","Name_2":null,"Party_2":null,"Votes_2":"0","Name_3":null,"Party_3":null,"Votes_3":"0","Name_4":null,"Party_4":null,"Votes_4":"0","Name_5":null,"Party_5":null,"Votes_5":"0","Name_6":null,"Party_6":null,"Votes_6":"0","Name_7":null,"Party_7":null,"Votes_7":"0","Votes_total":"1","Pct_1":100,"Pct_2":0,"Pct_3":0,"Pct_4":0,"Pct_5":0,"Pct_6":0,"Pct_7":0,"Margin":100}},
{"type":"Feature","geometry":{"type":"Polygon","coordinates":[[[-117.37876148201379,47.71044471099926],[-117.3815959480844,47.71052468744198],[-117.39005489616801,47.710588780263244],[-117.39531710300446,47.710591330411155],[-117.39519974764966,47.7056949030333],[-117.38238586823475,47.705634947883915],[-117.3823781098636,47.70603965301161],[-117.37883083969632,47.706012908699854],[-117.37876148201379,47.71044471099926]]]},"properties":{"COUNTY":"Spokane","PRECCODE":6127,"PRECNAME":"6127 Spokane","PRECINCT":"Spokane 6127","DESCRIPTIO":"Whitman Center (Whitman Elementary School, Rochester Heights Park, North Avenue Learning Center)","OFFICE":"County Proposition 1","JURISDICTION":"County","RACE":"Spokane County County Proposition 1","Name_1":"Approved","Party_1":"Yes_1","Votes_1":"35","Name_2":"Rejected","Party_2":"No_1","Votes_2":"5","Name_3":null,"Party_3":null,"Votes_3":"0","Name_4":null,"Party_4":null,"Votes_4":"0","Name_5":null,"Party_5":null,"Votes_5":"0","Name_6":null,"Party_6":null,"Votes_6":"0","Name_7":null,"Party_7":null,"Votes_7":"0","Votes_total":"40","Pct_1":87.5,"Pct_2":12.5,"Pct_3":0,"Pct_4":0,"Pct_5":0,"Pct_6":0,"Pct_7":0,"Margin":75}},
{"type":"Feature","geometry":{"type":"Polygon","coordinates":[[[-117.37876148201379,47.71044471099926],[-117.37884542156824,47.70512751793475],[-117.37614186637822,47.70510297028241],[-117.36312453286114,47.705127910600005],[-117.3631589397419,47.71032607634913],[-117.37876148201379,47.71044471099926]]]},"properties":{"COUNTY":"Spokane","PRECCODE":6128,"PRECNAME":"6128 Spokane","PRECINCT":"Spokane 6128","DESCRIPTIO":"Hillyard West (James J. Hill Park, Fellowship Church of God)","OFFICE":"County Proposition 1","JURISDICTION":"County","RACE":"Spokane County County Proposition 1","Name_1":"Rejected","Party_1":"No_1","Votes_1":"31","Name_2":"Approved","Party_2":"Yes_1","Votes_2":"8","Name_3":null,"Party_3":null,"Votes_3":"0","Name_4":null,"Party_4":null,"Votes_4":"0","Name_5":null,"Party_5":null,"Votes_5":"0","Name_6":null,"Party_6":null,"Votes_6":"0","Name_7":null,"Party_7":null,"Votes_7":"0","Votes_total":"39","Pct_1":79.49,"Pct_2":20.51,"Pct_3":0,"Pct_4":0,"Pct_5":0,"Pct_6":0,"Pct_7":0,"Margin":58.98}},
{"type":"Feature","geometry":{"type":"Polygon","coordinates":[[[-117.37883083969632,47.706012908699854],[-117.3823781098636,47.70603965301161],[-117.38238586823475,47.705634947883915],[-117.39519974764966,47.7056949030333],[-117.39510348220652,47.70066273496162],[-117.37890777416374,47.7005839204368],[-117.37883083969632,47.706012908699854]]]},"properties":{"COUNTY":"Spokane","PRECCODE":6129,"PRECNAME":"6129 Spokane","PRECINCT":"Spokane 6129","DESCRIPTIO":"Whitman South (E Crown & Morton, E Queen & Martin)","OFFICE":"County Proposition 1","JURISDICTION":"County","RACE":"Spokane County County Proposition 1","Name_1":"Rejected","Party_1":"No_1","Votes_1":"2","Name_2":null,"Party_2":null,"Votes_2":"0","Name_3":null,"Party_3":null,"Votes_3":"0","Name_4":null,"Party_4":null,"Votes_4":"0","Name_5":null,"Party_5":null,"Votes_5":"0","Name_6":null,"Party_6":null,"Votes_6":"0","Name_7":null,"Party_7":null,"Votes_7":"0","Votes_total":"2","Pct_1":100,"Pct_2":0,"Pct_3":0,"Pct_4":0,"Pct_5":0,"Pct_6":0,"Pct_7":0,"Margin":100}},
{"type":"Feature","geometry":{"type":"Polygon","coordinates":[[[-117.39512677658719,47.6961367440233],[-117.39510348220652,47.70066273496162],[-117.40325086176526,47.70067928446807],[-117.4112476826085,47.700725356514624],[-117.4112243460053,47.69612423842745],[-117.39512677658719,47.6961367440233]]]},"properties":{"COUNTY":"Spokane","PRECCODE":6131,"PRECNAME":"6131 Spokane","PRECINCT":"Spokane 6131","DESCRIPTIO":"Lidgerwood South-Center (Glass Park, E Hoffman & Mayfair)","OFFICE":"County Proposition 1","JURISDICTION":"County","RACE":"Spokane County County Proposition 1","Name_1":"Rejected","Party_1":"No_1","Votes_1":"6","Name_2":null,"Party_2":null,"Votes_2":"0","Name_3":null,"Party_3":null,"Votes_3":"0","Name_4":null,"Party_4":null,"Votes_4":"0","Name_5":null,"Party_5":null,"Votes_5":"0","Name_6":null,"Party_6":null,"Votes_6":"0","Name_7":null,"Party_7":null,"Votes_7":"0","Votes_total":"6","Pct_1":100,"Pct_2":0,"Pct_3":0,"Pct_4":0,"Pct_5":0,"Pct_6":0,"Pct_7":0,"Margin":100}},
{"type":"Feature","geometry":{"type":"Polygon","coordinates":[[[-117.38476156424261,47.68623941274939],[-117.38924901203823,47.686239185406464],[-117.38912297493681,47.68245521040334],[-117.38552597490371,47.6824392106006],[-117.38354724583156,47.67981944316567],[-117.37899758315788,47.6805101021519],[-117.37899670985611,47.6861858036193],[-117.38476156424261,47.68623941274939]]]},"properties":{"COUNTY":"Spokane","PRECCODE":6132,"PRECNAME":"6132 Spokane","PRECINCT":"Spokane 6132","DESCRIPTIO":"Logan Northeast (Avon Place, E Fairview & Hogan)","OFFICE":"County Proposition 1","JURISDICTION":"County","RACE":"Spokane County County Proposition 1","Name_1":"Approved","Party_1":"Yes_1","Votes_1":"10","Name_2":"Rejected","Party_2":"No_1","Votes_2":"2","Name_3":null,"Party_3":null,"Votes_3":"0","Name_4":null,"Party_4":null,"Votes_4":"0","Name_5":null,"Party_5":null,"Votes_5":"0","Name_6":null,"Party_6":null,"Votes_6":"0","Name_7":null,"Party_7":null,"Votes_7":"0","Votes_total":"12","Pct_1":83.33,"Pct_2":16.67,"Pct_3":0,"Pct_4":0,"Pct_5":0,"Pct_6":0,"Pct_7":0,"Margin":66.66}},
{"type":"Feature","geometry":{"type":"Polygon","coordinates":[[[-117.46453488837982,47.653782951146],[-117.46500594615355,47.653947190329404],[-117.4708127918572,47.6555248985481],[-117.47788757759567,47.65313449041093],[-117.47883822275794,47.65301243686263],[-117.47953136023308,47.65104001351025],[-117.48078866966017,47.64975618111903],[-117.48084482519667,47.64963889066124],[-117.48067387413224,47.64953526250137],[-117.47542196735749,47.64679470392298],[-117.47565081481164,47.64291921646857],[-117.48501773350603,47.64296048476941],[-117.48637490723725,47.644843080778735],[-117.49235665844567,47.644754797824945],[-117.49232688756285,47.645850254375986],[-117.50051236356754,47.64470898754117],[-117.50230521117517,47.64616192318648],[-117.50624451535522,47.64482123641799],[-117.51027752901275,47.64662362976851],[-117.53981973786962,47.64675001827736],[-117.55035964457221,47.64663472772455],[-117.55035978699357,47.64286989817748],[-117.55033688106491,47.64282968377125],[-117.55071305440462,47.642097795567274],[-117.55088915136096,47.641782428215066],[-117.55092336589608,47.63771343150548],[-117.55558055139721,47.637491900424706],[-117.55560565739303,47.635675923026604],[-117.55044588832169,47.63573698061177],[-117.55046525576606,47.63391975053455],[-117.56093050305996,47.630032268816535],[-117.56093319338864,47.628363151243505],[-117.57169794263365,47.62836047680413],[-117.5763919620416,47.62652712822315],[-117.58247446902564,47.62650383053435],[-117.58248759688398,47.6246911099131],[-117.59327016016061,47.624718373369866],[-117.59324765887537,47.62826044087709],[-117.60391195872873,47.62828848705765],[-117.60399299213948,47.61377707999566],[-117.58064509583744,47.613741880485435],[-117.5806380390302,47.61147041812769],[-117.58591839859139,47.61146680327167],[-117.58590842498978,47.60565272565699],[-117.58099697224087,47.60564702458924],[-117.58100236942721,47.60192481442913],[-117.57529000055492,47.60235382675071],[-117.57527516486121,47.60555779018059],[-117.5698644994819,47.607343052165135],[-117.56720716749678,47.6109610924769],[-117.56456673993699,47.61095554947786],[-117.56433567554112,47.6083666370849],[-117.56191509273981,47.608370715570075],[-117.56444285549013,47.607273554541614],[-117.56445654127467,47.604622593265645],[-117.56203279058995,47.605144606612505],[-117.56215781016226,47.601846306620324],[-117.55413745995486,47.60172748312187],[-117.54577173646898,47.60871295930991],[-117.51859641617126,47.61371588402975],[-117.51859262772145,47.61379940529396],[-117.51483071882932,47.61379888778385],[-117.51429802853437,47.614220862433925],[-117.51399845274106,47.614494542486035],[-117.48915006726612,47.63789471876593],[-117.4826156264548,47.63507091421445],[-117.4801226819141,47.63483024712018],[-117.47760968773032,47.63576793469599],[-117.4769342490526,47.63507413925112],[-117.47425026530706,47.63658475179217],[-117.47324214182265,47.636584979979034],[-117.47186112153342,47.637187292044835],[-117.47192122568164,47.63723647264003],[-117.47223693760381,47.63756304099444],[-117.46511397386527,47.64069092377526],[-117.46499619584256,47.64500561534344],[-117.46290267493352,47.64600149322595],[-117.46642735516164,47.648836628535236],[-117.46453488837982,47.653782951146]]]},"properties":{"COUNTY":"Spokane","PRECCODE":6200,"PRECNAME":"6200 Spokane","PRECINCT":"Spokane 6200","DESCRIPTIO":"West Hills West (Indian Canyon Apartments, Sunset Frontage Road)","OFFICE":"County Proposition 1","JURISDICTION":"County","RACE":"Spokane County County Proposition 1","Name_1":"Rejected","Party_1":"No_1","Votes_1":"2","Name_2":"Approved","Party_2":"Yes_1","Votes_2":"1","Name_3":null,"Party_3":null,"Votes_3":"0","Name_4":null,"Party_4":null,"Votes_4":"0","Name_5":null,"Party_5":null,"Votes_5":"0","Name_6":null,"Party_6":null,"Votes_6":"0","Name_7":null,"Party_7":null,"Votes_7":"0","Votes_total":"3","Pct_1":66.67,"Pct_2":33.33,"Pct_3":0,"Pct_4":0,"Pct_5":0,"Pct_6":0,"Pct_7":0,"Margin":33.34}},
{"type":"Feature","geometry":{"type":"Polygon","coordinates":[[[-117.49392601867041,47.752072553304394],[-117.49403405096407,47.75235440437649],[-117.49470906087258,47.7545831307805],[-117.49485540687583,47.75512711557244],[-117.49520266100392,47.75623871555749],[-117.4957343635262,47.75822274952395],[-117.49581065643144,47.75870391453201],[-117.51804127477101,47.758709764913796],[-117.52128690122268,47.75867595578],[-117.51941611154622,47.75770412041167],[-117.51173473676575,47.751677560533],[-117.5011932404693,47.75100535490569],[-117.50093778381392,47.74760032277102],[-117.50078131433699,47.74726646428951],[-117.50048284720386,47.747028339178904],[-117.50038823565347,47.74698364440516],[-117.49994989505032,47.74686518678579],[-117.4991831782821,47.74693483440355],[-117.49200521239415,47.74924052677679],[-117.49271451910153,47.750232414527616],[-117.49278359267154,47.75035078561082],[-117.49311756696316,47.75082014309067],[-117.49339027814537,47.751239614947416],[-117.49355875219914,47.7514286894506],[-117.49392601867041,47.752072553304394]]]},"properties":{"COUNTY":"Spokane","PRECCODE":6300,"PRECNAME":"6300 Spokane","PRECINCT":"Spokane 6300","DESCRIPTIO":"North Indian Trail Northwest (W Ridgecrest Dr & Sundance Dr, Iroquois Drive)","OFFICE":"County Proposition 1","JURISDICTION":"County","RACE":"Spokane County County Proposition 1","Name_1":"Approved","Party_1":"Yes_1","Votes_1":"15","Name_2":null,"Party_2":null,"Votes_2":"0","Name_3":null,"Party_3":null,"Votes_3":"0","Name_4":null,"Party_4":null,"Votes_4":"0","Name_5":null,"Party_5":null,"Votes_5":"0","Name_6":null,"Party_6":null,"Votes_6":"0","Name_7":null,"Party_7":null,"Votes_7":"0","Votes_total":"15","Pct_1":100,"Pct_2":0,"Pct_3":0,"Pct_4":0,"Pct_5":0,"Pct_6":0,"Pct_7":0,"Margin":100}},
{"type":"Feature","geometry":{"type":"Polygon","coordinates":[[[-117.48432486866658,47.74837620953666],[-117.48386850618492,47.74839673933577],[-117.48334057944142,47.74845238544189],[-117.48288332573762,47.748528188753255],[-117.4824416894308,47.748625469049976],[-117.48199431514794,47.74875045818915],[-117.48083781193752,47.74922085261118],[-117.47879278976247,47.75055450552647],[-117.47497837862079,47.75308610455689],[-117.47487807508536,47.75879823852638],[-117.485634977689,47.75873094108592],[-117.49581065643144,47.75870391453201],[-117.4957343635262,47.75822274952395],[-117.49520266100392,47.75623871555749],[-117.49485540687583,47.75512711557244],[-117.49475472853732,47.754743703516446],[-117.49387113565562,47.754789876271666],[-117.49352064697395,47.75482980712378],[-117.49205149855473,47.755143819240935],[-117.4879964380747,47.7551568367329],[-117.48454406523463,47.75069503989119],[-117.48417437508029,47.74943732915565],[-117.48419333575735,47.748930123914526],[-117.48423609838011,47.74868745862021],[-117.48432486866658,47.74837620953666]]]},"properties":{"COUNTY":"Spokane","PRECCODE":6301,"PRECNAME":"6301 Spokane","PRECINCT":"Spokane 6301","DESCRIPTIO":"North Indian Trail Northeast (Meadowglen Park, Skyline Drive, Fernwood Court)","OFFICE":"County Proposition 1","JURISDICTION":"County","RACE":"Spokane County County Proposition 1","Name_1":"Approved","Party_1":"Yes_1","Votes_1":"1","Name_2":null,"Party_2":null,"Votes_2":"0","Name_3":null,"Party_3":null,"Votes_3":"0","Name_4":null,"Party_4":null,"Votes_4":"0","Name_5":null,"Party_5":null,"Votes_5":"0","Name_6":null,"Party_6":null,"Votes_6":"0","Name_7":null,"Party_7":null,"Votes_7":"0","Votes_total":"1","Pct_1":100,"Pct_2":0,"Pct_3":0,"Pct_4":0,"Pct_5":0,"Pct_6":0,"Pct_7":0,"Margin":100}},
{"type":"Feature","geometry":{"type":"Polygon","coordinates":[[[-117.47242439208677,47.74621460279139],[-117.47237248928181,47.749405859026204],[-117.4750418620133,47.74942371135771],[-117.47497837862079,47.75308610455689],[-117.47879278976247,47.75055450552647],[-117.48083781193752,47.74922085261118],[-117.48199431514794,47.74875045818915],[-117.4824416894308,47.748625469049976],[-117.48303008071183,47.74850053230182],[-117.48358439745142,47.74842307918495],[-117.4840067807092,47.7483869705887],[-117.48463873416071,47.74837051554294],[-117.48572141570457,47.748443575230475],[-117.48694269393876,47.74829189216763],[-117.49045102311794,47.747067331958156],[-117.48893841689558,47.7450944982028],[-117.48875351907195,47.74489493183298],[-117.47756517055346,47.74491121982244],[-117.47535251607468,47.74590101573836],[-117.47352651814789,47.745988266734294],[-117.47327983959461,47.74602749087099],[-117.47242439208677,47.74621460279139]]]},"properties":{"COUNTY":"Spokane","PRECCODE":6303,"PRECNAME":"6303 Spokane","PRECINCT":"Spokane 6303","DESCRIPTIO":"North Indian Trail East (Woodridge Elementary School, Alpine Drive, Baywood Court)","OFFICE":"County Proposition 1","JURISDICTION":"County","RACE":"Spokane County County Proposition 1","Name_1":"Approved","Party_1":"Yes_1","Votes_1":"201","Name_2":"Rejected","Party_2":"No_1","Votes_2":"2","Name_3":null,"Party_3":null,"Votes_3":"0","Name_4":null,"Party_4":null,"Votes_4":"0","Name_5":null,"Party_5":null,"Votes_5":"0","Name_6":null,"Party_6":null,"Votes_6":"0","Name_7":null,"Party_7":null,"Votes_7":"0","Votes_total":"203","Pct_1":99.01,"Pct_2":0.99,"Pct_3":0,"Pct_4":0,"Pct_5":0,"Pct_6":0,"Pct_7":0,"Margin":98.02}},
{"type":"Feature","geometry":{"type":"Polygon","coordinates":[[[-117.48195069075105,47.73515883566489],[-117.48330780213517,47.73719296743105],[-117.49431059193961,47.73628891214301],[-117.49522337934846,47.73773239905474],[-117.49684766084641,47.73003096585659],[-117.47631688056165,47.729962887146634],[-117.48195069075105,47.73515883566489]]]},"properties":{"COUNTY":"Spokane","PRECCODE":6304,"PRECNAME":"6304 Spokane","PRECINCT":"Spokane 6304","DESCRIPTIO":"North Indian Trail Far South (Pacific Park)","OFFICE":"County Proposition 1","JURISDICTION":"County","RACE":"Spokane County County Proposition 1","Name_1":"Rejected","Party_1":"No_1","Votes_1":"119","Name_2":"Approved","Party_2":"Yes_1","Votes_2":"28","Name_3":null,"Party_3":null,"Votes_3":"0","Name_4":null,"Party_4":null,"Votes_4":"0","Name_5":null,"Party_5":null,"Votes_5":"0","Name_6":null,"Party_6":null,"Votes_6":"0","Name_7":null,"Party_7":null,"Votes_7":"0","Votes_total":"147","Pct_1":80.95,"Pct_2":19.05,"Pct_3":0,"Pct_4":0,"Pct_5":0,"Pct_6":0,"Pct_7":0,"Margin":61.9}},
{"type":"Feature","geometry":{"type":"Polygon","coordinates":[[[-117.48432486866658,47.74837620953666],[-117.48423609838011,47.74868745862021],[-117.48419333575735,47.748930123914526],[-117.48417437508029,47.74943732915565],[-117.48454406523463,47.75069503989119],[-117.4879964380747,47.7551568367329],[-117.49205149855473,47.755143819240935],[-117.49352064697395,47.75482980712378],[-117.49387113565562,47.754789876271666],[-117.49475472853732,47.754743703516446],[-117.49403405096407,47.75235440437649],[-117.49392601867041,47.752072553304394],[-117.49355875219914,47.7514286894506],[-117.49339027814537,47.751239614947416],[-117.49317665202987,47.75090726880531],[-117.49257250490058,47.750030461870374],[-117.4921876886045,47.74948708899926],[-117.49210988232649,47.749393787390595],[-117.49086259525892,47.74761217670549],[-117.49045102311794,47.747067331958156],[-117.48694269393876,47.74829189216763],[-117.48572141570457,47.748443575230475],[-117.48463873416071,47.74837051554294],[-117.48432486866658,47.74837620953666]]]},"properties":{"COUNTY":"Spokane","PRECCODE":6305,"PRECNAME":"6305 Spokane","PRECINCT":"Spokane 6305","DESCRIPTIO":"North Indian Trail North (W Ridgecrest Dr & Arrowhead Dr)","OFFICE":"County Proposition 1","JURISDICTION":"County","RACE":"Spokane County County Proposition 1","Name_1":"Approved","Party_1":"Yes_1","Votes_1":"8","Name_2":"Rejected","Party_2":"No_1","Votes_2":"2","Name_3":null,"Party_3":null,"Votes_3":"0","Name_4":null,"Party_4":null,"Votes_4":"0","Name_5":null,"Party_5":null,"Votes_5":"0","Name_6":null,"Party_6":null,"Votes_6":"0","Name_7":null,"Party_7":null,"Votes_7":"0","Votes_total":"10","Pct_1":80,"Pct_2":20,"Pct_3":0,"Pct_4":0,"Pct_5":0,"Pct_6":0,"Pct_7":0,"Margin":60}},
{"type":"Feature","geometry":{"type":"Polygon","coordinates":[[[-117.44625506097228,47.73701585571276],[-117.43601195848423,47.736907643170646],[-117.43124392103134,47.7368728602704],[-117.43086559235152,47.736853819858645],[-117.43086275729918,47.73535839478021],[-117.42726649792283,47.73827871015235],[-117.42807319870265,47.741592702326344],[-117.43215963161708,47.742163530619436],[-117.42982937955753,47.74299379101411],[-117.43042569845197,47.744070073300115],[-117.43221061456225,47.74408182312062],[-117.43891543491155,47.74418417401437],[-117.43899746897839,47.740559075271555],[-117.44616831324366,47.74064250495695],[-117.44625506097228,47.73701585571276]]]},"properties":{"COUNTY":"Spokane","PRECCODE":6306,"PRECNAME":"6306 Spokane","PRECINCT":"Spokane 6306","DESCRIPTIO":"Five Mile Prairie Northeast (Five Mile Community Church, Rossmoor Ridge)","OFFICE":"County Proposition 1","JURISDICTION":"County","RACE":"Spokane County County Proposition 1","Name_1":"Approved","Party_1":"Yes_1","Votes_1":"2","Name_2":null,"Party_2":null,"Votes_2":"0","Name_3":null,"Party_3":null,"Votes_3":"0","Name_4":null,"Party_4":null,"Votes_4":"0","Name_5":null,"Party_5":null,"Votes_5":"0","Name_6":null,"Party_6":null,"Votes_6":"0","Name_7":null,"Party_7":null,"Votes_7":"0","Votes_total":"2","Pct_1":100,"Pct_2":0,"Pct_3":0,"Pct_4":0,"Pct_5":0,"Pct_6":0,"Pct_7":0,"Margin":100}},
{"type":"Feature","geometry":{"type":"Polygon","coordinates":[[[-117.49573910479845,47.72391702645554],[-117.4960725961819,47.72403488705398],[-117.49624105340914,47.724308315895215],[-117.49584502473472,47.72616250481888],[-117.49769641880154,47.727555576082864],[-117.50108249189189,47.73002106131488],[-117.50755694804195,47.73000561497011],[-117.51069949173153,47.729979690979576],[-117.51391474769686,47.725578128115075],[-117.51317714781983,47.72151920417418],[-117.50157678958149,47.721037768192105],[-117.49902782344903,47.719367292332905],[-117.4970599839336,47.718028748840254],[-117.49611667358585,47.719108930032824],[-117.4951478115727,47.71968622122105],[-117.49616143907377,47.7231269797925],[-117.49446324245827,47.72357039018353],[-117.49466820442258,47.72382143149475],[-117.494838952988,47.723879183023726],[-117.49563458525235,47.72390806269131],[-117.49573910479845,47.72391702645554]]]},"properties":{"COUNTY":"Spokane","PRECCODE":6308,"PRECNAME":"6308 Spokane","PRECINCT":"Spokane 6308","DESCRIPTIO":"Westgate Northwest (Windriver)","OFFICE":"County Proposition 1","JURISDICTION":"County","RACE":"Spokane County County Proposition 1","Name_1":"Approved","Party_1":"Yes_1","Votes_1":"2","Name_2":null,"Party_2":null,"Votes_2":"0","Name_3":null,"Party_3":null,"Votes_3":"0","Name_4":null,"Party_4":null,"Votes_4":"0","Name_5":null,"Party_5":null,"Votes_5":"0","Name_6":null,"Party_6":null,"Votes_6":"0","Name_7":null,"Party_7":null,"Votes_7":"0","Votes_total":"2","Pct_1":100,"Pct_2":0,"Pct_3":0,"Pct_4":0,"Pct_5":0,"Pct_6":0,"Pct_7":0,"Margin":100}},
{"type":"Feature","geometry":{"type":"Polygon","coordinates":[[[-117.46644616966378,47.722454146767085],[-117.46677388493752,47.722710514192364],[-117.46718381408999,47.72297779036552],[-117.46917913173012,47.72413770764746],[-117.46959292049381,47.724417058656066],[-117.47135078538987,47.72603989104502],[-117.47778207144195,47.72235694062319],[-117.47808191710591,47.72229591188189],[-117.49101040270975,47.72270210104114],[-117.48722425873805,47.71992065714814],[-117.4763626092348,47.71529368550284],[-117.47551068816395,47.715402512242946],[-117.47546986519961,47.71939202285921],[-117.46949686274122,47.72027943654352],[-117.46948399928577,47.72191220501519],[-117.467711998566,47.721948205514224],[-117.46718699966303,47.72208420546899],[-117.4669999988478,47.72216320563074],[-117.46644616966378,47.722454146767085]]]},"properties":{"COUNTY":"Spokane","PRECCODE":6309,"PRECNAME":"6309 Spokane","PRECINCT":"Spokane 6309","DESCRIPTIO":"Balboa West (Indian Trail Elementary School, West Skyline Drive, Rifle Club Court)","OFFICE":"County Proposition 1","JURISDICTION":"County","RACE":"Spokane County County Proposition 1","Name_1":"Approved","Party_1":"Yes_1","Votes_1":"200","Name_2":"Rejected","Party_2":"No_1","Votes_2":"2","Name_3":null,"Party_3":null,"Votes_3":"0","Name_4":null,"Party_4":null,"Votes_4":"0","Name_5":null,"Party_5":null,"Votes_5":"0","Name_6":null,"Party_6":null,"Votes_6":"0","Name_7":null,"Party_7":null,"Votes_7":"0","Votes_total":"202","Pct_1":99.01,"Pct_2":0.99,"Pct_3":0,"Pct_4":0,"Pct_5":0,"Pct_6":0,"Pct_7":0,"Margin":98.02}},
{"type":"Feature","geometry":{"type":"Polygon","coordinates":[[[-117.49684766084641,47.73003096585659],[-117.50108249189189,47.73002106131488],[-117.49769641880154,47.727555576082864],[-117.49539708891547,47.725855387524504],[-117.49392928204445,47.72480601122685],[-117.49101040270975,47.72270210104114],[-117.47808191710591,47.72229591188189],[-117.47778207144195,47.72235694062319],[-117.47135078538987,47.72603989104502],[-117.4673691906929,47.72629999641852],[-117.46734558708742,47.7280971964648],[-117.4699983531662,47.729924846956706],[-117.46999128115677,47.73174612625057],[-117.47267197470872,47.73175769848799],[-117.47260845854629,47.7371894861001],[-117.47517703992493,47.73756410678908],[-117.47532671717757,47.73795530139858],[-117.47539827343635,47.73801371757012],[-117.47562543341816,47.73802740674596],[-117.4756879525351,47.73799541241367],[-117.47600402361373,47.737502662543534],[-117.48328906924006,47.73716660579998],[-117.48195069075105,47.73515883566489],[-117.47631688056165,47.729962887146634],[-117.49684766084641,47.73003096585659]]]},"properties":{"COUNTY":"Spokane","PRECCODE":6310,"PRECNAME":"6310 Spokane","PRECINCT":"Spokane 6310","DESCRIPTIO":"Balboa North (Kathleen Avenue, Residences at Indian Trail)","OFFICE":"County Proposition 1","JURISDICTION":"County","RACE":"Spokane County County Proposition 1","Name_1":"Approved","Party_1":"Yes_1","Votes_1":"271","Name_2":"Rejected","Party_2":"No_1","Votes_2":"56","Name_3":null,"Party_3":null,"Votes_3":"0","Name_4":null,"Party_4":null,"Votes_4":"0","Name_5":null,"Party_5":null,"Votes_5":"0","Name_6":null,"Party_6":null,"Votes_6":"0","Name_7":null,"Party_7":null,"Votes_7":"0","Votes_total":"327","Pct_1":82.87,"Pct_2":17.13,"Pct_3":0,"Pct_4":0,"Pct_5":0,"Pct_6":0,"Pct_7":0,"Margin":65.74}},
{"type":"Feature","geometry":{"type":"MultiPolygon","coordinates":[[[[-117.46864111232186,47.7289897857202],[-117.46840200052368,47.729061205150956],[-117.46799500207752,47.729338204939545],[-117.46788200021189,47.72949520562202],[-117.46782600210453,47.72963720498096],[-117.46774213314475,47.729922290681664],[-117.46795882696695,47.729915755622386],[-117.4699983531662,47.729924846956706],[-117.46864111232186,47.7289897857202]]],[[[-117.43982399400245,47.72381120728556],[-117.43856999423825,47.72386120859252],[-117.44036431277085,47.72955564015021],[-117.44034105396732,47.732569746130594],[-117.44025518462023,47.73695588530514],[-117.4488364331675,47.73704821754898],[-117.45375919999442,47.737098389430614],[-117.45391619997683,47.729871772346314],[-117.44680999782318,47.73060420783944],[-117.44634499705447,47.730589207668096],[-117.44068999533589,47.72497720811342],[-117.44062099555703,47.72424220733005],[-117.43982399400245,47.72381120728556]]]]},"properties":{"COUNTY":"Spokane","PRECCODE":6311,"PRECNAME":"6311 Spokane","PRECINCT":"Spokane 6311","DESCRIPTIO":"Five Mile Prairie North (Sky Prairie Park, Nathan Court, Meghan Street)","OFFICE":"County Proposition 1","JURISDICTION":"County","RACE":"Spokane County County Proposition 1","Name_1":"Rejected","Party_1":"No_1","Votes_1":"14","Name_2":"Approved","Party_2":"Yes_1","Votes_2":"1","Name_3":null,"Party_3":null,"Votes_3":"0","Name_4":null,"Party_4":null,"Votes_4":"0","Name_5":null,"Party_5":null,"Votes_5":"0","Name_6":null,"Party_6":null,"Votes_6":"0","Name_7":null,"Party_7":null,"Votes_7":"0","Votes_total":"15","Pct_1":93.33,"Pct_2":6.67,"Pct_3":0,"Pct_4":0,"Pct_5":0,"Pct_6":0,"Pct_7":0,"Margin":86.66}},
{"type":"Feature","geometry":{"type":"Polygon","coordinates":[[[-117.49611667358585,47.719108930032824],[-117.49156244629258,47.71786280976987],[-117.49154621623396,47.715426394391706],[-117.48600767723714,47.71539290388167],[-117.48722425873805,47.71992065714814],[-117.49392928204445,47.72480601122685],[-117.49539708891547,47.725855387524504],[-117.49584502473472,47.72616250481888],[-117.49624105340914,47.724308315895215],[-117.4960725961819,47.72403488705398],[-117.49573910479845,47.72391702645554],[-117.49563458525235,47.72390806269131],[-117.494838952988,47.723879183023726],[-117.49466820442258,47.72382143149475],[-117.49446324245827,47.72357039018353],[-117.49616143907377,47.7231269797925],[-117.4951478115727,47.71968622122105],[-117.49611667358585,47.719108930032824]]]},"properties":{"COUNTY":"Spokane","PRECCODE":6312,"PRECNAME":"6312 Spokane","PRECINCT":"Spokane 6312","DESCRIPTIO":"Westgate North (Westgate Village, W Rosewood & Victor)","OFFICE":"County Proposition 1","JURISDICTION":"County","RACE":"Spokane County County Proposition 1","Name_1":"Approved","Party_1":"Yes_1","Votes_1":"101","Name_2":"Rejected","Party_2":"No_1","Votes_2":"3","Name_3":null,"Party_3":null,"Votes_3":"0","Name_4":null,"Party_4":null,"Votes_4":"0","Name_5":null,"Party_5":null,"Votes_5":"0","Name_6":null,"Party_6":null,"Votes_6":"0","Name_7":null,"Party_7":null,"Votes_7":"0","Votes_total":"104","Pct_1":97.12,"Pct_2":2.88,"Pct_3":0,"Pct_4":0,"Pct_5":0,"Pct_6":0,"Pct_7":0,"Margin":94.24}},
{"type":"Feature","geometry":{"type":"Polygon","coordinates":[[[-117.47531559657548,47.69928846077855],[-117.47536790064886,47.6993876651652],[-117.47553793414093,47.70082429366007],[-117.49239645893171,47.700573387451655],[-117.49757316461817,47.69718815621712],[-117.49689683643648,47.69431915815817],[-117.494525773983,47.69336275423857],[-117.48065149820535,47.69675747792648],[-117.48070459875805,47.69793645072488],[-117.47511478465705,47.697400505709375],[-117.47531559657548,47.69928846077855]]]},"properties":{"COUNTY":"Spokane","PRECCODE":6313,"PRECNAME":"6313 Spokane","PRECINCT":"Spokane 6313","DESCRIPTIO":"Westgate South (River Ridge Shopping Center, Pauline Flett Middle School)","OFFICE":"County Proposition 1","JURISDICTION":"County","RACE":"Spokane County County Proposition 1","Name_1":"Approved","Party_1":"Yes_1","Votes_1":"14","Name_2":null,"Party_2":null,"Votes_2":"0","Name_3":null,"Party_3":null,"Votes_3":"0","Name_4":null,"Party_4":null,"Votes_4":"0","Name_5":null,"Party_5":null,"Votes_5":"0","Name_6":null,"Party_6":null,"Votes_6":"0","Name_7":null,"Party_7":null,"Votes_7":"0","Votes_total":"14","Pct_1":100,"Pct_2":0,"Pct_3":0,"Pct_4":0,"Pct_5":0,"Pct_6":0,"Pct_7":0,"Margin":100}},
{"type":"Feature","geometry":{"type":"Polygon","coordinates":[[[-117.50746312666762,47.74623214906075],[-117.50749804437285,47.74445007675067],[-117.49666067376465,47.744494495884986],[-117.4967151607762,47.74088287766349],[-117.49182086944703,47.74087497031738],[-117.49146390511956,47.74085578620852],[-117.48756183192735,47.74086718695489],[-117.48587775134676,47.740856284339195],[-117.48875351907195,47.74489493183298],[-117.48893841689558,47.7450944982028],[-117.49077692566303,47.747493866002976],[-117.49200521239415,47.74924052677679],[-117.4991831782821,47.74693483440355],[-117.49994989505032,47.74686518678579],[-117.50038823565347,47.74698364440516],[-117.50048284720386,47.747028339178904],[-117.50078131433699,47.74726646428951],[-117.50093778381392,47.74760032277102],[-117.5011932404693,47.75100535490569],[-117.51173473676575,47.751677560533],[-117.50917349719047,47.74965037231692],[-117.50746312666762,47.74623214906075]]]},"properties":{"COUNTY":"Spokane","PRECCODE":6315,"PRECNAME":"6315 Spokane","PRECINCT":"Spokane 6315","DESCRIPTIO":"North Indian Trails West (Navaho Court, Windhaven, Selkirk Lodge, Lusitano Apartments)","OFFICE":"County Proposition 1","JURISDICTION":"County","RACE":"Spokane County County Proposition 1","Name_1":"Rejected","Party_1":"No_1","Votes_1":"199","Name_2":"Approved","Party_2":"Yes_1","Votes_2":"4","Name_3":null,"Party_3":null,"Votes_3":"0","Name_4":null,"Party_4":null,"Votes_4":"0","Name_5":null,"Party_5":null,"Votes_5":"0","Name_6":null,"Party_6":null,"Votes_6":"0","Name_7":null,"Party_7":null,"Votes_7":"0","Votes_total":"203","Pct_1":98.03,"Pct_2":1.97,"Pct_3":0,"Pct_4":0,"Pct_5":0,"Pct_6":0,"Pct_7":0,"Margin":96.06}},
{"type":"Feature","geometry":{"type":"Polygon","coordinates":[[[-117.48875351907195,47.74489493183298],[-117.48848613900391,47.74450695446726],[-117.48777082937697,47.74352807002685],[-117.48399860726249,47.738212695533534],[-117.48328906924006,47.73716660579998],[-117.47600402361373,47.737502662543534],[-117.4756879525351,47.73799541241367],[-117.47562543341816,47.73802740674596],[-117.47539827343635,47.73801371757012],[-117.47532671717757,47.73795530139858],[-117.47527726870064,47.7378404327895],[-117.47517559671181,47.742266387168925],[-117.47250477166062,47.742251150966574],[-117.47242439208677,47.74621460279139],[-117.47327983959461,47.74602749087099],[-117.47352651814789,47.745988266734294],[-117.47535251607468,47.74590101573836],[-117.47756517055346,47.74491121982244],[-117.48875351907195,47.74489493183298]]]},"properties":{"COUNTY":"Spokane","PRECCODE":6316,"PRECNAME":"6316 Spokane","PRECINCT":"Spokane 6316","DESCRIPTIO":"North Indian Trails Southeast (Indian Trail Public Library, Belmont Drive)","OFFICE":"County Proposition 1","JURISDICTION":"County","RACE":"Spokane County County Proposition 1","Name_1":"Approved","Party_1":"Yes_1","Votes_1":"142","Name_2":"Rejected","Party_2":"No_1","Votes_2":"35","Name_3":null,"Party_3":null,"Votes_3":"0","Name_4":null,"Party_4":null,"Votes_4":"0","Name_5":null,"Party_5":null,"Votes_5":"0","Name_6":null,"Party_6":null,"Votes_6":"0","Name_7":null,"Party_7":null,"Votes_7":"0","Votes_total":"177","Pct_1":80.23,"Pct_2":19.77,"Pct_3":0,"Pct_4":0,"Pct_5":0,"Pct_6":0,"Pct_7":0,"Margin":60.46}},
{"type":"Feature","geometry":{"type":"Polygon","coordinates":[[[-117.59310236292349,47.64995014189525],[-117.59316083383591,47.64994996093484],[-117.59311263304565,47.65738404702292],[-117.60373038614013,47.65737680476874],[-117.60376421323116,47.650118825829644],[-117.61464397480874,47.65013378167218],[-117.61463393242282,47.642958412002564],[-117.5931678707494,47.642915142642025],[-117.5931318366295,47.64475746407273],[-117.59310236292349,47.64995014189525]]]},"properties":{"COUNTY":"Spokane","PRECCODE":6400,"PRECNAME":"6400 Airway Heights","PRECINCT":"Spokane 6400","DESCRIPTIO":"Airway Heights Northwest (Aspen Grove Park, Basalt Ridge Apartments)","OFFICE":"County Proposition 1","JURISDICTION":"County","RACE":"Spokane County County Proposition 1","Name_1":"Rejected","Party_1":"No_1","Votes_1":"140","Name_2":"Approved","Party_2":"Yes_1","Votes_2":"18","Name_3":null,"Party_3":null,"Votes_3":"0","Name_4":null,"Party_4":null,"Votes_4":"0","Name_5":null,"Party_5":null,"Votes_5":"0","Name_6":null,"Party_6":null,"Votes_6":"0","Name_7":null,"Party_7":null,"Votes_7":"0","Votes_total":"158","Pct_1":88.61,"Pct_2":11.39,"Pct_3":0,"Pct_4":0,"Pct_5":0,"Pct_6":0,"Pct_7":0,"Margin":77.22}},
{"type":"Feature","geometry":{"type":"Polygon","coordinates":[[[-117.59324765887537,47.62826044087709],[-117.59327016016061,47.624718373369866],[-117.58248759688398,47.6246911099131],[-117.58247446902564,47.62650383053435],[-117.5763919620416,47.62652712822315],[-117.57169794263365,47.62836047680413],[-117.56093319338864,47.628363151243505],[-117.56093050305996,47.630032268816535],[-117.55046525576606,47.63391975053455],[-117.55044588832169,47.63573698061177],[-117.55560565739303,47.635675923026604],[-117.55558055139721,47.637491900424706],[-117.55092336589608,47.63771343150548],[-117.55088915136096,47.641782428215066],[-117.55071305440462,47.642097795567274],[-117.55033688106491,47.64282968377125],[-117.55035978699357,47.64286989817748],[-117.57699889051709,47.642935759950575],[-117.58516623315907,47.642917599461185],[-117.59052612539342,47.6429250718002],[-117.59320954516171,47.64291428381513],[-117.60380424357689,47.64293129507558],[-117.60394396486694,47.63560649232855],[-117.60404334604175,47.62828438254872],[-117.59324765887537,47.62826044087709]]]},"properties":{"COUNTY":"Spokane","PRECCODE":6401,"PRECNAME":"6401 Airway Heights","PRECINCT":"Spokane 6401","DESCRIPTIO":"Airway Heights South (Deer Creek Apartments, Vietzke Village MHP, Shorty Combs Park)","OFFICE":"County Proposition 1","JURISDICTION":"County","RACE":"Spokane County County Proposition 1","Name_1":"Rejected","Party_1":"No_1","Votes_1":"139","Name_2":"Approved","Party_2":"Yes_1","Votes_2":"26","Name_3":null,"Party_3":null,"Votes_3":"0","Name_4":null,"Party_4":null,"Votes_4":"0","Name_5":null,"Party_5":null,"Votes_5":"0","Name_6":null,"Party_6":null,"Votes_6":"0","Name_7":null,"Party_7":null,"Votes_7":"0","Votes_total":"165","Pct_1":84.24,"Pct_2":15.76,"Pct_3":0,"Pct_4":0,"Pct_5":0,"Pct_6":0,"Pct_7":0,"Margin":68.48}},
{"type":"Feature","geometry":{"type":"Polygon","coordinates":[[[-117.58222752065605,47.64996727845734],[-117.58222729549199,47.65555651467364],[-117.59312436638437,47.65557468424762],[-117.59316083383591,47.64994996093484],[-117.5904616399657,47.64995305189479],[-117.58222752065605,47.64996727845734]]]},"properties":{"COUNTY":"Spokane","PRECCODE":6402,"PRECNAME":"6402 Airway Heights","PRECINCT":"Spokane 6402","DESCRIPTIO":"Airway Heights North (Cleveland Park, Traditions Park)","OFFICE":"County Proposition 1","JURISDICTION":"County","RACE":"Spokane County County Proposition 1","Name_1":"Rejected","Party_1":"No_1","Votes_1":"30","Name_2":null,"Party_2":null,"Votes_2":"0","Name_3":null,"Party_3":null,"Votes_3":"0","Name_4":null,"Party_4":null,"Votes_4":"0","Name_5":null,"Party_5":null,"Votes_5":"0","Name_6":null,"Party_6":null,"Votes_6":"0","Name_7":null,"Party_7":null,"Votes_7":"0","Votes_total":"30","Pct_1":100,"Pct_2":0,"Pct_3":0,"Pct_4":0,"Pct_5":0,"Pct_6":0,"Pct_7":0,"Margin":100}},
{"type":"Feature","geometry":{"type":"Polygon","coordinates":[[[-117.5931678707494,47.642915142642025],[-117.59052612539342,47.6429250718002],[-117.58516623315907,47.642917599461185],[-117.58510324534956,47.64830237885008],[-117.59047653959666,47.64830397614158],[-117.5904616399657,47.64995305189479],[-117.59310236292349,47.64995014189525],[-117.5931318366295,47.64475746407273],[-117.5931678707494,47.642915142642025]]]},"properties":{"COUNTY":"Spokane","PRECCODE":6404,"PRECNAME":"6404 Airway Heights","PRECINCT":"Spokane 6404","DESCRIPTIO":"Airway Heights West-Center (Sunset Park, Airway Heights City Hall)","OFFICE":"County Proposition 1","JURISDICTION":"County","RACE":"Spokane County County Proposition 1","Name_1":"Approved","Party_1":"Yes_1","Votes_1":"96","Name_2":"Rejected","Party_2":"No_1","Votes_2":"1","Name_3":null,"Party_3":null,"Votes_3":"0","Name_4":null,"Party_4":null,"Votes_4":"0","Name_5":null,"Party_5":null,"Votes_5":"0","Name_6":null,"Party_6":null,"Votes_6":"0","Name_7":null,"Party_7":null,"Votes_7":"0","Votes_total":"97","Pct_1":98.97,"Pct_2":1.03,"Pct_3":0,"Pct_4":0,"Pct_5":0,"Pct_6":0,"Pct_7":0,"Margin":97.94}},
{"type":"Feature","geometry":{"type":"Polygon","coordinates":[[[-117.5904616399657,47.64995305189479],[-117.59047653959666,47.64830397614158],[-117.58510324534956,47.64830237885008],[-117.58516623315907,47.642917599461185],[-117.57699889051709,47.642935759950575],[-117.57716266565068,47.64714259652626],[-117.57967520223472,47.64991870832757],[-117.58222752065605,47.64996727845734],[-117.5904616399657,47.64995305189479]]]},"properties":{"COUNTY":"Spokane","PRECCODE":6405,"PRECNAME":"6405 Airway Heights","PRECINCT":"Spokane 6405","DESCRIPTIO":"Airway Heights East-Center (Airway Heights Baptist, Skyview Heights Apartments, Chandler Street)","OFFICE":"County Proposition 1","JURISDICTION":"County","RACE":"Spokane County County Proposition 1","Name_1":"Rejected","Party_1":"No_1","Votes_1":"139","Name_2":"Approved","Party_2":"Yes_1","Votes_2":"42","Name_3":null,"Party_3":null,"Votes_3":"0","Name_4":null,"Party_4":null,"Votes_4":"0","Name_5":null,"Party_5":null,"Votes_5":"0","Name_6":null,"Party_6":null,"Votes_6":"0","Name_7":null,"Party_7":null,"Votes_7":"0","Votes_total":"181","Pct_1":76.8,"Pct_2":23.2,"Pct_3":0,"Pct_4":0,"Pct_5":0,"Pct_6":0,"Pct_7":0,"Margin":53.6}},
{"type":"Feature","geometry":{"type":"Polygon","coordinates":[[[-117.6256806347591,47.613896616267105],[-117.62548193306813,47.64288845831421],[-117.64911911144024,47.64293114078796],[-117.6603038401592,47.638244190269916],[-117.6599832609264,47.63789467781579],[-117.67374985236954,47.632609048855606],[-117.67220466821881,47.62510530273514],[-117.66873635222225,47.623252547054186],[-117.66869793452072,47.61575183730903],[-117.67408043296432,47.61576408873923],[-117.67407159736997,47.613881358146664],[-117.68263040925724,47.613890067463814],[-117.68263214723707,47.611774844013],[-117.69238800290987,47.60893531617394],[-117.68756797400935,47.60136160769086],[-117.67725661517976,47.60378837115931],[-117.67725367859133,47.60556352924412],[-117.67199164271686,47.60555741361649],[-117.6719868128121,47.60750671551327],[-117.65770801744395,47.609145981745506],[-117.65774020459901,47.6054390331557],[-117.65021854447932,47.6054252879316],[-117.65031771153791,47.59470698804922],[-117.63968414566959,47.59462244759841],[-117.63969245269149,47.58860447948028],[-117.62897242618745,47.5909189223434],[-117.62898779019474,47.601891675136216],[-117.62311036994913,47.60189765389024],[-117.6256806347591,47.613896616267105]]]},"properties":{"COUNTY":"Spokane","PRECCODE":6500,"PRECNAME":"6500 Spokane county","PRECINCT":"Spokane 6500","DESCRIPTIO":"Airway Heights Rural Far Southwest / Fairchild Air Force Base","OFFICE":"County Proposition 1","JURISDICTION":"County","RACE":"Spokane County County Proposition 1","Name_1":"Approved","Party_1":"Yes_1","Votes_1":"312","Name_2":"Rejected","Party_2":"No_1","Votes_2":"45","Name_3":null,"Party_3":null,"Votes_3":"0","Name_4":null,"Party_4":null,"Votes_4":"0","Name_5":null,"Party_5":null,"Votes_5":"0","Name_6":null,"Party_6":null,"Votes_6":"0","Name_7":null,"Party_7":null,"Votes_7":"0","Votes_total":"357","Pct_1":87.39,"Pct_2":12.61,"Pct_3":0,"Pct_4":0,"Pct_5":0,"Pct_6":0,"Pct_7":0,"Margin":74.78}},
{"type":"Feature","geometry":{"type":"Polygon","coordinates":[[[-117.67992330787246,47.57970167820598],[-117.67993524412068,47.58379185714408],[-117.67985993422016,47.58532365680096],[-117.67986128613452,47.58741037901803],[-117.69312660539792,47.58743528360321],[-117.69867464492357,47.587436679528565],[-117.69874494410006,47.580135463989414],[-117.70843662573864,47.58014926185205],[-117.70923343387916,47.57837711251708],[-117.70049582716203,47.56254583117244],[-117.70248173243269,47.56167006062959],[-117.70287912041614,47.561729472055994],[-117.70350676191946,47.56367561739042],[-117.7074453848885,47.56366771461576],[-117.70956635286328,47.5685137046718],[-117.70958490587924,47.56558716402567],[-117.70977052941456,47.551025447186205],[-117.70972803978646,47.54739213588833],[-117.70433608676413,47.547387422405954],[-117.70434329438088,47.55032329829682],[-117.70233368582034,47.55032103537052],[-117.70231237290466,47.54750499408003],[-117.69880989894509,47.547381113226216],[-117.69881613322744,47.551022448427844],[-117.69326856221775,47.551027430413654],[-117.69332786851395,47.55830583129625],[-117.69332545212836,47.56185134634193],[-117.68263538746415,47.56194025052972],[-117.68264541302999,47.56557494150986],[-117.67323240837135,47.56559269169746],[-117.67582282313204,47.56756686494024],[-117.67590863487685,47.57286397258852],[-117.67730416952004,47.57669669447434],[-117.67986571899809,47.5766676192765],[-117.67992330787246,47.57970167820598]]]},"properties":{"COUNTY":"Spokane","PRECCODE":6600,"PRECNAME":"6600 Medical Lake","PRECINCT":"Spokane 6600","DESCRIPTIO":"Medical Lake West (Downtown, Medical Lake High School, Hallett Elementary School)","OFFICE":"County Proposition 1","JURISDICTION":"County","RACE":"Spokane County County Proposition 1","Name_1":"Rejected","Party_1":"No_1","Votes_1":"198","Name_2":"Approved","Party_2":"Yes_1","Votes_2":"49","Name_3":null,"Party_3":null,"Votes_3":"0","Name_4":null,"Party_4":null,"Votes_4":"0","Name_5":null,"Party_5":null,"Votes_5":"0","Name_6":null,"Party_6":null,"Votes_6":"0","Name_7":null,"Party_7":null,"Votes_7":"0","Votes_total":"247","Pct_1":80.16,"Pct_2":19.84,"Pct_3":0,"Pct_4":0,"Pct_5":0,"Pct_6":0,"Pct_7":0,"Margin":60.32}},
{"type":"Feature","geometry":{"type":"Polygon","coordinates":[[[-117.66869718723304,47.57989047457777],[-117.66657356446603,47.58738567782329],[-117.67207991364225,47.586618722440754],[-117.67223467012268,47.58922476461063],[-117.67641718237623,47.58935157047295],[-117.67654661778948,47.587396434310826],[-117.67986128613452,47.58741037901803],[-117.67985993422016,47.58532365680096],[-117.67993524412068,47.58379185714408],[-117.67992330787246,47.57970167820598],[-117.66869718723304,47.57989047457777]]]},"properties":{"COUNTY":"Spokane","PRECCODE":6601,"PRECNAME":"6601 Medical Lake","PRECINCT":"Spokane 6601","DESCRIPTIO":"Medical Lake Northeast (Fox Hollow, Wilcox Park)","OFFICE":"County Proposition 1","JURISDICTION":"County","RACE":"Spokane County County Proposition 1","Name_1":"Approved","Party_1":"Yes_1","Votes_1":"32","Name_2":null,"Party_2":null,"Votes_2":"0","Name_3":null,"Party_3":null,"Votes_3":"0","Name_4":null,"Party_4":null,"Votes_4":"0","Name_5":null,"Party_5":null,"Votes_5":"0","Name_6":null,"Party_6":null,"Votes_6":"0","Name_7":null,"Party_7":null,"Votes_7":"0","Votes_total":"32","Pct_1":100,"Pct_2":0,"Pct_3":0,"Pct_4":0,"Pct_5":0,"Pct_6":0,"Pct_7":0,"Margin":100}},
{"type":"Feature","geometry":{"type":"Polygon","coordinates":[[[-117.1496613853059,47.62778543718402],[-117.15364220611171,47.62780696912176],[-117.1537193697369,47.61331298315122],[-117.15328033620871,47.61331033965735],[-117.15331782016673,47.59427010051947],[-117.14245845908509,47.59433090728771],[-117.14254692035423,47.587140243049866],[-117.15340792936323,47.58712332672002],[-117.15345576453157,47.57977342278337],[-117.04121932191802,47.57994720783595],[-117.04128278783755,47.64941970966632],[-117.0468669676077,47.64941475750598],[-117.0467659877078,47.64213817735256],[-117.0574753193175,47.64216352094222],[-117.05745490469484,47.634861178961906],[-117.06561160678757,47.634853197083146],[-117.06821257949709,47.63352527687341],[-117.06821710411052,47.631222941535654],[-117.07347010688939,47.63121146113973],[-117.07344501793493,47.63484380457318],[-117.08933580201496,47.634933911013015],[-117.08935022324796,47.63900701302217],[-117.09539195584611,47.639014345589025],[-117.09532734651893,47.64219935900948],[-117.09996617269385,47.64220933533798],[-117.11063104365815,47.642254692305784],[-117.13216992843304,47.64229521218092],[-117.15356454863745,47.64229982721034],[-117.15358399814964,47.638699794968225],[-117.14506421622568,47.63868518532821],[-117.14376698309354,47.6318460634822],[-117.13870169998769,47.628688929299976],[-117.1496613853059,47.62778543718402]]]},"properties":{"COUNTY":"Spokane","PRECCODE":9005,"PRECNAME":"9005 Spokane county","PRECINCT":"Spokane 9005","DESCRIPTIO":"Greenacres Rural Southeast (Saltese Lake Road), Liberty Lake Rural Far South (Quinimose Creek)","OFFICE":"County Proposition 1","JURISDICTION":"County","RACE":"Spokane County County Proposition 1","Name_1":"Rejected","Party_1":"No_1","Votes_1":"21","Name_2":"Approved","Party_2":"Yes_1","Votes_2":"1","Name_3":null,"Party_3":null,"Votes_3":"0","Name_4":null,"Party_4":null,"Votes_4":"0","Name_5":null,"Party_5":null,"Votes_5":"0","Name_6":null,"Party_6":null,"Votes_6":"0","Name_7":null,"Party_7":null,"Votes_7":"0","Votes_total":"22","Pct_1":95.45,"Pct_2":4.55,"Pct_3":0,"Pct_4":0,"Pct_5":0,"Pct_6":0,"Pct_7":0,"Margin":90.9}},
{"type":"Feature","geometry":{"type":"Polygon","coordinates":[[[-117.65655377163147,47.55095729209309],[-117.69326700221146,47.551030169774464],[-117.69881613322744,47.551022448427844],[-117.69880989894509,47.547381113226216],[-117.70231237290466,47.54750499408003],[-117.70233368582034,47.55032103537052],[-117.70434329438088,47.55032329829682],[-117.70433608676413,47.547387422405954],[-117.70972803978646,47.54739213588833],[-117.70977052941456,47.551025447186205],[-117.70964363984174,47.56098049108631],[-117.71141173171516,47.55977870231314],[-117.7119075942435,47.55955732891903],[-117.7268529732448,47.55912216629484],[-117.7458547299905,47.56208922519946],[-117.75033603138267,47.55845984618757],[-117.76844448222299,47.558780754263466],[-117.76864939554007,47.55862722890233],[-117.76854042636504,47.55109459155091],[-117.75788368774101,47.551100932736404],[-117.75805316451807,47.52184420531895],[-117.76861390413428,47.52189743667331],[-117.76861305930757,47.52371053955264],[-117.78470407213338,47.52367500745044],[-117.78473439749277,47.518286717933705],[-117.79015022165879,47.51828918678516],[-117.79013125257991,47.51488839479706],[-117.77937783616498,47.51477396138849],[-117.77935069588636,47.507555066767],[-117.80083300759105,47.50813968132921],[-117.80044311528053,47.46399547309779],[-117.75823765639677,47.46398490804507],[-117.75809995490505,47.4784965360637],[-117.73561373202648,47.478481407937444],[-117.73605828911646,47.492848514594],[-117.72530797323859,47.492872279249745],[-117.72535620217103,47.49647501382375],[-117.7146032112149,47.49650124373839],[-117.71465082336258,47.500107382633125],[-117.69353453495155,47.500353344403344],[-117.69351427521732,47.50752221112977],[-117.6935097855942,47.51745017841818],[-117.69600098874305,47.51886429396477],[-117.70051018900934,47.51620895960412],[-117.70408172253858,47.518605493278095],[-117.70524659051951,47.5157419585441],[-117.70700352319307,47.515944691624824],[-117.70345919284242,47.521358959176524],[-117.70146619007606,47.51793115940983],[-117.69885138838544,47.519549559461],[-117.70209892462512,47.521479893131996],[-117.69983958990578,47.52131016026926],[-117.69888572539261,47.52729449425555],[-117.69499092323471,47.53012509318459],[-117.69478139297327,47.53586249298183],[-117.68955772522045,47.542016961817126],[-117.68530499077607,47.5394281622459],[-117.68945192457434,47.53612056098912],[-117.68920838936059,47.52916009438163],[-117.690358523178,47.52993336042672],[-117.69224765768384,47.5219487440929],[-117.66721342833162,47.52189891753271],[-117.62891264978947,47.54660773674771],[-117.63334957834155,47.5474733763172],[-117.63288647294489,47.55103394527206],[-117.65212268301073,47.55098487700649],[-117.65083335125641,47.542471502919234],[-117.6544596498001,47.53554727065333],[-117.65940052068616,47.540187565462794],[-117.656918914665,47.53986362022965],[-117.65591678631019,47.54218263175116],[-117.65655377163147,47.55095729209309]]]},"properties":{"COUNTY":"Spokane","PRECCODE":9009,"PRECNAME":"9009 Spokane county","PRECINCT":"Spokane 9009","DESCRIPTIO":"Medical Lake Rural Southwest (Malloy Prairie, Clear Lake, Silver Lake South)","OFFICE":"County Proposition 1","JURISDICTION":"County","RACE":"Spokane County County Proposition 1","Name_1":"Approved","Party_1":"Yes_1","Votes_1":"74","Name_2":"Rejected","Party_2":"No_1","Votes_2":"41","Name_3":null,"Party_3":null,"Votes_3":"0","Name_4":null,"Party_4":null,"Votes_4":"0","Name_5":null,"Party_5":null,"Votes_5":"0","Name_6":null,"Party_6":null,"Votes_6":"0","Name_7":null,"Party_7":null,"Votes_7":"0","Votes_total":"115","Pct_1":64.35,"Pct_2":35.65,"Pct_3":0,"Pct_4":0,"Pct_5":0,"Pct_6":0,"Pct_7":0,"Margin":28.7}},
{"type":"Feature","geometry":{"type":"Polygon","coordinates":[[[-117.65655377163147,47.55095729209309],[-117.65740919030318,47.55292336585299],[-117.65942679119338,47.55262209826546],[-117.65760278904288,47.5546017656009],[-117.65851412518784,47.56212096590588],[-117.65312634090317,47.5697928790898],[-117.65615912667334,47.5722575677263],[-117.65807159360433,47.57279556765852],[-117.65328932719306,47.57326070018097],[-117.6492297915228,47.57143290128258],[-117.64507092652055,47.57267656908847],[-117.64430999198694,47.57141476895016],[-117.64831552486828,47.56909056798006],[-117.64837472298396,47.56541010132965],[-117.6521285894723,47.56274010137467],[-117.65212268301073,47.55098487700649],[-117.63976441597273,47.55102348386062],[-117.63957275856654,47.56542118009278],[-117.62887203564601,47.565421688799155],[-117.62886792999616,47.572727897377774],[-117.63055132033186,47.57271533328172],[-117.63165086774588,47.57273702405057],[-117.63216141926405,47.57278298857248],[-117.63310510732637,47.57292846593956],[-117.63430414754087,47.57320745561165],[-117.63851501120776,47.57424419670972],[-117.64894035407387,47.57519654674945],[-117.64940328090199,47.575069147025374],[-117.65250454477749,47.57371663784664],[-117.653204851887,47.57351051066082],[-117.65958761571547,47.572871082022466],[-117.65633634414083,47.57204288909458],[-117.66658209190247,47.57202956438879],[-117.66654391907043,47.56555445571698],[-117.68264541302999,47.56557494150986],[-117.68263538746415,47.56194025052972],[-117.69332545212836,47.56185134634193],[-117.69332786851395,47.55830583129625],[-117.69326700221146,47.551030169774464],[-117.65655377163147,47.55095729209309]]]},"properties":{"COUNTY":"Spokane","PRECCODE":9010,"PRECNAME":"9010 Spokane county","PRECINCT":"Spokane 9010","DESCRIPTIO":"Medical Lake Rural Southeast (Silver Lake North, Lakeside Drive, Otter Lake)","OFFICE":"County Proposition 1","JURISDICTION":"County","RACE":"Spokane County County Proposition 1","Name_1":"Rejected","Party_1":"No_1","Votes_1":"123","Name_2":"Approved","Party_2":"Yes_1","Votes_2":"26","Name_3":null,"Party_3":null,"Votes_3":"0","Name_4":null,"Party_4":null,"Votes_4":"0","Name_5":null,"Party_5":null,"Votes_5":"0","Name_6":null,"Party_6":null,"Votes_6":"0","Name_7":null,"Party_7":null,"Votes_7":"0","Votes_total":"149","Pct_1":82.55,"Pct_2":17.45,"Pct_3":0,"Pct_4":0,"Pct_5":0,"Pct_6":0,"Pct_7":0,"Margin":65.1}},
{"type":"Feature","geometry":{"type":"Polygon","coordinates":[[[-117.56461235806003,47.54373669012998],[-117.59392998078839,47.543706179325795],[-117.60752698719591,47.55608217845843],[-117.60762398815868,47.55833217917617],[-117.60405098724038,47.5590561785288],[-117.6073769894375,47.5618981784438],[-117.60780899042035,47.56739717923919],[-117.61122299235646,47.571181178937316],[-117.61525999329236,47.572702179258336],[-117.62886792999616,47.572727897377774],[-117.62887203564601,47.565421688799155],[-117.63957275856654,47.56542118009278],[-117.63976441597273,47.55102348386062],[-117.63288647294489,47.55103394527206],[-117.63334957834155,47.5474733763172],[-117.62891264978947,47.54660773674771],[-117.66721342833162,47.52189891753271],[-117.69224765768384,47.5219487440929],[-117.6935097855942,47.51745017841818],[-117.69351427521732,47.50752221112977],[-117.69352229268516,47.50427681917312],[-117.68032208790079,47.50340373116574],[-117.6718699388883,47.50437571929652],[-117.66278976002961,47.500815350889525],[-117.62303005070686,47.500024678032],[-117.61842848985641,47.49476761289271],[-117.61850529742536,47.48925433528632],[-117.61307596887669,47.4836420423773],[-117.60758151083687,47.482479669068944],[-117.60224357979266,47.48376485117212],[-117.60224214818706,47.48570845283925],[-117.5969030383235,47.485660981055645],[-117.59693287451317,47.49651557031763],[-117.5865616105826,47.49641545078149],[-117.58659136802355,47.49950772628171],[-117.58657462672576,47.50019513505997],[-117.58605457333563,47.505555859976226],[-117.58599997795532,47.50579534605353],[-117.5848988307959,47.506929558761726],[-117.58626850637559,47.51199590422193],[-117.57542270953283,47.51097297539318],[-117.57542634348567,47.50744091350046],[-117.57027302312301,47.50745378010103],[-117.57026127224552,47.51360680801327],[-117.5649081559595,47.51363261180636],[-117.56491973359184,47.50746731518985],[-117.56176481335113,47.50744214471837],[-117.55967480986318,47.50342017896321],[-117.55637895904371,47.50340107850857],[-117.55072979617573,47.5069770625036],[-117.54050714452057,47.50904005270589],[-117.51831837731466,47.52328405676623],[-117.51673427027364,47.5287376881872],[-117.50667823528929,47.539114270611385],[-117.50896151924698,47.54503438375958],[-117.50832108844794,47.55071307852669],[-117.56462631817003,47.55100353262136],[-117.56461235806003,47.54373669012998]]]},"properties":{"COUNTY":"Spokane","PRECCODE":9011,"PRECNAME":"9011 Spokane county","PRECINCT":"Spokane 9011","DESCRIPTIO":"Cheney Rural North (Jensen Road, Prosser Hill), Medical Lake Rural Far Southeast (Willow Lake)","OFFICE":"County Proposition 1","JURISDICTION":"County","RACE":"Spokane County County Proposition 1","Name_1":"Approved","Party_1":"Yes_1","Votes_1":"150","Name_2":"Rejected","Party_2":"No_1","Votes_2":"25","Name_3":null,"Party_3":null,"Votes_3":"0","Name_4":null,"Party_4":null,"Votes_4":"0","Name_5":null,"Party_5":null,"Votes_5":"0","Name_6":null,"Party_6":null,"Votes_6":"0","Name_7":null,"Party_7":null,"Votes_7":"0","Votes_total":"175","Pct_1":85.71,"Pct_2":14.29,"Pct_3":0,"Pct_4":0,"Pct_5":0,"Pct_6":0,"Pct_7":0,"Margin":71.42}},
{"type":"Feature","geometry":{"type":"Polygon","coordinates":[[[-117.54286045156765,47.586036400933246],[-117.54311928530927,47.58606693750668],[-117.54353915322265,47.586137216034764],[-117.54751698257778,47.582047186888595],[-117.54534898114682,47.57954818679135],[-117.5471906929265,47.575250685977785],[-117.55191639088743,47.57597627390666],[-117.55575624866131,47.57613840575812],[-117.56432710933338,47.576445987965435],[-117.56455759880183,47.57644456872031],[-117.56456128530826,47.572809094915314],[-117.56464074432124,47.55831283497084],[-117.56462631817003,47.55100353262136],[-117.50832108844794,47.55071307852669],[-117.49753081099097,47.55905173329328],[-117.49739030688762,47.559477421392074],[-117.4987716964903,47.56399341680002],[-117.49875735831591,47.564168468345535],[-117.50231351475875,47.56569679369536],[-117.50231757472572,47.56969830587223],[-117.49752161674223,47.577881307576526],[-117.49747706156386,47.583389970273394],[-117.54004803001068,47.58292201213033],[-117.54095884461069,47.585974986638455],[-117.54286045156765,47.586036400933246]]]},"properties":{"COUNTY":"Spokane","PRECCODE":9012,"PRECNAME":"9012 Spokane county","PRECINCT":"Spokane 9012","DESCRIPTIO":"West Plains East (West Terrace East, Marshall Cemetery)","OFFICE":"County Proposition 1","JURISDICTION":"County","RACE":"Spokane County County Proposition 1","Name_1":"Approved","Party_1":"Yes_1","Votes_1":"17","Name_2":null,"Party_2":null,"Votes_2":"0","Name_3":null,"Party_3":null,"Votes_3":"0","Name_4":null,"Party_4":null,"Votes_4":"0","Name_5":null,"Party_5":null,"Votes_5":"0","Name_6":null,"Party_6":null,"Votes_6":"0","Name_7":null,"Party_7":null,"Votes_7":"0","Votes_total":"17","Pct_1":100,"Pct_2":0,"Pct_3":0,"Pct_4":0,"Pct_5":0,"Pct_6":0,"Pct_7":0,"Margin":100}},
{"type":"Feature","geometry":{"type":"Polygon","coordinates":[[[-117.45458158900928,47.551054511815124],[-117.45505316613172,47.58011825993256],[-117.44336866457935,47.580042352474464],[-117.44350664753851,47.5655048351555],[-117.4232462138357,47.5657049393021],[-117.42256481610309,47.58739604956913],[-117.43171011805897,47.58716171792818],[-117.43161252893017,47.59075461659979],[-117.43749309268969,47.590750740900816],[-117.43744135764882,47.59436449851868],[-117.44732105198962,47.59438556779638],[-117.44690338876764,47.59479749511093],[-117.4578524230826,47.58603739725883],[-117.46697664332063,47.57551026754901],[-117.49427264280413,47.566738862197795],[-117.49554101529452,47.56660037155346],[-117.49730865452022,47.566106435839245],[-117.4979023244794,47.56573936922111],[-117.49870347271671,47.56452206027171],[-117.4987716964903,47.56399341680002],[-117.49739030688762,47.559477421392074],[-117.49753081099097,47.55905173329328],[-117.50832108844794,47.55071307852669],[-117.45458158900928,47.551054511815124]]]},"properties":{"COUNTY":"Spokane","PRECCODE":9013,"PRECNAME":"9013 Spokane county","PRECINCT":"Spokane 9013","DESCRIPTIO":"SW Spokane Rural Southwest (Borden Road, Latah Creek Nursery, Marshall)","OFFICE":"County Proposition 1","JURISDICTION":"County","RACE":"Spokane County County Proposition 1","Name_1":"Approved","Party_1":"Yes_1","Votes_1":"2","Name_2":null,"Party_2":null,"Votes_2":"0","Name_3":null,"Party_3":null,"Votes_3":"0","Name_4":null,"Party_4":null,"Votes_4":"0","Name_5":null,"Party_5":null,"Votes_5":"0","Name_6":null,"Party_6":null,"Votes_6":"0","Name_7":null,"Party_7":null,"Votes_7":"0","Votes_total":"2","Pct_1":100,"Pct_2":0,"Pct_3":0,"Pct_4":0,"Pct_5":0,"Pct_6":0,"Pct_7":0,"Margin":100}},
{"type":"Feature","geometry":{"type":"Polygon","coordinates":[[[-117.403112235256,47.58736152335073],[-117.40337020124468,47.58732858888715],[-117.42256481610309,47.58739604956913],[-117.4232462138357,47.5657049393021],[-117.44350664753851,47.5655048351555],[-117.44336866457935,47.580042352474464],[-117.45505316613172,47.58011825993256],[-117.45458158900928,47.551054511815124],[-117.43272631540603,47.550992594735895],[-117.432854406475,47.54738591464925],[-117.43831446605591,47.54739810814577],[-117.43839517132584,47.54378984976723],[-117.4329818656488,47.54377923219994],[-117.43353433150922,47.52203088291586],[-117.44412029692863,47.52203289395911],[-117.44423957361317,47.514883648987585],[-117.39972858464238,47.514568092079415],[-117.39388326102002,47.521287843043524],[-117.39387476477046,47.521996330831676],[-117.40036501389446,47.53513382678195],[-117.39397557060526,47.553489126629245],[-117.40293030197198,47.57921604353252],[-117.403112235256,47.58736152335073]]]},"properties":{"COUNTY":"Spokane","PRECCODE":9015,"PRECNAME":"9015 Spokane county","PRECINCT":"Spokane 9015","DESCRIPTIO":"SW Spokane Rural South (Slavin Conservation Area, Gibbs Road, Mullen Hill Terrace MHP)","OFFICE":"County Proposition 1","JURISDICTION":"County","RACE":"Spokane County County Proposition 1","Name_1":"Rejected","Party_1":"No_1","Votes_1":"106","Name_2":"Approved","Party_2":"Yes_1","Votes_2":"2","Name_3":null,"Party_3":null,"Votes_3":"0","Name_4":null,"Party_4":null,"Votes_4":"0","Name_5":null,"Party_5":null,"Votes_5":"0","Name_6":null,"Party_6":null,"Votes_6":"0","Name_7":null,"Party_7":null,"Votes_7":"0","Votes_total":"108","Pct_1":98.15,"Pct_2":1.85,"Pct_3":0,"Pct_4":0,"Pct_5":0,"Pct_6":0,"Pct_7":0,"Margin":96.3}},
{"type":"Feature","geometry":{"type":"Polygon","coordinates":[[[-117.37902855541955,47.60588506189495],[-117.38910123362798,47.605941999448916],[-117.39528347371113,47.60595305300779],[-117.39513602197107,47.603203443642116],[-117.39470002370311,47.602776485192386],[-117.39442938789855,47.6026341074102],[-117.39363207150713,47.60242942078165],[-117.39181197837341,47.60231940859646],[-117.3899631818553,47.60231839405905],[-117.39001283257332,47.60084766608602],[-117.38917052248908,47.60022115395059],[-117.3889524416532,47.60001586471577],[-117.3885820651873,47.59898085071884],[-117.3888145090211,47.598426284652376],[-117.38957498033201,47.59773513226084],[-117.39076406410678,47.59723374883701],[-117.39238145454034,47.59667145869314],[-117.39282798096353,47.59638486238887],[-117.39313837003509,47.596079178993826],[-117.39352410148689,47.59517186186288],[-117.39330062846196,47.5940702890851],[-117.3934367419696,47.592829021257685],[-117.39351248465144,47.5924342330221],[-117.39310699789263,47.59231544552011],[-117.39230907466008,47.59197004767209],[-117.39181944820525,47.59213515282185],[-117.38256717976572,47.59337667873936],[-117.38218555318244,47.5938939405783],[-117.38199704366299,47.59415004310014],[-117.38184565240219,47.59445583852005],[-117.38194007409197,47.59483210772885],[-117.38202561800324,47.59501652069911],[-117.38262294041904,47.595445616719296],[-117.3861438515143,47.59721245557169],[-117.38711104617133,47.60229213912702],[-117.37909712610123,47.60226213636201],[-117.37902855541955,47.60588506189495]]]},"properties":{"COUNTY":"Spokane","PRECCODE":9016,"PRECNAME":"9016 Spokane county","PRECINCT":"Spokane 9016","DESCRIPTIO":"Moran Prairie Farthest West (E 55th & Pittsburg, St. Stephen's Episcopal Church, South Ridge)","OFFICE":"County Proposition 1","JURISDICTION":"County","RACE":"Spokane County County Proposition 1","Name_1":"Rejected","Party_1":"No_1","Votes_1":"99","Name_2":"Approved","Party_2":"Yes_1","Votes_2":"58","Name_3":null,"Party_3":null,"Votes_3":"0","Name_4":null,"Party_4":null,"Votes_4":"0","Name_5":null,"Party_5":null,"Votes_5":"0","Name_6":null,"Party_6":null,"Votes_6":"0","Name_7":null,"Party_7":null,"Votes_7":"0","Votes_total":"157","Pct_1":63.06,"Pct_2":36.94,"Pct_3":0,"Pct_4":0,"Pct_5":0,"Pct_6":0,"Pct_7":0,"Margin":26.12}},
{"type":"Feature","geometry":{"type":"Polygon","coordinates":[[[-117.37998298343355,47.59503310549709],[-117.37914495452405,47.5988702050074],[-117.37909726982019,47.60226213712655],[-117.38711104617133,47.60229213912702],[-117.3861438515143,47.59721245557169],[-117.38262294041904,47.595445616719296],[-117.38202561800324,47.59501652069911],[-117.38194007409197,47.59483210772885],[-117.38184565240219,47.59445583852005],[-117.38199704366299,47.59415004310014],[-117.38218555318244,47.5938939405783],[-117.38248861929821,47.59345410683413],[-117.38065065594398,47.59315518444764],[-117.38058855707956,47.59502819348378],[-117.37998298343355,47.59503310549709]]]},"properties":{"COUNTY":"Spokane","PRECCODE":9017,"PRECNAME":"9017 Spokane county","PRECINCT":"Spokane 9017","DESCRIPTIO":"Moran Prairie Farther West (E 60th & Pittsburg)","OFFICE":"County Proposition 1","JURISDICTION":"County","RACE":"Spokane County County Proposition 1","Name_1":"Rejected","Party_1":"No_1","Votes_1":"82","Name_2":"Approved","Party_2":"Yes_1","Votes_2":"14","Name_3":null,"Party_3":null,"Votes_3":"0","Name_4":null,"Party_4":null,"Votes_4":"0","Name_5":null,"Party_5":null,"Votes_5":"0","Name_6":null,"Party_6":null,"Votes_6":"0","Name_7":null,"Party_7":null,"Votes_7":"0","Votes_total":"96","Pct_1":85.42,"Pct_2":14.58,"Pct_3":0,"Pct_4":0,"Pct_5":0,"Pct_6":0,"Pct_7":0,"Margin":70.84}},
{"type":"Feature","geometry":{"type":"Polygon","coordinates":[[[-117.37998298343355,47.59503310549709],[-117.37922662934655,47.59503923800031],[-117.37395387406099,47.59496068076273],[-117.37391839061506,47.59678134232368],[-117.37457864526573,47.59678987675583],[-117.37382214289075,47.602237114432704],[-117.36850825763685,47.602213265315385],[-117.36838024084909,47.60587381286404],[-117.37320885638266,47.60585092321921],[-117.37902855541955,47.60588506189495],[-117.37914495452405,47.5988702050074],[-117.37998298343355,47.59503310549709]]]},"properties":{"COUNTY":"Spokane","PRECCODE":9018,"PRECNAME":"9018 Spokane county","PRECINCT":"Spokane 9018","DESCRIPTIO":"Moran Prairie Far West (Moran Prairie Post Office, South Hill Dog Park)","OFFICE":"County Proposition 1","JURISDICTION":"County","RACE":"Spokane County County Proposition 1","Name_1":"Approved","Party_1":"Yes_1","Votes_1":"44","Name_2":"Rejected","Party_2":"No_1","Votes_2":"15","Name_3":null,"Party_3":null,"Votes_3":"0","Name_4":null,"Party_4":null,"Votes_4":"0","Name_5":null,"Party_5":null,"Votes_5":"0","Name_6":null,"Party_6":null,"Votes_6":"0","Name_7":null,"Party_7":null,"Votes_7":"0","Votes_total":"59","Pct_1":74.58,"Pct_2":25.42,"Pct_3":0,"Pct_4":0,"Pct_5":0,"Pct_6":0,"Pct_7":0,"Margin":49.16}},
{"type":"Feature","geometry":{"type":"Polygon","coordinates":[[[-117.37395387406099,47.59496068076273],[-117.36867022002959,47.59488192378069],[-117.368574869732,47.59903443536022],[-117.36851803384985,47.60221334802745],[-117.37382214289075,47.602237114432704],[-117.37457864526573,47.59678987675583],[-117.37391839061506,47.59678134232368],[-117.37395387406099,47.59496068076273]]]},"properties":{"COUNTY":"Spokane","PRECCODE":9019,"PRECNAME":"9019 Spokane county","PRECINCT":"Spokane 9019","DESCRIPTIO":"Moran Prairie Center (Regal Place, Cedar Estates Apartments, Mullan Road Elementary School)","OFFICE":"County Proposition 1","JURISDICTION":"County","RACE":"Spokane County County Proposition 1","Name_1":"Rejected","Party_1":"No_1","Votes_1":"9","Name_2":null,"Party_2":null,"Votes_2":"0","Name_3":null,"Party_3":null,"Votes_3":"0","Name_4":null,"Party_4":null,"Votes_4":"0","Name_5":null,"Party_5":null,"Votes_5":"0","Name_6":null,"Party_6":null,"Votes_6":"0","Name_7":null,"Party_7":null,"Votes_7":"0","Votes_total":"9","Pct_1":100,"Pct_2":0,"Pct_3":0,"Pct_4":0,"Pct_5":0,"Pct_6":0,"Pct_7":0,"Margin":100}},
{"type":"Feature","geometry":{"type":"Polygon","coordinates":[[[-117.34691165785739,47.60216278772093],[-117.34661719078068,47.60741358392685],[-117.34652842429314,47.60809349714586],[-117.34632678777663,47.608555323160104],[-117.34586968494797,47.60911533242425],[-117.34657395122133,47.60931320954518],[-117.35576602963606,47.60935198033081],[-117.35765080082861,47.60671403538287],[-117.3577023114071,47.604434890920736],[-117.35763656728687,47.603962618596],[-117.36844464959965,47.604032337416626],[-117.36850825763685,47.602213265315385],[-117.3521924496416,47.602100566589236],[-117.34691165785739,47.60216278772093]]]},"properties":{"COUNTY":"Spokane","PRECCODE":9021,"PRECNAME":"9021 Spokane county","PRECINCT":"Spokane 9021","DESCRIPTIO":"Moran Prairie Far Northeast (Ashton Apartments), Moran Prairie North (Followers Church)","OFFICE":"County Proposition 1","JURISDICTION":"County","RACE":"Spokane County County Proposition 1","Name_1":"Approved","Party_1":"Yes_1","Votes_1":"9","Name_2":null,"Party_2":null,"Votes_2":"0","Name_3":null,"Party_3":null,"Votes_3":"0","Name_4":null,"Party_4":null,"Votes_4":"0","Name_5":null,"Party_5":null,"Votes_5":"0","Name_6":null,"Party_6":null,"Votes_6":"0","Name_7":null,"Party_7":null,"Votes_7":"0","Votes_total":"9","Pct_1":100,"Pct_2":0,"Pct_3":0,"Pct_4":0,"Pct_5":0,"Pct_6":0,"Pct_7":0,"Margin":100}},
{"type":"Feature","geometry":{"type":"Polygon","coordinates":[[[-117.3521924496416,47.602100566589236],[-117.3575265208841,47.60213434328968],[-117.35767703070928,47.59486547387511],[-117.34417062569669,47.59477246892693],[-117.34404557456898,47.60080793792509],[-117.34402819508968,47.602011262348654],[-117.3466873683955,47.60205776472021],[-117.34691165785739,47.60216278772093],[-117.3521924496416,47.602100566589236]]]},"properties":{"COUNTY":"Spokane","PRECCODE":9022,"PRECNAME":"9022 Spokane county","PRECINCT":"Spokane 9022","DESCRIPTIO":"Moran Prairie Far East (Prairie View Park, Palouse Prairie Apartments, Yale Road)","OFFICE":"County Proposition 1","JURISDICTION":"County","RACE":"Spokane County County Proposition 1","Name_1":"Rejected","Party_1":"No_1","Votes_1":"63","Name_2":"Approved","Party_2":"Yes_1","Votes_2":"19","Name_3":null,"Party_3":null,"Votes_3":"0","Name_4":null,"Party_4":null,"Votes_4":"0","Name_5":null,"Party_5":null,"Votes_5":"0","Name_6":null,"Party_6":null,"Votes_6":"0","Name_7":null,"Party_7":null,"Votes_7":"0","Votes_total":"82","Pct_1":76.83,"Pct_2":23.17,"Pct_3":0,"Pct_4":0,"Pct_5":0,"Pct_6":0,"Pct_7":0,"Margin":53.66}},
{"type":"Feature","geometry":{"type":"Polygon","coordinates":[[[-117.325660082562,47.63787099360415],[-117.32567629715162,47.63787111800662],[-117.32568071746515,47.63892462598727],[-117.3363360262467,47.639015569660906],[-117.33633512673156,47.6426563026941],[-117.34700086032984,47.64273287902458],[-117.34700902323897,47.63442031118894],[-117.34705373892417,47.62817122108027],[-117.34704355433317,47.6228008553192],[-117.33765146299434,47.62444847793146],[-117.33765252358755,47.62208844256707],[-117.33996351760038,47.62101656628916],[-117.33996513668156,47.620929477847284],[-117.3203133869878,47.62070371969943],[-117.31499398163243,47.62070453714811],[-117.31497636738688,47.62532837618494],[-117.32047741516097,47.62547141408682],[-117.31978992851619,47.6279404211586],[-117.3256569760724,47.6279986603792],[-117.32567189211983,47.630727746588086],[-117.33102374520371,47.630773889804765],[-117.33108131327039,47.63350902249072],[-117.32031690414544,47.63341889049002],[-117.32031731229283,47.63524306462115],[-117.32567896460723,47.63529001037038],[-117.325660082562,47.63787099360415]]]},"properties":{"COUNTY":"Spokane","PRECCODE":9023,"PRECNAME":"9023 Spokane county","PRECINCT":"Spokane 9023","DESCRIPTIO":"E. Spokane Rural Southwest (Chase Middle School, Spokane Racquet Club)","OFFICE":"County Proposition 1","JURISDICTION":"County","RACE":"Spokane County County Proposition 1","Name_1":"Approved","Party_1":"Yes_1","Votes_1":"25","Name_2":"Rejected","Party_2":"No_1","Votes_2":"7","Name_3":null,"Party_3":null,"Votes_3":"0","Name_4":null,"Party_4":null,"Votes_4":"0","Name_5":null,"Party_5":null,"Votes_5":"0","Name_6":null,"Party_6":null,"Votes_6":"0","Name_7":null,"Party_7":null,"Votes_7":"0","Votes_total":"32","Pct_1":78.12,"Pct_2":21.88,"Pct_3":0,"Pct_4":0,"Pct_5":0,"Pct_6":0,"Pct_7":0,"Margin":56.24}},
{"type":"Feature","geometry":{"type":"Polygon","coordinates":[[[-117.30417333041306,47.64597645483081],[-117.31491493921513,47.6460918341444],[-117.3126571758645,47.643800911913374],[-117.31492869044888,47.64382217984426],[-117.31494332882433,47.639930174790805],[-117.32006264466854,47.64084203264811],[-117.32171078225778,47.63813890912237],[-117.32258749125924,47.63854903308309],[-117.325660082562,47.63787099360415],[-117.32567896460723,47.63529001037038],[-117.32031731229283,47.63524306462115],[-117.32031690414544,47.63341889049002],[-117.33108131327039,47.63350902249072],[-117.33102374520371,47.630773889804765],[-117.32567189211983,47.630727746588086],[-117.3256569760724,47.6279986603792],[-117.31978992851619,47.6279404211586],[-117.32047741516097,47.62547141408682],[-117.31497636738688,47.62532837618494],[-117.31499398163243,47.62070453714811],[-117.31227853125047,47.62070298829733],[-117.30966077147191,47.61346650383588],[-117.31688384278281,47.61344102500407],[-117.31692690493797,47.60886478362496],[-117.3322626809854,47.60891767929564],[-117.3342864506945,47.610073807875395],[-117.33576799176156,47.61008861437088],[-117.33583104859285,47.60549605267636],[-117.33045029338439,47.60539582731618],[-117.33055762126202,47.598153473358124],[-117.32517304727757,47.598055893133804],[-117.32522888157682,47.594445590685176],[-117.30351979011772,47.59428670422041],[-117.29767152276783,47.594305426998766],[-117.29757141531944,47.61346328061623],[-117.29360924693496,47.61346470817546],[-117.29357232752544,47.62068986752628],[-117.30425284952479,47.62069773533714],[-117.30429030361292,47.63513352715981],[-117.30417333041306,47.64597645483081]]]},"properties":{"COUNTY":"Spokane","PRECCODE":9024,"PRECNAME":"9024 Spokane county","PRECINCT":"Spokane 9024","DESCRIPTIO":"E. Spokane Rural South (Taylor Cottages, Glenrose Trail), Moran Prairie Rural East (Browne Mountain)","OFFICE":"County Proposition 1","JURISDICTION":"County","RACE":"Spokane County County Proposition 1","Name_1":"Rejected","Party_1":"No_1","Votes_1":"162","Name_2":"Approved","Party_2":"Yes_1","Votes_2":"6","Name_3":null,"Party_3":null,"Votes_3":"0","Name_4":null,"Party_4":null,"Votes_4":"0","Name_5":null,"Party_5":null,"Votes_5":"0","Name_6":null,"Party_6":null,"Votes_6":"0","Name_7":null,"Party_7":null,"Votes_7":"0","Votes_total":"168","Pct_1":96.43,"Pct_2":3.57,"Pct_3":0,"Pct_4":0,"Pct_5":0,"Pct_6":0,"Pct_7":0,"Margin":92.86}},
{"type":"Feature","geometry":{"type":"Polygon","coordinates":[[[-117.28389436389178,47.653073072803544],[-117.28465960330324,47.655367342093186],[-117.28841905698556,47.65331937035535],[-117.2890265867928,47.65532483392411],[-117.29375609977807,47.65491864019875],[-117.29904109870552,47.65280692677605],[-117.3025234505681,47.65350937301918],[-117.30082448767804,47.65098928017807],[-117.30414781139206,47.651077045147055],[-117.30415081341597,47.64959783278454],[-117.30110768823538,47.64901631666615],[-117.29928060423065,47.644434494798986],[-117.29720515866136,47.645147740658594],[-117.29764561322395,47.64272123418355],[-117.29807418114103,47.64260242688326],[-117.30346261359806,47.64451043570703],[-117.30429030361292,47.63513352715981],[-117.30425284952479,47.62069773533714],[-117.29357232752544,47.62068986752628],[-117.29353760900686,47.627962419718905],[-117.28281032682614,47.62796180641556],[-117.28389436389178,47.653073072803544]]]},"properties":{"COUNTY":"Spokane","PRECCODE":9025,"PRECNAME":"9025 Spokane county","PRECINCT":"Spokane 9025","DESCRIPTIO":"E. Spokane Rural Southeast (Reserve at Dishman Hills, Park Hill, Dishman Hills Natural Area)","OFFICE":"County Proposition 1","JURISDICTION":"County","RACE":"Spokane County County Proposition 1","Name_1":"Rejected","Party_1":"No_1","Votes_1":"27","Name_2":null,"Party_2":null,"Votes_2":"0","Name_3":null,"Party_3":null,"Votes_3":"0","Name_4":null,"Party_4":null,"Votes_4":"0","Name_5":null,"Party_5":null,"Votes_5":"0","Name_6":null,"Party_6":null,"Votes_6":"0","Name_7":null,"Party_7":null,"Votes_7":"0","Votes_total":"27","Pct_1":100,"Pct_2":0,"Pct_3":0,"Pct_4":0,"Pct_5":0,"Pct_6":0,"Pct_7":0,"Margin":100}},
{"type":"Feature","geometry":{"type":"Polygon","coordinates":[[[-117.3342864506945,47.610073807875395],[-117.3322626809854,47.60891767929564],[-117.31692690493797,47.60886478362496],[-117.31688384278281,47.61344102500407],[-117.30966077147191,47.61346650383588],[-117.31227853125047,47.62070298829733],[-117.3203133869878,47.62070371969943],[-117.33996513668156,47.620929477847284],[-117.33996693686255,47.620832716950304],[-117.33851273316797,47.620822647347545],[-117.33837155595513,47.61649264682924],[-117.34136779179816,47.61650554042076],[-117.34115716856039,47.61284345846029],[-117.34652457530825,47.61292121277491],[-117.34657395122133,47.60931320954518],[-117.34586968494797,47.60911533242425],[-117.33657514082493,47.6100959287937],[-117.3342864506945,47.610073807875395]]]},"properties":{"COUNTY":"Spokane","PRECCODE":9027,"PRECNAME":"9027 Spokane county","PRECINCT":"Spokane 9027","DESCRIPTIO":"Moran Prairie Far Northeast (Trickle Creek, Spur Street, Twisted Willows)","OFFICE":"County Proposition 1","JURISDICTION":"County","RACE":"Spokane County County Proposition 1","Name_1":"Approved","Party_1":"Yes_1","Votes_1":"33","Name_2":null,"Party_2":null,"Votes_2":"0","Name_3":null,"Party_3":null,"Votes_3":"0","Name_4":null,"Party_4":null,"Votes_4":"0","Name_5":null,"Party_5":null,"Votes_5":"0","Name_6":null,"Party_6":null,"Votes_6":"0","Name_7":null,"Party_7":null,"Votes_7":"0","Votes_total":"33","Pct_1":100,"Pct_2":0,"Pct_3":0,"Pct_4":0,"Pct_5":0,"Pct_6":0,"Pct_7":0,"Margin":100}},
{"type":"Feature","geometry":{"type":"Polygon","coordinates":[[[-117.33576799176156,47.61008861437088],[-117.33657514082493,47.6100959287937],[-117.34586968494797,47.60911533242425],[-117.34632678777663,47.608555323160104],[-117.34652842429314,47.60809349714586],[-117.34661719078068,47.60741358392685],[-117.34691165785739,47.60216278772093],[-117.3466873683955,47.60205776472021],[-117.34148790974851,47.60197507447034],[-117.34036201727218,47.60194704690626],[-117.33050327874074,47.60176630958875],[-117.33045029338439,47.60539582731618],[-117.33583104859285,47.60549605267636],[-117.33576799176156,47.61008861437088]]]},"properties":{"COUNTY":"Spokane","PRECCODE":9028,"PRECNAME":"9028 Spokane county","PRECINCT":"Spokane 9028","DESCRIPTIO":"Moran Prairie Northeast (Glennaire Terrace, Glenngrae, Inverness)","OFFICE":"County Proposition 1","JURISDICTION":"County","RACE":"Spokane County County Proposition 1","Name_1":"Rejected","Party_1":"No_1","Votes_1":"28","Name_2":"Approved","Party_2":"Yes_1","Votes_2":"15","Name_3":null,"Party_3":null,"Votes_3":"0","Name_4":null,"Party_4":null,"Votes_4":"0","Name_5":null,"Party_5":null,"Votes_5":"0","Name_6":null,"Party_6":null,"Votes_6":"0","Name_7":null,"Party_7":null,"Votes_7":"0","Votes_total":"43","Pct_1":65.12,"Pct_2":34.88,"Pct_3":0,"Pct_4":0,"Pct_5":0,"Pct_6":0,"Pct_7":0,"Margin":30.24}},
{"type":"Feature","geometry":{"type":"Polygon","coordinates":[[[-117.35767703070928,47.59486547387511],[-117.36868563974791,47.59488194621231],[-117.37922662934655,47.59503923800031],[-117.38058855707956,47.59502819348378],[-117.38065065594398,47.59315518444764],[-117.38248861929821,47.59345410683413],[-117.38256717976572,47.59337667873936],[-117.39181944820525,47.59213515282185],[-117.39230907466008,47.59197004767209],[-117.39310699789263,47.59231544552011],[-117.39351248465144,47.5924342330221],[-117.39369995734927,47.59173973056594],[-117.39393294901824,47.591341840729754],[-117.3946067017869,47.590703114229356],[-117.39484105429403,47.59056250804879],[-117.39631361692527,47.58995045430585],[-117.39665939480886,47.5898104142424],[-117.39752698094622,47.58924127898065],[-117.3984328240845,47.587684904984556],[-117.39032427528292,47.587571421052296],[-117.39036655298085,47.58031951015672],[-117.3798667883247,47.580331762446754],[-117.37987901294598,47.57295894826059],[-117.36922689542298,47.57296211838099],[-117.34164166754572,47.572918880134814],[-117.34154374927894,47.57655768668015],[-117.34698558118582,47.576627674542785],[-117.3468897907834,47.58025084175271],[-117.30357970384799,47.5796776767548],[-117.30351979011772,47.59428670422041],[-117.32522888157682,47.594445590685176],[-117.32517304727757,47.598055893133804],[-117.33055762126202,47.598153473358124],[-117.33050327874074,47.60176630958875],[-117.34036201727218,47.60194704690626],[-117.34148790974851,47.60197507447034],[-117.34402819035907,47.60201159083584],[-117.34404557456898,47.60080793792509],[-117.34417062569669,47.59477246892693],[-117.35767703070928,47.59486547387511]]]},"properties":{"COUNTY":"Spokane","PRECCODE":9029,"PRECNAME":"9029 Spokane county","PRECINCT":"Spokane 9029","DESCRIPTIO":"Moran Prairie Rural South (Regal Road, Jamieson Road)","OFFICE":"County Proposition 1","JURISDICTION":"County","RACE":"Spokane County County Proposition 1","Name_1":"Approved","Party_1":"Yes_1","Votes_1":"88","Name_2":"Rejected","Party_2":"No_1","Votes_2":"21","Name_3":null,"Party_3":null,"Votes_3":"0","Name_4":null,"Party_4":null,"Votes_4":"0","Name_5":null,"Party_5":null,"Votes_5":"0","Name_6":null,"Party_6":null,"Votes_6":"0","Name_7":null,"Party_7":null,"Votes_7":"0","Votes_total":"109","Pct_1":80.73,"Pct_2":19.27,"Pct_3":0,"Pct_4":0,"Pct_5":0,"Pct_6":0,"Pct_7":0,"Margin":61.46}},
{"type":"Feature","geometry":{"type":"Polygon","coordinates":[[[-117.20749429318813,47.61917439695182],[-117.20741600182276,47.633306757223096],[-117.21281699484697,47.63332286115727],[-117.212810693364,47.62785886391016],[-117.21820218443916,47.62786305276432],[-117.22853251871295,47.62789670279732],[-117.22856077468937,47.620617026095154],[-117.21383163159943,47.62144978790489],[-117.20749429318813,47.61917439695182]]]},"properties":{"COUNTY":"Spokane","PRECCODE":9030,"PRECNAME":"9030 Spokane county","PRECINCT":"Spokane 9030","DESCRIPTIO":"Veradale Rural Southwest (Lazy Fox Estates), South Veradale West (Pine Valley Ranch Apartments)","OFFICE":"County Proposition 1","JURISDICTION":"County","RACE":"Spokane County County Proposition 1","Name_1":"Rejected","Party_1":"No_1","Votes_1":"57","Name_2":"Approved","Party_2":"Yes_1","Votes_2":"14","Name_3":null,"Party_3":null,"Votes_3":"0","Name_4":null,"Party_4":null,"Votes_4":"0","Name_5":null,"Party_5":null,"Votes_5":"0","Name_6":null,"Party_6":null,"Votes_6":"0","Name_7":null,"Party_7":null,"Votes_7":"0","Votes_total":"71","Pct_1":80.28,"Pct_2":19.72,"Pct_3":0,"Pct_4":0,"Pct_5":0,"Pct_6":0,"Pct_7":0,"Margin":60.56}},
{"type":"Feature","geometry":{"type":"Polygon","coordinates":[[[-117.20749429318813,47.61917439695182],[-117.20318014344441,47.619587724592016],[-117.19667992569572,47.619605052865666],[-117.19668792422091,47.620594226384966],[-117.19663217275708,47.63294790289945],[-117.20741600182276,47.633306757223096],[-117.20749429318813,47.61917439695182]]]},"properties":{"COUNTY":"Spokane","PRECCODE":9031,"PRECNAME":"9031 Spokane county","PRECINCT":"Spokane 9031","DESCRIPTIO":"Veradale Rural South (Sommer Road), South Veradale Center (Tori's Place)","OFFICE":"County Proposition 1","JURISDICTION":"County","RACE":"Spokane County County Proposition 1","Name_1":"Rejected","Party_1":"No_1","Votes_1":"11","Name_2":null,"Party_2":null,"Votes_2":"0","Name_3":null,"Party_3":null,"Votes_3":"0","Name_4":null,"Party_4":null,"Votes_4":"0","Name_5":null,"Party_5":null,"Votes_5":"0","Name_6":null,"Party_6":null,"Votes_6":"0","Name_7":null,"Party_7":null,"Votes_7":"0","Votes_total":"11","Pct_1":100,"Pct_2":0,"Pct_3":0,"Pct_4":0,"Pct_5":0,"Pct_6":0,"Pct_7":0,"Margin":100}},
{"type":"Feature","geometry":{"type":"Polygon","coordinates":[[[-117.22274222052177,47.60466927918838],[-117.22340866159482,47.60900246042218],[-117.2341527664196,47.609206808128015],[-117.23420220256837,47.61334998650686],[-117.238399723228,47.61334258548857],[-117.23840231506188,47.61243560478951],[-117.241846376354,47.612442254645536],[-117.24105620093611,47.60525803825762],[-117.24467726340782,47.60527391524128],[-117.24204172046547,47.60169582741863],[-117.24387303679376,47.600285013454126],[-117.23583588212985,47.59990191623614],[-117.23790988430167,47.596372202624785],[-117.23167619170373,47.596174460327454],[-117.22819312913117,47.598147181649765],[-117.22984782837828,47.598832032890186],[-117.22825970862898,47.60047963183375],[-117.22967965603384,47.60506619198387],[-117.23292496020737,47.60829244471765],[-117.22362456651716,47.608433971612435],[-117.22274222052177,47.60466927918838]]]},"properties":{"COUNTY":"Spokane","PRECCODE":9033,"PRECNAME":"9033 Spokane county","PRECINCT":"Spokane 9033","DESCRIPTIO":"Chester Rural Southeast (Painted Hills, The Creek at Chester)","OFFICE":"County Proposition 1","JURISDICTION":"County","RACE":"Spokane County County Proposition 1","Name_1":"Approved","Party_1":"Yes_1","Votes_1":"24","Name_2":null,"Party_2":null,"Votes_2":"0","Name_3":null,"Party_3":null,"Votes_3":"0","Name_4":null,"Party_4":null,"Votes_4":"0","Name_5":null,"Party_5":null,"Votes_5":"0","Name_6":null,"Party_6":null,"Votes_6":"0","Name_7":null,"Party_7":null,"Votes_7":"0","Votes_total":"24","Pct_1":100,"Pct_2":0,"Pct_3":0,"Pct_4":0,"Pct_5":0,"Pct_6":0,"Pct_7":0,"Margin":100}},
{"type":"Feature","geometry":{"type":"Polygon","coordinates":[[[-117.22274222052177,47.60466927918838],[-117.19551840002946,47.60519508292577],[-117.19543267198341,47.61334151725542],[-117.23420220256837,47.61334998650686],[-117.2341527664196,47.609206808128015],[-117.22340866159482,47.60900246042218],[-117.22274222052177,47.60466927918838]]]},"properties":{"COUNTY":"Spokane","PRECCODE":9034,"PRECNAME":"9034 Spokane county","PRECINCT":"Spokane 9034","DESCRIPTIO":"Veradale Rural Farther South (Bella Vista, Morrow Park, Elk Ridge Heights South)","OFFICE":"County Proposition 1","JURISDICTION":"County","RACE":"Spokane County County Proposition 1","Name_1":"Rejected","Party_1":"No_1","Votes_1":"57","Name_2":"Approved","Party_2":"Yes_1","Votes_2":"23","Name_3":null,"Party_3":null,"Votes_3":"0","Name_4":null,"Party_4":null,"Votes_4":"0","Name_5":null,"Party_5":null,"Votes_5":"0","Name_6":null,"Party_6":null,"Votes_6":"0","Name_7":null,"Party_7":null,"Votes_7":"0","Votes_total":"80","Pct_1":71.25,"Pct_2":28.75,"Pct_3":0,"Pct_4":0,"Pct_5":0,"Pct_6":0,"Pct_7":0,"Margin":42.5}},
{"type":"Feature","geometry":{"type":"Polygon","coordinates":[[[-117.1752140274867,47.6336013973516],[-117.17929912718178,47.6351033507117],[-117.18861118237521,47.63502391141149],[-117.18901750045228,47.63469382591918],[-117.18943158643457,47.63315354473275],[-117.19271522307709,47.633143106968376],[-117.19201472618808,47.62999648292865],[-117.19663689216182,47.63140424437398],[-117.19668792422091,47.620594226384966],[-117.19667992426078,47.61960522570463],[-117.19672004901128,47.61334635630321],[-117.17511330429735,47.61329810518541],[-117.17499277374917,47.627799109974646],[-117.17502712159715,47.62787216537281],[-117.1752140274867,47.6336013973516]]]},"properties":{"COUNTY":"Spokane","PRECCODE":9035,"PRECNAME":"9035 Spokane county","PRECINCT":"Spokane 9035","DESCRIPTIO":"S. Greenacres Far Southwest (Timberlane Terrace, Remington Hill), Veradale Rural Southeast","OFFICE":"County Proposition 1","JURISDICTION":"County","RACE":"Spokane County County Proposition 1","Name_1":"Approved","Party_1":"Yes_1","Votes_1":"128","Name_2":"Rejected","Party_2":"No_1","Votes_2":"27","Name_3":null,"Party_3":null,"Votes_3":"0","Name_4":null,"Party_4":null,"Votes_4":"0","Name_5":null,"Party_5":null,"Votes_5":"0","Name_6":null,"Party_6":null,"Votes_6":"0","Name_7":null,"Party_7":null,"Votes_7":"0","Votes_total":"155","Pct_1":82.58,"Pct_2":17.42,"Pct_3":0,"Pct_4":0,"Pct_5":0,"Pct_6":0,"Pct_7":0,"Margin":65.16}},
{"type":"Feature","geometry":{"type":"Polygon","coordinates":[[[-117.17499390524702,47.63363931309106],[-117.17403552961781,47.634020702001806],[-117.16284323774846,47.63617036199316],[-117.16152802709186,47.640231087386276],[-117.15871325260878,47.64122517303761],[-117.15824407717363,47.641507461861195],[-117.15720915720713,47.642315399090414],[-117.1643166513358,47.642345430674354],[-117.17509800642752,47.6423520339585],[-117.17812434924653,47.64236391270583],[-117.18038646824878,47.63847335153874],[-117.17277945275245,47.636531156841926],[-117.1737312509427,47.63478439061367],[-117.17525544518921,47.63567980829883],[-117.17666987241826,47.63460770819545],[-117.17499369725363,47.63375975200925],[-117.17499390524702,47.63363931309106]]]},"properties":{"COUNTY":"Spokane","PRECCODE":9036,"PRECNAME":"9036 Spokane county","PRECINCT":"Spokane 9036","DESCRIPTIO":"S. Greenacres West (Morningside Heights, Morningside Park)","OFFICE":"County Proposition 1","JURISDICTION":"County","RACE":"Spokane County County Proposition 1","Name_1":"Approved","Party_1":"Yes_1","Votes_1":"24","Name_2":"Rejected","Party_2":"No_1","Votes_2":"14","Name_3":null,"Party_3":null,"Votes_3":"0","Name_4":null,"Party_4":null,"Votes_4":"0","Name_5":null,"Party_5":null,"Votes_5":"0","Name_6":null,"Party_6":null,"Votes_6":"0","Name_7":null,"Party_7":null,"Votes_7":"0","Votes_total":"38","Pct_1":63.16,"Pct_2":36.84,"Pct_3":0,"Pct_4":0,"Pct_5":0,"Pct_6":0,"Pct_7":0,"Margin":26.32}},
{"type":"Feature","geometry":{"type":"Polygon","coordinates":[[[-117.15356454863745,47.64229982721034],[-117.15404702377316,47.64657131706269],[-117.16387218631273,47.64941109303414],[-117.16570784360891,47.64961464403061],[-117.1643166513358,47.642345430674354],[-117.15356454863745,47.64229982721034]]]},"properties":{"COUNTY":"Spokane","PRECCODE":9037,"PRECNAME":"9037 Spokane county","PRECINCT":"Spokane 9037","DESCRIPTIO":"S. Greenacres North (Turtle Creek South, Selkirk Estates)","OFFICE":"County Proposition 1","JURISDICTION":"County","RACE":"Spokane County County Proposition 1","Name_1":"Rejected","Party_1":"No_1","Votes_1":"5","Name_2":null,"Party_2":null,"Votes_2":"0","Name_3":null,"Party_3":null,"Votes_3":"0","Name_4":null,"Party_4":null,"Votes_4":"0","Name_5":null,"Party_5":null,"Votes_5":"0","Name_6":null,"Party_6":null,"Votes_6":"0","Name_7":null,"Party_7":null,"Votes_7":"0","Votes_total":"5","Pct_1":100,"Pct_2":0,"Pct_3":0,"Pct_4":0,"Pct_5":0,"Pct_6":0,"Pct_7":0,"Margin":100}},
{"type":"Feature","geometry":{"type":"Polygon","coordinates":[[[-117.09757845633017,47.6540416546687],[-117.10025604682083,47.65405567090944],[-117.10023701550858,47.65317088452301],[-117.11084948857552,47.6531575005652],[-117.11076626242064,47.64952028417742],[-117.12148447030333,47.64955140267351],[-117.12158718452693,47.656873062076514],[-117.13220972672339,47.65689975592651],[-117.13223968328641,47.65871728318578],[-117.13342839086091,47.65698263740146],[-117.14288278082866,47.65698806571882],[-117.14288166059305,47.649605140467095],[-117.13213972173648,47.64957899353574],[-117.13216992843304,47.64229521218092],[-117.11063104365815,47.642254692305784],[-117.09731132053892,47.642203648071586],[-117.09757845633017,47.6540416546687]]]},"properties":{"COUNTY":"Spokane","PRECCODE":9039,"PRECNAME":"9039 Spokane county","PRECINCT":"Spokane 9039","DESCRIPTIO":"S. Greenacres Far Northeast (Micaview Drive, Cloverdale Court)","OFFICE":"County Proposition 1","JURISDICTION":"County","RACE":"Spokane County County Proposition 1","Name_1":"Approved","Party_1":"Yes_1","Votes_1":"26","Name_2":null,"Party_2":null,"Votes_2":"0","Name_3":null,"Party_3":null,"Votes_3":"0","Name_4":null,"Party_4":null,"Votes_4":"0","Name_5":null,"Party_5":null,"Votes_5":"0","Name_6":null,"Party_6":null,"Votes_6":"0","Name_7":null,"Party_7":null,"Votes_7":"0","Votes_total":"26","Pct_1":100,"Pct_2":0,"Pct_3":0,"Pct_4":0,"Pct_5":0,"Pct_6":0,"Pct_7":0,"Margin":100}},
{"type":"Feature","geometry":{"type":"Polygon","coordinates":[[[-117.15356454863745,47.64229982721034],[-117.15720915720713,47.642315399090414],[-117.15824407717363,47.641507461861195],[-117.15871325260878,47.64122517303761],[-117.16152802709186,47.640231087386276],[-117.16284323774846,47.63617036199316],[-117.17403552961781,47.634020702001806],[-117.17499390524702,47.63363931309106],[-117.17502712159715,47.62787216537281],[-117.17499277374917,47.627799109974646],[-117.15984242458873,47.627331544771806],[-117.1587157948041,47.627804819990715],[-117.1536276792296,47.62780715294308],[-117.1496613853059,47.62778543718402],[-117.13870169998769,47.628688929299976],[-117.14376698309354,47.6318460634822],[-117.14506421622568,47.63868518532821],[-117.15358399814964,47.638699794968225],[-117.15356454863745,47.64229982721034]]]},"properties":{"COUNTY":"Spokane","PRECCODE":9040,"PRECNAME":"9040 Spokane county","PRECINCT":"Spokane 9040","DESCRIPTIO":"S. Greenacres South (Windsor Ridge, Hodges South, Saltese Flats Wetlands)","OFFICE":"County Proposition 1","JURISDICTION":"County","RACE":"Spokane County County Proposition 1","Name_1":"Rejected","Party_1":"No_1","Votes_1":"31","Name_2":"Approved","Party_2":"Yes_1","Votes_2":"9","Name_3":null,"Party_3":null,"Votes_3":"0","Name_4":null,"Party_4":null,"Votes_4":"0","Name_5":null,"Party_5":null,"Votes_5":"0","Name_6":null,"Party_6":null,"Votes_6":"0","Name_7":null,"Party_7":null,"Votes_7":"0","Votes_total":"40","Pct_1":77.5,"Pct_2":22.5,"Pct_3":0,"Pct_4":0,"Pct_5":0,"Pct_6":0,"Pct_7":0,"Margin":55}},
{"type":"Feature","geometry":{"type":"Polygon","coordinates":[[[-117.06821257949709,47.63352527687341],[-117.0755408986246,47.63818796669743],[-117.08126870029338,47.63756249945312],[-117.0849403688601,47.64269803207814],[-117.08770636983903,47.64229976560525],[-117.08961803500034,47.643800898583635],[-117.09172690634168,47.64802776595355],[-117.0900683715279,47.651961298389665],[-117.09345710596797,47.65399216529327],[-117.08965447126076,47.65385533865486],[-117.08964932544426,47.656735272343255],[-117.09210662547325,47.65676783154115],[-117.09970469786455,47.65681328101568],[-117.09993213727488,47.65405431363016],[-117.09757845633017,47.6540416546687],[-117.09731132053892,47.642203648071586],[-117.09532734651893,47.64219935900948],[-117.09539195584611,47.639014345589025],[-117.08935022324796,47.63900701302217],[-117.08933580201496,47.634933911013015],[-117.07344501793493,47.63484380457318],[-117.07347010688939,47.63121146113973],[-117.06821710411052,47.631222941535654],[-117.06821257949709,47.63352527687341]]]},"properties":{"COUNTY":"Spokane","PRECCODE":9041,"PRECNAME":"9041 Spokane county","PRECINCT":"Spokane 9041","DESCRIPTIO":"Liberty Lake Rural South (South Liberty Drive, South Liberty Lake Road, Garry Road)","OFFICE":"County Proposition 1","JURISDICTION":"County","RACE":"Spokane County County Proposition 1","Name_1":"Approved","Party_1":"Yes_1","Votes_1":"101","Name_2":"Rejected","Party_2":"No_1","Votes_2":"24","Name_3":null,"Party_3":null,"Votes_3":"0","Name_4":null,"Party_4":null,"Votes_4":"0","Name_5":null,"Party_5":null,"Votes_5":"0","Name_6":null,"Party_6":null,"Votes_6":"0","Name_7":null,"Party_7":null,"Votes_7":"0","Votes_total":"125","Pct_1":80.8,"Pct_2":19.2,"Pct_3":0,"Pct_4":0,"Pct_5":0,"Pct_6":0,"Pct_7":0,"Margin":61.6}},
{"type":"Feature","geometry":{"type":"Polygon","coordinates":[[[-117.3798667883247,47.580331762446754],[-117.39036655298085,47.58031951015672],[-117.39032427528292,47.587571421052296],[-117.3984328240845,47.587684904984556],[-117.40247014717067,47.58742466890275],[-117.403112235256,47.58736152335073],[-117.40293030197198,47.57921604353252],[-117.39397557060526,47.553489126629245],[-117.40036501389446,47.53513382678195],[-117.39387476477046,47.521996330831676],[-117.39388326102002,47.521287843043524],[-117.39972858464238,47.514568092079415],[-117.40080421505336,47.49340537850207],[-117.39900371340437,47.4781080681592],[-117.368470885041,47.47794929317488],[-117.36840864723025,47.536378686544545],[-117.38432809997016,47.53631484956396],[-117.38500796918134,47.550919832006],[-117.39042488842118,47.55093799609466],[-117.39050629823035,47.55819171064707],[-117.37979951839348,47.55815331035044],[-117.37988159154499,47.56567103639972],[-117.3798667883247,47.580331762446754]]]},"properties":{"COUNTY":"Spokane","PRECCODE":9043,"PRECNAME":"9043 Spokane county","PRECINCT":"Spokane 9043","DESCRIPTIO":"Moran Prairie Rural Far Southwest (Ridge at Hangman, Hangman Lane, Stentz Road)","OFFICE":"County Proposition 1","JURISDICTION":"County","RACE":"Spokane County County Proposition 1","Name_1":"Rejected","Party_1":"No_1","Votes_1":"193","Name_2":"Approved","Party_2":"Yes_1","Votes_2":"15","Name_3":null,"Party_3":null,"Votes_3":"0","Name_4":null,"Party_4":null,"Votes_4":"0","Name_5":null,"Party_5":null,"Votes_5":"0","Name_6":null,"Party_6":null,"Votes_6":"0","Name_7":null,"Party_7":null,"Votes_7":"0","Votes_total":"208","Pct_1":92.79,"Pct_2":7.21,"Pct_3":0,"Pct_4":0,"Pct_5":0,"Pct_6":0,"Pct_7":0,"Margin":85.58}},
{"type":"Feature","geometry":{"type":"Polygon","coordinates":[[[-117.368470885041,47.47794929317488],[-117.32542707806691,47.47824247017266],[-117.32584036037221,47.48548629219982],[-117.33104790316608,47.48545458920741],[-117.33106945679071,47.489096871050776],[-117.32039108027682,47.48896264219273],[-117.32040006005552,47.492510886652404],[-117.3470438488764,47.49263178048068],[-117.3467299297604,47.525081098505176],[-117.3502110969773,47.52885000446298],[-117.35736004086722,47.52948396535372],[-117.35810124285199,47.536486699322474],[-117.35572218540482,47.54159081910048],[-117.34526316117268,47.54731674573396],[-117.34281180985123,47.55057626400234],[-117.35891721787225,47.57005561762347],[-117.35841461626794,47.57293812801578],[-117.36922689542298,47.57296211838099],[-117.37987901294598,47.57295894826059],[-117.37988159154499,47.56567103639972],[-117.37979951839348,47.55815331035044],[-117.39050629823035,47.55819171064707],[-117.39042488842118,47.55093799609466],[-117.38500796918134,47.550919832006],[-117.38432809997016,47.53631484956396],[-117.36840864723025,47.536378686544545],[-117.368470885041,47.47794929317488]]]},"properties":{"COUNTY":"Spokane","PRECCODE":9044,"PRECNAME":"9044 Spokane county","PRECINCT":"Spokane 9044","DESCRIPTIO":"Moran Prairie Rural Far South (Hangman Hills, Baltimore Road)","OFFICE":"County Proposition 1","JURISDICTION":"County","RACE":"Spokane County County Proposition 1","Name_1":"Rejected","Party_1":"No_1","Votes_1":"18","Name_2":null,"Party_2":null,"Votes_2":"0","Name_3":null,"Party_3":null,"Votes_3":"0","Name_4":null,"Party_4":null,"Votes_4":"0","Name_5":null,"Party_5":null,"Votes_5":"0","Name_6":null,"Party_6":null,"Votes_6":"0","Name_7":null,"Party_7":null,"Votes_7":"0","Votes_total":"18","Pct_1":100,"Pct_2":0,"Pct_3":0,"Pct_4":0,"Pct_5":0,"Pct_6":0,"Pct_7":0,"Margin":100}},
{"type":"Feature","geometry":{"type":"Polygon","coordinates":[[[-117.56469533690654,47.49884664346472],[-117.56283782899477,47.49878712527219],[-117.55637895904371,47.50340107850857],[-117.55967480986318,47.50342017896321],[-117.56176481335113,47.50744214471837],[-117.56491973359184,47.50746731518985],[-117.5649081559595,47.51363261180636],[-117.57026127224552,47.51360680801327],[-117.57027302312301,47.50745378010103],[-117.57542634348567,47.50744091350046],[-117.57538956963276,47.50370138289413],[-117.57350701261494,47.50364718611364],[-117.56888371805063,47.503675423700315],[-117.56466650233794,47.503960324453374],[-117.56469533690654,47.49884664346472]]]},"properties":{"COUNTY":"Spokane","PRECCODE":9201,"PRECNAME":"9201 Cheney","PRECINCT":"Spokane 9201","DESCRIPTIO":"Cheney Northeast (Avalon Place, Barrington Place Apartments)","OFFICE":"County Proposition 1","JURISDICTION":"County","RACE":"Spokane County County Proposition 1","Name_1":"Rejected","Party_1":"No_1","Votes_1":"42","Name_2":null,"Party_2":null,"Votes_2":"0","Name_3":null,"Party_3":null,"Votes_3":"0","Name_4":null,"Party_4":null,"Votes_4":"0","Name_5":null,"Party_5":null,"Votes_5":"0","Name_6":null,"Party_6":null,"Votes_6":"0","Name_7":null,"Party_7":null,"Votes_7":"0","Votes_total":"42","Pct_1":100,"Pct_2":0,"Pct_3":0,"Pct_4":0,"Pct_5":0,"Pct_6":0,"Pct_7":0,"Margin":100}},
{"type":"Feature","geometry":{"type":"Polygon","coordinates":[[[-117.56469532254062,47.498876104617636],[-117.56466650233794,47.503960324453374],[-117.56888371805063,47.503675423700315],[-117.57350701261494,47.50364718611364],[-117.57538956963276,47.50370138289413],[-117.58624429535567,47.50367473337781],[-117.58646139732566,47.50143308742829],[-117.58547772617902,47.50125784801987],[-117.5847516144097,47.50119693517329],[-117.5780350652515,47.501458206813524],[-117.5776301273185,47.5013241450925],[-117.57552013628963,47.49964498154693],[-117.57064323915388,47.499668008984074],[-117.57147489577812,47.49743887383372],[-117.56765989285182,47.49977327613954],[-117.56469532254062,47.498876104617636]]]},"properties":{"COUNTY":"Spokane","PRECCODE":9202,"PRECNAME":"9202 Cheney","PRECINCT":"Spokane 9202","DESCRIPTIO":"Cheney North (Centennial Park, Boulder Apartments, Willow Wood Village Apartments)","OFFICE":"County Proposition 1","JURISDICTION":"County","RACE":"Spokane County County Proposition 1","Name_1":"Approved","Party_1":"Yes_1","Votes_1":"90","Name_2":"Rejected","Party_2":"No_1","Votes_2":"31","Name_3":null,"Party_3":null,"Votes_3":"0","Name_4":null,"Party_4":null,"Votes_4":"0","Name_5":null,"Party_5":null,"Votes_5":"0","Name_6":null,"Party_6":null,"Votes_6":"0","Name_7":null,"Party_7":null,"Votes_7":"0","Votes_total":"121","Pct_1":74.38,"Pct_2":25.62,"Pct_3":0,"Pct_4":0,"Pct_5":0,"Pct_6":0,"Pct_7":0,"Margin":48.76}},
{"type":"Feature","geometry":{"type":"Polygon","coordinates":[[[-117.57028102276563,47.4963849183797],[-117.5664928722605,47.49471711529321],[-117.56283782899477,47.49878712527219],[-117.56469533690654,47.49884664346472],[-117.56469532254062,47.498876104617636],[-117.56765989285182,47.49977327613954],[-117.57147489577812,47.49743887383372],[-117.57064323915388,47.499668008984074],[-117.57552013628963,47.49964498154693],[-117.5776301273185,47.5013241450925],[-117.5780350652515,47.501458206813524],[-117.5847516144097,47.50119693517329],[-117.58547772617902,47.50125784801987],[-117.58646139732566,47.50143308742829],[-117.58657462672576,47.50019513505997],[-117.58659136802355,47.49950772628171],[-117.58656144616971,47.49636300717425],[-117.57028102276563,47.4963849183797]]]},"properties":{"COUNTY":"Spokane","PRECCODE":9203,"PRECNAME":"9203 Cheney","PRECINCT":"Spokane 9203","DESCRIPTIO":"Cheney North-Center (Cheney High School, St. Rose of Lima Church)","OFFICE":"County Proposition 1","JURISDICTION":"County","RACE":"Spokane County County Proposition 1","Name_1":"Rejected","Party_1":"No_1","Votes_1":"172","Name_2":"Approved","Party_2":"Yes_1","Votes_2":"33","Name_3":null,"Party_3":null,"Votes_3":"0","Name_4":null,"Party_4":null,"Votes_4":"0","Name_5":null,"Party_5":null,"Votes_5":"0","Name_6":null,"Party_6":null,"Votes_6":"0","Name_7":null,"Party_7":null,"Votes_7":"0","Votes_total":"205","Pct_1":83.9,"Pct_2":16.1,"Pct_3":0,"Pct_4":0,"Pct_5":0,"Pct_6":0,"Pct_7":0,"Margin":67.8}},
{"type":"Feature","geometry":{"type":"Polygon","coordinates":[[[-117.58648527682332,47.49277419506275],[-117.58655348835542,47.493819270357776],[-117.5865616105826,47.49641545078149],[-117.59693287451317,47.49651557031763],[-117.5969030383235,47.485660981055645],[-117.59167099240504,47.485614216561345],[-117.59216235315947,47.481717020256816],[-117.59345316877283,47.481798441762386],[-117.5934558319745,47.479969259037624],[-117.58980997226088,47.47921879834449],[-117.58629118709504,47.480664818843735],[-117.58627651081194,47.47787333236432],[-117.5800302111912,47.48096845965354],[-117.58634200915532,47.48511560103611],[-117.58648527682332,47.49277419506275]]]},"properties":{"COUNTY":"Spokane","PRECCODE":9204,"PRECNAME":"9204 Cheney","PRECINCT":"Spokane 9204","DESCRIPTIO":"Cheney Southwest (Moos Field, Buena Vista Street)","OFFICE":"County Proposition 1","JURISDICTION":"County","RACE":"Spokane County County Proposition 1","Name_1":"Rejected","Party_1":"No_1","Votes_1":"26","Name_2":"Approved","Party_2":"Yes_1","Votes_2":"6","Name_3":null,"Party_3":null,"Votes_3":"0","Name_4":null,"Party_4":null,"Votes_4":"0","Name_5":null,"Party_5":null,"Votes_5":"0","Name_6":null,"Party_6":null,"Votes_6":"0","Name_7":null,"Party_7":null,"Votes_7":"0","Votes_total":"32","Pct_1":81.25,"Pct_2":18.75,"Pct_3":0,"Pct_4":0,"Pct_5":0,"Pct_6":0,"Pct_7":0,"Margin":62.5}},
{"type":"Feature","geometry":{"type":"Polygon","coordinates":[[[-117.58648527682332,47.49277419506275],[-117.57022126045982,47.492818419110236],[-117.57028102276563,47.4963849183797],[-117.58656144616971,47.49636300717425],[-117.58655348835542,47.493819270357776],[-117.58648527682332,47.49277419506275]]]},"properties":{"COUNTY":"Spokane","PRECCODE":9205,"PRECNAME":"9205 Cheney","PRECINCT":"Spokane 9205","DESCRIPTIO":"Cheney South-Center (Betz Elementary School, Parkview Apartments)","OFFICE":"County Proposition 1","JURISDICTION":"County","RACE":"Spokane County County Proposition 1","Name_1":"Approved","Party_1":"Yes_1","Votes_1":"1","Name_2":null,"Party_2":null,"Votes_2":"0","Name_3":null,"Party_3":null,"Votes_3":"0","Name_4":null,"Party_4":null,"Votes_4":"0","Name_5":null,"Party_5":null,"Votes_5":"0","Name_6":null,"Party_6":null,"Votes_6":"0","Name_7":null,"Party_7":null,"Votes_7":"0","Votes_total":"1","Pct_1":100,"Pct_2":0,"Pct_3":0,"Pct_4":0,"Pct_5":0,"Pct_6":0,"Pct_7":0,"Margin":100}},
{"type":"Feature","geometry":{"type":"Polygon","coordinates":[[[-117.5800302111912,47.48096845965354],[-117.58000449029299,47.47831847099919],[-117.57013250782057,47.47829814776464],[-117.5701198403446,47.48192893618938],[-117.56864127509733,47.481912384832704],[-117.58648527682332,47.49277419506275],[-117.58634200915532,47.48511560103611],[-117.5800302111912,47.48096845965354]]]},"properties":{"COUNTY":"Spokane","PRECCODE":9207,"PRECNAME":"9207 Cheney","PRECINCT":"Spokane 9207","DESCRIPTIO":"Cheney Southeast (Downtown West, Grove Apartments, Union Street)","OFFICE":"County Proposition 1","JURISDICTION":"County","RACE":"Spokane County County Proposition 1","Name_1":"Approved","Party_1":"Yes_1","Votes_1":"77","Name_2":null,"Party_2":null,"Votes_2":"0","Name_3":null,"Party_3":null,"Votes_3":"0","Name_4":null,"Party_4":null,"Votes_4":"0","Name_5":null,"Party_5":null,"Votes_5":"0","Name_6":null,"Party_6":null,"Votes_6":"0","Name_7":null,"Party_7":null,"Votes_7":"0","Votes_total":"77","Pct_1":100,"Pct_2":0,"Pct_3":0,"Pct_4":0,"Pct_5":0,"Pct_6":0,"Pct_7":0,"Margin":100}},
{"type":"Feature","geometry":{"type":"Polygon","coordinates":[[[-117.59216235315947,47.481717020256816],[-117.59167099240504,47.485614216561345],[-117.60224214818706,47.48570845283925],[-117.60224357979266,47.48376485117212],[-117.60758151083687,47.482479669068944],[-117.60758180719282,47.478489744002005],[-117.59676627503273,47.4784194828169],[-117.59550481430195,47.48192721620223],[-117.59216235315947,47.481717020256816]]]},"properties":{"COUNTY":"Spokane","PRECCODE":9208,"PRECNAME":"9208 Cheney","PRECINCT":"Spokane 9208","DESCRIPTIO":"Cheney Far Southwest (Salnave Elementary School, Scenic Heights)","OFFICE":"County Proposition 1","JURISDICTION":"County","RACE":"Spokane County County Proposition 1","Name_1":"Rejected","Party_1":"No_1","Votes_1":"163","Name_2":"Approved","Party_2":"Yes_1","Votes_2":"50","Name_3":null,"Party_3":null,"Votes_3":"0","Name_4":null,"Party_4":null,"Votes_4":"0","Name_5":null,"Party_5":null,"Votes_5":"0","Name_6":null,"Party_6":null,"Votes_6":"0","Name_7":null,"Party_7":null,"Votes_7":"0","Votes_total":"213","Pct_1":76.53,"Pct_2":23.47,"Pct_3":0,"Pct_4":0,"Pct_5":0,"Pct_6":0,"Pct_7":0,"Margin":53.06}},
{"type":"Feature","geometry":{"type":"Polygon","coordinates":[[[-117.59345316877283,47.481798441762386],[-117.59550481430195,47.48192721620223],[-117.59676627503273,47.4784194828169],[-117.60758180719282,47.478489744002005],[-117.6077453396303,47.47210644993139],[-117.61108406215557,47.47156482260388],[-117.61109508429192,47.466664496857454],[-117.60777712454696,47.468044944123584],[-117.60796683161206,47.4653122575601],[-117.58627651081194,47.47787333236432],[-117.58629118709504,47.480664818843735],[-117.58980997226088,47.47921879834449],[-117.5934558319745,47.479969259037624],[-117.59345316877283,47.481798441762386]]]},"properties":{"COUNTY":"Spokane","PRECCODE":9209,"PRECNAME":"9209 Cheney","PRECINCT":"Spokane 9209","DESCRIPTIO":"Cheney Farthest Southwest (Salnave Glen Apartments, Pine Village MHP)","OFFICE":"County Proposition 1","JURISDICTION":"County","RACE":"Spokane County County Proposition 1","Name_1":"Approved","Party_1":"Yes_1","Votes_1":"75","Name_2":"Rejected","Party_2":"No_1","Votes_2":"16","Name_3":null,"Party_3":null,"Votes_3":"0","Name_4":null,"Party_4":null,"Votes_4":"0","Name_5":null,"Party_5":null,"Votes_5":"0","Name_6":null,"Party_6":null,"Votes_6":"0","Name_7":null,"Party_7":null,"Votes_7":"0","Votes_total":"91","Pct_1":82.42,"Pct_2":17.58,"Pct_3":0,"Pct_4":0,"Pct_5":0,"Pct_6":0,"Pct_7":0,"Margin":64.84}}
]}