{
"type": "FeatureCollection",
"crs": { "type": "name", "properties": { "name": "urn:ogc:def:crs:OGC:1.3:CRS84" } },
"features": [
{ "type": "Feature", "properties": { "DISTRICT": "Spokane County District 4", "OFFICE": "County Commissioner District 4", "JURISDICTION": "County Council", "RACE": "Spokane County District 4 County Commissioner District 4", "Name_1": "Suzanne Schmidt", "Party_1": "Republican_1", "Votes_1": "0", "Name_2": "Write-In", "Party_2": "None_1", "Votes_2": "0", "Name_3": null, "Party_3": null, "Votes_3": "0", "Name_4": null, "Party_4": null, "Votes_4": "0", "Name_5": null, "Party_5": null, "Votes_5": "0", "Name_6": null, "Party_6": null, "Votes_6": "0", "Name_7": null, "Party_7": null, "Votes_7": "0", "Votes_total": "0", "Pct_1": null, "Pct_2": null, "Pct_3": null, "Pct_4": null, "Pct_5": null, "Pct_6": null, "Pct_7": null, "Margin": 0.0 }, "geometry": { "type": "Polygon", "coordinates": [ [ [ -117.039762999855043, 47.41254299955326 ], [ -117.039834000341969, 47.412500999147881 ], [ -117.039836000551105, 47.411839999114022 ], [ -117.039830999694175, 47.410161999321794 ], [ -117.039835000064969, 47.409656999309391 ], [ -117.039830999512802, 47.409565999209221 ], [ -117.039834999405755, 47.407905999098759 ], [ -117.039838000558646, 47.407261998683545 ], [ -117.039843000107965, 47.406583999092831 ], [ -117.039843999453566, 47.405681999368298 ], [ -117.039845999831144, 47.405160998509231 ], [ -117.039850000129292, 47.405030998806033 ], [ -117.039846000499679, 47.4048959988828 ], [ -117.039845000527578, 47.403729998847439 ], [ -117.039845000407709, 47.402290999112445 ], [ -117.039844999833008, 47.402039999101135 ], [ -117.039845000709988, 47.401710998908023 ], [ -117.039844000682734, 47.400774998656082 ], [ -117.039845999895974, 47.400296999032371 ], [ -117.039843999234591, 47.400119999664092 ], [ -117.039844000507884, 47.399556998830668 ], [ -117.039850000234381, 47.399416999130381 ], [ -117.039845999426532, 47.399160998696722 ], [ -117.039843999410792, 47.39836799877196 ], [ -117.039843000473581, 47.396586999025473 ], [ -117.039843000426046, 47.395253999173335 ], [ -117.039841999589555, 47.394023998979705 ], [ -117.039839999622558, 47.393017998937822 ], [ -117.039841999405112, 47.392814999384385 ], [ -117.039841999921151, 47.391266999426072 ], [ -117.039846000227158, 47.391121998826243 ], [ -117.039858000185987, 47.390868999262395 ], [ -117.039843000556473, 47.390346998761068 ], [ -117.039835999106018, 47.388432999362536 ], [ -117.039834000137759, 47.387936999563557 ], [ -117.039833000006666, 47.387801999327884 ], [ -117.039829000370077, 47.386904999169168 ], [ -117.039814999137107, 47.383179999043321 ], [ -117.039796999254563, 47.377596999162861 ], [ -117.039792999563772, 47.376430999007702 ], [ -117.039796000960507, 47.376055998993621 ], [ -117.039803000301191, 47.372242998808716 ], [ -117.039803999933369, 47.371706999343544 ], [ -117.039805000869677, 47.371142998921663 ], [ -117.039810000488615, 47.369360998388025 ], [ -117.039813999662115, 47.367955999260701 ], [ -117.039813999897831, 47.367868999280311 ], [ -117.039813999436404, 47.367746998464135 ], [ -117.039806000124287, 47.366100998808342 ], [ -117.039808000091824, 47.366030998485051 ], [ -117.039810000108091, 47.365905999335844 ], [ -117.039821000334314, 47.36535699933853 ], [ -117.03982800032496, 47.363205999607565 ], [ -117.039828000118675, 47.363024998967497 ], [ -117.039830999643129, 47.362092999500298 ], [ -117.03983300029131, 47.361651999008245 ], [ -117.039826000488063, 47.360069998731596 ], [ -117.039815000045365, 47.357248999147679 ], [ -117.039814999960129, 47.35713299862536 ], [ -117.039800000489947, 47.353595998550055 ], [ -117.039798999835028, 47.352308999255662 ], [ -117.039792999217369, 47.351820998792235 ], [ -117.039790999797802, 47.351302999054383 ], [ -117.03978999967218, 47.351127998532249 ], [ -117.039774999232407, 47.347213999342877 ], [ -117.039790999743431, 47.345379998988598 ], [ -117.039790998880861, 47.345302999425385 ], [ -117.039792000160318, 47.345208999103164 ], [ -117.039818000435957, 47.342341999021087 ], [ -117.039818999667006, 47.34228299941342 ], [ -117.039833999548492, 47.340665999293343 ], [ -117.03984000013763, 47.33992899899399 ], [ -117.039840999505842, 47.339805998992574 ], [ -117.039843999388125, 47.339493998769768 ], [ -117.039846000173355, 47.339342998969379 ], [ -117.039861000358897, 47.337695999062269 ], [ -117.039906000638311, 47.332708998922634 ], [ -117.039905999995355, 47.332637999634805 ], [ -117.039904999505055, 47.332516999331368 ], [ -117.039907999574197, 47.331780999263486 ], [ -117.039907999354028, 47.331669999534711 ], [ -117.039919000440904, 47.326843998980138 ], [ -117.039918999417154, 47.326720998855215 ], [ -117.039927999889613, 47.322683999183504 ], [ -117.039932000409607, 47.320846999616492 ], [ -117.039932000041219, 47.320771998458035 ], [ -117.03993399904526, 47.319961998951165 ], [ -117.039936000013157, 47.318754998544229 ], [ -117.039940001018962, 47.317962999367467 ], [ -117.039938000457141, 47.317798998867595 ], [ -117.039939999229986, 47.317465999524252 ], [ -117.039935000384304, 47.316956999156055 ], [ -117.039931999361684, 47.315968999143806 ], [ -117.039928000340254, 47.315027999225556 ], [ -117.039928000133443, 47.314939999023998 ], [ -117.03991900006028, 47.312101999264641 ], [ -117.039919000713752, 47.312025998600809 ], [ -117.039911000731522, 47.31054199868602 ], [ -117.039911999172574, 47.31013799920084 ], [ -117.039910000815894, 47.30934599910951 ], [ -117.039901999457584, 47.306897998768974 ], [ -117.039901000039038, 47.306677999535736 ], [ -117.039899999940715, 47.306284998739599 ], [ -117.039899000679398, 47.306000999252731 ], [ -117.039898000106987, 47.305679998982363 ], [ -117.039895999862082, 47.305063998430079 ], [ -117.039892999807819, 47.304368999179374 ], [ -117.039889999678934, 47.303267998611709 ], [ -117.039888999647104, 47.303178999565255 ], [ -117.039890000153548, 47.303057999085205 ], [ -117.039892999951206, 47.302288998979172 ], [ -117.039895000131096, 47.301634999220873 ], [ -117.039897000899686, 47.300913998723338 ], [ -117.039898000180088, 47.30035199899708 ], [ -117.039900000243662, 47.300226998640944 ], [ -117.039900999959684, 47.299891998540673 ], [ -117.039901999685341, 47.299501998947996 ], [ -117.039903000213187, 47.299077999211832 ], [ -117.039904999873642, 47.298445999392136 ], [ -117.039909000847473, 47.297325999059638 ], [ -117.039912999865251, 47.296346999163617 ], [ -117.039914000074162, 47.296142999266337 ], [ -117.039913999330849, 47.295997999611345 ], [ -117.03991699971904, 47.295885998614175 ], [ -117.039920000350932, 47.294175998582709 ], [ -117.039923000483014, 47.293167999158619 ], [ -117.039925999703172, 47.292303998888919 ], [ -117.039930999770093, 47.290809999330172 ], [ -117.039932999840019, 47.290277999440221 ], [ -117.039936000499466, 47.289341998975424 ], [ -117.039937998963367, 47.288689998968628 ], [ -117.039935999685625, 47.287534999156854 ], [ -117.039932999467098, 47.286345999012582 ], [ -117.039934000190087, 47.286153999662176 ], [ -117.039926999310978, 47.283723998754319 ], [ -117.039922999333427, 47.28222799876179 ], [ -117.03992100053307, 47.281338998617095 ], [ -117.039917999752447, 47.280062999495733 ], [ -117.039920999257291, 47.279201998850347 ], [ -117.039912000352558, 47.277612999366823 ], [ -117.039912000742419, 47.277526999482639 ], [ -117.039908000519389, 47.275989999382276 ], [ -117.039904000274205, 47.274681998671149 ], [ -117.039895999652501, 47.269871999086021 ], [ -117.039897000033093, 47.269692999010211 ], [ -117.039894000875037, 47.268928999076493 ], [ -117.039896000954386, 47.26812199874545 ], [ -117.039891999236943, 47.267657999283166 ], [ -117.039890000091901, 47.266468999405738 ], [ -117.039889000263059, 47.265672999225551 ], [ -117.039888000984504, 47.265403998766772 ], [ -117.039886000676034, 47.264039999812042 ], [ -117.039877999884325, 47.259271999159758 ], [ -117.040739001045637, 47.259271999193778 ], [ -117.042937999881417, 47.259272998722402 ], [ -117.043465000629965, 47.259292999862936 ], [ -117.044454999989469, 47.25933299913941 ], [ -117.045277000365104, 47.259365999345917 ], [ -117.047468999903018, 47.259413998915811 ], [ -117.051396999907894, 47.259481999097012 ], [ -117.055547000650918, 47.259553999136344 ], [ -117.057389000092002, 47.259585998953405 ], [ -117.057672999942014, 47.259590999195311 ], [ -117.058099999421103, 47.259598998995948 ], [ -117.058536998993503, 47.259602999026328 ], [ -117.058850000229739, 47.259611998443454 ], [ -117.059135000015104, 47.259618999634519 ], [ -117.060907000293795, 47.259649998752693 ], [ -117.061977999641314, 47.259665999480092 ], [ -117.063876000155489, 47.259698999523124 ], [ -117.064611999768317, 47.259711998574268 ], [ -117.065126000325847, 47.259734999031309 ], [ -117.065515999660548, 47.259750998968435 ], [ -117.067673999891696, 47.25985199882826 ], [ -117.068322000212206, 47.259838999484849 ], [ -117.072189000268665, 47.259758998923907 ], [ -117.077417000866745, 47.259650999010802 ], [ -117.079453999730546, 47.259608999105161 ], [ -117.079908999736261, 47.259599999113242 ], [ -117.08175699993005, 47.259459999365724 ], [ -117.086150999741733, 47.259464999219226 ], [ -117.087347000768361, 47.259470999108309 ], [ -117.088630999820509, 47.259485999219287 ], [ -117.088996999416679, 47.259485998519352 ], [ -117.089211000609751, 47.259484998804346 ], [ -117.090413999197864, 47.259482999190247 ], [ -117.090870999160202, 47.259481998905784 ], [ -117.091400000050513, 47.259480999386113 ], [ -117.09165899986192, 47.25948099950547 ], [ -117.092304999307984, 47.259479999306912 ], [ -117.092487999326593, 47.259478999473423 ], [ -117.092549000672875, 47.259478999055695 ], [ -117.093370999757326, 47.259477998883142 ], [ -117.094782999280298, 47.259474998958339 ], [ -117.096121999136287, 47.259471999225866 ], [ -117.097228999648408, 47.259469998864432 ], [ -117.097819999249126, 47.259468999322358 ], [ -117.099499999152798, 47.259465999327482 ], [ -117.099906000162036, 47.259464999286052 ], [ -117.101467999555169, 47.259461999421404 ], [ -117.101896000745015, 47.259460998715312 ], [ -117.103990999342741, 47.259456999040829 ], [ -117.105888999810276, 47.259453999503954 ], [ -117.107347999933779, 47.259450998842354 ], [ -117.107752000028682, 47.259449999175949 ], [ -117.108315999407267, 47.259460999534824 ], [ -117.10880599937677, 47.259469999156892 ], [ -117.10921000051006, 47.259477999125345 ], [ -117.109479999837248, 47.25948299907548 ], [ -117.109901000370854, 47.259481999300206 ], [ -117.113267001088673, 47.259468998988041 ], [ -117.114273999662444, 47.259464998730479 ], [ -117.119271000201124, 47.259435999298169 ], [ -117.119765000320754, 47.259432999411189 ], [ -117.120616999332853, 47.259427999636998 ], [ -117.121344000756977, 47.259423999501088 ], [ -117.121656000109482, 47.259421999582877 ], [ -117.122123000892628, 47.259419999488578 ], [ -117.122353999498273, 47.259417998941167 ], [ -117.123343000105933, 47.259412998868171 ], [ -117.123907000255784, 47.259408998727061 ], [ -117.124145999959865, 47.259407999270337 ], [ -117.125013000486433, 47.259402998871444 ], [ -117.125891999781672, 47.259397999359614 ], [ -117.126666000562821, 47.259392998949416 ], [ -117.127393000941481, 47.25938899862755 ], [ -117.128252999320125, 47.259383999395652 ], [ -117.128973000394751, 47.259379998855067 ], [ -117.12905999963661, 47.259378998892359 ], [ -117.129394999941766, 47.259386998678075 ], [ -117.130421999871047, 47.259408999230871 ], [ -117.130575999426256, 47.25941299858912 ], [ -117.130803000118149, 47.259417999457646 ], [ -117.13176700019369, 47.259418999296798 ], [ -117.132780000030834, 47.259419998810131 ], [ -117.132941000160287, 47.259419999293641 ], [ -117.133017000519231, 47.259419998366958 ], [ -117.133102000353261, 47.25941999864947 ], [ -117.133184000341089, 47.259419998749742 ], [ -117.133289999161988, 47.259419998819034 ], [ -117.133432000159743, 47.259419999367232 ], [ -117.133604999674006, 47.259419999351479 ], [ -117.133658999671823, 47.259419999557473 ], [ -117.133772000815483, 47.259419998908832 ], [ -117.13421900009277, 47.259419998753501 ], [ -117.143302999076411, 47.259422999255086 ], [ -117.144195000292115, 47.259422998837024 ], [ -117.144346999813806, 47.25942299886924 ], [ -117.144866999659428, 47.259423999032371 ], [ -117.145102999719256, 47.259423999110723 ], [ -117.145583999251585, 47.259423998954297 ], [ -117.146684000606172, 47.259423998963889 ], [ -117.147916999885851, 47.259424998737515 ], [ -117.149124999991997, 47.25942499858342 ], [ -117.14950000051445, 47.259424999238455 ], [ -117.150427000433922, 47.259423999300985 ], [ -117.150630999720732, 47.259420998550816 ], [ -117.150651000055888, 47.259419999188381 ], [ -117.15190600047832, 47.259401998663201 ], [ -117.152284999914528, 47.259395999109273 ], [ -117.152415000362126, 47.259393999024347 ], [ -117.153217998963072, 47.259399999155093 ], [ -117.154500000092156, 47.259409999217894 ], [ -117.155855000073601, 47.259419999487065 ], [ -117.156994999944445, 47.259428999328655 ], [ -117.158121000268423, 47.259437999493827 ], [ -117.159049000164345, 47.259441998521986 ], [ -117.159867999689624, 47.259450998525388 ], [ -117.161497000225012, 47.259467999342704 ], [ -117.162031999676017, 47.259467998905023 ], [ -117.16297799949227, 47.259476998918103 ], [ -117.16394099925995, 47.259484998982025 ], [ -117.164713999482942, 47.259489998677388 ], [ -117.166148000017529, 47.259497999309559 ], [ -117.166706999597139, 47.259503999232564 ], [ -117.167628999674662, 47.259511999331501 ], [ -117.168717000035272, 47.259519999196037 ], [ -117.169348000779138, 47.259524999300339 ], [ -117.170412999451614, 47.259532999385605 ], [ -117.170702999374853, 47.259534999645005 ], [ -117.170905000031013, 47.259535999060361 ], [ -117.171333999734458, 47.259539999444264 ], [ -117.171847999898574, 47.259542999579288 ], [ -117.172034000417071, 47.259544999179745 ], [ -117.172139999638773, 47.259552998406143 ], [ -117.172280000556384, 47.259569999193381 ], [ -117.172831998926029, 47.259621999562562 ], [ -117.173389999882076, 47.259635999298226 ], [ -117.174943999191626, 47.259596999275693 ], [ -117.176789000938484, 47.259587999750948 ], [ -117.177332999658489, 47.259601998560051 ], [ -117.17781600053388, 47.259626998814419 ], [ -117.178385000287662, 47.259626999248248 ], [ -117.179913999743675, 47.259643998512843 ], [ -117.181407000156, 47.259618998915251 ], [ -117.183510999448316, 47.259643999258543 ], [ -117.184516000667358, 47.259638999056946 ], [ -117.185913999237727, 47.259613999261973 ], [ -117.186533999548303, 47.259630999393515 ], [ -117.187158998889984, 47.259657999263105 ], [ -117.188609999411995, 47.259695998572433 ], [ -117.190395999519382, 47.25964099848688 ], [ -117.193109000022943, 47.259658998898608 ], [ -117.193500000122199, 47.259649999228515 ], [ -117.194609999924964, 47.259639998757507 ], [ -117.194705999477137, 47.259636998851036 ], [ -117.195690000604827, 47.259609998769101 ], [ -117.19590599996522, 47.259618999446992 ], [ -117.196160000196599, 47.259629998602797 ], [ -117.19719099992389, 47.259617998991999 ], [ -117.19800999943277, 47.259609998632236 ], [ -117.198260000644964, 47.259619999040325 ], [ -117.198539999822998, 47.259679998986897 ], [ -117.198779999980076, 47.259719999339801 ], [ -117.199039999630401, 47.259729999160406 ], [ -117.199550000151817, 47.25970999875198 ], [ -117.199929999877213, 47.259709999172699 ], [ -117.200440000015135, 47.259759999622666 ], [ -117.200759999712929, 47.259759998952141 ], [ -117.201036000194222, 47.259744998642027 ], [ -117.202260000481573, 47.259679998765421 ], [ -117.202321000354573, 47.259677998632043 ], [ -117.202550001001129, 47.259669999195332 ], [ -117.202739999111998, 47.259632998986483 ], [ -117.202759999038207, 47.259629999571949 ], [ -117.202980000416005, 47.259609999045601 ], [ -117.203219999452003, 47.259599998922234 ], [ -117.203780000081565, 47.259599999232037 ], [ -117.20400699919611, 47.25958899895236 ], [ -117.204430000801068, 47.259569999132367 ], [ -117.204791999776631, 47.259562999296769 ], [ -117.204999999869102, 47.25955999841819 ], [ -117.205340000908905, 47.25956999894111 ], [ -117.205619999711018, 47.259599999547923 ], [ -117.205779999170446, 47.259639998892979 ], [ -117.205870000188611, 47.259629999559976 ], [ -117.206099999458473, 47.259629999209828 ], [ -117.206234999868641, 47.259620998866403 ], [ -117.206260999843352, 47.259618999185562 ], [ -117.206340999151749, 47.259613998949995 ], [ -117.206367999841703, 47.259612999336355 ], [ -117.206410000242954, 47.259609998861741 ], [ -117.206799999716679, 47.259619999391262 ], [ -117.207349999859261, 47.259639998876771 ], [ -117.208379999890269, 47.259649998575668 ], [ -117.209030000687989, 47.259619999105276 ], [ -117.210410000139788, 47.259549998423211 ], [ -117.21263999975514, 47.259549999007639 ], [ -117.21295999988665, 47.259559999076913 ], [ -117.213360000426107, 47.259619999054777 ], [ -117.213789999330203, 47.259689999086589 ], [ -117.214069999672958, 47.259689999054252 ], [ -117.214390000111365, 47.259659999169365 ], [ -117.215008999983937, 47.259569999045858 ], [ -117.215290000057621, 47.259559999132598 ], [ -117.215649999135209, 47.259589998808224 ], [ -117.216149999618537, 47.259619999192942 ], [ -117.216489999556146, 47.259629999379001 ], [ -117.217377000010984, 47.259616999327733 ], [ -117.218479999408473, 47.259599998988676 ], [ -117.218949999670016, 47.259589999054185 ], [ -117.219269999731438, 47.259559998958323 ], [ -117.219589999755541, 47.259559999058517 ], [ -117.220831000017981, 47.259660999267275 ], [ -117.221600999469558, 47.259680999140485 ], [ -117.222360999459283, 47.259690999098872 ], [ -117.223481999739406, 47.25966199878026 ], [ -117.224431999745249, 47.259621999271438 ], [ -117.2252100001419, 47.259595999155081 ], [ -117.225581999846312, 47.259581998513212 ], [ -117.227332000761933, 47.259581999846553 ], [ -117.228132000274016, 47.259591998953198 ], [ -117.228861999992688, 47.259641998997658 ], [ -117.22978200046623, 47.259631999556106 ], [ -117.230651000366919, 47.259650999025467 ], [ -117.237400000493253, 47.259699998931282 ], [ -117.238150000158129, 47.259709999275842 ], [ -117.239510999668695, 47.259738999588421 ], [ -117.239572999776271, 47.259739998776098 ], [ -117.240606000669118, 47.259750999399948 ], [ -117.24152999928036, 47.259725999209266 ], [ -117.242255000692154, 47.259726999000087 ], [ -117.243306000305736, 47.259747998706132 ], [ -117.244456999286939, 47.259731998647446 ], [ -117.248399999755591, 47.259762999330874 ], [ -117.249223000170389, 47.259769998918308 ], [ -117.249361000128857, 47.259768998436314 ], [ -117.249516000068624, 47.259769998492175 ], [ -117.249773999860182, 47.25976999895942 ], [ -117.249863000349123, 47.259769998729624 ], [ -117.249903001075722, 47.259769999014139 ], [ -117.250254999708119, 47.259770999388564 ], [ -117.250795000702013, 47.259771998879714 ], [ -117.250999999745545, 47.259771999362329 ], [ -117.252727999645685, 47.259774999237365 ], [ -117.252787999329399, 47.259774999443991 ], [ -117.254889999418722, 47.259778999480638 ], [ -117.25623999992807, 47.259780999446221 ], [ -117.25649500092166, 47.259781998902071 ], [ -117.256577000081052, 47.259780999147914 ], [ -117.256887999655703, 47.259781999749933 ], [ -117.257208998968395, 47.259781998786735 ], [ -117.257439000039199, 47.259782999707447 ], [ -117.257574000030942, 47.259782999025091 ], [ -117.257835999984152, 47.259783999110383 ], [ -117.257901000238334, 47.259783999115392 ], [ -117.258217999765847, 47.259783999242551 ], [ -117.258471999251213, 47.259784999456251 ], [ -117.258562999080894, 47.259784998924076 ], [ -117.258665000681191, 47.259785999263364 ], [ -117.258721000169757, 47.259784999047362 ], [ -117.258981999425771, 47.25978999949379 ], [ -117.259618999745612, 47.259798998984337 ], [ -117.260480999919139, 47.259810998666396 ], [ -117.260980000967436, 47.259817999021152 ], [ -117.26173999967132, 47.259814998673491 ], [ -117.262343000171356, 47.259812998910988 ], [ -117.262903000309564, 47.259810999094576 ], [ -117.263709000837522, 47.259808999228184 ], [ -117.264025000286594, 47.259807998844501 ], [ -117.264922000402464, 47.259804998487795 ], [ -117.265543999851431, 47.259802998374788 ], [ -117.266320000559659, 47.259799999054785 ], [ -117.266797000062198, 47.259797998929749 ], [ -117.267964999769802, 47.259793998886281 ], [ -117.268560999734788, 47.259791998923497 ], [ -117.269683000403376, 47.259788999284339 ], [ -117.270150999843921, 47.259786999112087 ], [ -117.271101999688057, 47.259783999048416 ], [ -117.271547000211584, 47.259781998941875 ], [ -117.272985000396531, 47.259776998849418 ], [ -117.27352299975405, 47.259775998872499 ], [ -117.274908999291242, 47.259770998594234 ], [ -117.276119999678897, 47.259766999351093 ], [ -117.27706500018374, 47.259763998823821 ], [ -117.277591000007277, 47.259761999359867 ], [ -117.278404999435907, 47.259758999442866 ], [ -117.278934999600409, 47.259756998968513 ], [ -117.279491000053582, 47.259754999152072 ], [ -117.279983000359039, 47.259750998712192 ], [ -117.280262999719625, 47.25976199948073 ], [ -117.280570999807438, 47.259768999215197 ], [ -117.280976999770061, 47.259776999216321 ], [ -117.281574000279633, 47.259789999479615 ], [ -117.282132000241333, 47.25980099888379 ], [ -117.282841999753103, 47.259815998798814 ], [ -117.283527000359967, 47.259814999350219 ], [ -117.285726000286147, 47.259809998650866 ], [ -117.287489999777009, 47.259806998713131 ], [ -117.289815000035915, 47.259802998627194 ], [ -117.290820000213898, 47.259799998693978 ], [ -117.293983999096426, 47.259792999158101 ], [ -117.295145000738742, 47.259790999435573 ], [ -117.295896999695643, 47.259788999174653 ], [ -117.296316999981499, 47.259788999004556 ], [ -117.296596000489401, 47.259798999637646 ], [ -117.297015999931006, 47.25984899842372 ], [ -117.297415999668601, 47.259858998787941 ], [ -117.298125998910521, 47.259858999492394 ], [ -117.298795000288692, 47.259828999020442 ], [ -117.299175000041302, 47.259788999709109 ], [ -117.299474999995709, 47.259778999175666 ], [ -117.299745000538366, 47.259758998948591 ], [ -117.300185000042646, 47.259739998920331 ], [ -117.301114000553341, 47.259739998415277 ], [ -117.301504000499833, 47.259768999089395 ], [ -117.302093999711303, 47.259788999177765 ], [ -117.30365300014445, 47.259759998505452 ], [ -117.304824000536925, 47.259759999076351 ], [ -117.30526199964126, 47.259759999372569 ], [ -117.307225999976055, 47.259779999005183 ], [ -117.309285000071654, 47.25980099868363 ], [ -117.309944000172294, 47.259794999788738 ], [ -117.31046699964692, 47.259791999284872 ], [ -117.312500000106496, 47.259812999275383 ], [ -117.312770999023328, 47.259812999107609 ], [ -117.313199999791848, 47.25979099920098 ], [ -117.313330000213725, 47.259779999618807 ], [ -117.314439999644321, 47.25979099923147 ], [ -117.314688999941396, 47.259811999063167 ], [ -117.314902999699683, 47.259829998510028 ], [ -117.314988999836018, 47.259829999410869 ], [ -117.315455000550685, 47.259834999232616 ], [ -117.315555999059029, 47.259826998818731 ], [ -117.315925000301306, 47.259823999667773 ], [ -117.316925999373083, 47.25981799961091 ], [ -117.318360000540267, 47.25980999929606 ], [ -117.319771999595048, 47.259813998818032 ], [ -117.321645000064237, 47.259789999268136 ], [ -117.323093999968222, 47.259781999147073 ], [ -117.323404000054353, 47.259784998749659 ], [ -117.324036000462556, 47.25980899911432 ], [ -117.325498000080117, 47.259820999022743 ], [ -117.326021999005377, 47.259831998757591 ], [ -117.326542000282345, 47.259840999202268 ], [ -117.326749999691543, 47.259844998975531 ], [ -117.328054, 47.259843999258742 ], [ -117.329411999889061, 47.259847998919149 ], [ -117.329605999851509, 47.259843998865563 ], [ -117.32976499954637, 47.259833998784195 ], [ -117.330187999217358, 47.259843999396693 ], [ -117.332169999891079, 47.259842999246601 ], [ -117.333806000187565, 47.259841999033043 ], [ -117.335259000263719, 47.259841999001154 ], [ -117.337691000061099, 47.259840999292578 ], [ -117.340177000547271, 47.259839999189339 ], [ -117.340424998962149, 47.259839999387388 ], [ -117.342184000827572, 47.259838999589562 ], [ -117.344735999587925, 47.259839999205923 ], [ -117.347527000283932, 47.259863998793385 ], [ -117.349575000147851, 47.25986299954473 ], [ -117.351102999424484, 47.259852999053919 ], [ -117.351689000263647, 47.259848999378868 ], [ -117.354183000373197, 47.259830999574241 ], [ -117.358147000531787, 47.259803999278361 ], [ -117.359515999978825, 47.259787998795581 ], [ -117.359862000962252, 47.2597909988379 ], [ -117.361917999523456, 47.259777998826536 ], [ -117.362235000864558, 47.259775999376437 ], [ -117.362536999785377, 47.259772998790766 ], [ -117.362808999688141, 47.259771999181481 ], [ -117.363059999094375, 47.259772998992624 ], [ -117.363492000774158, 47.260184999370715 ], [ -117.363734000035521, 47.260365999417431 ], [ -117.364061000137525, 47.260612998847101 ], [ -117.3663739998903, 47.26207599974154 ], [ -117.366816999979378, 47.262358998679616 ], [ -117.367193999865677, 47.262608999048993 ], [ -117.367252999392164, 47.2626529991974 ], [ -117.367686000317306, 47.26298099909652 ], [ -117.367848999542318, 47.26310999958956 ], [ -117.368016000115915, 47.263243999704869 ], [ -117.368487998970878, 47.263680999176216 ], [ -117.368814999178781, 47.264032999248222 ], [ -117.36923599998326, 47.264549999352923 ], [ -117.369378000215733, 47.264755999703617 ], [ -117.369530000293679, 47.264974999424155 ], [ -117.369780999662737, 47.265390999527831 ], [ -117.369800999846873, 47.265423998785081 ], [ -117.369845000493342, 47.265514999001951 ], [ -117.369938000268803, 47.265709998646493 ], [ -117.370026999847951, 47.265895999125902 ], [ -117.370087999318329, 47.266022999091213 ], [ -117.370093999965718, 47.266034999088902 ], [ -117.370284000291576, 47.266525998926639 ], [ -117.370393000412307, 47.266919998952069 ], [ -117.370432999966042, 47.267062999586145 ], [ -117.370451999338883, 47.267129999049011 ], [ -117.37050699963504, 47.267461999465681 ], [ -117.370561000231547, 47.267828998703159 ], [ -117.370579999835655, 47.268658998772004 ], [ -117.370508000051657, 47.27034299906051 ], [ -117.370473000341661, 47.271191999057365 ], [ -117.37045899974261, 47.271439999768617 ], [ -117.370368999864013, 47.273003999062155 ], [ -117.370314000556903, 47.273533999216163 ], [ -117.370298000156794, 47.273694999192422 ], [ -117.370190999926351, 47.274227999191048 ], [ -117.370068000092232, 47.274696998820737 ], [ -117.369914999717949, 47.275176999386041 ], [ -117.369724999783443, 47.275668999022123 ], [ -117.369445000373616, 47.27624099897227 ], [ -117.369119000225766, 47.276812999073094 ], [ -117.368762999655445, 47.277369999164463 ], [ -117.367795999999856, 47.278525999186485 ], [ -117.367376000203507, 47.278973999584352 ], [ -117.367087999267994, 47.279282999382673 ], [ -117.365950000051285, 47.280515998945567 ], [ -117.365827000961048, 47.280647999367957 ], [ -117.365460000265529, 47.281045998759971 ], [ -117.365338000104188, 47.281178999054681 ], [ -117.36515999978127, 47.281367998969777 ], [ -117.364627000316602, 47.281935999496845 ], [ -117.36445000022573, 47.282125998833202 ], [ -117.364345999663882, 47.282236998906363 ], [ -117.362453000335435, 47.284270998379107 ], [ -117.361566000106336, 47.285432999484399 ], [ -117.361305000241771, 47.285846998835012 ], [ -117.361107000426529, 47.286262998939094 ], [ -117.360939000483697, 47.286720998767599 ], [ -117.360724999803224, 47.28754099979276 ], [ -117.360667999850435, 47.287865998410972 ], [ -117.360668000427594, 47.288005999513281 ], [ -117.360647999024152, 47.288373999198214 ], [ -117.360648000129473, 47.288465999280447 ], [ -117.360649000599551, 47.288679999032965 ], [ -117.360669000156335, 47.288913999381208 ], [ -117.360760000494082, 47.289515998870669 ], [ -117.360844000372225, 47.289851998362387 ], [ -117.360968999839969, 47.290264998907936 ], [ -117.361128000072696, 47.290646999533948 ], [ -117.361565000507085, 47.291463999389293 ], [ -117.362056999627001, 47.292149999592297 ], [ -117.36245800009246, 47.292621999237205 ], [ -117.3628400000797, 47.292980999509929 ], [ -117.36315900030668, 47.293270998506642 ], [ -117.363515000095276, 47.293550998589211 ], [ -117.363866999555668, 47.293808998986115 ], [ -117.364266000599088, 47.294068998851579 ], [ -117.364829999423591, 47.294394999009548 ], [ -117.368200999869245, 47.296079998877886 ], [ -117.374502999766776, 47.299230998811844 ], [ -117.375698000393029, 47.299812999169745 ], [ -117.377062000301322, 47.300467998796478 ], [ -117.378485999727687, 47.301098999141793 ], [ -117.38376999927371, 47.303441999440402 ], [ -117.384460000009625, 47.303765998962049 ], [ -117.384936000744887, 47.303994999424091 ], [ -117.385403999973022, 47.304261999030707 ], [ -117.386399000155777, 47.304961999027768 ], [ -117.38664599973977, 47.305155998830983 ], [ -117.386860999841758, 47.305324999029551 ], [ -117.387512000896777, 47.305892999103492 ], [ -117.388036999145214, 47.306413999056325 ], [ -117.388376999328514, 47.306813998461905 ], [ -117.388682999568573, 47.307191999346081 ], [ -117.388790000207621, 47.307342999139834 ], [ -117.388968000586914, 47.307595999520807 ], [ -117.389178999367786, 47.30793999923133 ], [ -117.389383000245161, 47.308319999384594 ], [ -117.389547999770485, 47.30865999882699 ], [ -117.389585000288733, 47.308734998880766 ], [ -117.389806000437773, 47.309280998649321 ], [ -117.389892000031452, 47.309515998726859 ], [ -117.389976000657057, 47.309807999079567 ], [ -117.390060999769133, 47.310101998778279 ], [ -117.390104001005568, 47.310260999539246 ], [ -117.390152999395738, 47.310526999161851 ], [ -117.39021400027697, 47.310999999381352 ], [ -117.390223000191838, 47.311122998555803 ], [ -117.390257000017471, 47.311538999463622 ], [ -117.390224999280804, 47.312225999269216 ], [ -117.390164000013542, 47.312661999433423 ], [ -117.39001500061012, 47.313372998644773 ], [ -117.390010998870508, 47.31339599912036 ], [ -117.389920000689557, 47.313958998711229 ], [ -117.389870999615326, 47.314194998922765 ], [ -117.389663999742339, 47.315209999125237 ], [ -117.389652999247147, 47.315261998658173 ], [ -117.389620999377044, 47.315416998677037 ], [ -117.389610999944054, 47.315469999252109 ], [ -117.389536000158742, 47.315835999005586 ], [ -117.389310000151767, 47.316933999250544 ], [ -117.389236000041407, 47.317300999071044 ], [ -117.389105000825154, 47.31794299915925 ], [ -117.389053999934248, 47.318155998819009 ], [ -117.388995000499364, 47.318372999036711 ], [ -117.388925999183513, 47.318632998833841 ], [ -117.388711000045788, 47.319215999410567 ], [ -117.388454000316543, 47.319775998974606 ], [ -117.38827900009403, 47.320075999280526 ], [ -117.38800400026031, 47.320518998876118 ], [ -117.387463999977783, 47.321266999098242 ], [ -117.387443999926234, 47.32129599901652 ], [ -117.387182999569177, 47.321609998775614 ], [ -117.387010000629786, 47.32179399916857 ], [ -117.386734000740347, 47.322087999242065 ], [ -117.386531000008517, 47.322315998814396 ], [ -117.385731999851544, 47.323072998887397 ], [ -117.384603000076666, 47.324198999633907 ], [ -117.383289999893705, 47.325527998876616 ], [ -117.382876000469352, 47.325958998355098 ], [ -117.382771999977777, 47.326078998935785 ], [ -117.382435000449718, 47.326469998704582 ], [ -117.382183000351844, 47.326793998675221 ], [ -117.381858999261951, 47.327243999266585 ], [ -117.381501999765334, 47.32779599970528 ], [ -117.381307000459984, 47.328146999258479 ], [ -117.381045000488186, 47.328705998860642 ], [ -117.380879999852596, 47.329181998912169 ], [ -117.380796000604036, 47.329477998817971 ], [ -117.380691999508073, 47.32991899893414 ], [ -117.38056599989298, 47.330611999309312 ], [ -117.380529999807422, 47.331163998834015 ], [ -117.380541999305734, 47.331838999239565 ], [ -117.380546999162135, 47.332613999053365 ], [ -117.380548999550612, 47.339757999108663 ], [ -117.380559000427724, 47.342358999003601 ], [ -117.380561999418731, 47.343017998891128 ], [ -117.380609000062577, 47.345777999086884 ], [ -117.38064200016963, 47.347697999105549 ], [ -117.380637000043919, 47.347983999453973 ], [ -117.380635999718933, 47.348034999241186 ], [ -117.380633000533962, 47.348190999488303 ], [ -117.38063300054236, 47.348242999464276 ], [ -117.380614000878452, 47.350345998787724 ], [ -117.380635998887996, 47.353639998868317 ], [ -117.380644999940415, 47.354817999135378 ], [ -117.380663999327354, 47.3606039985699 ], [ -117.3806719997459, 47.36075099976923 ], [ -117.380687001089214, 47.361040999378027 ], [ -117.380687999204071, 47.361750998887011 ], [ -117.380719000723374, 47.3621259987423 ], [ -117.38076599992705, 47.362599999020802 ], [ -117.380853999733034, 47.363382999446195 ], [ -117.381115999659073, 47.365217999128909 ], [ -117.381381000395194, 47.366630999390708 ], [ -117.381635999737981, 47.367643998876723 ], [ -117.381971000004896, 47.36880099885591 ], [ -117.381992000037513, 47.368865998971714 ], [ -117.382221001019687, 47.369578998712939 ], [ -117.38224800107524, 47.369655998633839 ], [ -117.382811000920341, 47.371237999306793 ], [ -117.383919000347362, 47.373809998849019 ], [ -117.384351999021163, 47.374619999301089 ], [ -117.384407999689117, 47.374724999322332 ], [ -117.384577999846115, 47.375042999654447 ], [ -117.384634999767641, 47.375148998741267 ], [ -117.385242998997867, 47.376271999108894 ], [ -117.385851999736275, 47.377275998646454 ], [ -117.386236999420404, 47.377866999083281 ], [ -117.386824000164196, 47.378765999562852 ], [ -117.387667999944085, 47.38003899912691 ], [ -117.388667999552865, 47.381517999303171 ], [ -117.389284000487578, 47.382467999415255 ], [ -117.389989999440061, 47.383582998969104 ], [ -117.390270999611715, 47.384107998645547 ], [ -117.390800999652868, 47.385325999315093 ], [ -117.390998999608485, 47.386006999006554 ], [ -117.391062000014458, 47.38622399882496 ], [ -117.391187999945416, 47.386877998789132 ], [ -117.3912509996849, 47.387393998840615 ], [ -117.39129900001285, 47.388103999109212 ], [ -117.391329000176654, 47.389137998760667 ], [ -117.391335000347965, 47.389489998814739 ], [ -117.391352999490181, 47.390547998596006 ], [ -117.391360000024846, 47.390900998726067 ], [ -117.39137500009727, 47.392911998737546 ], [ -117.391410999764943, 47.394464999033417 ], [ -117.39144100004664, 47.396195999718302 ], [ -117.391524999349812, 47.400902999594919 ], [ -117.391576999650084, 47.405506998907342 ], [ -117.3916399997631, 47.407920999656618 ], [ -117.391702000825376, 47.41208399934208 ], [ -117.391729000577101, 47.41382799940768 ], [ -117.391696000166419, 47.414975999373894 ], [ -117.391596000733429, 47.416239999211996 ], [ -117.391471998961165, 47.417369999601895 ], [ -117.391454000785956, 47.417536999130846 ], [ -117.391279000380749, 47.418614999152574 ], [ -117.391160000648583, 47.419354998958852 ], [ -117.391035000097062, 47.419985999098124 ], [ -117.390666999282487, 47.421481998770986 ], [ -117.390413999726704, 47.422293999361152 ], [ -117.390075999207838, 47.423385999354686 ], [ -117.390037000217333, 47.423496999043444 ], [ -117.389553999672032, 47.424881999597332 ], [ -117.389228999988831, 47.426022999820582 ], [ -117.388814999830046, 47.427385999014199 ], [ -117.388670000977385, 47.427840999101669 ], [ -117.386624999825287, 47.434248999050858 ], [ -117.386553999264663, 47.434470999178721 ], [ -117.386146999022969, 47.435692998579697 ], [ -117.385784999519728, 47.436783998836511 ], [ -117.385413000382357, 47.438070998978283 ], [ -117.385371000065632, 47.438216999005121 ], [ -117.38515699997312, 47.439643999022159 ], [ -117.385155999976831, 47.439875998854227 ], [ -117.385154999937811, 47.440122999253568 ], [ -117.385150000313502, 47.441644999130112 ], [ -117.385096000038089, 47.443112998944549 ], [ -117.385076999251041, 47.443649998830814 ], [ -117.385064000022155, 47.445440998777094 ], [ -117.385064000083233, 47.44660299960416 ], [ -117.384995000216009, 47.448947999145744 ], [ -117.384976999007293, 47.449466998481583 ], [ -117.385008999662105, 47.450812999390791 ], [ -117.38507900013137, 47.451488998993511 ], [ -117.385201999667785, 47.452127999226313 ], [ -117.385509999980798, 47.453020999215411 ], [ -117.385889999934051, 47.453788998884853 ], [ -117.386142000233818, 47.454234999245998 ], [ -117.386285000371231, 47.45448799896716 ], [ -117.386745999466697, 47.455171998797411 ], [ -117.387253000030455, 47.455780998869173 ], [ -117.388287999677232, 47.456822998857682 ], [ -117.391863999468868, 47.460279999164555 ], [ -117.392453999699654, 47.460888998560762 ], [ -117.393717999316095, 47.462023999189434 ], [ -117.395347001072679, 47.463603999084263 ], [ -117.396737999176267, 47.464926998983564 ], [ -117.397723000083332, 47.465840998809675 ], [ -117.39834500106268, 47.466461999072365 ], [ -117.398750000462115, 47.466986998468251 ], [ -117.399390999705176, 47.467995998981209 ], [ -117.399627000025447, 47.468577998846307 ], [ -117.399855000310609, 47.469370999236318 ], [ -117.400012999472438, 47.470066999318405 ], [ -117.400240000693032, 47.470886999037447 ], [ -117.400447999375729, 47.471599999131961 ], [ -117.400529000050128, 47.472102999678043 ], [ -117.400531999933634, 47.472524999015469 ], [ -117.400334999902469, 47.473408998655714 ], [ -117.400089999753391, 47.474129998575073 ], [ -117.399790000722419, 47.474807999084582 ], [ -117.399612000249221, 47.475286999204585 ], [ -117.399430999694559, 47.475719999427419 ], [ -117.399215999885783, 47.476278999118826 ], [ -117.399071999733565, 47.47671999947098 ], [ -117.398993999835241, 47.477130999175415 ], [ -117.398941000208524, 47.477547999317252 ], [ -117.39895999977999, 47.477842998967262 ], [ -117.399155999461414, 47.479507999132778 ], [ -117.399375999169877, 47.481203998825507 ], [ -117.400134999400223, 47.487393999522801 ], [ -117.400599000438859, 47.490996998704169 ], [ -117.400715999128892, 47.492113998951062 ], [ -117.40077100027321, 47.493513998751453 ], [ -117.400765000087276, 47.494571999301712 ], [ -117.400785000675015, 47.495909999443498 ], [ -117.400788999256534, 47.497212999477377 ], [ -117.400787000275983, 47.497572999287392 ], [ -117.400781999638696, 47.49970299904497 ], [ -117.400764000310005, 47.501312999194148 ], [ -117.400718999900917, 47.505529999398902 ], [ -117.400656000293651, 47.507251998843685 ], [ -117.400638999974149, 47.507718998902916 ], [ -117.400601999900474, 47.512155998660489 ], [ -117.400573000282222, 47.512686998945789 ], [ -117.40053099956161, 47.513125998965961 ], [ -117.400458000755705, 47.513459999241078 ], [ -117.400347999820667, 47.513879999429278 ], [ -117.400219999942777, 47.51426999901129 ], [ -117.400153999996562, 47.514565998915508 ], [ -117.399789000226122, 47.514384998901711 ], [ -117.399537000266065, 47.51493799893332 ], [ -117.399485999890558, 47.515042999021389 ], [ -117.399054999183562, 47.515884998990011 ], [ -117.398949999408231, 47.516075999284901 ], [ -117.398746000125826, 47.516451999497541 ], [ -117.39872100069357, 47.516497999294806 ], [ -117.398387999501736, 47.517001999435621 ], [ -117.398030999664996, 47.517470998645436 ], [ -117.39758800004924, 47.517906998929448 ], [ -117.397030000002701, 47.518334998934726 ], [ -117.396843000508383, 47.518461999279303 ], [ -117.396381999493542, 47.51877799849818 ], [ -117.394736999583856, 47.51992899867335 ], [ -117.394268999774596, 47.520452998962284 ], [ -117.394005999679081, 47.520857999165067 ], [ -117.393869000519913, 47.52128199856007 ], [ -117.393859000657599, 47.521635998854656 ], [ -117.393861000153706, 47.521989998936718 ], [ -117.393943999962943, 47.522378999139789 ], [ -117.394041000013743, 47.522731998430579 ], [ -117.394206000300258, 47.523048999298148 ], [ -117.394695999439051, 47.523827998710821 ], [ -117.395420999397174, 47.525071999027134 ], [ -117.396003000527401, 47.526067998738505 ], [ -117.396871000166243, 47.527462998566492 ], [ -117.397081999893317, 47.52778699913987 ], [ -117.397713999169412, 47.528758999292144 ], [ -117.397925999708647, 47.529082998552376 ], [ -117.398105999893374, 47.529353998893654 ], [ -117.398649000214874, 47.530169999385386 ], [ -117.39883000010046, 47.530441999152146 ], [ -117.39939500053255, 47.531625998852356 ], [ -117.399703999429462, 47.532354999308048 ], [ -117.400025998990742, 47.533280999380089 ], [ -117.400092999935183, 47.533637998686253 ], [ -117.400223999570954, 47.534336998612062 ], [ -117.400350999147804, 47.535127998577643 ], [ -117.400428999924543, 47.536141999047899 ], [ -117.400444000089607, 47.536323999312046 ], [ -117.400372999705141, 47.537500999055844 ], [ -117.400253000569634, 47.538352999049494 ], [ -117.39997300030123, 47.539409999318458 ], [ -117.39950199966394, 47.540743998787519 ], [ -117.398348000770085, 47.543762999421645 ], [ -117.397929999274197, 47.544902998981804 ], [ -117.397086999617699, 47.547209999710894 ], [ -117.396653000679592, 47.548316999383232 ], [ -117.396273999865855, 47.549287998971892 ], [ -117.396193000488893, 47.549439998857629 ], [ -117.39611799961942, 47.549580998940144 ], [ -117.395923000240487, 47.549860999013042 ], [ -117.395852999820832, 47.549962999174966 ], [ -117.395412000668728, 47.550450999021201 ], [ -117.39493900082752, 47.55099599964668 ], [ -117.394821000925134, 47.551131998939816 ], [ -117.394621000511847, 47.551382999007146 ], [ -117.394517000375046, 47.551513999095846 ], [ -117.394227999741403, 47.55204799914732 ], [ -117.393997000343276, 47.552694999404352 ], [ -117.393962000680474, 47.553482999394546 ], [ -117.393977000623394, 47.553551998864982 ], [ -117.394086999415364, 47.55405699848729 ], [ -117.394346999227039, 47.554704998874115 ], [ -117.395022000660475, 47.555882999673102 ], [ -117.395471999348501, 47.557007998971379 ], [ -117.395784999177252, 47.559587998901179 ], [ -117.395828999365079, 47.560164999442264 ], [ -117.395882000044267, 47.560842999099741 ], [ -117.396012000199306, 47.561727998775453 ], [ -117.396177000247818, 47.562456998810354 ], [ -117.396283998902845, 47.562932999037663 ], [ -117.396376999721554, 47.563249999607521 ], [ -117.396498000441511, 47.563658998750199 ], [ -117.396720999844518, 47.56423999912235 ], [ -117.396929000773653, 47.564815998614506 ], [ -117.397177000221859, 47.565394998830413 ], [ -117.397238999362358, 47.56554799942127 ], [ -117.397466000160563, 47.566106998501802 ], [ -117.397552000398932, 47.566304999461885 ], [ -117.397692000721378, 47.566627998720861 ], [ -117.398112000417626, 47.56759799897771 ], [ -117.398252000102929, 47.567921999386414 ], [ -117.398580998948518, 47.568680999063695 ], [ -117.398823000253074, 47.569251999259642 ], [ -117.400522999848604, 47.573247999351395 ], [ -117.400849000385307, 47.574012998699075 ], [ -117.401107000335557, 47.574573999431948 ], [ -117.401287000067072, 47.57499799917408 ], [ -117.401829999753218, 47.57626999850951 ], [ -117.402012000276031, 47.57669399862921 ], [ -117.402421000662684, 47.577651999213252 ], [ -117.402427000282231, 47.57766999879793 ], [ -117.402689000522827, 47.578429998954633 ], [ -117.40291599931885, 47.579209998828929 ], [ -117.403063000430009, 47.579819998668007 ], [ -117.40310300017903, 47.579985998988199 ], [ -117.403226999864387, 47.580746999393909 ], [ -117.403242999778399, 47.580842999331225 ], [ -117.403281000318103, 47.581126998805296 ], [ -117.403308000980957, 47.581484999491025 ], [ -117.40332400014411, 47.581803998924869 ], [ -117.40334099992431, 47.582126999006746 ], [ -117.403358000438018, 47.582452999005376 ], [ -117.403341999461219, 47.582913999136025 ], [ -117.403326999832956, 47.58335699854527 ], [ -117.40321800009616, 47.58544499882376 ], [ -117.40316699917328, 47.586244999008024 ], [ -117.40309799953377, 47.587354998491421 ], [ -117.402931999290345, 47.587376999180456 ], [ -117.402907000063678, 47.587378998891879 ], [ -117.402553999944118, 47.587408999382959 ], [ -117.402455999638065, 47.587417998974082 ], [ -117.402333999657458, 47.587424999251056 ], [ -117.402259999274449, 47.587429999000648 ], [ -117.402142999669607, 47.587437999013105 ], [ -117.402036000440532, 47.587444998885907 ], [ -117.40200300030061, 47.58744699908366 ], [ -117.40188800024616, 47.587453998601411 ], [ -117.401700000255133, 47.587458998697656 ], [ -117.40158200026103, 47.587451999010426 ], [ -117.401443000196352, 47.587444999042923 ], [ -117.401188000471961, 47.587430998875746 ], [ -117.400951999577643, 47.587400999366373 ], [ -117.40092299988622, 47.587395998409654 ], [ -117.400820000554802, 47.587378998898963 ], [ -117.400640998996252, 47.587349998678135 ], [ -117.400019999761227, 47.587227998842948 ], [ -117.399933000021335, 47.587215998712402 ], [ -117.399831000130192, 47.587209999034613 ], [ -117.399753000544351, 47.587209999251634 ], [ -117.399668000228189, 47.587215999353255 ], [ -117.399601999804361, 47.587226999351202 ], [ -117.399379999120555, 47.587277998379456 ], [ -117.399264999753029, 47.587313999515338 ], [ -117.399179999033052, 47.587346999355276 ], [ -117.399002999907282, 47.587427998583564 ], [ -117.39874900057201, 47.587558999425198 ], [ -117.398666999808171, 47.587593999151736 ], [ -117.398551999800517, 47.587635998509079 ], [ -117.398418999468674, 47.587678998823002 ], [ -117.39840699930329, 47.587693999520525 ], [ -117.398372000242915, 47.587739998825889 ], [ -117.398360000109307, 47.587754998619872 ], [ -117.398245999477425, 47.587882998997642 ], [ -117.398112000396637, 47.58805299876358 ], [ -117.398082000358457, 47.588100999246983 ], [ -117.397979999875957, 47.588301999209726 ], [ -117.39774400029043, 47.588831999385981 ], [ -117.397680999309756, 47.588975999071025 ], [ -117.397612000873806, 47.589100998679257 ], [ -117.397512999778982, 47.589234999652376 ], [ -117.397426000158816, 47.589326998946007 ], [ -117.397326999630607, 47.589415999273733 ], [ -117.397189999865859, 47.589517998815388 ], [ -117.397073999848587, 47.58958899881123 ], [ -117.396961000643358, 47.589651998998548 ], [ -117.396805999676644, 47.589729999347234 ], [ -117.396645000763627, 47.589803998954181 ], [ -117.396300000093476, 47.589943999443896 ], [ -117.395336000674021, 47.590304999564367 ], [ -117.395135999864721, 47.590389999188226 ], [ -117.395045000288391, 47.590438999176236 ], [ -117.39497200034937, 47.590483998606409 ], [ -117.394826999311164, 47.590555999221529 ], [ -117.394593000124388, 47.590696998697204 ], [ -117.394479000284107, 47.590778999419861 ], [ -117.394292000237371, 47.590926999402903 ], [ -117.394185999450158, 47.591026999172662 ], [ -117.394081000340094, 47.591138999131012 ], [ -117.394007000452262, 47.591226999322593 ], [ -117.393919000345889, 47.591335998515774 ], [ -117.393846000425668, 47.591450999351295 ], [ -117.393760000743214, 47.591601999340263 ], [ -117.393685999933837, 47.591733999678077 ], [ -117.393636999994328, 47.591849999349428 ], [ -117.393608999674413, 47.591935998628337 ], [ -117.393558999472134, 47.592128999011642 ], [ -117.393498999605526, 47.592427998668278 ], [ -117.393355999303068, 47.592414998857734 ], [ -117.393303000569404, 47.592406999197138 ], [ -117.393261000807954, 47.592395999285642 ], [ -117.393237000152467, 47.592389998868924 ], [ -117.393152999299687, 47.59235199905374 ], [ -117.393092999964495, 47.592308998436785 ], [ -117.392999999421022, 47.592206999417535 ], [ -117.39294000076724, 47.592148999118322 ], [ -117.392840000548205, 47.592079998854317 ], [ -117.392744999726716, 47.592033998549418 ], [ -117.392627999387614, 47.591995998990654 ], [ -117.392514999448963, 47.591972999354624 ], [ -117.392372999577418, 47.591961999380331 ], [ -117.392242999625452, 47.591967998879234 ], [ -117.392154000339957, 47.591980998754366 ], [ -117.392033001012095, 47.592012999399032 ], [ -117.391943000149809, 47.592047999152108 ], [ -117.391851000686984, 47.592097999182016 ], [ -117.391780000943399, 47.59214899859348 ], [ -117.391700999203522, 47.592229998959475 ], [ -117.391668000146595, 47.592277999044803 ], [ -117.39163200045428, 47.59235499909078 ], [ -117.391614000320615, 47.592455999639142 ], [ -117.391602999961705, 47.59278299966509 ], [ -117.391599000785249, 47.592926999239737 ], [ -117.391464999644654, 47.592924998840026 ], [ -117.39128500005279, 47.592910999648169 ], [ -117.391149000548651, 47.592882999637936 ], [ -117.391039000419866, 47.592848999039084 ], [ -117.390410000321381, 47.592623998815498 ], [ -117.390367000140174, 47.592634998802957 ], [ -117.39028099914475, 47.592702999696947 ], [ -117.390245000055927, 47.592776998565164 ], [ -117.390242999197199, 47.592848999247302 ], [ -117.390237999856367, 47.592997998787823 ], [ -117.390405000264721, 47.59308499884127 ], [ -117.388757999749501, 47.593096999341917 ], [ -117.38794599982937, 47.593101999029493 ], [ -117.387567999372109, 47.593098998846244 ], [ -117.387276999075809, 47.59309799890697 ], [ -117.386104999565021, 47.593111999080975 ], [ -117.385915000319997, 47.593105999204077 ], [ -117.384934999756751, 47.593143999756734 ], [ -117.384646999901761, 47.59314699878972 ], [ -117.384380999206542, 47.593143999258082 ], [ -117.384002000283957, 47.593148998789864 ], [ -117.383418999448423, 47.593156999199707 ], [ -117.383069000314492, 47.593166999204456 ], [ -117.382970999777356, 47.593183999078072 ], [ -117.382873999171039, 47.593208999046411 ], [ -117.382821000046846, 47.593226999050728 ], [ -117.382784000694272, 47.593239998856752 ], [ -117.382692999402124, 47.593280998875244 ], [ -117.382621999772283, 47.593321999094741 ], [ -117.382552999359405, 47.593369998894012 ], [ -117.382441999924765, 47.593479998992152 ], [ -117.382044000524246, 47.593128998787826 ], [ -117.380641000469211, 47.593134999819782 ], [ -117.380568000165596, 47.59502599964393 ], [ -117.379969000633139, 47.595026999374028 ], [ -117.379210999724265, 47.595032998928687 ], [ -117.373926000495459, 47.594907999528871 ], [ -117.373788000478569, 47.594904998733362 ], [ -117.373290999866398, 47.594908998547254 ], [ -117.371803000733493, 47.594922999541708 ], [ -117.371307000176458, 47.594927998924895 ], [ -117.37077600027672, 47.594915999454436 ], [ -117.369185999910698, 47.594881998862647 ], [ -117.368655999848201, 47.594870999513361 ], [ -117.36826200017795, 47.594873998916235 ], [ -117.367720999515583, 47.594878998579951 ], [ -117.367081999769312, 47.594877999814464 ], [ -117.3666890007935, 47.594877999105385 ], [ -117.366260000268738, 47.59487699909451 ], [ -117.36497400039805, 47.594873999203557 ], [ -117.36454600030649, 47.594873999228959 ], [ -117.364178000203893, 47.594872998689787 ], [ -117.363074000709886, 47.594869998955829 ], [ -117.362706999726996, 47.594869999235577 ], [ -117.362347999653082, 47.594868999212487 ], [ -117.361271999969276, 47.594865999490466 ], [ -117.360914000367259, 47.594865999677324 ], [ -117.360263000809951, 47.594863999160602 ], [ -117.358311000484832, 47.594857998562652 ], [ -117.357660999653874, 47.594855999271665 ], [ -117.354981000777997, 47.594856998873539 ], [ -117.353652000122295, 47.594864999192076 ], [ -117.352141999783385, 47.594833999029483 ], [ -117.351784999393033, 47.594826998990158 ], [ -117.3513510004219, 47.594825999453384 ], [ -117.348978000681356, 47.594822999142124 ], [ -117.348188000597887, 47.594822998879259 ], [ -117.347910000451876, 47.594819999309387 ], [ -117.347076000025439, 47.594810999219476 ], [ -117.346799000331458, 47.594808999099051 ], [ -117.346270000601208, 47.594798999202233 ], [ -117.344685000345507, 47.594769999538137 ], [ -117.344156999879516, 47.594760999148846 ], [ -117.344136000029209, 47.595480998583255 ], [ -117.344085999781896, 47.597198999091589 ], [ -117.34409800020866, 47.597643998839473 ], [ -117.344118000583137, 47.598364999028881 ], [ -117.344091999838554, 47.599095998693478 ], [ -117.344033999125628, 47.600801999470903 ], [ -117.34402799904413, 47.601290998531269 ], [ -117.344019999299917, 47.602023998404889 ], [ -117.343863000661585, 47.602022998874673 ], [ -117.343395000029233, 47.602019999079779 ], [ -117.343238999770151, 47.602018999618906 ], [ -117.342832999565033, 47.60201099926045 ], [ -117.34161799906488, 47.601987999069706 ], [ -117.34144400045389, 47.601984999356908 ], [ -117.341214000061129, 47.60199099919847 ], [ -117.340381000450421, 47.60193999936471 ], [ -117.339982999343704, 47.601932998941237 ], [ -117.339572000126296, 47.601925999299326 ], [ -117.338633000364894, 47.601909999551417 ], [ -117.338606999796127, 47.601914998780131 ], [ -117.338012000560411, 47.601902998968903 ], [ -117.337398999247853, 47.601890998979847 ], [ -117.337181999542238, 47.601885998953605 ], [ -117.333181000640266, 47.601809999285621 ], [ -117.331285000340344, 47.601742998990893 ], [ -117.330486000306138, 47.601765998853828 ], [ -117.330436999788404, 47.605391998906761 ], [ -117.333126000424642, 47.605438999142386 ], [ -117.335817000592726, 47.605488999008358 ], [ -117.335808000152909, 47.606034999057528 ], [ -117.335770001070799, 47.608639998860724 ], [ -117.335746000459608, 47.610081999482425 ], [ -117.335838999228415, 47.610082999497955 ], [ -117.335954000003568, 47.610083999003244 ], [ -117.336561000025824, 47.610089999320891 ], [ -117.338196000791314, 47.610124999641741 ], [ -117.341609999632354, 47.610195998892458 ], [ -117.342116000051348, 47.610198998971413 ], [ -117.342867000962656, 47.610192999603683 ], [ -117.343159999899626, 47.610185998978501 ], [ -117.343501000306858, 47.610149998759269 ], [ -117.343846999555709, 47.61009399900388 ], [ -117.344172999961842, 47.610014998924157 ], [ -117.344708999822544, 47.609833998784076 ], [ -117.345015999724964, 47.609700998636804 ], [ -117.345416999812571, 47.60947699916958 ], [ -117.345698999207016, 47.609263998699689 ], [ -117.345855999838534, 47.609108999361951 ], [ -117.346258000244333, 47.609295998644086 ], [ -117.346335999793965, 47.609347998439503 ], [ -117.346397000114607, 47.609382999438267 ], [ -117.346450999445764, 47.609435999146434 ], [ -117.346491999989638, 47.609483999423986 ], [ -117.346502000696859, 47.609496999347058 ], [ -117.346558999360113, 47.609637999513119 ], [ -117.3465590006697, 47.609682998699128 ], [ -117.346558000673753, 47.609713998983068 ], [ -117.346554000029585, 47.609959999023232 ], [ -117.346548999182588, 47.610340999146601 ], [ -117.346548999709626, 47.610549999074941 ], [ -117.346522999258141, 47.61187099945812 ], [ -117.346518999771391, 47.612057998871961 ], [ -117.346516999410085, 47.612542998948527 ], [ -117.346512000000232, 47.612891998476805 ], [ -117.346511999868, 47.612922998803327 ], [ -117.346280000867395, 47.612916998579486 ], [ -117.345889000725933, 47.612910999577153 ], [ -117.345873000146, 47.612910998724644 ], [ -117.345791000205011, 47.612909998613453 ], [ -117.344714000635619, 47.61289299888081 ], [ -117.344597000029495, 47.612890998995908 ], [ -117.34446399959306, 47.612889999165333 ], [ -117.344236000796215, 47.612885999234038 ], [ -117.344122000082223, 47.612883999056329 ], [ -117.343988000203581, 47.612881999215858 ], [ -117.343949999164806, 47.612881999263529 ], [ -117.343555999215212, 47.612875999230809 ], [ -117.34337500053725, 47.612872999480075 ], [ -117.343217999031637, 47.61287099877277 ], [ -117.343152999664213, 47.612869998959141 ], [ -117.343094000013608, 47.612868999559865 ], [ -117.343024000889187, 47.612867999296313 ], [ -117.342442000707365, 47.612859999005572 ], [ -117.342405000150734, 47.612858999230923 ], [ -117.342377000039832, 47.612858998707964 ], [ -117.342268000425335, 47.612856998918438 ], [ -117.342109998937815, 47.612854998397175 ], [ -117.341989999748463, 47.612852999215264 ], [ -117.341893999598341, 47.612850999272304 ], [ -117.341578000566273, 47.612846998891335 ], [ -117.341462000691507, 47.61284599889423 ], [ -117.341461000721807, 47.612859998559486 ], [ -117.341448999763074, 47.612894999076481 ], [ -117.341441999824539, 47.612913998815877 ], [ -117.341432000349187, 47.61292999918394 ], [ -117.341409000202944, 47.612968999034699 ], [ -117.341358000853532, 47.613019999087058 ], [ -117.341330999850612, 47.61304899909112 ], [ -117.34130400014638, 47.613077999129523 ], [ -117.341274999770363, 47.613128999346401 ], [ -117.341265999089714, 47.613169999259661 ], [ -117.341264999990727, 47.613186998963798 ], [ -117.341264999582165, 47.613226998513831 ], [ -117.341264000472052, 47.613326999155603 ], [ -117.341262999520353, 47.613630999669354 ], [ -117.341262999892152, 47.613731998890366 ], [ -117.341261999594948, 47.61399799866755 ], [ -117.341261999898308, 47.614128998907589 ], [ -117.341198999002685, 47.614972999507351 ], [ -117.341137000201869, 47.615809999045851 ], [ -117.341214999513525, 47.615810998386209 ], [ -117.34132799985673, 47.615810998771479 ], [ -117.34134800015589, 47.615810998787488 ], [ -117.341353999077086, 47.616201998440495 ], [ -117.341359000504895, 47.616495999192793 ], [ -117.338360000423251, 47.616490999496861 ], [ -117.338359999126453, 47.616570998713136 ], [ -117.338354000647342, 47.617188998886512 ], [ -117.338504999846748, 47.617189999443745 ], [ -117.338502999380268, 47.618107998936033 ], [ -117.338501999688077, 47.618508998968885 ], [ -117.338496999761645, 47.620815999504615 ], [ -117.339271999911574, 47.620829999105297 ], [ -117.339382000392277, 47.620831999584823 ], [ -117.339950999233579, 47.620842998871915 ], [ -117.33995000087674, 47.620870999253476 ], [ -117.339948999486737, 47.620923999058242 ], [ -117.339981000590925, 47.620914998630468 ], [ -117.340272000503049, 47.620849999246758 ], [ -117.340354999645101, 47.620846999105517 ], [ -117.340496999890007, 47.620841999435498 ], [ -117.340568999833167, 47.620839999325085 ], [ -117.338887999307588, 47.621787999273693 ], [ -117.338149999183756, 47.621961998921186 ], [ -117.337640999909354, 47.622084999556357 ], [ -117.337640999357973, 47.624439998284139 ], [ -117.338094000380437, 47.624442998557235 ], [ -117.340380999645262, 47.624454999038228 ], [ -117.340986999842158, 47.62412899919012 ], [ -117.341692999838585, 47.62383799906074 ], [ -117.341729000585019, 47.623823998697951 ], [ -117.343210999442533, 47.623315999357018 ], [ -117.345180000340477, 47.622708999117997 ], [ -117.345219000019497, 47.622696999332298 ], [ -117.34524899922053, 47.622685999353422 ], [ -117.345262999744733, 47.622680999488438 ], [ -117.34537700061351, 47.622674999057026 ], [ -117.345393000786316, 47.622673998672852 ], [ -117.345410000522548, 47.622673999525432 ], [ -117.345429000600717, 47.622673999586446 ], [ -117.345444000115563, 47.622673999426056 ], [ -117.34545800087885, 47.622673998351495 ], [ -117.345475999426867, 47.622673999207983 ], [ -117.345495999645919, 47.622673999312056 ], [ -117.345511000035501, 47.622674998570773 ], [ -117.345923998863, 47.622662999377539 ], [ -117.345944999218389, 47.622662999453134 ], [ -117.345961000705586, 47.622661999029809 ], [ -117.345993000009557, 47.622661998666374 ], [ -117.34599299994764, 47.622683998987767 ], [ -117.345993999708654, 47.622703998746793 ], [ -117.345994000027602, 47.622801998559531 ], [ -117.345994000284577, 47.622825999492939 ], [ -117.346192999985945, 47.622820999623443 ], [ -117.346212999433462, 47.622819999275144 ], [ -117.346960999542475, 47.622797999272613 ], [ -117.347092000547079, 47.622793999252686 ], [ -117.347090999411165, 47.622821998593245 ], [ -117.347088000746581, 47.622989998594761 ], [ -117.34708499895406, 47.62324199853358 ], [ -117.347083999979802, 47.623496999530232 ], [ -117.347083999980327, 47.623665998995641 ], [ -117.347085000401592, 47.623819999402976 ], [ -117.34708800019817, 47.62427399907169 ], [ -117.347088000913089, 47.624283998496999 ], [ -117.347091000164198, 47.624343998600509 ], [ -117.347100999044173, 47.624438998647626 ], [ -117.347091999837446, 47.624493998679576 ], [ -117.347085999773554, 47.62452899908218 ], [ -117.347088999963077, 47.624629998928327 ], [ -117.347116000930171, 47.624861999368818 ], [ -117.347155999296845, 47.625027999233851 ], [ -117.347156999215599, 47.625131998996913 ], [ -117.34716700003753, 47.62518599937539 ], [ -117.347176000442744, 47.625231999103377 ], [ -117.347231999958268, 47.6253629988854 ], [ -117.347146999509064, 47.625551999696441 ], [ -117.347136000850199, 47.62562199878856 ], [ -117.347131000092219, 47.625695999219843 ], [ -117.347129999706752, 47.625724999783472 ], [ -117.34710699919745, 47.625867999637194 ], [ -117.347082999874175, 47.626170998943515 ], [ -117.347089000340162, 47.626229998878983 ], [ -117.347103999853616, 47.626317999695793 ], [ -117.34712599997826, 47.626717999049085 ], [ -117.347119999742233, 47.626749999452464 ], [ -117.347101999409077, 47.626850999474307 ], [ -117.347095999058041, 47.626911998681742 ], [ -117.347104000666462, 47.626983999017462 ], [ -117.347174999817213, 47.627077998943797 ], [ -117.347104999694309, 47.627146999367248 ], [ -117.347063999282838, 47.627224998917178 ], [ -117.347061999796537, 47.627262998577713 ], [ -117.347045000473315, 47.627938999437205 ], [ -117.347039999192745, 47.628164998699042 ], [ -117.347035000293232, 47.628236999489275 ], [ -117.347032999898701, 47.6283939988569 ], [ -117.347031999615865, 47.628613999178889 ], [ -117.347029000878706, 47.629080998950158 ], [ -117.347029000208451, 47.629310998691878 ], [ -117.347032000785106, 47.629479999151506 ], [ -117.347037000511136, 47.629694999059367 ], [ -117.347037000231325, 47.629989998523932 ], [ -117.347036999533643, 47.630159999143977 ], [ -117.347036999687205, 47.630173998851895 ], [ -117.347036000422662, 47.630328998579387 ], [ -117.347032999786549, 47.630836998881811 ], [ -117.347032000103937, 47.631006999497991 ], [ -117.347022000058303, 47.631111999205672 ], [ -117.3470220009103, 47.631429999301012 ], [ -117.347022000305856, 47.631536999005029 ], [ -117.347021999738288, 47.631600999301192 ], [ -117.347021999910694, 47.631791999045667 ], [ -117.347022000247065, 47.631856998768981 ], [ -117.347019999344624, 47.63202599901328 ], [ -117.3470140001142, 47.632536998350211 ], [ -117.347013000336858, 47.632706998958049 ], [ -117.347010000296848, 47.632878999196492 ], [ -117.347002999482754, 47.633394999048768 ], [ -117.347001000623877, 47.633567998752056 ], [ -117.346999000916682, 47.633736999028528 ], [ -117.346996000208705, 47.634243998995444 ], [ -117.346995000339717, 47.634413999594841 ], [ -117.346990999549675, 47.634557999472449 ], [ -117.346980000013403, 47.63499299922173 ], [ -117.346977000360624, 47.635137999463602 ], [ -117.346978999232022, 47.635201998896093 ], [ -117.346988000830351, 47.63539699923308 ], [ -117.346990999625717, 47.635461998991204 ], [ -117.347002999877219, 47.636258999125054 ], [ -117.347003000008741, 47.636369999138395 ], [ -117.34700199979477, 47.636457999410645 ], [ -117.347002000949558, 47.636523999451214 ], [ -117.347002000235619, 47.636770998847496 ], [ -117.347000000783808, 47.637272999140187 ], [ -117.346999999825059, 47.637314999113187 ], [ -117.346998999771571, 47.637647999100636 ], [ -117.346999000374282, 47.637737999123146 ], [ -117.346998999832309, 47.637781998808329 ], [ -117.346997000224505, 47.638249998781994 ], [ -117.346996000171316, 47.638656999362851 ], [ -117.346994999938346, 47.639035998732972 ], [ -117.346995000593395, 47.639082999353576 ], [ -117.346995000387111, 47.639091999347308 ], [ -117.346994999928526, 47.639169999333582 ], [ -117.346993000194161, 47.639543998987051 ], [ -117.346990999966394, 47.639995998620527 ], [ -117.346991000191863, 47.640043998626432 ], [ -117.346988000808167, 47.64033899885888 ], [ -117.346987999353431, 47.640381999113153 ], [ -117.346990000681615, 47.640443998904217 ], [ -117.346988999335494, 47.640616998530511 ], [ -117.346988999700415, 47.641137999117888 ], [ -117.346989001009533, 47.64131199914803 ], [ -117.346986999871888, 47.641585999344706 ], [ -117.34698600010185, 47.641766998713386 ], [ -117.346986000680729, 47.641836999026161 ], [ -117.346985999179608, 47.641976999569714 ], [ -117.346986000940475, 47.642055999017074 ], [ -117.346986000215864, 47.642239999279568 ], [ -117.346985999801404, 47.642277998963429 ], [ -117.346986000339626, 47.642504998659 ], [ -117.346985999715955, 47.642531998637288 ], [ -117.346986000004804, 47.642556998943867 ], [ -117.3469860003338, 47.64277299893228 ], [ -117.346873000542601, 47.642766998773588 ], [ -117.346870999187701, 47.64298899867164 ], [ -117.346869000550484, 47.643451998939398 ], [ -117.346869000432747, 47.643613998926298 ], [ -117.346866999589693, 47.643970998826127 ], [ -117.346856000618487, 47.644400999749394 ], [ -117.346851998966699, 47.644535998687545 ], [ -117.346844000815636, 47.64480299942278 ], [ -117.346842999801112, 47.645421998708393 ], [ -117.346843000021252, 47.64544699901262 ], [ -117.346832000243751, 47.645599999633809 ], [ -117.346796000656852, 47.646108999311039 ], [ -117.346794999832525, 47.646134998958544 ], [ -117.346794999616705, 47.646276998337328 ], [ -117.346805999824227, 47.646312999508844 ], [ -117.346816999327487, 47.646347998556529 ], [ -117.346824999871984, 47.646356998765782 ], [ -117.346860999894972, 47.646399999024524 ], [ -117.346918999409013, 47.646443999168604 ], [ -117.346937999562456, 47.64645099901275 ], [ -117.346984999395829, 47.64646899918047 ], [ -117.346984999512699, 47.646693999133355 ], [ -117.346978999744479, 47.64744399882666 ], [ -117.34697900024436, 47.647516999123738 ], [ -117.346981000682348, 47.64833399926335 ], [ -117.346986000518172, 47.649974998856244 ], [ -117.34697500028625, 47.650922999192261 ], [ -117.34698399894809, 47.651306998287723 ], [ -117.346984999823917, 47.651793999344356 ], [ -117.346984999060936, 47.651826999307758 ], [ -117.346984000694547, 47.65270299897459 ], [ -117.346984000486756, 47.652731998655653 ], [ -117.346983999390616, 47.653158999635259 ], [ -117.346983999611268, 47.653266998693297 ], [ -117.346983000317735, 47.653833999336378 ], [ -117.346984000176434, 47.653966999587809 ], [ -117.346983000831401, 47.654385999087999 ], [ -117.34698299980839, 47.654524999288569 ], [ -117.346982999202709, 47.654705998580006 ], [ -117.346982999667929, 47.654972998459677 ], [ -117.346982999438268, 47.655249998610486 ], [ -117.346982999615591, 47.655431999121234 ], [ -117.34698299984322, 47.6555169993836 ], [ -117.346984000034027, 47.655771999270868 ], [ -117.346984999772872, 47.655856998633986 ], [ -117.34698599952533, 47.655958998588154 ], [ -117.346985000440966, 47.655977999789201 ], [ -117.346984000141731, 47.656341998962063 ], [ -117.3469839991117, 47.656463998562089 ], [ -117.346982999897406, 47.656622999379934 ], [ -117.346980000512701, 47.657103999372573 ], [ -117.34698000038415, 47.657263998674708 ], [ -117.346442999644168, 47.657256999092859 ], [ -117.344833999332849, 47.657237998466215 ], [ -117.344298000084123, 47.657231999040704 ], [ -117.343762000289857, 47.65722699917464 ], [ -117.342153999980582, 47.657212999103606 ], [ -117.341619000139787, 47.657208999404908 ], [ -117.341083000055548, 47.657203998612886 ], [ -117.339474999912383, 47.657189999398867 ], [ -117.338939999729149, 47.657185998797765 ], [ -117.338410000131859, 47.657180998554196 ], [ -117.336820000207723, 47.657168999196188 ], [ -117.336291000434628, 47.657164999391433 ], [ -117.335433000151994, 47.657157999321143 ], [ -117.332858999864129, 47.657139999045931 ], [ -117.332002000120539, 47.65713399877994 ], [ -117.331381000648335, 47.657127999707079 ], [ -117.329520000125456, 47.657110998939167 ], [ -117.328900000395564, 47.657105998499624 ], [ -117.328477999598903, 47.657100999634054 ], [ -117.327212999927809, 47.657086999628824 ], [ -117.326886999922991, 47.657083999303303 ], [ -117.326791999072128, 47.657082999508596 ], [ -117.32654299983389, 47.65708099901768 ], [ -117.325797000509297, 47.657075999242267 ], [ -117.325548999795259, 47.65707499884617 ], [ -117.325306000472395, 47.657082999096708 ], [ -117.324593999779012, 47.657109999427867 ], [ -117.324577000571594, 47.65710999853092 ], [ -117.324333999970605, 47.657109999576932 ], [ -117.32405800036733, 47.657109999257997 ], [ -117.32343500010623, 47.657109998764497 ], [ -117.323233000507585, 47.657111999159667 ], [ -117.322957999171066, 47.657115998502448 ], [ -117.322675000055966, 47.657118998700199 ], [ -117.32241900078796, 47.657122998472431 ], [ -117.321890000345277, 47.657117998930026 ], [ -117.321827000209538, 47.657116998985281 ], [ -117.321544999753854, 47.657114999502589 ], [ -117.321409999722079, 47.657111999421446 ], [ -117.321179000470394, 47.657107999011799 ], [ -117.321005999775238, 47.657100998734869 ], [ -117.320872000212091, 47.657096998858364 ], [ -117.320588000231297, 47.657085999091038 ], [ -117.319736000135933, 47.65705499884573 ], [ -117.319453000228236, 47.657044999508855 ], [ -117.319333000056545, 47.65703999839166 ], [ -117.318973000350283, 47.657027998852101 ], [ -117.318853000444633, 47.65702399935175 ], [ -117.318762999940176, 47.657019998633885 ], [ -117.318492999657465, 47.6570079987901 ], [ -117.318403999948785, 47.657003998978418 ], [ -117.318225000303514, 47.657001998967743 ], [ -117.317688000278608, 47.656996999329266 ], [ -117.317509999102484, 47.656995998736782 ], [ -117.317243000147442, 47.656992998737863 ], [ -117.316445000623332, 47.656984998770746 ], [ -117.316179000056238, 47.65698299862747 ], [ -117.31591000073017, 47.656979998515567 ], [ -117.31510499920617, 47.65697199876557 ], [ -117.314836999572734, 47.656969998522143 ], [ -117.314568999618444, 47.656966999119668 ], [ -117.31376500002375, 47.656958999251323 ], [ -117.31349799979661, 47.656956998844734 ], [ -117.313229999804008, 47.656953998987269 ], [ -117.312425999946768, 47.656945999550913 ], [ -117.312158999655296, 47.656943998701095 ], [ -117.311890999563431, 47.656940999287109 ], [ -117.311087000681482, 47.656931999099868 ], [ -117.3108200002698, 47.656929998705287 ], [ -117.310550999284146, 47.65692699937366 ], [ -117.309747000368432, 47.65691899903841 ], [ -117.309479000361847, 47.656916998767343 ], [ -117.308942999943739, 47.656910999276398 ], [ -117.307335000149919, 47.656895999266503 ], [ -117.306798999656394, 47.6568909989969 ], [ -117.306260999903486, 47.65688399933115 ], [ -117.304647000746314, 47.656865998642616 ], [ -117.304110000418603, 47.656859998499328 ], [ -117.303501000701459, 47.656862998921135 ], [ -117.301676000235503, 47.65687199855838 ], [ -117.301068000202079, 47.656875998416908 ], [ -117.300607999989481, 47.656877998657087 ], [ -117.299227999735862, 47.656883999054472 ], [ -117.298768999668411, 47.656886998943435 ], [ -117.297923999819275, 47.656890999093413 ], [ -117.295387999965001, 47.656903999622713 ], [ -117.294543999952836, 47.656908998919867 ], [ -117.29405799990198, 47.656909998711633 ], [ -117.293825999567332, 47.656910998800477 ], [ -117.292603000002643, 47.65691999846517 ], [ -117.292119000283947, 47.656923999185814 ], [ -117.292018999430141, 47.65692399881295 ], [ -117.291718999186173, 47.656924999372819 ], [ -117.291620000299076, 47.656925998644716 ], [ -117.291524999510145, 47.656925999452852 ], [ -117.291239000058923, 47.656927998950799 ], [ -117.291144999957339, 47.656928998501421 ], [ -117.290686000751776, 47.65693199918622 ], [ -117.289311999140523, 47.656941999133828 ], [ -117.288853999871506, 47.656945998700344 ], [ -117.288240000260615, 47.656949999025343 ], [ -117.287182000097971, 47.656957999082003 ], [ -117.286401000444201, 47.656962999216979 ], [ -117.285788000112788, 47.656967998903532 ], [ -117.285536999544661, 47.656968999503484 ], [ -117.284784001003956, 47.656973999658476 ], [ -117.284534000471609, 47.656976999286741 ], [ -117.284298000301774, 47.656977999339148 ], [ -117.283590000192291, 47.656982999051991 ], [ -117.283355000335249, 47.656984998972639 ], [ -117.283252999748342, 47.65698499966971 ], [ -117.282949999918827, 47.656986999182564 ], [ -117.282848999470175, 47.656988998975535 ], [ -117.282551999939585, 47.656988999341436 ], [ -117.28165999953633, 47.656990998524073 ], [ -117.28136400019153, 47.656991999428278 ], [ -117.280125000473049, 47.65699499868122 ], [ -117.27746300027971, 47.657001999460377 ], [ -117.276926999748142, 47.657002999272137 ], [ -117.275320999976998, 47.657005999332277 ], [ -117.274786000332838, 47.657007999091583 ], [ -117.274374000490539, 47.657007998719429 ], [ -117.27314099975014, 47.657010999752231 ], [ -117.272729999268208, 47.657012998368252 ], [ -117.272341999151863, 47.657012999475057 ], [ -117.272099999057801, 47.657012998706428 ], [ -117.271179000848306, 47.657014999002065 ], [ -117.270791999380762, 47.657015998515362 ], [ -117.270513998994318, 47.657015999400556 ], [ -117.269679999892659, 47.657018999086461 ], [ -117.269402998992561, 47.657020998631275 ], [ -117.269234999980014, 47.657020999290829 ], [ -117.268730000149304, 47.657021999338028 ], [ -117.268563000000839, 47.657022999120372 ], [ -117.267925999515128, 47.657023998790997 ], [ -117.26624799974077, 47.657027999304766 ], [ -117.266015000974363, 47.657027999382507 ], [ -117.265378999527783, 47.657029999364127 ], [ -117.264030999546705, 47.657032999373364 ], [ -117.261342000495247, 47.6570389992741 ], [ -117.260530999822521, 47.657039999341123 ], [ -117.25809699978727, 47.657042998382863 ], [ -117.257287000023254, 47.657044999045056 ], [ -117.255079999336175, 47.657047998833619 ], [ -117.253311000318917, 47.657049998790285 ], [ -117.252765000616677, 47.657049999568876 ], [ -117.25112699997095, 47.657051999472088 ], [ -117.250581999798683, 47.657053999448337 ], [ -117.249778000495937, 47.657053998924617 ], [ -117.247365999354074, 47.657055999035364 ], [ -117.246562999816348, 47.657057999032034 ], [ -117.246274000318238, 47.657057999342001 ], [ -117.245407999779417, 47.657057999417397 ], [ -117.245119999628713, 47.657057999487911 ], [ -117.244865000041884, 47.657057999269277 ], [ -117.244102999633725, 47.657057998795857 ], [ -117.243848999583136, 47.657058999369809 ], [ -117.243563999109014, 47.657058999162281 ], [ -117.242710999499323, 47.657060998706847 ], [ -117.242426999852995, 47.657061998775738 ], [ -117.241898000529659, 47.657061999379941 ], [ -117.240310999030484, 47.657061998946141 ], [ -117.239783000060058, 47.657062999159344 ], [ -117.239314999643952, 47.657062999312004 ], [ -117.237911000309168, 47.657062999098102 ], [ -117.237442999395697, 47.657062998746831 ], [ -117.237374000617947, 47.657062998800392 ], [ -117.237167000232972, 47.657062999482626 ], [ -117.237098999721141, 47.657062998494574 ], [ -117.235471000344475, 47.657061999041218 ], [ -117.230588999977755, 47.65706199923499 ], [ -117.228962000492331, 47.657061999093109 ], [ -117.228616000055936, 47.6570609986344 ], [ -117.227579000148523, 47.657060999475114 ], [ -117.227234000228577, 47.657060998971062 ], [ -117.226899000963343, 47.657060999146736 ], [ -117.225895999200858, 47.657060999397409 ], [ -117.225561999219693, 47.65706099939905 ], [ -117.225155000438676, 47.657060998435888 ], [ -117.223934000562537, 47.657060999314702 ], [ -117.22352799954848, 47.657060998966521 ], [ -117.22311200028976, 47.657060998793064 ], [ -117.221867000427423, 47.657060999638965 ], [ -117.221452000085563, 47.65706199936043 ], [ -117.220789999490734, 47.657061999758866 ], [ -117.218804000258686, 47.657061998660204 ], [ -117.218141999931319, 47.657061998984467 ], [ -117.217715000244397, 47.657061998877452 ], [ -117.216434999414815, 47.65706399891819 ], [ -117.216008999443631, 47.657065999728857 ], [ -117.215684000070368, 47.657065999291298 ], [ -117.214707999905698, 47.657067999133297 ], [ -117.214383999425309, 47.657068999209976 ], [ -117.213891999910231, 47.657064999244454 ], [ -117.212415999259875, 47.657053998601583 ], [ -117.211924999912483, 47.657050998917818 ], [ -117.211856000089782, 47.657050998787014 ], [ -117.211649000128432, 47.65705199940939 ], [ -117.211581000798276, 47.657052998912391 ], [ -117.211280999289812, 47.657054998723851 ], [ -117.210380000035869, 47.657060998676727 ], [ -117.210080999979496, 47.657063998775229 ], [ -117.209544999986079, 47.657066999294919 ], [ -117.20793799994685, 47.657077999439522 ], [ -117.207403000290242, 47.657082999106443 ], [ -117.206754000661249, 47.657078999209155 ], [ -117.206401000254957, 47.657077999063056 ], [ -117.204807000306062, 47.657067999259844 ], [ -117.204158999081884, 47.657064998769968 ], [ -117.203725999971482, 47.657061999590759 ], [ -117.202430000731937, 47.657055998923951 ], [ -117.201998000336545, 47.657053999303905 ], [ -117.20091700012641, 47.657047999073249 ], [ -117.197674000647282, 47.65702999894549 ], [ -117.196593000483674, 47.657024999458031 ], [ -117.196592000218388, 47.657380999209899 ], [ -117.196588999229277, 47.658450999214558 ], [ -117.196589000478156, 47.658807998923216 ], [ -117.196588000409122, 47.65917699922813 ], [ -117.196583999815743, 47.660286999037979 ], [ -117.196583999957554, 47.660656999255472 ], [ -117.196580000109847, 47.661195998799109 ], [ -117.196570000575363, 47.662814999026452 ], [ -117.196568000397164, 47.663354998880571 ], [ -117.196566999367377, 47.663540998892621 ], [ -117.196564999893525, 47.664098999470184 ], [ -117.196565000512791, 47.664285999452112 ], [ -117.19656499994737, 47.664769999012044 ], [ -117.196567000281135, 47.666223998444089 ], [ -117.196568000062314, 47.666708998798967 ], [ -117.196568000243815, 47.666794999005049 ], [ -117.196567999521221, 47.667052998680731 ], [ -117.19656900010196, 47.667139998818115 ], [ -117.196570000203309, 47.667290998668719 ], [ -117.196570000320108, 47.667332998832137 ], [ -117.196572000507501, 47.667914998687763 ], [ -117.196573000702998, 47.66810999857325 ], [ -117.196583999838779, 47.668310998754386 ], [ -117.196619000002116, 47.668913999310952 ], [ -117.196631000644047, 47.669114999046506 ], [ -117.196623000405907, 47.669278999173848 ], [ -117.196391000154719, 47.669231999123106 ], [ -117.194683999883168, 47.668891998858406 ], [ -117.190797000330704, 47.668137999076841 ], [ -117.189064999608178, 47.667790998344181 ], [ -117.185028000143419, 47.666983998924337 ], [ -117.181705999696405, 47.666313999187032 ], [ -117.181144000819899, 47.666190999697839 ], [ -117.18012199947097, 47.666028998828502 ], [ -117.179988000156555, 47.666007999699374 ], [ -117.178921999954838, 47.665874998413237 ], [ -117.17804399969755, 47.665793998986402 ], [ -117.177373999976808, 47.665762999082943 ], [ -117.176395000811553, 47.665716998822766 ], [ -117.175079999837024, 47.665686999374074 ], [ -117.175079999169768, 47.665873999078421 ], [ -117.175081000193629, 47.665962999580834 ], [ -117.175081000092774, 47.666193999024181 ], [ -117.175081999385753, 47.66688699974894 ], [ -117.175082999274821, 47.667118999305131 ], [ -117.175083000470451, 47.667319998396799 ], [ -117.175084000011012, 47.667924999658133 ], [ -117.175084999885414, 47.668126998821798 ], [ -117.175085000378886, 47.66814699879199 ], [ -117.175084999849588, 47.668209998946161 ], [ -117.175085000538701, 47.668230999325523 ], [ -117.175085999454467, 47.66888599907756 ], [ -117.175088999178172, 47.670394999229821 ], [ -117.175088999247137, 47.670406998663275 ], [ -117.175089999266291, 47.670852998847515 ], [ -117.175091999695681, 47.671508998694975 ], [ -117.175094000245721, 47.672111998792232 ], [ -117.17509399962205, 47.672221998953034 ], [ -117.175093999888048, 47.672234998794643 ], [ -117.175097000436025, 47.673199998498127 ], [ -117.175099999710184, 47.673921999318999 ], [ -117.175103000637606, 47.674525998579249 ], [ -117.175102000330483, 47.674642999142193 ], [ -117.175099999905342, 47.674995998661899 ], [ -117.175099999722065, 47.675113999343175 ], [ -117.175100999962069, 47.675565999157598 ], [ -117.175101999058001, 47.675929999516036 ], [ -117.175101999781461, 47.67594499927506 ], [ -117.175105999545835, 47.676922999237718 ], [ -117.175108000872243, 47.677177998702454 ], [ -117.175096999340624, 47.677305999317461 ], [ -117.175080000335512, 47.677372998795661 ], [ -117.175052000183399, 47.677421999555413 ], [ -117.175083999499293, 47.678432999280183 ], [ -117.175094000222074, 47.678857999091242 ], [ -117.175260999473196, 47.678828999384471 ], [ -117.175277999329168, 47.678927999161509 ], [ -117.175160999719409, 47.680042999136496 ], [ -117.175161999996504, 47.680580999223949 ], [ -117.175164999009809, 47.682197998755058 ], [ -117.175166999657421, 47.682736998912191 ], [ -117.175166999461041, 47.68297199888972 ], [ -117.175168999222691, 47.683677999537075 ], [ -117.175169999408979, 47.683913998726155 ], [ -117.175169999940223, 47.683951999620042 ], [ -117.175171000509266, 47.684065999274367 ], [ -117.175172000088168, 47.684104999346509 ], [ -117.175175000576658, 47.684482999237083 ], [ -117.175183999840868, 47.685617999193582 ], [ -117.17518799952434, 47.685996999135241 ], [ -117.175190000264195, 47.686110999388461 ], [ -117.17519600013668, 47.686453999568954 ], [ -117.175199000006472, 47.686568998997835 ], [ -117.175210000009244, 47.687184999402938 ], [ -117.175220999618304, 47.687744998867238 ], [ -117.175230999825487, 47.688676998681949 ], [ -117.175238000305825, 47.689036999055588 ], [ -117.175250000385205, 47.689653999464298 ], [ -117.175275000040685, 47.690973998423786 ], [ -117.175319000171427, 47.693253999053496 ], [ -117.175361000319896, 47.694933999376332 ], [ -117.17539399990234, 47.696253998997179 ], [ -117.175396000743916, 47.696352998549173 ], [ -117.175404000113673, 47.696650998696732 ], [ -117.175407000157577, 47.69675099921929 ], [ -117.17447199950287, 47.696786999183594 ], [ -117.173393999720233, 47.696827999281027 ], [ -117.17251499950595, 47.69686299933759 ], [ -117.17167000018371, 47.696898999223748 ], [ -117.170586000064972, 47.696969999260247 ], [ -117.169688999499073, 47.697057999300839 ], [ -117.168829000541336, 47.697159998951783 ], [ -117.167463000727892, 47.697374998750718 ], [ -117.167385999675417, 47.697388998929661 ], [ -117.165407000040176, 47.697757999075712 ], [ -117.164476000714615, 47.697926999238391 ], [ -117.163457999769093, 47.698111998680233 ], [ -117.163391999115106, 47.698124999052432 ], [ -117.161683999363433, 47.698440999265934 ], [ -117.16075400041008, 47.698613999194585 ], [ -117.159976000471104, 47.698765998989963 ], [ -117.158962000634716, 47.69896399915023 ], [ -117.158231999807612, 47.69910799888671 ], [ -117.156243000279019, 47.699521998420167 ], [ -117.155338000403518, 47.69971099906595 ], [ -117.155229999390428, 47.699724998826973 ], [ -117.154834999796819, 47.69977699887724 ], [ -117.153792000544968, 47.700000999322668 ], [ -117.152110000970026, 47.700362998531766 ], [ -117.151795000299614, 47.700430999466093 ], [ -117.151588000754543, 47.700475999522943 ], [ -117.149500000057699, 47.700946999053834 ], [ -117.148805999957716, 47.701102999115932 ], [ -117.148731999964028, 47.701119998910052 ], [ -117.148686999981109, 47.701129999083818 ], [ -117.14861999921736, 47.7011459996694 ], [ -117.148071000344288, 47.701270999214827 ], [ -117.146381000900888, 47.701583999131913 ], [ -117.145027999601567, 47.701939998828912 ], [ -117.144062999216899, 47.70215299889302 ], [ -117.143040999944404, 47.702378998731888 ], [ -117.133245000216604, 47.704542999193968 ], [ -117.131363000247305, 47.704971998650755 ], [ -117.129001999956103, 47.705499999242569 ], [ -117.122698999606072, 47.706910999216738 ], [ -117.122634999946769, 47.706921999564067 ], [ -117.120954000510181, 47.707301998917593 ], [ -117.12030200073788, 47.707439999487413 ], [ -117.116250000139104, 47.708257998677446 ], [ -117.112896000503383, 47.70893499853662 ], [ -117.112366000179492, 47.709042998751713 ], [ -117.111932999249206, 47.709136999029234 ], [ -117.110514001061276, 47.709448998817656 ], [ -117.109785999248302, 47.709610999412043 ], [ -117.109239000282017, 47.709731999417961 ], [ -117.103186000227751, 47.711082998890021 ], [ -117.101384000281897, 47.711484998374004 ], [ -117.10098599908936, 47.711574999008853 ], [ -117.100662000126391, 47.711647999117609 ], [ -117.100509000167818, 47.711682999005667 ], [ -117.099081999619102, 47.712016999502794 ], [ -117.098814000235066, 47.712080999676758 ], [ -117.098699000420226, 47.712110999635442 ], [ -117.098168000173686, 47.712244999406799 ], [ -117.096980999570562, 47.712544998938831 ], [ -117.096852999663824, 47.712583998968299 ], [ -117.09642100082263, 47.712719999374258 ], [ -117.095787999741773, 47.712915999142162 ], [ -117.095203999872282, 47.713098998979277 ], [ -117.093892999739367, 47.713514999379925 ], [ -117.093431999732658, 47.713661999348126 ], [ -117.093265999844718, 47.713724999050193 ], [ -117.092662000002321, 47.71395299956275 ], [ -117.091723999345916, 47.714307999219237 ], [ -117.091690999986426, 47.714320999353191 ], [ -117.090342000355932, 47.714868999365478 ], [ -117.087037000274549, 47.716278999549949 ], [ -117.085490000405599, 47.716940998957874 ], [ -117.085199000200902, 47.717064999405686 ], [ -117.084329000271524, 47.717435999379184 ], [ -117.084039000250172, 47.717560999793967 ], [ -117.083821999819236, 47.717652998404411 ], [ -117.083174000908954, 47.717929999326209 ], [ -117.082958000458518, 47.718022999143635 ], [ -117.08291399975667, 47.718040999089951 ], [ -117.082783000464872, 47.718096999438572 ], [ -117.082740000289164, 47.718115998492969 ], [ -117.081101999723671, 47.71881599878364 ], [ -117.080159000359458, 47.719218999414771 ], [ -117.076190000502308, 47.720916999282238 ], [ -117.07455299980775, 47.721617999582129 ], [ -117.074376000328385, 47.721693999273498 ], [ -117.073844999982953, 47.721921998538043 ], [ -117.073669000117121, 47.721998999123308 ], [ -117.073315999656174, 47.722161999504387 ], [ -117.072258000219961, 47.722650998773901 ], [ -117.071906000423269, 47.722814998851526 ], [ -117.071309000131123, 47.723086999253567 ], [ -117.070833999669631, 47.723302999533615 ], [ -117.069517000439546, 47.72390399902941 ], [ -117.068921000062957, 47.724176998720104 ], [ -117.067702999579581, 47.72473799906637 ], [ -117.067112000134543, 47.725010999378192 ], [ -117.064018999641846, 47.726347999328524 ], [ -117.063076000638858, 47.726755999469638 ], [ -117.062788999293645, 47.72688099886453 ], [ -117.061923000805507, 47.727254999235619 ], [ -117.061809000594096, 47.727303999506226 ], [ -117.060907999464746, 47.727695999040144 ], [ -117.060759000338479, 47.727759999567382 ], [ -117.059328000843294, 47.728377999057308 ], [ -117.058463000280554, 47.72875299929148 ], [ -117.057518999624293, 47.729161999265621 ], [ -117.056553000231034, 47.729552999110588 ], [ -117.056294000119053, 47.729662998929271 ], [ -117.055076000760522, 47.730186999564594 ], [ -117.05028399962093, 47.732231999292424 ], [ -117.049805999935231, 47.732436999149073 ], [ -117.047642999361102, 47.733360998772156 ], [ -117.046462000548118, 47.733866999587846 ], [ -117.042920999672035, 47.735385999115671 ], [ -117.042584999677018, 47.735529999254204 ], [ -117.0418290006739, 47.735854998712057 ], [ -117.0418230001534, 47.735556999031331 ], [ -117.041819999856003, 47.735260999249263 ], [ -117.041796999600123, 47.733679998701064 ], [ -117.041769999401168, 47.731764998687687 ], [ -117.041765000272264, 47.731350999511221 ], [ -117.041761000077827, 47.731109999285707 ], [ -117.041776000563075, 47.729789999208222 ], [ -117.041780999518281, 47.72923499870776 ], [ -117.041779000469234, 47.728569999415534 ], [ -117.041775999666726, 47.727329999145773 ], [ -117.041771999387763, 47.726085998715249 ], [ -117.0417659997306, 47.724202998692384 ], [ -117.041762000363292, 47.723025998985136 ], [ -117.041760999247415, 47.72269799864236 ], [ -117.041756000103859, 47.721220999456513 ], [ -117.041749999719983, 47.719282998330165 ], [ -117.04174500062598, 47.717701999781752 ], [ -117.041742999644612, 47.716982999012892 ], [ -117.041743999953667, 47.716444999399833 ], [ -117.041754000436356, 47.715991999164892 ], [ -117.041761999651911, 47.715650999219889 ], [ -117.0417750008166, 47.715103999234799 ], [ -117.041777999937793, 47.7149509987618 ], [ -117.04178099991185, 47.714755999571146 ], [ -117.041781000468958, 47.714638998710441 ], [ -117.041780999974421, 47.713664999327733 ], [ -117.041781999781904, 47.712096999138154 ], [ -117.041783000545621, 47.710380999124887 ], [ -117.041784000310884, 47.709654999102007 ], [ -117.041783999586229, 47.708855998789375 ], [ -117.041784000861597, 47.707756999775647 ], [ -117.041784999616766, 47.707419998317576 ], [ -117.041784999507527, 47.706994999265781 ], [ -117.041784000172612, 47.706765998997334 ], [ -117.041784999459821, 47.706524999087783 ], [ -117.041786000987557, 47.704566999159837 ], [ -117.041786999204163, 47.703938999604986 ], [ -117.041783999120213, 47.703571999015054 ], [ -117.041787000044721, 47.703148998979835 ], [ -117.041786999829256, 47.702792999101369 ], [ -117.041786999710027, 47.702759999291153 ], [ -117.041787000546535, 47.702492999410971 ], [ -117.041790000411837, 47.701964999687824 ], [ -117.041788999294823, 47.701766999037616 ], [ -117.041788999206616, 47.701631999247184 ], [ -117.041786999847602, 47.701142999717945 ], [ -117.041786999668986, 47.70103199896274 ], [ -117.041786999307163, 47.700985999134865 ], [ -117.041782999863202, 47.700715998799836 ], [ -117.041728998996589, 47.700324998950308 ], [ -117.041724999480962, 47.699938999005418 ], [ -117.041723000291029, 47.699722998687754 ], [ -117.041719999333381, 47.699584998389469 ], [ -117.041718999034032, 47.699515999130263 ], [ -117.041706999643935, 47.698529998951443 ], [ -117.041703999906147, 47.698300998618301 ], [ -117.041700999043897, 47.698043999055585 ], [ -117.041700999534655, 47.697987998893389 ], [ -117.041698999843533, 47.697888998617188 ], [ -117.041696999354798, 47.697680999411737 ], [ -117.041695000005603, 47.697508998813618 ], [ -117.041693000315476, 47.69733599861712 ], [ -117.041692000428938, 47.697263999705378 ], [ -117.041687999550476, 47.697056999223861 ], [ -117.041682999663053, 47.696989999257397 ], [ -117.041680000007929, 47.696957999126475 ], [ -117.041678000404048, 47.69693299876463 ], [ -117.041677999831549, 47.696700998632451 ], [ -117.041683000461134, 47.696601999049044 ], [ -117.041680000027142, 47.69643199940392 ], [ -117.041678999605423, 47.696250998857643 ], [ -117.041673999984837, 47.695834998674727 ], [ -117.041669998893298, 47.695519998835479 ], [ -117.041670000323336, 47.69540099871196 ], [ -117.041653000913144, 47.694097998396231 ], [ -117.041641999905522, 47.693221999008003 ], [ -117.041625999733327, 47.691935998612713 ], [ -117.041611999657164, 47.69083999855313 ], [ -117.041589999745355, 47.689658998727914 ], [ -117.041631999838188, 47.68954799957119 ], [ -117.041679998993743, 47.689387998919628 ], [ -117.041686999888043, 47.689322998699346 ], [ -117.04168699970576, 47.689268998562966 ], [ -117.041687999115382, 47.689216998459187 ], [ -117.041686999684998, 47.688923999277215 ], [ -117.041687999598082, 47.688359998872095 ], [ -117.041681000054254, 47.688021999559432 ], [ -117.041672000473937, 47.687651999137827 ], [ -117.041661000590977, 47.687162999425908 ], [ -117.041657999403256, 47.687037999023971 ], [ -117.041655000070321, 47.68688999920775 ], [ -117.041649999521326, 47.686648999208366 ], [ -117.041644999638194, 47.686310998893809 ], [ -117.041635000142051, 47.686030998981849 ], [ -117.041657000554267, 47.685889999281216 ], [ -117.041671999682336, 47.685683998711468 ], [ -117.041675999651346, 47.685627999308331 ], [ -117.041586000180033, 47.683666998655482 ], [ -117.041577000742535, 47.683197998589705 ], [ -117.041547999444958, 47.681903999174473 ], [ -117.041567999806077, 47.680191998947791 ], [ -117.041583000206913, 47.678844998916375 ], [ -117.041583000281136, 47.678774999079835 ], [ -117.041584999323277, 47.678564999494839 ], [ -117.041586999893852, 47.678495999225362 ], [ -117.041588000194182, 47.678413998942425 ], [ -117.041588999528031, 47.678386999273393 ], [ -117.041600000076571, 47.678183999384579 ], [ -117.041619999957859, 47.678063999178995 ], [ -117.041622999664796, 47.678049998608714 ], [ -117.041632999510483, 47.677956999105518 ], [ -117.041307999845586, 47.67673999904644 ], [ -117.041292999658808, 47.675672999379323 ], [ -117.041285000580984, 47.675145998672257 ], [ -117.041282000563498, 47.674838999616192 ], [ -117.041275000691911, 47.674371999243412 ], [ -117.041272000527115, 47.674046998608013 ], [ -117.041263000172435, 47.673497999711465 ], [ -117.041267999614035, 47.672712999167523 ], [ -117.041260000193617, 47.672342999180159 ], [ -117.041262000144798, 47.672165998502301 ], [ -117.041266999767501, 47.671440998332919 ], [ -117.041266999700611, 47.670488999299721 ], [ -117.041263000826874, 47.669298998731506 ], [ -117.041251000375183, 47.667897998870551 ], [ -117.041252000721428, 47.666659999027097 ], [ -117.041246000211657, 47.665541999082954 ], [ -117.041238999711311, 47.663122998976448 ], [ -117.041244000284934, 47.662929998558404 ], [ -117.041290999091515, 47.662694999033 ], [ -117.041292000062398, 47.662643998518064 ], [ -117.041303999462443, 47.661755999685887 ], [ -117.041305000456873, 47.660914998625721 ], [ -117.041325000634799, 47.660075998426841 ], [ -117.041323000185017, 47.659841998717667 ], [ -117.041322999126422, 47.658125998714276 ], [ -117.041317000532032, 47.65706199871439 ], [ -117.041317999795538, 47.656619999302443 ], [ -117.041317000601339, 47.656465998984245 ], [ -117.041314000195129, 47.655486998874395 ], [ -117.041313999645126, 47.65524999855289 ], [ -117.041304000583835, 47.65475799909737 ], [ -117.041289999805301, 47.654582999272755 ], [ -117.041265999898343, 47.654296999359566 ], [ -117.041227999440267, 47.654184999609349 ], [ -117.041223000337851, 47.653792999347637 ], [ -117.04122500025089, 47.653144999362198 ], [ -117.041223000934394, 47.652206999299644 ], [ -117.041220999659927, 47.651384998995368 ], [ -117.041217000250782, 47.649851999441182 ], [ -117.041213999658851, 47.648784999311353 ], [ -117.041210999173742, 47.647700998952239 ], [ -117.041207999140298, 47.646389999452516 ], [ -117.041203999862574, 47.644710998606371 ], [ -117.041198000124808, 47.643410998918469 ], [ -117.041213000231934, 47.643401999157973 ], [ -117.041195999825419, 47.643160999333219 ], [ -117.04118000042088, 47.641213998812312 ], [ -117.041142000409792, 47.637354998958841 ], [ -117.04112699950106, 47.635758999151726 ], [ -117.041098000868075, 47.63279199848651 ], [ -117.041082999971451, 47.631293998524342 ], [ -117.041080999599018, 47.6311129992012 ], [ -117.041067000169676, 47.629597998999593 ], [ -117.041059000171728, 47.627067998996196 ], [ -117.041028000212989, 47.625301998884268 ], [ -117.04102199994071, 47.624957999011691 ], [ -117.040997000032746, 47.623566998448752 ], [ -117.040981999337902, 47.62260899895022 ], [ -117.040970999820971, 47.62197899870155 ], [ -117.04095499967174, 47.621848998690758 ], [ -117.040960999146833, 47.621407999347419 ], [ -117.040947000134096, 47.620621999275556 ], [ -117.040924000360818, 47.619263999291498 ], [ -117.040911000402318, 47.618534999087487 ], [ -117.040882000251088, 47.616867998956437 ], [ -117.040855999344501, 47.61532899922301 ], [ -117.04085000000849, 47.61436699860878 ], [ -117.040865000720416, 47.613212999251623 ], [ -117.040875000739334, 47.61237999913412 ], [ -117.040889000351925, 47.611277999013119 ], [ -117.040919000173133, 47.608835998567528 ], [ -117.040939000563569, 47.607191999141669 ], [ -117.040951999525632, 47.606113998960737 ], [ -117.040975999306525, 47.604131999051575 ], [ -117.041008999643537, 47.601444998516278 ], [ -117.041014999815189, 47.601382999025432 ], [ -117.041012999676866, 47.6011169993685 ], [ -117.041014999660504, 47.600984999691917 ], [ -117.04101399970358, 47.600680998592097 ], [ -117.041021000822127, 47.600442998603441 ], [ -117.041016999712042, 47.599843998884175 ], [ -117.041017999317091, 47.599218999255413 ], [ -117.041018999652735, 47.599010999281965 ], [ -117.041018000142486, 47.598806999392117 ], [ -117.041016000200727, 47.598523998611427 ], [ -117.041015000566759, 47.598340999085629 ], [ -117.041006999328602, 47.597062999180004 ], [ -117.04100500006119, 47.596674999252961 ], [ -117.041001999969524, 47.596090998787197 ], [ -117.040999999546841, 47.595698998655813 ], [ -117.040997999937233, 47.595343999546401 ], [ -117.040992999439439, 47.594589999510397 ], [ -117.040997999920307, 47.594063998940165 ], [ -117.04099999986849, 47.593846999075275 ], [ -117.041033999601268, 47.590850999261647 ], [ -117.041068000918358, 47.587846999164476 ], [ -117.041079000289258, 47.586855999032707 ], [ -117.041086000433211, 47.586208999633818 ], [ -117.041092000238834, 47.585278998523371 ], [ -117.041090999527995, 47.584832998954035 ], [ -117.041091000032495, 47.584791998711886 ], [ -117.041091999727328, 47.584736998840583 ], [ -117.04108799893973, 47.584124998907392 ], [ -117.041084999512719, 47.583113999142597 ], [ -117.04108399983798, 47.582687999476406 ], [ -117.04108100000694, 47.581836999658996 ], [ -117.041080000177459, 47.581507998839101 ], [ -117.041077999666328, 47.580787999229784 ], [ -117.041074999434372, 47.579968998828562 ], [ -117.04107099901988, 47.5797569992787 ], [ -117.041074000543887, 47.579659998816432 ], [ -117.041073000308572, 47.579546999265204 ], [ -117.041066999924553, 47.578802998487738 ], [ -117.041066000279471, 47.578759999007445 ], [ -117.041065999600178, 47.578697998345589 ], [ -117.04105700060525, 47.577645998824948 ], [ -117.041048999705069, 47.576643999435952 ], [ -117.041041999644349, 47.575815998858182 ], [ -117.04103800001964, 47.575241998547234 ], [ -117.041027999069811, 47.574254999135746 ], [ -117.041017999610986, 47.572813998947545 ], [ -117.041011999589784, 47.572121999221785 ], [ -117.041009000114343, 47.571659999746743 ], [ -117.041006999567401, 47.571516998923933 ], [ -117.041004999238581, 47.571267999326018 ], [ -117.041002999797016, 47.570674998780419 ], [ -117.041002000219592, 47.569916999420144 ], [ -117.041001000824082, 47.569676998908704 ], [ -117.041000999594402, 47.569595998820027 ], [ -117.041000999875109, 47.569489999144977 ], [ -117.041001000358364, 47.569345998875981 ], [ -117.04100000091519, 47.568951999481399 ], [ -117.041000000264276, 47.568752999252112 ], [ -117.040998999759196, 47.568611998559149 ], [ -117.040999000522802, 47.568267999400888 ], [ -117.0409979995176, 47.568043998562189 ], [ -117.040998000623688, 47.567653999396477 ], [ -117.040997000383598, 47.567470998851199 ], [ -117.04099699933434, 47.56706099882075 ], [ -117.04099599984572, 47.566901999247754 ], [ -117.040996999186021, 47.566670998709 ], [ -117.040995999796351, 47.566584998872386 ], [ -117.040996000746205, 47.566493999359182 ], [ -117.040995000223745, 47.566172998749025 ], [ -117.040995000454828, 47.565856998870636 ], [ -117.040994000292471, 47.565622999458903 ], [ -117.040993999783069, 47.565265999283653 ], [ -117.040992999702027, 47.565031998972401 ], [ -117.040989000416658, 47.564698999542287 ], [ -117.04098500085864, 47.564398999154328 ], [ -117.04098399955808, 47.564250999499158 ], [ -117.040978999946546, 47.563887998803558 ], [ -117.040976999790047, 47.563680999040443 ], [ -117.040974999906808, 47.563521999383802 ], [ -117.040973999843956, 47.563381999183399 ], [ -117.040973000097168, 47.563345999506552 ], [ -117.040970999628911, 47.563201999071921 ], [ -117.040971000401399, 47.563165999474087 ], [ -117.040969999957397, 47.563058999215144 ], [ -117.040969999843171, 47.563019999018643 ], [ -117.040967000262668, 47.562781999332522 ], [ -117.040964000426897, 47.56249999879536 ], [ -117.040961999647422, 47.56236799972293 ], [ -117.040959000576294, 47.562100998451612 ], [ -117.040955999362708, 47.561775999313319 ], [ -117.040952999985691, 47.56152099940406 ], [ -117.0409490002301, 47.561248999194369 ], [ -117.040946999036777, 47.56102499916166 ], [ -117.0409439998419, 47.560808999447914 ], [ -117.040942999940057, 47.560698998632567 ], [ -117.040941999762509, 47.560639999377663 ], [ -117.040940000148723, 47.560424998400585 ], [ -117.040937999745651, 47.56029799908147 ], [ -117.040936999078085, 47.560206998541808 ], [ -117.04093700028011, 47.560180999352916 ], [ -117.040929000548871, 47.559475999279499 ], [ -117.040918999960937, 47.558636999127714 ], [ -117.040917000552867, 47.558473999309363 ], [ -117.040914000205717, 47.558205999283217 ], [ -117.040912001000137, 47.558038998410929 ], [ -117.040908999777415, 47.557780998749514 ], [ -117.040904999669507, 47.557458999221424 ], [ -117.040896999761387, 47.556698999169257 ], [ -117.040894999615603, 47.556502999361037 ], [ -117.040888999957147, 47.556041999143005 ], [ -117.040886000249017, 47.555787998779145 ], [ -117.040882999144841, 47.555507999136594 ], [ -117.040875999884349, 47.554940999149196 ], [ -117.040864999691166, 47.554102998447398 ], [ -117.040857999902627, 47.553515999431333 ], [ -117.040848999365338, 47.552741998670484 ], [ -117.040847999540105, 47.552220999076113 ], [ -117.04083799930082, 47.551823999256193 ], [ -117.040835999556037, 47.551735999230026 ], [ -117.040830999809117, 47.551252999056658 ], [ -117.040821000452212, 47.550541999380897 ], [ -117.040801999625543, 47.549936999609237 ], [ -117.040783999651637, 47.549353998993162 ], [ -117.040771000206064, 47.54897599924238 ], [ -117.040765999732272, 47.548782998838796 ], [ -117.040760000570614, 47.548568998919606 ], [ -117.040757999857476, 47.548489998757915 ], [ -117.040753000877729, 47.54836699938474 ], [ -117.040743999994717, 47.548057999454478 ], [ -117.040733000270791, 47.547718999116853 ], [ -117.040722000379205, 47.547365999110525 ], [ -117.040712999866358, 47.547082998411682 ], [ -117.040702000689791, 47.546722999489667 ], [ -117.04069200053523, 47.546414999073093 ], [ -117.040661999563511, 47.54544799921392 ], [ -117.040626000846075, 47.544303999516103 ], [ -117.0406050004121, 47.543615999247741 ], [ -117.04058999992408, 47.543155998617777 ], [ -117.040575001083127, 47.542669998794722 ], [ -117.040554999171405, 47.542011998797939 ], [ -117.040552000439931, 47.541572999531141 ], [ -117.040547000277499, 47.540838999528944 ], [ -117.040544000014307, 47.540446998931266 ], [ -117.040538999384864, 47.539811998807416 ], [ -117.040534999378849, 47.539226998977483 ], [ -117.040532999994269, 47.538876999261134 ], [ -117.040529999618542, 47.538483999061903 ], [ -117.04052699988415, 47.538092998962398 ], [ -117.040522999936613, 47.537524999353806 ], [ -117.04052000020657, 47.537084998643344 ], [ -117.040517000516786, 47.536662999552419 ], [ -117.040513000181917, 47.536105999012221 ], [ -117.040510999277359, 47.536005999321517 ], [ -117.04050800026009, 47.535889998970639 ], [ -117.040496000388487, 47.535324999250797 ], [ -117.040488000171763, 47.534987999056852 ], [ -117.040483000239604, 47.534788999236348 ], [ -117.040480999202842, 47.534718998935602 ], [ -117.04047100088745, 47.534183998815188 ], [ -117.040462000384863, 47.533813999445293 ], [ -117.040455999078063, 47.53360499908554 ], [ -117.040454000874732, 47.533552998695853 ], [ -117.040454999846403, 47.533469998578809 ], [ -117.040451000134169, 47.533403999208446 ], [ -117.040519999193123, 47.532984999573436 ], [ -117.040503000034505, 47.531862999235486 ], [ -117.040500000695161, 47.53159499909421 ], [ -117.04049799986052, 47.531489998749414 ], [ -117.040491000354208, 47.531007998705881 ], [ -117.040469999161189, 47.529563999440867 ], [ -117.040464000361382, 47.529082999081993 ], [ -117.040459000236083, 47.528765999018091 ], [ -117.04044499965579, 47.527817998566782 ], [ -117.040444000218713, 47.527721999159624 ], [ -117.040438000701684, 47.527502998435615 ], [ -117.040434000199951, 47.527352999265254 ], [ -117.040422000947387, 47.52690499920287 ], [ -117.040419000746354, 47.526755998818551 ], [ -117.040331999134949, 47.523332999214617 ], [ -117.040313999838929, 47.522685999109065 ], [ -117.040321000808106, 47.522529998951391 ], [ -117.040320999871597, 47.52244199899755 ], [ -117.04034499958, 47.522314999301656 ], [ -117.040189999200493, 47.521300998913141 ], [ -117.040184999943989, 47.520703999264867 ], [ -117.040174999504572, 47.51945699912109 ], [ -117.040164000715379, 47.518045999549059 ], [ -117.040155001063496, 47.516961999300747 ], [ -117.040142000801069, 47.515317998668998 ], [ -117.040116999953256, 47.512275999230994 ], [ -117.040108999342465, 47.510363999131485 ], [ -117.040112000851892, 47.509857999009107 ], [ -117.040118000221781, 47.5084269994165 ], [ -117.040124000426729, 47.506958998848042 ], [ -117.040119000013206, 47.506214999111599 ], [ -117.04011200078655, 47.504976999222471 ], [ -117.040105999889121, 47.504023998646872 ], [ -117.040099999523818, 47.502881999076457 ], [ -117.040095999730454, 47.502234999305841 ], [ -117.04009200019938, 47.501982999601957 ], [ -117.040093999330878, 47.501938998929276 ], [ -117.040090999488086, 47.501492998760234 ], [ -117.040089999838628, 47.501296998920068 ], [ -117.040083000209776, 47.500002998593317 ], [ -117.040074000200761, 47.498533999590578 ], [ -117.040069000114002, 47.497653998939811 ], [ -117.040058999066318, 47.495934998809062 ], [ -117.040057000398932, 47.495538998999947 ], [ -117.040053000630138, 47.495010999052667 ], [ -117.040046999151429, 47.493943999334746 ], [ -117.040042000156234, 47.492982999555196 ], [ -117.040040000593947, 47.492641998769066 ], [ -117.040042999855004, 47.492547998936033 ], [ -117.040035000871939, 47.491886999099165 ], [ -117.040020000290113, 47.489572999453372 ], [ -117.040018000460407, 47.489161999472067 ], [ -117.040014999123031, 47.488222998957838 ], [ -117.040005999757938, 47.487398999242636 ], [ -117.040001001094438, 47.48659399943643 ], [ -117.039999001120265, 47.486258998889483 ], [ -117.039995001119834, 47.485743999026468 ], [ -117.039983999346973, 47.483874999196743 ], [ -117.03998200089363, 47.483571999082741 ], [ -117.039977000161201, 47.482738999014835 ], [ -117.03997599945626, 47.482691999247166 ], [ -117.039972999995996, 47.482216998429131 ], [ -117.039971999514307, 47.482019998995405 ], [ -117.039972999975745, 47.481549999319007 ], [ -117.039975999177543, 47.480561999034286 ], [ -117.039978000201728, 47.479978999068337 ], [ -117.03998300009458, 47.478416998766825 ], [ -117.039986999764025, 47.477791999164225 ], [ -117.039979000110691, 47.476985999445162 ], [ -117.039963000396455, 47.475099999021786 ], [ -117.039961000217588, 47.474825998682235 ], [ -117.039955000349806, 47.474170999369427 ], [ -117.039941001128582, 47.472508999145766 ], [ -117.039935999840864, 47.471800999173517 ], [ -117.039928999861473, 47.471037999059305 ], [ -117.039923000674221, 47.470285999092603 ], [ -117.039914001142307, 47.469917998644853 ], [ -117.039916999886344, 47.469559999208066 ], [ -117.039910999326764, 47.468801998968104 ], [ -117.039902000062227, 47.467758999244239 ], [ -117.039890000014722, 47.466348999428455 ], [ -117.039885999888, 47.465782998991536 ], [ -117.039880000500247, 47.465048998869385 ], [ -117.03987199949465, 47.464165999287573 ], [ -117.03986799983663, 47.463687999659875 ], [ -117.039854999754112, 47.463403999268365 ], [ -117.039856999574511, 47.462256998752245 ], [ -117.039851999706372, 47.461472999505311 ], [ -117.039839999970681, 47.459841998724507 ], [ -117.039823000288678, 47.457568998972739 ], [ -117.039811000393655, 47.456346998636313 ], [ -117.039807000417184, 47.455447999113133 ], [ -117.039798999932302, 47.454339999344789 ], [ -117.039806999139586, 47.450988998775941 ], [ -117.039819999767516, 47.449402999637243 ], [ -117.039822000749751, 47.447298999409107 ], [ -117.039818000767596, 47.445672999083556 ], [ -117.039810998993403, 47.443346998870638 ], [ -117.039805999763942, 47.441668999249444 ], [ -117.039817000033551, 47.437337999199293 ], [ -117.039819000357454, 47.437185999006346 ], [ -117.03982200041078, 47.436868999296081 ], [ -117.039833999980146, 47.436203999135003 ], [ -117.039855999084565, 47.434895999424853 ], [ -117.039783999387481, 47.434877999336415 ], [ -117.039782000544633, 47.4325259987341 ], [ -117.039780999644236, 47.431779999347462 ], [ -117.039780999401387, 47.431329999014203 ], [ -117.039779000026215, 47.429076998424847 ], [ -117.039777999564151, 47.427794999136317 ], [ -117.039776000485432, 47.425833999260846 ], [ -117.039770999893165, 47.419873998835328 ], [ -117.039765999391278, 47.413974998803539 ], [ -117.039765999707427, 47.413799998892557 ], [ -117.039765999142688, 47.413621999289077 ], [ -117.039764999951558, 47.413407999092186 ], [ -117.039762999855043, 47.41254299955326 ] ] ] } },
{ "type": "Feature", "properties": { "DISTRICT": "Whatcom County District 4", "OFFICE": "County Commissioner District 4", "JURISDICTION": "County Council", "RACE": "Whatcom County District 4 County Commissioner District 4", "Name_1": "Paul Burrill", "Party_1": "None_1", "Votes_1": "2,566", "Name_2": "Tor Benson", "Party_2": "None_2", "Votes_2": "2,060", "Name_3": "Samantha Cruz-Mendoza", "Party_3": "None_3", "Votes_3": "1,517", "Name_4": "Tim Chartier", "Party_4": "None_4", "Votes_4": "963", "Name_5": "Jaden McConnell", "Party_5": "None_5", "Votes_5": "732", "Name_6": "Dean Berkeley", "Party_6": "None_6", "Votes_6": "480", "Name_7": "Write-In", "Party_7": "None_7", "Votes_7": "33", "Votes_total": "8,351", "Pct_1": 30.73, "Pct_2": 24.67, "Pct_3": 18.17, "Pct_4": 11.53, "Pct_5": 8.77, "Pct_6": 5.75, "Pct_7": 0.4, "Margin": 6.06 }, "geometry": { "type": "MultiPolygon", "coordinates": [ [ [ [ -122.518027013999983, 48.780532468000047 ], [ -122.518026559999953, 48.780367984000065 ], [ -122.518023824999943, 48.779546124000035 ], [ -122.518020755999942, 48.778724265000051 ], [ -122.518020547999981, 48.778657141000053 ], [ -122.518017440999984, 48.777738190000036 ], [ -122.518015304999949, 48.776915781000071 ], [ -122.518017510999982, 48.776751217000026 ], [ -122.518016736999982, 48.776239415000077 ], [ -122.518015599999956, 48.775929640000072 ], [ -122.518014457, 48.775707320000038 ], [ -122.518013486999962, 48.775490207000075 ], [ -122.518012586999987, 48.775225114000079 ], [ -122.518011178999984, 48.77486956100006 ], [ -122.518010119999985, 48.774624759000062 ], [ -122.518009501, 48.774405720000061 ], [ -122.518008278999957, 48.77419354500006 ], [ -122.51800738999998, 48.773978897000063 ], [ -122.518006727999989, 48.773771100000033 ], [ -122.518005993999964, 48.77356111000006 ], [ -122.518005382999945, 48.773438202000079 ], [ -122.518004918999964, 48.77335331900008 ], [ -122.518004277999978, 48.773121122000077 ], [ -122.518003368, 48.772893314000044 ], [ -122.518002234, 48.772671268000067 ], [ -122.518001508999987, 48.772461552000038 ], [ -122.518000293999989, 48.77223704000005 ], [ -122.517999295999971, 48.772019103000048 ], [ -122.517998885999987, 48.771806368000057 ], [ -122.517997757999979, 48.771609543000068 ], [ -122.517996920999963, 48.771383928000034 ], [ -122.517996463999964, 48.771207381000067 ], [ -122.517998354999975, 48.771031451000056 ], [ -122.518000092999955, 48.770869609000044 ], [ -122.51211843699997, 48.76976572600006 ], [ -122.511950270999989, 48.76976495100007 ], [ -122.51147444999998, 48.769761921000054 ], [ -122.511242941999967, 48.769760529000052 ], [ -122.511155588999941, 48.769760258000076 ], [ -122.508578690999968, 48.769748010000058 ], [ -122.507968518999974, 48.769745275000048 ], [ -122.507969560999982, 48.769497836000028 ], [ -122.507975868999949, 48.768320729000038 ], [ -122.509856078999974, 48.768325485000048 ], [ -122.511363782999979, 48.768329276000031 ], [ -122.512982600999976, 48.768332748000034 ], [ -122.513009198999953, 48.768314974000077 ], [ -122.512693357999979, 48.768167578000032 ], [ -122.512134396999954, 48.767906728000071 ], [ -122.512642618999962, 48.767032286000074 ], [ -122.513041508999947, 48.76634593700004 ], [ -122.513948317999962, 48.765812857000071 ], [ -122.515335209999989, 48.766223598000067 ], [ -122.515735744999972, 48.765564034000079 ], [ -122.515966865999985, 48.765183733000072 ], [ -122.516369183999984, 48.764521048000063 ], [ -122.516260827999986, 48.764478912000072 ], [ -122.51561561699998, 48.764239458000077 ], [ -122.515597032999949, 48.764270127000032 ], [ -122.515372304999971, 48.764184269000054 ], [ -122.515159343999983, 48.764102903000037 ], [ -122.514924922999967, 48.764023501000054 ], [ -122.514713541999981, 48.763951711000061 ], [ -122.514470755, 48.763869814000032 ], [ -122.514270292999981, 48.76380294300003 ], [ -122.514020122999966, 48.763724310000043 ], [ -122.513814569999965, 48.763660037000079 ], [ -122.513564745999986, 48.763583405000077 ], [ -122.513353675999952, 48.763521202000049 ], [ -122.512971320999952, 48.763409097000078 ], [ -122.512638703999983, 48.763307525000073 ], [ -122.512295208999944, 48.763202549000027 ], [ -122.511866231999988, 48.763071657000069 ], [ -122.511370691999957, 48.762920377000057 ], [ -122.511144157, 48.762854796000056 ], [ -122.511084044999961, 48.762837067000078 ], [ -122.510878809999951, 48.762777630000073 ], [ -122.510287087999984, 48.76260588100007 ], [ -122.510245221, 48.762669266000046 ], [ -122.510191642999985, 48.762654136000037 ], [ -122.509382809999977, 48.762419445000035 ], [ -122.509907520999946, 48.761870180000074 ], [ -122.511257128615327, 48.760671812918531 ], [ -122.511535433456658, 48.760459504781963 ], [ -122.511642220848898, 48.760514904414919 ], [ -122.511874272879936, 48.760634639295823 ], [ -122.51217649744197, 48.760371289318059 ], [ -122.512404032868389, 48.76019961917131 ], [ -122.512541864813443, 48.760039394683496 ], [ -122.512609791300065, 48.759960497819989 ], [ -122.512703515140558, 48.759852052912812 ], [ -122.512724825100562, 48.759827033160967 ], [ -122.512878081876039, 48.759931998136395 ], [ -122.513302469886852, 48.76022243376088 ], [ -122.513366771, 48.760270435000052 ], [ -122.513862697999969, 48.760609049000038 ], [ -122.514008542619379, 48.760710770439353 ], [ -122.514014597540253, 48.760867410849464 ], [ -122.51371437573151, 48.76118245220735 ], [ -122.513230850078415, 48.761660882937427 ], [ -122.513198918545243, 48.761692589533993 ], [ -122.512919812793271, 48.761977816976675 ], [ -122.513001400859451, 48.762359715854778 ], [ -122.513169729408006, 48.762666849882436 ], [ -122.513353689329037, 48.762842196505595 ], [ -122.513515768774766, 48.763067917387168 ], [ -122.51352014872387, 48.763074011218997 ], [ -122.513794149039313, 48.763246467234836 ], [ -122.514449891107375, 48.763456661942698 ], [ -122.515170771805131, 48.763636300309621 ], [ -122.515476235310572, 48.763716828658637 ], [ -122.515490132999957, 48.76372189500006 ], [ -122.515875890999951, 48.763936619000049 ], [ -122.516225471999974, 48.764110706000054 ], [ -122.516484291999973, 48.764259390000063 ], [ -122.516722988999959, 48.764378469000064 ], [ -122.516933697999946, 48.764489559000026 ], [ -122.517246784999941, 48.764656180000031 ], [ -122.517590544999962, 48.764817306000054 ], [ -122.518155705999959, 48.765039802000047 ], [ -122.51880003399998, 48.765255880000041 ], [ -122.519463509, 48.765427052000064 ], [ -122.520127964999972, 48.765585011000042 ], [ -122.520655200999954, 48.765684200000067 ], [ -122.520885064999959, 48.765735919000065 ], [ -122.521202622999965, 48.765807367000036 ], [ -122.521644566999953, 48.765931780000074 ], [ -122.521702776999945, 48.765949700000071 ], [ -122.522049088999921, 48.766056316000082 ], [ -122.522641713999931, 48.766256414000033 ], [ -122.523453553999957, 48.766570433 ], [ -122.524234735000022, 48.766889379000091 ], [ -122.524910113999951, 48.767155031000044 ], [ -122.525291522999979, 48.767296891000058 ], [ -122.525691480999939, 48.767456256000095 ], [ -122.526072586999945, 48.767630724000057 ], [ -122.526332494999949, 48.767759430000048 ], [ -122.526528328, 48.767918233000039 ], [ -122.52705852699998, 48.767977765000083 ], [ -122.527562649962718, 48.767970550922307 ], [ -122.527796213789713, 48.768060490970697 ], [ -122.527860424999986, 48.768089013000051 ], [ -122.528109402999988, 48.768205018000053 ], [ -122.528338070264425, 48.768324019337385 ], [ -122.528592750070615, 48.768483928337083 ], [ -122.529122171170755, 48.768893138111558 ], [ -122.529348406396579, 48.76908929054035 ], [ -122.529364575, 48.769502815000052 ], [ -122.529580580999934, 48.769688965000093 ], [ -122.529749948999921, 48.769859744 ], [ -122.529888742999944, 48.770025619000059 ], [ -122.530117791999984, 48.770182022000029 ], [ -122.530289214999954, 48.77039334200002 ], [ -122.530682755, 48.770851470000089 ], [ -122.530867449000013, 48.771061657000068 ], [ -122.531240340999958, 48.771422009000041 ], [ -122.531292923896146, 48.771462715130546 ], [ -122.531309884892821, 48.771486769708524 ], [ -122.531329633409655, 48.771514861039208 ], [ -122.531376811052269, 48.771581875682593 ], [ -122.531551166940488, 48.771734410457171 ], [ -122.531828020918525, 48.771977334893727 ], [ -122.531857054822737, 48.772004240496031 ], [ -122.532250252604641, 48.7723736257566 ], [ -122.532495722200593, 48.77271504115788 ], [ -122.532683711423175, 48.773057435331907 ], [ -122.53279018247224, 48.77355500629573 ], [ -122.532857916160879, 48.773803543280117 ], [ -122.533072667933496, 48.774087937839411 ], [ -122.53310939383752, 48.774121183013776 ], [ -122.533132483000017, 48.774245103000034 ], [ -122.533991090118633, 48.774655691453859 ], [ -122.534351954429127, 48.774853578463187 ], [ -122.534924474568626, 48.775381562586354 ], [ -122.53540474425192, 48.775776509648011 ], [ -122.535877529957531, 48.775979776936978 ], [ -122.536672100442132, 48.776235092826731 ], [ -122.537287172551117, 48.776300417587741 ], [ -122.537453649999975, 48.776373233000079 ], [ -122.537798437999982, 48.776524453000071 ], [ -122.53800654399997, 48.776619603000036 ], [ -122.539938036, 48.776933945000025 ], [ -122.543971835999983, 48.777483638000028 ], [ -122.546218273999955, 48.777626341000023 ], [ -122.547400588, 48.777690911000036 ], [ -122.547803283999926, 48.777712946000086 ], [ -122.548239644999967, 48.777736950000119 ], [ -122.548302388999915, 48.777740138000112 ], [ -122.551733004999988, 48.777927791000096 ], [ -122.552187809999964, 48.777890433000024 ], [ -122.552361403999939, 48.777813251000033 ], [ -122.552777831999933, 48.777817858000063 ], [ -122.553194226999921, 48.777822463000085 ], [ -122.553443045, 48.777825214000046 ], [ -122.554088074, 48.777832344000018 ], [ -122.554367982999963, 48.777835438000096 ], [ -122.554633228999975, 48.777838368000069 ], [ -122.554879038999971, 48.777841083000027 ], [ -122.555110765999956, 48.777867336000071 ], [ -122.555828318999914, 48.777948628000047 ], [ -122.556035749999936, 48.777972128000037 ], [ -122.556561960999957, 48.778031738000081 ], [ -122.557005538999974, 48.778040839000035 ], [ -122.55748624899995, 48.778050700000051 ], [ -122.557961398000018, 48.778060445000058 ], [ -122.558481261999944, 48.778071104000055 ], [ -122.558812534999916, 48.778091567000061 ], [ -122.559143807999973, 48.778112032000067 ], [ -122.559475083000024, 48.778132494000069 ], [ -122.559817445999926, 48.778152743000057 ], [ -122.560381526999976, 48.778284794000058 ], [ -122.560652241999989, 48.778348167000061 ], [ -122.561522122000014, 48.778716243000055 ], [ -122.56208626199998, 48.778954943 ], [ -122.562369986, 48.779074991000073 ], [ -122.56252808499994, 48.779141884000097 ], [ -122.563734633999943, 48.779491417000067 ], [ -122.565023933999953, 48.779937114000084 ], [ -122.565546981999972, 48.780056041000066 ], [ -122.566104199999984, 48.780145215000069 ], [ -122.566103281999986, 48.780146362000075 ], [ -122.566296654, 48.783078288000105 ], [ -122.566281225999973, 48.783078650000043 ], [ -122.567005976, 48.789706898000105 ], [ -122.573588227999977, 48.789724649000064 ], [ -122.573536228999927, 48.793268649000019 ], [ -122.573584228999906, 48.793333649000068 ], [ -122.573735228999965, 48.793386649000105 ], [ -122.57580523, 48.793382649000037 ], [ -122.575815230999936, 48.796976649000044 ], [ -122.576232230999977, 48.796985649000078 ], [ -122.57619023099997, 48.799702649 ], [ -122.576237589999977, 48.80011381 ], [ -122.576236601, 48.800375329000055 ], [ -122.576205185999967, 48.800469166 ], [ -122.576161634, 48.800544269000092 ], [ -122.576090386999965, 48.800629838000063 ], [ -122.573432286999946, 48.803364694000038 ], [ -122.573392561, 48.803530379000051 ], [ -122.573138645999961, 48.803763089000029 ], [ -122.568766411999945, 48.808014932000049 ], [ -122.564703806999944, 48.807982985000081 ], [ -122.564586231999954, 48.80805365100008 ], [ -122.563329231999944, 48.811174651000044 ], [ -122.563119231999963, 48.811237651000056 ], [ -122.562634232, 48.811224651000032 ], [ -122.562538231999952, 48.812039651000077 ], [ -122.562346763, 48.812317853000081 ], [ -122.560815060999971, 48.81322014300008 ], [ -122.56000242999994, 48.813228382000034 ], [ -122.554557231, 48.813131652000038 ], [ -122.554584231999968, 48.814966652000066 ], [ -122.554584638, 48.814968033000071 ], [ -122.551894824999977, 48.814924126000051 ], [ -122.548825177999916, 48.814964978 ], [ -122.546763282999933, 48.814992450000048 ], [ -122.546982415999949, 48.81524385500007 ], [ -122.547134088999968, 48.815386929000091 ], [ -122.547215278999943, 48.815455643000092 ], [ -122.547343683999912, 48.815555194000069 ], [ -122.547434053999922, 48.815619147000035 ], [ -122.54752746099993, 48.815680827000072 ], [ -122.547575178999963, 48.815710967 ], [ -122.547623911, 48.815740412000032 ], [ -122.547673665000033, 48.815769322000023 ], [ -122.547723918000017, 48.815797711000066 ], [ -122.547774666999956, 48.815825407000048 ], [ -122.547826435999966, 48.815852575000072 ], [ -122.547878707000038, 48.815879226000057 ], [ -122.547931992, 48.815905172000072 ], [ -122.547985777999926, 48.815930596000044 ], [ -122.548040058999973, 48.815955327000047 ], [ -122.548095355000015, 48.815979358000085 ], [ -122.54815115300002, 48.816002873000073 ], [ -122.54820744499996, 48.816025691 ], [ -122.548322042000038, 48.816069409000072 ], [ -122.548438623, 48.816110358000088 ], [ -122.548497917999924, 48.816129875000101 ], [ -122.548617469999968, 48.816166673000041 ], [ -122.551288870999926, 48.816907779000076 ], [ -122.551582464999967, 48.816958185000068 ], [ -122.55159430099998, 48.817308207000075 ], [ -122.550528116999956, 48.817289429000034 ], [ -122.550562698999968, 48.81857111600003 ], [ -122.550647992, 48.818920544000079 ], [ -122.550882040000019, 48.818921315000054 ], [ -122.551149079, 48.819184596000078 ], [ -122.552011340000021, 48.820050153000103 ], [ -122.552013839999958, 48.820497895000116 ], [ -122.552023881999986, 48.820508366000091 ], [ -122.552013864999964, 48.820512711 ], [ -122.552015179999984, 48.822264413 ], [ -122.552005838999918, 48.822561386000054 ], [ -122.55200502799994, 48.822676898000019 ], [ -122.552000699999937, 48.824696792000076 ], [ -122.551997580999952, 48.826114485000048 ], [ -122.551997447999938, 48.826140408000064 ], [ -122.551913729999939, 48.826141176000036 ], [ -122.551914467, 48.826196360000075 ], [ -122.551920975, 48.82711258500003 ], [ -122.551927574000018, 48.828018918000062 ], [ -122.55193053, 48.828456515000028 ], [ -122.551933745999989, 48.828908829000063 ], [ -122.551893274999927, 48.828908599000044 ], [ -122.551896812999956, 48.82955286100006 ], [ -122.551898417, 48.829813215000016 ], [ -122.551940154, 48.829813436000038 ], [ -122.552973975, 48.82981528700001 ], [ -122.554763145999971, 48.829824891 ], [ -122.554763512, 48.830104260000027 ], [ -122.554764337999984, 48.830732506000054 ], [ -122.554764736999928, 48.831037092000031 ], [ -122.554765518999901, 48.831631844000036 ], [ -122.553926936999972, 48.83162812900008 ], [ -122.553385151, 48.831625726000063 ], [ -122.553392494999983, 48.833351572000041 ], [ -122.553392467999984, 48.833430981000035 ], [ -122.553391624999961, 48.833513630000027 ], [ -122.55476153799998, 48.833521568000037 ], [ -122.55476122999994, 48.833562674000063 ], [ -122.554758753999977, 48.833892699000046 ], [ -122.55475836, 48.833965185000068 ], [ -122.554755649999947, 48.834360445000073 ], [ -122.554755474999979, 48.834400514000038 ], [ -122.554754792999972, 48.834556086000077 ], [ -122.554753108999989, 48.834748311000055 ], [ -122.554752557999961, 48.83483228800003 ], [ -122.554750362, 48.835167536000029 ], [ -122.554749741999956, 48.835261978000062 ], [ -122.55474908399998, 48.835362291000081 ], [ -122.554747827999961, 48.835554150000064 ], [ -122.554746962999957, 48.835686208000027 ], [ -122.554744768999967, 48.836020856000061 ], [ -122.554744209999967, 48.836106154000049 ], [ -122.554743695999946, 48.836184540000033 ], [ -122.554741766999939, 48.836481456000058 ], [ -122.554741220999972, 48.836565570000062 ], [ -122.554739064999978, 48.836897633000035 ], [ -122.554738373999953, 48.837004041000057 ], [ -122.554737839999973, 48.837086266000028 ], [ -122.555229959999963, 48.837089496000033 ], [ -122.555686660999982, 48.837092488000053 ], [ -122.556039559999988, 48.837094808000074 ], [ -122.556104866999988, 48.837095235000049 ], [ -122.556100414999946, 48.837711725000077 ], [ -122.556095348999975, 48.838440227000035 ], [ -122.55609202, 48.838918546000059 ], [ -122.557459090999942, 48.838930765000043 ], [ -122.557455345999983, 48.839387371000043 ], [ -122.557451600999968, 48.839844063000044 ], [ -122.557447855999953, 48.840300787000047 ], [ -122.557444109999949, 48.840757504000067 ], [ -122.558190396999976, 48.840764583000066 ], [ -122.558341453999958, 48.84322336300005 ], [ -122.558357900999965, 48.843523749000042 ], [ -122.558372175999978, 48.843784492000054 ], [ -122.558377766999968, 48.843886603000044 ], [ -122.558396480999988, 48.844228446000045 ], [ -122.558552814, 48.844547496000075 ], [ -122.558675490999974, 48.844797915000072 ], [ -122.558716322999942, 48.844881268000051 ], [ -122.558790349999981, 48.845032375000073 ], [ -122.558871507999982, 48.845198051000068 ], [ -122.558952795999971, 48.845366297000055 ], [ -122.559108635999962, 48.84568207600006 ], [ -122.559169404999977, 48.845841715000063 ], [ -122.559235517, 48.845830238000076 ], [ -122.559353492999946, 48.845812799000043 ], [ -122.559473229999981, 48.845801765000033 ], [ -122.559593932999974, 48.845797214000072 ], [ -122.55971479599998, 48.845799173000046 ], [ -122.559835013999987, 48.845807631000071 ], [ -122.559953786, 48.845822530000078 ], [ -122.56007032399998, 48.84584377200008 ], [ -122.560183847999951, 48.845871215000045 ], [ -122.56029360399998, 48.845904677000078 ], [ -122.560394420999955, 48.845942124000032 ], [ -122.560490502999983, 48.845984649000059 ], [ -122.560581264999939, 48.846031993000054 ], [ -122.561854770999958, 48.84683009500003 ], [ -122.56184405099998, 48.848042932000055 ], [ -122.562746469999979, 48.848053032000053 ], [ -122.562834711, 48.848054020000063 ], [ -122.56326884799995, 48.84836359500008 ], [ -122.563281398999948, 48.848372575000042 ], [ -122.563308700999983, 48.848392104000027 ], [ -122.563501468999959, 48.848530018000076 ], [ -122.563572882999949, 48.848581114000069 ], [ -122.563689757999953, 48.848664730000053 ], [ -122.563742952999974, 48.848702791000051 ], [ -122.563758005999944, 48.848713549000081 ], [ -122.563765174999958, 48.848718475000055 ], [ -122.564005415999986, 48.848883150000063 ], [ -122.564077489999988, 48.848932552000065 ], [ -122.564129894999951, 48.848968469000056 ], [ -122.564150581999968, 48.848982013000068 ], [ -122.564378703999978, 48.849131319000037 ], [ -122.564516865999963, 48.849214546000042 ], [ -122.564758550999954, 48.849315367000031 ], [ -122.564875003999987, 48.849363948000075 ], [ -122.564923069999963, 48.849383995000039 ], [ -122.565102645999957, 48.849458907000042 ], [ -122.565137584999945, 48.849473161000049 ], [ -122.56520930399995, 48.849502420000078 ], [ -122.56526791999994, 48.84952633000006 ], [ -122.565349723999987, 48.849558191000028 ], [ -122.565455163999957, 48.84959817400005 ], [ -122.565598496999939, 48.849642918000029 ], [ -122.565828546999967, 48.849717621000082 ], [ -122.565830245999962, 48.849718173000042 ], [ -122.565943004999951, 48.849759406000032 ], [ -122.566033284999946, 48.849785016000055 ], [ -122.566118272999972, 48.849809118000053 ], [ -122.566180939999981, 48.849825440000075 ], [ -122.566215753, 48.849834507000025 ], [ -122.56629574599998, 48.849855330000025 ], [ -122.566488211999967, 48.849900907000062 ], [ -122.56665994399998, 48.849927648000062 ], [ -122.566807517999962, 48.849965994000058 ], [ -122.56700172099994, 48.850000007000062 ], [ -122.56718164199998, 48.850027648000037 ], [ -122.567210454999952, 48.850031469000044 ], [ -122.567381319999981, 48.850054115000034 ], [ -122.567439484999966, 48.850059950000059 ], [ -122.567772115999958, 48.850093308000055 ], [ -122.567816363999953, 48.850095243000055 ], [ -122.568045074999986, 48.85010525000007 ], [ -122.568110278999939, 48.850108034000073 ], [ -122.568119348999971, 48.849669447000053 ], [ -122.568139342, 48.848702683000056 ], [ -122.568915834, 48.84871113500003 ], [ -122.571301620999975, 48.848740884000051 ], [ -122.571137680999982, 48.848950135000052 ], [ -122.571079059999988, 48.849062588000038 ], [ -122.570993598999962, 48.84922651100004 ], [ -122.570817960999989, 48.849297481000065 ], [ -122.570676133999939, 48.849507671000026 ], [ -122.570724230999986, 48.849609108000038 ], [ -122.570548536, 48.850075676000074 ], [ -122.570656734999943, 48.850188705000051 ], [ -122.570744570999977, 48.850280307000048 ], [ -122.570840638, 48.850323590000073 ], [ -122.571037433999948, 48.850320774000068 ], [ -122.571237420999978, 48.850436425000055 ], [ -122.571551939999949, 48.850529817000051 ], [ -122.571636231999946, 48.850690383000028 ], [ -122.571796891999952, 48.851375484000073 ], [ -122.571729537999943, 48.852106071000037 ], [ -122.571805894999954, 48.852545582000062 ], [ -122.572069407999948, 48.852937416000032 ], [ -122.573178028999962, 48.853291410000054 ], [ -122.573462985999981, 48.853449431000058 ], [ -122.573503897999956, 48.851809175000028 ], [ -122.573699887999965, 48.851809538000055 ], [ -122.573756577999973, 48.85181011700007 ], [ -122.579173266999987, 48.851862543000038 ], [ -122.580317714999978, 48.851872098000058 ], [ -122.582349094999984, 48.853940025000043 ], [ -122.58266875299995, 48.854265972000064 ], [ -122.582850149999956, 48.854450935000045 ], [ -122.582204549999972, 48.854776119000064 ], [ -122.581170421999957, 48.855154413000037 ], [ -122.580144237999946, 48.855480467000064 ], [ -122.579794227999969, 48.855579189000082 ], [ -122.579670977999967, 48.855620076000037 ], [ -122.579504499, 48.85567056900004 ], [ -122.579170864, 48.855782893000026 ], [ -122.578595453, 48.856016594000039 ], [ -122.577813399999968, 48.85637815900003 ], [ -122.577102073, 48.856836933000068 ], [ -122.57625438499997, 48.857392297000047 ], [ -122.575923075999981, 48.857592342000032 ], [ -122.575240865999945, 48.857943810000052 ], [ -122.575094538999963, 48.858002358000078 ], [ -122.575112763, 48.859134960000063 ], [ -122.577009763999968, 48.859152265000034 ], [ -122.579084981999983, 48.859171160000074 ], [ -122.579079767999986, 48.859399812000049 ], [ -122.57904713399995, 48.85942742900005 ], [ -122.578952308999988, 48.859470256000066 ], [ -122.578819878, 48.859552199000063 ], [ -122.578671085999986, 48.859672590000059 ], [ -122.578544181999973, 48.859775271000046 ], [ -122.577741643999957, 48.860703311000066 ], [ -122.577295147999962, 48.861121086000026 ], [ -122.576114459999985, 48.862155365000035 ], [ -122.575074132999987, 48.86240882900006 ], [ -122.575069986999949, 48.862850291000029 ], [ -122.575150061999977, 48.862851586000033 ], [ -122.576296424999953, 48.862870495000038 ], [ -122.57671169799994, 48.862877341000058 ], [ -122.57693100399996, 48.862880957000073 ], [ -122.579013649999979, 48.862915262000058 ], [ -122.578982264, 48.864030581000065 ], [ -122.578977896999959, 48.864192439000078 ], [ -122.578950891999966, 48.864876997000067 ], [ -122.578915280999979, 48.866410750000057 ], [ -122.578864658999976, 48.868213367000067 ], [ -122.578863838999951, 48.868242179000049 ], [ -122.578816683999946, 48.869970666000029 ], [ -122.578815197999972, 48.87003923900005 ], [ -122.578813715999956, 48.870107689000065 ], [ -122.578798900999971, 48.870730600000059 ], [ -122.578793455999971, 48.870936001000075 ], [ -122.578782569999987, 48.871346721000066 ], [ -122.578763805, 48.871834572000068 ], [ -122.57875017899994, 48.872223277000046 ], [ -122.578734634999989, 48.872744313000055 ], [ -122.578724005999959, 48.873100610000051 ], [ -122.578720579999981, 48.87318425400008 ], [ -122.57870788799994, 48.873648901000081 ], [ -122.578704100999971, 48.873787506000042 ], [ -122.578699111999981, 48.873970176000057 ], [ -122.578693123, 48.874189400000034 ], [ -122.578685638999957, 48.874463433000074 ], [ -122.57867964999997, 48.874682657000051 ], [ -122.578673661999972, 48.874901882000074 ], [ -122.578666175999956, 48.875175913000078 ], [ -122.578659191999975, 48.875431612000057 ], [ -122.578610094999988, 48.877167006000036 ], [ -122.578608728999939, 48.877248388000055 ], [ -122.578608064999969, 48.877331600000048 ], [ -122.579978430999972, 48.877339066000047 ], [ -122.580464418999952, 48.877341711000042 ], [ -122.580892614999982, 48.877344039000036 ], [ -122.58135215599998, 48.877346540000076 ], [ -122.581344404, 48.877785029000052 ], [ -122.581337616999974, 48.878168930000072 ], [ -122.581322605999958, 48.879018038000027 ], [ -122.581305289999989, 48.879997408000065 ], [ -122.581388394999976, 48.879997977000073 ], [ -122.58166695999995, 48.879999883000039 ], [ -122.581978602, 48.88000201400007 ], [ -122.582290242999989, 48.880004145000044 ], [ -122.582601883999985, 48.880006274000039 ], [ -122.58291352599997, 48.880008403000033 ], [ -122.583225166999966, 48.880010532000028 ], [ -122.583536809999941, 48.880012659000045 ], [ -122.583785875, 48.880014358000039 ], [ -122.583848618, 48.88001478700005 ], [ -122.583952082999986, 48.880015492000041 ], [ -122.584078016999968, 48.880016061000049 ], [ -122.584200476999968, 48.880016888000057 ], [ -122.584232577999956, 48.87896519800006 ], [ -122.584401874999969, 48.879356463000079 ], [ -122.584467158999985, 48.87948736900006 ], [ -122.584581682999954, 48.879698093000059 ], [ -122.584670850999942, 48.879848673000026 ], [ -122.584777767999981, 48.880016655000077 ], [ -122.584972656, 48.880294630000037 ], [ -122.585255145999952, 48.880648438000037 ], [ -122.585475847999987, 48.880894178000062 ], [ -122.585886951999953, 48.881298116000039 ], [ -122.586130027999957, 48.881510699000046 ], [ -122.586427757999957, 48.881749577000051 ], [ -122.58689120799994, 48.882082166000032 ], [ -122.587277363999988, 48.882328668000071 ], [ -122.587622652999983, 48.88252895100004 ], [ -122.588028492999968, 48.882742977000078 ], [ -122.58818189699997, 48.882825192000041 ], [ -122.588194890999944, 48.88449922500007 ], [ -122.588207024999974, 48.884663800000055 ], [ -122.588231233999977, 48.885083094000038 ], [ -122.588303316999941, 48.885521502000074 ], [ -122.588403318999951, 48.885885187000042 ], [ -122.588587443999984, 48.886356110000065 ], [ -122.588814015999958, 48.886788386000035 ], [ -122.589062303999981, 48.887168185000064 ], [ -122.589338066999971, 48.887520834000043 ], [ -122.589340277999952, 48.888220407000063 ], [ -122.589258154999982, 48.891137118000074 ], [ -122.589257538999959, 48.891158979000068 ], [ -122.589241382999944, 48.891732758000046 ], [ -122.589239067999983, 48.891814982000028 ], [ -122.589236966999977, 48.891897201000063 ], [ -122.589210197999989, 48.894112435000068 ], [ -122.592501845999948, 48.894135381000069 ], [ -122.59249089399998, 48.895261045000041 ], [ -122.594661921999943, 48.895282542000075 ], [ -122.594674941, 48.894853450000028 ], [ -122.59591758, 48.894845428000053 ], [ -122.598615925999979, 48.894830722000052 ], [ -122.599691232999987, 48.894833754000047 ], [ -122.600189651, 48.895358587000032 ], [ -122.600210515999947, 48.894699303000039 ], [ -122.602292606, 48.89467172600007 ], [ -122.60575068299994, 48.896766350000064 ], [ -122.605742189999944, 48.896449406000045 ], [ -122.605753248999974, 48.895575683000061 ], [ -122.605769824999982, 48.894449448000046 ], [ -122.60577111799995, 48.894107164000047 ], [ -122.592808862999959, 48.885449643000072 ], [ -122.591867439999987, 48.884732438000071 ], [ -122.592523780999954, 48.88473958000003 ], [ -122.592582292999964, 48.884740065000074 ], [ -122.594434855999964, 48.884754757000053 ], [ -122.595029213999965, 48.884760349000032 ], [ -122.595159957999954, 48.884758948000069 ], [ -122.595160342999975, 48.884667819000072 ], [ -122.595159351999939, 48.884622061000073 ], [ -122.595214436, 48.882851059000075 ], [ -122.595270976, 48.881049906000044 ], [ -122.595298183999944, 48.880188578000059 ], [ -122.595328331999951, 48.879230025000027 ], [ -122.595356860999971, 48.878322948000061 ], [ -122.595383413999969, 48.877478673000041 ], [ -122.595379446999971, 48.877369049000038 ], [ -122.595382605999987, 48.877300752000053 ], [ -122.595459544999983, 48.875638090000052 ], [ -122.595490990999963, 48.87503786700006 ], [ -122.595519842999977, 48.874487147000082 ], [ -122.595522811999956, 48.874430473000075 ], [ -122.595560409999962, 48.873810153000079 ], [ -122.59559728499994, 48.872904800000072 ], [ -122.595618018999971, 48.872394518000078 ], [ -122.595659595999962, 48.872393813000031 ], [ -122.595676606999973, 48.871998881000081 ], [ -122.595708394999974, 48.871196632000078 ], [ -122.595666664999953, 48.871197294000069 ], [ -122.595670970999947, 48.871091321000051 ], [ -122.59568087599996, 48.870436669000071 ], [ -122.595743487999982, 48.870435536000059 ], [ -122.595746648999977, 48.870181259000049 ], [ -122.598308175999989, 48.870154624000065 ], [ -122.601032694999958, 48.870104907000041 ], [ -122.601039686999968, 48.869899455000052 ], [ -122.601630909, 48.869896807000032 ], [ -122.601721866999981, 48.869898284000044 ], [ -122.602015625999968, 48.869791809000048 ], [ -122.602095678999945, 48.869761329000028 ], [ -122.602368609999985, 48.869706106000081 ], [ -122.602542820999986, 48.869704573000035 ], [ -122.602737441999977, 48.869642986000031 ], [ -122.602901480999947, 48.869593232000057 ], [ -122.603130971999974, 48.869633388000068 ], [ -122.603310839999949, 48.86948361900005 ], [ -122.603380167999944, 48.869451029000061 ], [ -122.603434086, 48.869397268000057 ], [ -122.603656337999951, 48.869357008000065 ], [ -122.604019906999952, 48.869287907000057 ], [ -122.604356824999968, 48.869235226000058 ], [ -122.604652745999942, 48.869123909000052 ], [ -122.604959703999953, 48.869061895000073 ], [ -122.605631685999981, 48.869345116000034 ], [ -122.605779506999966, 48.869301461000077 ], [ -122.606098255999939, 48.869010031000073 ], [ -122.60623682, 48.868891427000051 ], [ -122.606323313999951, 48.868828862000044 ], [ -122.606489157999988, 48.868708899000069 ], [ -122.606493198999942, 48.868499623000048 ], [ -122.606597911999984, 48.868498479000039 ], [ -122.606711627999971, 48.868497236000053 ], [ -122.607125040999961, 48.868492719000074 ], [ -122.607267564999972, 48.868491161000065 ], [ -122.607550563999951, 48.868488067000044 ], [ -122.608080401, 48.868482272000051 ], [ -122.60903634899995, 48.86847554600007 ], [ -122.609035184, 48.868614586000035 ], [ -122.609032451999951, 48.868833016000053 ], [ -122.609029716999942, 48.86905144800005 ], [ -122.609017978999987, 48.869990882000081 ], [ -122.606860089999941, 48.870014612000034 ], [ -122.606857161, 48.870059876000028 ], [ -122.60942324399997, 48.870031650000044 ], [ -122.610264041999983, 48.870022389000042 ], [ -122.611759316999951, 48.870005909000042 ], [ -122.611763511, 48.869668581000042 ], [ -122.611767616999941, 48.869338375000041 ], [ -122.61177136799995, 48.869132837000052 ], [ -122.611771803999943, 48.869079566000039 ], [ -122.611773663999941, 48.868852900000036 ], [ -122.611774687999969, 48.868770681000058 ], [ -122.61177571199994, 48.868688460000044 ], [ -122.611779254999988, 48.868403430000058 ], [ -122.611782378999976, 48.868151314000045 ], [ -122.612357107999969, 48.868145006000077 ], [ -122.612615932999972, 48.86814212400003 ], [ -122.612999058999947, 48.868137888000035 ], [ -122.613684638999985, 48.868130334000057 ], [ -122.613933881999969, 48.868127582000056 ], [ -122.614423503999944, 48.868122177000032 ], [ -122.616606690999959, 48.86809792400004 ], [ -122.616675018999956, 48.868098280000027 ], [ -122.616621229999964, 48.873561281000036 ], [ -122.616585674999953, 48.877170762000048 ], [ -122.61658334699996, 48.884468062000053 ], [ -122.61658319199995, 48.88451890500005 ], [ -122.616574832999959, 48.887257659000056 ], [ -122.616574007999986, 48.887527969000075 ], [ -122.616571871999952, 48.88780922400008 ], [ -122.616572217999988, 48.888114604000066 ], [ -122.616571715999953, 48.888279047000026 ], [ -122.616568355999959, 48.88938084800003 ], [ -122.616566023999951, 48.890144773000031 ], [ -122.61656527599996, 48.890388894000068 ], [ -122.616564425999968, 48.890667918000076 ], [ -122.616562932999955, 48.89115705100005 ], [ -122.616561292999961, 48.891694115000064 ], [ -122.616560161999985, 48.891829652000069 ], [ -122.616445259999978, 48.90082702400008 ], [ -122.616411338999967, 48.90426973700005 ], [ -122.616391958999941, 48.906254804000071 ], [ -122.616516688, 48.90625417900003 ], [ -122.619238418999942, 48.906240499000035 ], [ -122.619537950999984, 48.906238990000077 ], [ -122.622951411999964, 48.908669459000066 ], [ -122.625760064999952, 48.910829937000074 ], [ -122.627500063999946, 48.912499938000053 ], [ -122.628760065, 48.913989938000043 ], [ -122.629340064999951, 48.914669938000031 ], [ -122.63116006499996, 48.916829938000035 ], [ -122.632800064999969, 48.918749938000076 ], [ -122.634269271999983, 48.920212648000074 ], [ -122.635192272999973, 48.921024648000071 ], [ -122.636660064999944, 48.922179938000056 ], [ -122.641891274999978, 48.925614648000078 ], [ -122.643087274999971, 48.926354648000029 ], [ -122.644315275999986, 48.927038648000064 ], [ -122.649430063999944, 48.929559938000068 ], [ -122.651947660999951, 48.930771642000082 ], [ -122.657583279999983, 48.933439646000068 ], [ -122.664394690999984, 48.936861071000067 ], [ -122.664714281999977, 48.936979646000054 ], [ -122.665547281999977, 48.937451646000056 ], [ -122.667394282999965, 48.938578645000064 ], [ -122.67003828299994, 48.940327645000082 ], [ -122.674679534999939, 48.94345829100007 ], [ -122.682098287999963, 48.948342644000036 ], [ -122.684508887, 48.949957340000026 ], [ -122.684172638999939, 48.94996085300005 ], [ -122.684508953999966, 48.949957384000072 ], [ -122.686745288999987, 48.951431644000081 ], [ -122.689091289999965, 48.952992644000062 ], [ -122.690263289999962, 48.953744644000039 ], [ -122.695495952999977, 48.957269437000036 ], [ -122.69656029199993, 48.957979643000058 ], [ -122.698724292999927, 48.959423643000079 ], [ -122.701236293999941, 48.96103864300003 ], [ -122.706177295000018, 48.963871642000043 ], [ -122.707531295999956, 48.964654642 ], [ -122.711320297000029, 48.966781642000036 ], [ -122.712233296999983, 48.967276642000044 ], [ -122.713729297999947, 48.968147642000083 ], [ -122.715478297999979, 48.969139641 ], [ -122.716974298999943, 48.970022641000057 ], [ -122.718000299000011, 48.970765641000071 ], [ -122.718781298999971, 48.971375641000094 ], [ -122.719518339522892, 48.971986636327784 ], [ -122.71945809081717, 48.97203095617288 ], [ -122.719207946211853, 48.972142099372164 ], [ -122.718999618542526, 48.972136369967963 ], [ -122.718741715208822, 48.97218772503188 ], [ -122.718451898248489, 48.972259188192439 ], [ -122.717985887929316, 48.972261314122605 ], [ -122.71747550738182, 48.972235490120084 ], [ -122.717066913069132, 48.972132435664236 ], [ -122.716791320430659, 48.972013219973206 ], [ -122.716423969409007, 48.971925838231769 ], [ -122.716114513309975, 48.971878482415271 ], [ -122.715723574124709, 48.971884347590823 ], [ -122.715272945811904, 48.971941997009658 ], [ -122.714840671286353, 48.972015403775082 ], [ -122.7145928155267, 48.97207067360096 ], [ -122.714332575955282, 48.972042950940292 ], [ -122.714040835512648, 48.971874367886457 ], [ -122.713755242004268, 48.971715604651024 ], [ -122.713539018135393, 48.971634324980428 ], [ -122.713330852128749, 48.971717625520803 ], [ -122.71299916960298, 48.971856634489555 ], [ -122.712749496044125, 48.971918098377735 ], [ -122.712457862877997, 48.971886157152973 ], [ -122.712106191431587, 48.97183682836932 ], [ -122.711739167189805, 48.971854567486602 ], [ -122.711373958853585, 48.971890419656106 ], [ -122.710975275942374, 48.971995386309047 ], [ -122.710904745486303, 48.972037098584671 ], [ -122.710751010286614, 48.972128293807806 ], [ -122.710560981502155, 48.972271188048794 ], [ -122.710552004170012, 48.972280257710452 ], [ -122.710527049310883, 48.972305032976308 ], [ -122.710362368511952, 48.972408073319514 ], [ -122.710348824164342, 48.972480927714329 ], [ -122.71033062566849, 48.972578867630283 ], [ -122.710346408109274, 48.972656317760041 ], [ -122.710596349725336, 48.972588689795479 ], [ -122.71102102828813, 48.972495576053589 ], [ -122.711537038289094, 48.972519266090451 ], [ -122.711896126387657, 48.972547224306574 ], [ -122.712229677426663, 48.972610586866139 ], [ -122.712513085321191, 48.972620420652589 ], [ -122.712896335429292, 48.972592790598739 ], [ -122.713195990710759, 48.972568761409072 ], [ -122.713412292699147, 48.972590791709742 ], [ -122.713439868867724, 48.972749529359106 ], [ -122.713257430337862, 48.972936122659156 ], [ -122.713217503323108, 48.9731344659276 ], [ -122.713344745823164, 48.973336912027676 ], [ -122.713521017800375, 48.973566876223487 ], [ -122.713679641397221, 48.973687921249493 ], [ -122.713721429798923, 48.973691943429891 ], [ -122.713794527914004, 48.973612851117743 ], [ -122.71383879079508, 48.973565113172796 ], [ -122.713745131126174, 48.973418213305948 ], [ -122.713644415245028, 48.973215619858642 ], [ -122.713667876690408, 48.973082651086969 ], [ -122.713808775253455, 48.97299545647553 ], [ -122.713965893397102, 48.972983645827171 ], [ -122.714134396404418, 48.97310450496088 ], [ -122.714284887362865, 48.973217822956407 ], [ -122.714384337862285, 48.973207762702927 ], [ -122.714340750352633, 48.973027403749327 ], [ -122.714281158072808, 48.972801102861133 ], [ -122.714346317752742, 48.972670102731257 ], [ -122.714588930778433, 48.972564931066742 ], [ -122.71477908052232, 48.972547031970329 ], [ -122.714987571642538, 48.972568861399431 ], [ -122.715211770130239, 48.97249553540744 ], [ -122.715469612351782, 48.97241816210019 ], [ -122.715685748033721, 48.972424095686755 ], [ -122.7159198985633, 48.972449900854528 ], [ -122.716227650478288, 48.972481535503945 ], [ -122.716461569539405, 48.97256282543276 ], [ -122.716830799729422, 48.972682021249256 ], [ -122.717221570162934, 48.972757321859227 ], [ -122.717614590874931, 48.972751416122215 ], [ -122.717989783365368, 48.972717754610159 ], [ -122.718237776906363, 48.972677888750752 ], [ -122.718538999925272, 48.972654156852954 ], [ -122.71887824687694, 48.972582802550448 ], [ -122.719253747323179, 48.972568654406054 ], [ -122.719654386282997, 48.972497530270516 ], [ -122.719998635530374, 48.972384794376559 ], [ -122.720302969999935, 48.972637083000016 ], [ -122.720304343999956, 48.972637954000085 ], [ -122.720317419999972, 48.973082054000059 ], [ -122.720311549999934, 48.97331129400002 ], [ -122.720282765999954, 48.974435670000062 ], [ -122.720279974, 48.974544757000025 ], [ -122.720255058999967, 48.975518487000038 ], [ -122.720225770999946, 48.976663004000052 ], [ -122.720166716000037, 48.978986843000037 ], [ -122.720166012999968, 48.979014480000018 ], [ -122.720163915999976, 48.979096911000084 ], [ -122.719636301999927, 48.979062641 ], [ -122.717212300999918, 48.979015642000022 ], [ -122.716063300999977, 48.97899364200007 ], [ -122.713129300999952, 48.978979642000063 ], [ -122.712078299999945, 48.978974642 ], [ -122.709195299999976, 48.978950643000061 ], [ -122.706030298999934, 48.978926643000122 ], [ -122.703804298999955, 48.978927643000112 ], [ -122.700218299, 48.978929644000104 ], [ -122.696371298000017, 48.978930644000094 ], [ -122.694903297999971, 48.978931644000092 ], [ -122.68879129699998, 48.978882645000034 ], [ -122.688232296999914, 48.978861645000073 ], [ -122.68603429599996, 48.978864645000051 ], [ -122.684675295999952, 48.978866645000039 ], [ -122.682731295999957, 48.978868646000116 ], [ -122.681860296000011, 48.978869646000113 ], [ -122.676388294999953, 48.978877646000065 ], [ -122.674950294, 48.978879646000053 ], [ -122.671899293999971, 48.978866647000039 ], [ -122.670559293999943, 48.978695647000016 ], [ -122.668040292999976, 48.978538647000079 ], [ -122.667171292999925, 48.978484647000052 ], [ -122.665781292999938, 48.97843364700001 ], [ -122.665544292999954, 48.978449648 ], [ -122.664387292999976, 48.978765648000035 ], [ -122.664059293, 48.978809648000031 ], [ -122.66172129200001, 48.97883464800006 ], [ -122.660370291999968, 48.978843648000094 ], [ -122.660098292000015, 48.978837648000038 ], [ -122.659913291999899, 48.978850648000048 ], [ -122.659826605, 48.978910600000034 ], [ -122.659829153999951, 48.982433367000098 ], [ -122.659829162999955, 48.982445664000053 ], [ -122.65983177, 48.986047594000091 ], [ -122.659834339999932, 48.98964460500008 ], [ -122.659837105, 48.993514746000109 ], [ -122.659712156999959, 48.993507410000035 ], [ -122.658812940999979, 48.993500885000032 ], [ -122.65569367499991, 48.993466418000018 ], [ -122.655695921999921, 48.993554649000039 ], [ -122.655697721999971, 48.993637830000083 ], [ -122.655706988999938, 48.995359759000088 ], [ -122.655725984999918, 48.996261963000045 ], [ -122.655732189, 48.997163713000049 ], [ -122.655742614999966, 48.998064784000086 ], [ -122.655753037999929, 48.99896585300003 ], [ -122.65577285199997, 49.000679052000031 ], [ -122.655773786999958, 49.000769722000072 ], [ -122.655805616999928, 49.002142290000037 ], [ -122.650295296, 49.002146242 ], [ -122.644784972999972, 49.002149934000052 ], [ -122.639276706999937, 49.002154196000049 ], [ -122.633388559999915, 49.002156669000072 ], [ -122.628347428, 49.002159002 ], [ -122.626060958, 49.0021601810001 ], [ -122.623988680999943, 49.002161210000097 ], [ -122.622802493000037, 49.002151070000053 ], [ -122.621061126999933, 49.002150973000049 ], [ -122.619300234999983, 49.002150847000038 ], [ -122.617266039999976, 49.00215067000002 ], [ -122.615644743999951, 49.002156921000093 ], [ -122.611720280999961, 49.002171959000094 ], [ -122.606459468999958, 49.002175696000052 ], [ -122.600898745999984, 49.002180193000072 ], [ -122.595487781999964, 49.002189437000027 ], [ -122.595320385999969, 49.002189638000061 ], [ -122.590222592999964, 49.002188901000068 ], [ -122.584109553999951, 49.002192840000077 ], [ -122.58268732199997, 49.002194217000067 ], [ -122.581669224, 49.002194712000062 ], [ -122.580653502999951, 49.002195198000038 ], [ -122.578602405999959, 49.002196115000061 ], [ -122.578267085, 49.00219630600003 ], [ -122.573173568999948, 49.002199089000044 ], [ -122.567433366999978, 49.002202307000061 ], [ -122.564139056999977, 49.002204095000081 ], [ -122.561841651999941, 49.002205304000029 ], [ -122.556362321, 49.002209309000079 ], [ -122.550758351999946, 49.00221437600004 ], [ -122.550609355999939, 49.002215009000054 ], [ -122.545319780999989, 49.002218268000036 ], [ -122.539881144999981, 49.002223035000043 ], [ -122.538875710999946, 49.002223599000047 ], [ -122.538709063999988, 49.00222369200003 ], [ -122.534604302999981, 49.002225898000063 ], [ -122.531676904, 49.002227907000076 ], [ -122.529481361999956, 49.002229386000067 ], [ -122.529415985999947, 49.002228611000078 ], [ -122.529356399, 49.002229734000082 ], [ -122.523517499999969, 49.002220155000032 ], [ -122.517880317999982, 49.002251121000029 ], [ -122.515202981999948, 49.002250432000039 ], [ -122.51252892499997, 49.002253207000081 ], [ -122.506784474999961, 49.002244766000047 ], [ -122.501236799999958, 49.00225000100005 ], [ -122.501174317999983, 49.002250058000072 ], [ -122.495665676999977, 49.002252586000054 ], [ -122.492325896999944, 49.002255825000077 ], [ -122.490026985999975, 49.002257999000051 ], [ -122.48687255599998, 49.002260910000075 ], [ -122.485747877999984, 49.002261926000074 ], [ -122.485185537999939, 49.00226243000003 ], [ -122.485019775999945, 49.002263343000038 ], [ -122.484938, 49.002263793000054 ], [ -122.484375661999962, 49.002264297000096 ], [ -122.47390080299995, 49.002271454000066 ], [ -122.462597763, 49.002282861000033 ], [ -122.457232871, 49.00228008800007 ], [ -122.451697713999977, 49.002276899000073 ], [ -122.446158143000019, 49.002273446000054 ], [ -122.440765854, 49.002285733000093 ], [ -122.435073906999946, 49.002219306000015 ], [ -122.429459986999959, 49.002250507000021 ], [ -122.424072956999922, 49.002317424000054 ], [ -122.41903339699995, 49.002338606000116 ], [ -122.418504413999969, 49.002339602000021 ], [ -122.416853553999985, 49.002327638000096 ], [ -122.413057739999971, 49.002317152000032 ], [ -122.407738479999949, 49.00231324700006 ], [ -122.402626549999937, 49.002388905000018 ], [ -122.401988199999963, 49.00238869800009 ], [ -122.399424007, 49.002316634000074 ], [ -122.396784914999941, 49.002317337000044 ], [ -122.391067524000022, 49.002320639000054 ], [ -122.385503095999951, 49.002323664000038 ], [ -122.379920202999969, 49.002326431 ], [ -122.374365601999926, 49.002329 ], [ -122.372857718999953, 49.002330172000043 ], [ -122.363485909, 49.002337019999985 ], [ -122.352579212999956, 49.002344055000037 ], [ -122.352464976, 49.00234413000004 ], [ -122.352329282999975, 49.002344218000047 ], [ -122.34476752700003, 49.002349930000079 ], [ -122.338743640999965, 49.002355145000067 ], [ -122.330179921999985, 49.00235924100005 ], [ -122.329999519999987, 49.002359338000055 ], [ -122.324954033999958, 49.00239113700011 ], [ -122.324490021999935, 49.002390114000029 ], [ -122.323478485999914, 49.002364428000121 ], [ -122.319229860999926, 49.002365701000052 ], [ -122.313270099999926, 49.002358316000063 ], [ -122.310636652999989, 49.002372516000079 ], [ -122.307807882999967, 49.002374620000076 ], [ -122.295208334000023, 49.002401878000022 ], [ -122.291040730999981, 49.002409270000015 ], [ -122.290909152000026, 49.000062928000034 ], [ -122.290903005999965, 48.99995330900002 ], [ -122.285524195999983, 48.999956109000074 ], [ -122.28520758099998, 48.996332962000054 ], [ -122.284995883999969, 48.994100631 ], [ -122.284967054999981, 48.993796619000072 ], [ -122.284869794000016, 48.992770940000028 ], [ -122.284863888999965, 48.992672577000064 ], [ -122.284949456000035, 48.992673597000056 ], [ -122.285065626999966, 48.992674981000086 ], [ -122.285193649, 48.992661762000054 ], [ -122.285248058999954, 48.992651659000018 ], [ -122.285385031999922, 48.9926139620001 ], [ -122.285489972, 48.992574802000057 ], [ -122.285584445999987, 48.992528352000122 ], [ -122.285662322999954, 48.992477321000074 ], [ -122.285746402999976, 48.992417068000059 ], [ -122.28579308300003, 48.992377502000075 ], [ -122.285836287999956, 48.992333490000071 ], [ -122.285868780999976, 48.992292536000058 ], [ -122.285890551, 48.99225821200006 ], [ -122.28591576599996, 48.992199996000039 ], [ -122.285927106000017, 48.992165522000029 ], [ -122.28593668099991, 48.992121146000088 ], [ -122.286216588999977, 48.989423408000079 ], [ -122.28655377, 48.986078410000069 ], [ -122.286793463000024, 48.978719215000098 ], [ -122.28707728599997, 48.971346097000044 ], [ -122.287198036999925, 48.963986009000095 ], [ -122.298162233999918, 48.963843508000117 ], [ -122.298166565, 48.96384345200002 ], [ -122.298167865999943, 48.963761071000043 ], [ -122.298168715999921, 48.963733829000013 ], [ -122.298239601999924, 48.960222754000029 ], [ -122.298247404000037, 48.959858603 ], [ -122.298253145999979, 48.959540935000099 ], [ -122.298264099, 48.958412745000011 ], [ -122.298312559999914, 48.956605184000111 ], [ -122.298386131999962, 48.952956700000037 ], [ -122.298461100999958, 48.94918849 ], [ -122.298477520999981, 48.947789696 ], [ -122.298478372999966, 48.947717118000035 ], [ -122.298483868999966, 48.947249241000044 ], [ -122.298502505, 48.945661109000092 ], [ -122.298519713999923, 48.944194886000012 ], [ -122.298520155999952, 48.944157269000101 ], [ -122.298521648, 48.944030110000057 ], [ -122.298544825999954, 48.942055110000069 ], [ -122.298545309, 48.942014001000047 ], [ -122.298295696999944, 48.942015237000057 ], [ -122.298296031999968, 48.941972886000016 ], [ -122.29829664199994, 48.941931778 ], [ -122.298303075999939, 48.941383911000045 ], [ -122.298338679999944, 48.938352577000053 ], [ -122.298335548999958, 48.934691209000071 ], [ -122.29863126, 48.934688833000052 ], [ -122.301371865999911, 48.934695593000079 ], [ -122.304177060999933, 48.934701213000011 ], [ -122.307533051999968, 48.934708665000095 ], [ -122.309592216999988, 48.934713001 ], [ -122.310637764, 48.934715859000065 ], [ -122.312159832999981, 48.934719375 ], [ -122.314907896, 48.934725670000077 ], [ -122.315074276, 48.934727297000038 ], [ -122.320431813999988, 48.934739818 ], [ -122.320515488999973, 48.934740021000025 ], [ -122.320931488999932, 48.934739509000067 ], [ -122.320930643999958, 48.934794375000081 ], [ -122.320925006000024, 48.935159235000071 ], [ -122.320922178999965, 48.935342268000028 ], [ -122.320919351, 48.935525301000069 ], [ -122.320915755999962, 48.935757923000047 ], [ -122.320912157999942, 48.935990845000042 ], [ -122.320908744999926, 48.93622376800004 ], [ -122.320905694999936, 48.936456690000043 ], [ -122.320902646999954, 48.936689612000038 ], [ -122.320899596999965, 48.936922535000036 ], [ -122.320896549999972, 48.937155456000035 ], [ -122.3208935, 48.937388379000033 ], [ -122.320890452999919, 48.937621426000042 ], [ -122.32088742800002, 48.937852244000048 ], [ -122.320879625, 48.938268182000087 ], [ -122.3208754, 48.938498876000082 ], [ -122.320871175, 48.938729542000068 ], [ -122.320864620999913, 48.939079480000068 ], [ -122.320860721999949, 48.939286790000082 ], [ -122.320856859999978, 48.939494134 ], [ -122.320852954999921, 48.9397014030001 ], [ -122.320849074999956, 48.939908712000026 ], [ -122.320845184999897, 48.940116019000037 ], [ -122.32084130500003, 48.940323327000044 ], [ -122.320837412999964, 48.940530636000055 ], [ -122.320837721, 48.940947625 ], [ -122.320829908999968, 48.941395173000089 ], [ -122.320825278999948, 48.941760807000058 ], [ -122.320818889999941, 48.942026346 ], [ -122.32081312, 48.942400677000066 ], [ -122.320845689999942, 48.942304345000089 ], [ -122.320887699999957, 48.942209613000067 ], [ -122.320905501999917, 48.942177337000061 ], [ -122.32093897399993, 48.942116881000032 ], [ -122.320999293999947, 48.942026542000107 ], [ -122.321078439999923, 48.941956712000014 ], [ -122.321161137000018, 48.94188869200007 ], [ -122.321178519999947, 48.941874884000079 ], [ -122.321235260999941, 48.941824501000085 ], [ -122.321283442, 48.941770389000048 ], [ -122.321322506999962, 48.94171317500011 ], [ -122.321352001, 48.94165352600006 ], [ -122.321371579999933, 48.941592133000043 ], [ -122.321390756000014, 48.941498881000058 ], [ -122.321404624999914, 48.941405223000032 ], [ -122.321414036999982, 48.941296562000012 ], [ -122.32143002499997, 48.940999141000098 ], [ -122.321457134999903, 48.940547849000062 ], [ -122.321469164999925, 48.940340676000062 ], [ -122.321481194999947, 48.940133503000062 ], [ -122.321493223999965, 48.939926330000063 ], [ -122.321505162999969, 48.939719155000063 ], [ -122.321517119, 48.939512008000065 ], [ -122.321528964, 48.939304888000066 ], [ -122.321539190999943, 48.939097728000071 ], [ -122.321553259999959, 48.938732515000048 ], [ -122.321559560999944, 48.938501856000059 ], [ -122.321563785999942, 48.938271159000067 ], [ -122.321570297000036, 48.937856137000011 ], [ -122.321573987999983, 48.937620804000083 ], [ -122.321577642999927, 48.937387882000081 ], [ -122.321581296999966, 48.937154960000086 ], [ -122.321584951, 48.936922038 ], [ -122.321588603999956, 48.936689115 ], [ -122.321592257999981, 48.93645619100009 ], [ -122.321595864999935, 48.936223268000091 ], [ -122.321598771, 48.935990347 ], [ -122.321601676999961, 48.935757425000091 ], [ -122.321604586999939, 48.935524205000071 ], [ -122.321606869999954, 48.935341173000026 ], [ -122.321609151999965, 48.935158139000066 ], [ -122.321613705, 48.934793334000084 ], [ -122.321863267999944, 48.934792970000053 ], [ -122.323478935999944, 48.934790606000035 ], [ -122.325970313999946, 48.934787099000097 ], [ -122.325971858999978, 48.934732291 ], [ -122.325972118, 48.934677477 ], [ -122.325978927999941, 48.93323050300009 ], [ -122.325980377999969, 48.932922673000022 ], [ -122.325984181999928, 48.93211458400004 ], [ -122.326382146, 48.932103653000112 ], [ -122.328779906999969, 48.932116764000043 ], [ -122.328781052999972, 48.928491328000099 ], [ -122.32876703899997, 48.927466702000054 ], [ -122.32877550299996, 48.926558012 ], [ -122.328777966, 48.926245682000101 ], [ -122.328780768999948, 48.925890138000085 ], [ -122.328782667000027, 48.925649404000062 ], [ -122.32878388599994, 48.925493761000062 ], [ -122.328786209999961, 48.925200433000036 ], [ -122.328788517999968, 48.924907814000072 ], [ -122.328789744, 48.924753446000089 ], [ -122.328792634999957, 48.924380640000066 ], [ -122.328794694999957, 48.924120854000066 ], [ -122.328797152999982, 48.923815394000016 ], [ -122.328798240999973, 48.923218287000083 ], [ -122.328799354999987, 48.923000424000087 ], [ -122.328817951999923, 48.921184361000016 ], [ -122.329233476999931, 48.921184845000056 ], [ -122.33033704199994, 48.921186126000073 ], [ -122.33153216099997, 48.921188969000042 ], [ -122.335572072, 48.921164211000033 ], [ -122.335557632999965, 48.922555616000054 ], [ -122.335543908, 48.923877904000037 ], [ -122.337020464999938, 48.923865991000113 ], [ -122.337012346999984, 48.924650360000086 ], [ -122.339391684999939, 48.924655774 ], [ -122.339755195999913, 48.924651856000033 ], [ -122.340104485999944, 48.924648090000076 ], [ -122.340453776999979, 48.924644323000031 ], [ -122.34080307, 48.924640556000078 ], [ -122.341152393999963, 48.924636731000113 ], [ -122.341568264, 48.924632173000091 ], [ -122.341768475999956, 48.924629975000087 ], [ -122.341724464999956, 48.926236063000019 ], [ -122.342416624999942, 48.926222654000064 ], [ -122.342631644999969, 48.926218487000071 ], [ -122.345196147999971, 48.926168751000041 ], [ -122.345222512999925, 48.923671234000075 ], [ -122.348062498, 48.923637524000043 ], [ -122.351042695, 48.923602386000063 ], [ -122.35247902299993, 48.923582087000071 ], [ -122.352603881999954, 48.923582459000016 ], [ -122.352681272999959, 48.923582545000023 ], [ -122.352688576000034, 48.922795351000083 ], [ -122.352620739000017, 48.92268777600006 ], [ -122.352605800000021, 48.92258591700007 ], [ -122.352614870999972, 48.920750061000049 ], [ -122.352618531999923, 48.920008710000083 ], [ -122.352631337, 48.919830886000028 ], [ -122.35266191999996, 48.919083522000093 ], [ -122.353840599999955, 48.919192020000011 ], [ -122.354681500999988, 48.91933871600007 ], [ -122.35613545799994, 48.919518118000084 ], [ -122.356938362000037, 48.919546642000043 ], [ -122.357674399999908, 48.919408539000074 ], [ -122.358490294, 48.919134548000052 ], [ -122.359430255999982, 48.918844255000103 ], [ -122.360002932000015, 48.918789199000081 ], [ -122.360048152000033, 48.915276366000036 ], [ -122.360058895999941, 48.913055540000052 ], [ -122.363855487999928, 48.913138712 ], [ -122.363856151999983, 48.913097821000086 ], [ -122.363880868999985, 48.911575569000078 ], [ -122.363881624999962, 48.911529039000044 ], [ -122.363887416, 48.911315202000026 ], [ -122.363892614999983, 48.911123331000049 ], [ -122.363897812999966, 48.910931458000071 ], [ -122.363903009999945, 48.910739586 ], [ -122.363908207999941, 48.910547712000032 ], [ -122.36391340499992, 48.910355840000051 ], [ -122.363922149999937, 48.910120249 ], [ -122.363939008, 48.909432295000023 ], [ -122.363959241999979, 48.908631993000064 ], [ -122.363974763999934, 48.908020547 ], [ -122.365583227999977, 48.907635590000041 ], [ -122.371724043999933, 48.906171926000084 ], [ -122.372409035999951, 48.906095571000073 ], [ -122.3779668399999, 48.906149783000032 ], [ -122.377969179, 48.906100025000086 ], [ -122.38071517900002, 48.906138263000052 ], [ -122.385974747, 48.906211570000082 ], [ -122.386282430999955, 48.906215811000074 ], [ -122.386365594, 48.90621643900004 ], [ -122.391845666, 48.906257686000075 ], [ -122.397317853999979, 48.906274286000027 ], [ -122.397401009999939, 48.906274537000051 ], [ -122.397484220999985, 48.906275038000089 ], [ -122.397401912999925, 48.906274541000052 ], [ -122.397417811, 48.896397471000029 ], [ -122.397447194999941, 48.891523757000101 ], [ -122.397569029999985, 48.88701456400004 ], [ -122.397782915, 48.878024907000082 ], [ -122.397910438999986, 48.872704235000029 ], [ -122.397988023000011, 48.86951736100005 ], [ -122.409204779999939, 48.86969497200009 ], [ -122.397981337999965, 48.869517255000062 ], [ -122.398165416999973, 48.862229134000088 ], [ -122.398299665999957, 48.852406788000067 ], [ -122.39840621599997, 48.85229267200004 ], [ -122.398590215999917, 48.85210767200001 ], [ -122.399107621000013, 48.851746683000073 ], [ -122.399598449999942, 48.851458493000031 ], [ -122.39974946800001, 48.851372550000029 ], [ -122.400576216000019, 48.850951672000107 ], [ -122.400932215999902, 48.850718672000013 ], [ -122.40106421599998, 48.850523672000044 ], [ -122.401185215999959, 48.850236672000015 ], [ -122.401144215999949, 48.850054672000056 ], [ -122.400251215999958, 48.84852767200001 ], [ -122.399909215999983, 48.847824672000016 ], [ -122.399870215999954, 48.847677672000025 ], [ -122.399806215, 48.847267672000029 ], [ -122.399748214999988, 48.847063672000026 ], [ -122.399567215000019, 48.846814672000029 ], [ -122.399302214999949, 48.846624672000118 ], [ -122.398883214999913, 48.846470672000073 ], [ -122.398440662999988, 48.84634467900004 ], [ -122.397814986999904, 48.846166549000046 ], [ -122.397473099999957, 48.846062111000023 ], [ -122.397131214999902, 48.845957672000083 ], [ -122.397060214999982, 48.845901672000068 ], [ -122.397039214999936, 48.845788672000047 ], [ -122.397051214999948, 48.845616672000027 ], [ -122.397116214, 48.845467672000041 ], [ -122.397214213999931, 48.845295672000113 ], [ -122.398407213999974, 48.84420767200006 ], [ -122.398507053999964, 48.844006743000044 ], [ -122.39868150800001, 48.834719896000102 ], [ -122.398696801999947, 48.833089708000045 ], [ -122.398685958999934, 48.828944262000064 ], [ -122.398665208999915, 48.823952671000058 ], [ -122.398765560999948, 48.820158234000075 ], [ -122.398840507999935, 48.818569752 ], [ -122.404334066, 48.818626590000093 ], [ -122.404330119999941, 48.818544312000036 ], [ -122.404364225, 48.811413341000033 ], [ -122.409843044999903, 48.811444495000032 ], [ -122.410965516999966, 48.811445277000097 ], [ -122.412340482999952, 48.811446222 ], [ -122.412592434999937, 48.811446393000011 ], [ -122.413590452, 48.811447066000071 ], [ -122.414837921999919, 48.811447894000047 ], [ -122.416718041999957, 48.811449120000063 ], [ -122.419044274999962, 48.811450593000096 ], [ -122.419128565, 48.811450646000011 ], [ -122.420840691, 48.811451700000099 ], [ -122.422212748000021, 48.811434255000073 ], [ -122.42497511699996, 48.811399084000094 ], [ -122.426360964999972, 48.811381415000056 ], [ -122.426738197, 48.81137660200001 ], [ -122.428235731000015, 48.81135748500003 ], [ -122.429130225000037, 48.811346057000058 ], [ -122.429598235999947, 48.811340075000011 ], [ -122.431485372999944, 48.811315935000053 ], [ -122.431899586999933, 48.811310633000062 ], [ -122.434234980999989, 48.811279971000012 ], [ -122.434685555999963, 48.811274050000051 ], [ -122.43492461799994, 48.811270908000061 ], [ -122.435614252999983, 48.811261841000018 ], [ -122.437471521, 48.811237401000042 ], [ -122.44305630999996, 48.811159394000072 ], [ -122.442943614999962, 48.804097001000059 ], [ -122.446966173, 48.804167698000043 ], [ -122.448307572999951, 48.804170424000091 ], [ -122.448855153999972, 48.804171532000097 ], [ -122.449606557999971, 48.804173049000042 ], [ -122.45002079299995, 48.804173536000086 ], [ -122.450326992999976, 48.804101054000036 ], [ -122.45285643999992, 48.804111028000065 ], [ -122.453580645999978, 48.804114174000055 ], [ -122.454467720999929, 48.804118093000028 ], [ -122.459132192999945, 48.804138586000121 ], [ -122.459132203999957, 48.804200987000044 ], [ -122.464407188999957, 48.804215799000119 ], [ -122.464577629999937, 48.804187325000072 ], [ -122.464723780999947, 48.804162907 ], [ -122.470001415, 48.804185616000019 ], [ -122.469997619999944, 48.804267827000068 ], [ -122.47132372199998, 48.804273495000096 ], [ -122.472694154999942, 48.804279340000043 ], [ -122.475396645, 48.804290806000019 ], [ -122.478102080999932, 48.804302233000072 ], [ -122.480774808, 48.804313457000028 ], [ -122.480795356999934, 48.80514867400003 ], [ -122.480804345999971, 48.805514001000063 ], [ -122.48081812599996, 48.806074093000042 ], [ -122.480860403, 48.807792291000098 ], [ -122.480864464999968, 48.807957397000081 ], [ -122.48098869199994, 48.807959215000054 ], [ -122.483454613999967, 48.807968734000042 ], [ -122.484027143, 48.807970937000043 ], [ -122.48412911, 48.807971328000079 ], [ -122.484730681999935, 48.807973639000089 ], [ -122.485166492999937, 48.807975312000053 ], [ -122.485727292999982, 48.808027886000048 ], [ -122.485727056999963, 48.808314821000074 ], [ -122.485763570999964, 48.808803125000068 ], [ -122.485767408999919, 48.809709917000042 ], [ -122.485767066999983, 48.81012735000003 ], [ -122.485764861999982, 48.810232047000078 ], [ -122.48572534999991, 48.810393295000011 ], [ -122.485746098000021, 48.810393302000101 ], [ -122.485745911, 48.81057161000011 ], [ -122.485744911000012, 48.811522184000069 ], [ -122.485744858999922, 48.811571932 ], [ -122.485744451999977, 48.811957554000031 ], [ -122.485723181999987, 48.812398067000061 ], [ -122.485729392999971, 48.812854549000086 ], [ -122.4857426, 48.8133366920001 ], [ -122.485741956999945, 48.813791051000031 ], [ -122.485741314999984, 48.81424333000006 ], [ -122.485740297, 48.814962323000046 ], [ -122.485739864999957, 48.81526656300008 ], [ -122.485737485999934, 48.816944937000038 ], [ -122.485736815999971, 48.817417174000035 ], [ -122.486042756999964, 48.817416934000015 ], [ -122.486254998000035, 48.817416766000086 ], [ -122.491524833999961, 48.817411487000093 ], [ -122.496894325999975, 48.817405128000104 ], [ -122.49714351999998, 48.817404809000074 ], [ -122.49714574, 48.816943989000052 ], [ -122.497187172999958, 48.816943445000092 ], [ -122.49744511199998, 48.816941597000032 ], [ -122.502513395000022, 48.816933559000077 ], [ -122.50319914100001, 48.816932232000056 ], [ -122.503885291999936, 48.816930621000012 ], [ -122.504571046999914, 48.816929558000012 ], [ -122.505123017999935, 48.816928256000082 ], [ -122.507876480000036, 48.81692261500006 ], [ -122.507885146999953, 48.815156394000027 ], [ -122.507886097999943, 48.814964520000046 ], [ -122.505269269999957, 48.814977296000038 ], [ -122.505268115999954, 48.814948277000035 ], [ -122.505270121999942, 48.814608202000052 ], [ -122.505273530999958, 48.814156634 ], [ -122.505277352999911, 48.81370506000011 ], [ -122.505281174999965, 48.813253487000054 ], [ -122.505284590999977, 48.812802192000014 ], [ -122.505288412999946, 48.812350618000046 ], [ -122.505290951999982, 48.812049294000069 ], [ -122.505292234, 48.811899043000075 ], [ -122.50529502699996, 48.811529728000068 ], [ -122.50529626499997, 48.811365496000072 ], [ -122.505296527, 48.811335610000086 ], [ -122.50529948999997, 48.810996723000109 ], [ -122.505302678999968, 48.810601631000019 ], [ -122.505302918999988, 48.810545135000048 ], [ -122.505306349, 48.810094955000103 ], [ -122.505310188999971, 48.809643928000092 ], [ -122.505314028000015, 48.809192901000074 ], [ -122.505315301999943, 48.809054988000035 ], [ -122.505317876999982, 48.808742148000086 ], [ -122.505324526, 48.807922353000023 ], [ -122.505325753999927, 48.807757848000087 ], [ -122.505332720999974, 48.807386835000031 ], [ -122.505337791999949, 48.8069357050001 ], [ -122.505342862999925, 48.806484574000073 ], [ -122.505347932999896, 48.806033445000054 ], [ -122.505353003999957, 48.805582315000031 ], [ -122.505358073999929, 48.805131184000096 ], [ -122.505363143999915, 48.804680054000073 ], [ -122.505367290999985, 48.8043111590001 ], [ -122.508002894999919, 48.804295564000057 ], [ -122.508205955000022, 48.804294851000087 ], [ -122.508208023999927, 48.804209733000057 ], [ -122.508209949, 48.804130566000026 ], [ -122.508203077999951, 48.803733151000074 ], [ -122.508196964999968, 48.803308309000045 ], [ -122.508186014999978, 48.802623372000028 ], [ -122.508176775999971, 48.802053277000027 ], [ -122.508167362999984, 48.801452754000081 ], [ -122.508152128999939, 48.800499212000034 ], [ -122.508123758999943, 48.798731365000037 ], [ -122.50812319, 48.798701491000031 ], [ -122.509408439999959, 48.798451621000027 ], [ -122.510024053999985, 48.798332004000031 ], [ -122.510088156, 48.798322453000026 ], [ -122.510153807, 48.798318468000048 ], [ -122.510229506999963, 48.798321242000043 ], [ -122.510287153999968, 48.798327963000077 ], [ -122.510375546999967, 48.79834866300007 ], [ -122.51062890999998, 48.798432985000034 ], [ -122.510778217, 48.798487553000029 ], [ -122.510910272999979, 48.798549437000077 ], [ -122.51104111799998, 48.79860337000008 ], [ -122.511172184999964, 48.798650738000049 ], [ -122.511317051999981, 48.798695742000064 ], [ -122.511456499999952, 48.798732741000038 ], [ -122.511573273999943, 48.798755024000059 ], [ -122.511701781999989, 48.798775631000069 ], [ -122.511834277, 48.798792523000031 ], [ -122.512012227999946, 48.798808945000076 ], [ -122.512153929999954, 48.798816174000081 ], [ -122.512319888999968, 48.798815153000078 ], [ -122.513526249, 48.798815576000038 ], [ -122.514467850999949, 48.798815971000067 ], [ -122.514755567999941, 48.799196448000032 ], [ -122.515043704999982, 48.799576918000071 ], [ -122.51535267099996, 48.799984777000077 ], [ -122.515393907999965, 48.800039559000027 ], [ -122.515744532999975, 48.800502193000057 ], [ -122.515750213, 48.800509692000048 ], [ -122.516028227999982, 48.800509884000064 ], [ -122.516733734999946, 48.800510381000038 ], [ -122.518219464999959, 48.800511927000059 ], [ -122.519049481999957, 48.800512802000071 ], [ -122.519051379999951, 48.80059501900007 ], [ -122.519175854999958, 48.80059431400008 ], [ -122.52169070399998, 48.800581190000059 ], [ -122.524330443999986, 48.800567295000064 ], [ -122.529526514999986, 48.800539718000039 ], [ -122.529775473999962, 48.800538560000064 ], [ -122.530984134999983, 48.800531916000068 ], [ -122.531351517999951, 48.800529894000078 ], [ -122.524341694999976, 48.793314440000074 ], [ -122.524334987999964, 48.793309325000052 ], [ -122.52463004699996, 48.793251267000073 ], [ -122.526957055999958, 48.793242300000031 ], [ -122.526952110999957, 48.79314826500007 ], [ -122.526952812, 48.789744128000052 ], [ -122.526952154999947, 48.78961182900008 ], [ -122.52695302799998, 48.789524552000046 ], [ -122.52695306399994, 48.789470514000072 ], [ -122.526520594999965, 48.789472399000033 ], [ -122.525596249999978, 48.789475444000061 ], [ -122.524254252, 48.789480930000082 ], [ -122.524253872999964, 48.78948112900008 ], [ -122.524257926999951, 48.78780858500005 ], [ -122.524257939999984, 48.787671783000064 ], [ -122.524258719999978, 48.787358418000053 ], [ -122.524259312999959, 48.786091285000055 ], [ -122.524260224999978, 48.785869209000055 ], [ -122.524036678999948, 48.785890399000039 ], [ -122.52393759399996, 48.785899090000044 ], [ -122.523813208999968, 48.785907210000062 ], [ -122.523031622999952, 48.785914459000026 ], [ -122.522908127, 48.785914755000078 ], [ -122.522894698999949, 48.785914787000081 ], [ -122.522907950999979, 48.784217144000081 ], [ -122.520089710999969, 48.784225303000028 ], [ -122.518839527999944, 48.784231618000035 ], [ -122.518590623999955, 48.784244542000067 ], [ -122.518592314999978, 48.78379491100003 ], [ -122.518593980999981, 48.783344457000055 ], [ -122.518594859999951, 48.783070568000028 ], [ -122.51859606, 48.782893998000077 ], [ -122.518597149999948, 48.782526346000054 ], [ -122.518597553999939, 48.782444112000064 ], [ -122.518034468999986, 48.782446876000051 ], [ -122.518033552999952, 48.782364804000053 ], [ -122.518028569999956, 48.781354629000077 ], [ -122.518027013999983, 48.780532468000047 ] ] ], [ [ [ -122.524334650999947, 48.793309068000042 ], [ -122.524271976999955, 48.793250717000035 ], [ -122.52427266899997, 48.793250741000065 ], [ -122.524334987999964, 48.793309325000052 ], [ -122.524334650999947, 48.793309068000042 ] ] ] ] } }
]
}
