{
"type": "FeatureCollection",
"crs": { "type": "name", "properties": { "name": "urn:ogc:def:crs:OGC:1.3:CRS84" } },
"features": [
{ "type": "Feature", "properties": { "DISTRICT": "Clark County District 2", "OFFICE": "County Councilor District 2", "JURISDICTION": "County Council", "RACE": "Clark County District 2 County Councilor District 2", "Name_1": "Michelle Belkot", "Party_1": "None_1", "Votes_1": "12,771", "Name_2": "John Zingale", "Party_2": "None_2", "Votes_2": "9,467", "Name_3": "Martin Pittioni", "Party_3": "None_3", "Votes_3": "3,489", "Name_4": "Write-In", "Party_4": "None_4", "Votes_4": "61", "Name_5": null, "Party_5": null, "Votes_5": "0", "Name_6": null, "Party_6": null, "Votes_6": "0", "Name_7": null, "Party_7": null, "Votes_7": "0", "Votes_total": "25,788", "Pct_1": 49.52, "Pct_2": 36.71, "Pct_3": 13.53, "Pct_4": 0.24, "Pct_5": 0.0, "Pct_6": 0.0, "Pct_7": 0.0, "Margin": 12.81 }, "geometry": { "type": "Polygon", "coordinates": [ [ [ -122.665542890999973, 45.664125454000043 ], [ -122.666020168999978, 45.664199204000056 ], [ -122.66696642, 45.664346838000029 ], [ -122.667162266, 45.664377441000056 ], [ -122.667274457999952, 45.664394910000055 ], [ -122.667376315999945, 45.664410778000047 ], [ -122.667884163999986, 45.66449043800003 ], [ -122.667866255999968, 45.664335060000042 ], [ -122.670423844999959, 45.664879573000064 ], [ -122.671023973, 45.665126727000029 ], [ -122.673456065999972, 45.667204862000062 ], [ -122.673462980999943, 45.667499416000055 ], [ -122.673645433, 45.667627914000036 ], [ -122.673845992999986, 45.667765576000079 ], [ -122.674051313999939, 45.667899867000074 ], [ -122.674313959999949, 45.668074026000056 ], [ -122.674622380999949, 45.668280368000069 ], [ -122.674881897999967, 45.668424624000068 ], [ -122.675320388999978, 45.668654896000078 ], [ -122.675978714999985, 45.669002714000044 ], [ -122.676352727999983, 45.669197627000074 ], [ -122.676567685999942, 45.669327974000055 ], [ -122.676759761999961, 45.669460972000081 ], [ -122.676871322999943, 45.669549040000049 ], [ -122.677058329999966, 45.669714735000071 ], [ -122.677131396999982, 45.669781667000052 ], [ -122.677371928999946, 45.670002371000066 ], [ -122.677607473999956, 45.670195779000039 ], [ -122.67775439199994, 45.670299751000073 ], [ -122.678070583999954, 45.670491618000028 ], [ -122.678366967999978, 45.670640019000075 ], [ -122.67866784499995, 45.670778279000046 ], [ -122.678952853999988, 45.670911018000027 ], [ -122.679024621999986, 45.670944860000077 ], [ -122.679408933, 45.671139821000054 ], [ -122.6797226, 45.671304598000063 ], [ -122.680025765999972, 45.671475924000049 ], [ -122.680331941999953, 45.671649076000051 ], [ -122.680604799999969, 45.67179595500005 ], [ -122.680823146999955, 45.671900082000036 ], [ -122.680979002999948, 45.671957583000051 ], [ -122.681520984999963, 45.672106915000029 ], [ -122.681884944999979, 45.672207187000026 ], [ -122.682236598999964, 45.672305467000058 ], [ -122.68246757999998, 45.672382558000038 ], [ -122.682469694999952, 45.672460916000034 ], [ -122.682585973999949, 45.672507051000025 ], [ -122.682669560999955, 45.67254280700007 ], [ -122.682699502999981, 45.672556531000055 ], [ -122.682769689999986, 45.672588702000041 ], [ -122.682915923999985, 45.672662549000052 ], [ -122.683056492999981, 45.672741603000077 ], [ -122.683316109999964, 45.672912052000072 ], [ -122.68359185199995, 45.673106791000066 ], [ -122.683867100999976, 45.673301408000043 ], [ -122.684234733999972, 45.673556215000076 ], [ -122.684720570999957, 45.673893293000049 ], [ -122.684921294999981, 45.674033804000032 ], [ -122.685043037999947, 45.674119012000062 ], [ -122.685267071999988, 45.674267555000029 ], [ -122.685497702999953, 45.674409714000035 ], [ -122.685734956999966, 45.674546170000042 ], [ -122.685978828999964, 45.674676754000075 ], [ -122.686103121999963, 45.674739794000061 ], [ -122.686228823999954, 45.674801347000027 ], [ -122.686314554999967, 45.674841686000036 ], [ -122.686356419, 45.674861277000048 ], [ -122.686485417999961, 45.674919595000063 ], [ -122.686615825999979, 45.674976425000068 ], [ -122.686880358999986, 45.67508513000007 ], [ -122.686939987999949, 45.675108913000031 ], [ -122.686956352999971, 45.675707757000055 ], [ -122.686962653999956, 45.675928858000077 ], [ -122.686958318999984, 45.675967648000039 ], [ -122.686967915999958, 45.676136047000057 ], [ -122.686970194999958, 45.676218390000031 ], [ -122.686974015999965, 45.676352052000027 ], [ -122.686980776999974, 45.676597146000063 ], [ -122.686987374999944, 45.676838086000032 ], [ -122.686989851999954, 45.676936234000038 ], [ -122.686992546999988, 45.677043007000066 ], [ -122.686995579999973, 45.677144407000071 ], [ -122.687004030999958, 45.677456937000045 ], [ -122.687005321999948, 45.677501922000033 ], [ -122.687010534999956, 45.677707868000027 ], [ -122.687014318999957, 45.677852975000064 ], [ -122.687017209999965, 45.677950776000046 ], [ -122.687018850999948, 45.678016971000034 ], [ -122.687019489999955, 45.678016963000061 ], [ -122.687304434999987, 45.678013604000057 ], [ -122.687696547999963, 45.678008982000051 ], [ -122.688398202999963, 45.678000691000079 ], [ -122.688410694999959, 45.678291498000078 ], [ -122.68842112699997, 45.678554996000059 ], [ -122.688424127999951, 45.678554993000034 ], [ -122.689958582999964, 45.678553111000042 ], [ -122.689969717999986, 45.678500771000074 ], [ -122.691213110999968, 45.678349338000032 ], [ -122.69124566499994, 45.678232668000078 ], [ -122.691480942999988, 45.678232113000035 ], [ -122.691691774, 45.678231865000043 ], [ -122.692515002, 45.678229883000029 ], [ -122.692709612999977, 45.678659321000055 ], [ -122.693194370999947, 45.678658485000028 ], [ -122.693418109, 45.67950125200008 ], [ -122.694088521999959, 45.680406164000033 ], [ -122.695006603999957, 45.681334658000026 ], [ -122.696176773, 45.68221574100005 ], [ -122.698867678999989, 45.684110435000036 ], [ -122.702824172999954, 45.686889306000069 ], [ -122.702911272999984, 45.686945625000078 ], [ -122.703359429999978, 45.687354816000038 ], [ -122.703779057999952, 45.687770335000039 ], [ -122.704046245999962, 45.688153525000075 ], [ -122.704337910999982, 45.688518579000061 ], [ -122.704580645999954, 45.688919902000066 ], [ -122.704831121999973, 45.689515286000074 ], [ -122.705108887999984, 45.690163102000042 ], [ -122.705238443999974, 45.690884445000052 ], [ -122.70567165999995, 45.692270749000045 ], [ -122.705849775, 45.692692242000078 ], [ -122.705859210999961, 45.692740345000061 ], [ -122.706615610999961, 45.693692092000049 ], [ -122.706639221999978, 45.693721852000067 ], [ -122.706933831999947, 45.694093215000066 ], [ -122.707840841999939, 45.694974706000039 ], [ -122.708665750999955, 45.695601617000079 ], [ -122.710655740999982, 45.69706323500003 ], [ -122.712483310999971, 45.698445077000031 ], [ -122.713531029999956, 45.699379885000042 ], [ -122.714693727999986, 45.700633394000079 ], [ -122.716244223, 45.702424316000076 ], [ -122.717218883999976, 45.703552067000032 ], [ -122.717268057999945, 45.703609081000081 ], [ -122.719276157999957, 45.705937099000039 ], [ -122.720984790999978, 45.707896391000077 ], [ -122.721580982999967, 45.708580006000034 ], [ -122.722210817999951, 45.70930217800003 ], [ -122.72431861299998, 45.711656815000026 ], [ -122.72519607199996, 45.712872833000063 ], [ -122.725836158999982, 45.713759855000035 ], [ -122.726014628999962, 45.714290720000065 ], [ -122.726440693999962, 45.714858126000081 ], [ -122.727838837999968, 45.717538187000059 ], [ -122.728874132999977, 45.719589584000062 ], [ -122.729540979999967, 45.720910827000068 ], [ -122.730921972999965, 45.723488994000036 ], [ -122.731461503999981, 45.724601432000043 ], [ -122.731461936999949, 45.724602324000045 ], [ -122.732019176, 45.725849880000055 ], [ -122.732207117999963, 45.726397048000081 ], [ -122.73221915299996, 45.726432087000035 ], [ -122.732614731999945, 45.727583724000056 ], [ -122.732859269999949, 45.728171879000058 ], [ -122.733146808999948, 45.728863441000044 ], [ -122.733156646999987, 45.728887101000055 ], [ -122.733508933999985, 45.729734363000034 ], [ -122.734554702999958, 45.732680785000071 ], [ -122.734559786999966, 45.732695106000051 ], [ -122.734561913, 45.732701096000028 ], [ -122.734568965999983, 45.732720967000034 ], [ -122.734553404999986, 45.732725508000044 ], [ -122.734532643999955, 45.732731566000041 ], [ -122.734509503999959, 45.732738320000067 ], [ -122.73450859899998, 45.73273858400006 ], [ -122.734448811, 45.732756037000058 ], [ -122.734444477999944, 45.732757320000076 ], [ -122.73443578399997, 45.732759893000036 ], [ -122.734397784999942, 45.732771139000079 ], [ -122.734305066, 45.732821640000054 ], [ -122.734231517999945, 45.732885296000063 ], [ -122.734057625999981, 45.732977595000079 ], [ -122.733830156999943, 45.732999877000054 ], [ -122.733548381, 45.732934388000047 ], [ -122.733449047999954, 45.732884250000041 ], [ -122.733432989999983, 45.732880374000047 ], [ -122.733302748999961, 45.73285651100008 ], [ -122.733281557999987, 45.732852061000074 ], [ -122.733257445, 45.73284699800007 ], [ -122.733173847999979, 45.732829446000039 ], [ -122.733046777999959, 45.732799217000036 ], [ -122.732986703999984, 45.732783307000034 ], [ -122.732980947999977, 45.732769745000041 ], [ -122.732950493999965, 45.732755305000069 ], [ -122.732899869, 45.732726430000071 ], [ -122.73286632199995, 45.73272028100007 ], [ -122.732845245999954, 45.732719798000062 ], [ -122.732813712, 45.732727110000042 ], [ -122.732804967, 45.732729366000058 ], [ -122.732525589999966, 45.732724447000066 ], [ -122.732516798999939, 45.732724294000036 ], [ -122.732514733999949, 45.73272425600004 ], [ -122.732452203999969, 45.732761369000059 ], [ -122.732428155999969, 45.732775642000036 ], [ -122.732369754, 45.732810305000044 ], [ -122.732344749, 45.732825145000049 ], [ -122.732254249, 45.732878855000081 ], [ -122.732151463999969, 45.732898162000026 ], [ -122.732122910999976, 45.73290352600003 ], [ -122.732079339, 45.732911709000064 ], [ -122.732039748999966, 45.732919145000039 ], [ -122.731970670999942, 45.732932119000054 ], [ -122.73179393099997, 45.73293562200007 ], [ -122.731398152999986, 45.732970383000065 ], [ -122.731373628999961, 45.73297253800007 ], [ -122.731321264999963, 45.732978839000054 ], [ -122.730994496999983, 45.733018163000054 ], [ -122.73083612, 45.733032433000062 ], [ -122.730793150999943, 45.733036304000052 ], [ -122.730723358999967, 45.733042592000061 ], [ -122.730556711999952, 45.733087530000034 ], [ -122.730494544999942, 45.733104294000043 ], [ -122.730482764999977, 45.733108980000054 ], [ -122.730066027999953, 45.733274765000033 ], [ -122.730033713999944, 45.73328388200008 ], [ -122.729872099999966, 45.733329477000041 ], [ -122.729779698999948, 45.733355544000062 ], [ -122.729786502999957, 45.733356479000065 ], [ -122.729798461999962, 45.733358127000031 ], [ -122.729786387, 45.733361937000041 ], [ -122.729766651999967, 45.733359225000072 ], [ -122.728136889999973, 45.733135269000059 ], [ -122.726133395999966, 45.732859922000046 ], [ -122.723882409999987, 45.730867912000065 ], [ -122.723218603999953, 45.730413408000061 ], [ -122.723215026, 45.73060664500008 ], [ -122.72321309199998, 45.730714270000078 ], [ -122.723212904999968, 45.730724644000077 ], [ -122.723209060999977, 45.73093859200003 ], [ -122.723208961999944, 45.730944112 ], [ -122.723186120999927, 45.73221525000011 ], [ -122.723183668, 45.732349171000088 ], [ -122.723170189999934, 45.733085093000049 ], [ -122.7231396829999, 45.734839666 ], [ -122.723123368999978, 45.73577794700001 ], [ -122.722434247999971, 45.735792544000063 ], [ -122.721172575999944, 45.735819224000053 ], [ -122.717184918999962, 45.735904796000028 ], [ -122.71464705799994, 45.735956895000072 ], [ -122.713006834999945, 45.735989406 ], [ -122.713005708999944, 45.735989428000011 ], [ -122.712883413999947, 45.735991851000037 ], [ -122.710258548999931, 45.736002807000055 ], [ -122.708903586, 45.736004147000074 ], [ -122.706175973, 45.73601269500007 ], [ -122.706121560000028, 45.736014974000085 ], [ -122.706049163999978, 45.736018007000069 ], [ -122.705919461999912, 45.736018386000097 ], [ -122.705702046999946, 45.73601793400006 ], [ -122.705297819999899, 45.736017207 ], [ -122.704215323999946, 45.736015252000108 ], [ -122.703585102999938, 45.736016926000069 ], [ -122.703094062, 45.736018241000089 ], [ -122.702644431999914, 45.736019442 ], [ -122.701316896999941, 45.736022980000037 ], [ -122.69888170199998, 45.736028224000023 ], [ -122.697500808999948, 45.736032525000027 ], [ -122.696166683999962, 45.73603590200004 ], [ -122.694905934999923, 45.736039059000035 ], [ -122.693727245, 45.736042001 ], [ -122.692889599999972, 45.736044385000028 ], [ -122.692440601999948, 45.736045660000045 ], [ -122.692420264999953, 45.736045718000049 ], [ -122.692342997999958, 45.736045937000071 ], [ -122.69179977099995, 45.736050601 ], [ -122.691694549999951, 45.736051505 ], [ -122.687311530000031, 45.736089047000085 ], [ -122.68730812599992, 45.736089077 ], [ -122.687302740999925, 45.736089123000092 ], [ -122.685718930999968, 45.736107156000074 ], [ -122.68474079799995, 45.736118281000103 ], [ -122.683805203, 45.7361235710001 ], [ -122.682273744999932, 45.736132211000012 ], [ -122.682194193000015, 45.736132777000059 ], [ -122.682181555999946, 45.736132867000066 ], [ -122.682161594999982, 45.736133009000078 ], [ -122.682116594999982, 45.736133329000019 ], [ -122.679603772999911, 45.736153915000031 ], [ -122.677042974999949, 45.736174858 ], [ -122.673677854999966, 45.736202272000035 ], [ -122.672956267999936, 45.736208141000077 ], [ -122.671891267000021, 45.736216775000081 ], [ -122.668047409999943, 45.736230316000047 ], [ -122.666772898, 45.736234783000064 ], [ -122.665866264999948, 45.736242195000052 ], [ -122.664199921999924, 45.73624831800003 ], [ -122.664101663999972, 45.736248679000056 ], [ -122.661644239999944, 45.73625863600008 ], [ -122.661545812999975, 45.736258811 ], [ -122.661284144, 45.736259258000047 ], [ -122.659073985, 45.736263023000092 ], [ -122.65879389199992, 45.736263503000039 ], [ -122.658436166999977, 45.73626411 ], [ -122.658108571999961, 45.73626466500005 ], [ -122.657739979999931, 45.73497060600009 ], [ -122.657729199999935, 45.734971310000063 ], [ -122.657213084999952, 45.733324858000081 ], [ -122.657007207999968, 45.732658182000073 ], [ -122.656179695999981, 45.729978341000034 ], [ -122.656021581999951, 45.729396610000038 ], [ -122.655902022999911, 45.729063133000068 ], [ -122.655704273999987, 45.72849394000005 ], [ -122.655635498999985, 45.728374041000073 ], [ -122.655624356999951, 45.728354618000068 ], [ -122.655023301999947, 45.726485108000105 ], [ -122.654851042, 45.725949293 ], [ -122.65484873699998, 45.725942123000031 ], [ -122.654693113, 45.725423562000024 ], [ -122.65462583799993, 45.724855896000037 ], [ -122.654605507999932, 45.724334745000085 ], [ -122.654646658999965, 45.723654375000102 ], [ -122.654698146999962, 45.723321062000053 ], [ -122.654860763, 45.722268344000085 ], [ -122.654912993999972, 45.722046690000042 ], [ -122.654925235999926, 45.721994736000092 ], [ -122.654948200999954, 45.72189810800009 ], [ -122.654952151000018, 45.721881490000051 ], [ -122.65500490600003, 45.721679690000052 ], [ -122.65504765503897, 45.721391421840515 ], [ -122.655004905999988, 45.72167969000003 ], [ -122.654952150999975, 45.721881490000044 ], [ -122.654926591, 45.721881489000054 ], [ -122.654926347999947, 45.721881488000065 ], [ -122.654846892999956, 45.721881489000054 ], [ -122.654751430999966, 45.721881482000072 ], [ -122.654723457999978, 45.721881481000025 ], [ -122.654000943999961, 45.721272384000031 ], [ -122.65098550099998, 45.719150068000033 ], [ -122.649373614999945, 45.718064450000043 ], [ -122.648022396348779, 45.717154323400152 ], [ -122.649373614999945, 45.718064450000064 ], [ -122.649060356999954, 45.718064379000054 ], [ -122.648521510999956, 45.718064256000048 ], [ -122.648095251999948, 45.71806750500005 ], [ -122.647452685, 45.718072434000099 ], [ -122.647037484999913, 45.718070538000035 ], [ -122.646738817999989, 45.718031442000083 ], [ -122.646468095999964, 45.71798079400007 ], [ -122.646232221, 45.717919880000089 ], [ -122.645919571999968, 45.717835872000066 ], [ -122.645753665000015, 45.717786610000076 ], [ -122.645318327999959, 45.717644284000116 ], [ -122.645223539999932, 45.717611113000032 ], [ -122.64483043300001, 45.717497298000033 ], [ -122.644544772999907, 45.717427429000026 ], [ -122.644223527999969, 45.71737405500005 ], [ -122.644137300999944, 45.717359621000099 ], [ -122.643898178999962, 45.717341031000068 ], [ -122.643655272000032, 45.717325809000052 ], [ -122.643402861999931, 45.717330615 ], [ -122.643093882999935, 45.717353602000045 ], [ -122.642814912999953, 45.717393030000018 ], [ -122.64251404, 45.717448350000069 ], [ -122.642226990999973, 45.717519309000075 ], [ -122.641902543999961, 45.717623170000053 ], [ -122.641642935999968, 45.717732738000059 ], [ -122.641379378999929, 45.717866774000051 ], [ -122.641110903, 45.718038104000101 ], [ -122.64045972299995, 45.718401885000091 ], [ -122.64066161999996, 45.71854618400004 ], [ -122.640787507999974, 45.71863659000006 ], [ -122.640900912999953, 45.718720676 ], [ -122.641027973999982, 45.718828677000054 ], [ -122.641119497, 45.718929165000112 ], [ -122.641198329999952, 45.71900538000002 ], [ -122.641278427999922, 45.719114230000059 ], [ -122.641327910999934, 45.719191000000102 ], [ -122.641373279999954, 45.71930055500011 ], [ -122.64138850599997, 45.719390236000066 ], [ -122.641380725999952, 45.719492616000011 ], [ -122.641360888, 45.719587035000096 ], [ -122.641302982999903, 45.719747631000061 ], [ -122.641217690999952, 45.719946858000114 ], [ -122.641150239999973, 45.720139054000029 ], [ -122.641105028999959, 45.72024827300001 ], [ -122.641069637999962, 45.720396143000073 ], [ -122.641063429999988, 45.720513835000041 ], [ -122.641057753999959, 45.720594741000077 ], [ -122.641050964000016, 45.720684798000065 ], [ -122.641058211, 45.721301172000082 ], [ -122.641063801000016, 45.721900037000076 ], [ -122.641053933, 45.722515581000025 ], [ -122.64104790199994, 45.722891787000066 ], [ -122.640862315999954, 45.722890857999985 ], [ -122.640711773999925, 45.722897235000069 ], [ -122.640580398999987, 45.722905518000047 ], [ -122.640495573999985, 45.722914848000109 ], [ -122.640458872999972, 45.722927931000036 ], [ -122.640116778, 45.723107906000095 ], [ -122.639449746999958, 45.723430703000069 ], [ -122.638964756999982, 45.723688314000064 ], [ -122.638522307999963, 45.723906750000019 ], [ -122.638435289999961, 45.723935364000077 ], [ -122.638326407, 45.723968253000045 ], [ -122.638214852999923, 45.723995404000071 ], [ -122.638121783999949, 45.724006814000042 ], [ -122.638012007000015, 45.72401661600005 ], [ -122.637911107999926, 45.724028133000026 ], [ -122.637820857999927, 45.724049134999987 ], [ -122.637671846999936, 45.724107815000046 ], [ -122.637584782000019, 45.724160520000055 ], [ -122.637543894999922, 45.724204632000067 ], [ -122.637504693999958, 45.724267012000077 ], [ -122.637470629999896, 45.724373577 ], [ -122.637467814000019, 45.724452629000069 ], [ -122.637469512999985, 45.72453446700009 ], [ -122.63747665299995, 45.725212350000042 ], [ -122.637240380999941, 45.725204959000052 ], [ -122.637139591999954, 45.725194059000039 ], [ -122.637037983999988, 45.725174639000031 ], [ -122.636939965999957, 45.725159442000106 ], [ -122.636859967, 45.725141757000067 ], [ -122.636783474999973, 45.725126105000101 ], [ -122.636691411, 45.725112937000077 ], [ -122.636577841999923, 45.725113377000113 ], [ -122.635946822999941, 45.725115192 ], [ -122.635946041999958, 45.72515172 ], [ -122.635910536999958, 45.725150199000055 ], [ -122.635909342999952, 45.725119325999984 ], [ -122.63589676899997, 45.724794182000082 ], [ -122.635870696999945, 45.724581927000017 ], [ -122.63579008899994, 45.724345677 ], [ -122.635635881999974, 45.724054509000077 ], [ -122.635462504000017, 45.723729284000079 ], [ -122.635431612000033, 45.72362349400003 ], [ -122.635190335999965, 45.723621815000072 ], [ -122.635070186999968, 45.723749239000043 ], [ -122.634837611, 45.723972657000054 ], [ -122.634593684999984, 45.724133714000061 ], [ -122.634286298999953, 45.724270947000043 ], [ -122.634031758999939, 45.724388403 ], [ -122.633457519000032, 45.724555721000073 ], [ -122.632722552999965, 45.724765455000103 ], [ -122.632394751999939, 45.724885433000082 ], [ -122.63231726, 45.724919949000011 ], [ -122.632277342999899, 45.724938578000042 ], [ -122.632238423999965, 45.724957703000022 ], [ -122.632200012999988, 45.724977290000048 ], [ -122.63216587, 45.724995129000014 ], [ -122.631925989999971, 45.72515102100003 ], [ -122.631786771999899, 45.725247518000025 ], [ -122.631541141999918, 45.725364799000047 ], [ -122.631294308999927, 45.725450818000056 ], [ -122.631117429999946, 45.725504297000043 ], [ -122.63094449299993, 45.72560246500008 ], [ -122.630902613000018, 45.725630455000086 ], [ -122.63075986099993, 45.725723742000078 ], [ -122.630769211, 45.72560639700005 ], [ -122.630770741999953, 45.725492064 ], [ -122.63077392799994, 45.725254540000073 ], [ -122.630774514, 45.725210837000098 ], [ -122.63077465500001, 45.725135307000066 ], [ -122.630775865999922, 45.724471757000053 ], [ -122.6307723, 45.724425107000101 ], [ -122.630769356000016, 45.724426153000095 ], [ -122.630604853, 45.724484592000046 ], [ -122.630481555999907, 45.724530727000044 ], [ -122.630332199999899, 45.724596127000041 ], [ -122.630235202999955, 45.724629250000113 ], [ -122.630084161999989, 45.724650879000038 ], [ -122.630067386999926, 45.724649449000012 ], [ -122.629983433999911, 45.724642303000039 ], [ -122.628984143999915, 45.724654046000033 ], [ -122.628984982999981, 45.724536111000049 ], [ -122.628170674000017, 45.724545635000034 ], [ -122.628169650999936, 45.724633439000016 ], [ -122.627732709999933, 45.724551296000058 ], [ -122.627564373999945, 45.724553451000062 ], [ -122.627498604999928, 45.724554268000041 ], [ -122.627418056999929, 45.724555272000032 ], [ -122.626778477999935, 45.72456341 ], [ -122.626694544000017, 45.724564474 ], [ -122.626109046999971, 45.724571898000079 ], [ -122.625549179999922, 45.724577709000116 ], [ -122.625404278999923, 45.724272814000109 ], [ -122.625437740999942, 45.724111830000027 ], [ -122.625333023999985, 45.723807889000099 ], [ -122.62536524399998, 45.723805481000078 ], [ -122.625355934000012, 45.723449031000072 ], [ -122.625354487999985, 45.723398736 ], [ -122.625339696, 45.722925245000077 ], [ -122.625426308999977, 45.722924166000077 ], [ -122.625453220999972, 45.722923787000049 ], [ -122.625581676999943, 45.72292213900009 ], [ -122.625680270999936, 45.722920872000074 ], [ -122.625660142999962, 45.722512333000019 ], [ -122.625635541999969, 45.722331055000033 ], [ -122.625639265999922, 45.722121904000048 ], [ -122.625637432999937, 45.722087598000051 ], [ -122.625640816999962, 45.721641238000068 ], [ -122.625641864999949, 45.721185064000068 ], [ -122.625642713999937, 45.720800135000019 ], [ -122.625643795999935, 45.720382923000045 ], [ -122.625644118999958, 45.720264098000072 ], [ -122.625645256999974, 45.719822967 ], [ -122.625646632, 45.719464344000073 ], [ -122.625647334999968, 45.719215470000087 ], [ -122.625648345999963, 45.718897462000065 ], [ -122.62564914099994, 45.718537289000018 ], [ -122.625649728999988, 45.71847624000003 ], [ -122.625905645000017, 45.718473248000045 ], [ -122.626927328999912, 45.718461280000035 ], [ -122.626932246999957, 45.716655117000073 ], [ -122.620503478999979, 45.716727331000094 ], [ -122.620503505999977, 45.716700181000071 ], [ -122.620503520999975, 45.716684794000038 ], [ -122.620503586999988, 45.716630877000021 ], [ -122.620503608999982, 45.71661420800006 ], [ -122.620475573999968, 45.715804107000089 ], [ -122.620475281999944, 45.715770979000105 ], [ -122.620474966999922, 45.71576279600005 ], [ -122.620474786, 45.715745312000109 ], [ -122.620472100999947, 45.715496842000071 ], [ -122.620466177, 45.714917263000075 ], [ -122.620465882999966, 45.714888511 ], [ -122.620466267, 45.714860257000069 ], [ -122.620469600999925, 45.714500783000076 ], [ -122.62047344799997, 45.714103667000082 ], [ -122.620473838999914, 45.714075585000067 ], [ -122.6204778809999, 45.713658061000075 ], [ -122.620479237000012, 45.713502098000049 ], [ -122.620481912999963, 45.713227507000063 ], [ -122.620482375, 45.713150259000066 ], [ -122.620482602999928, 45.713105205000069 ], [ -122.620501235999967, 45.712264110000021 ], [ -122.620501188999967, 45.712230533000088 ], [ -122.620501116999961, 45.712184796000031 ], [ -122.620501084999958, 45.712162420000048 ], [ -122.620501013999942, 45.71211620000004 ], [ -122.620500909999933, 45.712047604000048 ], [ -122.620499690999921, 45.711280485 ], [ -122.620499594999913, 45.711220867000037 ], [ -122.62049958899992, 45.71121641200002 ], [ -122.62049953, 45.711179377000065 ], [ -122.620499029999962, 45.710866309000011 ], [ -122.620498946999959, 45.7108147860001 ], [ -122.620498887999943, 45.710778650000037 ], [ -122.62049875799994, 45.710697129000046 ], [ -122.620498187999985, 45.710347974000022 ], [ -122.620498147999982, 45.710322128000016 ], [ -122.620498133999973, 45.710303617000079 ], [ -122.620498111999979, 45.710270179000069 ], [ -122.620498066999971, 45.710235039000089 ], [ -122.620497982999964, 45.710166451000099 ], [ -122.620497950999962, 45.710141847000017 ], [ -122.620497040999979, 45.709473891000087 ], [ -122.620496818999953, 45.709433122000085 ], [ -122.620496448000011, 45.709178404000063 ], [ -122.620495851999962, 45.708766237000063 ], [ -122.620494283000014, 45.707683740000029 ], [ -122.620494222, 45.70764308400004 ], [ -122.620494212000011, 45.707636917000059 ], [ -122.620492913999982, 45.706751140000044 ], [ -122.620492442518056, 45.706429470482043 ], [ -122.620492913999954, 45.706751140000051 ], [ -122.620494211999983, 45.707636917000059 ], [ -122.620494222, 45.70764308400004 ], [ -122.620494282999971, 45.70768374000005 ], [ -122.619836965, 45.707684611000047 ], [ -122.615682641999967, 45.707690022000065 ], [ -122.611285663, 45.707695486000034 ], [ -122.609117294999976, 45.707700345000035 ], [ -122.607143431999987, 45.707704733000071 ], [ -122.606374959, 45.707706892000033 ], [ -122.606344321, 45.707706978000033 ], [ -122.605914388999963, 45.707708184000069 ], [ -122.60591433999997, 45.707699415000036 ], [ -122.605896606999977, 45.704556551000053 ], [ -122.60589495, 45.704262730000039 ], [ -122.605893939999987, 45.704083624000077 ], [ -122.605892352999945, 45.703802386000064 ], [ -122.607112210999958, 45.703791890000048 ], [ -122.607154441999967, 45.703765124000029 ], [ -122.607186699999943, 45.702001196000026 ], [ -122.607214715999987, 45.700469197000075 ], [ -122.607603811999979, 45.700461910000058 ], [ -122.607958022999981, 45.700455276000071 ], [ -122.608584777999965, 45.699475569000072 ], [ -122.608768067999961, 45.699261307000029 ], [ -122.609560514999941, 45.698334923000061 ], [ -122.609638161999953, 45.69824415000005 ], [ -122.60965284699995, 45.69822698300004 ], [ -122.611053869999978, 45.696655688000078 ], [ -122.61137916499996, 45.696297678000064 ], [ -122.61143317799997, 45.696238232000042 ], [ -122.611642540999981, 45.696007811000072 ], [ -122.611503205999952, 45.695907944000055 ], [ -122.611494500999981, 45.69590170400005 ], [ -122.609757786999978, 45.694656525000028 ], [ -122.609407905999944, 45.694399733000068 ], [ -122.60933935099996, 45.694347138000069 ], [ -122.609064632999946, 45.694136469000057 ], [ -122.608728053999982, 45.693869053000071 ], [ -122.608397684999943, 45.693597575000069 ], [ -122.607970209999962, 45.69323036000003 ], [ -122.607509946, 45.692810626000039 ], [ -122.607436066, 45.692743251000081 ], [ -122.607423950999987, 45.692750580000052 ], [ -122.607400017999964, 45.69276453100008 ], [ -122.607376077999959, 45.692778309000062 ], [ -122.607327685999962, 45.692805320000048 ], [ -122.607303237999986, 45.692818594000073 ], [ -122.607278293999968, 45.69283170500006 ], [ -122.607228383999939, 45.692857328000059 ], [ -122.607203418999973, 45.692869881000036 ], [ -122.607177956999976, 45.692882232000045 ], [ -122.60696814299996, 45.692974630000037 ], [ -122.60690247399998, 45.692998614000032 ], [ -122.606748566999954, 45.693054826000036 ], [ -122.606520674999956, 45.693122316000029 ], [ -122.606352803, 45.69297656100008 ], [ -122.605469616, 45.692209712000079 ], [ -122.604867429999956, 45.69168673300004 ], [ -122.603847753999958, 45.690581714000075 ], [ -122.603551495999966, 45.690279711000073 ], [ -122.603088108999941, 45.68981584900007 ], [ -122.60307794299996, 45.689805837000051 ], [ -122.602996059999953, 45.68972412800008 ], [ -122.602840288999971, 45.68956825500004 ], [ -122.601985910999986, 45.688713304000032 ], [ -122.601658881999981, 45.688386408000042 ], [ -122.601601452999944, 45.688342947000081 ], [ -122.600920014999986, 45.687830899000062 ], [ -122.600810187999969, 45.687747522000052 ], [ -122.600538509999978, 45.687516808000055 ], [ -122.600528861999976, 45.68750861400008 ], [ -122.599981704999948, 45.687043949000042 ], [ -122.598333203999971, 45.686024187000044 ], [ -122.598174489999963, 45.685925178000048 ], [ -122.59776745299996, 45.68567125900006 ], [ -122.597666741999944, 45.685608714000068 ], [ -122.597594735999962, 45.685567706000029 ], [ -122.597353126999963, 45.685440750000055 ], [ -122.597077577999983, 45.685296080000057 ], [ -122.596868918999974, 45.68518646800004 ], [ -122.596658265999963, 45.685075863000066 ], [ -122.596413176999988, 45.684947339000075 ], [ -122.596210013999951, 45.684840668000049 ], [ -122.596093702999951, 45.684779526000057 ], [ -122.595123180999963, 45.684594409000056 ], [ -122.59486463199994, 45.68465341700005 ], [ -122.594218786999988, 45.684821686000078 ], [ -122.594218755999975, 45.684954688000062 ], [ -122.594218758999943, 45.68495869000003 ], [ -122.594219530999965, 45.686085570000046 ], [ -122.594218521999949, 45.686098283000035 ], [ -122.594216599, 45.686122518000047 ], [ -122.59421532999994, 45.686138519000053 ], [ -122.592604036999944, 45.686139164000053 ], [ -122.59125288499996, 45.686139689000072 ], [ -122.590980280999986, 45.686139465000053 ], [ -122.589043450999952, 45.686137854000037 ], [ -122.589014678999945, 45.686137887000029 ], [ -122.588602062976094, 45.68613837180078 ], [ -122.589014678999959, 45.686137887000065 ], [ -122.589043450999938, 45.686137854000066 ], [ -122.589044844999975, 45.68618995700011 ], [ -122.589045679999955, 45.687441027000062 ], [ -122.588847169999951, 45.687438584000041 ], [ -122.58879014299994, 45.687437881000072 ], [ -122.588922498999978, 45.687651796000097 ], [ -122.589045994999978, 45.687852063000058 ], [ -122.589053841999913, 45.687864789000045 ], [ -122.589112635999982, 45.687933889000078 ], [ -122.589116420999943, 45.687938339 ], [ -122.589046069999981, 45.687959591000073 ], [ -122.588662857999978, 45.688075364000056 ], [ -122.588660547999964, 45.688076062000029 ], [ -122.588758068999951, 45.688216439 ], [ -122.58891234599993, 45.68839454000009 ], [ -122.589152978999948, 45.688661521000064 ], [ -122.589284145999969, 45.688818929000028 ], [ -122.589347292999946, 45.688922894000015 ], [ -122.589260010999922, 45.688957049000088 ], [ -122.589046812999953, 45.68903598600005 ], [ -122.588884132, 45.689096219000056 ], [ -122.588886644999931, 45.68910067700007 ], [ -122.588934477999899, 45.689185552 ], [ -122.589046975999963, 45.689272462000076 ], [ -122.589057954999987, 45.689280944000068 ], [ -122.589177840999966, 45.689462558000081 ], [ -122.589238570999925, 45.689554741000073 ], [ -122.589234576999942, 45.689556071 ], [ -122.589118275, 45.689594796 ], [ -122.588910966999904, 45.689663824000036 ], [ -122.58891156199995, 45.689667316000062 ], [ -122.588916626999932, 45.689697068000036 ], [ -122.588911472999953, 45.6897290100001 ], [ -122.588888460999911, 45.689767415000084 ], [ -122.589050209999968, 45.689839762000119 ], [ -122.589048685999927, 45.689843800000098 ], [ -122.588955921999982, 45.690089476 ], [ -122.588958372, 45.69009528200003 ], [ -122.588994320999959, 45.690180508000068 ], [ -122.589019801999939, 45.690240916000093 ], [ -122.589032237999987, 45.690270398000045 ], [ -122.588966251999949, 45.690522314000106 ], [ -122.588965108999943, 45.690526680000019 ], [ -122.588943472000025, 45.690523823000049 ], [ -122.588942738999961, 45.690528528000087 ], [ -122.588942364000019, 45.690530935000019 ], [ -122.588895034999922, 45.690834537000093 ], [ -122.58890188999996, 45.690902634000039 ], [ -122.588903019999961, 45.690913865 ], [ -122.588946313, 45.690916693000048 ], [ -122.589044490999939, 45.690923109000046 ], [ -122.589057193999921, 45.690923938000026 ], [ -122.589105477000018, 45.690927092000024 ], [ -122.589088439999941, 45.691006469000015 ], [ -122.589053080999946, 45.691164671000053 ], [ -122.589045163, 45.691200093000049 ], [ -122.589045276, 45.69124563 ], [ -122.589051636, 45.691249176000028 ], [ -122.589128094000017, 45.691291799000091 ], [ -122.58931807699993, 45.691399030000078 ], [ -122.589438134, 45.691454134000018 ], [ -122.58944848299997, 45.691458884000056 ], [ -122.58943027899997, 45.691508474000074 ], [ -122.589422775999978, 45.691528910000081 ], [ -122.589418754999912, 45.691539866 ], [ -122.589046070999984, 45.691572991000086 ], [ -122.588944306, 45.691582035000032 ], [ -122.588928554999939, 45.691583436000059 ], [ -122.588948987999942, 45.691649174000084 ], [ -122.588950470999976, 45.69165394700012 ], [ -122.588967436999965, 45.691908622000057 ], [ -122.58896618299994, 45.691908697000059 ], [ -122.588764348999945, 45.69192075200008 ], [ -122.588765331999937, 45.691924432000029 ], [ -122.588819063999935, 45.692125607000065 ], [ -122.588877120999953, 45.692341201000055 ], [ -122.588875198999972, 45.692341452000072 ], [ -122.588838656999968, 45.692346243000024 ], [ -122.588839943999986, 45.692351039000066 ], [ -122.588896174999931, 45.692560518000079 ], [ -122.588935184999954, 45.692556966000055 ], [ -122.588934232999961, 45.692803616000035 ], [ -122.588934136999953, 45.69289170000004 ], [ -122.588933444, 45.693106373000035 ], [ -122.589048608000013, 45.693214607000108 ], [ -122.589048722999934, 45.693489485000029 ], [ -122.589039962999919, 45.693504621000038 ], [ -122.589009812, 45.693556718 ], [ -122.588987711999948, 45.693594905000047 ], [ -122.58896466999991, 45.693634722000056 ], [ -122.588965679999902, 45.693811512000025 ], [ -122.58896634099996, 45.693927093000084 ], [ -122.588966675999984, 45.693985519000123 ], [ -122.588919007999948, 45.693993047000035 ], [ -122.588918931999942, 45.693997413000041 ], [ -122.588916246999986, 45.694153018000037 ], [ -122.588962422, 45.69418366700009 ], [ -122.589151033999968, 45.694220690000044 ], [ -122.589236515000024, 45.694237469 ], [ -122.589195484999905, 45.694342946000035 ], [ -122.589282554999926, 45.694384606000014 ], [ -122.589295602000021, 45.69439085000009 ], [ -122.58921340199997, 45.694609779000082 ], [ -122.589164835999952, 45.694706934000038 ], [ -122.58905294100002, 45.694930773000088 ], [ -122.589053894999921, 45.695502274000035 ], [ -122.589068186999953, 45.695570589000091 ], [ -122.589103712999957, 45.695733711000088 ], [ -122.589138250999966, 45.695896591000064 ], [ -122.589172262999938, 45.696058454000045 ], [ -122.589206321999924, 45.696221602000044 ], [ -122.589240783999927, 45.696382426000113 ], [ -122.58885383999997, 45.696424411000038 ], [ -122.588855102, 45.696430357000082 ], [ -122.588888374, 45.696587166 ], [ -122.588920615999911, 45.696741087000035 ], [ -122.588923303999948, 45.696745492000048 ], [ -122.589034336999987, 45.696927445 ], [ -122.58903941399997, 45.696942160000063 ], [ -122.589306534999949, 45.697716438 ], [ -122.589348339999944, 45.697837612000079 ], [ -122.589355284, 45.69785774200006 ], [ -122.589115412999945, 45.697858088 ], [ -122.589029886999981, 45.697858212 ], [ -122.588984477999944, 45.697858273000101 ], [ -122.587945063999925, 45.697859713000042 ], [ -122.586017139999925, 45.697862360000087 ], [ -122.583953205999947, 45.697865711000098 ], [ -122.583822798999989, 45.697868962 ], [ -122.583718047999938, 45.697871574000047 ], [ -122.583593747999956, 45.697870387000037 ], [ -122.583024379, 45.697864951000035 ], [ -122.582745547999949, 45.697862288000081 ], [ -122.581671109999959, 45.697852020000028 ], [ -122.581160725999908, 45.697847139000068 ], [ -122.581156654000026, 45.697847315000082 ], [ -122.580388512999974, 45.697880549000082 ], [ -122.580256337999955, 45.697886267000023 ], [ -122.58024915999998, 45.697886578000045 ], [ -122.579237439999943, 45.697884168000023 ], [ -122.576000285999967, 45.697876397000094 ], [ -122.575995431999928, 45.697875425000099 ], [ -122.575799121000031, 45.697836131000045 ], [ -122.575789156, 45.697843225000014 ], [ -122.575715460999945, 45.697895685000091 ], [ -122.575715239999923, 45.697895843000012 ], [ -122.575715228, 45.697896920000105 ], [ -122.575707027999954, 45.698682090000055 ], [ -122.575704633999933, 45.698911331000012 ], [ -122.575702464999935, 45.699119040000056 ], [ -122.575699523999958, 45.699134774000115 ], [ -122.575669401999946, 45.699295597000102 ], [ -122.575489014999945, 45.699350026000076 ], [ -122.575482683999951, 45.699351936000056 ], [ -122.575219686999958, 45.69935317300007 ], [ -122.575192546000025, 45.699353300000077 ], [ -122.575171416999964, 45.699353127000066 ], [ -122.569513458999978, 45.69930645500002 ], [ -122.569506233, 45.699306395000107 ], [ -122.56943821699997, 45.699305879000065 ], [ -122.568497216999916, 45.699298725000091 ], [ -122.566600289999897, 45.699284281000054 ], [ -122.564995055999958, 45.699261831000058 ], [ -122.564874038999974, 45.699260137000095 ], [ -122.563857847999927, 45.699239248000055 ], [ -122.563505597, 45.698870184000072 ], [ -122.563136225999983, 45.698797897000041 ], [ -122.563127273999953, 45.698797952000049 ], [ -122.562948696000021, 45.698799026000046 ], [ -122.56294453799994, 45.698788444000058 ], [ -122.562941293000023, 45.698779850000058 ], [ -122.562870434000018, 45.69859213700007 ], [ -122.562485491999965, 45.697717246000067 ], [ -122.562367722, 45.697563724000069 ], [ -122.56231144399996, 45.69747617300002 ], [ -122.562210258000022, 45.697278002000054 ], [ -122.562153992999981, 45.697101852000046 ], [ -122.562154575999941, 45.696968154000082 ], [ -122.562163249999955, 45.69662350400008 ], [ -122.562126665999941, 45.696465732000078 ], [ -122.562110037999986, 45.695966993000113 ], [ -122.562122668999976, 45.695467224000062 ], [ -122.56216843699994, 45.695361540000114 ], [ -122.562164995, 45.695086774000025 ], [ -122.562163611999978, 45.69490442700004 ], [ -122.562165864, 45.694691502000097 ], [ -122.562164793, 45.694007150000047 ], [ -122.562170095999988, 45.693767023000078 ], [ -122.562171362999919, 45.693418385 ], [ -122.56216290699993, 45.693346517000101 ], [ -122.562400003999485, 45.693327067000041 ], [ -122.562151894999943, 45.693326759000058 ], [ -122.560722581, 45.693324955000037 ], [ -122.557983330999946, 45.693321458000071 ], [ -122.557935384999951, 45.693321397000034 ], [ -122.552771873999973, 45.693415710000068 ], [ -122.552785584, 45.69145579700006 ], [ -122.552786021999964, 45.691393158000039 ], [ -122.552783633999979, 45.691354620000027 ], [ -122.552744274999952, 45.690719192000074 ], [ -122.552726607999944, 45.690589931000034 ], [ -122.552717242999961, 45.690521388000036 ], [ -122.552716337, 45.690499746000057 ], [ -122.552685330999964, 45.689759481000067 ], [ -122.552665102999981, 45.689276526000071 ], [ -122.552664982999943, 45.689273659000037 ], [ -122.552814626999975, 45.689271335000058 ], [ -122.553669545, 45.689262806000045 ], [ -122.555347753999968, 45.689261053000052 ], [ -122.555392666999978, 45.689261005000048 ], [ -122.555393, 45.689243640000029 ], [ -122.555386624, 45.688051494000035 ], [ -122.55538650699998, 45.688029722000067 ], [ -122.556165175999979, 45.688023724000061 ], [ -122.556189703999962, 45.688025463000031 ], [ -122.556210782999983, 45.688026578000063 ], [ -122.556231847999982, 45.688027307000027 ], [ -122.556252898999958, 45.688027652000073 ], [ -122.556273934999979, 45.688027610000063 ], [ -122.556295445999979, 45.68802717300008 ], [ -122.556316453999955, 45.688026361000027 ], [ -122.556337448999955, 45.688025207000067 ], [ -122.556358427999953, 45.68802362200006 ], [ -122.556379387999982, 45.688021653000078 ], [ -122.55640034399994, 45.688019342000075 ], [ -122.55642128, 45.688016603000051 ], [ -122.556441714999949, 45.688013527000066 ], [ -122.556462133999958, 45.68801006800004 ], [ -122.556482543999948, 45.688006225000038 ], [ -122.556502933, 45.688002036000057 ], [ -122.556523310999978, 45.687997464000034 ], [ -122.556543186999988, 45.68799251400003 ], [ -122.556563044999962, 45.687987221000071 ], [ -122.556582409999976, 45.687981595000053 ], [ -122.556601755999964, 45.687975585000061 ], [ -122.556610323999962, 45.687972700000046 ], [ -122.556620600999963, 45.687969238000051 ], [ -122.556639925999946, 45.687962543000026 ], [ -122.556658251999977, 45.68795552000006 ], [ -122.556676569999979, 45.687948157000051 ], [ -122.556694874999948, 45.687940449000052 ], [ -122.55671267799994, 45.687932407000062 ], [ -122.556729980999989, 45.687924078000037 ], [ -122.556747270999949, 45.687915403000034 ], [ -122.556764061999957, 45.687906439000074 ], [ -122.556780351999976, 45.687897182000029 ], [ -122.556796630999941, 45.687887626000077 ], [ -122.556812407999985, 45.687877736000075 ], [ -122.556827686999952, 45.687867598000025 ], [ -122.556842955999969, 45.687857204000068 ], [ -122.556857235999985, 45.68784652800008 ], [ -122.556871506999983, 45.687835593000045 ], [ -122.556885766999983, 45.687824359000047 ], [ -122.556899039999962, 45.687812930000064 ], [ -122.556911814999978, 45.687801252000042 ], [ -122.556924580999976, 45.687789319000046 ], [ -122.556936849999943, 45.687777178000033 ], [ -122.556953924999959, 45.687762722000059 ], [ -122.556958200999986, 45.687759300000039 ], [ -122.556971974999954, 45.687748160000069 ], [ -122.556986238999968, 45.68773705600006 ], [ -122.557000507999987, 45.687726080000061 ], [ -122.557014781999953, 45.687715230000038 ], [ -122.557029058999944, 45.687704468000049 ], [ -122.557043828999952, 45.687693826000043 ], [ -122.55705090899994, 45.68768878800006 ], [ -122.557058604999952, 45.687683313000036 ], [ -122.557073871999989, 45.687672876000079 ], [ -122.557089144999964, 45.687662565000039 ], [ -122.557104419999973, 45.687652341000046 ], [ -122.557119699999987, 45.687642247000042 ], [ -122.557135473999949, 45.68763227200003 ], [ -122.557151252999972, 45.687622426000075 ], [ -122.557167036999942, 45.687612707000028 ], [ -122.55718331199995, 45.687603066000065 ], [ -122.55719959299995, 45.687593551000077 ], [ -122.557215879999944, 45.687584209000079 ], [ -122.557227409999939, 45.687577660000045 ], [ -122.557232173999978, 45.68757495400007 ], [ -122.55724024999995, 45.687570556000026 ], [ -122.557248952999942, 45.687565817000063 ], [ -122.55726574199997, 45.687556809000057 ], [ -122.557282532999977, 45.68754788800004 ], [ -122.557299819999969, 45.687539128000026 ], [ -122.557317111999964, 45.687530495000033 ], [ -122.557334407999974, 45.687521993000075 ], [ -122.557351709999978, 45.687513617000036 ], [ -122.55736950499994, 45.68750536400006 ], [ -122.557386816999951, 45.687497290000067 ], [ -122.557404620999989, 45.687489289000041 ], [ -122.557422920999954, 45.687481454000078 ], [ -122.557440734999943, 45.687473713000031 ], [ -122.557459044999973, 45.687466137000058 ], [ -122.557477358999961, 45.68745868600007 ], [ -122.55748579699997, 45.687455313000044 ], [ -122.557495677999952, 45.687451364000026 ], [ -122.557514003, 45.687444215000028 ], [ -122.557517864999966, 45.687442814000065 ], [ -122.557520944999965, 45.687441654000054 ], [ -122.557532821999985, 45.687437183000043 ], [ -122.557551645999979, 45.687430279000068 ], [ -122.557570469999973, 45.687423508000052 ], [ -122.557589308999979, 45.687416906000067 ], [ -122.55759416799998, 45.687416005000046 ], [ -122.5575902, 45.687401418000036 ], [ -122.557587209999951, 45.687386810000078 ], [ -122.557581223999989, 45.687357431000066 ], [ -122.557577189999961, 45.687327930000038 ], [ -122.557575660999987, 45.687313131000053 ], [ -122.557574621999947, 45.687298359000067 ], [ -122.557574069999987, 45.687283539000077 ], [ -122.557573943999955, 45.687253879000025 ], [ -122.557574371999976, 45.687239085000044 ], [ -122.557576204999975, 45.687209475000031 ], [ -122.557579224999984, 45.68718546000008 ], [ -122.557582071999946, 45.686736254000039 ], [ -122.557586769999943, 45.686100218000036 ], [ -122.557590177999941, 45.686086609000029 ], [ -122.557595382999978, 45.686068727000077 ], [ -122.557601079999984, 45.68605092100006 ], [ -122.557607268999959, 45.686033191000035 ], [ -122.557613948999972, 45.68601549300007 ], [ -122.557621125999958, 45.685997918000055 ], [ -122.557628787999988, 45.685980419000032 ], [ -122.557636947, 45.685963040000047 ], [ -122.557645109999953, 45.685945746000073 ], [ -122.557653765999987, 45.685928571000034 ], [ -122.557663403, 45.685911464000071 ], [ -122.557673046, 45.685894527000073 ], [ -122.557683181999948, 45.685877668000046 ], [ -122.557693323999956, 45.685860982000065 ], [ -122.557704447, 45.685844361000079 ], [ -122.557713815999989, 45.685820058000047 ], [ -122.55776026999996, 45.685734764000074 ], [ -122.557766019999974, 45.685724208000067 ], [ -122.557768831999965, 45.685720897000067 ], [ -122.557969440999955, 45.685511274000078 ], [ -122.558063972999946, 45.685369727000079 ], [ -122.55809192199996, 45.685318853000069 ], [ -122.558106066999983, 45.685291421000045 ], [ -122.558119225999974, 45.685263789000032 ], [ -122.558131891999949, 45.685236084000053 ], [ -122.558143571999949, 45.685208137000075 ], [ -122.558155245999956, 45.685180066000044 ], [ -122.558165448999944, 45.685151888000064 ], [ -122.558175152999979, 45.685123549000025 ], [ -122.55818437299996, 45.685095133000061 ], [ -122.558192603999942, 45.685066566000046 ], [ -122.558200343999943, 45.685037923000039 ], [ -122.558207590999984, 45.685009198000046 ], [ -122.55820971299994, 45.685000501000047 ], [ -122.558213855999952, 45.684980367000037 ], [ -122.558219141, 45.68495150800004 ], [ -122.558223932999965, 45.684922535000055 ], [ -122.558227236, 45.684892982000065 ], [ -122.558241283999962, 45.684271778000038 ], [ -122.558243588999972, 45.684176022000031 ], [ -122.558244298999966, 45.684168809000028 ], [ -122.558244674999969, 45.684165759000052 ], [ -122.558245428999953, 45.68415974100003 ], [ -122.558247915999971, 45.684147697000071 ], [ -122.558250405999956, 45.684135735000041 ], [ -122.558252139999979, 45.684129747000043 ], [ -122.558253875, 45.684123801000055 ], [ -122.558255611999982, 45.684117894000053 ], [ -122.558262294999963, 45.684100286000046 ], [ -122.55826452499997, 45.684094501000061 ], [ -122.558267244999968, 45.684088707000058 ], [ -122.558269965999955, 45.684082957000044 ], [ -122.558273177999979, 45.684077242000058 ], [ -122.558275902, 45.684071577000054 ], [ -122.558282331999976, 45.684060313000032 ], [ -122.558286039, 45.684054759000048 ], [ -122.558289746999947, 45.684049246000029 ], [ -122.558293457, 45.684043780000081 ], [ -122.558297168999957, 45.684038354000052 ], [ -122.55830137099997, 45.684032961000071 ], [ -122.558305576999942, 45.684027656000069 ], [ -122.55830978399996, 45.684022394000067 ], [ -122.558313991999967, 45.684017173000029 ], [ -122.558318686999939, 45.684011985000041 ], [ -122.558323393999956, 45.684006885000031 ], [ -122.558328096999958, 45.684001828000078 ], [ -122.558332803999974, 45.683996856000078 ], [ -122.558338005999985, 45.683991916000025 ], [ -122.558343203, 45.683987062000028 ], [ -122.558348404999947, 45.683982254000057 ], [ -122.558353609999983, 45.683977528000071 ], [ -122.558359305999943, 45.683972837000056 ], [ -122.558365004999985, 45.683968234000076 ], [ -122.558370707999984, 45.683963713000026 ], [ -122.558376411999973, 45.683959236000078 ], [ -122.558382607999988, 45.683954838000034 ], [ -122.558388806999972, 45.683950525000057 ], [ -122.55839500899998, 45.683946297000034 ], [ -122.558401212999968, 45.683942109000043 ], [ -122.55840741999998, 45.683938013000045 ], [ -122.558414120999942, 45.683934030000046 ], [ -122.558420824, 45.683930092000026 ], [ -122.55842703999997, 45.68392625000007 ], [ -122.558906586999967, 45.683587820000071 ], [ -122.559355617, 45.683270819000029 ], [ -122.559368025999959, 45.68326249100005 ], [ -122.559379975999946, 45.683254946000034 ], [ -122.559391931, 45.68324756700008 ], [ -122.559403890999988, 45.683240320000039 ], [ -122.559415857999966, 45.683233243000075 ], [ -122.559428317999959, 45.683226286000036 ], [ -122.559440785, 45.683219499000074 ], [ -122.559453257999962, 45.683212884000056 ], [ -122.559466225, 45.683206390000066 ], [ -122.559479197999963, 45.683200065000051 ], [ -122.559492665999983, 45.683193904000063 ], [ -122.559505651999984, 45.683187922000059 ], [ -122.559519130999945, 45.683182060000036 ], [ -122.559533107999982, 45.683176403000061 ], [ -122.559546605999969, 45.683170927000049 ], [ -122.559560588999943, 45.683165572000064 ], [ -122.55957458499995, 45.683160427000075 ], [ -122.559588584999972, 45.683155414000055 ], [ -122.559603081999967, 45.683150606000027 ], [ -122.559617096999943, 45.683145977000038 ], [ -122.559631606999972, 45.683141511000031 ], [ -122.559646615999952, 45.683137207000073 ], [ -122.559651870999971, 45.683133939000072 ], [ -122.559658129999946, 45.683131337000077 ], [ -122.559663914999987, 45.683128918000079 ], [ -122.559670189999963, 45.683126658000049 ], [ -122.55967696, 45.683124521000025 ], [ -122.559683245999963, 45.683122562000051 ], [ -122.559690026999988, 45.683120724000048 ], [ -122.559696326, 45.683119108000028 ], [ -122.559703118999948, 45.683117612000046 ], [ -122.559709918999943, 45.683116288000065 ], [ -122.559717213999988, 45.683115126000075 ], [ -122.559795004999955, 45.683115288000067 ], [ -122.560821890999989, 45.683116157000029 ], [ -122.560938327999963, 45.683116295000048 ], [ -122.561055741999951, 45.683116372000029 ], [ -122.562157483999954, 45.68311740200005 ], [ -122.562392314999954, 45.683117640000034 ], [ -122.563144747999957, 45.683118332000049 ], [ -122.563232320999987, 45.683118440000044 ], [ -122.563233724999975, 45.682359180000049 ], [ -122.56323374699997, 45.68234731900003 ], [ -122.563237169999979, 45.680496108000057 ], [ -122.563237728999979, 45.680314490000058 ], [ -122.563238095999964, 45.680114616000026 ], [ -122.563240101999952, 45.678936416000056 ], [ -122.563255743999946, 45.677782786000122 ], [ -122.563255743999932, 45.677782786000122 ], [ -122.561414758999931, 45.677788932000098 ], [ -122.559706321999968, 45.677794635000033 ], [ -122.559321885999964, 45.677795889000052 ], [ -122.558014511999971, 45.677800224000052 ], [ -122.554951094999979, 45.677805948000085 ], [ -122.554840639, 45.677806476000036 ], [ -122.552764433999982, 45.67781638000006 ], [ -122.55255945899998, 45.677817346000047 ], [ -122.552552174, 45.67781738000005 ], [ -122.55255571099994, 45.676700492000101 ], [ -122.552556888999945, 45.676421571000027 ], [ -122.552557608000015, 45.67625109300004 ], [ -122.552559582, 45.675651001000041 ], [ -122.552562823, 45.674665733000055 ], [ -122.552563164999938, 45.674609063000069 ], [ -122.552565376999937, 45.673917716000069 ], [ -122.552566588999952, 45.673566026000103 ], [ -122.552567330000016, 45.673351146000087 ], [ -122.552567610999944, 45.67333237000004 ], [ -122.552569689999942, 45.672637425000097 ], [ -122.55257281399993, 45.671773049000073 ], [ -122.552573266999971, 45.671719379000074 ], [ -122.552573890999938, 45.671535452000043 ], [ -122.55257416699996, 45.67145378500004 ], [ -122.552574891999924, 45.67131524100003 ], [ -122.55257531599996, 45.671247597000033 ], [ -122.552577314999951, 45.670761309000028 ], [ -122.552577474999964, 45.670699757000087 ], [ -122.552577498999966, 45.670674059000092 ], [ -122.552577591999977, 45.670623867000117 ], [ -122.552578217999937, 45.670508984000023 ], [ -122.552578398999955, 45.670421627000081 ], [ -122.552579007, 45.670281102000089 ], [ -122.552580568999957, 45.669920219000069 ], [ -122.552580626999955, 45.669906743000112 ], [ -122.552581054, 45.66980811100003 ], [ -122.552591101999937, 45.668801117000022 ], [ -122.552591141000036, 45.668797186000056 ], [ -122.552774062999973, 45.668788987 ], [ -122.553647765999969, 45.668570557000045 ], [ -122.554038340999952, 45.668472985000051 ], [ -122.554408950999985, 45.668409919000077 ], [ -122.554415937999934, 45.668408729000063 ], [ -122.554539332000019, 45.668387731000017 ], [ -122.554544516999911, 45.668386849000029 ], [ -122.554681814, 45.668363484000054 ], [ -122.555029276999974, 45.66827720000002 ], [ -122.555148485999979, 45.668247484000048 ], [ -122.556646391999919, 45.667875403000082 ], [ -122.55663701999994, 45.667743799000029 ], [ -122.556636676000011, 45.667738976000074 ], [ -122.55663015, 45.667647342000038 ], [ -122.556629914999974, 45.667460631000047 ], [ -122.556629680999961, 45.667270783000056 ], [ -122.556629453999946, 45.667090630000075 ], [ -122.556629446999935, 45.667085750000112 ], [ -122.556629446999935, 45.667085415 ], [ -122.556629435000033, 45.667075694000083 ], [ -122.556569267999933, 45.667090526000067 ], [ -122.556572223, 45.666451230000106 ], [ -122.556570238999925, 45.666430501000079 ], [ -122.557412740999908, 45.666221319000087 ], [ -122.557541534, 45.66652585700006 ], [ -122.557541671999928, 45.66652643800002 ], [ -122.557638693999962, 45.666502165000054 ], [ -122.557706324999955, 45.666485245000075 ], [ -122.55798058, 45.666416633000082 ], [ -122.558057523999977, 45.666394692000047 ], [ -122.558057036000022, 45.66639047300005 ], [ -122.558056487999977, 45.666385738000017 ], [ -122.558039633, 45.666240076000044 ], [ -122.558156472, 45.666239889000025 ], [ -122.558288459999986, 45.6662396790001 ], [ -122.558679199999986, 45.666239234000059 ], [ -122.558735930999973, 45.666239139000055 ], [ -122.558735944999967, 45.666243243000039 ], [ -122.558736848999956, 45.66651333500009 ], [ -122.55873780899995, 45.666814959000092 ], [ -122.558738746999936, 45.667155377000014 ], [ -122.558740515, 45.667225956000081 ], [ -122.558743003999936, 45.667325279000039 ], [ -122.559572722999931, 45.667119107000119 ], [ -122.55957246699991, 45.66703283800009 ], [ -122.559572451999912, 45.667027971000039 ], [ -122.559572214999974, 45.666947903000079 ], [ -122.559571332, 45.66672726200003 ], [ -122.559570706999935, 45.666513541000022 ], [ -122.559570902999951, 45.666479439000042 ], [ -122.559570094999984, 45.666339573000101 ], [ -122.559570211999983, 45.666237666000022 ], [ -122.559569674999949, 45.666197 ], [ -122.559569924999963, 45.666132839000049 ], [ -122.559570044999973, 45.666101151000092 ], [ -122.560183484000021, 45.666101775000058 ], [ -122.560222316999941, 45.666101832000059 ], [ -122.560337498999971, 45.666102239000097 ], [ -122.560456882999986, 45.666102662000043 ], [ -122.560456826999896, 45.666091767000026 ], [ -122.560456749999972, 45.666064442000078 ], [ -122.560459196999915, 45.666064443000074 ], [ -122.560456563999963, 45.665927224 ], [ -122.560456148999933, 45.665850464000044 ], [ -122.560455636999976, 45.665653008000049 ], [ -122.560455391999952, 45.665449565000095 ], [ -122.560455070000017, 45.665427799000071 ], [ -122.560665912999966, 45.665350789000094 ], [ -122.560845634, 45.665291476000071 ], [ -122.56084664, 45.665515277000026 ], [ -122.560846735, 45.665574243000016 ], [ -122.560846860999931, 45.66565242100009 ], [ -122.560905543999979, 45.665652330000086 ], [ -122.561296743999932, 45.665651119000074 ], [ -122.561296746999929, 45.665652600000016 ], [ -122.56129675399994, 45.665657374000055 ], [ -122.561296930999944, 45.665788453000069 ], [ -122.561300040000035, 45.665788455000069 ], [ -122.561440308, 45.665788504000069 ], [ -122.561531724999924, 45.665788536000072 ], [ -122.561744452999946, 45.665788218000046 ], [ -122.561831011, 45.665788087000038 ], [ -122.561832506999949, 45.665787477999984 ], [ -122.561992393999944, 45.665722326000015 ], [ -122.561994718999955, 45.665721379000026 ], [ -122.561995778999957, 45.665720947000075 ], [ -122.562168708999963, 45.665650481000021 ], [ -122.562080198, 45.665532687000045 ], [ -122.561980214, 45.665395733 ], [ -122.561980476999935, 45.665376567000095 ], [ -122.561930358999959, 45.665212916000051 ], [ -122.561930584999971, 45.665190108000033 ], [ -122.561931241999943, 45.665123716000046 ], [ -122.561934048999902, 45.664839752 ], [ -122.561934824999966, 45.664839447000062 ], [ -122.561935411000022, 45.66483921600004 ], [ -122.562182266999926, 45.664742061 ], [ -122.562567850000036, 45.664590460000063 ], [ -122.562844019999972, 45.664481774000045 ], [ -122.563086455999951, 45.664386524000065 ], [ -122.563197788999929, 45.66434264800008 ], [ -122.563401665999919, 45.66426254800011 ], [ -122.563582661999973, 45.664191314000078 ], [ -122.563710606, 45.664140957 ], [ -122.563860979, 45.664081790000076 ], [ -122.564069668999949, 45.663999672000031 ], [ -122.56409917, 45.663988100000054 ], [ -122.564397407999977, 45.663870835000033 ], [ -122.564574932999918, 45.663801006000028 ], [ -122.564753577999966, 45.663730737000073 ], [ -122.564958889999986, 45.663649881000048 ], [ -122.565242273999985, 45.663537105000039 ], [ -122.565383904999976, 45.663480740000082 ], [ -122.566048994999946, 45.663166581000027 ], [ -122.566105747000023, 45.663141041000046 ], [ -122.566388132000029, 45.663015838000078 ], [ -122.56634771399996, 45.662887275000095 ], [ -122.566347079999915, 45.662885258000109 ], [ -122.566345699999971, 45.66288087 ], [ -122.566318754999969, 45.662795150000115 ], [ -122.566287793999976, 45.662686377000085 ], [ -122.566226686, 45.66246804000005 ], [ -122.566221196999976, 45.662448427000115 ], [ -122.56622119799998, 45.662352971000118 ], [ -122.56622119799998, 45.662212899000075 ], [ -122.566220860999948, 45.661449417000057 ], [ -122.566220858999955, 45.661444788000026 ], [ -122.565652504999903, 45.661445209000064 ], [ -122.565650676999937, 45.661445210000061 ], [ -122.565651151999973, 45.661271514000077 ], [ -122.565652444, 45.66079870500004 ], [ -122.565645364999938, 45.660732972000105 ], [ -122.565634474999925, 45.66063185100009 ], [ -122.566030280999897, 45.66055853000006 ], [ -122.566263581999934, 45.660520381000012 ], [ -122.566659271, 45.660509401000084 ], [ -122.567087633999989, 45.660509094000055 ], [ -122.567342891999971, 45.660508905000043 ], [ -122.567426148000024, 45.660512216000051 ], [ -122.567538985999946, 45.660521994000057 ], [ -122.5675955, 45.660529421000049 ], [ -122.567651100999981, 45.660538579000011 ], [ -122.567729949999929, 45.660554809000111 ], [ -122.567813395, 45.660576249000016 ], [ -122.567972902999969, 45.660630945000015 ], [ -122.568074369000016, 45.660676592000058 ], [ -122.568169228999949, 45.660728683000016 ], [ -122.56827861499994, 45.660803030000039 ], [ -122.568359419999965, 45.660871518000114 ], [ -122.56839598599997, 45.660907793 ], [ -122.568490294999961, 45.661023545000077 ], [ -122.568528284, 45.661084804000083 ], [ -122.568553637999969, 45.661135087000069 ], [ -122.568573488999917, 45.66118204200005 ], [ -122.568585540999933, 45.661216623000065 ], [ -122.568594016999924, 45.661247137000018 ], [ -122.568608222999956, 45.661313140000061 ], [ -122.568612482999953, 45.66134859400006 ], [ -122.568616065999976, 45.66144437100008 ], [ -122.568615433000019, 45.66155815900008 ], [ -122.568578656999989, 45.661801257000036 ], [ -122.568578115999941, 45.661804835000062 ], [ -122.568577305999966, 45.661810188000061 ], [ -122.568550349999953, 45.661988390000062 ], [ -122.568708115999954, 45.661911089000064 ], [ -122.569328785999971, 45.661606971000033 ], [ -122.569846881999936, 45.661437229000022 ], [ -122.570537416999969, 45.661098446000061 ], [ -122.570795936999957, 45.660971611000043 ], [ -122.571153241000033, 45.660796552000036 ], [ -122.571181746999983, 45.660815007000053 ], [ -122.571910417999973, 45.660438739 ], [ -122.57193442899991, 45.660460384000025 ], [ -122.572673894, 45.660034357000036 ], [ -122.572701606999971, 45.660012803000029 ], [ -122.572724162999975, 45.659995261000084 ], [ -122.572747692999968, 45.660037115000087 ], [ -122.572755359999988, 45.660041159000066 ], [ -122.572758844, 45.660042996000037 ], [ -122.572827968999945, 45.660112788000042 ], [ -122.573041900999982, 45.660328350000022 ], [ -122.573055069, 45.660341620000054 ], [ -122.573306702999943, 45.660595166000071 ], [ -122.573765637999912, 45.661057957 ], [ -122.574143255999971, 45.661438581000048 ], [ -122.574148818999987, 45.661443858000041 ], [ -122.574230418, 45.661521247000046 ], [ -122.574225274999918, 45.661521255000046 ], [ -122.574227494999931, 45.661523484000057 ], [ -122.575267497, 45.662567484000107 ], [ -122.576548495999944, 45.664002484 ], [ -122.576571495999985, 45.664028484000021 ], [ -122.576774496, 45.664263484000102 ], [ -122.576799342999919, 45.664290351000012 ], [ -122.576795252999929, 45.664290189 ], [ -122.576659283830523, 45.664284790868237 ], [ -122.576795252999943, 45.664290189000042 ], [ -122.576799342999948, 45.664290351000034 ], [ -122.57681149299998, 45.664303483000026 ], [ -122.576811997999982, 45.66430349500007 ], [ -122.57683891405911, 45.664333846670317 ], [ -122.576811997999982, 45.664303495000034 ], [ -122.57731448, 45.664314478000058 ], [ -122.577311995999963, 45.664310698000101 ], [ -122.577472582000027, 45.664317071 ], [ -122.577771945, 45.664328952000098 ], [ -122.577808109999978, 45.664329159000026 ], [ -122.578143055999988, 45.6643310810001 ], [ -122.578196876, 45.664408368000096 ], [ -122.578331947999985, 45.66441086400004 ], [ -122.578684308, 45.664417382000046 ], [ -122.578684109, 45.664320053000075 ], [ -122.578683971999979, 45.664252346000069 ], [ -122.578683748999964, 45.66413341 ], [ -122.578683510999937, 45.664005938000017 ], [ -122.578683325000014, 45.663701788 ], [ -122.578682875999974, 45.663468686000066 ], [ -122.578682736999966, 45.663254537000022 ], [ -122.578682609999959, 45.663058345000039 ], [ -122.578682368999935, 45.66277461100001 ], [ -122.578681827999972, 45.662488916 ], [ -122.578682264999927, 45.662203421000093 ], [ -122.578681036, 45.661845705000069 ], [ -122.578681107, 45.661808563000108 ], [ -122.578681727999964, 45.661808560000019 ], [ -122.58165552, 45.66179646700008 ], [ -122.58213114499992, 45.661794526 ], [ -122.582983441999914, 45.661792523000024 ], [ -122.584676298, 45.66178846200004 ], [ -122.587402893, 45.66177590500007 ], [ -122.587824887999929, 45.661773955000086 ], [ -122.587825175999953, 45.661773954000083 ], [ -122.58782498600003, 45.661776987000067 ], [ -122.587822991999943, 45.66180886100004 ], [ -122.588431193, 45.661779446 ], [ -122.588860519, 45.661778394000095 ], [ -122.589012593999968, 45.661766572 ], [ -122.589012799999978, 45.661719697000123 ], [ -122.589016422000014, 45.660893955000105 ], [ -122.589023969999928, 45.659172737000063 ], [ -122.589108333999988, 45.659173477000124 ], [ -122.589658870999969, 45.659171327000124 ], [ -122.590200637999942, 45.659170004000018 ], [ -122.590437781999938, 45.659169412000054 ], [ -122.591019154, 45.659167969000023 ], [ -122.591089741999966, 45.659167758000095 ], [ -122.593049757999964, 45.659161870000055 ], [ -122.593182514999924, 45.659160115000084 ], [ -122.594214482999959, 45.659146466000024 ], [ -122.59586124599997, 45.659124666 ], [ -122.596265307999914, 45.659119314000087 ], [ -122.596884273999976, 45.659116303000104 ], [ -122.597460704999975, 45.659113525000052 ], [ -122.597967443999977, 45.659109640000082 ], [ -122.599346936999979, 45.659099050000094 ], [ -122.599386519999968, 45.659098746000069 ], [ -122.599386569999979, 45.659001895000053 ], [ -122.59937708, 45.658095027000066 ], [ -122.599374224999934, 45.657812859000082 ], [ -122.599373967, 45.657793909000112 ], [ -122.599372601999974, 45.657693721000079 ], [ -122.599375456999951, 45.657693748000085 ], [ -122.602096929999973, 45.657718774000024 ], [ -122.602110270999916, 45.657718896000034 ], [ -122.602145352999983, 45.659029508000025 ], [ -122.60215872000002, 45.659528882000046 ], [ -122.60215872000002, 45.659528882000075 ], [ -122.602331209999988, 45.659527296000078 ], [ -122.602325915, 45.659128937000048 ], [ -122.602323795999951, 45.658983158000069 ], [ -122.60279307899998, 45.658978905000026 ], [ -122.604072851999945, 45.658967312000073 ], [ -122.604476141999953, 45.65896366700008 ], [ -122.604560782999954, 45.658963257000039 ], [ -122.604574153999977, 45.659161938000068 ], [ -122.604578768999943, 45.659694340000044 ], [ -122.60456897399996, 45.659745358000066 ], [ -122.605767338999954, 45.65975286500003 ], [ -122.606032445999972, 45.659754523000061 ], [ -122.606155155999943, 45.659766520000062 ], [ -122.606233724, 45.659787916000028 ], [ -122.60628758699994, 45.659815475000073 ], [ -122.606350192999969, 45.659854316000065 ], [ -122.606592918999979, 45.660025786000062 ], [ -122.606654872999968, 45.660047493000036 ], [ -122.606716246999952, 45.660053994000066 ], [ -122.606717773999947, 45.660812857000053 ], [ -122.607153467999979, 45.660940548000042 ], [ -122.608063608999942, 45.661186115000078 ], [ -122.608133500999941, 45.661185104000026 ], [ -122.608207091999986, 45.661191331000055 ], [ -122.608253639999987, 45.66120653400003 ], [ -122.608314177999944, 45.661229510000055 ], [ -122.608392488999982, 45.661244114000056 ], [ -122.608461576999957, 45.661247641000045 ], [ -122.608527790999972, 45.661239970000054 ], [ -122.60860268, 45.661228923000067 ], [ -122.608664373999943, 45.661218121000047 ], [ -122.608725884999956, 45.661202503000027 ], [ -122.608770963999973, 45.661192012000072 ], [ -122.60882337399994, 45.661181384000031 ], [ -122.60886663399998, 45.661174489000075 ], [ -122.608902801999989, 45.661173980000058 ], [ -122.609003905999941, 45.661157896000077 ], [ -122.609105006999982, 45.661141727000029 ], [ -122.609618768999951, 45.661149236000028 ], [ -122.609920281999962, 45.661143580000044 ], [ -122.610013997999943, 45.661138950000066 ], [ -122.610105077999947, 45.661142148000067 ], [ -122.610226465999972, 45.661157831000025 ], [ -122.610332944, 45.661167255000066 ], [ -122.610418703999983, 45.66117199100006 ], [ -122.610808677999955, 45.661177766000037 ], [ -122.611213580999959, 45.661190312000031 ], [ -122.61156746599994, 45.661185873000079 ], [ -122.611656079999989, 45.661188497000069 ], [ -122.611742088999961, 45.661199740000029 ], [ -122.611821907999968, 45.661215386000038 ], [ -122.611899285, 45.661231079000061 ], [ -122.611972994999974, 45.661240412000041 ], [ -122.612018514999988, 45.661241486000051 ], [ -122.612039988, 45.661240312000075 ], [ -122.612131732999956, 45.661235286000078 ], [ -122.613120367999954, 45.661230688000046 ], [ -122.61446983899998, 45.661224376000064 ], [ -122.614479976999974, 45.660210645000063 ], [ -122.614487690999965, 45.659734588000049 ], [ -122.614480503999971, 45.659009522000076 ], [ -122.615492452999945, 45.659001806000049 ], [ -122.616310726999984, 45.65900614800006 ], [ -122.617591175999962, 45.658986568000046 ], [ -122.618375796999942, 45.658980404000033 ], [ -122.619135595999978, 45.658977342000071 ], [ -122.620467408999957, 45.658949779000068 ], [ -122.620467403999953, 45.658952386000067 ], [ -122.620471970999972, 45.658949685000039 ], [ -122.620770275999973, 45.658943488000034 ], [ -122.622269594999977, 45.658912327000053 ], [ -122.622300586, 45.658911980000028 ], [ -122.625211101, 45.658879416000048 ], [ -122.628996906999987, 45.658836947000054 ], [ -122.63021495299995, 45.658822250000071 ], [ -122.630234987999984, 45.658822009000062 ], [ -122.630206992999945, 45.659945367000034 ], [ -122.630206943999951, 45.659947341000077 ], [ -122.631307844, 45.659950485000081 ], [ -122.631334, 45.659950804000061 ], [ -122.631648334999966, 45.659954626000058 ], [ -122.631677714999967, 45.659954983000034 ], [ -122.631848415999968, 45.65994317500008 ], [ -122.632049056999961, 45.65987079000007 ], [ -122.632203135999987, 45.659744978000049 ], [ -122.632302179999954, 45.659688989000074 ], [ -122.632401287999983, 45.659632964000025 ], [ -122.63241131999996, 45.659627293000028 ], [ -122.632498182999939, 45.659627639000064 ], [ -122.635147002999986, 45.659638168000072 ], [ -122.635177775999978, 45.659667837000029 ], [ -122.635177043999988, 45.659906155000044 ], [ -122.635176838999939, 45.659972892000042 ], [ -122.635419473999946, 45.659974994000038 ], [ -122.635420978999946, 45.659979749000058 ], [ -122.635564845999966, 45.660434235000025 ], [ -122.63561608599997, 45.660596102000056 ], [ -122.635615281999947, 45.660596095000074 ], [ -122.635506707, 45.660595147000038 ], [ -122.635505992999981, 45.660665488000063 ], [ -122.63550563299998, 45.660700988000031 ], [ -122.635505036999973, 45.660759698000049 ], [ -122.635504309999988, 45.661006801000042 ], [ -122.635503359999973, 45.66132407200007 ], [ -122.63550442899998, 45.661357496000051 ], [ -122.635505654999974, 45.661395833000029 ], [ -122.632456729999944, 45.661390066000081 ], [ -122.632450177999942, 45.661388370000054 ], [ -122.632415359156511, 45.66137936155436 ], [ -122.6324501779999, 45.661388370000068 ], [ -122.632456729999916, 45.661390066000116 ], [ -122.635505654999946, 45.661395833000064 ], [ -122.635509783999922, 45.66147772300009 ], [ -122.635509823999925, 45.66149143800007 ], [ -122.635572165000028, 45.661484832000056 ], [ -122.635572009000015, 45.661582070000108 ], [ -122.636221157, 45.661587294000093 ], [ -122.636233088, 45.662060665000091 ], [ -122.636240699000012, 45.662358939000079 ], [ -122.636250683999947, 45.662743963000054 ], [ -122.636265316, 45.663325214000096 ], [ -122.636284515999989, 45.664087970000054 ], [ -122.636289158999929, 45.664284089000027 ], [ -122.636327000999955, 45.665579972000046 ], [ -122.636313115999954, 45.66564740500003 ], [ -122.63629158699996, 45.665751968000066 ], [ -122.63630554599996, 45.666303119000105 ], [ -122.636312310999983, 45.666668061000017 ], [ -122.636302944, 45.666808920000037 ], [ -122.636300724, 45.666842300000042 ], [ -122.636291895999975, 45.666975116000017 ], [ -122.636297852999945, 45.667255863000065 ], [ -122.63631326499997, 45.667958532000029 ], [ -122.636318822999982, 45.66821629400004 ], [ -122.636331040999934, 45.668772989 ], [ -122.636346367999963, 45.669485991000023 ], [ -122.635909317999946, 45.669486540000072 ], [ -122.635560906999984, 45.669486976000016 ], [ -122.635456799999986, 45.669487091000029 ], [ -122.635454286999959, 45.669487095000115 ], [ -122.635467875999922, 45.669934388000087 ], [ -122.63547231099993, 45.670080348000084 ], [ -122.636359432999967, 45.670089882000077 ], [ -122.636359446999975, 45.670090498000036 ], [ -122.636381295, 45.6710734420001 ], [ -122.63637730899994, 45.671173214000092 ], [ -122.636422320999941, 45.671173157000091 ], [ -122.636422425999939, 45.671177533 ], [ -122.636423885999974, 45.671238966000026 ], [ -122.636466926999987, 45.67123891900011 ], [ -122.636471908999951, 45.671469087000062 ], [ -122.636484624000033, 45.67164383100004 ], [ -122.636488355999987, 45.671695123000021 ], [ -122.636484748999948, 45.671711798000068 ], [ -122.636484630999945, 45.671712342000028 ], [ -122.636452404999943, 45.671861316 ], [ -122.636387730999914, 45.671905503000019 ], [ -122.636299064999946, 45.671966080000061 ], [ -122.636156478999965, 45.67206531 ], [ -122.636250768999957, 45.672148 ], [ -122.636251201, 45.672148380000046 ], [ -122.636253149999973, 45.672150444000039 ], [ -122.636287149999944, 45.672186456000084 ], [ -122.636343558, 45.672236312000038 ], [ -122.636402429999976, 45.672278578000068 ], [ -122.636413364, 45.672270398000101 ], [ -122.636463531999965, 45.672252256000021 ], [ -122.636511962999975, 45.672252428000036 ], [ -122.636612995, 45.672264508000062 ], [ -122.636656433999946, 45.672269702000044 ], [ -122.636675714999939, 45.672199083000066 ], [ -122.63712216299993, 45.672195852000065 ], [ -122.637546167000025, 45.672156097000062 ], [ -122.638206537999949, 45.672094148000085 ], [ -122.638773334999954, 45.672040977000037 ], [ -122.638879024, 45.67203106700002 ], [ -122.638932702, 45.672026033000044 ], [ -122.639586734000019, 45.671964666000029 ], [ -122.639934705999934, 45.67193200700008 ], [ -122.640305996000023, 45.67189525700006 ], [ -122.640379437999968, 45.671884517000059 ], [ -122.64044550700001, 45.67187284400007 ], [ -122.640489680999934, 45.671864138000061 ], [ -122.640696496, 45.671811423000051 ], [ -122.64102838699992, 45.67170459 ], [ -122.641034521999984, 45.672544921000082 ], [ -122.641034604659879, 45.672555777665146 ], [ -122.641034521999984, 45.672544921000053 ], [ -122.641028386999949, 45.671704590000047 ], [ -122.641056769999977, 45.671695577000037 ], [ -122.641407954999977, 45.671584051000025 ], [ -122.641627624999956, 45.671526845000074 ], [ -122.641626451999969, 45.671485088000054 ], [ -122.641626199999962, 45.671476125000027 ], [ -122.64162295999995, 45.671360789000062 ], [ -122.641622633999987, 45.671296584000061 ], [ -122.641618240999946, 45.670431558000075 ], [ -122.642009231999964, 45.670430516000067 ], [ -122.642005266999945, 45.669694572000026 ], [ -122.642021538999984, 45.669694478000054 ], [ -122.642914147999988, 45.669689352000034 ], [ -122.643007211999986, 45.669688817000065 ], [ -122.643005285999948, 45.669343938000054 ], [ -122.643001947999949, 45.668746315000078 ], [ -122.643009383999981, 45.668674384000042 ], [ -122.643022079, 45.668551574000048 ], [ -122.643022267, 45.668549755000072 ], [ -122.643041911999944, 45.668359720000069 ], [ -122.643204067999989, 45.668356432000053 ], [ -122.643365320999976, 45.668343938000078 ], [ -122.643613509999966, 45.668315097000061 ], [ -122.643770798, 45.668290755000044 ], [ -122.643780045999961, 45.668317401000081 ], [ -122.643934583999965, 45.66828866000003 ], [ -122.644087300999956, 45.668255478000049 ], [ -122.644237939, 45.668217913000035 ], [ -122.645778321999956, 45.667808495000031 ], [ -122.645729794999966, 45.667718749000073 ], [ -122.645922, 45.667664354000067 ], [ -122.646116728999971, 45.667614567000044 ], [ -122.646313756999973, 45.667569447000062 ], [ -122.646487939999986, 45.667533397000057 ], [ -122.646836052999959, 45.667479990000061 ], [ -122.647039057999962, 45.667463524000027 ], [ -122.647049624999966, 45.666363637000075 ], [ -122.647052407, 45.666073981000068 ], [ -122.647144958999945, 45.666039211000054 ], [ -122.648341357, 45.665639548000058 ], [ -122.64961378199996, 45.665195728000072 ], [ -122.650141463999944, 45.66503167500008 ], [ -122.650669145999984, 45.664867599000047 ], [ -122.650864847999969, 45.664806782000028 ], [ -122.651086164, 45.664738020000073 ], [ -122.651529270999958, 45.664600180000036 ], [ -122.651529704999973, 45.664963227000044 ], [ -122.65153345799996, 45.66496322200004 ], [ -122.653724540999974, 45.664960200000053 ], [ -122.654013046999978, 45.664959800000076 ], [ -122.654013045999989, 45.664959494000072 ], [ -122.654012315999978, 45.664767487000063 ], [ -122.654070483999988, 45.664766516000043 ], [ -122.654133318999982, 45.664765467000052 ], [ -122.654168800999969, 45.66476487400007 ], [ -122.654461764999951, 45.664765241000055 ], [ -122.654462503, 45.664959492000037 ], [ -122.65446250399998, 45.664959937000049 ], [ -122.654699613, 45.664960242000063 ], [ -122.656668793, 45.664962764000052 ], [ -122.656668779999961, 45.664968477000059 ], [ -122.656666752999968, 45.665875930000027 ], [ -122.656666448999943, 45.665881068000033 ], [ -122.656651083999975, 45.666140365000047 ], [ -122.656650451999951, 45.666182371000048 ], [ -122.656650446999947, 45.666184437000027 ], [ -122.657649792999962, 45.666189227000075 ], [ -122.657986340999969, 45.666190851000067 ], [ -122.658322399999975, 45.666192438000053 ], [ -122.658661882, 45.666194026000028 ], [ -122.658989623999958, 45.666195578000043 ], [ -122.659324423999976, 45.666202503000079 ], [ -122.659440577999987, 45.666208717000075 ], [ -122.659547184999951, 45.66621671300004 ], [ -122.65966425299996, 45.666225490000045 ], [ -122.659758585999953, 45.666236495000078 ], [ -122.659834742999976, 45.666245472000071 ], [ -122.659992085999988, 45.666266903000064 ], [ -122.660100893, 45.666284441000073 ], [ -122.660219526999981, 45.666304968000077 ], [ -122.660305309999956, 45.666321673000027 ], [ -122.660305771999958, 45.666321763000042 ], [ -122.660310031999984, 45.666311359000076 ], [ -122.660328414999981, 45.666266459000042 ], [ -122.660466946999975, 45.665928095000027 ], [ -122.661815584999943, 45.665934538000045 ], [ -122.661827803999984, 45.66510887700008 ], [ -122.663097048999987, 45.665161635000061 ], [ -122.663316335, 45.665170729000067 ], [ -122.663383615999976, 45.665173519000064 ], [ -122.663403809999977, 45.665064663000067 ], [ -122.663326260999952, 45.665057605000072 ], [ -122.663262123999971, 45.665036336000071 ], [ -122.663235370999985, 45.665027465000037 ], [ -122.663201556, 45.665016250000065 ], [ -122.663126574999978, 45.664991384000075 ], [ -122.663154159999976, 45.664842457000077 ], [ -122.663349456999981, 45.663788021000073 ], [ -122.663353987, 45.663788615000044 ], [ -122.663521997999965, 45.663810656000067 ], [ -122.66362384699994, 45.663826249000067 ], [ -122.663724717999969, 45.663841948000027 ], [ -122.663858065999989, 45.663862722000033 ], [ -122.664764817, 45.664003156000035 ], [ -122.665086222999946, 45.664053446000025 ], [ -122.665542890999973, 45.664125454000043 ] ] ] } },
{ "type": "Feature", "properties": { "DISTRICT": "King County District 2", "OFFICE": "County Councilor District 2", "JURISDICTION": "County Council", "RACE": "King County District 2 County Councilor District 2", "Name_1": "Rebecca Saldaña", "Party_1": "None_1", "Votes_1": "32,533", "Name_2": "Toshiko Grace Hasegawa", "Party_2": "None_2", "Votes_2": "20,352", "Name_3": "Miriam Mboya", "Party_3": "None_3", "Votes_3": "5,051", "Name_4": "Write-In", "Party_4": "None_4", "Votes_4": "329", "Name_5": null, "Party_5": null, "Votes_5": "0", "Name_6": null, "Party_6": null, "Votes_6": "0", "Name_7": null, "Party_7": null, "Votes_7": "0", "Votes_total": "58,265", "Pct_1": 55.84, "Pct_2": 34.93, "Pct_3": 8.67, "Pct_4": 0.56, "Pct_5": 0.0, "Pct_6": 0.0, "Pct_7": 0.0, "Margin": 20.91 }, "geometry": { "type": "MultiPolygon", "coordinates": [ [ [ [ -122.315402933999962, 47.550574806000043 ], [ -122.315407473999983, 47.550577505000035 ], [ -122.315412013999946, 47.550580207000053 ], [ -122.315416543999959, 47.550582912000039 ], [ -122.315421078999975, 47.550585620000049 ], [ -122.315425606999952, 47.550588330000039 ], [ -122.315430130999971, 47.550591041000075 ], [ -122.315434652999954, 47.550593754000033 ], [ -122.315439171999969, 47.550596473000041 ], [ -122.315443687999959, 47.55059919100006 ], [ -122.3154482, 47.550601914000026 ], [ -122.315452708999942, 47.550604634000081 ], [ -122.31545721699996, 47.550607362000051 ], [ -122.315461721999952, 47.550610089000031 ], [ -122.315466217999983, 47.550612821000072 ], [ -122.315470711999978, 47.550615556000025 ], [ -122.315475210999978, 47.550618290000045 ], [ -122.315479703999983, 47.55062102800008 ], [ -122.315484186, 47.550623769000026 ], [ -122.315488672999948, 47.550626510000029 ], [ -122.315493152999977, 47.550629258000072 ], [ -122.315497629999982, 47.550632003000032 ], [ -122.315502106999986, 47.550634753000054 ], [ -122.315506574999972, 47.550637505000054 ], [ -122.315511043999948, 47.55064026000008 ], [ -122.315515508999965, 47.550643019000063 ], [ -122.315519973999983, 47.550645776000067 ], [ -122.315524430999972, 47.550648539000065 ], [ -122.315528886999971, 47.550651303000052 ], [ -122.315533339999945, 47.550654069000075 ], [ -122.315537788999961, 47.550656838000066 ], [ -122.315542233999963, 47.550659607000057 ], [ -122.31554667499995, 47.550662381000052 ], [ -122.315551116, 47.550665156000036 ], [ -122.315555550999989, 47.550667936000082 ], [ -122.315559985999982, 47.55067071600007 ], [ -122.315564414999983, 47.550673499000027 ], [ -122.315568839999969, 47.550676285000065 ], [ -122.315573264999955, 47.550679071000047 ], [ -122.315577686999973, 47.550681862000033 ], [ -122.315582101999951, 47.550684653000076 ], [ -122.315586516999986, 47.55068744700003 ], [ -122.31559092599997, 47.550690244000066 ], [ -122.315595332999976, 47.55069304400007 ], [ -122.315599740999971, 47.550695846000053 ], [ -122.315604137999969, 47.550698649000026 ], [ -122.315608538999982, 47.550701454000034 ], [ -122.31561292899994, 47.550704265000036 ], [ -122.31561732199998, 47.550707076000037 ], [ -122.31562170899997, 47.550709888000029 ], [ -122.315626094999971, 47.550712703000045 ], [ -122.315630475999967, 47.550715522000075 ], [ -122.315634855999974, 47.550718343000028 ], [ -122.315639228999942, 47.550721164000038 ], [ -122.315643602999955, 47.550723989000062 ], [ -122.315647971999965, 47.550726816000065 ], [ -122.315652334, 47.550729644000057 ], [ -122.315656693, 47.550732477000054 ], [ -122.315661056999943, 47.55073531000005 ], [ -122.315665410999941, 47.550738146000072 ], [ -122.315669768999953, 47.550740985000061 ], [ -122.315674113999989, 47.550743827000076 ], [ -122.315678455999944, 47.550746668000045 ], [ -122.315682801999969, 47.550749515000064 ], [ -122.315687138999976, 47.550752363000072 ], [ -122.315691472999958, 47.550755213000059 ], [ -122.315695804999962, 47.550758065000025 ], [ -122.315700136999965, 47.550760921000062 ], [ -122.315704462999975, 47.550763776000053 ], [ -122.31570878499997, 47.550766638000027 ], [ -122.31571310299995, 47.550769499000069 ], [ -122.315717420999988, 47.550772363000078 ], [ -122.31572172999995, 47.550775227000031 ], [ -122.315726040999948, 47.55077809800008 ], [ -122.315730345999953, 47.550780966000048 ], [ -122.315734648999978, 47.550783841000055 ], [ -122.315738950999958, 47.550786716000061 ], [ -122.315743244999965, 47.550789591000068 ], [ -122.315747538999972, 47.550792472000069 ], [ -122.31575182499995, 47.550795355000048 ], [ -122.315756110999985, 47.550798239000073 ], [ -122.315760394999984, 47.550801126000067 ], [ -122.315764674999969, 47.55080401400005 ], [ -122.315768946, 47.550806906000048 ], [ -122.31577322399994, 47.550809798000046 ], [ -122.315777493999974, 47.550812693000069 ], [ -122.315781760999982, 47.550815593000038 ], [ -122.315786022999987, 47.55081849000004 ], [ -122.315790280999977, 47.550821394000081 ], [ -122.315794535999942, 47.550824299000055 ], [ -122.315798789999974, 47.550827205000076 ], [ -122.315803035999977, 47.550830114000064 ], [ -122.315807281, 47.550833025000031 ], [ -122.315811524999958, 47.55083594000007 ], [ -122.315815768, 47.550838857000031 ], [ -122.315820001999953, 47.550841774000048 ], [ -122.315824230999965, 47.550844694000034 ], [ -122.315828462999946, 47.550847616000055 ], [ -122.315832689999979, 47.550850542000035 ], [ -122.315836915999967, 47.550853471000039 ], [ -122.315841130999956, 47.550856398000064 ], [ -122.315845344999957, 47.550859329000048 ], [ -122.315849555999989, 47.550862263000056 ], [ -122.315853766999965, 47.550865200000032 ], [ -122.315857966999943, 47.550868136000076 ], [ -122.315862171999981, 47.550871080000036 ], [ -122.31586637099997, 47.550874021000027 ], [ -122.315870565999944, 47.550876967000079 ], [ -122.315874761999964, 47.550879914000063 ], [ -122.315878946999987, 47.550882859000069 ], [ -122.315883133999989, 47.550885812000047 ], [ -122.315887312999962, 47.55088876800005 ], [ -122.315891495999949, 47.550891722000074 ], [ -122.31589566699995, 47.550894681000045 ], [ -122.315899836999961, 47.550897643000042 ], [ -122.315904003999947, 47.550900604000049 ], [ -122.315908168999954, 47.55090356900007 ], [ -122.315912329999946, 47.55090653700006 ], [ -122.31591648899996, 47.55090950400006 ], [ -122.315920643999959, 47.550912477000054 ], [ -122.315924794999944, 47.550915450000048 ], [ -122.315928941999971, 47.550918426000067 ], [ -122.315933084999983, 47.550921404000064 ], [ -122.315937223999981, 47.550924380000026 ], [ -122.315941362999979, 47.550927367000043 ], [ -122.315945495, 47.550930351000034 ], [ -122.315949625999963, 47.550933340000029 ], [ -122.315953752999974, 47.550936325000066 ], [ -122.31595787599997, 47.550939318000076 ], [ -122.315961994999952, 47.550942311000028 ], [ -122.315966109999977, 47.550945306000074 ], [ -122.315970226, 47.55094830400003 ], [ -122.315974332999986, 47.550951303000033 ], [ -122.315978439999981, 47.550954306000051 ], [ -122.315982542999961, 47.550957310000058 ], [ -122.315986641, 47.550960317000033 ], [ -122.315990737999982, 47.550963323000076 ], [ -122.31599482699994, 47.550966337000034 ], [ -122.315998916999945, 47.550969348000081 ], [ -122.316003003999981, 47.550972363000028 ], [ -122.316007082999988, 47.550975381000057 ], [ -122.316011162999985, 47.550978400000076 ], [ -122.316015233999963, 47.550981422000064 ], [ -122.316019307999966, 47.55098444500004 ], [ -122.316023376999965, 47.550987471000042 ], [ -122.31602744099996, 47.550990498000033 ], [ -122.316031499999951, 47.550993529000039 ], [ -122.316035559999989, 47.550996561000034 ], [ -122.316039610999951, 47.550999596000054 ], [ -122.316043662999959, 47.551002630000028 ], [ -122.316047709999964, 47.551005671000041 ], [ -122.316051753999943, 47.551008711000065 ], [ -122.316055792999975, 47.551011754000058 ], [ -122.316059822999989, 47.551014800000075 ], [ -122.316063860999975, 47.551017846000036 ], [ -122.316067887999964, 47.551020898000047 ], [ -122.316071915999942, 47.551023946000043 ], [ -122.316075935999947, 47.551027 ], [ -122.316079954999964, 47.551030057000048 ], [ -122.316083968999976, 47.551033114000063 ], [ -122.316087982999989, 47.551036175000036 ], [ -122.316091987999982, 47.551039236000065 ], [ -122.31609599799998, 47.551042299000073 ], [ -122.316099993999956, 47.551045367000029 ], [ -122.316103989999988, 47.551048436000031 ], [ -122.316107985999963, 47.551051508000057 ], [ -122.316111977, 47.551054578000048 ], [ -122.316115958999944, 47.551057652000054 ], [ -122.316119944999969, 47.551060731000064 ], [ -122.316123924999943, 47.551063809000027 ], [ -122.316127900999959, 47.551066890000072 ], [ -122.316131868999946, 47.55106997200005 ], [ -122.316135840999948, 47.551073057000053 ], [ -122.316139809, 47.551076145000081 ], [ -122.316143767999961, 47.551079233000053 ], [ -122.316147727999976, 47.551082326000028 ], [ -122.316151677999983, 47.551085420000049 ], [ -122.316155631999948, 47.55108851600005 ], [ -122.316159580999965, 47.551091617000054 ], [ -122.316163524999979, 47.551094714000044 ], [ -122.316167464999978, 47.551097816000038 ], [ -122.316171400999963, 47.551100921000057 ], [ -122.316175336999947, 47.551104026000075 ], [ -122.31617926499996, 47.551107136000041 ], [ -122.316183186999979, 47.551110246000064 ], [ -122.316187112999955, 47.551113358000066 ], [ -122.316191032999939, 47.551116472000047 ], [ -122.31619494499995, 47.551119588000063 ], [ -122.316198856999961, 47.551122707000047 ], [ -122.316202765999947, 47.551125829000057 ], [ -122.31620666799995, 47.551128950000077 ], [ -122.316210569999953, 47.551132076000044 ], [ -122.316214469999977, 47.551135202000069 ], [ -122.316218361999972, 47.55113833200005 ], [ -122.316222246999985, 47.551141463000079 ], [ -122.31622613899998, 47.55114459400005 ], [ -122.316230022999946, 47.551147730000025 ], [ -122.316233902999954, 47.551150868000036 ], [ -122.31623777599998, 47.551154007000036 ], [ -122.316241647999959, 47.551157148000073 ], [ -122.316245515999981, 47.551160293000066 ], [ -122.316249380999977, 47.551163440000039 ], [ -122.31625324099997, 47.551166587000068 ], [ -122.316257094999969, 47.551169736000077 ], [ -122.316260953999972, 47.551172886000074 ], [ -122.316264801999978, 47.55117604000003 ], [ -122.316268649999984, 47.551179195000032 ], [ -122.31627249099995, 47.551182353000058 ], [ -122.316276330999983, 47.551185511000028 ], [ -122.316280165999956, 47.551188674000059 ], [ -122.316283995999981, 47.551191838000079 ], [ -122.316287824999961, 47.551195005000068 ], [ -122.316291649, 47.551198171000067 ], [ -122.316295468999954, 47.551201340000034 ], [ -122.316299289999961, 47.551204512000027 ], [ -122.316303098999981, 47.55120768900008 ], [ -122.31630691099997, 47.551210862000062 ], [ -122.31631072, 47.551214040000048 ], [ -122.316314515999977, 47.551217220000069 ], [ -122.316318320999983, 47.551220402000069 ], [ -122.316322112999956, 47.551223587000038 ], [ -122.316325905999975, 47.551226773000053 ], [ -122.316329694, 47.551229960000057 ], [ -122.316333478999979, 47.551233151000076 ], [ -122.316337259999955, 47.551236342000038 ], [ -122.316341035999983, 47.551239534000047 ], [ -122.31634480699995, 47.551242733000038 ], [ -122.31634515099995, 47.551243026000066 ], [ -122.316348576999985, 47.551245926000036 ], [ -122.316352341999959, 47.551249129000041 ], [ -122.316356107, 47.551252332000047 ], [ -122.316359862999946, 47.551255535000053 ], [ -122.316363619999947, 47.551258741000026 ], [ -122.316367368999977, 47.551261949000036 ], [ -122.31637111699996, 47.551265155000067 ], [ -122.316374861999975, 47.55126836900007 ], [ -122.316378598999961, 47.551271583000073 ], [ -122.316382333999968, 47.55127480200008 ], [ -122.316386067999986, 47.551278020000041 ], [ -122.316389796999943, 47.551281237000069 ], [ -122.316393521999942, 47.551284460000034 ], [ -122.316397242999983, 47.551287684000044 ], [ -122.316400958999964, 47.551290908000055 ], [ -122.316404676, 47.551294136000081 ], [ -122.316408384999988, 47.551297366000028 ], [ -122.316412089999972, 47.551300598000068 ], [ -122.316415794999955, 47.551303829000062 ], [ -122.316419490999976, 47.551307066000049 ], [ -122.316423187999987, 47.551310304000026 ], [ -122.316426876999969, 47.551313542000059 ], [ -122.316430565999951, 47.551316784000051 ], [ -122.31643424899994, 47.551320027000031 ], [ -122.316437931999985, 47.551323272000047 ], [ -122.316441606999945, 47.551326520000032 ], [ -122.316445276999957, 47.551329768000073 ], [ -122.31644894599998, 47.551333018000037 ], [ -122.316452614999946, 47.551336272000071 ], [ -122.31645627599994, 47.551339528000028 ], [ -122.316459932999976, 47.551342786000077 ], [ -122.316463583999962, 47.55134604400007 ], [ -122.316467234999948, 47.551349303000052 ], [ -122.316470883999955, 47.551352568000027 ], [ -122.316474525, 47.551355830000034 ], [ -122.316478165999968, 47.551359097000045 ], [ -122.316481798999973, 47.551362365000045 ], [ -122.316485431999979, 47.551365640000029 ], [ -122.316489056999956, 47.551368909000075 ], [ -122.316492679999953, 47.55137218200008 ], [ -122.316496299, 47.551375458000052 ], [ -122.316499915999941, 47.55137873700005 ], [ -122.316503528999988, 47.551382016000048 ], [ -122.316507139999942, 47.551385298000071 ], [ -122.316510742999981, 47.551388585000041 ], [ -122.316514338, 47.551391869000042 ], [ -122.316517940999972, 47.551395154000033 ], [ -122.316521533999946, 47.551398444000029 ], [ -122.316525118999948, 47.551401738000038 ], [ -122.316528709999943, 47.551405030000069 ], [ -122.316532292999966, 47.551408327000047 ], [ -122.316535869999939, 47.551411622000046 ], [ -122.316539442999954, 47.55141492000007 ], [ -122.316543014, 47.551418222000052 ], [ -122.316546581999944, 47.55142152600007 ], [ -122.316550146999987, 47.55142483000003 ], [ -122.316553703999944, 47.551428137000073 ], [ -122.316557260999957, 47.551431444000059 ], [ -122.316560809999942, 47.55143475400007 ], [ -122.316564358999983, 47.551438068000039 ], [ -122.316567903999953, 47.551441379000039 ], [ -122.316571438999972, 47.551444698000068 ], [ -122.316574979, 47.551448013000027 ], [ -122.316578511999978, 47.551451334000035 ], [ -122.316582040999947, 47.551454655000043 ], [ -122.316585563999979, 47.551457979000077 ], [ -122.316589086999954, 47.551461306000078 ], [ -122.316592604, 47.551464630000055 ], [ -122.316596148999963, 47.551467992000028 ], [ -122.316599659999952, 47.551471322000054 ], [ -122.316603164999947, 47.551474657000028 ], [ -122.316606665999984, 47.551477989000034 ], [ -122.31661016399994, 47.551481327000033 ], [ -122.316613656999948, 47.551484665000032 ], [ -122.316617145999942, 47.551488003000031 ], [ -122.316620635, 47.551491347000081 ], [ -122.316624115999957, 47.551494691000073 ], [ -122.316627593999954, 47.551498037000044 ], [ -122.316631066999946, 47.551501384000062 ], [ -122.316634539999939, 47.551504733000058 ], [ -122.316638004999959, 47.55150808500008 ], [ -122.316641470999969, 47.551511437000045 ], [ -122.31664492799996, 47.551514792000035 ], [ -122.316648384999951, 47.551518147000081 ], [ -122.316651832, 47.551521508000064 ], [ -122.316655282999989, 47.551524865000033 ], [ -122.316658724999968, 47.551528226000073 ], [ -122.316662163999979, 47.55153159200006 ], [ -122.316665603, 47.551534958000047 ], [ -122.316669032999982, 47.55153832700006 ], [ -122.316672461999985, 47.551541696000072 ], [ -122.316675886999974, 47.551545065000028 ], [ -122.316679304, 47.551548440000033 ], [ -122.316682721999939, 47.551551815000039 ], [ -122.316686134999941, 47.551555190000045 ], [ -122.316689543999985, 47.551558567000029 ], [ -122.316692949999947, 47.551561950000064 ], [ -122.316696350999962, 47.551565330000074 ], [ -122.316699745999983, 47.551568716000077 ], [ -122.316703134999955, 47.551572100000044 ], [ -122.316706524999972, 47.551575488000026 ], [ -122.316709909999986, 47.551578877000054 ], [ -122.316713292999964, 47.55158226900005 ], [ -122.316714980999961, 47.551583930000049 ], [ -122.316716306999979, 47.55158528700008 ], [ -122.316789468999957, 47.551660178000077 ], [ -122.316861979999942, 47.551737297000045 ], [ -122.316932492999968, 47.551815262000048 ], [ -122.317000982999957, 47.551894044000051 ], [ -122.317067433999966, 47.551973627000052 ], [ -122.31713181799995, 47.552053984000054 ], [ -122.317194123999968, 47.552135087000067 ], [ -122.317254329999969, 47.552216917000067 ], [ -122.317312410999989, 47.552299444000028 ], [ -122.317328941999961, 47.552324027000054 ], [ -122.317368357999953, 47.552382647000059 ], [ -122.317422151999949, 47.552466497000069 ], [ -122.317473776999975, 47.552550967000059 ], [ -122.318018798999958, 47.553465310000036 ], [ -122.318305195999983, 47.553945760000033 ], [ -122.318603558999939, 47.554446273000053 ], [ -122.318655184999955, 47.554530745000079 ], [ -122.318708984999944, 47.554614595000032 ], [ -122.318764936999969, 47.554697795000038 ], [ -122.318823026999951, 47.554780322000056 ], [ -122.318883237999955, 47.554862150000076 ], [ -122.318945546999942, 47.554943252000044 ], [ -122.319009942999969, 47.555023606000077 ], [ -122.319024488999958, 47.555041027000073 ], [ -122.319076396999947, 47.555103188000032 ], [ -122.319144896999944, 47.55518197300006 ], [ -122.319272126999977, 47.555320486000028 ], [ -122.320617241999969, 47.556735237000055 ], [ -122.320773030999987, 47.556904952000082 ], [ -122.320855140999981, 47.556999528000063 ], [ -122.320934804, 47.557095061000041 ], [ -122.321011989999988, 47.557191515000056 ], [ -122.321086677999972, 47.557288871000026 ], [ -122.321158842999978, 47.55738709600007 ], [ -122.321228462999954, 47.55748615400006 ], [ -122.321295518999989, 47.557586023000056 ], [ -122.321359991999941, 47.557686668000031 ], [ -122.321421854999983, 47.557788061000053 ], [ -122.321481096999946, 47.557890169000075 ], [ -122.321537693999971, 47.557992963000061 ], [ -122.321591636999983, 47.558096409000029 ], [ -122.321601352999949, 47.558116145000042 ], [ -122.321613489999947, 47.558140779000041 ], [ -122.321642894999968, 47.558200474000046 ], [ -122.321691464999958, 47.558305131000054 ], [ -122.321737327999983, 47.558410348000052 ], [ -122.321780473, 47.558516087000044 ], [ -122.321820880999951, 47.558622324000055 ], [ -122.321858543999952, 47.558729021000033 ], [ -122.321893452999973, 47.558836146000033 ], [ -122.321925590999967, 47.558943667000051 ], [ -122.321954947999984, 47.559051554000064 ], [ -122.321981518999962, 47.559159771000054 ], [ -122.322005297999965, 47.559268280000026 ], [ -122.322026272999949, 47.559377058000052 ], [ -122.322044439999956, 47.55948606700008 ], [ -122.322059790999958, 47.559595275000049 ], [ -122.322072324999965, 47.559704646000057 ], [ -122.322082033999948, 47.559814149000033 ], [ -122.322088917999963, 47.559923750000053 ], [ -122.322092975999965, 47.560033417000056 ], [ -122.322094202999949, 47.56014311000007 ], [ -122.322092597, 47.560252813000034 ], [ -122.322088166999947, 47.560362467000061 ], [ -122.322080907999975, 47.560472056000037 ], [ -122.322070823999979, 47.560581545000048 ], [ -122.322057912, 47.56069089500005 ], [ -122.322042186999965, 47.560800079000046 ], [ -122.322023646, 47.560909059000039 ], [ -122.322002293999958, 47.561017801000048 ], [ -122.321976354999947, 47.561141646000067 ], [ -122.321397605999948, 47.563904472000047 ], [ -122.321270918999971, 47.564509194000038 ], [ -122.320838375999983, 47.566573821000077 ], [ -122.320703980999951, 47.567215288000057 ], [ -122.320519963999971, 47.56809357000003 ], [ -122.320490255999971, 47.568235357000049 ], [ -122.320435913999972, 47.568512075000058 ], [ -122.320336702999953, 47.568968221000034 ], [ -122.320314267999947, 47.569075288000079 ], [ -122.320221640999989, 47.56951734900008 ], [ -122.320175610999968, 47.569737027000031 ], [ -122.320149220999951, 47.569862976000081 ], [ -122.320110762999946, 47.570579512000052 ], [ -122.320102986999984, 47.570724358000064 ], [ -122.320086395999965, 47.571033462000059 ], [ -122.320068583999955, 47.57126783700005 ], [ -122.320069663999959, 47.571345200000053 ], [ -122.320061044999989, 47.571505796000054 ], [ -122.320055817999958, 47.571603146000029 ], [ -122.320046099999956, 47.571784176000051 ], [ -122.320045708999942, 47.571791468000072 ], [ -122.320038303999979, 47.571929352000041 ], [ -122.320019990999981, 47.57227062100003 ], [ -122.320016113999941, 47.572342824000032 ], [ -122.320008102999964, 47.572492111000031 ], [ -122.319997165999951, 47.572695863000035 ], [ -122.319897822999963, 47.574546539000039 ], [ -122.31986640699995, 47.575131720000059 ], [ -122.319862507999972, 47.57520433500008 ], [ -122.31984737199997, 47.575399745000027 ], [ -122.319821872999967, 47.575721397000052 ], [ -122.31979014999996, 47.575994808000075 ], [ -122.319751379999957, 47.576267801000029 ], [ -122.31970556899995, 47.57654029400004 ], [ -122.319652734999977, 47.576812207000046 ], [ -122.319592894999971, 47.577083453000057 ], [ -122.319526060999976, 47.577353950000031 ], [ -122.319490279999968, 47.577491734000034 ], [ -122.319314720999955, 47.578167766000035 ], [ -122.319314369999972, 47.578169114000048 ], [ -122.319314019999979, 47.578170466000074 ], [ -122.319313672999954, 47.578171816000065 ], [ -122.319313326999975, 47.578173167000045 ], [ -122.319312971999977, 47.578174515000057 ], [ -122.319312625999942, 47.578175866000038 ], [ -122.31931227299998, 47.578177217000075 ], [ -122.31931192899998, 47.578178568000055 ], [ -122.31931157799994, 47.578179916000067 ], [ -122.319311231999961, 47.578181267000048 ], [ -122.319310885999982, 47.578182617000039 ], [ -122.319310538999957, 47.578183968000076 ], [ -122.319310192999978, 47.578185319000056 ], [ -122.319309843999974, 47.578186670000036 ], [ -122.31930949599996, 47.578188021000074 ], [ -122.319309155999974, 47.578189376000068 ], [ -122.31930880699997, 47.578190722000045 ], [ -122.319308468999964, 47.578192073000025 ], [ -122.319308121999939, 47.578193424000062 ], [ -122.319307779999974, 47.578194775000043 ], [ -122.319307437999953, 47.57819612600008 ], [ -122.319307090999985, 47.57819747700006 ], [ -122.319306748999963, 47.578198827000051 ], [ -122.319306406999942, 47.578200178000031 ], [ -122.319306063999989, 47.578201529000069 ], [ -122.319305721999967, 47.578202880000049 ], [ -122.319305382999971, 47.57820423000004 ], [ -122.31930504099995, 47.578205581000077 ], [ -122.319304698999986, 47.578206935000026 ], [ -122.319304360999979, 47.578208287000052 ], [ -122.319304021999983, 47.578209636000054 ], [ -122.319303679999962, 47.578210987000034 ], [ -122.319303341999955, 47.578212338000071 ], [ -122.319303002999959, 47.57821369100003 ], [ -122.319302664999952, 47.578215042000068 ], [ -122.319302326999946, 47.578216393000048 ], [ -122.31930198799995, 47.578217748000043 ], [ -122.319301647999964, 47.578219097000044 ], [ -122.319301312, 47.578220448000081 ], [ -122.319300977999944, 47.578221801000041 ], [ -122.319300638999948, 47.578223152000078 ], [ -122.319300304999956, 47.578224500000033 ], [ -122.319299966999949, 47.578225856000074 ], [ -122.319299632999957, 47.578227207000054 ], [ -122.319299297999976, 47.578228558000035 ], [ -122.319298963999984, 47.578229908000026 ], [ -122.31929863, 47.578231262000031 ], [ -122.319298295999943, 47.578232615000047 ], [ -122.319297960999961, 47.578233966000028 ], [ -122.319297626999969, 47.578235319000044 ], [ -122.319297292999977, 47.578236670000081 ], [ -122.319296960999964, 47.57823802300004 ], [ -122.319296623999946, 47.578239374000077 ], [ -122.319296297999983, 47.578240727000036 ], [ -122.319295964, 47.578242081000042 ], [ -122.319295633999957, 47.578243431000033 ], [ -122.319295303999979, 47.578244785000038 ], [ -122.319294973999945, 47.578246135000029 ], [ -122.319294643999967, 47.578247489000034 ], [ -122.319294310999965, 47.57824884200005 ], [ -122.319293982999966, 47.578250193000031 ], [ -122.319293652999988, 47.578251546000047 ], [ -122.319293326999968, 47.578252900000052 ], [ -122.319292997, 47.578254253000068 ], [ -122.319292662999942, 47.578255604000049 ], [ -122.319292341, 47.578256957000065 ], [ -122.319292013999984, 47.57825831200006 ], [ -122.31929168399995, 47.578259664000029 ], [ -122.319291357999987, 47.578261014000077 ], [ -122.319291031999967, 47.578262367000036 ], [ -122.319290705999947, 47.578263721000042 ], [ -122.319290379999984, 47.578265076000037 ], [ -122.319290057999979, 47.578266427000074 ], [ -122.319289731999959, 47.578267781000079 ], [ -122.31928940399996, 47.578269134000038 ], [ -122.319289082999944, 47.57827048200005 ], [ -122.319288757999971, 47.578271839000081 ], [ -122.319288434999976, 47.578273191000051 ], [ -122.319288112999971, 47.578274544000067 ], [ -122.319287786999951, 47.578275898000072 ], [ -122.319287464999945, 47.578277251000031 ], [ -122.319287140999961, 47.578278604000047 ], [ -122.319286821, 47.578279958000053 ], [ -122.319286498999986, 47.578281311000069 ], [ -122.319286176999981, 47.578282666000064 ], [ -122.319285859, 47.578284017000044 ], [ -122.319285536999985, 47.578285373000028 ], [ -122.319285219, 47.578286727000034 ], [ -122.319284896999989, 47.57828808000005 ], [ -122.319284576999962, 47.578289433000066 ], [ -122.31928426099995, 47.578290786000025 ], [ -122.319283938999945, 47.57829214000003 ], [ -122.319283620999954, 47.578293494000036 ], [ -122.319283300999984, 47.578294849000031 ], [ -122.319282984999973, 47.578296202000047 ], [ -122.319282670999939, 47.578297555000063 ], [ -122.319282352999949, 47.578298908000079 ], [ -122.319282034999958, 47.578300262000027 ], [ -122.31928172, 47.578301618000069 ], [ -122.31928140399998, 47.578302971000028 ], [ -122.319281089999947, 47.578304325000033 ], [ -122.319280771999956, 47.578305680000028 ], [ -122.31928045799998, 47.578307033000044 ], [ -122.319280141999968, 47.578308388000039 ], [ -122.319279829999971, 47.578309742000044 ], [ -122.319279516, 47.578311095000061 ], [ -122.319279201999962, 47.578312448000077 ], [ -122.319278887999985, 47.578313804000061 ], [ -122.319278577999967, 47.578315157000077 ], [ -122.319278262999944, 47.578316513000061 ], [ -122.319277950999947, 47.578317867000067 ], [ -122.319277640999985, 47.57831922500003 ], [ -122.319277330999967, 47.578320576000067 ], [ -122.319277017, 47.578321931000062 ], [ -122.319276706999972, 47.578323286000057 ], [ -122.319276396999953, 47.578324640000062 ], [ -122.319276082999977, 47.578325994000068 ], [ -122.319275777999962, 47.578327351000041 ], [ -122.319275182999945, 47.578329948000032 ], [ -122.319246045999989, 47.578465650000055 ], [ -122.319220410999947, 47.578601674000026 ], [ -122.319198292999943, 47.578737979000039 ], [ -122.319179686999973, 47.578874524000071 ], [ -122.319164619999981, 47.57901127000008 ], [ -122.319153074999974, 47.579148172000032 ], [ -122.319145066999965, 47.579285188000028 ], [ -122.319140594999965, 47.579422281000063 ], [ -122.319139660999952, 47.579559407000033 ], [ -122.319142264999982, 47.579696514000034 ], [ -122.319148409999968, 47.579833578000034 ], [ -122.31915808499997, 47.579970546000027 ], [ -122.319171293999943, 47.580107380000072 ], [ -122.319188036999947, 47.580244037000057 ], [ -122.319208297999978, 47.580380476000073 ], [ -122.319232076, 47.580516652000028 ], [ -122.319259371999976, 47.580652529000076 ], [ -122.319310210999959, 47.580868790000068 ], [ -122.319727369999953, 47.582496563000063 ], [ -122.319747578999966, 47.582575422000048 ], [ -122.319848477999983, 47.582994288000066 ], [ -122.319925339999941, 47.583356237000032 ], [ -122.319992851999984, 47.583719041000052 ], [ -122.320050993, 47.584082585000033 ], [ -122.320099746999972, 47.584446763000074 ], [ -122.320139092999966, 47.584811459000036 ], [ -122.320169019, 47.58517656600003 ], [ -122.32023, 47.586059834000025 ], [ -122.320232326999985, 47.586093542000071 ], [ -122.320232910999948, 47.586101997000071 ], [ -122.320233116999987, 47.586104943000066 ], [ -122.320290020999948, 47.586929173000044 ], [ -122.320292223999957, 47.586952949000079 ], [ -122.320336299999951, 47.587428628000055 ], [ -122.320413973999962, 47.58797437700008 ], [ -122.320463379999978, 47.588246587000071 ], [ -122.320519801999978, 47.588518174000058 ], [ -122.320617469999945, 47.588923847000046 ], [ -122.320617820999985, 47.588925196000048 ], [ -122.320618171999968, 47.588926546000039 ], [ -122.320618525999976, 47.58892789600003 ], [ -122.320618872999944, 47.588929246000077 ], [ -122.320619229999977, 47.588930596000068 ], [ -122.320619582999939, 47.588931946000059 ], [ -122.320619932999989, 47.58893329700004 ], [ -122.320620287999986, 47.588934646000041 ], [ -122.320620642999984, 47.588935996000032 ], [ -122.320620992999977, 47.58893734600008 ], [ -122.320621347999975, 47.588938700000028 ], [ -122.320621702999972, 47.588940043000036 ], [ -122.320622052999965, 47.588941393000027 ], [ -122.320622411999977, 47.588942744000065 ], [ -122.320622766999975, 47.588944092000077 ], [ -122.320623120999983, 47.588945442000067 ], [ -122.32062347599998, 47.588946792000058 ], [ -122.320623830999978, 47.588948142000049 ], [ -122.320624185999975, 47.58894949200004 ], [ -122.320624539999983, 47.588950839000063 ], [ -122.32062489499998, 47.588952190000043 ], [ -122.320625249999978, 47.588953536000076 ], [ -122.320625607999943, 47.588954889000036 ], [ -122.320625956999947, 47.588956239000026 ], [ -122.320626318, 47.588957589000074 ], [ -122.32062667699995, 47.58895893600004 ], [ -122.320627030999958, 47.588960286000031 ], [ -122.32062738999997, 47.588961636000079 ], [ -122.320627744999967, 47.58896298500008 ], [ -122.320628103999979, 47.588964335000071 ], [ -122.320628457999987, 47.588965684000073 ], [ -122.320628816999943, 47.588967032000028 ], [ -122.320629173999976, 47.588968382000076 ], [ -122.320629529999962, 47.588969729000041 ], [ -122.320629888999974, 47.588971079000032 ], [ -122.320630247999986, 47.58897242900008 ], [ -122.320630606999941, 47.588973779000071 ], [ -122.320630962999985, 47.588975130000051 ], [ -122.320631323999976, 47.588976476000028 ], [ -122.320631682999988, 47.588977826000075 ], [ -122.320632041999943, 47.588979176000066 ], [ -122.320632399999965, 47.588980526000057 ], [ -122.320632758999977, 47.58898187300008 ], [ -122.320633117999989, 47.588983222000081 ], [ -122.320633476999944, 47.58898457500004 ], [ -122.320633838999981, 47.588985919000038 ], [ -122.320634198, 47.588987269000029 ], [ -122.320634556999948, 47.588988621000055 ], [ -122.320634919999975, 47.588989966000042 ], [ -122.320635277999941, 47.588991316000033 ], [ -122.320635640999967, 47.588992666000081 ], [ -122.320636, 47.588994013000047 ], [ -122.32063636099997, 47.588995363000038 ], [ -122.320636720999971, 47.58899671000006 ], [ -122.320637083999941, 47.58899806200003 ], [ -122.320637446999967, 47.588999410000042 ], [ -122.320637805999979, 47.589000757000065 ], [ -122.320638168999949, 47.589002106000066 ], [ -122.32063852899995, 47.589003456000057 ], [ -122.320638893999956, 47.58900480300008 ], [ -122.320639256999982, 47.58900615400006 ], [ -122.320639619999952, 47.589007500000037 ], [ -122.320639981999989, 47.589008850000027 ], [ -122.320640344999958, 47.58901019700005 ], [ -122.320640705999949, 47.589011550000066 ], [ -122.320641070999955, 47.589012894000064 ], [ -122.320641433999981, 47.589014244000055 ], [ -122.320641795999961, 47.589015591000077 ], [ -122.320642158999988, 47.589016941000068 ], [ -122.320642525999972, 47.58901829000007 ], [ -122.320642888999942, 47.589019639000071 ], [ -122.320643249999989, 47.589020987000026 ], [ -122.320643617999963, 47.589022334000049 ], [ -122.320643980999989, 47.589023685000029 ], [ -122.320644347999973, 47.589025031000062 ], [ -122.320644710999943, 47.589026378000028 ], [ -122.320645077999984, 47.589027728000076 ], [ -122.320645443999979, 47.589029075000042 ], [ -122.32064580499997, 47.589030425000033 ], [ -122.320646174, 47.589031772000055 ], [ -122.320646540999974, 47.589033121000057 ], [ -122.320646903999943, 47.589034468000079 ], [ -122.32064727, 47.58903581800007 ], [ -122.320647636999979, 47.589037165000036 ], [ -122.320648003999963, 47.589038512000059 ], [ -122.320648370999947, 47.58903986200005 ], [ -122.320648737999988, 47.589041210000062 ], [ -122.320649103, 47.589042559000063 ], [ -122.320649470999967, 47.589043906000029 ], [ -122.320649841999966, 47.589045254000041 ], [ -122.32065020899995, 47.589046603000043 ], [ -122.320650576, 47.589047952000044 ], [ -122.320650942999976, 47.589049298000077 ], [ -122.320651313999974, 47.589050646000032 ], [ -122.320651679999969, 47.589051993000055 ], [ -122.320652050999968, 47.589053340000078 ], [ -122.320652417999952, 47.589054690000069 ], [ -122.320652782999957, 47.589056037000034 ], [ -122.320653153999956, 47.589057384000057 ], [ -122.320653522999976, 47.589058734000048 ], [ -122.320653896999943, 47.589060081000071 ], [ -122.320654263999984, 47.589061428000036 ], [ -122.320654630999968, 47.589062775000059 ], [ -122.320655001999967, 47.58906412400006 ], [ -122.320655372999965, 47.589065471000026 ], [ -122.320655743999964, 47.589066818000049 ], [ -122.320656113999974, 47.589068165000072 ], [ -122.320656484999972, 47.589069515000062 ], [ -122.320656859999985, 47.589070863000074 ], [ -122.32065722699997, 47.589072209000051 ], [ -122.320657597999968, 47.589073556000073 ], [ -122.320658198999979, 47.589075739000066 ], [ -122.320794693999972, 47.589571233000072 ], [ -122.320986954999967, 47.590268368000068 ], [ -122.321027222999987, 47.590425476000064 ], [ -122.321051496999985, 47.590533939000068 ], [ -122.321072965999974, 47.590642676000073 ], [ -122.321091628999966, 47.590751645000068 ], [ -122.321107476999941, 47.590860819000056 ], [ -122.321120503999964, 47.59097016700008 ], [ -122.321130706999952, 47.591079648000061 ], [ -122.321138083, 47.591189234000069 ], [ -122.321142631999976, 47.591298893000044 ], [ -122.321144343999947, 47.591408586000057 ], [ -122.321143227999983, 47.591518285000063 ], [ -122.321139280999944, 47.591627950000031 ], [ -122.321132498999987, 47.591737554000076 ], [ -122.321122901999956, 47.591847064000035 ], [ -122.32111047099994, 47.591956440000047 ], [ -122.321095218999972, 47.592065654000066 ], [ -122.32107715099994, 47.592174671000066 ], [ -122.321056276999968, 47.592283458000054 ], [ -122.320767772999943, 47.593690353000056 ], [ -122.320473492999952, 47.595125345000042 ], [ -122.32045261199994, 47.59523413200003 ], [ -122.320434542999976, 47.59534314900003 ], [ -122.32041929199994, 47.595452360000081 ], [ -122.320406856999966, 47.595561739000061 ], [ -122.320397250999974, 47.595671250000066 ], [ -122.320390470999939, 47.595780853000065 ], [ -122.32038860199998, 47.59583275600005 ], [ -122.319862511999986, 47.595831804000056 ], [ -122.319797302999973, 47.595831685000064 ], [ -122.319668006999962, 47.595831452000027 ], [ -122.319534252999972, 47.595831154000052 ], [ -122.319390501999976, 47.595830835000072 ], [ -122.319313582999939, 47.59583066600004 ], [ -122.319230035999965, 47.595830793000061 ], [ -122.31863240399997, 47.595829144000049 ], [ -122.318589915999951, 47.595828958000027 ], [ -122.318581914, 47.595828965000067 ], [ -122.318557507999969, 47.595828975000074 ], [ -122.318468423999946, 47.595828776000076 ], [ -122.318460158, 47.595828757000049 ], [ -122.318287909999981, 47.59582836800007 ], [ -122.317395952999959, 47.595826367000029 ], [ -122.317386264, 47.595826345000035 ], [ -122.317308111999978, 47.595826171000056 ], [ -122.317270061999977, 47.595826084000066 ], [ -122.317070187999946, 47.595826034000027 ], [ -122.316697613999963, 47.595825941000044 ], [ -122.316354179999962, 47.595825855000044 ], [ -122.315937409999947, 47.595825747000049 ], [ -122.31541447099994, 47.595825003000073 ], [ -122.314776463999976, 47.595823817000053 ], [ -122.314098125999976, 47.595822586000054 ], [ -122.313193070999944, 47.595820917000026 ], [ -122.312610748999987, 47.595819842000026 ], [ -122.312218299, 47.595819127000027 ], [ -122.312163976999955, 47.595818983000072 ], [ -122.312028958999974, 47.595832213000051 ], [ -122.311766485999954, 47.595857931000069 ], [ -122.311544211999944, 47.595879712000055 ], [ -122.312081484999965, 47.596586154000079 ], [ -122.312135179999984, 47.596656768000059 ], [ -122.312135781999984, 47.596657561000029 ], [ -122.312154825, 47.596682600000065 ], [ -122.312162981999961, 47.596693328000072 ], [ -122.312774542999989, 47.597497449000059 ], [ -122.312801680999939, 47.597532668000042 ], [ -122.31342172799998, 47.59833705300008 ], [ -122.313776084999972, 47.59880626000006 ], [ -122.313901157999965, 47.598971894000044 ], [ -122.313927059999969, 47.599004598000079 ], [ -122.31395456599995, 47.599036733000048 ], [ -122.313983598, 47.599068217000081 ], [ -122.31401415, 47.599099050000063 ], [ -122.314046140999949, 47.59912918100008 ], [ -122.314079611999944, 47.599158577000026 ], [ -122.314114477999965, 47.599187243000074 ], [ -122.314151859999981, 47.599215903000072 ], [ -122.314148619999969, 47.599570272000051 ], [ -122.314148061999958, 47.599815471000056 ], [ -122.314147607999985, 47.600016733000075 ], [ -122.314146868999956, 47.600336647000063 ], [ -122.31414624599995, 47.600605955000049 ], [ -122.314145670999949, 47.600854850000076 ], [ -122.314144724999949, 47.601273675000073 ], [ -122.314144440999939, 47.601395865000029 ], [ -122.314144073999955, 47.601553928000044 ], [ -122.314143773999945, 47.601694512000051 ], [ -122.314176525999983, 47.601694574000078 ], [ -122.314176212999939, 47.601785042000074 ], [ -122.314174947999959, 47.60215020000004 ], [ -122.314211671999942, 47.602687098000047 ], [ -122.314211354999941, 47.602725482000039 ], [ -122.314206641999988, 47.603286532000027 ], [ -122.314204715999949, 47.603515496000057 ], [ -122.314200668999945, 47.604035564000071 ], [ -122.314200666999966, 47.60403578100005 ], [ -122.31419551099998, 47.604035768000074 ], [ -122.314193802999966, 47.604264816000068 ], [ -122.314193804999945, 47.604264886000067 ], [ -122.314193141999965, 47.604355352000027 ], [ -122.314188599999966, 47.604975323000076 ], [ -122.314184127999965, 47.605561677000026 ], [ -122.314179929999966, 47.606197787000042 ], [ -122.314166909, 47.608053797000025 ], [ -122.314158847999977, 47.609221770000033 ], [ -122.314150386, 47.61039014000005 ], [ -122.314150394999956, 47.610390156000051 ], [ -122.314149505999978, 47.610514112000033 ], [ -122.314149395999948, 47.610529254000028 ], [ -122.31414198899995, 47.61155823200005 ], [ -122.314132281999946, 47.612920809000059 ], [ -122.314219526999977, 47.612921 ], [ -122.31423504199995, 47.613900742000055 ], [ -122.314238634, 47.614127972000063 ], [ -122.314256974999978, 47.615287822000028 ], [ -122.31427563699998, 47.616456695000068 ], [ -122.31427563699998, 47.616456715000027 ], [ -122.314294280999945, 47.61762557600008 ], [ -122.314296837999962, 47.617783575000033 ], [ -122.314305922999949, 47.618343012000025 ], [ -122.31431323299995, 47.618793335000078 ], [ -122.314313331999983, 47.618799809000052 ], [ -122.314313437999942, 47.618807042000071 ], [ -122.314331243999959, 47.619961445000058 ], [ -122.315633624999975, 47.619952112000078 ], [ -122.316942938999944, 47.61994252900007 ], [ -122.317697147999979, 47.61993702400008 ], [ -122.318248507999954, 47.619932998000081 ], [ -122.318248531999984, 47.619932997000035 ], [ -122.318258426999989, 47.620570881000049 ], [ -122.31826665799997, 47.62110057700005 ], [ -122.318902700999956, 47.62109597500006 ], [ -122.319437582999967, 47.621092168000075 ], [ -122.319953018999968, 47.621088376000046 ], [ -122.320414066999945, 47.62108513700008 ], [ -122.320906273999981, 47.621081682000067 ], [ -122.322054773, 47.62107347500006 ], [ -122.322173369999973, 47.621072625000068 ], [ -122.32223946, 47.621072163000065 ], [ -122.323105928999951, 47.621065902000055 ], [ -122.323260708999953, 47.621064788000069 ], [ -122.323264759999972, 47.621064643000068 ], [ -122.323268814999949, 47.621064613000044 ], [ -122.32326999299994, 47.621064606000061 ], [ -122.323272869999983, 47.621064587000035 ], [ -122.323276902999964, 47.621064371000045 ], [ -122.32328096599997, 47.621064347000072 ], [ -122.323285019999958, 47.621063977000063 ], [ -122.32328615199998, 47.621063873000026 ], [ -122.323288199, 47.621063679000031 ], [ -122.323289032, 47.621063596000056 ], [ -122.323293043999968, 47.621063210000045 ], [ -122.323297059999959, 47.621062828000049 ], [ -122.32330107699994, 47.621062444000074 ], [ -122.323305088999973, 47.621062061000032 ], [ -122.323308436, 47.621061739000027 ], [ -122.32330910099995, 47.621061668000038 ], [ -122.323309624, 47.621061601000065 ], [ -122.323311371999978, 47.621061378000036 ], [ -122.32331158, 47.621061347000079 ], [ -122.323313071999962, 47.621061119000046 ], [ -122.323317025, 47.621060513000032 ], [ -122.323320981999984, 47.621059909000053 ], [ -122.32332493499996, 47.621059303000038 ], [ -122.323328888, 47.621058693000066 ], [ -122.323332840999967, 47.62105808900003 ], [ -122.323333518999959, 47.621057964000045 ], [ -122.323336182, 47.621057471000029 ], [ -122.323336211999958, 47.621057465000035 ], [ -122.323336745999939, 47.621057348000079 ], [ -122.323340607999967, 47.621056519000035 ], [ -122.323344468999949, 47.62105568700008 ], [ -122.323348335, 47.621054855000068 ], [ -122.323352199999988, 47.621054023000056 ], [ -122.323356064, 47.621053198000027 ], [ -122.323356451, 47.621053112000027 ], [ -122.323359922999941, 47.621052359000032 ], [ -122.323360031999982, 47.621052331000044 ], [ -122.323360437999952, 47.621052215000077 ], [ -122.323363663999942, 47.62105129400004 ], [ -122.323367401999974, 47.621050229000048 ], [ -122.323371136999981, 47.621049163000066 ], [ -122.323374875999946, 47.621048101000042 ], [ -122.323378612999988, 47.621047039000075 ], [ -122.323379069999987, 47.621046905000071 ], [ -122.323379173999967, 47.621046874000058 ], [ -122.323382343999981, 47.621045969000079 ], [ -122.323382448999951, 47.62104593600003 ], [ -122.323383859999979, 47.621045443000071 ], [ -122.32338539999995, 47.621044898000036 ], [ -122.323385947999952, 47.621044703000052 ], [ -122.323389540999983, 47.621043433000068 ], [ -122.323393130999989, 47.621042160000059 ], [ -122.323396723999963, 47.621040887000049 ], [ -122.323400312999979, 47.621039615000029 ], [ -122.32340200799996, 47.621039015000065 ], [ -122.323403902999985, 47.621038342000077 ], [ -122.323406339999963, 47.621037345000047 ], [ -122.323406814999942, 47.621037140000055 ], [ -122.323407358999987, 47.62103690400005 ], [ -122.323410778999971, 47.621035430000063 ], [ -122.323414195999987, 47.621033958000055 ], [ -122.323417616999961, 47.621032485000057 ], [ -122.323421034999967, 47.62103101200006 ], [ -122.323423989, 47.621029738000061 ], [ -122.323424449999948, 47.621029536000037 ], [ -122.323427830999947, 47.621028078000052 ], [ -122.323431076999952, 47.621026374000053 ], [ -122.323432243999946, 47.621025759000077 ], [ -122.323434277999979, 47.62102468900008 ], [ -122.32343747799996, 47.62102300500004 ], [ -122.323440673999983, 47.621021321000057 ], [ -122.323443872999974, 47.621019640000043 ], [ -122.323447075, 47.62101795500007 ], [ -122.323447415999965, 47.621017745000074 ], [ -122.323447879999947, 47.621017459000029 ], [ -122.323449610999944, 47.621016379000025 ], [ -122.323450071999957, 47.621016103000045 ], [ -122.323453043999962, 47.621014241000069 ], [ -122.323456027999953, 47.621012381000071 ], [ -122.323459010999954, 47.621010525000031 ], [ -122.323461988999952, 47.621008664000044 ], [ -122.323463883999977, 47.621007482000039 ], [ -122.323464028999979, 47.621007391000035 ], [ -122.323464967999939, 47.621006806000025 ], [ -122.323465088999967, 47.621006725000029 ], [ -122.323466527999983, 47.621005720000028 ], [ -122.323466821999943, 47.62100550100007 ], [ -122.323467747, 47.621004812000081 ], [ -122.323470470999951, 47.621002781000072 ], [ -122.323473195999952, 47.621000752000043 ], [ -122.323475918999975, 47.620998720000046 ], [ -122.323478643999977, 47.620996691000073 ], [ -122.323483733999979, 47.620992895000029 ], [ -122.323486255999967, 47.620990751000079 ], [ -122.32348878199997, 47.620988607000072 ], [ -122.323491309999952, 47.620986464000055 ], [ -122.323493316999986, 47.620984670000041 ], [ -122.323493716999963, 47.620984259000068 ], [ -122.323495969999954, 47.620981981000057 ], [ -122.323498355999959, 47.620979770000076 ], [ -122.323500581999951, 47.620977477000054 ], [ -122.323502078999979, 47.620975934000057 ], [ -122.323502806999954, 47.620975185000077 ], [ -122.323505032999947, 47.620972893000044 ], [ -122.323507258999939, 47.620970602000057 ], [ -122.323510017, 47.620967761000031 ], [ -122.32351065499995, 47.620967105000034 ], [ -122.323514199999977, 47.620963423000035 ], [ -122.323516413, 47.620961126000054 ], [ -122.323518625999952, 47.620958830000063 ], [ -122.323520839999958, 47.620956535000062 ], [ -122.323523052999974, 47.620954237000035 ], [ -122.323524389999989, 47.620952884000076 ], [ -122.323525373999985, 47.620951993000062 ], [ -122.323527800999955, 47.620949798000026 ], [ -122.323530232999985, 47.620947603000047 ], [ -122.323532659999955, 47.620945408000068 ], [ -122.323535086999982, 47.620943214000079 ], [ -122.323537517999966, 47.620941017000064 ], [ -122.323539459999949, 47.620939278000037 ], [ -122.323539994999976, 47.62093885400003 ], [ -122.323542636999946, 47.620936775000075 ], [ -122.323545277999983, 47.620934694000027 ], [ -122.32354791399996, 47.620932611000057 ], [ -122.323550550999983, 47.620930531000056 ], [ -122.323553191999963, 47.620928450000065 ], [ -122.323555834, 47.620926368000028 ], [ -122.323558850999973, 47.620924310000078 ], [ -122.323561702999939, 47.620922362000044 ], [ -122.323564554999962, 47.620920413000078 ], [ -122.323567406999985, 47.620918465000045 ], [ -122.323570256999972, 47.620916516000079 ], [ -122.323573111999963, 47.620914571000071 ], [ -122.323575803999972, 47.620912727000075 ], [ -122.323579030999952, 47.620910833000039 ], [ -122.323582089999945, 47.620909035000068 ], [ -122.323585151999964, 47.62090723600005 ], [ -122.323588213, 47.620905435000054 ], [ -122.323591269999952, 47.620903638000073 ], [ -122.323594328999945, 47.620901840000045 ], [ -122.323597230999951, 47.620900134000067 ], [ -122.323600646999978, 47.620898412000031 ], [ -122.323603894999962, 47.620896775000062 ], [ -122.323607144999983, 47.620895137000048 ], [ -122.32361039999995, 47.620893497000054 ], [ -122.323613648, 47.620891861000075 ], [ -122.323616895999976, 47.620890220000035 ], [ -122.323620008999967, 47.62088865100003 ], [ -122.323623573999953, 47.620887120000077 ], [ -122.323626995999973, 47.620885651000037 ], [ -122.323630416999947, 47.620884181000065 ], [ -122.323633837999978, 47.620882710000046 ], [ -122.323637263999956, 47.620881243000042 ], [ -122.323640684999987, 47.62087977300007 ], [ -122.323643972999946, 47.620878359000073 ], [ -122.323644108999986, 47.620878305000076 ], [ -122.32364768399998, 47.620877017000055 ], [ -122.323651259999963, 47.620875726000065 ], [ -122.323654837, 47.620874434000029 ], [ -122.323658412999976, 47.62087314300004 ], [ -122.323661987999969, 47.620871848000036 ], [ -122.323665563999953, 47.620870556000057 ], [ -122.323669017999975, 47.620869306000031 ], [ -122.323672849, 47.620868163000068 ], [ -122.323676553999974, 47.620867056000066 ], [ -122.32368026599994, 47.620865947000027 ], [ -122.32368397099998, 47.62086484200006 ], [ -122.323687680999967, 47.620863734000068 ], [ -122.323691387999986, 47.620862625000029 ], [ -122.323694996999961, 47.620861546000071 ], [ -122.323698920999959, 47.620860609000033 ], [ -122.323702736999962, 47.620859689000042 ], [ -122.323706557999969, 47.62085877100003 ], [ -122.32371038399998, 47.620857855000054 ], [ -122.323714196999958, 47.620856937000042 ], [ -122.323718022999969, 47.620856021000066 ], [ -122.323721748999958, 47.620855126000038 ], [ -122.323721841999941, 47.620855108000057 ], [ -122.323725752999962, 47.620854388000055 ], [ -122.323729666999952, 47.620853670000031 ], [ -122.323733579999953, 47.62085294700006 ], [ -122.323737488999939, 47.620852226000068 ], [ -122.323741401999939, 47.620851505000076 ], [ -122.323745311999971, 47.620850787000052 ], [ -122.323749168999939, 47.620850077000057 ], [ -122.323753200999988, 47.620849548000081 ], [ -122.323757180999962, 47.620849027000077 ], [ -122.323761164999951, 47.620848505000026 ], [ -122.323765142999946, 47.620847984000079 ], [ -122.323769123999966, 47.620847463000075 ], [ -122.32377310399994, 47.620846940000035 ], [ -122.323777043999939, 47.620846425000082 ], [ -122.323777083999971, 47.620846421000067 ], [ -122.32378110999997, 47.620846103000076 ], [ -122.323785136999959, 47.620845785000029 ], [ -122.323789162999958, 47.620845466000048 ], [ -122.323793186999978, 47.620845147000068 ], [ -122.323797214999956, 47.620844831000056 ], [ -122.323801241999945, 47.620844512000076 ], [ -122.323804909999978, 47.620844219000048 ], [ -122.323805255999957, 47.620844194000028 ], [ -122.323805603999972, 47.620844181000052 ], [ -122.323809316, 47.620844079000051 ], [ -122.323813369, 47.620843967000042 ], [ -122.323817420999944, 47.620843854000043 ], [ -122.323821469, 47.620843742000034 ], [ -122.32382150799998, 47.620843738000076 ], [ -122.323824578999961, 47.620843497000067 ], [ -122.323825519999957, 47.620843423000053 ], [ -122.32382956899994, 47.620843416000071 ], [ -122.323833623999974, 47.620843400000069 ], [ -122.324032295, 47.62084288300008 ], [ -122.325314602999981, 47.620839470000078 ], [ -122.325314629, 47.620839469000032 ], [ -122.326593567999964, 47.620836318000045 ], [ -122.327875250999966, 47.620833090000076 ], [ -122.328212486999973, 47.620832231000065 ], [ -122.328362278999975, 47.620831852000038 ], [ -122.328506239999967, 47.620831487000032 ], [ -122.328661998999962, 47.620831091000071 ], [ -122.328668231999984, 47.62197493900004 ], [ -122.328674533999958, 47.623134201000028 ], [ -122.328674532999969, 47.623134238000034 ], [ -122.328680739999982, 47.62427609100007 ], [ -122.328684727, 47.625009234000061 ], [ -122.328685060999987, 47.625070758000049 ], [ -122.32868511099997, 47.625079247000031 ], [ -122.328685383999982, 47.62512528600007 ], [ -122.328685400999973, 47.62512829800005 ], [ -122.328690355, 47.625963220000074 ], [ -122.328690423999944, 47.625974708000058 ], [ -122.328691331999948, 47.626127717000031 ], [ -122.328691392999986, 47.626137951000032 ], [ -122.328693384999951, 47.626474057000053 ], [ -122.328690189999975, 47.626846587000045 ], [ -122.328690148999954, 47.626851500000043 ], [ -122.328690147999964, 47.62685153700005 ], [ -122.32868536899997, 47.626924874000053 ], [ -122.328678242999956, 47.627003092000052 ], [ -122.328669103999971, 47.627081210000028 ], [ -122.328657947999943, 47.627159211000048 ], [ -122.328644774999987, 47.627237066000077 ], [ -122.328629596999974, 47.627314751000029 ], [ -122.328612411999984, 47.62739225100006 ], [ -122.328604218999942, 47.627425274000075 ], [ -122.328564955, 47.627570115000026 ], [ -122.328560534999951, 47.627586434000079 ], [ -122.32855664799996, 47.627597670000057 ], [ -122.328500583, 47.627759652000066 ], [ -122.328486909, 47.627799163000077 ], [ -122.328461856999979, 47.627862465000078 ], [ -122.328436179999983, 47.627927346000035 ], [ -122.328432686999975, 47.627936161000036 ], [ -122.328403554999966, 47.628002535000064 ], [ -122.328368542999954, 47.62807723800006 ], [ -122.328318334999949, 47.628176862000032 ], [ -122.32828976199994, 47.628230528000074 ], [ -122.328279730999952, 47.62824936800007 ], [ -122.328274766999982, 47.628258693000078 ], [ -122.328238715999987, 47.628322658000059 ], [ -122.328195552999944, 47.628395386000079 ], [ -122.328195285999982, 47.628395828000066 ], [ -122.328154087999962, 47.628466954000032 ], [ -122.328109823999966, 47.628529823000065 ], [ -122.328103645999988, 47.628539266000075 ], [ -122.328054917999964, 47.628610369000057 ], [ -122.328004358999976, 47.628680885000051 ], [ -122.327990456999942, 47.628699360000041 ], [ -122.327989502999969, 47.628700716000026 ], [ -122.327971570999978, 47.628726181000047 ], [ -122.327955178999957, 47.628746533000026 ], [ -122.327951800999983, 47.628750726000078 ], [ -122.327897810999957, 47.628820077000057 ], [ -122.327841861999957, 47.628888705000065 ], [ -122.327818802999957, 47.628915860000063 ], [ -122.327788147999968, 47.628953921000061 ], [ -122.327756001999944, 47.628988508000077 ], [ -122.327755940999964, 47.62898857600004 ], [ -122.327755923999973, 47.628988595000067 ], [ -122.327745384999957, 47.628999884000052 ], [ -122.327604660999953, 47.629150603000028 ], [ -122.327527974999953, 47.629226239000047 ], [ -122.327430376999985, 47.62932249000005 ], [ -122.327430094999954, 47.629322759000047 ], [ -122.327189213999986, 47.629536454000061 ], [ -122.326898987, 47.629789825000046 ], [ -122.326525064999942, 47.630124249000062 ], [ -122.326212766999959, 47.630400960000031 ], [ -122.326128671, 47.630475470000079 ], [ -122.325624734999963, 47.630921986000033 ], [ -122.325576459, 47.630964759000051 ], [ -122.325435163999941, 47.631091398000081 ], [ -122.325404213999946, 47.631119138000031 ], [ -122.325337323999975, 47.631179094000061 ], [ -122.325322777999986, 47.631192131000034 ], [ -122.32525759899994, 47.631253150000077 ], [ -122.325243592999982, 47.631266248000031 ], [ -122.325166281999941, 47.631341263000081 ], [ -122.325090915999965, 47.631417178000049 ], [ -122.325017526999943, 47.631493970000065 ], [ -122.324954591999983, 47.63156241400003 ], [ -122.324946128999954, 47.631571619000056 ], [ -122.324876640999946, 47.631650051000065 ], [ -122.324872520999975, 47.631654959000059 ], [ -122.324865234999947, 47.631663648000028 ], [ -122.324865173999967, 47.631663722000042 ], [ -122.324864981999951, 47.631663950000075 ], [ -122.324809405999986, 47.63172938200006 ], [ -122.324744120999981, 47.631809450000048 ], [ -122.324680911999963, 47.631890276000036 ], [ -122.324619804999941, 47.631971834000069 ], [ -122.324599166999974, 47.632000402000074 ], [ -122.324578175999989, 47.632026971000073 ], [ -122.324560442999939, 47.632053994000046 ], [ -122.324550195999961, 47.632069059000059 ], [ -122.324503947999972, 47.632137055000044 ], [ -122.324449238999989, 47.632220665000034 ], [ -122.324424044999944, 47.63226108200007 ], [ -122.324424575999956, 47.63226108200007 ], [ -122.324711644999979, 47.632261121000056 ], [ -122.324949072999971, 47.632261153000059 ], [ -122.324971959999971, 47.632261155000037 ], [ -122.325089379999952, 47.632261171000039 ], [ -122.325101338999957, 47.632261170000049 ], [ -122.326085635999959, 47.632261293000056 ], [ -122.326221235, 47.632261441000026 ], [ -122.326720097999953, 47.632261974000073 ], [ -122.326775280999982, 47.632262032000028 ], [ -122.326941643999987, 47.632262212000057 ], [ -122.327055598999948, 47.63226233000006 ], [ -122.32717104678413, 47.632262452607442 ], [ -122.327105538741847, 47.632733412496179 ], [ -122.327193995645672, 47.633198669243853 ], [ -122.327208223336797, 47.63327350694157 ], [ -122.32714313104033, 47.63383028117353 ], [ -122.327086319086078, 47.634643466439634 ], [ -122.327935994245721, 47.634815411121629 ], [ -122.328050673146834, 47.635098775654768 ], [ -122.328351999677494, 47.635264912350685 ], [ -122.328242398097629, 47.635765489118917 ], [ -122.329420546396548, 47.636302779788302 ], [ -122.329488301934347, 47.636430072849087 ], [ -122.329492211336586, 47.636543974559892 ], [ -122.329493498017285, 47.636581462270144 ], [ -122.329495632770929, 47.636643658762317 ], [ -122.329604479371653, 47.636741859879344 ], [ -122.329719111189291, 47.637185969294386 ], [ -122.329681763757776, 47.637782067139362 ], [ -122.329550704562678, 47.638174502045359 ], [ -122.329597680670815, 47.638701071809464 ], [ -122.329675557056021, 47.639285595670231 ], [ -122.329687606329429, 47.639636716544551 ], [ -122.329677765999207, 47.639735085381176 ], [ -122.3296445612838, 47.640067016236252 ], [ -122.329569277342102, 47.640400140078214 ], [ -122.329523549756914, 47.640752336640034 ], [ -122.329565163988136, 47.641122529955723 ], [ -122.329663897372427, 47.641472461368686 ], [ -122.329711541903436, 47.642018383290356 ], [ -122.329548235063726, 47.642313814458106 ], [ -122.329438029022228, 47.642471832046333 ], [ -122.329273885808703, 47.642728203392785 ], [ -122.329137460395714, 47.642964603770366 ], [ -122.328840745349325, 47.643229907147251 ], [ -122.328271787170237, 47.643335645331405 ], [ -122.327826437455002, 47.643466863880555 ], [ -122.327593917115465, 47.643829694835091 ], [ -122.327563274180307, 47.644134185376316 ], [ -122.327449603137097, 47.64439850178281 ], [ -122.327620432007194, 47.644603014339751 ], [ -122.327712463014038, 47.644905583523119 ], [ -122.327638424796206, 47.645127807716257 ], [ -122.327322825676518, 47.645464179571242 ], [ -122.327256331519479, 47.645630812358498 ], [ -122.327228481560184, 47.645700603698792 ], [ -122.326939343472787, 47.646202443364785 ], [ -122.326745906454391, 47.646537070824408 ], [ -122.326547301241746, 47.646706062738197 ], [ -122.32631380726859, 47.647041146266666 ], [ -122.325935911441078, 47.647351066710129 ], [ -122.325592927466687, 47.647480846950728 ], [ -122.325493833234503, 47.64757904682557 ], [ -122.325339115043803, 47.64783012292235 ], [ -122.325210476143425, 47.648072737891809 ], [ -122.325031701791445, 47.648495386596352 ], [ -122.324973721276038, 47.648920261688701 ], [ -122.324895459764562, 47.649197390472708 ], [ -122.324811629097937, 47.649519159567639 ], [ -122.324654972378752, 47.649625116081367 ], [ -122.324485470566543, 47.649785423193578 ], [ -122.324242632770321, 47.649937109653315 ], [ -122.324014825343781, 47.65009833010069 ], [ -122.323830958556513, 47.650268802842461 ], [ -122.323633732887856, 47.650478896216953 ], [ -122.323600974328997, 47.650514710167251 ], [ -122.323452315378773, 47.651017601385085 ], [ -122.323416921884913, 47.651228423141973 ], [ -122.323326886159478, 47.651487911916831 ], [ -122.3232339175524, 47.651661589017692 ], [ -122.32314159884848, 47.651854279225518 ], [ -122.323007012158456, 47.652057053476568 ], [ -122.322798188992422, 47.652165535678719 ], [ -122.322574360325135, 47.652235862370226 ], [ -122.322531036203998, 47.652245217573387 ], [ -122.322335689752563, 47.65228739975025 ], [ -122.322053127008814, 47.652301407899166 ], [ -122.321784099462619, 47.652296010749779 ], [ -122.321528293449845, 47.652261786622155 ], [ -122.321256331500749, 47.652170406757094 ], [ -122.320912744856813, 47.652061120397256 ], [ -122.320389053869988, 47.651638980360026 ], [ -122.320268985273472, 47.651435382802838 ], [ -122.319918222077249, 47.651115764202572 ], [ -122.319490633002914, 47.650610892626332 ], [ -122.319070717162575, 47.65033056625736 ], [ -122.318857588623814, 47.650090030960826 ], [ -122.318710116314875, 47.649915476141786 ], [ -122.318494204530907, 47.649608146823027 ], [ -122.31796841405253, 47.649078581662337 ], [ -122.317775218994228, 47.648916563732769 ], [ -122.317661507072856, 47.648794185691301 ], [ -122.317501946273225, 47.648622464574316 ], [ -122.317111593127365, 47.648196862500839 ], [ -122.316743027343023, 47.647859691992288 ], [ -122.316410686846766, 47.64748390979922 ], [ -122.316309987714163, 47.647282405824299 ], [ -122.316190959222922, 47.647093695594414 ], [ -122.316127341964972, 47.646878933022961 ], [ -122.316138743495131, 47.646662830231016 ], [ -122.31612880144435, 47.646370971569084 ], [ -122.316099667692768, 47.646066730193176 ], [ -122.316088424432024, 47.645736677685903 ], [ -122.316097706413942, 47.645619913123042 ], [ -122.316114694240085, 47.645406211338923 ], [ -122.316231004630367, 47.644979407666348 ], [ -122.316379148244536, 47.644698112380276 ], [ -122.316396490254533, 47.644492544494717 ], [ -122.316360414191934, 47.64414831046885 ], [ -122.316255209255459, 47.643903691208379 ], [ -122.316104186879329, 47.643758148298716 ], [ -122.315873550838532, 47.643761737398407 ], [ -122.315798698413474, 47.643336021849287 ], [ -122.315573572673429, 47.643158898335003 ], [ -122.315397896415945, 47.642989233606961 ], [ -122.315098335152783, 47.642755862444751 ], [ -122.314923781595112, 47.642619082519133 ], [ -122.314661553704838, 47.642409634091273 ], [ -122.314265793720651, 47.64221065698441 ], [ -122.313795441478817, 47.64230827921876 ], [ -122.313419886813847, 47.642330394741371 ], [ -122.313126758921058, 47.64228576518871 ], [ -122.312942330719011, 47.642231220450483 ], [ -122.31273351460824, 47.642160432800971 ], [ -122.312511702827607, 47.642065512162375 ], [ -122.31226360311797, 47.641913246462906 ], [ -122.312105305099337, 47.641922422467744 ], [ -122.311875895509175, 47.641935718534391 ], [ -122.311516465925507, 47.642089016632184 ], [ -122.311303025250837, 47.642240220366389 ], [ -122.311113903781475, 47.642390876241095 ], [ -122.310901624073452, 47.64259124281962 ], [ -122.310841329362063, 47.642628623514 ], [ -122.310711388733338, 47.642709182336134 ], [ -122.310678364460458, 47.642737286608813 ], [ -122.310593583580768, 47.642809376274073 ], [ -122.310244644123514, 47.642913325839373 ], [ -122.309799721506707, 47.643043440153626 ], [ -122.309159314554861, 47.643151906382265 ], [ -122.308471581625952, 47.643285606924508 ], [ -122.307892553552065, 47.643409563574743 ], [ -122.307720784953915, 47.643428920037245 ], [ -122.30755405237332, 47.643447710179878 ], [ -122.307299634022584, 47.643467929424887 ], [ -122.307490881182474, 47.643828269997627 ], [ -122.307520135572716, 47.643883340482056 ], [ -122.307860307070015, 47.64389435247277 ], [ -122.308106450975416, 47.643989077592131 ], [ -122.308166191851782, 47.644077490601831 ], [ -122.308148857999981, 47.64407742700007 ], [ -122.308093362999955, 47.644077223000068 ], [ -122.30784938499994, 47.644076324000025 ], [ -122.307769373999975, 47.644076031000054 ], [ -122.307716858999981, 47.64407583600007 ], [ -122.307565993999958, 47.644075280000038 ], [ -122.307559694999952, 47.644075258000044 ], [ -122.307476927999971, 47.644074879000073 ], [ -122.307119783999951, 47.644073239000079 ], [ -122.307119049, 47.644073238000033 ], [ -122.306913036999958, 47.644072650000055 ], [ -122.307119520999947, 47.644073638000066 ], [ -122.307120253999983, 47.644073639000055 ], [ -122.307181639999953, 47.644073854000055 ], [ -122.307480251999948, 47.644076813000027 ], [ -122.307562483999959, 47.644077626000069 ], [ -122.307749073999958, 47.644235932000072 ], [ -122.307756526999981, 47.644239570000082 ], [ -122.307820522999975, 47.644268742000065 ], [ -122.307864567999957, 47.644290987000034 ], [ -122.307914804999939, 47.644322435000049 ], [ -122.307956118, 47.644352859000037 ], [ -122.307961683999963, 47.644357690000049 ], [ -122.308010191999983, 47.644399779000025 ], [ -122.308056949, 47.644445121000047 ], [ -122.308088846999965, 47.644471141000054 ], [ -122.308113446, 47.644491206000055 ], [ -122.308149480999987, 47.644521126000029 ], [ -122.308153302, 47.644523377000041 ], [ -122.308176834999983, 47.644537240000034 ], [ -122.308202890999951, 47.644550451000043 ], [ -122.308205383999962, 47.64455171600008 ], [ -122.308231889999945, 47.644564844000058 ], [ -122.308270500999981, 47.644573263000041 ], [ -122.308305416999985, 47.644577900000058 ], [ -122.308346873141858, 47.644579431689166 ], [ -122.308468297413228, 47.644623875732357 ], [ -122.308686772042236, 47.644620489821911 ], [ -122.308793008719462, 47.644881553485803 ], [ -122.308856640886347, 47.644914891207151 ], [ -122.308860109999955, 47.644959423000046 ], [ -122.30886567899995, 47.644984399000066 ], [ -122.308879017999971, 47.644999809000069 ], [ -122.308879245999947, 47.645000072000073 ], [ -122.308894000999942, 47.645013289000076 ], [ -122.308917240999961, 47.645024266000064 ], [ -122.30895140399997, 47.645033804000036 ], [ -122.308977432999939, 47.64504095500007 ], [ -122.308994171, 47.645050896000043 ], [ -122.309009343999946, 47.645064923000064 ], [ -122.309015152999962, 47.645076030000041 ], [ -122.309022272999982, 47.645095015000038 ], [ -122.309022479999953, 47.645101655000076 ], [ -122.309024156999953, 47.645150818000047 ], [ -122.309157565949647, 47.645151284648911 ], [ -122.30914344425041, 47.645179787409809 ], [ -122.309340933131807, 47.645275261520226 ], [ -122.30956331273471, 47.645386803523358 ], [ -122.309753092588537, 47.645613665233007 ], [ -122.30978689931402, 47.645892302603734 ], [ -122.309675775626673, 47.646189636131922 ], [ -122.30960612375749, 47.646289252030613 ], [ -122.309659801294984, 47.646436139796684 ], [ -122.309590707399622, 47.646552198442627 ], [ -122.309425898016073, 47.646702473958712 ], [ -122.30926058483584, 47.646852757026799 ], [ -122.309118995354027, 47.646969939232058 ], [ -122.308949733958727, 47.646989014401882 ], [ -122.30863336205897, 47.646977463716482 ], [ -122.308378658205058, 47.646989636479077 ], [ -122.308135837423762, 47.64699339886679 ], [ -122.307966620650163, 47.647028750587843 ], [ -122.307808136163317, 47.647006698598972 ], [ -122.307549254986043, 47.646895718653553 ], [ -122.307356214513433, 47.646931611219848 ], [ -122.307162062673996, 47.646934617848714 ], [ -122.30684624906074, 47.646939507837104 ], [ -122.306628316372922, 47.646959160429248 ], [ -122.306240337261869, 47.646989840282863 ], [ -122.304779843908321, 47.64701140181176 ], [ -122.303492510639316, 47.647039010394643 ], [ -122.302590697555885, 47.647023295064557 ], [ -122.302306502359286, 47.647018427727794 ], [ -122.301752885420612, 47.64698036393186 ], [ -122.301199791967591, 47.646957882611432 ], [ -122.300946309610381, 47.646946198677661 ], [ -122.300836685922462, 47.646907170533112 ], [ -122.300839011, 47.646814302000053 ], [ -122.300725947999979, 47.646814609000046 ], [ -122.300705863999951, 47.646814663000043 ], [ -122.300610268025736, 47.646814923380447 ], [ -122.300351131267405, 47.646698841782637 ], [ -122.300242991938504, 47.646560500499042 ], [ -122.300147299257517, 47.646445275990352 ], [ -122.299951107381005, 47.646432878944516 ], [ -122.299786754223604, 47.646342016493158 ], [ -122.299632493371305, 47.646204558675578 ], [ -122.29953890202961, 47.646151506690806 ], [ -122.299454629705309, 47.646043985734465 ], [ -122.299337460499871, 47.645983586929454 ], [ -122.299172830289763, 47.645869421777476 ], [ -122.299053562891459, 47.645746846879533 ], [ -122.299073228597507, 47.645653319206346 ], [ -122.299045697795719, 47.645513736860217 ], [ -122.298950816724258, 47.645437568164915 ], [ -122.298762611080477, 47.645316055644457 ], [ -122.298540456730919, 47.645210489213532 ], [ -122.298156230614524, 47.645051380862235 ], [ -122.297626627304439, 47.644882514950069 ], [ -122.297312701947376, 47.644506912000061 ], [ -122.297264128508473, 47.644224561903762 ], [ -122.297310671007324, 47.644055561101773 ], [ -122.297439064995601, 47.643982809688346 ], [ -122.297752746124132, 47.643960325397664 ], [ -122.297990839707879, 47.644027433867841 ], [ -122.298070004074873, 47.644043866469069 ], [ -122.298252998203097, 47.644041046741485 ], [ -122.298183135480784, 47.643909483920936 ], [ -122.298152598800399, 47.643786056267423 ], [ -122.297937883091763, 47.643630161705744 ], [ -122.297802326278074, 47.64349052687438 ], [ -122.297614566202938, 47.643351868795854 ], [ -122.297507253977557, 47.643282747919223 ], [ -122.297394426624038, 47.643426036337189 ], [ -122.297027939550745, 47.643431677817816 ], [ -122.296483238995648, 47.643581785046415 ], [ -122.296357616871859, 47.64375183012109 ], [ -122.2961337386823, 47.644091498584586 ], [ -122.296008321090653, 47.644252631633734 ], [ -122.296170615988956, 47.644418244925966 ], [ -122.296251275484664, 47.644479038826972 ], [ -122.296205017890983, 47.64465660315426 ], [ -122.295899083261872, 47.644909107769749 ], [ -122.295668641506197, 47.645054204209508 ], [ -122.295329193825708, 47.645094898752426 ], [ -122.294934460336222, 47.645030194232604 ], [ -122.294801295861362, 47.644961465813836 ], [ -122.294638790762676, 47.644804592354312 ], [ -122.294631054743547, 47.64457473761356 ], [ -122.294669567366668, 47.644167143852016 ], [ -122.294658249563668, 47.643830922905565 ], [ -122.294653485524321, 47.643689445770633 ], [ -122.29451973079091, 47.643603076531555 ], [ -122.294449872136013, 47.643471341538152 ], [ -122.294495236648146, 47.643267230853461 ], [ -122.294462244000314, 47.643055411174664 ], [ -122.294458074584767, 47.6429315771774 ], [ -122.294457111470692, 47.642902972062828 ], [ -122.294554331482843, 47.642793002078065 ], [ -122.294909257618485, 47.642624915925069 ], [ -122.294783196549631, 47.642450687894254 ], [ -122.29453654985052, 47.642264777436004 ], [ -122.29418949119713, 47.642093944390275 ], [ -122.293984713400604, 47.641961541522633 ], [ -122.294040016022109, 47.641811600577519 ], [ -122.294075043305753, 47.641661971315479 ], [ -122.294150568996727, 47.641525258861819 ], [ -122.29412437098631, 47.641349494638987 ], [ -122.294080678532083, 47.641241691383684 ], [ -122.293957817289964, 47.641162351504811 ], [ -122.293739145813646, 47.641219862847315 ], [ -122.29350344767937, 47.641359036959507 ], [ -122.29332801074797, 47.641510823973142 ], [ -122.29329161559167, 47.641619858274723 ], [ -122.293114354608264, 47.641717350474977 ], [ -122.292758011600029, 47.641858374040012 ], [ -122.292539340121351, 47.641915885792741 ], [ -122.292300853802487, 47.64198741095371 ], [ -122.292022365359784, 47.642045837701481 ], [ -122.291824376265808, 47.642130279434738 ], [ -122.291642608444747, 47.642078745162642 ], [ -122.291356333640692, 47.641920510055186 ], [ -122.290993613256063, 47.641871925213557 ], [ -122.290517133248173, 47.642014788366069 ], [ -122.290199920130121, 47.642128130081375 ], [ -122.289848617623676, 47.642404448289419 ], [ -122.289417631087119, 47.642709238952797 ], [ -122.289223269337469, 47.642901922566779 ], [ -122.289069459033129, 47.64309415411973 ], [ -122.288950063851459, 47.643178411307133 ], [ -122.288716729240335, 47.643343417037947 ], [ -122.288529912579719, 47.643156574390012 ], [ -122.288364069542723, 47.643050641328529 ], [ -122.28818859935906, 47.643126333182806 ], [ -122.288168098391964, 47.643135043003724 ], [ -122.28788355460118, 47.643360980601997 ], [ -122.287855915550267, 47.643383681923645 ], [ -122.28769886714791, 47.643494562613064 ], [ -122.287505906812584, 47.643714297855631 ], [ -122.28741376101658, 47.643779458229645 ], [ -122.287349363605358, 47.643825170292018 ], [ -122.287235987974213, 47.644043688794504 ], [ -122.287159529443414, 47.644153334398055 ], [ -122.287132950897131, 47.644162309838059 ], [ -122.286919838182882, 47.64423480328076 ], [ -122.286719166921515, 47.644254842682528 ], [ -122.286466549586564, 47.644238315983316 ], [ -122.286195074311721, 47.644249153539043 ], [ -122.285899108768632, 47.644240486561252 ], [ -122.285565404817206, 47.644089475322531 ], [ -122.285535015697491, 47.644075545382137 ], [ -122.285351321271705, 47.643996784684063 ], [ -122.285162160557178, 47.64392136468625 ], [ -122.284928737463531, 47.643856900749583 ], [ -122.284913930149969, 47.643717633648023 ], [ -122.284875197141787, 47.643605981375956 ], [ -122.284872331052426, 47.64352031787466 ], [ -122.284917931999985, 47.643409420000069 ], [ -122.285071223999978, 47.643036617000064 ], [ -122.285083404999966, 47.643006988000081 ], [ -122.285075593950495, 47.643009605018534 ], [ -122.285213865862374, 47.642936238169213 ], [ -122.285209327723223, 47.642800754029302 ], [ -122.285104714681466, 47.642750350519712 ], [ -122.285045925127534, 47.642722025180959 ], [ -122.284704390773456, 47.642700172900796 ], [ -122.28436421165506, 47.64271891177286 ], [ -122.283842225734787, 47.642699813371181 ], [ -122.283360274514877, 47.642679930825388 ], [ -122.282961139201177, 47.642740352170307 ], [ -122.28268666547271, 47.64293424852989 ], [ -122.282543559123496, 47.643035559444378 ], [ -122.282386908999968, 47.64303549300007 ], [ -122.282321990999947, 47.643035464000036 ], [ -122.281723479892932, 47.643035202795701 ], [ -122.281580552182191, 47.642842660812285 ], [ -122.28122498094902, 47.642719562838295 ], [ -122.280730944527434, 47.64267174957557 ], [ -122.280157094741995, 47.642694211702256 ], [ -122.279727630100268, 47.642742403375422 ], [ -122.279341071324765, 47.642845462423345 ], [ -122.278926367279652, 47.642712977091065 ], [ -122.278539344149806, 47.642802158379837 ], [ -122.278377926622142, 47.642813014084439 ], [ -122.27827318349199, 47.64282009405192 ], [ -122.277909445361544, 47.642679973768367 ], [ -122.277677870313653, 47.642503222818974 ], [ -122.277413764352602, 47.642278468458422 ], [ -122.277170204604758, 47.642046375893237 ], [ -122.277080231494182, 47.641811943988571 ], [ -122.276928425892876, 47.641578626311777 ], [ -122.276602986044495, 47.641354634086532 ], [ -122.276330598320797, 47.641185526572116 ], [ -122.276138242308321, 47.640952652408892 ], [ -122.276159277775591, 47.640926419718205 ], [ -122.276217119074445, 47.640854287595673 ], [ -122.276249800713529, 47.640739316383659 ], [ -122.276310237167664, 47.640528814848409 ], [ -122.276463301281666, 47.63999353320542 ], [ -122.276537834645609, 47.639734488324102 ], [ -122.276547786676318, 47.639698349531024 ], [ -122.276530394336888, 47.639423126038814 ], [ -122.276526332811486, 47.639358854799902 ], [ -122.276517552694088, 47.639095427203181 ], [ -122.276537353926372, 47.63876130077962 ], [ -122.276529578509511, 47.638528015849666 ], [ -122.277014465392554, 47.6384546570754 ], [ -122.277040368380824, 47.638166879619256 ], [ -122.276126757844835, 47.638126977559196 ], [ -122.276105628089823, 47.638025506538135 ], [ -122.27601628713343, 47.637733484207089 ], [ -122.276007709503645, 47.637476049833147 ], [ -122.275982391356564, 47.637248858288331 ], [ -122.276087930449819, 47.637235428827964 ], [ -122.276170240130327, 47.637042416289248 ], [ -122.276197696388493, 47.636960537115669 ], [ -122.276202527947319, 47.63694612859571 ], [ -122.276170283672528, 47.636785020590608 ], [ -122.276290471803264, 47.636663405953875 ], [ -122.276391723249034, 47.63650626214551 ], [ -122.276416429932837, 47.636182515461357 ], [ -122.276494249556677, 47.635869955837315 ], [ -122.276464350450752, 47.635505226546499 ], [ -122.276426425374837, 47.635158438952693 ], [ -122.276370215938542, 47.634886821767743 ], [ -122.276360550869668, 47.634596670855792 ], [ -122.276254709280849, 47.634326834651667 ], [ -122.276190426852935, 47.634056365666112 ], [ -122.276128956977232, 47.633870167085881 ], [ -122.276151958528828, 47.633738721428195 ], [ -122.276233516154164, 47.633690697609325 ], [ -122.276411872814521, 47.633641199961382 ], [ -122.276480368554033, 47.633612052629616 ], [ -122.276489689478851, 47.633480812433248 ], [ -122.27643825849546, 47.63323910632257 ], [ -122.276424156896752, 47.633172834158373 ], [ -122.276447355986832, 47.63303213147217 ], [ -122.276455740786403, 47.632872801050574 ], [ -122.276473130186616, 47.632572986756301 ], [ -122.276475784560461, 47.632226611772161 ], [ -122.276535984055954, 47.631963671131103 ], [ -122.276585491418942, 47.631775612708601 ], [ -122.276635437544002, 47.631615822021175 ], [ -122.276712310401905, 47.631427346776753 ], [ -122.27689592513353, 47.631125000650513 ], [ -122.277036666583157, 47.630940937852834 ], [ -122.277055285256992, 47.630916588201728 ], [ -122.277200464272838, 47.630708564257205 ], [ -122.277304897932552, 47.630510414731575 ], [ -122.277494115964927, 47.630376436252938 ], [ -122.277791200884494, 47.630147246396135 ], [ -122.278036164859571, 47.630012417487066 ], [ -122.278329300656566, 47.629680292249205 ], [ -122.278598704386411, 47.629442268164517 ], [ -122.278701061814218, 47.62919719370106 ], [ -122.278764561465678, 47.629018517271227 ], [ -122.278867850567167, 47.628801532900496 ], [ -122.278890730972293, 47.628651407487709 ], [ -122.278954345530607, 47.628491406990371 ], [ -122.27887591892619, 47.628313866317868 ], [ -122.278853991521629, 47.628173335293503 ], [ -122.278942758458541, 47.627961713242009 ], [ -122.27907860827078, 47.62783934049952 ], [ -122.27932638033414, 47.627804372526604 ], [ -122.2794930804572, 47.627588476655241 ], [ -122.279705690711367, 47.627381134063612 ], [ -122.279931820459026, 47.627214200638598 ], [ -122.280184741867089, 47.626999387259666 ], [ -122.280358539122076, 47.626905223846983 ], [ -122.280523848501488, 47.626860544059717 ], [ -122.280646154593498, 47.626788245872781 ], [ -122.280788307960933, 47.626687710016917 ], [ -122.280857518901797, 47.626574065228631 ], [ -122.281041682895292, 47.626486769996845 ], [ -122.281222837642659, 47.626294126890592 ], [ -122.281323426974524, 47.626194054952293 ], [ -122.281423077326394, 47.626065892677353 ], [ -122.281522768654966, 47.625923677385678 ], [ -122.281655947149062, 47.625858236788972 ], [ -122.281755126597091, 47.625716026344598 ], [ -122.281792451938131, 47.625588815606974 ], [ -122.281788691115111, 47.625476284696816 ], [ -122.281975672115195, 47.625473428608252 ], [ -122.282099424406027, 47.62542938126937 ], [ -122.282149936491649, 47.625393480233519 ], [ -122.282157637549759, 47.625372514321668 ], [ -122.282207097247678, 47.625237861699773 ], [ -122.282204274479639, 47.625153418294708 ], [ -122.282110098961709, 47.625126752436856 ], [ -122.282118349783588, 47.6250702471973 ], [ -122.282179502531022, 47.625034180838099 ], [ -122.282331810152911, 47.62491926546803 ], [ -122.282490530320118, 47.624677608434091 ], [ -122.28262749351174, 47.624422234050165 ], [ -122.282660113981265, 47.624154398996119 ], [ -122.282663470215496, 47.623936365561192 ], [ -122.282675780896696, 47.623682895855943 ], [ -122.282650330117349, 47.623421944703367 ], [ -122.282629734468557, 47.623260831956649 ], [ -122.282593774465496, 47.623079899621182 ], [ -122.282525047690186, 47.6227983625921 ], [ -122.282489596316694, 47.622632502956627 ], [ -122.282307697852417, 47.622544456418296 ], [ -122.28208577992315, 47.622381448325619 ], [ -122.281895103377309, 47.622258233099615 ], [ -122.281673691482212, 47.622110294301564 ], [ -122.281519161313611, 47.621946083112519 ], [ -122.281472549371657, 47.621901383384248 ], [ -122.281407854022135, 47.621968004647371 ], [ -122.281247578732959, 47.621859404636076 ], [ -122.281206048020735, 47.621739051789021 ], [ -122.281016887876262, 47.62166122360771 ], [ -122.280924516879622, 47.621566839624485 ], [ -122.280797334489364, 47.621568781336265 ], [ -122.280627611349871, 47.621389720395662 ], [ -122.280557356535482, 47.621304935219221 ], [ -122.280532040752817, 47.621214668429573 ], [ -122.280460108131649, 47.621064445558424 ], [ -122.280374319574022, 47.620954707389295 ], [ -122.280290384320338, 47.620900464673788 ], [ -122.280047700805639, 47.62078318131924 ], [ -122.27989520003095, 47.620694682472184 ], [ -122.279852992323114, 47.620538864552216 ], [ -122.27982548430586, 47.62038299779551 ], [ -122.279873966878043, 47.620271210385575 ], [ -122.280017906341925, 47.619996878654121 ], [ -122.279983823403384, 47.619689618544129 ], [ -122.280017361124322, 47.619616105932565 ], [ -122.280109339965776, 47.619501255404103 ], [ -122.280150983007815, 47.619306116426394 ], [ -122.280096902885987, 47.619128717080528 ], [ -122.280186987861001, 47.618957170537179 ], [ -122.280177792732971, 47.618681750767294 ], [ -122.28019508436229, 47.618470871816704 ], [ -122.280188054873918, 47.618260196782302 ], [ -122.280059326243133, 47.618002877256799 ], [ -122.280049594458518, 47.617711356768517 ], [ -122.280064997753612, 47.617443784446124 ], [ -122.280035269632833, 47.617282122074862 ], [ -122.279999021391845, 47.616909946739902 ], [ -122.280086667204486, 47.61666543633612 ], [ -122.280139960704091, 47.616470116505816 ], [ -122.280222952564387, 47.616356245966209 ], [ -122.28028925015019, 47.616265281119276 ], [ -122.280309007556752, 47.616143476731793 ], [ -122.28042370670245, 47.615995891259537 ], [ -122.280418296646729, 47.615833857646841 ], [ -122.280389622362932, 47.615688460688851 ], [ -122.280500228788583, 47.615403155900992 ], [ -122.280555955996959, 47.615280805032981 ], [ -122.280814263730051, 47.615122800824956 ], [ -122.281024711116871, 47.614973749902369 ], [ -122.281162377511194, 47.614785369431168 ], [ -122.281249498150743, 47.614540695784761 ], [ -122.281266906403857, 47.614287830011506 ], [ -122.281226250927972, 47.614193382871633 ], [ -122.281099304490965, 47.613898466961281 ], [ -122.28104007287169, 47.613672989833077 ], [ -122.281028447020361, 47.613324772676883 ], [ -122.281070527523241, 47.613036743185177 ], [ -122.281111742069911, 47.612722678541225 ], [ -122.28115447633644, 47.612469425779352 ], [ -122.281143147481501, 47.612130115153974 ], [ -122.281346711989229, 47.612048518356396 ], [ -122.281458147748694, 47.611924973117986 ], [ -122.281670019390589, 47.611712664441207 ], [ -122.281865917327821, 47.611539446616106 ], [ -122.281870388117582, 47.611535493432676 ], [ -122.282042593956049, 47.611289003157736 ], [ -122.282073656880982, 47.611141673440784 ], [ -122.282086782243766, 47.611079428467036 ], [ -122.281976382904787, 47.610854563359759 ], [ -122.281912789956834, 47.61049856849268 ], [ -122.281902326594818, 47.610185292674714 ], [ -122.281994033122572, 47.609835496030094 ], [ -122.2821387292569, 47.609554638768543 ], [ -122.282260921785138, 47.609343699001265 ], [ -122.282335012512959, 47.609255510282821 ], [ -122.28242970408111, 47.609010203677776 ], [ -122.28257606032885, 47.608764107238031 ], [ -122.282722424958294, 47.608518180436221 ], [ -122.282803969158365, 47.608167852611246 ], [ -122.282856258674684, 47.607776157389587 ], [ -122.282913483203885, 47.607532108426078 ], [ -122.282968481418607, 47.607221601473007 ], [ -122.28301332392212, 47.606940725541456 ], [ -122.283079923213336, 47.606774902852941 ], [ -122.283093795876752, 47.606740361909594 ], [ -122.283065119859415, 47.606534469581462 ], [ -122.283095090334399, 47.606445583822286 ], [ -122.283112684011613, 47.606319873882711 ], [ -122.283107512961081, 47.606165203450395 ], [ -122.28310455243404, 47.606076651210515 ], [ -122.283135507548721, 47.60601722619829 ], [ -122.28310732423104, 47.605826064197657 ], [ -122.283097965683254, 47.605546016795294 ], [ -122.28309353349249, 47.6054134432636 ], [ -122.283088356904798, 47.605258602848572 ], [ -122.283186917252536, 47.604947429273857 ], [ -122.283183871163658, 47.604856319197623 ], [ -122.283173860745194, 47.604556902462171 ], [ -122.283169428539608, 47.604424331609927 ], [ -122.283233050339206, 47.604371774559304 ], [ -122.283438782069553, 47.604007380216814 ], [ -122.283626429274037, 47.60375379519067 ], [ -122.283731137383498, 47.603626749671072 ], [ -122.283832160277811, 47.603495477504246 ], [ -122.284139267092129, 47.603056183792326 ], [ -122.283911012004452, 47.602777083143067 ], [ -122.284124169824921, 47.602286444103072 ], [ -122.284301395298741, 47.602161030263687 ], [ -122.284369215999817, 47.602113036626179 ], [ -122.284713217154589, 47.601652248480583 ], [ -122.284821263192185, 47.601507521253339 ], [ -122.284918752806433, 47.601376987477863 ], [ -122.284932344825194, 47.601313714652115 ], [ -122.285069719935308, 47.600875814875003 ], [ -122.285102249867222, 47.600666756145735 ], [ -122.285240536887741, 47.60031675709233 ], [ -122.285287315201728, 47.600206145761831 ], [ -122.285645316566573, 47.599359620867908 ], [ -122.286132037408464, 47.598610471078899 ], [ -122.28642994162675, 47.59845750171349 ], [ -122.286340661154171, 47.597985540256516 ], [ -122.286393620646791, 47.597766230929928 ], [ -122.28632130181208, 47.597195471887197 ], [ -122.286379818749566, 47.596884907384243 ], [ -122.28628486446658, 47.596788164642582 ], [ -122.286332862381272, 47.596632681636777 ], [ -122.286607017569182, 47.596618198541812 ], [ -122.286606825532147, 47.596370397404101 ], [ -122.286515821952293, 47.596353867517159 ], [ -122.286516827999947, 47.596346445000052 ], [ -122.286519144999943, 47.596329324000067 ], [ -122.286520822999989, 47.59631696100007 ], [ -122.286528265999948, 47.596262025000044 ], [ -122.286532597999951, 47.596230039000034 ], [ -122.28653469116685, 47.59621459299958 ], [ -122.286670187587063, 47.596219819932585 ], [ -122.286693149101097, 47.59599754249119 ], [ -122.286566643408165, 47.595978767482919 ], [ -122.286586549, 47.595831837000048 ], [ -122.286587889999964, 47.595821916000034 ], [ -122.286591670891156, 47.595794022183888 ], [ -122.286793439508301, 47.595799785758359 ], [ -122.286801209827757, 47.59574580022263 ], [ -122.286966904176438, 47.594594612266299 ], [ -122.287105090086897, 47.593758426368346 ], [ -122.287227073169049, 47.593512524905414 ], [ -122.287344566336643, 47.593223503511297 ], [ -122.28722286305225, 47.592691030023509 ], [ -122.286944435786964, 47.592456234831893 ], [ -122.286898559182376, 47.592342978515603 ], [ -122.286378308918685, 47.591058628268961 ], [ -122.286006025058654, 47.590501890343468 ], [ -122.285497455528741, 47.589581526745363 ], [ -122.285215361709007, 47.588615535035323 ], [ -122.285425904020258, 47.588063920550404 ], [ -122.285409446139269, 47.587571992746724 ], [ -122.285919591183912, 47.586678183221814 ], [ -122.285937064774046, 47.586579547465661 ], [ -122.2858349683125, 47.586407234879481 ], [ -122.285738932429112, 47.586245150991559 ], [ -122.28627602797485, 47.585854247319517 ], [ -122.286894885559377, 47.585488758763468 ], [ -122.286979969478935, 47.585438507551714 ], [ -122.287279606425372, 47.585082428833964 ], [ -122.287292465698428, 47.58502773501754 ], [ -122.287817090075009, 47.584371046459502 ], [ -122.287817281366102, 47.583317958859624 ], [ -122.287817292230557, 47.583258148369062 ], [ -122.287785627086549, 47.583239233721571 ], [ -122.286507933307675, 47.582476024578526 ], [ -122.286423464734824, 47.582479888433284 ], [ -122.285519509950717, 47.581988700946866 ], [ -122.285080815560008, 47.581443428456872 ], [ -122.283869001218065, 47.579939843715223 ], [ -122.28343280769208, 47.578725484963684 ], [ -122.283180385208937, 47.577826039102661 ], [ -122.282433038017075, 47.576181662816595 ], [ -122.280882101851418, 47.574147861062123 ], [ -122.280557002951369, 47.573299732995189 ], [ -122.280549461203648, 47.572329702663446 ], [ -122.280363462242718, 47.571931186893522 ], [ -122.280167471800397, 47.571248345538343 ], [ -122.280095380624317, 47.571161660329764 ], [ -122.279755401932547, 47.570752856847648 ], [ -122.279569326571945, 47.570622946228632 ], [ -122.278980719461842, 47.5702120035128 ], [ -122.278173665497889, 47.570249681861569 ], [ -122.277813436160642, 47.571066801744976 ], [ -122.277732977196152, 47.571168874641721 ], [ -122.277386295755065, 47.57160868615513 ], [ -122.27719053813081, 47.571661710063793 ], [ -122.277064797743748, 47.571596791830991 ], [ -122.276886107038109, 47.571432255858866 ], [ -122.276809572746302, 47.571173404099852 ], [ -122.276717175841142, 47.57086090233279 ], [ -122.276664198402429, 47.570699590472444 ], [ -122.276406600727768, 47.570385790592688 ], [ -122.276269459902878, 47.570236902159202 ], [ -122.275511666531656, 47.570217770577571 ], [ -122.274811797625091, 47.56989956435573 ], [ -122.273992452114641, 47.569399633029789 ], [ -122.273211559734264, 47.56868472100178 ], [ -122.272745322619841, 47.568263553182014 ], [ -122.272541321363263, 47.568235979227772 ], [ -122.27242895479614, 47.568253112062237 ], [ -122.272156343334501, 47.567882462513388 ], [ -122.271768846498063, 47.567773534578684 ], [ -122.271225718390326, 47.56776653788198 ], [ -122.270898221628244, 47.567771515447269 ], [ -122.270314091023195, 47.567872072064176 ], [ -122.27006581304957, 47.567883556916811 ], [ -122.269824861341348, 47.567780106875183 ], [ -122.269547973483284, 47.567616023046178 ], [ -122.2689914204404, 47.567188498891745 ], [ -122.268306097666809, 47.56664964696904 ], [ -122.268238416546922, 47.566456336286727 ], [ -122.26809236777666, 47.566312712099204 ], [ -122.268030922758143, 47.566170033275164 ], [ -122.267920986050342, 47.565832211368281 ], [ -122.267839236486864, 47.565718631281278 ], [ -122.267480511158453, 47.565544816308687 ], [ -122.267252340714052, 47.565383242872763 ], [ -122.267227312541991, 47.565323598945064 ], [ -122.267171522083004, 47.565190646283 ], [ -122.267066811319907, 47.565010578128408 ], [ -122.267067269588864, 47.564917343855413 ], [ -122.267060715518127, 47.564826445152917 ], [ -122.267146841984058, 47.56475110551429 ], [ -122.26743566012874, 47.564725474563197 ], [ -122.267621838305047, 47.564781260195595 ], [ -122.267861186605785, 47.564821673436867 ], [ -122.268223305890203, 47.564486458204243 ], [ -122.268295336219779, 47.564199686228001 ], [ -122.268339380456496, 47.563572474800203 ], [ -122.267993365397288, 47.562961236197026 ], [ -122.267905868563162, 47.562806672280665 ], [ -122.267193110773349, 47.562018196704507 ], [ -122.266482556693234, 47.56167834054817 ], [ -122.265460320016942, 47.561514059092644 ], [ -122.26513119868315, 47.561545437243488 ], [ -122.264958265200306, 47.561797917444039 ], [ -122.264881188983964, 47.561825306560166 ], [ -122.264828698055197, 47.561799880076045 ], [ -122.264742943426739, 47.561748568556951 ], [ -122.264795354130442, 47.561572457830145 ], [ -122.2646565976153, 47.561495557463566 ], [ -122.264282141710652, 47.560737243248326 ], [ -122.264210346003665, 47.560623871545388 ], [ -122.264104772602906, 47.56045716190868 ], [ -122.263966267547303, 47.560249839958672 ], [ -122.263765532742582, 47.559906017968423 ], [ -122.263676665973861, 47.559392558417557 ], [ -122.263570983288957, 47.559166916191195 ], [ -122.263142384424697, 47.558822771803285 ], [ -122.262640303519831, 47.558522578390573 ], [ -122.262421931993188, 47.558349709440527 ], [ -122.262368134283619, 47.558289606429362 ], [ -122.262122266126624, 47.558014921564435 ], [ -122.261960654434134, 47.557690044053103 ], [ -122.261821740626388, 47.557500548606029 ], [ -122.261538682857847, 47.557300548126236 ], [ -122.261474589941045, 47.557138029038114 ], [ -122.26147587618415, 47.557127991310004 ], [ -122.261498748858671, 47.556949494968606 ], [ -122.261654302617956, 47.556446387603152 ], [ -122.261670188714135, 47.556221992677941 ], [ -122.261039180684421, 47.555174153878859 ], [ -122.260884647815388, 47.555002030768449 ], [ -122.260698449754869, 47.554667923220151 ], [ -122.260643031781967, 47.554154297866461 ], [ -122.260463999462772, 47.553730281422048 ], [ -122.260319724555359, 47.553531268118377 ], [ -122.260075733510121, 47.552994955490675 ], [ -122.260025973695875, 47.552760238872381 ], [ -122.259962088378742, 47.552511682919338 ], [ -122.25986431770545, 47.552079755421097 ], [ -122.259811345096054, 47.551732152767038 ], [ -122.259699438879693, 47.551485693019146 ], [ -122.259512706891414, 47.551334619352637 ], [ -122.259344798737359, 47.551300138020757 ], [ -122.259186993187043, 47.551267731342328 ], [ -122.258363802806372, 47.551283584723976 ], [ -122.258081157528267, 47.551294705773081 ], [ -122.257647215140054, 47.55130810632707 ], [ -122.257160537946262, 47.551872925184384 ], [ -122.256926928047164, 47.552143449924962 ], [ -122.256843264339039, 47.552216516170731 ], [ -122.256578047366844, 47.552295747612909 ], [ -122.256284148348996, 47.552426653134951 ], [ -122.255890341118388, 47.552583226237417 ], [ -122.255556914818456, 47.552897750530242 ], [ -122.255394072661588, 47.552995831235151 ], [ -122.254867729172574, 47.55321763346943 ], [ -122.254599285307663, 47.553368373229397 ], [ -122.254454170610458, 47.553574491217162 ], [ -122.2543805278506, 47.55379872930115 ], [ -122.254412236868674, 47.554024122753937 ], [ -122.254427310498059, 47.554267246856327 ], [ -122.254419332707542, 47.554455875662754 ], [ -122.254492344053119, 47.554582278355134 ], [ -122.254668512335925, 47.554704728072998 ], [ -122.254804820543043, 47.554815954514964 ], [ -122.2547698007766, 47.554936613800805 ], [ -122.254773741825829, 47.555056516216425 ], [ -122.254783382117424, 47.555349933217741 ], [ -122.254869276398978, 47.55557553848022 ], [ -122.254859180700649, 47.555869252699274 ], [ -122.254895306060192, 47.556798925879704 ], [ -122.254878086371917, 47.557014428037455 ], [ -122.25508890169732, 47.558005905758911 ], [ -122.255193196543047, 47.558375184570956 ], [ -122.255289847681922, 47.558573550199597 ], [ -122.25529679173421, 47.559585748438479 ], [ -122.255422237881717, 47.559797389948024 ], [ -122.255305560149537, 47.560453106692492 ], [ -122.255332751759084, 47.560679595602096 ], [ -122.255285003114864, 47.5610138050925 ], [ -122.255294208053897, 47.561293863451588 ], [ -122.25518279382824, 47.561509070491702 ], [ -122.254989421371008, 47.561618747641432 ], [ -122.254272949447611, 47.561558588793496 ], [ -122.254024615419382, 47.56166000766175 ], [ -122.253455827208185, 47.561748598986419 ], [ -122.25301061576917, 47.561853321113283 ], [ -122.252776585115214, 47.56208202652747 ], [ -122.252279711074408, 47.562140223934698 ], [ -122.25169199224392, 47.562068685856502 ], [ -122.251496718798833, 47.562089959777126 ], [ -122.251395972165113, 47.562059768788814 ], [ -122.251297277579823, 47.562061252289091 ], [ -122.251000394760339, 47.562025782966408 ], [ -122.250802201232972, 47.561988659970829 ], [ -122.250579392674211, 47.561818578121418 ], [ -122.25045840460939, 47.561726998839674 ], [ -122.250375073978745, 47.561594749637436 ], [ -122.250189629272427, 47.561344075803397 ], [ -122.25010411947207, 47.561145196316602 ], [ -122.249909406156419, 47.560858842866352 ], [ -122.24976924522457, 47.560630109479369 ], [ -122.249623430593431, 47.56049160316276 ], [ -122.249562840286671, 47.560419508009389 ], [ -122.249458892581316, 47.560291510683257 ], [ -122.249344874921178, 47.560118764658803 ], [ -122.248724499423204, 47.559683022658746 ], [ -122.248533495179444, 47.559447680476929 ], [ -122.248486280517994, 47.559366472615402 ], [ -122.248415341375676, 47.559303100844055 ], [ -122.248201123024629, 47.558977281365209 ], [ -122.248166062771375, 47.558896233737229 ], [ -122.248106979263653, 47.558823772473069 ], [ -122.247808917331042, 47.558596890316423 ], [ -122.247737940688708, 47.558470453308431 ], [ -122.247714444464521, 47.558371409235782 ], [ -122.247679086582721, 47.558281111758397 ], [ -122.247630712530224, 47.557948004812729 ], [ -122.247631925582837, 47.557273460863733 ], [ -122.247916442039013, 47.557102104813993 ], [ -122.24785040237721, 47.556739783825797 ], [ -122.247869134656511, 47.556507635808593 ], [ -122.247812348916881, 47.556366077728001 ], [ -122.247921706463842, 47.556288517192748 ], [ -122.247930447430832, 47.556060631979065 ], [ -122.247689649151596, 47.555850370386445 ], [ -122.247421833282559, 47.555711804954583 ], [ -122.247314237754694, 47.555641957367335 ], [ -122.247233036362644, 47.555589706684898 ], [ -122.247147675764793, 47.555394765515672 ], [ -122.246930864590695, 47.555190139343466 ], [ -122.246966234496384, 47.555064163494123 ], [ -122.246954303800067, 47.55494712560732 ], [ -122.246871062066205, 47.554847948906833 ], [ -122.246874545642257, 47.554644817574079 ], [ -122.246739065338502, 47.55441909484847 ], [ -122.246768110965988, 47.5543319442802 ], [ -122.246684611240042, 47.554224718115506 ], [ -122.246680352175119, 47.554094538002118 ], [ -122.246678934314573, 47.554051200355403 ], [ -122.246593305791521, 47.553878884046661 ], [ -122.246511579323524, 47.553825955246403 ], [ -122.246409401105879, 47.553643088999173 ], [ -122.246482681661121, 47.553499752992167 ], [ -122.246757246637188, 47.553117585985426 ], [ -122.246642410768288, 47.552934566935434 ], [ -122.246667555468363, 47.552728198675041 ], [ -122.246696747679493, 47.552630077923794 ], [ -122.24672649859717, 47.552564512541707 ], [ -122.246788135185767, 47.552498636293528 ], [ -122.246911343986895, 47.552333983623427 ], [ -122.246962579302746, 47.552151389043324 ], [ -122.247009377645867, 47.55197245844019 ], [ -122.247218055135932, 47.551897867214244 ], [ -122.247498748853673, 47.551626143578289 ], [ -122.247837368616672, 47.551268033106794 ], [ -122.248138800027661, 47.551165999569101 ], [ -122.248399322812958, 47.550804088030809 ], [ -122.249239344980253, 47.550066224642613 ], [ -122.249408080551902, 47.549823596918493 ], [ -122.250097638885961, 47.549732180405165 ], [ -122.250504664313581, 47.54954680711154 ], [ -122.250736889732963, 47.549372628363194 ], [ -122.250991727037174, 47.549316700198979 ], [ -122.2511980395699, 47.549263217466574 ], [ -122.251416723203789, 47.549200804154815 ], [ -122.251643199105359, 47.549221736638266 ], [ -122.25190250791789, 47.549348424210137 ], [ -122.251866004712767, 47.549161659727559 ], [ -122.252246131283172, 47.54892801711437 ], [ -122.252313705042482, 47.548919975623384 ], [ -122.252757895955597, 47.549018859274611 ], [ -122.252890013616039, 47.549080109720521 ], [ -122.253229430006201, 47.549148692591025 ], [ -122.253775907148125, 47.549170970857837 ], [ -122.254156959299266, 47.549089145689521 ], [ -122.254654751807308, 47.549078050825045 ], [ -122.255136614488535, 47.548998301318171 ], [ -122.255628806257349, 47.54915574641678 ], [ -122.25640796578061, 47.548941098574687 ], [ -122.256856942141155, 47.548677438720389 ], [ -122.257229276659515, 47.548607728323205 ], [ -122.257480037200878, 47.548474388701635 ], [ -122.257601589787086, 47.548322087741887 ], [ -122.257626628663274, 47.547944685674366 ], [ -122.257724830511208, 47.547728988221827 ], [ -122.258042190310192, 47.547281366478067 ], [ -122.258034636651772, 47.546867441790738 ], [ -122.257928232526794, 47.546587650300047 ], [ -122.257859806990567, 47.54641593716989 ], [ -122.257703038915594, 47.546190204452344 ], [ -122.257527039522003, 47.545964588955975 ], [ -122.257399265203446, 47.545789142543327 ], [ -122.257374916557396, 47.54561830781148 ], [ -122.257346241658382, 47.545269993968901 ], [ -122.257584746167012, 47.544926686198487 ], [ -122.257744498116708, 47.544696736307884 ], [ -122.257874430866153, 47.544337972719831 ], [ -122.257956390365521, 47.54405979647639 ], [ -122.25831214216629, 47.54354887012618 ], [ -122.258475078146049, 47.543424051204248 ], [ -122.258571821883095, 47.543379746771954 ], [ -122.258969919397288, 47.542833220925878 ], [ -122.259049813483401, 47.542707595950574 ], [ -122.259148563734911, 47.54244767071161 ], [ -122.259261998887425, 47.542295492656415 ], [ -122.259578372156213, 47.542126535963313 ], [ -122.259797053967901, 47.541911757656337 ], [ -122.259942174039267, 47.541768694376799 ], [ -122.260275577159177, 47.541563835006279 ], [ -122.261094219595392, 47.541092176035683 ], [ -122.261409948196018, 47.540842677374449 ], [ -122.261652325254758, 47.54061005660197 ], [ -122.261862488962308, 47.540413565949294 ], [ -122.261967924955144, 47.540234085860718 ], [ -122.261993041476003, 47.539982812117401 ], [ -122.261920556767947, 47.539810819431587 ], [ -122.26185606673863, 47.539666468589779 ], [ -122.261889720061646, 47.539090825801473 ], [ -122.261855605855416, 47.538909713941841 ], [ -122.261832038155106, 47.538784593339521 ], [ -122.261833090694992, 47.538478843294442 ], [ -122.26192986567311, 47.537975594023898 ], [ -122.261996091675783, 47.537436129582233 ], [ -122.262109693451166, 47.537166724576103 ], [ -122.262410375577574, 47.536799543438946 ], [ -122.262644047855972, 47.536549228467429 ], [ -122.262717570643801, 47.536415127975644 ], [ -122.262758312031266, 47.536361384780143 ], [ -122.262952473172547, 47.536263506176773 ], [ -122.263260779824904, 47.535851649362044 ], [ -122.263341554213412, 47.535753427542978 ], [ -122.263447639870577, 47.53550195777148 ], [ -122.26345484240349, 47.535487739156636 ], [ -122.263593036134878, 47.535214929096099 ], [ -122.263755586027315, 47.535018129653658 ], [ -122.264007189374979, 47.534452890764555 ], [ -122.26405609307065, 47.534156014834025 ], [ -122.264040098711163, 47.533886168381265 ], [ -122.263855633943024, 47.533327191628956 ], [ -122.263652142037202, 47.53301939739417 ], [ -122.263361727097077, 47.532684813402014 ], [ -122.26308679650721, 47.532359251302928 ], [ -122.262972472975775, 47.53211557146723 ], [ -122.262900083569448, 47.53170090869591 ], [ -122.262903441708389, 47.531600221050503 ], [ -122.26291687348531, 47.531197493821622 ], [ -122.262990437711238, 47.53081969771781 ], [ -122.263080389580239, 47.530478325154142 ], [ -122.263119670718922, 47.530227180900425 ], [ -122.263282972293283, 47.529838941272253 ], [ -122.263073442704837, 47.529516498835683 ], [ -122.262800059941711, 47.529313957948297 ], [ -122.262457165552632, 47.529213235183057 ], [ -122.261975874398019, 47.529197211894981 ], [ -122.261762844898058, 47.529213287124428 ], [ -122.261639675342181, 47.529192013456417 ], [ -122.261508227015455, 47.529134535852528 ], [ -122.261341580761922, 47.528945800731542 ], [ -122.260678364179114, 47.52838480502443 ], [ -122.260425020541305, 47.528068161734339 ], [ -122.260313077932722, 47.527896078468764 ], [ -122.260215957644846, 47.527590097407092 ], [ -122.260183479046788, 47.527310902041265 ], [ -122.260110801031729, 47.527040197639565 ], [ -122.26014087314293, 47.526887765796531 ], [ -122.260151561132275, 47.526833589689524 ], [ -122.260191938988086, 47.526707531694107 ], [ -122.260159831101049, 47.526500994257034 ], [ -122.260031048157487, 47.526247590009646 ], [ -122.259934114501874, 47.525824384164707 ], [ -122.259983736224399, 47.52530299478606 ], [ -122.259951330429871, 47.524933653892766 ], [ -122.260048326084757, 47.524529455291571 ], [ -122.260243444795961, 47.524215970994057 ], [ -122.260317779087572, 47.524045529692103 ], [ -122.260461413266739, 47.523920309466895 ], [ -122.260745321909482, 47.523813875722873 ], [ -122.261150638463832, 47.5237984938056 ], [ -122.261264487704764, 47.523844414354869 ], [ -122.261523491906104, 47.524026268425516 ], [ -122.261709781940297, 47.52408994396842 ], [ -122.261862945044868, 47.524100308205597 ], [ -122.262040748618361, 47.524029409484953 ], [ -122.262194970252054, 47.523949273048764 ], [ -122.262630754824826, 47.523752963648683 ], [ -122.262994663009692, 47.523525522100591 ], [ -122.263058171449543, 47.523456525155289 ], [ -122.263165172876427, 47.52334093777003 ], [ -122.26316757411962, 47.523295403893378 ], [ -122.263178866617849, 47.523081268472126 ], [ -122.263151414426147, 47.522632676599358 ], [ -122.263233065351457, 47.522408307217844 ], [ -122.263192981841129, 47.522021604982839 ], [ -122.263144402945528, 47.52171489029049 ], [ -122.26299991055248, 47.521506970174713 ], [ -122.262861736183595, 47.521398352901983 ], [ -122.262513865531616, 47.52109925416935 ], [ -122.262332715721271, 47.520822994600124 ], [ -122.26202757441942, 47.520837380403357 ], [ -122.261899183934077, 47.520918156949925 ], [ -122.261755159166484, 47.520969693083678 ], [ -122.261521543717848, 47.520943578442399 ], [ -122.261314812663485, 47.520858102917721 ], [ -122.260990131778854, 47.520724884615746 ], [ -122.260727369246013, 47.520689442157504 ], [ -122.260283898168566, 47.520805484033922 ], [ -122.259849564491546, 47.520602508270038 ], [ -122.259744306512971, 47.520553318396587 ], [ -122.260469550638817, 47.520266612309257 ], [ -122.259743587748872, 47.520193440341998 ], [ -122.259253553249067, 47.520063056572909 ], [ -122.259035586493397, 47.519974322061238 ], [ -122.258589054123547, 47.519797349208808 ], [ -122.258120015293557, 47.519628257889863 ], [ -122.257639601387652, 47.519467047041751 ], [ -122.25645837315308, 47.51861188067344 ], [ -122.255451381374442, 47.517884319084452 ], [ -122.255024861853855, 47.517637970249758 ], [ -122.254491764926357, 47.516888519590573 ], [ -122.254396579091107, 47.516824830864223 ], [ -122.254235713270234, 47.516717743805238 ], [ -122.253896104119235, 47.516328693819347 ], [ -122.253597650599332, 47.516083665103807 ], [ -122.25300593392393, 47.515782384739573 ], [ -122.252714342571124, 47.515592091115472 ], [ -122.252286972395368, 47.515210870176404 ], [ -122.252091906212186, 47.514951500715355 ], [ -122.252076431188456, 47.514930924373019 ], [ -122.251581875774932, 47.514567847039672 ], [ -122.251315357357541, 47.514277774016591 ], [ -122.251260690669483, 47.514184339069111 ], [ -122.250608838756918, 47.513652252411063 ], [ -122.250441537143161, 47.513579705160382 ], [ -122.250371240070152, 47.51353414766475 ], [ -122.250348050521978, 47.513444009266721 ], [ -122.250289003086863, 47.513371204986683 ], [ -122.2502074270093, 47.513338316906719 ], [ -122.250039842692146, 47.513270753883489 ], [ -122.250027236917418, 47.513225699851361 ], [ -122.24997964419066, 47.513162663077246 ], [ -122.249872614965824, 47.51310771762612 ], [ -122.24982501848126, 47.513044680846185 ], [ -122.24969437753893, 47.512917426287849 ], [ -122.249469665719985, 47.512852938438193 ], [ -122.249458462681872, 47.512726976020488 ], [ -122.249302577587073, 47.512663167195441 ], [ -122.248781353946399, 47.512596964039155 ], [ -122.248615378841464, 47.512595687144376 ], [ -122.248485286703485, 47.512639800073146 ], [ -122.248299791783211, 47.51265832000793 ], [ -122.247891276526545, 47.512699105963343 ], [ -122.247820125643415, 47.512689206198324 ], [ -122.247743444620824, 47.512572107412417 ], [ -122.247465563820882, 47.51255228655193 ], [ -122.247369685269902, 47.512497856953246 ], [ -122.247263900434803, 47.512326011347213 ], [ -122.247192002674453, 47.51226231003475 ], [ -122.246979030025656, 47.51221615269975 ], [ -122.246575786079177, 47.51216839153988 ], [ -122.246350372188175, 47.512113162642784 ], [ -122.246147767513122, 47.512012690387131 ], [ -122.24601705535774, 47.511975919927629 ], [ -122.245912361482453, 47.511930190229592 ], [ -122.245709892531366, 47.511802980381788 ], [ -122.245376197597238, 47.511746974221026 ], [ -122.245128217685618, 47.511682141491264 ], [ -122.244142599368786, 47.511522797812034 ], [ -122.244060326482, 47.511513062428271 ], [ -122.243942078070646, 47.511548081228554 ], [ -122.243302661289391, 47.511579938313751 ], [ -122.242257952796137, 47.511500979854631 ], [ -122.241178628249301, 47.511260067408642 ], [ -122.241095635258887, 47.511259252308065 ], [ -122.240964669498638, 47.511276635103684 ], [ -122.240751737115119, 47.511293529807858 ], [ -122.240465752893414, 47.511273128044515 ], [ -122.240286966985636, 47.511234366346137 ], [ -122.240290398999946, 47.511228316000029 ], [ -122.240263159837198, 47.511229204834706 ], [ -122.240252785862609, 47.511226955704004 ], [ -122.240110647127338, 47.511180752423989 ], [ -122.239861690892781, 47.511178989834072 ], [ -122.239566308671456, 47.511087433624681 ], [ -122.239375896673451, 47.511050176962044 ], [ -122.238948339559244, 47.510876619633656 ], [ -122.238509656159508, 47.510765268056488 ], [ -122.238211966215488, 47.510664831340826 ], [ -122.237940400819639, 47.510527671954989 ], [ -122.237726666432792, 47.510364284845345 ], [ -122.237620650476345, 47.510246589328972 ], [ -122.237252356155992, 47.510028271487244 ], [ -122.236361946038727, 47.50959015135227 ], [ -122.236284762849706, 47.509557405566447 ], [ -122.235781299664495, 47.509343805975135 ], [ -122.235354492279114, 47.509223694036329 ], [ -122.235128949627352, 47.509132456513086 ], [ -122.234914668294181, 47.508973109978442 ], [ -122.234915494999939, 47.508968232000029 ], [ -122.234914893999985, 47.508966795000049 ], [ -122.234914350999986, 47.50896549600003 ], [ -122.234913331999962, 47.508963049000045 ], [ -122.234899297999959, 47.508952805000035 ], [ -122.234864603193699, 47.508935879949348 ], [ -122.234738090204416, 47.508841800795878 ], [ -122.234607108551131, 47.508796110134305 ], [ -122.234535876452426, 47.508745167927167 ], [ -122.23453204499998, 47.508734415000049 ], [ -122.234522025, 47.508724623000035 ], [ -122.234519576999958, 47.508722230000046 ], [ -122.234492883999962, 47.508707753000067 ], [ -122.234463233999975, 47.508688652000046 ], [ -122.234456987999977, 47.508682147000059 ], [ -122.234456420999948, 47.508679719000042 ], [ -122.234454243999949, 47.508670390000077 ], [ -122.23445094899995, 47.508653157000026 ], [ -122.234450726999967, 47.50865273200003 ], [ -122.234445401999949, 47.508642529000042 ], [ -122.234430799999984, 47.508626367000033 ], [ -122.234429969999951, 47.508625448000032 ], [ -122.234416762999956, 47.508616017000065 ], [ -122.234388020999972, 47.508600465000029 ], [ -122.234361093934425, 47.508589188175861 ], [ -122.234310233965388, 47.508533189118133 ], [ -122.234203952284972, 47.508469306798723 ], [ -122.233504479823125, 47.50823945630048 ], [ -122.233136364726718, 47.507994388262659 ], [ -122.232887806940099, 47.507785924780478 ], [ -122.231666201593612, 47.507084326733107 ], [ -122.231405669488836, 47.506912027403985 ], [ -122.231228280728246, 47.506838917570406 ], [ -122.230954730366122, 47.506701774472049 ], [ -122.230799876848252, 47.506574859330371 ], [ -122.230790400415913, 47.506509513631137 ], [ -122.230792426, 47.506501939000032 ], [ -122.230792577999978, 47.506499907000034 ], [ -122.230794217999971, 47.506478060000063 ], [ -122.230789803999983, 47.506462817000056 ], [ -122.230789312999946, 47.506461121000029 ], [ -122.230777927999952, 47.506443987000068 ], [ -122.230766291999942, 47.506432614000062 ], [ -122.230765400999985, 47.506431960000043 ], [ -122.230755440999985, 47.50642466100004 ], [ -122.230735744999947, 47.506410231000075 ], [ -122.230681277999963, 47.506379350000032 ], [ -122.230644720999976, 47.506358624000029 ], [ -122.230617405999965, 47.50634313900008 ], [ -122.230613940334024, 47.506341403578503 ], [ -122.23061116374555, 47.506339451881622 ], [ -122.230575741520511, 47.506276569198256 ], [ -122.230385910983102, 47.506194046007501 ], [ -122.229947605401819, 47.506092594253417 ], [ -122.229864302975898, 47.506019454909485 ], [ -122.229650793556502, 47.505955451141006 ], [ -122.22959978757612, 47.505921964700548 ], [ -122.229599727, 47.505921881000063 ], [ -122.229599464429171, 47.505921752548147 ], [ -122.229567068232569, 47.505900483800829 ], [ -122.229461253864173, 47.505881833732886 ], [ -122.229378138636037, 47.505845708627341 ], [ -122.229354532815961, 47.505810641942219 ], [ -122.229354729999955, 47.505809457000055 ], [ -122.229364497999939, 47.505796452000027 ], [ -122.229369095999971, 47.505786796000052 ], [ -122.229368630999943, 47.505784480000045 ], [ -122.229368161999957, 47.505782147000048 ], [ -122.229361113999971, 47.505775927000059 ], [ -122.229352912999957, 47.505771915000025 ], [ -122.229338920999965, 47.505766722000033 ], [ -122.229333825999959, 47.505764831000079 ], [ -122.22932837999997, 47.505762811000068 ], [ -122.22932097599994, 47.505760063000025 ], [ -122.229310709773927, 47.505756252690361 ], [ -122.229259417073649, 47.505709685767435 ], [ -122.228760524691992, 47.505517614639544 ], [ -122.228653013418821, 47.505443318408574 ], [ -122.228652958999987, 47.50544326000005 ], [ -122.228639341999951, 47.505433280000034 ], [ -122.228636800660823, 47.505432114496855 ], [ -122.228524091798889, 47.50535422644483 ], [ -122.228523830999961, 47.505350796000073 ], [ -122.228511960999981, 47.50534573200008 ], [ -122.228511570540817, 47.505345573563567 ], [ -122.228405591430842, 47.505272336142035 ], [ -122.228275324886596, 47.505217030779384 ], [ -122.227906668158454, 47.505016509764317 ], [ -122.227634756339839, 47.504960907234945 ], [ -122.227611281717813, 47.504931189826955 ], [ -122.22761141999996, 47.50493042100004 ], [ -122.22761092199994, 47.504928681000081 ], [ -122.227608296999961, 47.504919491000067 ], [ -122.227595787999974, 47.504905661000066 ], [ -122.227590185999986, 47.504902368000046 ], [ -122.227585919401918, 47.504899858870282 ], [ -122.227531522946563, 47.504834249839242 ], [ -122.227349459517768, 47.504804047756132 ], [ -122.227190672925175, 47.504907159366951 ], [ -122.227189184999986, 47.504906265000045 ], [ -122.227175987999942, 47.504898333000028 ], [ -122.227174941999976, 47.504898055000069 ], [ -122.227137676578536, 47.504888137893943 ], [ -122.227080535516265, 47.504856366889832 ], [ -122.227087174472771, 47.504811367694394 ], [ -122.227092195247693, 47.504778904375975 ], [ -122.226893929465646, 47.50481081035138 ], [ -122.226821262035912, 47.504833110753779 ], [ -122.22681184299995, 47.504825424000046 ], [ -122.226799527999958, 47.504815370000074 ], [ -122.226790597, 47.504808079000043 ], [ -122.226784281999983, 47.504807381000035 ], [ -122.226762982999958, 47.504805026000042 ], [ -122.226704566999956, 47.504773517000046 ], [ -122.226683452999964, 47.504757424000047 ], [ -122.226671471999964, 47.504748291000055 ], [ -122.226658575999977, 47.504738461000045 ], [ -122.226655662999974, 47.50472323200006 ], [ -122.226633145, 47.504723508000041 ], [ -122.226626401999965, 47.504724671000076 ], [ -122.226610855999979, 47.504727352000032 ], [ -122.226590786999964, 47.504730812000048 ], [ -122.226578048999954, 47.504722487000038 ], [ -122.226564855999982, 47.504697209000028 ], [ -122.226531887999954, 47.504675138000039 ], [ -122.226460360999965, 47.50462725400007 ], [ -122.226430555999968, 47.504604295000036 ], [ -122.226408369999945, 47.504587206000053 ], [ -122.226405886999942, 47.504585293000048 ], [ -122.226296005, 47.504500655000072 ], [ -122.226289129999941, 47.504495360000078 ], [ -122.226361976999954, 47.504411357000038 ], [ -122.226359005999939, 47.504409807000059 ], [ -122.226353408999955, 47.504406897000081 ], [ -122.226199416999975, 47.50432672900007 ], [ -122.226195755999981, 47.504324822000058 ], [ -122.226173102999951, 47.504313029000059 ], [ -122.226161444999946, 47.504306959000075 ], [ -122.226161293999951, 47.504301335000036 ], [ -122.226160809999953, 47.504283222000026 ], [ -122.226152577999983, 47.504256183000052 ], [ -122.226140245999943, 47.504256334000047 ], [ -122.226130058999956, 47.504256459000032 ], [ -122.226095344999976, 47.50426875800008 ], [ -122.226085621999971, 47.50426432200004 ], [ -122.226070003999951, 47.504257196000026 ], [ -122.226055693999967, 47.504248395000047 ], [ -122.226042723999967, 47.504240418000052 ], [ -122.226041160999955, 47.504239458000029 ], [ -122.226026740999941, 47.504230589000031 ], [ -122.226000947999978, 47.504202071000066 ], [ -122.225990363, 47.504179387000079 ], [ -122.225979705999976, 47.504156536000039 ], [ -122.225955571999975, 47.504145297000036 ], [ -122.225944221999953, 47.504140010000071 ], [ -122.225886772999957, 47.504152762000047 ], [ -122.225879525999972, 47.504154373000063 ], [ -122.225866616543968, 47.504148056063087 ], [ -122.22584472448284, 47.504101965732445 ], [ -122.225746561762975, 47.5040853898969 ], [ -122.225742455999978, 47.504083121000065 ], [ -122.225723842999969, 47.504072548000067 ], [ -122.225684, 47.504049914000063 ], [ -122.225671634999969, 47.504043049000074 ], [ -122.225633181999967, 47.504021703000035 ], [ -122.225613818999989, 47.504020302000072 ], [ -122.225613118999945, 47.504020252000032 ], [ -122.225601712999946, 47.504000722000058 ], [ -122.225597383999968, 47.503993308000076 ], [ -122.225575116530891, 47.504002734250101 ], [ -122.225541370446152, 47.503980846005618 ], [ -122.225367370794828, 47.503886939215725 ], [ -122.225325345944569, 47.503876244709588 ], [ -122.225330660999987, 47.503847317000066 ], [ -122.225213882999981, 47.503785991000029 ], [ -122.225190629999986, 47.503769844000033 ], [ -122.225173076999965, 47.503757657000051 ], [ -122.225139914999943, 47.503734320000035 ], [ -122.225058347999948, 47.503679348000048 ], [ -122.22495217, 47.503639941000074 ], [ -122.224951672999964, 47.503621288000033 ], [ -122.224947629999974, 47.503563671000052 ], [ -122.224916059999941, 47.503548222000063 ], [ -122.224907052999981, 47.503543813000078 ], [ -122.224759977999952, 47.503472683000041 ], [ -122.224717201999965, 47.503452168000081 ], [ -122.224673769999981, 47.503431335000073 ], [ -122.224615311999969, 47.50339813100004 ], [ -122.224567498999988, 47.503388538000081 ], [ -122.224544843999979, 47.503383727000028 ], [ -122.22450480599997, 47.503384217000075 ], [ -122.224475668999958, 47.503403228000082 ], [ -122.224474204734875, 47.503404183567604 ], [ -122.224459764535894, 47.503399762749773 ], [ -122.224432150999974, 47.503381716000035 ], [ -122.2243585, 47.503341911000064 ], [ -122.224284245767549, 47.503297803832069 ], [ -122.224250030126058, 47.503275576990717 ], [ -122.224142100618238, 47.503227626064749 ], [ -122.224094378999951, 47.503199280000047 ], [ -122.224012588999983, 47.503135827000051 ], [ -122.223977576999971, 47.503101595000032 ], [ -122.223940628999969, 47.503065473000049 ], [ -122.223854287, 47.503019039000037 ], [ -122.223831440922496, 47.503003173925784 ], [ -122.223796646828461, 47.502924974238617 ], [ -122.223725588345502, 47.50292922770204 ], [ -122.223674169999981, 47.50289304100005 ], [ -122.223669210999958, 47.502889550000077 ], [ -122.223660559999985, 47.502883460000078 ], [ -122.22368206699997, 47.502858978000063 ], [ -122.22364087699998, 47.502816559000053 ], [ -122.223630702999969, 47.502811962000067 ], [ -122.223629629999948, 47.502811476000034 ], [ -122.223532262, 47.502772297000035 ], [ -122.223477137999964, 47.50274388400004 ], [ -122.223474109999984, 47.502747332000069 ], [ -122.223460354999986, 47.50276298700004 ], [ -122.223305566999954, 47.502700406000031 ], [ -122.223304011999971, 47.502699777000032 ], [ -122.223282348999987, 47.50269109900006 ], [ -122.223131370999965, 47.502630613000065 ], [ -122.223076152999965, 47.502608491000046 ], [ -122.222974585999964, 47.502567802000044 ], [ -122.222824775999982, 47.502507784000045 ], [ -122.222819606999963, 47.502502957000047 ], [ -122.222806141999968, 47.50249038100003 ], [ -122.222669579999945, 47.502437763000046 ], [ -122.222660978339022, 47.50244765028512 ], [ -122.222411671854161, 47.502404617779199 ], [ -122.222112686306176, 47.502418639390051 ], [ -122.22196264245234, 47.502435425385613 ], [ -122.221953064, 47.50243514400006 ], [ -122.22190735199996, 47.502431840000042 ], [ -122.221849815999974, 47.502432543000054 ], [ -122.221825574999968, 47.502436292000027 ], [ -122.221812022, 47.502451878000045 ], [ -122.221767002999968, 47.502437772000064 ], [ -122.221699465999961, 47.502413300000057 ], [ -122.221664278999981, 47.502399996000065 ], [ -122.221651932999976, 47.502395331000059 ], [ -122.221641853, 47.502391519000071 ], [ -122.22155020799994, 47.502357154000038 ], [ -122.221505448999949, 47.502339038000059 ], [ -122.221477179999965, 47.50233498700004 ], [ -122.221429732, 47.502318671000069 ], [ -122.221413484999971, 47.502313085000026 ], [ -122.221338579999951, 47.502287330000058 ], [ -122.221204271999966, 47.502241148000053 ], [ -122.221165098999961, 47.502239183000029 ], [ -122.221151586999952, 47.502238505000037 ], [ -122.221129809, 47.502219302000071 ], [ -122.221123189999958, 47.502209015000062 ], [ -122.221119666999982, 47.502202737000061 ], [ -122.221119457999976, 47.502194903000031 ], [ -122.2211223, 47.502189556000076 ], [ -122.221122410999953, 47.502189327000053 ], [ -122.221125482, 47.502182943000037 ], [ -122.221126111999979, 47.502178637000043 ], [ -122.221125280999956, 47.502175360000081 ], [ -122.221122579999985, 47.502172105000056 ], [ -122.221115812, 47.502170166000042 ], [ -122.221106115999987, 47.502170284000044 ], [ -122.221080688999962, 47.502168319000077 ], [ -122.221074252999983, 47.502166868000074 ], [ -122.221061543999951, 47.502164002000029 ], [ -122.221043130999988, 47.502159170000027 ], [ -122.221031360999973, 47.502151475000062 ], [ -122.220997636, 47.502132164000045 ], [ -122.22098303599995, 47.502123725000047 ], [ -122.220968075999963, 47.502115079000077 ], [ -122.220946559999959, 47.502105734000054 ], [ -122.220865547999949, 47.502076129000045 ], [ -122.220844807999981, 47.502068039000051 ], [ -122.220835329999943, 47.502062339000076 ], [ -122.220830790999969, 47.502060119000078 ], [ -122.220823163999967, 47.50205389100006 ], [ -122.220820798999966, 47.502049114000044 ], [ -122.220824371999981, 47.502043255000046 ], [ -122.220828031999986, 47.502040428000043 ], [ -122.220830852999939, 47.502034326000057 ], [ -122.22083109099998, 47.502029266000079 ], [ -122.220830969999952, 47.502024716000051 ], [ -122.22083113399998, 47.502016876000027 ], [ -122.220832457999961, 47.502010539000025 ], [ -122.220831359999977, 47.502005014000076 ], [ -122.220814307999945, 47.501987497000073 ], [ -122.220799683999985, 47.501970735000043 ], [ -122.220790741999963, 47.501957192000077 ], [ -122.220782258999975, 47.501946927000063 ], [ -122.220763111999986, 47.501928451000026 ], [ -122.220692060999966, 47.501936650000061 ], [ -122.220647679999956, 47.501895472000058 ], [ -122.220644820999951, 47.50189309600006 ], [ -122.220613631999981, 47.501897373000077 ], [ -122.220547032999946, 47.501871165000068 ], [ -122.220512385999939, 47.501859197000044 ], [ -122.220482900999968, 47.501844894000044 ], [ -122.220438434999949, 47.501828494000051 ], [ -122.220430952999948, 47.501825490000044 ], [ -122.220395060999977, 47.501811073000056 ], [ -122.220292550999943, 47.501773674000049 ], [ -122.220288426999957, 47.501772170000038 ], [ -122.220285804999946, 47.501772260000052 ], [ -122.220270448999941, 47.501772783000035 ], [ -122.220195806246764, 47.501746661783791 ], [ -122.220099304566361, 47.50171012609897 ], [ -122.220137312999952, 47.501601851000032 ], [ -122.220086450999986, 47.501600783000072 ], [ -122.220088509999982, 47.501558772000067 ], [ -122.220089267, 47.50154335700006 ], [ -122.220091982999975, 47.501532332000068 ], [ -122.220102364999946, 47.501490170000068 ], [ -122.220122952999986, 47.501464413000065 ], [ -122.220135783999979, 47.501448358000061 ], [ -122.220132441999965, 47.501410415000066 ], [ -122.220112225999969, 47.50138217600005 ], [ -122.220082742999978, 47.501356685000076 ], [ -122.220074611999962, 47.501343597000073 ], [ -122.220066353, 47.501325760000043 ], [ -122.220064955999987, 47.501324671000077 ], [ -122.220041709999975, 47.501306543000055 ], [ -122.219999233999943, 47.50129017900008 ], [ -122.219950409999967, 47.501269146000027 ], [ -122.219900562999953, 47.501268174000074 ], [ -122.219867138999973, 47.501270162000026 ], [ -122.219829837999953, 47.50127272800006 ], [ -122.219789396999943, 47.50127427700005 ], [ -122.219760437, 47.501268300000049 ], [ -122.219751530095266, 47.501265912203635 ], [ -122.219651295326159, 47.501218730220096 ], [ -122.219624889922784, 47.50119145479723 ], [ -122.219623666999951, 47.501189784000076 ], [ -122.219612892999976, 47.501165121000042 ], [ -122.219596327999966, 47.501109640000038 ], [ -122.21959611799997, 47.501108756000065 ], [ -122.21956536, 47.501048228000059 ], [ -122.21954175999997, 47.500982675000046 ], [ -122.21954322299996, 47.500946445000068 ], [ -122.219525396999984, 47.500915387000077 ], [ -122.219512247999944, 47.500877686000081 ], [ -122.219442964999985, 47.50081831600005 ], [ -122.219353168999987, 47.500741363000031 ], [ -122.219340370999987, 47.500716828000066 ], [ -122.219323283999984, 47.500713744000052 ], [ -122.219159610999952, 47.500587352000025 ], [ -122.219119792182894, 47.500587838041952 ], [ -122.219102581427222, 47.500560357560509 ], [ -122.219033388568775, 47.500521971717092 ], [ -122.219033116999981, 47.500514241000076 ], [ -122.219031941999958, 47.500480819000074 ], [ -122.219066922999957, 47.500481530000059 ], [ -122.219399233, 47.500488300000029 ], [ -122.219089689999976, 47.500107246000027 ], [ -122.21901476, 47.500015006000069 ], [ -122.219015018999983, 47.499958670000069 ], [ -122.219015519999971, 47.499850519000063 ], [ -122.219258479999951, 47.499656658000049 ], [ -122.219347915999947, 47.499585293000052 ], [ -122.219459859999972, 47.499495972000034 ], [ -122.219509290999952, 47.499456533000057 ], [ -122.21952645999994, 47.499314280000078 ], [ -122.21957532, 47.498909410000067 ], [ -122.219578621999972, 47.498882054000035 ], [ -122.219595132, 47.498745274000044 ], [ -122.219603387999939, 47.49867688300003 ], [ -122.219611640999972, 47.498608494000052 ], [ -122.219619892999958, 47.498540104000028 ], [ -122.219625216999987, 47.498495958000035 ], [ -122.219628144999945, 47.498471711000036 ], [ -122.219636397999977, 47.498403323000048 ], [ -122.219644649999964, 47.498334931000045 ], [ -122.21965290299994, 47.498266540000031 ], [ -122.219654553999987, 47.498252859000047 ], [ -122.219738541999959, 47.498254735000046 ], [ -122.220015522999972, 47.498260916000049 ], [ -122.219999855999959, 47.498205710000036 ], [ -122.219969675999948, 47.498099387000082 ], [ -122.219916588, 47.498106306000068 ], [ -122.219897442999979, 47.498038847000032 ], [ -122.219887116999985, 47.498002447000033 ], [ -122.219878391999941, 47.497971699000061 ], [ -122.219931480999946, 47.497964780000075 ], [ -122.220017430999974, 47.497953578000079 ], [ -122.219966212999964, 47.497773092000045 ], [ -122.22010710099994, 47.497773322000057 ], [ -122.220172281999965, 47.497773430000052 ], [ -122.220172852999951, 47.497773428000073 ], [ -122.220321402999957, 47.497774381000056 ], [ -122.220345300999952, 47.497774535000076 ], [ -122.220659867, 47.497781556000064 ], [ -122.220723081999949, 47.497782966000045 ], [ -122.220910585999945, 47.497787151000068 ], [ -122.22092523699996, 47.497787476000042 ], [ -122.221058659, 47.497790455000029 ], [ -122.221060229999978, 47.49772192000006 ], [ -122.221061802999941, 47.497653380000031 ], [ -122.221063374999972, 47.497584840000059 ], [ -122.221064945999956, 47.497516297000061 ], [ -122.221066745999963, 47.497437823000041 ], [ -122.221208278999939, 47.497440666000045 ], [ -122.221212074999983, 47.497275152000043 ], [ -122.221216527999957, 47.497080804000063 ], [ -122.22133784, 47.49708350800006 ], [ -122.221459151999966, 47.497086215000081 ], [ -122.221580462999952, 47.497088919000078 ], [ -122.22168000299996, 47.497091140000066 ], [ -122.221701770999971, 47.497091625000053 ], [ -122.221823082999947, 47.49709432800006 ], [ -122.221827275999942, 47.496911428000033 ], [ -122.221829368999977, 47.496820170000035 ], [ -122.221831254, 47.496737925000048 ], [ -122.222237879999966, 47.496746993000045 ], [ -122.222315474999959, 47.496748722000063 ], [ -122.22231635299994, 47.496666454000035 ], [ -122.22231837299995, 47.496666497000035 ], [ -122.222348696999973, 47.496667174000038 ], [ -122.222351839999988, 47.496530096000072 ], [ -122.222356550999962, 47.496324475000051 ], [ -122.222363806999965, 47.49600782400006 ], [ -122.222367387999952, 47.49585155300008 ], [ -122.22237131199995, 47.495680205000042 ], [ -122.222340982999981, 47.495679530000075 ], [ -122.222219672999984, 47.495676826000079 ], [ -122.222098369999969, 47.495674123000072 ], [ -122.221977063999987, 47.495671418000029 ], [ -122.221981290999963, 47.495487010000033 ], [ -122.221983347, 47.495397259000072 ], [ -122.221985230999962, 47.495315011000059 ], [ -122.221722228999965, 47.495309146000068 ], [ -122.219634021, 47.495262557000046 ], [ -122.219542268999987, 47.494972534000055 ], [ -122.219527154, 47.494919272000061 ], [ -122.219463262999966, 47.494694092000032 ], [ -122.219472111999949, 47.494694288000062 ], [ -122.219504710999956, 47.494695014000058 ], [ -122.219881769999972, 47.494703427000047 ], [ -122.220187418999956, 47.494710244000032 ], [ -122.220187745999965, 47.494526282000038 ], [ -122.220058307999977, 47.494523540000046 ], [ -122.220058394999967, 47.494474345000071 ], [ -122.220058631999962, 47.494342220000078 ], [ -122.220058635999976, 47.494339613000079 ], [ -122.219986157, 47.494338096000035 ], [ -122.219986116999962, 47.494338094000057 ], [ -122.21998617099996, 47.494283241000062 ], [ -122.219986248999987, 47.494200965000061 ], [ -122.219986250999966, 47.494199351000077 ], [ -122.21998690099997, 47.493899399000043 ], [ -122.21990600099997, 47.493897705000052 ], [ -122.219906457999969, 47.493687912000041 ], [ -122.219906654999988, 47.493596142000058 ], [ -122.21990182199994, 47.493596042000036 ], [ -122.21990556999998, 47.49351383700008 ], [ -122.222300374999975, 47.493563987000073 ], [ -122.222393093, 47.493565930000045 ], [ -122.222971467999969, 47.493578032000073 ], [ -122.223060460999989, 47.493579895000039 ], [ -122.223063938999985, 47.491923059000044 ], [ -122.223064158999989, 47.491818969000064 ], [ -122.223066026999959, 47.490930951000053 ], [ -122.223066092999943, 47.490900018000048 ], [ -122.224093485999958, 47.490898695000055 ], [ -122.224194970999974, 47.490898535000042 ], [ -122.224934594999979, 47.490897374000042 ], [ -122.225472145999959, 47.490896525000039 ], [ -122.225583978999964, 47.490896346000056 ], [ -122.225695819999942, 47.490896171000031 ], [ -122.226099039999951, 47.490895532000081 ], [ -122.226247002999969, 47.490895296000076 ], [ -122.226434108999968, 47.490894999000034 ], [ -122.226949336999951, 47.490894178000076 ], [ -122.226980149999974, 47.490894129000026 ], [ -122.227032819999977, 47.490894046000051 ], [ -122.227488817, 47.49089331600004 ], [ -122.227610118999962, 47.490893121000056 ], [ -122.227610084999952, 47.490889907000032 ], [ -122.227609612, 47.490845109000055 ], [ -122.22760314, 47.490230451000095 ], [ -122.227600584999976, 47.48998826800004 ], [ -122.227600541999962, 47.489983930000037 ], [ -122.227600495999965, 47.489979785000045 ], [ -122.227598765, 47.489815285000113 ], [ -122.227598423999964, 47.489783013000107 ], [ -122.227595762999925, 47.489530491 ], [ -122.22759443, 47.489403997000103 ], [ -122.227473100999987, 47.489403373000052 ], [ -122.226934048999979, 47.489400598 ], [ -122.226458423999972, 47.48939814700006 ], [ -122.226448733999973, 47.489398096000059 ], [ -122.226447596999961, 47.489151365000069 ], [ -122.226446458999959, 47.488904632000086 ], [ -122.226052321999944, 47.488902588 ], [ -122.226006328999958, 47.488902349000071 ], [ -122.22533942099993, 47.488898890000051 ], [ -122.225330094999961, 47.488898841000051 ], [ -122.225329232999982, 47.488710272000077 ], [ -122.225328781999934, 47.488612511000071 ], [ -122.225328399, 47.488528722000069 ], [ -122.225326701999947, 47.488158603000088 ], [ -122.225326700999943, 47.488158266000056 ], [ -122.225336933, 47.488158322000061 ], [ -122.225578264999982, 47.488159612000082 ], [ -122.225976686999985, 47.488161742000081 ], [ -122.226197110000015, 47.488162917000089 ], [ -122.226464044, 47.48816434300003 ], [ -122.226698620999954, 47.488165595000041 ], [ -122.22692915699993, 47.488166823000057 ], [ -122.227166296999926, 47.488168088000073 ], [ -122.227372567999936, 47.488169188000072 ], [ -122.227460090999983, 47.488169654000025 ], [ -122.227465589, 47.488169683000116 ], [ -122.227581427, 47.488169938000048 ], [ -122.227586775999981, 47.487854618000071 ], [ -122.227467146999942, 47.487855659000068 ], [ -122.22686367799993, 47.487851942000113 ], [ -122.226253712, 47.487848183000068 ], [ -122.226167643999986, 47.487847651000024 ], [ -122.225982411999937, 47.487846510000018 ], [ -122.225960763, 47.487846378 ], [ -122.225665392999986, 47.487844556000034 ], [ -122.225596834, 47.487844133000088 ], [ -122.225584, 47.487844054000085 ], [ -122.225576782999937, 47.487844041000081 ], [ -122.225584936, 47.487530557000078 ], [ -122.22558623299993, 47.487480665000035 ], [ -122.225587653999952, 47.487195952000015 ], [ -122.225673840999974, 47.48719599200011 ], [ -122.225673844999974, 47.487195525000068 ], [ -122.226153176999944, 47.487197954000095 ], [ -122.22615740400002, 47.487024449000039 ], [ -122.226441928000028, 47.487025644000049 ], [ -122.226525957999968, 47.487026039000078 ], [ -122.22672375099998, 47.487027011000073 ], [ -122.226825308999949, 47.487027958000063 ], [ -122.227008591999933, 47.48702941000009 ], [ -122.227470311000033, 47.487031198000061 ], [ -122.227600779999989, 47.487028801000044 ], [ -122.227604708999962, 47.48679717400006 ], [ -122.227604815999968, 47.486790756000062 ], [ -122.227607213999988, 47.486649391000093 ], [ -122.227607669999941, 47.486622541 ], [ -122.227607893999959, 47.486609303000058 ], [ -122.227611966000026, 47.486369076000081 ], [ -122.228040509999957, 47.486375440000074 ], [ -122.228966975999967, 47.486389189000057 ], [ -122.230401408, 47.486410475000042 ], [ -122.232966248999929, 47.486457174000087 ], [ -122.232970021999975, 47.484660389000098 ], [ -122.232970023999968, 47.484660153000078 ], [ -122.23332901, 47.484666340000061 ], [ -122.230788165, 47.482647509000088 ], [ -122.231164220999958, 47.482704534 ], [ -122.231176513, 47.482706398000076 ], [ -122.231216898999961, 47.482619818000018 ], [ -122.231257288, 47.482533233000048 ], [ -122.231966369999981, 47.481012882000108 ], [ -122.232219091000019, 47.480472313000057 ], [ -122.232276622999976, 47.480485383000072 ], [ -122.232279950999981, 47.480478262000105 ], [ -122.232289613, 47.480480353000097 ], [ -122.232472007999974, 47.480519807000078 ], [ -122.232802111999931, 47.480591218000036 ], [ -122.232811719000026, 47.480593296000031 ], [ -122.233303655999961, 47.480699706000038 ], [ -122.233427948000028, 47.480726594000046 ], [ -122.233725034, 47.480486727 ], [ -122.233888207999911, 47.48035497800003 ], [ -122.234334163999961, 47.48053961200003 ], [ -122.234797133999976, 47.480703881000032 ], [ -122.23527509599991, 47.480847064000066 ], [ -122.235765965999946, 47.480968536000077 ], [ -122.236267595999962, 47.481067767000027 ], [ -122.23677758499997, 47.481141787000112 ], [ -122.237291417999941, 47.481192560000054 ], [ -122.237295471999929, 47.48119276400007 ], [ -122.237299502, 47.481192983 ], [ -122.237303532999974, 47.481193204000107 ], [ -122.237307562999945, 47.481193424000033 ], [ -122.23731159299993, 47.481193645000054 ], [ -122.237315624, 47.48119387000007 ], [ -122.237319653999975, 47.481194094000088 ], [ -122.23732368499995, 47.481194318000107 ], [ -122.237327717999932, 47.481194545000037 ], [ -122.237331746, 47.481194775000056 ], [ -122.23733577699997, 47.481195002000078 ], [ -122.237339806999955, 47.481195235 ], [ -122.237343836000022, 47.481195465000027 ], [ -122.237347869, 47.481195697000047 ], [ -122.237351899999979, 47.481195930000062 ], [ -122.23735592999995, 47.481196165 ], [ -122.237359961000024, 47.481196401000012 ], [ -122.237363992, 47.481196636000035 ], [ -122.237368022999974, 47.481196874000055 ], [ -122.237372049999962, 47.481197109000071 ], [ -122.237376080999937, 47.481197347 ], [ -122.237380114999908, 47.48119758500011 ], [ -122.237384137999982, 47.481197826000042 ], [ -122.237388168999956, 47.481198067000065 ], [ -122.237392200000031, 47.481198308000081 ], [ -122.237396227, 47.481198549000013 ], [ -122.23740025799998, 47.481198787000032 ], [ -122.237404288999954, 47.481199033000053 ], [ -122.237408315999943, 47.481199276000076 ], [ -122.237412347, 47.481199520000096 ], [ -122.237416377999978, 47.481199763000028 ], [ -122.237420404999966, 47.481200007000048 ], [ -122.237424435999941, 47.481200253000068 ], [ -122.237428462999915, 47.481200497 ], [ -122.237432498, 47.48120074400002 ], [ -122.237436524999964, 47.481200987000037 ], [ -122.237440551999939, 47.481201233000057 ], [ -122.237444582999913, 47.481201479000077 ], [ -122.237448609999987, 47.481201726 ], [ -122.237452641999965, 47.481201972000029 ], [ -122.23745667299994, 47.481202219000053 ], [ -122.237460700000014, 47.48120246400007 ], [ -122.237464730999989, 47.481202711 ], [ -122.237468757999963, 47.481202957000022 ], [ -122.237472786999945, 47.481203201000042 ], [ -122.237476816000012, 47.481203451000063 ], [ -122.237480846999986, 47.481203696000087 ], [ -122.237484873999961, 47.481203942000015 ], [ -122.237488902999942, 47.481204188000035 ], [ -122.237492935999924, 47.481204435000059 ], [ -122.237496962999984, 47.481204678000076 ], [ -122.237500993999973, 47.481204926000011 ], [ -122.23750501899994, 47.481205168000031 ], [ -122.237509052999926, 47.481205414000051 ], [ -122.2375130839999, 47.481205661000068 ], [ -122.237517110999974, 47.481205901000088 ], [ -122.237521139999942, 47.481206145000023 ], [ -122.237525173, 47.481206388000039 ], [ -122.2375292, 47.481206631000063 ], [ -122.237533230999972, 47.481206873000083 ], [ -122.237537265999947, 47.481207114000014 ], [ -122.237541288000017, 47.481207354000034 ], [ -122.237545319, 47.481207595000051 ], [ -122.237549349999966, 47.48120783300007 ], [ -122.237553374999948, 47.481208071 ], [ -122.237557408000015, 47.48120830900011 ], [ -122.237561439, 47.481208547000044 ], [ -122.237565469999979, 47.481208783000064 ], [ -122.237569497999957, 47.481209021000083 ], [ -122.237573527000023, 47.48120925300001 ], [ -122.237577557999913, 47.48120948900003 ], [ -122.237581588999973, 47.481209724000053 ], [ -122.237585618999958, 47.481209954000072 ], [ -122.237589649999933, 47.481210184000091 ], [ -122.237593681, 47.481210413000021 ], [ -122.237597710999978, 47.48121064300004 ], [ -122.237601741999953, 47.481210868000055 ], [ -122.237605773000027, 47.481211096999985 ], [ -122.237609802999913, 47.481211324000093 ], [ -122.237613833999973, 47.481211549000115 ], [ -122.237617863999958, 47.481211770000044 ], [ -122.237621893000025, 47.481211993000059 ], [ -122.237625925, 47.481212214000081 ], [ -122.237629958999975, 47.481212432000099 ], [ -122.237633989999964, 47.481212651000114 ], [ -122.237638019999935, 47.481212867000046 ], [ -122.23764205, 47.481213083000064 ], [ -122.23764608499998, 47.481213298000078 ], [ -122.237650114999965, 47.481213510000011 ], [ -122.237654144999937, 47.481213721000117 ], [ -122.237658172999915, 47.481213929000042 ], [ -122.237662208999978, 47.481214136000062 ], [ -122.237666242999964, 47.481214341000076 ], [ -122.237670273000035, 47.481214549000093 ], [ -122.237674306999921, 47.481214752000021 ], [ -122.237678338999984, 47.481214955000041 ], [ -122.237682370999963, 47.481215151000058 ], [ -122.237686404999948, 47.48121534800007 ], [ -122.237690433999916, 47.481215546000087 ], [ -122.237694471999987, 47.481215739000014 ], [ -122.237698499999965, 47.481215930000118 ], [ -122.237702535999944, 47.481216122000049 ], [ -122.237706568999926, 47.481216310000065 ], [ -122.237710606999897, 47.48121649800008 ], [ -122.237714635999964, 47.481216679000092 ], [ -122.237718667999943, 47.481216863000022 ], [ -122.237722703000017, 47.481217043000036 ], [ -122.23772674, 47.481217221000051 ], [ -122.237730772999967, 47.481217396000062 ], [ -122.237734806999953, 47.481217570000076 ], [ -122.237738839999935, 47.481217744000091 ], [ -122.237742875, 47.48121791200002 ], [ -122.23774690999997, 47.48121807900003 ], [ -122.237750946999952, 47.481218243000043 ], [ -122.237754979999934, 47.481218407000057 ], [ -122.237759017, 47.48121856500007 ], [ -122.23776304899998, 47.481218724 ], [ -122.237767083999955, 47.481218881000096 ], [ -122.237771122999931, 47.481219032000112 ], [ -122.237775159999913, 47.481219184000032 ], [ -122.237779191999977, 47.481219330000044 ], [ -122.237783227999955, 47.48121947500006 ], [ -122.237787264999938, 47.481219617000072 ], [ -122.237791300999916, 47.481219759000084 ], [ -122.23779534099998, 47.481219895 ], [ -122.237799377999963, 47.481220029000013 ], [ -122.237803413999941, 47.481220163000025 ], [ -122.23780745, 47.481220291000035 ], [ -122.237811255999972, 47.481220451000048 ], [ -122.237815295999951, 47.481220575000059 ], [ -122.23781933199993, 47.481220695000069 ], [ -122.237823372, 47.481220814000082 ], [ -122.237827406999969, 47.481220931000088 ], [ -122.237831446999948, 47.481221042000101 ], [ -122.237835487000027, 47.481221151000021 ], [ -122.237839524, 47.481221260000027 ], [ -122.237843560999977, 47.481221365000039 ], [ -122.237847600999956, 47.481221467000047 ], [ -122.237851639999931, 47.481221568000052 ], [ -122.237855678999921, 47.481221663000063 ], [ -122.237859717999982, 47.481221758000068 ], [ -122.237863761999961, 47.481221852000076 ], [ -122.237867801000036, 47.481221943 ], [ -122.237871840000011, 47.481222031000094 ], [ -122.237875878999901, 47.481222115 ], [ -122.237879921999962, 47.481222202000019 ], [ -122.237883959999948, 47.481222281000022 ], [ -122.237888002999924, 47.481222360000032 ], [ -122.237892038, 47.481222436000039 ], [ -122.237896083999971, 47.481222512000045 ], [ -122.237900126999946, 47.481222583000047 ], [ -122.237904164999932, 47.481222653000053 ], [ -122.237908208, 47.481222721000059 ], [ -122.23791225399998, 47.481222789000064 ], [ -122.237916292999955, 47.481222854000073 ], [ -122.237920330999941, 47.481222917 ], [ -122.237924372999913, 47.481222976 ], [ -122.237928415999988, 47.481223039000085 ], [ -122.237932461999961, 47.481223093 ], [ -122.237936500000032, 47.481223147 ], [ -122.237940542, 47.481223201000013 ], [ -122.237944588, 47.481223254000014 ], [ -122.237948629999963, 47.481223301000021 ], [ -122.237952671999949, 47.481223350000022 ], [ -122.237956713999921, 47.481223396000118 ], [ -122.23796076, 47.481223442000029 ], [ -122.237964805999979, 47.481223485000037 ], [ -122.237968842999948, 47.48122352700004 ], [ -122.237972889000019, 47.481223563000043 ], [ -122.237976931, 47.481223604000043 ], [ -122.237980976999978, 47.481223641000049 ], [ -122.237985017999961, 47.481223676000049 ], [ -122.237989063999933, 47.481223711000055 ], [ -122.237993105, 47.481223744000054 ], [ -122.237997150999988, 47.481223776000057 ], [ -122.238001189999963, 47.481223809000063 ], [ -122.238005236000035, 47.481223837000066 ], [ -122.238009280999918, 47.481223864000064 ], [ -122.238013323, 47.48122389100007 ], [ -122.238017367999973, 47.481223918000069 ], [ -122.238021412999956, 47.481223942000071 ], [ -122.238025458999928, 47.481223967000076 ], [ -122.238029503999911, 47.481223987000078 ], [ -122.238033542999972, 47.481224008 ], [ -122.238037589999962, 47.481224028999989 ], [ -122.23804163600002, 47.481224049000083 ], [ -122.238045680999917, 47.481224066000081 ], [ -122.238049725999986, 47.481224082000082 ], [ -122.238053770999969, 47.481224101000088 ], [ -122.238057815999937, 47.481224116000085 ], [ -122.23806186099992, 47.481224132000087 ], [ -122.238065905999989, 47.481224145000091 ], [ -122.238069950999972, 47.481224159000092 ], [ -122.238073995999954, 47.481224171000093 ], [ -122.238078042000012, 47.481224184 ], [ -122.238082089, 47.481224194000092 ], [ -122.238086133999971, 47.481224205 ], [ -122.23809017799995, 47.481224215000097 ], [ -122.238094222999933, 47.481224225000098 ], [ -122.238098268, 47.481224235000099 ], [ -122.238102316999985, 47.481224243 ], [ -122.238106361999968, 47.481224253 ], [ -122.238110406999937, 47.481224261000101 ], [ -122.238114452, 47.481224268000098 ], [ -122.238118496999988, 47.481224276000013 ], [ -122.238122545999971, 47.481224280000013 ], [ -122.238126590999954, 47.481224288000099 ], [ -122.238130636000022, 47.481224295000104 ], [ -122.238134681, 47.4812243000001 ], [ -122.23813872499997, 47.481224305000104 ], [ -122.238142769999953, 47.481224312000016 ], [ -122.238146818999937, 47.481224317000013 ], [ -122.238150864, 47.481224325000014 ], [ -122.238154908999988, 47.481224330000018 ], [ -122.238158953999957, 47.481224334000018 ], [ -122.23816299899994, 47.481224342000104 ], [ -122.238167047, 47.481224347000108 ], [ -122.238171091999988, 47.481224351000016 ], [ -122.238175140999971, 47.481224359000109 ], [ -122.238179181999953, 47.481224364000106 ], [ -122.238183227000022, 47.481224371000017 ], [ -122.238187276, 47.481224376000021 ], [ -122.238191320999974, 47.481224383000018 ], [ -122.238195364999953, 47.481224391000111 ], [ -122.238199410000021, 47.481224398000023 ], [ -122.238203455, 47.481224406000109 ], [ -122.238207499999987, 47.481224416000025 ], [ -122.238211548999956, 47.481224421000022 ], [ -122.238215593999939, 47.481224431000022 ], [ -122.238219638999922, 47.481224439000115 ], [ -122.238223684, 47.481224449000116 ], [ -122.238227728999973, 47.481224459000025 ], [ -122.238231773999942, 47.481224469000026 ], [ -122.238235818999925, 47.481224482000115 ], [ -122.238239868, 47.481224490000031 ], [ -122.238243908999976, 47.481224506000032 ], [ -122.238247953999959, 47.48122452300003 ], [ -122.238251995000027, 47.481224535000123 ], [ -122.238256044, 47.481224550000036 ], [ -122.238260088999979, 47.481224566000037 ], [ -122.238264133999962, 47.481224582000038 ], [ -122.238268179999935, 47.48122460000004 ], [ -122.238272224999918, 47.481224619000038 ], [ -122.238276269999986, 47.481224637000039 ], [ -122.238280314999969, 47.481224658000045 ], [ -122.238284360999941, 47.481224680000047 ], [ -122.238288397999924, 47.481224701000045 ], [ -122.238292447, 47.481224725000047 ], [ -122.238296492999979, 47.481224751000049 ], [ -122.238300537999947, 47.481224775000051 ], [ -122.238304579000015, 47.481224802000057 ], [ -122.238308624999917, 47.481224829000055 ], [ -122.238312665999985, 47.481224858000061 ], [ -122.238316711999957, 47.48122489100006 ], [ -122.23832075699994, 47.481224920000066 ], [ -122.238324807000012, 47.481224955000066 ], [ -122.238330558999948, 47.481224982000072 ], [ -122.238696744999956, 47.481214310000077 ], [ -122.239061626999955, 47.481190815000083 ], [ -122.239947400999966, 47.481118457000051 ], [ -122.240020908999924, 47.481113214000061 ], [ -122.240241929, 47.481095718000034 ], [ -122.240700745999945, 47.481071423000067 ], [ -122.241160868999913, 47.481071878000101 ], [ -122.241619476999944, 47.481097080000055 ], [ -122.242073713999957, 47.481146167000119 ], [ -122.242443153999972, 47.481205510000059 ], [ -122.242805334999915, 47.481282246000013 ], [ -122.242910227999971, 47.481310304000026 ], [ -122.243158302999987, 47.481376661000098 ], [ -122.24374527999997, 47.481542101000016 ], [ -122.245145647999934, 47.481936782000076 ], [ -122.245477969999982, 47.482030607000112 ], [ -122.245478018999989, 47.482030625000029 ], [ -122.245587053999941, 47.481853010000073 ], [ -122.245590868, 47.481191915000089 ], [ -122.245592270999936, 47.481098243000062 ], [ -122.245801721999939, 47.481098619000093 ], [ -122.245832154999974, 47.479941774000032 ], [ -122.245840597999958, 47.479941767000035 ], [ -122.245844037999987, 47.479941767000035 ], [ -122.246996576999948, 47.479940918000054 ], [ -122.247900838999982, 47.479940245000087 ], [ -122.248308993999913, 47.479939939000062 ], [ -122.249167099999951, 47.479939288 ], [ -122.24971990899995, 47.479938689000043 ], [ -122.24971998599996, 47.479934090000022 ], [ -122.251661012999975, 47.479450334000049 ], [ -122.251775095, 47.479422245000123 ], [ -122.251891121000014, 47.479393679000069 ], [ -122.252370282999948, 47.479274965000016 ], [ -122.252905082999973, 47.479350460000049 ], [ -122.253547010999966, 47.479441069000082 ], [ -122.253612036000021, 47.479479780000091 ], [ -122.253644827999977, 47.47942632900002 ], [ -122.253671905, 47.479369660000039 ], [ -122.253945688, 47.478796679000055 ], [ -122.253962250999962, 47.478785351000099 ], [ -122.254047247999978, 47.478785630000033 ], [ -122.254118391, 47.478785864000052 ], [ -122.254194266999974, 47.478786114000073 ], [ -122.25443562699995, 47.478786906000046 ], [ -122.254659183999976, 47.478787640000107 ], [ -122.254997183999961, 47.479216979000014 ], [ -122.255523228999976, 47.479929199000061 ], [ -122.255543341999953, 47.479972114000056 ], [ -122.256505558999976, 47.481264845000084 ], [ -122.256505915, 47.48126484600008 ], [ -122.257609092999985, 47.482732672000026 ], [ -122.257798173, 47.48297115200004 ], [ -122.258004437999915, 47.483202990000038 ], [ -122.258206011999988, 47.483409647 ], [ -122.258425227999922, 47.483607880000058 ], [ -122.258643062, 47.483789666000085 ], [ -122.258873588999975, 47.483964110000045 ], [ -122.259164260999967, 47.484166238000071 ], [ -122.259354155999958, 47.484284348000074 ], [ -122.25981553099993, 47.484541549000035 ], [ -122.259888490000023, 47.484581485000056 ], [ -122.260994049999923, 47.485186625000033 ], [ -122.260995943, 47.48518766800003 ], [ -122.260997790999966, 47.485188689000026 ], [ -122.261427778000012, 47.485426723000089 ], [ -122.26184120899994, 47.485680294000112 ], [ -122.262235421999961, 47.485947901000046 ], [ -122.262596281999976, 47.486216794 ], [ -122.26294142299993, 47.486495007000016 ], [ -122.26327105699994, 47.486782773000115 ], [ -122.263626744999968, 47.487118812000027 ], [ -122.263971047999945, 47.487461813999985 ], [ -122.264280954999919, 47.487793149000048 ], [ -122.264580397, 47.488128867000022 ], [ -122.264615684, 47.48816988100004 ], [ -122.264828905999963, 47.48844814000006 ], [ -122.264842847999958, 47.488448065000057 ], [ -122.264927965999988, 47.488447543000099 ], [ -122.264934433999898, 47.48844750300001 ], [ -122.265097417999982, 47.488446607000114 ], [ -122.265116952999989, 47.48844655000002 ], [ -122.265135012999977, 47.488446498000016 ], [ -122.265156611, 47.488446434000011 ], [ -122.265156639999987, 47.488446433 ], [ -122.265177686999962, 47.488446331 ], [ -122.265208143999985, 47.488446184000075 ], [ -122.265231671999985, 47.48844607100007 ], [ -122.265231826, 47.488446070000066 ], [ -122.265288245999955, 47.48844575200004 ], [ -122.26548136699995, 47.488444668000042 ], [ -122.26548491799997, 47.488449824000021 ], [ -122.265537222999953, 47.488504536000022 ], [ -122.265604825999944, 47.488557486000047 ], [ -122.265690306999915, 47.48862443800008 ], [ -122.265710119999952, 47.488637377 ], [ -122.265964850999978, 47.488803729000082 ], [ -122.266071835999952, 47.488857798000026 ], [ -122.266369916999921, 47.48900844500006 ], [ -122.266672554999914, 47.489119691000028 ], [ -122.266824107000019, 47.489152987000026 ], [ -122.266963911999952, 47.489183700000083 ], [ -122.267314233999983, 47.489213117000119 ], [ -122.267594302999981, 47.489229886 ], [ -122.267744233999949, 47.489234756000045 ], [ -122.267903018999945, 47.489198911000095 ], [ -122.268189541999931, 47.489086991000072 ], [ -122.268525225, 47.48894737400007 ], [ -122.268615572000016, 47.488919988000113 ], [ -122.268921362999919, 47.488827298000082 ], [ -122.269322662999983, 47.488778808000063 ], [ -122.269359292, 47.488774378000052 ], [ -122.269750395999935, 47.488767593000027 ], [ -122.269870901999965, 47.488787129000045 ], [ -122.26987286399995, 47.488787447000071 ], [ -122.269874831000024, 47.488787765 ], [ -122.269876798000013, 47.488788086000035 ], [ -122.269878763, 47.488788404000061 ], [ -122.269880730999972, 47.488788721000084 ], [ -122.269882697999961, 47.488789042000022 ], [ -122.26988466499995, 47.488789360000048 ], [ -122.269886630999935, 47.488789678000074 ], [ -122.269888598, 47.488789998000101 ], [ -122.269890565, 47.488790316000042 ], [ -122.269892531999972, 47.488790634000068 ], [ -122.269894497999957, 47.488790955000091 ], [ -122.269896464999945, 47.488791273000032 ], [ -122.269898432000019, 47.488791593000059 ], [ -122.269900399, 47.488791914000082 ], [ -122.269902365, 47.488792229000111 ], [ -122.269904329999974, 47.488792550000049 ], [ -122.269906298999956, 47.488792867000072 ], [ -122.269908264999941, 47.488793185000098 ], [ -122.26991023199993, 47.488793506000036 ], [ -122.269912194999918, 47.488793824000062 ], [ -122.269914164999989, 47.488794142000089 ], [ -122.269916131999977, 47.48879446200003 ], [ -122.269918098999966, 47.488794780000056 ], [ -122.269920067999948, 47.488795101000079 ], [ -122.269922035999926, 47.488795418000016 ], [ -122.269924003, 47.488795736000043 ], [ -122.269925969999989, 47.488796057000073 ], [ -122.269927931999973, 47.488796375 ], [ -122.269929902999962, 47.488796693000033 ], [ -122.269931870000036, 47.48879701300006 ], [ -122.269933836999925, 47.488797331000086 ], [ -122.26993580700001, 47.488797649000027 ], [ -122.269937769999984, 47.488797969000053 ], [ -122.269939736999973, 47.48879828700008 ], [ -122.269941703999962, 47.488798608000103 ], [ -122.269943669999947, 47.488798926000044 ], [ -122.269945634999928, 47.48879924600007 ], [ -122.269947604, 47.488799564 ], [ -122.26994957, 47.488799882000123 ], [ -122.269951536999969, 47.488800200000057 ], [ -122.269953501999964, 47.488800521 ], [ -122.269955469999942, 47.488800838000024 ], [ -122.269957436999931, 47.488801156000051 ], [ -122.269959404, 47.488801477999985 ], [ -122.269961371, 47.488801796000104 ], [ -122.269963336999979, 47.488802117000041 ], [ -122.269965303999953, 47.488802435000068 ], [ -122.269967270999942, 47.488802752 ], [ -122.269969238000016, 47.488803073000028 ], [ -122.269971203999916, 47.488803391000054 ], [ -122.269973171, 47.488803709000081 ], [ -122.269975137999978, 47.488804028000018 ], [ -122.269977099999963, 47.488804346000045 ], [ -122.269979068999945, 47.488804664000071 ], [ -122.269981037999926, 47.488804987 ], [ -122.269983004, 47.488805302000038 ], [ -122.2699849749999, 47.488805623000061 ], [ -122.269986939999967, 47.488805941000088 ], [ -122.269988908999963, 47.488806258000025 ], [ -122.269990874999948, 47.488806579000055 ], [ -122.269992837999922, 47.488806897000082 ], [ -122.269994809, 47.488807215000108 ], [ -122.269996775999985, 47.488807535000042 ], [ -122.26999874199997, 47.488807853000068 ], [ -122.270000708999959, 47.488808171000095 ], [ -122.270002676000033, 47.488808492000032 ], [ -122.270004641999932, 47.488808809000062 ], [ -122.270006608999907, 47.488809130000085 ], [ -122.270008575999981, 47.488809448000026 ], [ -122.27001054299997, 47.488809766000053 ], [ -122.270012506999961, 47.488810086000079 ], [ -122.270014475999943, 47.488810404000013 ], [ -122.270016443000017, 47.488810722000039 ], [ -122.270018409, 47.488811043000069 ], [ -122.270020373999984, 47.488811361 ], [ -122.270022342999965, 47.488811678000033 ], [ -122.270024309999954, 47.488811999000056 ], [ -122.270026275999939, 47.488812320000086 ], [ -122.270028242999928, 47.488812635000023 ], [ -122.27003021, 47.48881295500005 ], [ -122.270032175999987, 47.488813273000076 ], [ -122.270034142999975, 47.488813594000099 ], [ -122.27003610999995, 47.48881391200004 ], [ -122.270038076999938, 47.488814230000067 ], [ -122.270040043, 47.48881455 ], [ -122.270042013999912, 47.488814868000119 ], [ -122.270043976999986, 47.488815186000053 ], [ -122.270045940999964, 47.48881550600008 ], [ -122.27004790999996, 47.488815824000021 ], [ -122.270049876999934, 47.488816142000047 ], [ -122.270051843999923, 47.48881646300007 ], [ -122.270053807999915, 47.488816781000011 ], [ -122.270055780999897, 47.488817101000038 ], [ -122.270057751999971, 47.488817419000064 ], [ -122.270059713999956, 47.488817737 ], [ -122.270061678999937, 47.488818055000117 ], [ -122.270063647999919, 47.488818375000051 ], [ -122.270065615, 47.488818693000077 ], [ -122.270067580999978, 47.488819015000018 ], [ -122.270069547999967, 47.488819333000045 ], [ -122.270071514999955, 47.488819654000068 ], [ -122.270073482000029, 47.488819971000098 ], [ -122.270075447999929, 47.488820289000031 ], [ -122.270077414999903, 47.488820609000058 ], [ -122.270079381999977, 47.488820926000088 ], [ -122.270081347999962, 47.488821244000022 ], [ -122.270083314999951, 47.488821565000052 ], [ -122.27008528199994, 47.488821883000078 ], [ -122.270087245999918, 47.488822201000104 ], [ -122.270089215, 47.488822521000039 ], [ -122.270091181999987, 47.488822839000065 ], [ -122.270093148999962, 47.488823157000091 ], [ -122.270095112999954, 47.488823477000032 ], [ -122.270097081999936, 47.488823795000059 ], [ -122.270099045, 47.488824116000082 ], [ -122.270101015, 47.488824434000023 ], [ -122.270102981999983, 47.488824752000049 ], [ -122.270104948999972, 47.488825072000076 ], [ -122.270106919999947, 47.488825393000099 ], [ -122.270108882000031, 47.488825708000036 ], [ -122.270110849, 47.488826029000066 ], [ -122.270112816, 47.488826346000089 ], [ -122.270114781999979, 47.48882666400003 ], [ -122.270116748999968, 47.488826985000053 ], [ -122.270118715999956, 47.488827303000079 ], [ -122.270120680999938, 47.488827623000105 ], [ -122.270122656999916, 47.488827941000046 ], [ -122.27012462, 47.488828259000073 ], [ -122.270126586999979, 47.488828580000096 ], [ -122.27012855199996, 47.488828897000033 ], [ -122.270130519999952, 47.488829215000059 ], [ -122.270132486999941, 47.488829536 ], [ -122.270134453999916, 47.488829854000116 ], [ -122.270136418, 47.48883017200005 ], [ -122.270138386999975, 47.488830492000076 ], [ -122.270140353999963, 47.488830810000103 ], [ -122.270142320999952, 47.488831128000044 ], [ -122.270144287000022, 47.48883144800007 ], [ -122.270146253999926, 47.488831766 ], [ -122.2701482209999, 47.488832087000034 ], [ -122.270150186999984, 47.488832405000061 ], [ -122.270152153999959, 47.488832725000087 ], [ -122.270154118999955, 47.488833043000021 ], [ -122.270156087999936, 47.488833361000047 ], [ -122.270158054, 47.488833679000074 ], [ -122.270160021, 47.4888339990001 ], [ -122.270161985999977, 47.488834317000041 ], [ -122.270163949999969, 47.488834638000064 ], [ -122.270165920999943, 47.48883495600009 ], [ -122.270167887999932, 47.488835274000031 ], [ -122.270169854999921, 47.488835594000058 ], [ -122.270171825, 47.488835912000084 ], [ -122.27017378799998, 47.488836230000018 ], [ -122.270175754999968, 47.488836552000045 ], [ -122.270177720999953, 47.488836870000071 ], [ -122.270179688000027, 47.488837188000012 ], [ -122.270181655, 47.488837508000039 ], [ -122.270183622, 47.488837826000065 ], [ -122.270185587999975, 47.488838144000091 ], [ -122.270187552999957, 47.488838466000026 ], [ -122.270189525999953, 47.488838781000055 ], [ -122.270191492999928, 47.488839102000078 ], [ -122.270193459000012, 47.488839419000016 ], [ -122.270195424, 47.488839737000042 ], [ -122.270197392999975, 47.488840058000072 ], [ -122.27019935899996, 47.488840376 ], [ -122.270201325999949, 47.488840694000032 ], [ -122.27020329099993, 47.488841014000059 ], [ -122.270205259999912, 47.488841332000085 ], [ -122.270207226, 47.488841650000026 ], [ -122.270209192999971, 47.488841970000053 ], [ -122.27021115999996, 47.488842288000079 ], [ -122.270213125999945, 47.488842609000102 ], [ -122.270215093000019, 47.488842927000043 ], [ -122.27021706, 47.488843245000069 ], [ -122.270219026999897, 47.488843565000096 ], [ -122.270220986999973, 47.48884388300003 ], [ -122.270222959999955, 47.488844201000056 ], [ -122.270224926999944, 47.488844522000086 ], [ -122.270226892999929, 47.488844839000109 ], [ -122.270228864, 47.48884515700005 ], [ -122.270230827, 47.488845478000073 ], [ -122.27023279399998, 47.488845798000099 ], [ -122.270234759999965, 47.48884611600004 ], [ -122.270236724999947, 47.488846434000067 ], [ -122.270238693999929, 47.488846752 ], [ -122.270240659999914, 47.488847073000031 ], [ -122.270242626999988, 47.488847390000053 ], [ -122.270244593999976, 47.48884770800008 ], [ -122.270246560999965, 47.488848029000017 ], [ -122.27024852699995, 47.488848347000044 ], [ -122.270250494000024, 47.48884866500007 ], [ -122.270252461, 47.488848985000097 ], [ -122.270254426999898, 47.488849303000038 ], [ -122.270256397999972, 47.488849624000061 ], [ -122.270258364999961, 47.48884994100009 ], [ -122.27026033199995, 47.488850259000024 ], [ -122.27026229800002, 47.488850580000054 ], [ -122.270264265, 47.488850898000081 ], [ -122.270266231999983, 47.488851216000015 ], [ -122.270268197999968, 47.488851533000044 ], [ -122.270270162999964, 47.488851854000067 ], [ -122.270272131999945, 47.488852172000094 ], [ -122.270274098999934, 47.488852492000035 ], [ -122.270276065, 47.488852810000061 ], [ -122.270278029999986, 47.488853131000084 ], [ -122.270279998999968, 47.488853449000025 ], [ -122.270281965999956, 47.488853767000052 ], [ -122.270283931999941, 47.488854088999986 ], [ -122.27028589499993, 47.488854406000016 ], [ -122.270287866, 47.488854724000042 ], [ -122.270289833, 47.488855045000065 ], [ -122.270291798999978, 47.488855363 ], [ -122.270293769999952, 47.488855681000118 ], [ -122.270295732999941, 47.488856 ], [ -122.270297698999926, 47.488856318000082 ], [ -122.270299666, 47.488856638000108 ], [ -122.270301632999988, 47.488856956000049 ], [ -122.270303596999966, 47.488857274000075 ], [ -122.270305565999962, 47.488857595000098 ], [ -122.270307533000036, 47.488857912000036 ], [ -122.270309499999925, 47.488858230000062 ], [ -122.270431469999977, 47.488923064000097 ], [ -122.270432511999985, 47.488868154000087 ], [ -122.270432839, 47.488868270000097 ], [ -122.270901868999914, 47.489035442000073 ], [ -122.271034372999949, 47.489226457000065 ], [ -122.271187766999944, 47.490413819 ], [ -122.272489696999926, 47.491245754000076 ], [ -122.273590620999983, 47.491367051000076 ], [ -122.277215758999901, 47.490595542000015 ], [ -122.278373565999956, 47.490150448000044 ], [ -122.280096425999943, 47.489933740000055 ], [ -122.280154666999977, 47.489933788000059 ], [ -122.280221712999918, 47.489933844000063 ], [ -122.280249189999978, 47.489933866000065 ], [ -122.280297399999967, 47.489959837000086 ], [ -122.280392246, 47.490010924000046 ], [ -122.280437896999956, 47.490035513000038 ], [ -122.280557014999957, 47.490175262000058 ], [ -122.280604636999982, 47.490324220000034 ], [ -122.280611052999987, 47.490344282000095 ], [ -122.28061116, 47.490344615000033 ], [ -122.2806272239999, 47.490389375000099 ], [ -122.280670627999939, 47.490521738000034 ], [ -122.280688981999944, 47.490577716000047 ], [ -122.280690981999939, 47.490671576000089 ], [ -122.280691736, 47.490706963 ], [ -122.280696777999978, 47.490745494000073 ], [ -122.280710899999988, 47.490801177000066 ], [ -122.280731164999978, 47.490881091000105 ], [ -122.280732239999978, 47.490888360000085 ], [ -122.280737656999975, 47.490924931000087 ], [ -122.280743595999937, 47.490980628000081 ], [ -122.280747337999983, 47.491015739000055 ], [ -122.280747718000015, 47.491019306000084 ], [ -122.280752729499937, 47.491065016500087 ], [ -122.280763829999927, 47.491119054000073 ], [ -122.280776416999984, 47.49118032700008 ], [ -122.280786515000031, 47.491229466000064 ], [ -122.280786851999963, 47.491231905000085 ], [ -122.280793812999917, 47.491282359000088 ], [ -122.280798633999964, 47.491322106 ], [ -122.280799519999945, 47.49132941800007 ], [ -122.280799633999962, 47.491331492000064 ], [ -122.280802418999926, 47.491381687000043 ], [ -122.280804287999985, 47.491425423000109 ], [ -122.28081464899995, 47.49146951900012 ], [ -122.280821928999941, 47.491501304000082 ], [ -122.280824619999976, 47.491513057000077 ], [ -122.280836141999956, 47.491559639000023 ], [ -122.280847913999949, 47.491613095 ], [ -122.280849997999951, 47.491641759000068 ], [ -122.280850871999931, 47.491653792000086 ], [ -122.28085305300003, 47.491665341000065 ], [ -122.280865160999966, 47.491729460000045 ], [ -122.280875006999977, 47.491781603000092 ], [ -122.280875689999945, 47.491785214000039 ], [ -122.280880848999928, 47.491826782000011 ], [ -122.280885836999985, 47.49187604700009 ], [ -122.280887657999955, 47.491921982000072 ], [ -122.280885279999936, 47.491972005000036 ], [ -122.280882850999916, 47.492023045000089 ], [ -122.280882067000022, 47.492039604000034 ], [ -122.280882102999939, 47.492042218000073 ], [ -122.280882751, 47.49209020400005 ], [ -122.280885346999938, 47.492121727000082 ], [ -122.280886265000021, 47.492132855000115 ], [ -122.280892368999986, 47.492186531000115 ], [ -122.280892841999943, 47.492238776000086 ], [ -122.280892641999927, 47.492284693000066 ], [ -122.280897596999978, 47.492335331000078 ], [ -122.28090389599997, 47.492380212000064 ], [ -122.280905940999958, 47.492406662000029 ], [ -122.280907362, 47.492425063000042 ], [ -122.28091216699994, 47.492482575000096 ], [ -122.280915769999979, 47.492539525000012 ], [ -122.280916841999968, 47.492555563000096 ], [ -122.280918619999937, 47.492582163000073 ], [ -122.280920227999985, 47.492609963000064 ], [ -122.280920861999945, 47.492620960000089 ], [ -122.280918951999965, 47.492670981000053 ], [ -122.280916084999916, 47.492709447000038 ], [ -122.280924184999961, 47.492763111000038 ], [ -122.28093137800002, 47.492810768000069 ], [ -122.280947172, 47.492915414000024 ], [ -122.280961173, 47.492960053000076 ], [ -122.280979235999979, 47.493017640000048 ], [ -122.280981281999971, 47.493024160000054 ], [ -122.280981345999976, 47.493024365000068 ], [ -122.280980743000015, 47.493072441000052 ], [ -122.280980260999982, 47.49311085600003 ], [ -122.280979655999928, 47.493159012000021 ], [ -122.280978987999958, 47.493212052000054 ], [ -122.280978376999911, 47.493260353000053 ], [ -122.280977865999958, 47.493301314000071 ], [ -122.280976947999974, 47.493374225000061 ], [ -122.280976347999925, 47.493421822000094 ], [ -122.28097519, 47.493514051 ], [ -122.280974203000014, 47.493592192000065 ], [ -122.280974172999919, 47.493594656 ], [ -122.280973541999956, 47.493644901000074 ], [ -122.280972170000027, 47.493754022000047 ], [ -122.280971675999979, 47.493793162 ], [ -122.280969652, 47.493954027000072 ], [ -122.280969644, 47.493954609000035 ], [ -122.280955170999945, 47.495105298000027 ], [ -122.281037367499863, 47.495693586500074 ], [ -122.281222317999934, 47.497017182000036 ], [ -122.28108972299998, 47.499221183000053 ], [ -122.281046295999943, 47.499943008000088 ], [ -122.281161238999942, 47.500102048000016 ], [ -122.28301598900002, 47.500204871000086 ], [ -122.283861314999967, 47.500261706000082 ], [ -122.286199841000013, 47.500505591 ], [ -122.287246927999973, 47.50061477000007 ], [ -122.287261120999986, 47.500616250000107 ], [ -122.287413171999958, 47.500632105000086 ], [ -122.288157679, 47.500849538000047 ], [ -122.288195796999958, 47.50086067000008 ], [ -122.288219985999916, 47.500866764000051 ], [ -122.288294252999933, 47.500885474 ], [ -122.288299641999942, 47.500886831000024 ], [ -122.288367105999924, 47.500878146000012 ], [ -122.28844073499998, 47.500868669000027 ], [ -122.28851965099993, 47.500858512000079 ], [ -122.288614250999942, 47.500846336000045 ], [ -122.29031847, 47.500626974000014 ], [ -122.291504898999932, 47.500491365000073 ], [ -122.29150702099993, 47.500372210000073 ], [ -122.291507649999986, 47.50037213300007 ], [ -122.292288400999922, 47.500276530000065 ], [ -122.292517240999942, 47.500225914000048 ], [ -122.293293496999951, 47.50008157300001 ], [ -122.293991366999961, 47.50010727100009 ], [ -122.294377799999964, 47.500080188000069 ], [ -122.294418983999904, 47.500090711000055 ], [ -122.29460839099994, 47.500139139000062 ], [ -122.294660400999987, 47.50014794700008 ], [ -122.295197495999929, 47.50027640100005 ], [ -122.295498400999961, 47.500346139000051 ], [ -122.295709822999953, 47.500410849000076 ], [ -122.295867616999956, 47.500453929000088 ], [ -122.296045677000023, 47.500505915000033 ], [ -122.296219166999904, 47.50055656400005 ], [ -122.296365971999975, 47.500599424000043 ], [ -122.296576377999969, 47.50070954200001 ], [ -122.296659329999912, 47.500750988000064 ], [ -122.296740366999956, 47.500810972000053 ], [ -122.296791608000021, 47.500855790000031 ], [ -122.29688472, 47.500970723000123 ], [ -122.297158738999926, 47.501286410000041 ], [ -122.297320106999962, 47.501544193000058 ], [ -122.29739745199997, 47.501768986000094 ], [ -122.297463177999987, 47.501965600000105 ], [ -122.297525633, 47.502141523 ], [ -122.297465428, 47.502290556000084 ], [ -122.297388519999942, 47.502481792 ], [ -122.297326686999966, 47.502658999000104 ], [ -122.297270642999948, 47.502837389000028 ], [ -122.297248709, 47.502890543000078 ], [ -122.297245286999981, 47.502892037000024 ], [ -122.297189937999931, 47.503032990000051 ], [ -122.297142247999901, 47.503148566000021 ], [ -122.297099874999944, 47.503235971000059 ], [ -122.296890411000021, 47.503493261000116 ], [ -122.29676598599994, 47.503646098000061 ], [ -122.296663944000031, 47.503840258000054 ], [ -122.296535420999959, 47.504084797000033 ], [ -122.296243337999954, 47.504319353 ], [ -122.296153945999933, 47.504389833000047 ], [ -122.295878354999957, 47.504538981000046 ], [ -122.295732627999968, 47.504626674000107 ], [ -122.295268917999977, 47.504973713000041 ], [ -122.295127387999983, 47.505079636000104 ], [ -122.294836558, 47.505263674000055 ], [ -122.294514386999978, 47.505467545000045 ], [ -122.294457426999983, 47.505496235000109 ], [ -122.293938144, 47.505777726000041 ], [ -122.293522851, 47.506094072000018 ], [ -122.293287825000021, 47.506273099000083 ], [ -122.293253089999979, 47.506311514000068 ], [ -122.292874357, 47.506730363 ], [ -122.292698977999962, 47.506924314000052 ], [ -122.292564432999939, 47.507272867000026 ], [ -122.292543563999985, 47.507339168 ], [ -122.292462207999918, 47.507598397000052 ], [ -122.292462186, 47.507598467000058 ], [ -122.292379427, 47.507862166000024 ], [ -122.292373407999946, 47.507881340000012 ], [ -122.292370391999953, 47.508014471000102 ], [ -122.292378873999951, 47.508317208000015 ], [ -122.292398681999899, 47.508444478000065 ], [ -122.292522962999968, 47.50874474400004 ], [ -122.292531915, 47.508766370000053 ], [ -122.29265788899994, 47.5090707190001 ], [ -122.292728621999927, 47.509240769000051 ], [ -122.292945861999968, 47.509550015000059 ], [ -122.293029205000025, 47.509661099000013 ], [ -122.293115985000014, 47.50977562200007 ], [ -122.293168591000011, 47.509818385000059 ], [ -122.293274577999981, 47.509904540000079 ], [ -122.293418330999984, 47.51002139400007 ], [ -122.293675488999938, 47.510157323000037 ], [ -122.29366688599994, 47.51017243600004 ], [ -122.293377313999954, 47.510170071000026 ], [ -122.293377064999945, 47.510170069000026 ], [ -122.293018337999925, 47.510167137000046 ], [ -122.292862412, 47.510165863000033 ], [ -122.292851904, 47.510165777000026 ], [ -122.292699292999899, 47.5101645290001 ], [ -122.292664950999907, 47.510164247000077 ], [ -122.292477558999948, 47.510162714000039 ], [ -122.292477503999933, 47.510162713000035 ], [ -122.292254090999933, 47.510160878000065 ], [ -122.292163174999956, 47.510160132000088 ], [ -122.291352646999954, 47.510153469000073 ], [ -122.29135264699994, 47.510153469000073 ], [ -122.291351753999948, 47.510235712000053 ], [ -122.291346700999952, 47.510701753000035 ], [ -122.291346687999976, 47.510702852000065 ], [ -122.291341065999973, 47.511220847000061 ], [ -122.291341059999979, 47.511221990000081 ], [ -122.291335856999979, 47.511701326000036 ], [ -122.291335815999958, 47.511704707000035 ], [ -122.291335261999961, 47.511756181000067 ], [ -122.291335223999965, 47.511759217000076 ], [ -122.29133117799995, 47.512130227000057 ], [ -122.291331154999966, 47.512132385000029 ], [ -122.291330301999949, 47.512213364000047 ], [ -122.29132741799998, 47.512486936000073 ], [ -122.291327397999964, 47.512488777000044 ], [ -122.291322708999985, 47.512938384000051 ], [ -122.291322677999972, 47.512941328000068 ], [ -122.291319236, 47.513271615000065 ], [ -122.29131885399994, 47.513307817000054 ], [ -122.29131881099994, 47.513312057000064 ], [ -122.291317662999973, 47.513422330000026 ], [ -122.291317602999982, 47.513428193000038 ], [ -122.291316478999988, 47.513535826000066 ], [ -122.291316364999943, 47.513548569000079 ], [ -122.291315742999984, 47.513619234000032 ], [ -122.291315714999939, 47.513624 ], [ -122.291315461999943, 47.513664453000047 ], [ -122.29131471, 47.513705576000064 ], [ -122.291314699999987, 47.513706248000062 ], [ -122.291313146, 47.513847035000026 ], [ -122.291310233, 47.514111332000027 ], [ -122.291300167999964, 47.515024215000039 ], [ -122.291300149999984, 47.515025824000077 ], [ -122.291295798999954, 47.515420797000047 ], [ -122.291289856999981, 47.515959551000037 ], [ -122.291289845999984, 47.51596040000004 ], [ -122.291283483999962, 47.516537179000068 ], [ -122.291279547999977, 47.516894852000064 ], [ -122.291279528999951, 47.516894927000067 ], [ -122.291278470999941, 47.516991678000068 ], [ -122.29128039699998, 47.518315437000069 ], [ -122.291280401, 47.518317962000026 ], [ -122.291280651999955, 47.518491182000048 ], [ -122.291280812999958, 47.518600855000045 ], [ -122.291280897999968, 47.518660040000043 ], [ -122.291281129999959, 47.518818414000066 ], [ -122.291281130999948, 47.518819171000075 ], [ -122.291281247999962, 47.518888906000029 ], [ -122.291281262999973, 47.518895876000045 ], [ -122.291281262999973, 47.518895956000051 ], [ -122.291281468999955, 47.519053413000051 ], [ -122.291281699999956, 47.519150428000046 ], [ -122.291281699999956, 47.519150749000062 ], [ -122.291281697999977, 47.519150812000078 ], [ -122.291281718999983, 47.519196935000025 ], [ -122.291281805999972, 47.519236929000044 ], [ -122.291281886999968, 47.519338803000039 ], [ -122.291281947999948, 47.519381096000075 ], [ -122.291282123999963, 47.519503524000072 ], [ -122.291282123999963, 47.519503884000073 ], [ -122.291282360999958, 47.519666619000077 ], [ -122.291282458999945, 47.519731465000064 ], [ -122.291282458999945, 47.519732048000037 ], [ -122.291283051, 47.52013902200008 ], [ -122.291283122999971, 47.520190018000051 ], [ -122.29128312399996, 47.520190490000061 ], [ -122.291283305999968, 47.520550451000076 ], [ -122.291283352999983, 47.520646507000038 ], [ -122.291283352999983, 47.520648100000074 ], [ -122.291283712, 47.520921709000049 ], [ -122.291283712999984, 47.520922988000052 ], [ -122.291283828999951, 47.521007215000054 ], [ -122.291283962999955, 47.521104642000068 ], [ -122.291283965, 47.521106299000053 ], [ -122.291284255, 47.521323173000042 ], [ -122.291284279999957, 47.521340492000036 ], [ -122.291284280999946, 47.521341902000074 ], [ -122.291284357999984, 47.521405421000054 ], [ -122.291284471999973, 47.521487666000041 ], [ -122.291284569999959, 47.521564664000039 ], [ -122.2912849, 47.521813233000046 ], [ -122.291284947999941, 47.521848530000057 ], [ -122.291284952999945, 47.521852542000033 ], [ -122.291284954999981, 47.521853614000065 ], [ -122.291285483999957, 47.522251607000044 ], [ -122.291285540999979, 47.522292733000029 ], [ -122.291285594999977, 47.52233386000006 ], [ -122.29128616099996, 47.522765021000055 ], [ -122.291286405, 47.522946340000033 ], [ -122.291286751999962, 47.52320055000007 ], [ -122.29128680499997, 47.523241671000051 ], [ -122.291286862999982, 47.523282798000025 ], [ -122.291287430999944, 47.523492686000054 ], [ -122.291287435999948, 47.523494984000081 ], [ -122.291287964999981, 47.523689919000049 ], [ -122.291288086999941, 47.523735531000057 ], [ -122.291289012999982, 47.523915884000075 ], [ -122.291290924999942, 47.524286764000067 ], [ -122.291353519999973, 47.52447666300003 ], [ -122.291931919999968, 47.526080239000066 ], [ -122.292113387999962, 47.526591688000053 ], [ -122.292649558, 47.528060826000058 ], [ -122.29305627399998, 47.52903961700008 ], [ -122.293713797999942, 47.53049758700007 ], [ -122.2942655, 47.531610448000038 ], [ -122.294265672, 47.531610804000081 ], [ -122.294660185999987, 47.532406648000062 ], [ -122.295000761999972, 47.533093508000036 ], [ -122.295145254999966, 47.533380732000069 ], [ -122.295346276999965, 47.533780329000081 ], [ -122.295474568999964, 47.534035344000074 ], [ -122.295710745999941, 47.534417063000035 ], [ -122.295742739, 47.534469614000045 ], [ -122.295862007999972, 47.53466551300005 ], [ -122.296301077999942, 47.535298175000037 ], [ -122.296678363999945, 47.535797055000046 ], [ -122.296847050999986, 47.535994292000055 ], [ -122.297060673999965, 47.53624406800003 ], [ -122.297537579, 47.536714743000061 ], [ -122.297561560999952, 47.536738411000044 ], [ -122.298579837999966, 47.537671910000029 ], [ -122.299191170999961, 47.538191461000054 ], [ -122.29969465299996, 47.538619345000029 ], [ -122.299731647999977, 47.538650784000026 ], [ -122.300189557999943, 47.539039821000074 ], [ -122.30054791699996, 47.539344347000053 ], [ -122.302331537999976, 47.540864137000028 ], [ -122.302560360999962, 47.541059106000034 ], [ -122.303663738999944, 47.54203276700008 ], [ -122.30479118, 47.543027608000045 ], [ -122.305253587999971, 47.54347137700006 ], [ -122.305390217999957, 47.543602491000058 ], [ -122.305530322999971, 47.543736942000066 ], [ -122.306260803999976, 47.544209767000041 ], [ -122.306398038999987, 47.544298594000054 ], [ -122.306398442999978, 47.544298856000069 ], [ -122.307399595999982, 47.544946853000056 ], [ -122.308112041999948, 47.545712983000044 ], [ -122.308514168999977, 47.546145397000032 ], [ -122.308691582, 47.546328985000059 ], [ -122.308961743999987, 47.546584012000039 ], [ -122.30927906, 47.546853038000052 ], [ -122.309602384999948, 47.547098731000062 ], [ -122.309833945999969, 47.547257152000043 ], [ -122.309944271999939, 47.547332628000049 ], [ -122.310256096999979, 47.547526023000046 ], [ -122.311882907999973, 47.548489744000051 ], [ -122.313033077999989, 47.549171067000032 ], [ -122.31351333899994, 47.549455548000026 ], [ -122.313523991999944, 47.549461858000029 ], [ -122.314592295999944, 47.550094649000073 ], [ -122.315394053999967, 47.550569537000058 ], [ -122.315402933999962, 47.550574806000043 ] ] ], [ [ [ -122.312822167023128, 47.650046303644878 ], [ -122.312869972029418, 47.650079834870859 ], [ -122.313104429864779, 47.650366661663988 ], [ -122.313287671033876, 47.650534671000131 ], [ -122.313387157749716, 47.650626177200984 ], [ -122.313441606689324, 47.650676056378146 ], [ -122.313629002991149, 47.65084674252553 ], [ -122.313849737790733, 47.651028220603749 ], [ -122.314032836911835, 47.651236501301803 ], [ -122.314291320073821, 47.651364437494955 ], [ -122.314569969208904, 47.651518623145243 ], [ -122.314836286697556, 47.651593654746151 ], [ -122.315130154431003, 47.65162867245305 ], [ -122.31526905441855, 47.651685805822993 ], [ -122.315445363929328, 47.651709454319253 ], [ -122.315524846707589, 47.651734608768074 ], [ -122.315720257153188, 47.651738253678204 ], [ -122.315857080996437, 47.651749319055902 ], [ -122.315974640187292, 47.651760686760625 ], [ -122.316111072240389, 47.651745369868884 ], [ -122.316171171580663, 47.651797216306569 ], [ -122.316231778007193, 47.651849054822776 ], [ -122.316929790191836, 47.652267128460252 ], [ -122.316762641430671, 47.65252712370679 ], [ -122.31730650323432, 47.652723274016978 ], [ -122.317907169739854, 47.653186725279724 ], [ -122.318405088985713, 47.65356729356693 ], [ -122.318667321705291, 47.653878869258413 ], [ -122.318961408403965, 47.654068446068536 ], [ -122.319253339474798, 47.654209562480077 ], [ -122.319258643192612, 47.654211252076472 ], [ -122.319616430336595, 47.654325231720584 ], [ -122.319978374224917, 47.654392421715272 ], [ -122.320517220221518, 47.654396186940922 ], [ -122.32100315218274, 47.654425109619261 ], [ -122.321056157728293, 47.654387782430113 ], [ -122.321016331277065, 47.653711082852823 ], [ -122.321081427999957, 47.653711870000052 ], [ -122.321182847999978, 47.653713068000059 ], [ -122.321284269999978, 47.653714320000063 ], [ -122.321385690999989, 47.653715545000068 ], [ -122.321487110999954, 47.653716769000027 ], [ -122.32158852799995, 47.653717998000047 ], [ -122.321689948999961, 47.653719222000063 ], [ -122.321698722193148, 47.653719327965909 ], [ -122.321721477618183, 47.653891913267245 ], [ -122.321937779167342, 47.653912874207684 ], [ -122.321913813343684, 47.653731081668461 ], [ -122.321981049888336, 47.653722737769797 ], [ -122.322008327999981, 47.653723067000044 ], [ -122.322012258999962, 47.653723115000048 ], [ -122.322096565999971, 47.65372409500003 ], [ -122.322097608999968, 47.653724108000063 ], [ -122.322115726999982, 47.653724319000048 ], [ -122.322318852999956, 47.653726691000031 ], [ -122.322372499999972, 47.653727317000062 ], [ -122.322445787, 47.653728171000068 ], [ -122.322503470999948, 47.653728842000078 ], [ -122.322514488999957, 47.653728974000046 ], [ -122.322596033999957, 47.653713013000072 ], [ -122.322616216999961, 47.653709062000075 ], [ -122.322882536999941, 47.65365693900003 ], [ -122.322890320999988, 47.65365541400007 ], [ -122.322923259, 47.653648967000038 ], [ -122.323004654999977, 47.653633036000031 ], [ -122.323024204999967, 47.653629211000066 ], [ -122.323094094999988, 47.653615529000035 ], [ -122.323186907999968, 47.653597361000038 ], [ -122.323339740999984, 47.653567449000036 ], [ -122.323347343999956, 47.653565961000027 ], [ -122.323429025999985, 47.653549784000063 ], [ -122.323429101999977, 47.653549770000041 ], [ -122.323551168999984, 47.653526151000051 ], [ -122.323673225999983, 47.653502332000073 ], [ -122.323837773999969, 47.653470220000031 ], [ -122.323925918999976, 47.653453081000066 ], [ -122.324000994999949, 47.653438426000037 ], [ -122.324107336567238, 47.653417670390077 ], [ -122.324345917771396, 47.653413941508745 ], [ -122.324563045297594, 47.653459046349091 ], [ -122.325352102024837, 47.65342254719743 ], [ -122.325638315482706, 47.653381570447912 ], [ -122.325779714103049, 47.653318696693077 ], [ -122.326137503093051, 47.653264603189811 ], [ -122.326532445528159, 47.653258423299178 ], [ -122.326675087436428, 47.653231856529253 ], [ -122.326874351053419, 47.65304903759364 ], [ -122.326869463999969, 47.653198883000073 ], [ -122.326864893999982, 47.653627258000029 ], [ -122.326864378999971, 47.653675573000044 ], [ -122.326864388999979, 47.653675588000056 ], [ -122.326861095999959, 47.653903250000042 ], [ -122.326858590999962, 47.654076345000078 ], [ -122.326856588999988, 47.654215857000054 ], [ -122.326855289999969, 47.654305840000063 ], [ -122.326919108999959, 47.654269903000056 ], [ -122.326981849, 47.654233116000057 ], [ -122.327043496999977, 47.654195492000042 ], [ -122.327104019999979, 47.654157041000076 ], [ -122.327163398999971, 47.654117786000029 ], [ -122.327221605999966, 47.654077738000069 ], [ -122.327286558999958, 47.654031102000033 ], [ -122.327349926999943, 47.653983476000064 ], [ -122.327411676999986, 47.653934889000027 ], [ -122.327471777999961, 47.653885367000044 ], [ -122.327530192999973, 47.653834935000077 ], [ -122.32756356799996, 47.653804733000072 ], [ -122.327567139999985, 47.653801499000053 ], [ -122.327570711999954, 47.653798266000081 ], [ -122.327574280999954, 47.653795033000051 ], [ -122.327577858999973, 47.653791800000079 ], [ -122.327581430999942, 47.653788564000081 ], [ -122.327585001999978, 47.653785331000051 ], [ -122.327587086999984, 47.653783734000058 ], [ -122.327588717999959, 47.65378217600005 ], [ -122.327592606999985, 47.653779096000051 ], [ -122.327596247999963, 47.65377589700006 ], [ -122.327599881999959, 47.653772696000033 ], [ -122.32760351099995, 47.653769489000069 ], [ -122.327607135999983, 47.653766284000028 ], [ -122.327610756999945, 47.653763071000071 ], [ -122.32761437, 47.653759857000068 ], [ -122.327617973999963, 47.65375664000004 ], [ -122.327621613999952, 47.65375343900007 ], [ -122.327624903999947, 47.65375007800003 ], [ -122.32762876299995, 47.653746976000036 ], [ -122.327632350999977, 47.653743747000078 ], [ -122.327635930999975, 47.653740514000049 ], [ -122.327639502999943, 47.653737281000076 ], [ -122.327643069999965, 47.653734045000078 ], [ -122.327646633999962, 47.653730808000034 ], [ -122.327650192999954, 47.653727564000064 ], [ -122.327653741999939, 47.653724319000048 ], [ -122.327657284999987, 47.653721071000064 ], [ -122.327660826999988, 47.653717821000043 ], [ -122.327664363999986, 47.653714566000076 ], [ -122.327667889999987, 47.653711312000041 ], [ -122.327671411999972, 47.65370805200007 ], [ -122.327674929999944, 47.653704791000052 ], [ -122.327678443999957, 47.653701527000067 ], [ -122.327681949999942, 47.653698259000066 ], [ -122.327685444999986, 47.65369498900003 ], [ -122.327688944999977, 47.653691715000036 ], [ -122.327692433999971, 47.653688440000053 ], [ -122.327695915, 47.653685161000055 ], [ -122.327699391999943, 47.653681880000079 ], [ -122.327702865, 47.653678596000077 ], [ -122.327706328999966, 47.65367531000004 ], [ -122.327709789999972, 47.653672020000045 ], [ -122.327713245999973, 47.653668728000071 ], [ -122.327716693999946, 47.653665434000061 ], [ -122.327720137999961, 47.653662134000058 ], [ -122.327723573999947, 47.653658834000055 ], [ -122.327727003999939, 47.653655532000073 ], [ -122.327730432999942, 47.653652226000077 ], [ -122.327733852, 47.653648916000066 ], [ -122.327737267999964, 47.653645605000065 ], [ -122.327740678999987, 47.653642293000075 ], [ -122.327744081, 47.653638976000082 ], [ -122.327747475999956, 47.653635655000073 ], [ -122.327750866999963, 47.653632334000065 ], [ -122.327754252999966, 47.653629010000031 ], [ -122.327757634999955, 47.65362568200004 ], [ -122.327761008999971, 47.653622351000081 ], [ -122.327764374999958, 47.653619021000054 ], [ -122.327767736999988, 47.653615682000066 ], [ -122.327770644999987, 47.653612792000047 ], [ -122.327771093999957, 47.653612345000056 ], [ -122.327774447999957, 47.653609002000053 ], [ -122.327777792999939, 47.653605660000039 ], [ -122.327781129999948, 47.653602315000057 ], [ -122.327784460999965, 47.653598964000025 ], [ -122.327787791999981, 47.653595614000039 ], [ -122.327791111999943, 47.653592260000039 ], [ -122.327794429, 47.653588902000081 ], [ -122.327797740999983, 47.653585543000077 ], [ -122.327801044999944, 47.653582182000036 ], [ -122.327804338999954, 47.653578818000028 ], [ -122.327807630999985, 47.653575449000073 ], [ -122.32781092099998, 47.65357208000006 ], [ -122.327814197999942, 47.65356870800008 ], [ -122.327817474999961, 47.653565333000074 ], [ -122.327820746999976, 47.653561956000033 ], [ -122.327824009999972, 47.653558574000044 ], [ -122.32782726399995, 47.653555191000066 ], [ -122.327830518999974, 47.653551806000053 ], [ -122.327833761999955, 47.653548418000071 ], [ -122.327837003999946, 47.653545028000053 ], [ -122.327839146999963, 47.653542776000052 ], [ -122.327840237999965, 47.653541635000067 ], [ -122.327843463999955, 47.653538239000056 ], [ -122.327846685999987, 47.653534840000077 ], [ -122.327849901999969, 47.65353144200003 ], [ -122.327853114, 47.653528038000047 ], [ -122.327856314999963, 47.653524631000039 ], [ -122.327859516, 47.653521222000052 ], [ -122.327862709999977, 47.653517813000065 ], [ -122.327865891999977, 47.653514399000073 ], [ -122.327869074999967, 47.653510982000057 ], [ -122.327872247999949, 47.653507565000041 ], [ -122.327875415999983, 47.653504142000031 ], [ -122.327878581, 47.653500721000057 ], [ -122.327881736999984, 47.653497292000054 ], [ -122.327884888999961, 47.653493864000041 ], [ -122.327888030999986, 47.653490434000048 ], [ -122.327891172999955, 47.65348700100003 ], [ -122.327894303999983, 47.653483565000045 ], [ -122.327897431999986, 47.65348012700008 ], [ -122.327900550999971, 47.653476686000033 ], [ -122.327903665999941, 47.653473242000075 ], [ -122.327906776999953, 47.653469795000035 ], [ -122.32790988, 47.653466346000073 ], [ -122.327912973999958, 47.653462895000075 ], [ -122.327916064999954, 47.653459445000067 ], [ -122.327919150999946, 47.65345598600004 ], [ -122.32792219199996, 47.653452569000081 ], [ -122.327920748999986, 47.653557332000048 ], [ -122.327920546999962, 47.653572152000038 ], [ -122.327919676999954, 47.653635356000052 ], [ -122.327918806999946, 47.653698330000054 ], [ -122.327913426999942, 47.654080394000061 ], [ -122.327892615999986, 47.655555808000031 ], [ -122.327861518999953, 47.657712116000027 ], [ -122.328174451999985, 47.65771393600005 ], [ -122.328174544999968, 47.65771393700004 ], [ -122.328175403999978, 47.657713944000079 ], [ -122.328331197999944, 47.657714849000058 ], [ -122.328330040999958, 47.657789660000049 ], [ -122.328328874999954, 47.657865030000039 ], [ -122.328327679999973, 47.657942862000027 ], [ -122.328327683999987, 47.657942879000075 ], [ -122.328311875999987, 47.65897602900003 ], [ -122.328312273999984, 47.658976325000026 ], [ -122.328311237999969, 47.659046008000075 ], [ -122.328309808999961, 47.659110908000059 ], [ -122.328292615999942, 47.660237012000039 ], [ -122.328292420999958, 47.660249348000036 ], [ -122.328292279999971, 47.660258267000074 ], [ -122.328291985999954, 47.660278736000066 ], [ -122.328275373999986, 47.66136547800005 ], [ -122.328275376999954, 47.66136560800004 ], [ -122.3282726, 47.661728796000034 ], [ -122.328271763999965, 47.661838439000064 ], [ -122.328270087999954, 47.662057731000061 ], [ -122.328265838, 47.66261419500006 ], [ -122.328265729999941, 47.663187400000027 ], [ -122.328265727999963, 47.663187921000031 ], [ -122.328265728999952, 47.663187937000032 ], [ -122.328265726999973, 47.663189066000029 ], [ -122.328265722999959, 47.663222467000026 ], [ -122.328265734999945, 47.663223708000032 ], [ -122.328282424999941, 47.665008483000065 ], [ -122.328282458999979, 47.66500923600006 ], [ -122.328313797999954, 47.665740204000031 ], [ -122.328313798999943, 47.665740221000078 ], [ -122.328309555999965, 47.666013355000075 ], [ -122.328600441, 47.66645660100005 ], [ -122.328606434999983, 47.66646572500008 ], [ -122.328606445, 47.666465749000054 ], [ -122.328616695, 47.666603117000079 ], [ -122.328620622999949, 47.666655691000074 ], [ -122.328620635999982, 47.666655783000067 ], [ -122.32862313399994, 47.666672147000043 ], [ -122.328624906999949, 47.666696822000063 ], [ -122.328625482999939, 47.666704842000058 ], [ -122.328625502999955, 47.666705039000078 ], [ -122.328624787999956, 47.666729702000055 ], [ -122.328622430999985, 47.66675136200007 ], [ -122.328622406999955, 47.666751564000037 ], [ -122.328621552999948, 47.666755821000038 ], [ -122.328620572999966, 47.666760710000062 ], [ -122.328618039999981, 47.666773338000041 ], [ -122.328616462999946, 47.666781179000054 ], [ -122.328616413999953, 47.666781449000041 ], [ -122.328610175999984, 47.666802974000063 ], [ -122.328600103999975, 47.666829561000043 ], [ -122.328590307999946, 47.666850471000032 ], [ -122.328585844999964, 47.666858221000041 ], [ -122.328576062999957, 47.666875185000038 ], [ -122.328574105999962, 47.66687857800008 ], [ -122.328557285999977, 47.666903503000071 ], [ -122.328544404999946, 47.666919981000035 ], [ -122.328544008999984, 47.666920479000055 ], [ -122.328539466, 47.666925445000061 ], [ -122.328516368999942, 47.666950650000047 ], [ -122.328516187999981, 47.666950844000041 ], [ -122.328515932999949, 47.666951087000029 ], [ -122.328494926999952, 47.666970951000053 ], [ -122.328469642999949, 47.666992285000049 ], [ -122.328442183999982, 47.667012528000043 ], [ -122.328413012999988, 47.667031527000063 ], [ -122.328382183999963, 47.667049260000056 ], [ -122.328350541999953, 47.667065285000035 ], [ -122.328349775999982, 47.667065672000035 ], [ -122.328348942, 47.667066039000076 ], [ -122.328348883999979, 47.667066065000029 ], [ -122.328316353, 47.667080382000051 ], [ -122.328315743999951, 47.667080650000059 ], [ -122.328315179999947, 47.667080865000059 ], [ -122.32828012799996, 47.667094142000053 ], [ -122.328245379999942, 47.667105524000078 ], [ -122.328240274999985, 47.667107196000075 ], [ -122.328236174999972, 47.667108321000057 ], [ -122.328209846999982, 47.667115543000079 ], [ -122.328208980999989, 47.667115779000028 ], [ -122.328208256999972, 47.66711594800006 ], [ -122.328208204999953, 47.667115960000046 ], [ -122.328171613999984, 47.667124467000065 ], [ -122.328170593999971, 47.667124700000045 ], [ -122.327973473999975, 47.667185307000068 ], [ -122.32820488699997, 47.667211939000026 ], [ -122.328300691999971, 47.667230192000034 ], [ -122.328385579999974, 47.66724636500004 ], [ -122.328549673999987, 47.66727664900003 ], [ -122.328685143999962, 47.667313780000029 ], [ -122.328845382999987, 47.667376525000066 ], [ -122.328996148999977, 47.66744334100008 ], [ -122.32903016299997, 47.667458415000056 ], [ -122.329234529999951, 47.667544360000079 ], [ -122.329344912999943, 47.667590779000079 ], [ -122.329554387999963, 47.66790996900005 ], [ -122.328280019999966, 47.667910580000068 ], [ -122.328283629999987, 47.668643953000071 ], [ -122.328283678999981, 47.668653268000071 ], [ -122.328283676999945, 47.668653357000039 ], [ -122.328283675999955, 47.668653389000042 ], [ -122.328272395999988, 47.669371394000052 ], [ -122.328260587999978, 47.670122252000056 ], [ -122.32825500499996, 47.670485285000041 ], [ -122.328249213999982, 47.670862055000043 ], [ -122.328237929999943, 47.671574497000051 ], [ -122.328226840999946, 47.672287124000036 ], [ -122.32822684599995, 47.672287141000027 ], [ -122.325523568, 47.672268141000075 ], [ -122.325508860999946, 47.672268035000059 ], [ -122.325507949999974, 47.672268034000069 ], [ -122.324474686999963, 47.672260565000045 ], [ -122.323461392999945, 47.672253400000045 ], [ -122.323239764, 47.672251813000059 ], [ -122.322955290999971, 47.672249777000047 ], [ -122.322954072999948, 47.672249768000029 ], [ -122.322953175999942, 47.672249765000061 ], [ -122.322894642999984, 47.672250138000038 ], [ -122.322835065999982, 47.672250513000051 ], [ -122.322834952, 47.672250512000062 ], [ -122.322733597999957, 47.672249750000049 ], [ -122.322307282999986, 47.672246525000048 ], [ -122.321951569999953, 47.672241926000027 ], [ -122.321792690999985, 47.672239869000066 ], [ -122.321620981999956, 47.672237647000031 ], [ -122.321615531999953, 47.672237575000054 ], [ -122.321615389999977, 47.672237573000075 ], [ -122.321612906999974, 47.672237547000066 ], [ -122.321612150999954, 47.672241280000037 ], [ -122.321309544999963, 47.673288162000063 ], [ -122.321177653999939, 47.673733041000048 ], [ -122.321103922999953, 47.673981738000066 ], [ -122.320997810999984, 47.674339649000046 ], [ -122.321005002999982, 47.674339717000066 ], [ -122.321005900999978, 47.674339727000074 ], [ -122.320997932999944, 47.674367321000034 ], [ -122.320891069999959, 47.674820860000068 ], [ -122.320719689999976, 47.675863270000036 ], [ -122.320719671999939, 47.67586336100004 ], [ -122.320719672999985, 47.675863396000068 ], [ -122.320719602999986, 47.675863994000053 ], [ -122.320717289999948, 47.675882605000027 ], [ -122.320690233, 47.676156264000042 ], [ -122.320670249999978, 47.676430201000073 ], [ -122.32066631899994, 47.676513777000025 ], [ -122.320664896999972, 47.676543983000045 ], [ -122.320657352999945, 47.676704334000078 ], [ -122.320651549, 47.676978577000057 ], [ -122.320656316999987, 47.677256128000067 ], [ -122.320649329, 47.677248573000043 ], [ -122.320377381999947, 47.67695457800005 ], [ -122.320127082999988, 47.676683988000036 ], [ -122.320116414999973, 47.677042994000033 ], [ -122.320108329, 47.677315170000043 ], [ -122.320108325999968, 47.677315278000037 ], [ -122.320092374999945, 47.678045104000034 ], [ -122.317407936, 47.678018241000075 ], [ -122.317408081999986, 47.678028961000052 ], [ -122.315706813999952, 47.67803424400006 ], [ -122.315700939999942, 47.677668953000079 ], [ -122.315695184999981, 47.677310782000063 ], [ -122.315684689999955, 47.67658708700003 ], [ -122.315672657999983, 47.67582076900004 ], [ -122.315436939999984, 47.67581877300006 ], [ -122.314993224999967, 47.675815057000079 ], [ -122.314083251999989, 47.675807364000036 ], [ -122.313569878999942, 47.675803022000025 ], [ -122.313067838999984, 47.675798776000079 ], [ -122.312448832999962, 47.675793574000068 ], [ -122.311944349999976, 47.675789264000059 ], [ -122.311297358, 47.675788716000056 ], [ -122.311229526999966, 47.675788658000045 ], [ -122.310872477999965, 47.675788354000076 ], [ -122.30980081499996, 47.675787434000028 ], [ -122.308729017999951, 47.675786507000055 ], [ -122.307657404999986, 47.675785569000027 ], [ -122.306585000999974, 47.675784619000069 ], [ -122.306533326999954, 47.675784574000033 ], [ -122.305483523999953, 47.675783636000062 ], [ -122.305180738999979, 47.67578336300005 ], [ -122.304433497, 47.675782685000058 ], [ -122.303828015999954, 47.675782133000041 ], [ -122.303827788999968, 47.675782133000041 ], [ -122.303827569999953, 47.675782133000041 ], [ -122.302769077999983, 47.675781162000078 ], [ -122.302768827999955, 47.675781162000078 ], [ -122.302756639999984, 47.67578115200007 ], [ -122.302749125, 47.675781142000062 ], [ -122.302747733999979, 47.675781141000073 ], [ -122.302027875999954, 47.675780221000025 ], [ -122.301688853999963, 47.675779787000067 ], [ -122.301687414999947, 47.675779789000046 ], [ -122.301685530999976, 47.675779788000057 ], [ -122.301122177999957, 47.675779631000069 ], [ -122.300666165999985, 47.67578005300004 ], [ -122.30055731899995, 47.675780160000045 ], [ -122.300554004, 47.675780164000059 ], [ -122.300395321999986, 47.67578033500007 ], [ -122.299735380999948, 47.675781044000075 ], [ -122.299732143999961, 47.675781047000044 ], [ -122.299610378999944, 47.675781181000048 ], [ -122.299100706, 47.675781616000052 ], [ -122.298554992, 47.675782084000048 ], [ -122.29841393199996, 47.675782187000038 ], [ -122.298373851999941, 47.675782224000045 ], [ -122.298250171999939, 47.675782339000079 ], [ -122.29750043699994, 47.675783023000065 ], [ -122.297410398999943, 47.675783123000031 ], [ -122.297346853999954, 47.675783186000046 ], [ -122.29707923899997, 47.675783430000081 ], [ -122.296616436999955, 47.67578384400008 ], [ -122.296446458999981, 47.675783997000053 ], [ -122.296446428999957, 47.675783997000053 ], [ -122.296352380999963, 47.675784064000027 ], [ -122.296292807999976, 47.675784105000048 ], [ -122.295389622999949, 47.675784946000078 ], [ -122.295287219999977, 47.675785007000059 ], [ -122.295145826999942, 47.675785098000063 ], [ -122.29510808699996, 47.675785130000065 ], [ -122.295057765999957, 47.675785174000055 ], [ -122.294697976999942, 47.675785497000049 ], [ -122.294334631999959, 47.675785823000069 ], [ -122.294334607999986, 47.67578581600003 ], [ -122.294052747999956, 47.675786087000063 ], [ -122.293765490999988, 47.675786323000068 ], [ -122.29362634499995, 47.675786440000081 ], [ -122.293278683999972, 47.67578671800004 ], [ -122.293036292999943, 47.675786955000035 ], [ -122.292997599999978, 47.675786993000031 ], [ -122.292309441999976, 47.675787574000026 ], [ -122.292223031999981, 47.675787651000064 ], [ -122.291642882999952, 47.675788056000044 ], [ -122.29133283799996, 47.675788427000043 ], [ -122.291327685999988, 47.675788432000047 ], [ -122.291167648999988, 47.675788623000074 ], [ -122.29101482599998, 47.675788742000066 ], [ -122.290287971999987, 47.675789319000046 ], [ -122.28999158, 47.675789480000049 ], [ -122.289615027999957, 47.675789683000062 ], [ -122.289177162999977, 47.675789922000035 ], [ -122.288951149999946, 47.675789931000054 ], [ -122.288946444999965, 47.675789936000058 ], [ -122.288903, 47.675789961000078 ], [ -122.288276092999979, 47.675790369000026 ], [ -122.288064849999955, 47.675790502000041 ], [ -122.28766537599995, 47.675790726000059 ], [ -122.287659726999948, 47.675790733000042 ], [ -122.287048869999978, 47.675791063000077 ], [ -122.286997087999964, 47.675791074000074 ], [ -122.286952259999964, 47.675791086000061 ], [ -122.28624502599996, 47.675791528000047 ], [ -122.285976919999939, 47.675791695000044 ], [ -122.285911788999954, 47.675791752000066 ], [ -122.285840576999988, 47.67579181800005 ], [ -122.284918696999966, 47.675792331000025 ], [ -122.283576024999945, 47.675793111000075 ], [ -122.282897227999968, 47.675793417000079 ], [ -122.282233325999982, 47.675793713000076 ], [ -122.281928862999962, 47.675793895000027 ], [ -122.281694781999988, 47.67579403600007 ], [ -122.281569991999959, 47.675794110000027 ], [ -122.281558104999988, 47.675794119000045 ], [ -122.281375477999973, 47.67579422700004 ], [ -122.280890910999972, 47.675794517000043 ], [ -122.28021972199997, 47.675794731000053 ], [ -122.279550320999988, 47.675794942000039 ], [ -122.279548524999939, 47.675794944000074 ], [ -122.279548500999965, 47.675794945000064 ], [ -122.278925441999945, 47.675792711000042 ], [ -122.278923852999981, 47.67579270400006 ], [ -122.278468407, 47.675791296000057 ], [ -122.278084948999947, 47.675789580000071 ], [ -122.277926954999941, 47.675788872000055 ], [ -122.27791790699996, 47.675788827000076 ], [ -122.277610430999971, 47.675787841000044 ], [ -122.277527078999981, 47.675787571000058 ], [ -122.277357559999984, 47.675787022000065 ], [ -122.276892966, 47.675785202000043 ], [ -122.276890354999978, 47.675785192000035 ], [ -122.276879747999942, 47.675785157000064 ], [ -122.276246463999939, 47.675783316000036 ], [ -122.276241831, 47.675783288000048 ], [ -122.276197234, 47.675783018000061 ], [ -122.276197235999973, 47.675782641000069 ], [ -122.276036163999947, 47.675782047000041 ], [ -122.275877325999943, 47.675781461000042 ], [ -122.275721006999959, 47.675780884000062 ], [ -122.275246571999958, 47.675779134000038 ], [ -122.274913691999984, 47.675777905000075 ], [ -122.274229139999989, 47.675775372000032 ], [ -122.274229110999954, 47.675775372000032 ], [ -122.274109626999973, 47.675774932000081 ], [ -122.274107312999945, 47.675774922000073 ], [ -122.273856492999982, 47.675773991000028 ], [ -122.273608741999965, 47.675773074000062 ], [ -122.273608323999952, 47.675773071000037 ], [ -122.273527544999979, 47.675772773000062 ], [ -122.273526468999989, 47.675772769000048 ], [ -122.273029190999978, 47.675770925000052 ], [ -122.273024406, 47.675770906000025 ], [ -122.272907487999987, 47.675770469000042 ], [ -122.27290260999996, 47.675770452000052 ], [ -122.272819621999986, 47.675770143000079 ], [ -122.272766987999944, 47.675769950000074 ], [ -122.272764604999963, 47.675769943000034 ], [ -122.272348660999967, 47.675768400000038 ], [ -122.272348526999963, 47.675768399000049 ], [ -122.272348201999989, 47.67576839600008 ], [ -122.271614228999965, 47.67576566200006 ], [ -122.271572910999964, 47.675765507000051 ], [ -122.27151274199997, 47.675765285000068 ], [ -122.27050741499994, 47.675761532000081 ], [ -122.270294408999973, 47.675760737000076 ], [ -122.270294407, 47.675760600000046 ], [ -122.269786399999987, 47.675758751000046 ], [ -122.269766171999947, 47.675758679000069 ], [ -122.269664642999942, 47.67575830800007 ], [ -122.269579654999973, 47.675757997000062 ], [ -122.269488351999939, 47.675757665000049 ], [ -122.268914597, 47.675755570000035 ], [ -122.268202032999966, 47.675751777000073 ], [ -122.268202003999988, 47.675751778000063 ], [ -122.268201705999957, 47.675751776000027 ], [ -122.268192802999977, 47.675751729000069 ], [ -122.268086107999977, 47.675751071000036 ], [ -122.267964782999968, 47.675750323000045 ], [ -122.267941721999989, 47.675750287000028 ], [ -122.267913857999986, 47.675750245000074 ], [ -122.267908846999944, 47.67575021600004 ], [ -122.267625131999978, 47.675748612000064 ], [ -122.267391166999971, 47.67574729100005 ], [ -122.267101827999966, 47.675745653000035 ], [ -122.267065705999983, 47.675745448000043 ], [ -122.267033875999971, 47.675745266000035 ], [ -122.267030829999953, 47.675745250000034 ], [ -122.26702983499996, 47.675745243000051 ], [ -122.266909429999941, 47.675744562000034 ], [ -122.266847676999987, 47.675744261000034 ], [ -122.266785894999941, 47.675743928000031 ], [ -122.266785393999953, 47.675743926000052 ], [ -122.266772799999956, 47.675743861000058 ], [ -122.266603195999949, 47.675742994000075 ], [ -122.266579740999987, 47.675742871000068 ], [ -122.266577634999976, 47.675742859000081 ], [ -122.266576587999964, 47.675742853000031 ], [ -122.266466134999973, 47.675742317000072 ], [ -122.266435467999941, 47.675742168000056 ], [ -122.266373555999962, 47.675741875000028 ], [ -122.266368597999985, 47.675741841000047 ], [ -122.266024989999949, 47.675740189000066 ], [ -122.265940714999942, 47.675739782000051 ], [ -122.265940436999983, 47.675739781000061 ], [ -122.265453771999944, 47.675737430000027 ], [ -122.265450225, 47.675737413000036 ], [ -122.26487177599995, 47.675734614000078 ], [ -122.26377757399996, 47.675729313000033 ], [ -122.263775711999983, 47.675729302000036 ], [ -122.263775602999942, 47.675729303000026 ], [ -122.263774292999983, 47.675729296000043 ], [ -122.263762239999949, 47.675729237000041 ], [ -122.263681080999959, 47.675728846000027 ], [ -122.263593992999972, 47.675728420000041 ], [ -122.263560060999964, 47.67572825600007 ], [ -122.263559290999979, 47.675728251000066 ], [ -122.263559289999989, 47.675728003000074 ], [ -122.263559242999975, 47.675725758000056 ], [ -122.263559242999975, 47.675725337000074 ], [ -122.263559302999965, 47.675721095000029 ], [ -122.263559341999951, 47.675718352000047 ], [ -122.263559285999975, 47.675715611000044 ], [ -122.263559334999968, 47.675712869000051 ], [ -122.263559277999946, 47.675710130000027 ], [ -122.263559339999972, 47.675707387000045 ], [ -122.263559268999984, 47.675704645000053 ], [ -122.263559359999988, 47.675701906000029 ], [ -122.263559338999983, 47.675701162000053 ], [ -122.263559283999939, 47.675699165000026 ], [ -122.263559415999964, 47.675696429000027 ], [ -122.263559322, 47.675693683000077 ], [ -122.263559232999967, 47.675690942000074 ], [ -122.263559197999939, 47.675689843000043 ], [ -122.263559598999962, 47.675685447000035 ], [ -122.263559854999983, 47.675682709000057 ], [ -122.263560103999964, 47.675679975000037 ], [ -122.26356035799995, 47.675677238000048 ], [ -122.263560606999988, 47.675674504000028 ], [ -122.263560773999984, 47.675672679000058 ], [ -122.26356085499998, 47.67567176700004 ], [ -122.263561109999955, 47.675669031000041 ], [ -122.263561363999941, 47.675666293000063 ], [ -122.263561614999958, 47.675663559000043 ], [ -122.263561866999964, 47.675660822000054 ], [ -122.263561966999987, 47.675659729000074 ], [ -122.26356211999996, 47.675658085000066 ], [ -122.263562361999959, 47.675655350000056 ], [ -122.263562440999976, 47.67565459900004 ], [ -122.263562499999978, 47.675654017000056 ], [ -122.263562700999955, 47.675652620000051 ], [ -122.263563083999941, 47.675649888000066 ], [ -122.263563459999943, 47.675647161000029 ], [ -122.263563843999975, 47.675644430000034 ], [ -122.263564224999982, 47.675641703000053 ], [ -122.263564611, 47.675638972000058 ], [ -122.263564991999942, 47.675636242000053 ], [ -122.263565375999974, 47.675633514000026 ], [ -122.263565759999949, 47.675630784000077 ], [ -122.263566138999977, 47.67562805700004 ], [ -122.263566524999987, 47.675625328000081 ], [ -122.263566908999962, 47.675622599000064 ], [ -122.263567289999969, 47.675619868000069 ], [ -122.263567322999961, 47.675619640000036 ], [ -122.263567532999957, 47.675618283000063 ], [ -122.263567766, 47.675617148000072 ], [ -122.26356832, 47.675614432000032 ], [ -122.263568874999976, 47.675611716000049 ], [ -122.263569418999964, 47.675609 ], [ -122.263569975999985, 47.675606284000025 ], [ -122.26357053199996, 47.675603572000057 ], [ -122.263571084999967, 47.675600855000027 ], [ -122.263571638999963, 47.675598139000044 ], [ -122.263572195999984, 47.675595423000061 ], [ -122.263572743999987, 47.675592707000078 ], [ -122.263573297, 47.675589991000038 ], [ -122.263573852999968, 47.675587275000055 ], [ -122.263574407999954, 47.675584560000061 ], [ -122.263574803999973, 47.675582725000027 ], [ -122.263575039999978, 47.67558185300004 ], [ -122.263575764999985, 47.675579156000026 ], [ -122.263576490999981, 47.675576457000034 ], [ -122.263577215999987, 47.675573761000066 ], [ -122.263577931999976, 47.675571065000042 ], [ -122.263578658999961, 47.67556836600005 ], [ -122.263579384999957, 47.675565670000026 ], [ -122.263580114999968, 47.675562971000033 ], [ -122.263580839999975, 47.675560275000066 ], [ -122.263581565999971, 47.675557578000053 ], [ -122.263582292999956, 47.67555487900006 ], [ -122.263583018999952, 47.675552185000072 ], [ -122.263583746999984, 47.675549488000058 ], [ -122.263584316, 47.675547403000053 ], [ -122.263584520999984, 47.675546797000038 ], [ -122.263585413999976, 47.675544125000044 ], [ -122.263586307999958, 47.675541451000072 ], [ -122.263587204999965, 47.675538777000043 ], [ -122.263588097999957, 47.675536101000034 ], [ -122.263588993999974, 47.675533429000041 ], [ -122.263589888999945, 47.675530754000079 ], [ -122.263590782, 47.675528080000049 ], [ -122.263591677999955, 47.675525406000077 ], [ -122.263592572999983, 47.675522732000047 ], [ -122.263593467999954, 47.675520059000064 ], [ -122.263594366999939, 47.675517385000035 ], [ -122.263595256999963, 47.675514711000062 ], [ -122.263595817999942, 47.675513024000054 ], [ -122.263596031999953, 47.67551239900007 ], [ -122.263596175999965, 47.675512042000037 ], [ -122.263597254999979, 47.675509399000077 ], [ -122.263598310999953, 47.675506756000061 ], [ -122.263599377999981, 47.675504107000052 ], [ -122.263600443999962, 47.675501463000046 ], [ -122.263601507999965, 47.675498817000062 ], [ -122.263602569999989, 47.675496170000031 ], [ -122.263603635999971, 47.675493526000025 ], [ -122.263604699999973, 47.675490880000041 ], [ -122.263605759999962, 47.675488235000046 ], [ -122.263606825999943, 47.675485589000061 ], [ -122.263607887999967, 47.675482942000031 ], [ -122.263608955999985, 47.675480298000025 ], [ -122.263609973999962, 47.675477761000082 ], [ -122.263610021999966, 47.675477654000076 ], [ -122.263610134999965, 47.675477410000042 ], [ -122.263611252999965, 47.675475042000073 ], [ -122.263612484999953, 47.675472429000081 ], [ -122.263613717999988, 47.675469819000057 ], [ -122.263614946999951, 47.675467207000054 ], [ -122.263616180999975, 47.675464595000051 ], [ -122.263617411999974, 47.675461982000058 ], [ -122.263618636999979, 47.675459366000041 ], [ -122.263619867999978, 47.675456754000038 ], [ -122.263621099999966, 47.675454144000071 ], [ -122.263622332999944, 47.675451531000078 ], [ -122.263623563999943, 47.675448921000054 ], [ -122.263624795999988, 47.675446307000072 ], [ -122.263626021, 47.675443697000048 ], [ -122.263626087999967, 47.675443555000072 ], [ -122.263626315999943, 47.675443124000026 ], [ -122.263627408, 47.675441118000037 ], [ -122.26362880399995, 47.675438546000066 ], [ -122.263630194999962, 47.675435969000034 ], [ -122.263631591999967, 47.675433399000042 ], [ -122.263632992999987, 47.675430822000067 ], [ -122.263634382999953, 47.675428249000049 ], [ -122.263635779999959, 47.675425672000074 ], [ -122.263637176999964, 47.675423096000031 ], [ -122.263638567999976, 47.67542052400006 ], [ -122.263639965999971, 47.675417949000064 ], [ -122.263641360999941, 47.675415376000046 ], [ -122.263642751999953, 47.675412803000029 ], [ -122.263644148999958, 47.675410225000064 ], [ -122.263644358999954, 47.675409849000062 ], [ -122.263645692999944, 47.675407692000078 ], [ -122.263647244999959, 47.675405161000072 ], [ -122.263648800999988, 47.675402628000029 ], [ -122.263650358999939, 47.675400097000079 ], [ -122.263651915999958, 47.675397563000047 ], [ -122.263653469999952, 47.67539503200004 ], [ -122.263655025999981, 47.675392501000033 ], [ -122.263656583999989, 47.675389967000058 ], [ -122.263658138999972, 47.675387436000051 ], [ -122.263659692999966, 47.675384906000033 ], [ -122.263661250999974, 47.675382372000058 ], [ -122.263662808, 47.675379841000051 ], [ -122.263664345999985, 47.67537730600003 ], [ -122.263664750999965, 47.675376692000043 ], [ -122.263666046999958, 47.67537481800008 ], [ -122.263667760999965, 47.675372333000041 ], [ -122.263669474999972, 47.675369846000081 ], [ -122.263671186999943, 47.675367362000031 ], [ -122.263672902999986, 47.67536487600006 ], [ -122.26367374199998, 47.675363662000052 ], [ -122.263673988, 47.675363301000061 ], [ -122.263673983999979, 47.67536285500006 ], [ -122.263673976999939, 47.675362312000061 ], [ -122.263675241999977, 47.675361016000068 ], [ -122.263676331999989, 47.67535990500005 ], [ -122.263678045999939, 47.675357423000037 ], [ -122.263679759999945, 47.675354937000066 ], [ -122.263681471999973, 47.675352453000073 ], [ -122.26368318599998, 47.675349969000081 ], [ -122.263684903999945, 47.675347484000042 ], [ -122.263686617999952, 47.67534499900006 ], [ -122.263687205999986, 47.675344160000066 ], [ -122.263688443999968, 47.675342554000053 ], [ -122.263690309999959, 47.675340120000044 ], [ -122.263692180999954, 47.675337686000034 ], [ -122.263694053, 47.675335252000082 ], [ -122.263695924999979, 47.675332818000072 ], [ -122.263697794, 47.675330386000041 ], [ -122.263699663999944, 47.675327951000043 ], [ -122.263701530999981, 47.675325518000079 ], [ -122.263703400999987, 47.67532308400007 ], [ -122.263705269999946, 47.675320653000028 ], [ -122.263707139999951, 47.675318219000076 ], [ -122.263709004999953, 47.675315787000045 ], [ -122.263710878999973, 47.675313353000035 ], [ -122.263711702999956, 47.675312305000034 ], [ -122.263712844999986, 47.675310957000079 ], [ -122.263714867999965, 47.675308582000071 ], [ -122.263716889999955, 47.675306204000037 ], [ -122.263718906999941, 47.675303826000061 ], [ -122.263720931999956, 47.675301449000074 ], [ -122.263722953999945, 47.675299070000051 ], [ -122.263724970999988, 47.675296692000074 ], [ -122.263726995999946, 47.675294319000045 ], [ -122.263729018, 47.675291939000033 ], [ -122.263731030999963, 47.675289561000056 ], [ -122.263733055999978, 47.67528718300008 ], [ -122.263735076999978, 47.675284807000025 ], [ -122.263737094999954, 47.675282429000049 ], [ -122.263738186999944, 47.675281186000063 ], [ -122.263739211999962, 47.675280090000058 ], [ -122.263741381999978, 47.675277773000062 ], [ -122.263743550999948, 47.675275457000055 ], [ -122.26374571599996, 47.67527313800008 ], [ -122.263747886999965, 47.675270822000073 ], [ -122.263750056, 47.675268505000076 ], [ -122.263752224999962, 47.675266191000048 ], [ -122.263754393999989, 47.675263874000052 ], [ -122.263756558999944, 47.675261553000041 ], [ -122.263758734999954, 47.675259236000045 ], [ -122.26376090399998, 47.675256920000038 ], [ -122.26376307299995, 47.675254603000042 ], [ -122.263765243999956, 47.675252286000045 ], [ -122.263766604999944, 47.675250847000029 ], [ -122.263767480999945, 47.675250005000066 ], [ -122.263769793999984, 47.67524775000004 ], [ -122.263772104999987, 47.675245497000049 ], [ -122.263774421999983, 47.675243244000058 ], [ -122.263776738999979, 47.675240994000035 ], [ -122.263779051999961, 47.675238743000079 ], [ -122.263781366999979, 47.675236490000032 ], [ -122.26378367999996, 47.675234237000041 ], [ -122.263785999, 47.675231986000028 ], [ -122.263788311999974, 47.675229733000037 ], [ -122.263790624999956, 47.675227483000072 ], [ -122.263792938, 47.675225230000081 ], [ -122.263795250999976, 47.675222976000043 ], [ -122.263796923999962, 47.675221369000042 ], [ -122.26379762, 47.675220750000051 ], [ -122.26380007299997, 47.675218570000027 ], [ -122.263802525999949, 47.675216386000045 ], [ -122.263804982999943, 47.675214203000053 ], [ -122.263807435999979, 47.67521202000006 ], [ -122.263809892999973, 47.675209835000032 ], [ -122.263812345999952, 47.675207651000051 ], [ -122.263814797999942, 47.675205467000069 ], [ -122.263817255999982, 47.675203285000066 ], [ -122.263819707999971, 47.675201101000027 ], [ -122.263822164999965, 47.675198918000035 ], [ -122.263824617999944, 47.675196736000032 ], [ -122.26382707099998, 47.675194551000061 ], [ -122.263829070999975, 47.675192782000067 ], [ -122.263829560999966, 47.675192387000038 ], [ -122.263832147999949, 47.675190278000059 ], [ -122.263834742999961, 47.675188167000044 ], [ -122.26383733199998, 47.675186057000076 ], [ -122.263839920999942, 47.675183946000061 ], [ -122.263842513999975, 47.675181837000025 ], [ -122.263845103, 47.675179727000057 ], [ -122.263847695999971, 47.675177616000042 ], [ -122.263850285, 47.675175505000027 ], [ -122.263852873999951, 47.675173394000069 ], [ -122.263855466999985, 47.675171283000054 ], [ -122.263858055999947, 47.675169175000065 ], [ -122.263860648, 47.67516706400005 ], [ -122.263862986999982, 47.67516515300008 ], [ -122.263863245999971, 47.675164958000039 ], [ -122.263863539999988, 47.675164736000056 ], [ -122.263865969, 47.675162926000041 ], [ -122.263868689999981, 47.675160893000054 ], [ -122.263871412999947, 47.675158860000067 ], [ -122.26387413499998, 47.675156824000055 ], [ -122.263876855999968, 47.675154791000068 ], [ -122.26387957299994, 47.675152758000081 ], [ -122.263882301999956, 47.675150725000037 ], [ -122.263885024999979, 47.675148694000029 ], [ -122.263885129999949, 47.675148596000042 ], [ -122.26388665199994, 47.675147225000046 ], [ -122.263887473999944, 47.675146484000038 ], [ -122.263890259, 47.67514449600003 ], [ -122.263893051999958, 47.675142506000043 ], [ -122.263895846999958, 47.675140518000035 ], [ -122.263898131999952, 47.675138883000045 ], [ -122.263898625999957, 47.675138521000065 ], [ -122.263968687999977, 47.675088584000036 ], [ -122.264082885999983, 47.675007175000076 ], [ -122.26509131499995, 47.674288250000075 ], [ -122.266107654999985, 47.673568787000079 ], [ -122.266158086999951, 47.673533086000077 ], [ -122.266202052999972, 47.673501489000046 ], [ -122.26710884299996, 47.672849818000032 ], [ -122.267111326999952, 47.672848034000026 ], [ -122.268122958999982, 47.672126974000037 ], [ -122.268122978999941, 47.672126958000035 ], [ -122.268629075999968, 47.671766214000058 ], [ -122.268854439, 47.671605576000047 ], [ -122.26999679499994, 47.670791153000039 ], [ -122.271123881999983, 47.669987582000033 ], [ -122.272576836999974, 47.668951633000063 ], [ -122.27258143499995, 47.668948349000061 ], [ -122.272582413999942, 47.66894764500006 ], [ -122.272584274999986, 47.668946391000077 ], [ -122.272585280999976, 47.668945706000045 ], [ -122.272587081999973, 47.668944408000073 ], [ -122.272588060999965, 47.668943708000029 ], [ -122.27258991399998, 47.668942448000053 ], [ -122.272590892999972, 47.66894174600003 ], [ -122.272592740999983, 47.668940479000071 ], [ -122.272593732999951, 47.668939785000077 ], [ -122.272595535999983, 47.668938491000063 ], [ -122.272596545999988, 47.668937811000035 ], [ -122.27259834299997, 47.668936513000062 ], [ -122.272599346999982, 47.668935825000062 ], [ -122.272601190999978, 47.668934559000036 ], [ -122.272602182999947, 47.668933864000053 ], [ -122.272604008999963, 47.668932587000029 ], [ -122.272604995999984, 47.668931889000078 ], [ -122.272606792999966, 47.668930592000038 ], [ -122.272607775999973, 47.668929892000051 ], [ -122.272609628999987, 47.66892862900005 ], [ -122.272610628999985, 47.668927942000039 ], [ -122.272612458999959, 47.668926664000026 ], [ -122.272613443999944, 47.668925967000064 ], [ -122.27261703, 47.668923386000074 ], [ -122.272620814999982, 47.668920678000063 ], [ -122.272621794999964, 47.668919978000076 ], [ -122.272623762999956, 47.668918809000047 ], [ -122.272624758999939, 47.668918098000063 ], [ -122.272626673, 47.668916886000034 ], [ -122.272627660999945, 47.668916180000053 ], [ -122.27262955499998, 47.66891495200008 ], [ -122.272630537999987, 47.668914246000043 ], [ -122.272632427999952, 47.668913013000065 ], [ -122.272633410999958, 47.668912310000053 ], [ -122.272635296999965, 47.66891107400005 ], [ -122.272636279999972, 47.66891036800007 ], [ -122.272638161999964, 47.668909135000035 ], [ -122.272639187999971, 47.668908456000054 ], [ -122.272640984999953, 47.668907158000081 ], [ -122.272641959999987, 47.668906457000048 ], [ -122.272643874999972, 47.66890524300004 ], [ -122.272644903999947, 47.668904568000073 ], [ -122.272646702999964, 47.668903269000054 ], [ -122.272647679999977, 47.668902568000078 ], [ -122.27264960499997, 47.668901363000032 ], [ -122.272650585999941, 47.668900653000037 ], [ -122.272652387, 47.668899358000033 ], [ -122.272653419999983, 47.668898693000074 ], [ -122.272657805999984, 47.668895533000068 ], [ -122.272661117999974, 47.668893610000055 ], [ -122.27266216299995, 47.668892958000072 ], [ -122.272664078, 47.66889173900006 ], [ -122.272665110999981, 47.668891076000079 ], [ -122.27266700499996, 47.668889840000077 ], [ -122.272668031999956, 47.668889172000036 ], [ -122.272669923999956, 47.668887936000033 ], [ -122.272670947999984, 47.66888726500008 ], [ -122.27267283599997, 47.668886029000078 ], [ -122.27267386699998, 47.668885356000033 ], [ -122.272675756999945, 47.668884123000055 ], [ -122.272676781999962, 47.668883454000081 ], [ -122.272678671, 47.668882218000078 ], [ -122.272679699999969, 47.668881547000069 ], [ -122.27268159, 47.668880311000066 ], [ -122.272682612999972, 47.668879641000046 ], [ -122.272684504999972, 47.668878404000054 ], [ -122.272685532999958, 47.668877733000045 ], [ -122.272687422999979, 47.668876499000078 ], [ -122.27268844799994, 47.668875826000033 ], [ -122.272690341999976, 47.66887459000003 ], [ -122.272691364999957, 47.668873922000046 ], [ -122.272693256999958, 47.668872686000043 ], [ -122.272694280999985, 47.668872015000034 ], [ -122.272696172999986, 47.668870779000031 ], [ -122.272699741999986, 47.668868447000079 ], [ -122.272703086999968, 47.668866335000075 ], [ -122.272705009999981, 47.668865121000067 ], [ -122.272706054999958, 47.668864463000034 ], [ -122.272707971999978, 47.668863249000026 ], [ -122.272709019, 47.66886259100005 ], [ -122.272710941999946, 47.668861377000042 ], [ -122.272711983999955, 47.668860719000065 ], [ -122.272713906999968, 47.668859505000057 ], [ -122.272714947999987, 47.668858846000035 ], [ -122.272716868999964, 47.668857633000073 ], [ -122.272717915999976, 47.668856977000075 ], [ -122.272719839, 47.668855764000057 ], [ -122.272720880999941, 47.668855104000045 ], [ -122.272722803999955, 47.668853892000072 ], [ -122.272723844999973, 47.66885323200006 ], [ -122.272725765999951, 47.668852022000067 ], [ -122.272726810999984, 47.668851363000044 ], [ -122.272728735999976, 47.668850149000036 ], [ -122.272729777, 47.66884949100006 ], [ -122.272731699999952, 47.668848277000052 ], [ -122.272732739999981, 47.668847619000076 ], [ -122.272734664999973, 47.668846405000068 ], [ -122.272735709999949, 47.668845747000034 ], [ -122.272737632999963, 47.668844533000026 ], [ -122.272738673999982, 47.668843876000039 ], [ -122.27274211699995, 47.668841702000066 ], [ -122.272746599999948, 47.66883897200006 ], [ -122.272747665999987, 47.668838323000045 ], [ -122.272749613999963, 47.668837135000047 ], [ -122.272750675999987, 47.668836485000043 ], [ -122.272752623999963, 47.668835298000033 ], [ -122.272753687999966, 47.668834650000065 ], [ -122.272755637999978, 47.668833461000077 ], [ -122.27275670399996, 47.668832812000062 ], [ -122.272758652, 47.668831624000063 ], [ -122.272759717999975, 47.668830976000038 ], [ -122.272761665999951, 47.668829788000039 ], [ -122.272762732, 47.66882914100006 ], [ -122.272764679999966, 47.668827953000061 ], [ -122.272765747999983, 47.668827302000068 ], [ -122.272767693999981, 47.668826117000037 ], [ -122.272768759999963, 47.66882546800008 ], [ -122.272770707999939, 47.668824280000081 ], [ -122.272771768999974, 47.668823630000077 ], [ -122.27277371699995, 47.668822443000067 ], [ -122.272774782999988, 47.668821793000063 ], [ -122.272776728999986, 47.668820606000054 ], [ -122.272777796999947, 47.668819957000039 ], [ -122.27277974499998, 47.66881876900004 ], [ -122.272780810999961, 47.668818123000051 ], [ -122.27278518199995, 47.66881545800004 ], [ -122.272788849, 47.668813301000057 ], [ -122.272789924, 47.668812669000033 ], [ -122.272791908999977, 47.668811500000061 ], [ -122.272792982999988, 47.668810867000047 ], [ -122.272794967999971, 47.668809699000064 ], [ -122.272796046999986, 47.668809065000062 ], [ -122.272798031999969, 47.668807900000047 ], [ -122.272799103999944, 47.668807266000044 ], [ -122.272801090999963, 47.668806098000061 ], [ -122.272802165999963, 47.668805465000048 ], [ -122.272804150999946, 47.668804299000044 ], [ -122.272805227999982, 47.668803667000077 ], [ -122.272807210999986, 47.668802498000048 ], [ -122.272808288999954, 47.668801864000045 ], [ -122.272810269999979, 47.668800697000052 ], [ -122.272811349, 47.668800065000028 ], [ -122.272813331999942, 47.668798896000055 ], [ -122.272814407999988, 47.668798263000042 ], [ -122.272816392999971, 47.668797095000059 ], [ -122.272817467999971, 47.668796461000056 ], [ -122.272819452999954, 47.668795296000042 ], [ -122.272820526999965, 47.668794662000039 ], [ -122.272822511999948, 47.668793494000056 ], [ -122.272823590999963, 47.668792860000053 ], [ -122.272825571999988, 47.668791695000039 ], [ -122.272828918999949, 47.668789725000067 ], [ -122.272832828, 47.668787504000079 ], [ -122.272834841999952, 47.668786362000048 ], [ -122.272835938999947, 47.668785740000033 ], [ -122.272837946999971, 47.668784598000059 ], [ -122.272839039999951, 47.668783977000032 ], [ -122.272841057, 47.668782832000034 ], [ -122.272842148, 47.668782212000053 ], [ -122.272844161999956, 47.668781068000044 ], [ -122.272845252999957, 47.668780448000064 ], [ -122.272847266999975, 47.668779304000054 ], [ -122.272848362, 47.668778684000074 ], [ -122.272850375999951, 47.668777540000065 ], [ -122.272851466999953, 47.668776920000028 ], [ -122.27285348199996, 47.668775776000075 ], [ -122.272854572999961, 47.668775155000048 ], [ -122.272856586999978, 47.668774012000029 ], [ -122.272857682, 47.668773392000048 ], [ -122.272859693999976, 47.668772249000028 ], [ -122.272860784999978, 47.668771628000059 ], [ -122.272862800999974, 47.668770484000049 ], [ -122.272863891999975, 47.668769864000069 ], [ -122.272865906999982, 47.66876872000006 ], [ -122.272866997999984, 47.668768102000058 ], [ -122.27286901399998, 47.66876695600007 ], [ -122.27287010699996, 47.668766335000043 ], [ -122.272873311999945, 47.668764514000031 ], [ -122.272878405999961, 47.668761721000067 ], [ -122.272879521999982, 47.668761112000027 ], [ -122.272881556999948, 47.668759995000073 ], [ -122.272882671, 47.668759383000065 ], [ -122.272884708, 47.66875826900008 ], [ -122.272885823999957, 47.668757657000072 ], [ -122.272887863, 47.668756540000061 ], [ -122.272888974999944, 47.668755931000078 ], [ -122.272891013999981, 47.668754814000067 ], [ -122.272892124999942, 47.668754202000059 ], [ -122.272894162999989, 47.668753085000048 ], [ -122.272895279999943, 47.668752476000066 ], [ -122.272897315999955, 47.668751359000055 ], [ -122.272898430999987, 47.668750747000047 ], [ -122.272900466999943, 47.668749631000026 ], [ -122.272901579999939, 47.668749021000053 ], [ -122.272903617999987, 47.668747904000043 ], [ -122.272904732999962, 47.668747296000049 ], [ -122.272906772999988, 47.668746178000049 ], [ -122.27290788199997, 47.668745566000041 ], [ -122.272909922999986, 47.66874444900003 ], [ -122.272911035, 47.668743841000037 ], [ -122.272913072, 47.668742723000037 ], [ -122.27291418599998, 47.668742111000029 ], [ -122.272918351999976, 47.66873982900006 ], [ -122.272922592999976, 47.668737589000045 ], [ -122.272923716999969, 47.668736993000039 ], [ -122.272925789999988, 47.668735896000044 ], [ -122.272926913999981, 47.668735305000041 ], [ -122.272928985999954, 47.668734208000046 ], [ -122.272930106999979, 47.66873361200004 ], [ -122.272932182999966, 47.66873251700008 ], [ -122.272933302999945, 47.668731924000042 ], [ -122.272935375999964, 47.668730826000058 ], [ -122.272936499999958, 47.668730233000076 ], [ -122.272938569999951, 47.668729137000071 ], [ -122.27293969599998, 47.668728542000053 ], [ -122.272941768999942, 47.668727446000048 ], [ -122.272942893, 47.668726854000056 ], [ -122.272944964999965, 47.668725758000051 ], [ -122.272946091999984, 47.668725163000033 ], [ -122.272948155999984, 47.668724068000074 ], [ -122.272949281999956, 47.668723474000046 ], [ -122.272951353999986, 47.66872237900003 ], [ -122.272952478999969, 47.668721785000059 ], [ -122.272954550999941, 47.668720688000064 ], [ -122.272955675, 47.668720094000037 ], [ -122.272957745999975, 47.668718997000042 ], [ -122.272958871999947, 47.66871840400006 ], [ -122.27296402099995, 47.668715679000059 ], [ -122.272967380999944, 47.668713968000077 ], [ -122.272968521999985, 47.66871339000005 ], [ -122.272970616999942, 47.66871231600004 ], [ -122.272971757999983, 47.668711734000055 ], [ -122.272973855999965, 47.668710665000049 ], [ -122.272974993999981, 47.668710084000054 ], [ -122.272977097999956, 47.668709013000068 ], [ -122.272978234999982, 47.668708431000027 ], [ -122.272980333999953, 47.668707359000052 ], [ -122.272981472999959, 47.668706777000068 ], [ -122.272983573999966, 47.668705709000051 ], [ -122.27298471499995, 47.668705127000067 ], [ -122.272986811999942, 47.668704056000081 ], [ -122.272987952999983, 47.66870347400004 ], [ -122.272990050999965, 47.668702407000069 ], [ -122.272991191999949, 47.668701825000028 ], [ -122.272993288999942, 47.668700752000063 ], [ -122.272994427999947, 47.668700170000079 ], [ -122.272996531, 47.668699099000037 ], [ -122.27299766799996, 47.668698520000078 ], [ -122.272999768999966, 47.668697448000046 ], [ -122.273000909999951, 47.668696866000062 ], [ -122.273003007999989, 47.668695795000076 ], [ -122.273004148999973, 47.66869521600006 ], [ -122.273006245999966, 47.668694146000064 ], [ -122.273010308999972, 47.668692073000045 ], [ -122.273013908999985, 47.668690302000073 ], [ -122.273016035999945, 47.66868925600005 ], [ -122.273017190999951, 47.668688687000042 ], [ -122.273019319999946, 47.668687644000045 ], [ -122.273020472999974, 47.668687074000047 ], [ -122.273022598999944, 47.66868603000006 ], [ -122.273023752999961, 47.668685463000031 ], [ -122.273025878999988, 47.668684416000076 ], [ -122.273027034999984, 47.668683846000079 ], [ -122.273029163, 47.668682802000035 ], [ -122.27303031699995, 47.668682234000073 ], [ -122.273032442999977, 47.668681190000029 ], [ -122.273033595999948, 47.668680621000078 ], [ -122.273035722999964, 47.668679574000066 ], [ -122.273036877999971, 47.668679009000073 ], [ -122.273039006999966, 47.668677962000061 ], [ -122.27304016, 47.668677393000053 ], [ -122.273042286999953, 47.668676349000066 ], [ -122.273043439999981, 47.668675781000047 ], [ -122.27304556699994, 47.668674734000035 ], [ -122.273046719999968, 47.668674168000052 ], [ -122.273048846999984, 47.66867312100004 ], [ -122.27305000399997, 47.668672554000068 ], [ -122.273052130999986, 47.668671509000035 ], [ -122.273053283999957, 47.668670940000027 ], [ -122.273057200999972, 47.668669015000035 ], [ -122.273062040999946, 47.668666719000043 ], [ -122.273063210999965, 47.668666167000026 ], [ -122.273065361999954, 47.66866514700007 ], [ -122.273066531999973, 47.668664592000027 ], [ -122.273068683999952, 47.668663572000071 ], [ -122.27306985599995, 47.668663019000064 ], [ -122.273072002999982, 47.668661998000061 ], [ -122.273073172999943, 47.668661443000076 ], [ -122.273075330999973, 47.668660423000063 ], [ -122.273076496999977, 47.668659868000077 ], [ -122.27307865299997, 47.668658850000043 ], [ -122.273079821999943, 47.668658293000078 ], [ -122.273081973999979, 47.668657273000065 ], [ -122.273083143999941, 47.668656718000079 ], [ -122.273085295999977, 47.668655699000055 ], [ -122.273086466, 47.66865514400007 ], [ -122.273088614999949, 47.668654124000057 ], [ -122.273089784999968, 47.668653572000039 ], [ -122.27309194299994, 47.668652549000058 ], [ -122.273093108999944, 47.66865199700004 ], [ -122.273095263999949, 47.668650974000059 ], [ -122.273096429999953, 47.668650422000042 ], [ -122.273098585999946, 47.668649401000039 ], [ -122.273099755999965, 47.668648849000078 ], [ -122.27310467999996, 47.668646512000066 ], [ -122.273108601, 47.668644724000046 ], [ -122.273109782999938, 47.668644183000026 ], [ -122.273111963999952, 47.668643189000079 ], [ -122.273113148, 47.668642650000038 ], [ -122.273115322999956, 47.668641653000066 ], [ -122.273116509999966, 47.668641112000046 ], [ -122.273118685999975, 47.668640120000077 ], [ -122.27311986899997, 47.668639578000068 ], [ -122.273122049, 47.668638582000028 ], [ -122.273123231999989, 47.668638044000033 ], [ -122.273125412999946, 47.668637048000051 ], [ -122.273126594999951, 47.668636507000031 ], [ -122.273128773999986, 47.668635511000048 ], [ -122.273129956, 47.668634971000074 ], [ -122.273132138999983, 47.66863397700007 ], [ -122.273133321999978, 47.668633438000029 ], [ -122.273135497999988, 47.668632443000035 ], [ -122.27313668499994, 47.668631902000072 ], [ -122.273138861999939, 47.668630906000033 ], [ -122.273140041999966, 47.668630369000027 ], [ -122.273142224999958, 47.668629373000044 ], [ -122.273143406999964, 47.668628831000035 ], [ -122.273145587999977, 47.668627838000077 ], [ -122.273146770999972, 47.668627296000068 ], [ -122.273148950999939, 47.668626301000074 ], [ -122.273152730999982, 47.668624575000081 ], [ -122.27315690599994, 47.668622740000046 ], [ -122.273159111999973, 47.668621772000051 ], [ -122.273160306999955, 47.668621244000065 ], [ -122.273162510999953, 47.66862027500008 ], [ -122.273163711999985, 47.668619750000062 ], [ -122.273165913999946, 47.668618779000042 ], [ -122.273167110999964, 47.66861825400008 ], [ -122.273169318999976, 47.668617286000028 ], [ -122.273170513999958, 47.668616761000067 ], [ -122.27317272, 47.668615791000036 ], [ -122.273173914999973, 47.668615266000074 ], [ -122.27317611999996, 47.668614293000076 ], [ -122.273177315999988, 47.668613768000057 ], [ -122.273179520999975, 47.668612800000062 ], [ -122.273180716999946, 47.668612275000044 ], [ -122.273182925999947, 47.668611303000034 ], [ -122.273184120999986, 47.668610778000073 ], [ -122.273186324999983, 47.668609810000078 ], [ -122.273187521999944, 47.668609282000034 ], [ -122.273189727999977, 47.668608314000039 ], [ -122.27319092099998, 47.668607789000077 ], [ -122.273193129, 47.668606818000058 ], [ -122.273194323999974, 47.66860629200005 ], [ -122.27319652999995, 47.668605325000044 ], [ -122.273197724999989, 47.668604799000036 ], [ -122.273201345999951, 47.668603208000036 ], [ -122.273206798999979, 47.668600900000058 ], [ -122.273208014999966, 47.668600386000037 ], [ -122.273210238, 47.668599447000076 ], [ -122.273211452999988, 47.668598933000055 ], [ -122.273213675999955, 47.668597992000059 ], [ -122.273214891999942, 47.668597478000038 ], [ -122.273217114999966, 47.668596536000052 ], [ -122.273218327999984, 47.668596023000077 ], [ -122.273220556999945, 47.668595082000081 ], [ -122.273221772999989, 47.668594566000081 ], [ -122.273223995999956, 47.668593628000053 ], [ -122.273225211999943, 47.668593113000043 ], [ -122.273227431999942, 47.668592172000047 ], [ -122.27322864599995, 47.668591658000025 ], [ -122.273230876999946, 47.668590717000029 ], [ -122.273232093, 47.668590201000029 ], [ -122.273234314999968, 47.668589261000079 ], [ -122.273235530999955, 47.668588749000037 ], [ -122.273237753999979, 47.668587808000041 ], [ -122.273238967999987, 47.668587294000076 ], [ -122.273241196999948, 47.66858635300008 ], [ -122.273242411999945, 47.668585840000048 ], [ -122.273244634999969, 47.668584898000063 ], [ -122.273245850999956, 47.668584383000052 ], [ -122.273250502999986, 47.66858241500006 ], [ -122.273255008999968, 47.668580582000061 ], [ -122.273256228999969, 47.668580086000077 ], [ -122.273258484999985, 47.668579170000044 ], [ -122.273259708999944, 47.668578671000034 ], [ -122.273261958999967, 47.668577755000058 ], [ -122.273263184999962, 47.668577257000038 ], [ -122.273265440999978, 47.668576340000072 ], [ -122.273266661999969, 47.668575844000031 ], [ -122.273268917999985, 47.668574927000066 ], [ -122.273270135999951, 47.668574431000081 ], [ -122.273272393999946, 47.668573513000069 ], [ -122.273273613999947, 47.66857301500005 ], [ -122.273275869999964, 47.668572098000027 ], [ -122.273277091999944, 47.668571602000043 ], [ -122.273279345999981, 47.668570685000077 ], [ -122.27328056999994, 47.668570187000057 ], [ -122.273282821999942, 47.668569271000081 ], [ -122.273284048999983, 47.668568772000071 ], [ -122.273286302999963, 47.668567856000038 ], [ -122.273287522999965, 47.668567358000075 ], [ -122.273289778999981, 47.668566443000032 ], [ -122.273290998999983, 47.668565945000068 ], [ -122.273293254999942, 47.668565028000046 ], [ -122.273294478999958, 47.668564530000026 ], [ -122.273300190999976, 47.668562208000026 ], [ -122.273303721, 47.668560827000078 ], [ -122.273304957999983, 47.66856034500006 ], [ -122.273307234999947, 47.668559456000025 ], [ -122.27330847199994, 47.668558971000039 ], [ -122.273310748999961, 47.668558081000072 ], [ -122.273311981999939, 47.668557601000032 ], [ -122.273314262999975, 47.668556710000075 ], [ -122.273315495999952, 47.668556225000032 ], [ -122.273317772999974, 47.668555336000054 ], [ -122.273319006999941, 47.668554854000035 ], [ -122.273321285999941, 47.668553964000068 ], [ -122.273322523, 47.668553479000082 ], [ -122.273324799999955, 47.668552590000047 ], [ -122.273326032999989, 47.668552109000075 ], [ -122.273328313999968, 47.668551215000036 ], [ -122.273329546999946, 47.668550734000064 ], [ -122.273331823999968, 47.66854984400004 ], [ -122.27333306099996, 47.668549362000078 ], [ -122.273335337999981, 47.668548470000076 ], [ -122.273336574999973, 47.668547988000057 ], [ -122.273338852, 47.668547098000033 ], [ -122.273340083999983, 47.668546616000071 ], [ -122.273342364999962, 47.668545724000069 ], [ -122.27334359799994, 47.66854524200005 ], [ -122.273345878999976, 47.668544352000026 ], [ -122.273350392999987, 47.668542587000047 ], [ -122.273354182, 47.668541165000079 ], [ -122.273356473999968, 47.668540307000058 ], [ -122.273357726999961, 47.668539835000047 ], [ -122.273360022999952, 47.668538975000047 ], [ -122.273361277, 47.668538504000026 ], [ -122.273363570999948, 47.668537643000036 ], [ -122.273364827999956, 47.668537174000051 ], [ -122.273367117999953, 47.668536313000061 ], [ -122.273368375999951, 47.66853584200004 ], [ -122.273370669999963, 47.66853498100005 ], [ -122.273371922999956, 47.668534510000029 ], [ -122.273374215, 47.66853364900004 ], [ -122.273375468999973, 47.668533178000075 ], [ -122.273377764999964, 47.668532318000075 ], [ -122.273379017999957, 47.668531848000043 ], [ -122.27338131199997, 47.668530987000054 ], [ -122.273382565999952, 47.668530516000033 ], [ -122.273384859999965, 47.668529656000032 ], [ -122.273386112999958, 47.668529185000068 ], [ -122.27338840699997, 47.668528324000079 ], [ -122.273389662999989, 47.668527854000047 ], [ -122.273391952999987, 47.668526993000057 ], [ -122.273393207999959, 47.668526524000072 ], [ -122.273395501999971, 47.668525661000047 ], [ -122.273396754999965, 47.668525190000025 ], [ -122.273401097999965, 47.668523561000029 ], [ -122.273406202999979, 47.668521724000072 ], [ -122.273407460999977, 47.668521269000053 ], [ -122.273409781999987, 47.668520437000041 ], [ -122.273411039999985, 47.668519983000067 ], [ -122.273413364999954, 47.66851914800003 ], [ -122.273414622999951, 47.668518693000067 ], [ -122.273416945999941, 47.66851785800003 ], [ -122.273418204, 47.668517403000067 ], [ -122.273420526999985, 47.66851656800003 ], [ -122.27342178899994, 47.668516117000081 ], [ -122.273424106, 47.668515280000065 ], [ -122.273425370999973, 47.668514826000035 ], [ -122.273427689999949, 47.668513990000065 ], [ -122.273428951999961, 47.668513535000045 ], [ -122.27343127499995, 47.668512700000065 ], [ -122.273432532999948, 47.668512249000059 ], [ -122.273434856, 47.668511413000033 ], [ -122.273436114, 47.66851095800007 ], [ -122.273438436999982, 47.668510122000043 ], [ -122.273439692999943, 47.66850966800007 ], [ -122.273442016, 47.668508834000079 ], [ -122.273445598999956, 47.668507545000068 ], [ -122.27344702, 47.668507033000026 ], [ -122.273452282999983, 47.668505138000057 ], [ -122.273460734999958, 47.668502223000075 ], [ -122.273467966999988, 47.668499730000065 ], [ -122.273475193999957, 47.668497237000054 ], [ -122.273475977999965, 47.668496966000077 ], [ -122.273482423999951, 47.668494743000053 ], [ -122.273483412999951, 47.668494402000078 ], [ -122.273489648999941, 47.668492250000043 ], [ -122.273496876999957, 47.668489755000053 ], [ -122.273503938999966, 47.668487322000033 ], [ -122.273511413, 47.668484854000042 ], [ -122.273518702, 47.668482445000052 ], [ -122.273525994999943, 47.668480038000041 ], [ -122.273527108999986, 47.668479671000057 ], [ -122.273533286999964, 47.668477629000051 ], [ -122.273534433999941, 47.66847725000008 ], [ -122.273540578, 47.66847522300003 ], [ -122.273547872999984, 47.66847281400004 ], [ -122.273556046999943, 47.668470116000037 ], [ -122.273562508999987, 47.668468076000067 ], [ -122.273569863999967, 47.668465753000078 ], [ -122.273577217999957, 47.668463431000077 ], [ -122.273578029999953, 47.668463176000046 ], [ -122.273584569999969, 47.668461112000045 ], [ -122.273585611999977, 47.668460782000068 ], [ -122.273591926, 47.668458790000045 ], [ -122.273599277999949, 47.668456466000066 ], [ -122.273608586999956, 47.668453527000054 ], [ -122.27361402799994, 47.66845188800005 ], [ -122.273621442999968, 47.668449652000049 ], [ -122.27362885499997, 47.668447419000074 ], [ -122.273629860999961, 47.668447117000028 ], [ -122.273636263999947, 47.668445184000063 ], [ -122.273637090999955, 47.668444935000025 ], [ -122.273643676999939, 47.668442949000053 ], [ -122.273651091999966, 47.668440714000042 ], [ -122.273661555, 47.668437560000029 ], [ -122.273665950999941, 47.668436295000049 ], [ -122.273673423, 47.668434149000063 ], [ -122.273680894, 47.668432001000042 ], [ -122.273682129999941, 47.66843164800008 ], [ -122.27368836, 47.668429856000046 ], [ -122.273689229999945, 47.668429606000075 ], [ -122.273690035999948, 47.668429374000027 ], [ -122.273695834999955, 47.668427709000071 ], [ -122.27370329699994, 47.668425562000039 ], [ -122.273710767999944, 47.668423418000032 ], [ -122.273714923999989, 47.668422222000061 ], [ -122.273725788999968, 47.668419248000077 ], [ -122.273733310999944, 47.66841719100006 ], [ -122.273734378999961, 47.668416900000068 ], [ -122.273740837, 47.668415132000064 ], [ -122.273741936999954, 47.668414832000053 ], [ -122.273748357999978, 47.668413075000046 ], [ -122.273749304999967, 47.668412814000078 ], [ -122.273755879999953, 47.668411015000061 ], [ -122.273763405999944, 47.668408956000064 ], [ -122.273768678999943, 47.668407513000034 ], [ -122.27377852099994, 47.668404957000064 ], [ -122.273786093999945, 47.668402990000061 ], [ -122.273793668999986, 47.668401017000065 ], [ -122.273794891999955, 47.668400700000063 ], [ -122.273801247999984, 47.668399048000026 ], [ -122.273802549999971, 47.668398708000041 ], [ -122.273808820999989, 47.668397080000034 ], [ -122.273816395999972, 47.668395108000027 ], [ -122.273822809999956, 47.66839344400006 ], [ -122.273831608999956, 47.668391273000054 ], [ -122.273839233, 47.668389396000066 ], [ -122.273846854999988, 47.668387515000063 ], [ -122.273848162999968, 47.668387191000079 ], [ -122.273854478999965, 47.668385636000039 ], [ -122.273855684999944, 47.668385338000064 ], [ -122.273862104999978, 47.668383755000036 ], [ -122.273869731, 47.668381874000033 ], [ -122.273877294999977, 47.668380012000057 ], [ -122.273885036999957, 47.668378207000046 ], [ -122.27389270599997, 47.668376417000047 ], [ -122.273900380999976, 47.668374628000038 ], [ -122.273901743999943, 47.668374309000058 ], [ -122.273908049999989, 47.668372839000028 ], [ -122.273909346999972, 47.668372538000028 ], [ -122.273915722999959, 47.668371050000076 ], [ -122.27392339499994, 47.668369260000077 ], [ -122.273932117999948, 47.668367226000044 ], [ -122.273938784, 47.668365759000039 ], [ -122.273946501999944, 47.668364060000044 ], [ -122.273954219999951, 47.668362359000071 ], [ -122.273955680999961, 47.668362039000044 ], [ -122.273961938999946, 47.668360663000044 ], [ -122.273963644999981, 47.668360287000041 ], [ -122.273969654999973, 47.668358964000049 ], [ -122.273977370999944, 47.668357265000054 ], [ -122.27398726399997, 47.668355087000066 ], [ -122.273992839999949, 47.668353933000049 ], [ -122.274000599999965, 47.668352324000068 ], [ -122.274008360999972, 47.668350718000056 ], [ -122.274010205999957, 47.668350335000071 ], [ -122.274016122999967, 47.668349112000044 ], [ -122.274017680999975, 47.66834878800006 ], [ -122.274023879999959, 47.668347503000064 ], [ -122.274031640999965, 47.668345896000062 ], [ -122.274042716999986, 47.668343601000061 ], [ -122.274047189999976, 47.668342733000031 ], [ -122.274054988999978, 47.66834121800008 ], [ -122.274062790999949, 47.668339701000036 ], [ -122.274064265, 47.668339416000038 ], [ -122.274064833999944, 47.668339304000028 ], [ -122.274070591999987, 47.668338187000074 ], [ -122.27407236, 47.668337842000028 ], [ -122.274078393999957, 47.668336671000077 ], [ -122.274086190999981, 47.668335155000079 ], [ -122.274093992999951, 47.668333640000071 ], [ -122.274098454999944, 47.668332773000031 ], [ -122.274109652999982, 47.668330739000055 ], [ -122.274117489999981, 47.66832931600004 ], [ -122.274125329999947, 47.668327892000036 ], [ -122.274133169999971, 47.668326469000078 ], [ -122.274132966999957, 47.668312550000053 ], [ -122.274002248999977, 47.66821032200005 ], [ -122.273904538999943, 47.668133905000047 ], [ -122.273228010999958, 47.66760479900006 ], [ -122.271934202999944, 47.666699463000043 ], [ -122.269346583999948, 47.664891693000072 ], [ -122.269294786999978, 47.664891625000052 ], [ -122.269287514999974, 47.664891615000045 ], [ -122.268737462, 47.66489088700007 ], [ -122.268739782999944, 47.66500743000006 ], [ -122.268752309999968, 47.665635831000031 ], [ -122.268754414999989, 47.665741589000049 ], [ -122.268754777999959, 47.66575973700003 ], [ -122.268755146, 47.665778185000079 ], [ -122.268756487999951, 47.665845453000031 ], [ -122.26876345, 47.666194936000068 ], [ -122.268764864, 47.666265935000069 ], [ -122.268766299999982, 47.666337967000061 ], [ -122.26876673299995, 47.666359327000066 ], [ -122.268766894999942, 47.666367677000039 ], [ -122.268767550999939, 47.666400556000042 ], [ -122.26876813299998, 47.666429874000073 ], [ -122.268768997, 47.666473211000039 ], [ -122.268645271999958, 47.666439755000056 ], [ -122.268499331999976, 47.666400420000059 ], [ -122.268196546999945, 47.666318803000081 ], [ -122.267913352, 47.666242467000075 ], [ -122.267674448999969, 47.666178075000062 ], [ -122.267639446999965, 47.666168642000059 ], [ -122.267361344, 47.666091069000061 ], [ -122.26709974299996, 47.666018097000062 ], [ -122.267076944999985, 47.666024351000033 ], [ -122.26703747199997, 47.665955805000067 ], [ -122.267033024999989, 47.665947660000029 ], [ -122.267033024999989, 47.665947643000038 ], [ -122.26702888899996, 47.665940421000073 ], [ -122.266989102999958, 47.665870936000033 ], [ -122.266942335999943, 47.665883156000064 ], [ -122.266942194999956, 47.665882990000057 ], [ -122.266841155999941, 47.665764186000047 ], [ -122.26620373999998, 47.665014676000055 ], [ -122.266188163999971, 47.664996366000025 ], [ -122.266186407999953, 47.664995256000054 ], [ -122.266184819999978, 47.664994256000057 ], [ -122.266115173154844, 47.664950384082488 ], [ -122.26638658095743, 47.664826586006804 ], [ -122.266683147446713, 47.664727677528063 ], [ -122.266979320772947, 47.664601528502658 ], [ -122.267099902280549, 47.664535269991099 ], [ -122.267155702954469, 47.664504437773836 ], [ -122.267383177373318, 47.664433303547789 ], [ -122.267521794901882, 47.664390765431321 ], [ -122.267619902591505, 47.664335298535832 ], [ -122.267656826072539, 47.664240145750476 ], [ -122.267554240622886, 47.6641606445205 ], [ -122.267388460330281, 47.663980821593725 ], [ -122.267284529148554, 47.663860725521651 ], [ -122.267217532072408, 47.663645649262961 ], [ -122.267268862955135, 47.663388336721411 ], [ -122.267222979602636, 47.663213383052195 ], [ -122.267220074722047, 47.663125687887899 ], [ -122.267252964139729, 47.662908926716113 ], [ -122.267285859017008, 47.662692338161051 ], [ -122.267317358525389, 47.66244886492801 ], [ -122.267409189972682, 47.662204308251695 ], [ -122.267504668335462, 47.662054290064802 ], [ -122.267556439620549, 47.661810339739198 ], [ -122.267545688490969, 47.661486278710377 ], [ -122.267580530274032, 47.661275540966095 ], [ -122.267587100206043, 47.661235803256687 ], [ -122.267597080381563, 47.660924964746442 ], [ -122.267648405320998, 47.660667484453668 ], [ -122.267801264417429, 47.660228702452848 ], [ -122.267990466428103, 47.659845750416238 ], [ -122.267978836114054, 47.659495139308596 ], [ -122.26798351448366, 47.659483245578279 ], [ -122.268111531062019, 47.659152114126101 ], [ -122.268189834641532, 47.658897649231619 ], [ -122.268255468305838, 47.658781154384677 ], [ -122.268366591550574, 47.65858308838061 ], [ -122.268502371391619, 47.658317985944628 ], [ -122.268693828451035, 47.658003198991395 ], [ -122.268928062599556, 47.65767816963475 ], [ -122.269041622204711, 47.657553750557597 ], [ -122.269183563692792, 47.657397885293811 ], [ -122.269233846904257, 47.657262259407219 ], [ -122.269389096452286, 47.657110132188762 ], [ -122.269520361570741, 47.657029999385692 ], [ -122.270241615209841, 47.656782583422313 ], [ -122.27059904796053, 47.656578034565172 ], [ -122.270891241618486, 47.656517053817062 ], [ -122.271355385150031, 47.656196070859117 ], [ -122.271695480646457, 47.655928033280425 ], [ -122.271936277933023, 47.655783054282871 ], [ -122.272094329172887, 47.655687894945139 ], [ -122.271533659860907, 47.655180250122385 ], [ -122.2719397837012, 47.654975988683674 ], [ -122.272475924372159, 47.655447674429396 ], [ -122.273287553590393, 47.654624445935511 ], [ -122.273978172426325, 47.654098140935304 ], [ -122.273986772783473, 47.654090064998343 ], [ -122.274415943065151, 47.653687064043766 ], [ -122.274928817541124, 47.653429416034307 ], [ -122.275318736457137, 47.653287763445007 ], [ -122.275553601058377, 47.653181373522095 ], [ -122.275960747466328, 47.652886942922784 ], [ -122.276269466220597, 47.65259194962708 ], [ -122.276367075745199, 47.652385512058935 ], [ -122.276440021670382, 47.652017333925102 ], [ -122.27635899867883, 47.651899638449429 ], [ -122.276350443666104, 47.651764731512571 ], [ -122.276131839826348, 47.65123236803587 ], [ -122.275961031439721, 47.650916567413113 ], [ -122.275718128147687, 47.650689946072177 ], [ -122.275555949015867, 47.650572113804749 ], [ -122.275256163104515, 47.650282262864607 ], [ -122.275174131446278, 47.65016458188645 ], [ -122.275126054900667, 47.649939454125949 ], [ -122.2751266128396, 47.649651549003757 ], [ -122.275174762759406, 47.649148028370128 ], [ -122.275232685643417, 47.64896824006432 ], [ -122.275678291255232, 47.648611189441638 ], [ -122.275791905057218, 47.648459000388456 ], [ -122.276019269060839, 47.648280403353056 ], [ -122.276132830917746, 47.648218013880197 ], [ -122.276393153075702, 47.648084840897134 ], [ -122.276523552683614, 47.648040699657933 ], [ -122.276929809313941, 47.648025263744699 ], [ -122.277343241231463, 47.648072777566192 ], [ -122.277561726743343, 47.648130116771107 ], [ -122.277764867299624, 47.648183573762566 ], [ -122.278056690512571, 47.648356321926336 ], [ -122.278332171189277, 47.64855605169604 ], [ -122.278455799668137, 47.648673782219198 ], [ -122.278519860613059, 47.648799960543336 ], [ -122.278495358673496, 47.648916863685379 ], [ -122.278324404670769, 47.649113796439956 ], [ -122.278332433977724, 47.649293609710448 ], [ -122.278437610196619, 47.649618290277573 ], [ -122.278518931562559, 47.649744891010762 ], [ -122.278876418526991, 47.64990909634853 ], [ -122.279006554079359, 47.650008904904659 ], [ -122.279046646272391, 47.650207079740909 ], [ -122.279029314646905, 47.65038693674714 ], [ -122.279103153057221, 47.650684332827964 ], [ -122.279191277767723, 47.650801918274865 ], [ -122.279280934854953, 47.650874239364519 ], [ -122.279507587424206, 47.650947899052248 ], [ -122.279630662183536, 47.650957675444879 ], [ -122.279938432104629, 47.6511212647398 ], [ -122.280092929985628, 47.65122138602743 ], [ -122.280336417598718, 47.651555950918471 ], [ -122.280863930320237, 47.651828948023436 ], [ -122.281000874256023, 47.651919739412286 ], [ -122.281317391260004, 47.652344697922501 ], [ -122.281374067922897, 47.652462076226492 ], [ -122.281391226460158, 47.652732571637365 ], [ -122.281318374108167, 47.652920473651413 ], [ -122.281017167043416, 47.653287680172902 ], [ -122.28107365577732, 47.653369074364235 ], [ -122.281205561868774, 47.653448688003685 ], [ -122.281374953232458, 47.653550926367402 ], [ -122.281674446988234, 47.653678650417369 ], [ -122.281836689853293, 47.653706677052206 ], [ -122.282095628026411, 47.653744194624593 ], [ -122.282509455271523, 47.653953800700101 ], [ -122.282696815544526, 47.654126076355709 ], [ -122.282899723925127, 47.654217228974055 ], [ -122.283297512268589, 47.654462718906608 ], [ -122.283531543864953, 47.654634965644576 ], [ -122.283629456377355, 47.654680766773616 ], [ -122.283971527982189, 47.654655663191157 ], [ -122.284668763422701, 47.654633011551141 ], [ -122.284846649588374, 47.654643315425268 ], [ -122.285139270456554, 47.654716983827029 ], [ -122.285416348924684, 47.654871774527997 ], [ -122.285553943895223, 47.654890576528018 ], [ -122.285921835807713, 47.654758139152008 ], [ -122.286260315207386, 47.654868118399087 ], [ -122.286309021890418, 47.654868401202762 ], [ -122.286397991553983, 47.654949981277191 ], [ -122.286666288809712, 47.655266331314373 ], [ -122.286616930575619, 47.655428171933053 ], [ -122.286714344369855, 47.655761532167382 ], [ -122.286755074310832, 47.655977859435751 ], [ -122.28673027698909, 47.656085514809597 ], [ -122.286762237100248, 47.656130951957635 ], [ -122.286776387951207, 47.656132911204807 ], [ -122.286965074250745, 47.656159035647718 ], [ -122.287079551690042, 47.656123695074491 ], [ -122.287192189277192, 47.656124369646186 ], [ -122.287347430555954, 47.656215559039644 ], [ -122.287516401488944, 47.656504295590629 ], [ -122.287557763972089, 47.656648638703949 ], [ -122.287404018048903, 47.656692806663813 ], [ -122.287264255850985, 47.656790912287541 ], [ -122.287371109375215, 47.656800586357747 ], [ -122.287525763519241, 47.656783480534713 ], [ -122.287711663680369, 47.656820733419835 ], [ -122.287874815852874, 47.656875471148872 ], [ -122.287897726450012, 47.65698376694219 ], [ -122.287938814504429, 47.657029063957715 ], [ -122.287995230738389, 47.657047392905163 ], [ -122.288126051473455, 47.656985067732975 ], [ -122.288223797728833, 47.656904744206145 ], [ -122.288581661514556, 47.656322099521397 ], [ -122.28858837302738, 47.656250022478346 ], [ -122.288525070520706, 47.656177647316376 ], [ -122.288435585217911, 47.656141317661366 ], [ -122.28825758748161, 47.656158094152481 ], [ -122.28794682984261, 47.656300291089977 ], [ -122.28771199974959, 47.656316569067187 ], [ -122.287664442788738, 47.656199396855627 ], [ -122.287712414553681, 47.655965945594325 ], [ -122.287810807032443, 47.655723496389641 ], [ -122.288160090401675, 47.655338741790111 ], [ -122.288346332966142, 47.655204963889304 ], [ -122.288548902059688, 47.655134344118068 ], [ -122.289206173436909, 47.655039275357453 ], [ -122.289482594734451, 47.655023042104482 ], [ -122.289800123952929, 47.654961967829202 ], [ -122.290205741282108, 47.654865608188011 ], [ -122.290342645544641, 47.65480352977044 ], [ -122.290472938017004, 47.654786110867391 ], [ -122.290530991430586, 47.654732439176229 ], [ -122.290497337897918, 47.65460648629891 ], [ -122.290554106910477, 47.654363644679506 ], [ -122.290529089593946, 47.654192661041129 ], [ -122.290602793529459, 47.65403113045074 ], [ -122.290709357195766, 47.65394175820623 ], [ -122.291131295173003, 47.653908550729462 ], [ -122.291870828674348, 47.653876981129265 ], [ -122.29281221263372, 47.65378404159096 ], [ -122.293963916764909, 47.653791028030781 ], [ -122.294264381383613, 47.653765845393494 ], [ -122.295360083794591, 47.653736663509328 ], [ -122.296554117141952, 47.653644948167944 ], [ -122.297015512071397, 47.653638876313586 ], [ -122.29717035308353, 47.653657741858957 ], [ -122.29725101881715, 47.653703111822487 ], [ -122.297325075275083, 47.653883621326074 ], [ -122.297422885580858, 47.653956146012575 ], [ -122.297470577504967, 47.65395643977449 ], [ -122.297559783155762, 47.653894059040731 ], [ -122.297649301769269, 47.653660651077388 ], [ -122.297990954706023, 47.653653674897583 ], [ -122.298535044314676, 47.653692935193057 ], [ -122.298664625470821, 47.65368476913855 ], [ -122.298778785119978, 47.653640510615674 ], [ -122.29872125913937, 47.653559140568632 ], [ -122.29848626459497, 47.653450001727016 ], [ -122.298210255394665, 47.653448082395002 ], [ -122.298105333797849, 47.653465464662261 ], [ -122.297934257865023, 47.653446507708487 ], [ -122.297869519063823, 47.653391981749465 ], [ -122.297885254064809, 47.653347183730268 ], [ -122.298064454853801, 47.653276218822185 ], [ -122.298494494832383, 47.653242862497336 ], [ -122.299289328010261, 47.653166866099276 ], [ -122.299387150855026, 47.653149592189422 ], [ -122.299435454701921, 47.653077901162185 ], [ -122.299516965289101, 47.652457323302677 ], [ -122.299492105755121, 47.652412122690627 ], [ -122.299281866286307, 47.652374921072635 ], [ -122.298510616552065, 47.652127354215388 ], [ -122.298169888348809, 47.652071254409329 ], [ -122.297934380204197, 47.652006678081079 ], [ -122.297813040905908, 47.651898186216329 ], [ -122.298153868982098, 47.65069439036629 ], [ -122.298429051210846, 47.650642170032398 ], [ -122.298519564711683, 47.650588679348374 ], [ -122.2988203728343, 47.649762849943812 ], [ -122.29926739106007, 47.648730836971133 ], [ -122.299282622129709, 47.648551010881711 ], [ -122.299395458911093, 47.648317581190568 ], [ -122.299550909296897, 47.648264802026674 ], [ -122.299566942132117, 47.648228910183889 ], [ -122.299421441106759, 47.648155751580546 ], [ -122.299550009184628, 47.647967665855731 ], [ -122.299591310317439, 47.647778866482483 ], [ -122.299564193376767, 47.647692807954812 ], [ -122.299575584999957, 47.647683346000065 ], [ -122.299671883999963, 47.647608887000047 ], [ -122.299721977291995, 47.647597870833515 ], [ -122.299825997016868, 47.647609362727913 ], [ -122.300239555618504, 47.647539923216598 ], [ -122.300460394500078, 47.647531778653914 ], [ -122.300473145999945, 47.647532246000026 ], [ -122.300697181243109, 47.647524844281811 ], [ -122.300882208818663, 47.647525898021698 ], [ -122.301109075471189, 47.64754536037406 ], [ -122.302569503831393, 47.647521446873448 ], [ -122.304024819279775, 47.647586360341592 ], [ -122.304614924216779, 47.647577237157023 ], [ -122.305444739466068, 47.647564407985115 ], [ -122.306640925938595, 47.647510770084523 ], [ -122.306775500368474, 47.647515714219921 ], [ -122.306845962235386, 47.64752467666608 ], [ -122.306879619999961, 47.647546004000048 ], [ -122.306985680999958, 47.647565797000027 ], [ -122.308104384999979, 47.647683700000073 ], [ -122.308883461, 47.647772919000033 ], [ -122.309554075999984, 47.647954283000047 ], [ -122.30962217299998, 47.647976708000044 ], [ -122.309733043999984, 47.648009130000048 ], [ -122.309836368, 47.648035581000045 ], [ -122.309886971785701, 47.648050447047623 ], [ -122.310063901926341, 47.648239526541097 ], [ -122.31003558508182, 47.648316738988164 ], [ -122.309976344883509, 47.648394428271025 ], [ -122.310146308377185, 47.648545341480009 ], [ -122.3102931937036, 47.648598929419165 ], [ -122.310501414978191, 47.648651565673141 ], [ -122.310668574507432, 47.648704838627005 ], [ -122.310873473245564, 47.648659675501143 ], [ -122.311232099478048, 47.64888443017486 ], [ -122.311161772730912, 47.648934360351255 ], [ -122.311340731918335, 47.649036290749763 ], [ -122.311636804944129, 47.649241108027418 ], [ -122.311892295067821, 47.649460606871244 ], [ -122.312166160697316, 47.649623783590123 ], [ -122.312113537736394, 47.649582786657668 ], [ -122.312300916871493, 47.649702164161802 ], [ -122.312620068580117, 47.649905492746896 ], [ -122.312822167023128, 47.650046303644878 ] ] ], [ [ [ -122.294638260430432, 47.645963733514286 ], [ -122.294795404537041, 47.645961316835184 ], [ -122.2949994017156, 47.64579897946421 ], [ -122.295235715496119, 47.645812996745349 ], [ -122.295418711792408, 47.645810181526393 ], [ -122.295531167013536, 47.645821132631255 ], [ -122.295734193718104, 47.645840802101048 ], [ -122.29577402748923, 47.645848930311352 ], [ -122.295824456292607, 47.6457952001021 ], [ -122.295946234022949, 47.645751684933728 ], [ -122.296031432224694, 47.645721241126246 ], [ -122.296187380643175, 47.645683369067925 ], [ -122.29637139027129, 47.645680536750881 ], [ -122.296606091228597, 47.645676923760263 ], [ -122.296763238455682, 47.645674504369026 ], [ -122.297024805860488, 47.645670479628492 ], [ -122.297182543868601, 47.645685700157912 ], [ -122.297313928374308, 47.645701501832221 ], [ -122.297393094926505, 47.645717932138311 ], [ -122.297785450276265, 47.645711891257982 ], [ -122.298153139283713, 47.645741528300697 ], [ -122.29828332781733, 47.645721872660459 ], [ -122.298352825259229, 47.645707262241139 ], [ -122.298465643917069, 47.645683761217995 ], [ -122.298650131005303, 47.645725131035711 ], [ -122.298724768231097, 47.645998170335119 ], [ -122.298731635989085, 47.646201650288951 ], [ -122.298643373548728, 47.646291436802308 ], [ -122.298252894064035, 47.646368228149051 ], [ -122.297729752644884, 47.646376285285683 ], [ -122.297179145364439, 47.646367113468436 ], [ -122.296681852664193, 47.646374767840058 ], [ -122.296600238525187, 47.646376024299215 ], [ -122.296210923821747, 47.646382017058208 ], [ -122.295636252739854, 47.64642632978498 ], [ -122.295098525237947, 47.646408038822877 ], [ -122.294758381445718, 47.646413270379306 ], [ -122.29413149020894, 47.64645820875527 ], [ -122.294177456423952, 47.646271738869025 ], [ -122.294201355599697, 47.646243439780086 ], [ -122.294253053388616, 47.646182150575747 ], [ -122.29440542884484, 47.646038087527266 ], [ -122.294638260430432, 47.645963733514286 ] ] ], [ [ [ -122.298925806993594, 47.648198008830299 ], [ -122.298926765252759, 47.648177107596823 ], [ -122.298980845999949, 47.648177340000075 ], [ -122.299272288303001, 47.647935266167593 ], [ -122.299281846091603, 47.647957060085631 ], [ -122.299039906917216, 47.648783355193352 ], [ -122.29894127840501, 47.648836628733918 ], [ -122.29888486709828, 47.648818305000553 ], [ -122.298828567793237, 47.648773246059449 ], [ -122.298787577269266, 47.648700874949306 ], [ -122.298796413764521, 47.648602030607698 ], [ -122.298925806993594, 47.648198008830299 ] ] ], [ [ [ -122.298227256557325, 47.649201333877194 ], [ -122.298220160890025, 47.6491113035135 ], [ -122.298325178589721, 47.649066843308283 ], [ -122.298584418957006, 47.649023433748283 ], [ -122.298803881803565, 47.649033763606411 ], [ -122.298860393189941, 47.649115149362594 ], [ -122.298810865204786, 47.649330805799821 ], [ -122.298706348174662, 47.649420157197049 ], [ -122.298648209150826, 47.649410771122128 ], [ -122.298559842743913, 47.649347355747807 ], [ -122.298324458379398, 47.649256044944636 ], [ -122.298227256557325, 47.649201333877194 ] ] ], [ [ [ -122.297716642864685, 47.649792192045503 ], [ -122.297683264369184, 47.649674804885883 ], [ -122.297610520212714, 47.649593325890777 ], [ -122.297577353029624, 47.649512265493243 ], [ -122.297602113828219, 47.649404264902259 ], [ -122.297707140121162, 47.649360147880472 ], [ -122.298510927260608, 47.649491030661252 ], [ -122.298617255001858, 47.649545600856939 ], [ -122.29866595605246, 47.649636018203196 ], [ -122.298631948542777, 47.649770552245641 ], [ -122.298397142472481, 47.650057268138625 ], [ -122.298258846149579, 47.650047403303894 ], [ -122.298113241190038, 47.650001320858514 ], [ -122.29797465812041, 47.649892752049126 ], [ -122.297716642864685, 47.649792192045503 ] ] ], [ [ [ -122.296319732782109, 47.650935124950372 ], [ -122.296328379719483, 47.650800296619998 ], [ -122.296433001007344, 47.650683869765679 ], [ -122.296570702472195, 47.650585784079972 ], [ -122.296945560192611, 47.650210203645884 ], [ -122.297057385649978, 47.650157071434272 ], [ -122.297195374254471, 47.650157691295831 ], [ -122.297382988483932, 47.650095851490441 ], [ -122.297504036729507, 47.650105640271732 ], [ -122.297732326052312, 47.650197062014037 ], [ -122.297918194619044, 47.65041423554009 ], [ -122.297943038272464, 47.650549233630649 ], [ -122.297837186964102, 47.65080963003733 ], [ -122.297715522036299, 47.650871822924643 ], [ -122.297439523399945, 47.65096004414584 ], [ -122.297480513830934, 47.651032415647315 ], [ -122.297667201273853, 47.651123450025878 ], [ -122.297747758585729, 47.65119589747156 ], [ -122.297625956804055, 47.651554904488307 ], [ -122.297626451423895, 47.65178007166918 ], [ -122.297552736573095, 47.652211340577566 ], [ -122.297479784131767, 47.652274156566349 ], [ -122.297366328312805, 47.652309149171259 ], [ -122.297245169728697, 47.652326435269387 ], [ -122.296870657722792, 47.65226125529157 ], [ -122.296602482031304, 47.652160506487832 ], [ -122.296424317796763, 47.652051516979327 ], [ -122.296155548659684, 47.651842814525182 ], [ -122.296084231367374, 47.651743490437049 ], [ -122.296002270199025, 47.651508949437812 ], [ -122.296002190581049, 47.651356090468198 ], [ -122.29610013890607, 47.651131804843921 ], [ -122.296319732782109, 47.650935124950372 ] ] ], [ [ [ -122.298957053076251, 47.652580082998874 ], [ -122.298803517013312, 47.652659907689923 ], [ -122.298704692481863, 47.652677539298807 ], [ -122.298193385108647, 47.652557231943163 ], [ -122.29797432088256, 47.65252907506995 ], [ -122.297893648808, 47.652483362959181 ], [ -122.297983762548554, 47.652357904416853 ], [ -122.298160747880104, 47.652251331606124 ], [ -122.29837251345252, 47.652243613301508 ], [ -122.298663913341315, 47.652371076335662 ], [ -122.298933320216165, 47.652417991944567 ], [ -122.298997334091951, 47.652481096912041 ], [ -122.299004643720664, 47.652517314258333 ], [ -122.298957053076251, 47.652580082998874 ] ] ], [ [ [ -122.295775548284212, 47.652668480164699 ], [ -122.295571094037768, 47.652622271756222 ], [ -122.295441719246554, 47.652576279013481 ], [ -122.295384807168048, 47.652513062918935 ], [ -122.295352343886933, 47.652422737342455 ], [ -122.295474326663282, 47.652369793294653 ], [ -122.295863864500078, 47.652399104768918 ], [ -122.296107488680263, 47.652373420864436 ], [ -122.296391502137809, 47.6524022952688 ], [ -122.296464961954356, 47.652474852794754 ], [ -122.296441001191312, 47.652546510621363 ], [ -122.296236842122639, 47.652599349446568 ], [ -122.296010246454287, 47.652678921063483 ], [ -122.295775548284212, 47.652668480164699 ] ] ], [ [ [ -122.294427400392323, 47.652732051201241 ], [ -122.294638967491849, 47.652778497711417 ], [ -122.294712018949554, 47.652778745387074 ], [ -122.294874087128022, 47.652680972726486 ], [ -122.295036136199684, 47.652672996837829 ], [ -122.295239382531264, 47.652683240264302 ], [ -122.295701663766067, 47.65279402994225 ], [ -122.29583965503393, 47.652794648727529 ], [ -122.29641561987313, 47.652726494781838 ], [ -122.296715858764415, 47.652755118691928 ], [ -122.297178321231911, 47.653171962770578 ], [ -122.29730119053572, 47.653235536058389 ], [ -122.297397584085189, 47.653326247578008 ], [ -122.297357501678874, 47.653371074980868 ], [ -122.297226493936648, 47.653397083814724 ], [ -122.29683034957813, 47.65341277959012 ], [ -122.296666469375822, 47.653456773359238 ], [ -122.296107559235509, 47.653489364199217 ], [ -122.294662705590341, 47.653453318786156 ], [ -122.294516806025271, 47.653398667983808 ], [ -122.294459065964318, 47.653371108676978 ], [ -122.294321471775888, 47.653352317158571 ], [ -122.294207411798979, 47.653369493656776 ], [ -122.294126856014344, 47.653297043847125 ], [ -122.294225004602964, 47.653198883737701 ], [ -122.294427400392323, 47.652732051201241 ] ] ], [ [ [ -122.293769906310473, 47.641531111007133 ], [ -122.293870215954428, 47.641543105764541 ], [ -122.293934638739159, 47.641664129883303 ], [ -122.29389961105997, 47.641813759103044 ], [ -122.293784036863443, 47.641951086988435 ], [ -122.293542358891912, 47.641927725553771 ], [ -122.293257900334623, 47.64182361959363 ], [ -122.293353703390835, 47.641686596088093 ], [ -122.293610137715518, 47.641560640357454 ], [ -122.293769906310473, 47.641531111007133 ] ] ], [ [ [ -122.292939601915407, 47.642492562458727 ], [ -122.292773959015634, 47.642332477246597 ], [ -122.29269114084245, 47.642252520872702 ], [ -122.292606496775775, 47.642118270026877 ], [ -122.292763023943579, 47.642007387704687 ], [ -122.292800791668384, 47.641939118246597 ], [ -122.292900692665825, 47.641923873886206 ], [ -122.29314095703414, 47.641920182127478 ], [ -122.293485682999048, 47.642036901607746 ], [ -122.293749919365837, 47.64212777838312 ], [ -122.29413879104257, 47.642365659086352 ], [ -122.294282847440314, 47.642471919116744 ], [ -122.294406629131259, 47.642578493482084 ], [ -122.294332013703539, 47.642742268258303 ], [ -122.294253292271506, 47.642784091668609 ], [ -122.294174063921432, 47.642825925558817 ], [ -122.293892840514928, 47.642803170059992 ], [ -122.293611114609462, 47.642780424352395 ], [ -122.29330688283585, 47.642676622401382 ], [ -122.293062977308679, 47.64257206547795 ], [ -122.292939601915407, 47.642492562458727 ] ] ], [ [ [ -122.285026588, 47.643026024000051 ], [ -122.284995067999944, 47.643036586000051 ], [ -122.284949027014676, 47.64303656694495 ], [ -122.285027015189371, 47.643024516649945 ], [ -122.285034572122811, 47.643023348995001 ], [ -122.285026588, 47.643026024000051 ] ] ], [ [ [ -122.288249602004143, 47.643160870244238 ], [ -122.288347222893307, 47.643258940577326 ], [ -122.28856923690887, 47.643482086849069 ], [ -122.288581320821777, 47.643494582891215 ], [ -122.288387456026129, 47.643687257330747 ], [ -122.288110727214018, 47.643813509333597 ], [ -122.287912318604185, 47.643870701676882 ], [ -122.287712496555685, 47.643901009154291 ], [ -122.287802869143604, 47.643601446771122 ], [ -122.287957188225391, 47.643409206491341 ], [ -122.287961623850762, 47.643405368429654 ], [ -122.288169726908279, 47.643228927851908 ], [ -122.288249602004143, 47.643160870244238 ] ] ], [ [ [ -122.28537483125443, 47.644153570864106 ], [ -122.285739830631798, 47.644270000142761 ], [ -122.285981919842158, 47.644320447674922 ], [ -122.286224512358103, 47.644370887006943 ], [ -122.286445015056458, 47.644367514433583 ], [ -122.286747428560801, 47.644417209653739 ], [ -122.286570599763152, 47.644528218799856 ], [ -122.28571067785731, 47.644595702754494 ], [ -122.285045984640519, 47.64451093135758 ], [ -122.284477700156131, 47.644480017114212 ], [ -122.284492015999945, 47.644445205000068 ], [ -122.284494177999989, 47.644439950000049 ], [ -122.284574482999972, 47.644244659000037 ], [ -122.284665572999984, 47.644023137000033 ], [ -122.284770283230827, 47.643768490053652 ], [ -122.284783435533612, 47.643864434157301 ], [ -122.284872517935554, 47.643980287408574 ], [ -122.284990517531426, 47.644050972597128 ], [ -122.285242800133432, 47.644118232529905 ], [ -122.28537483125443, 47.644153570864106 ] ] ], [ [ [ -122.287932310571051, 47.644466753821341 ], [ -122.287874718427886, 47.64454903740836 ], [ -122.287798708647955, 47.64467204324923 ], [ -122.287074659948317, 47.644601902091196 ], [ -122.28708163472777, 47.644552784010905 ], [ -122.287106980538937, 47.644370918432166 ], [ -122.287544359035607, 47.644255917691119 ], [ -122.287821038448641, 47.644143204584772 ], [ -122.288136456719769, 47.643975744867532 ], [ -122.288316004524489, 47.643945917357122 ], [ -122.288239552410658, 47.644055563611339 ], [ -122.288175270760803, 47.644195529590633 ], [ -122.288127083766881, 47.644301142531056 ], [ -122.287932310571051, 47.644466753821341 ] ] ], [ [ [ -122.291532708102565, 47.6465800381214 ], [ -122.291509637429002, 47.646572679346598 ], [ -122.291289692009371, 47.646502367246093 ], [ -122.290811352645306, 47.646591106869337 ], [ -122.29065207425991, 47.646620627057324 ], [ -122.290696218803674, 47.646741961037364 ], [ -122.290568611443831, 47.646763112204574 ], [ -122.290337102765008, 47.64680162308327 ], [ -122.289976172061429, 47.64680715954615 ], [ -122.289630059807365, 47.646649838030825 ], [ -122.289426587907641, 47.646571729640527 ], [ -122.289163752251568, 47.64650789498517 ], [ -122.288841560468342, 47.646458681768074 ], [ -122.288398717873051, 47.646411316639792 ], [ -122.287995921108106, 47.646363163567507 ], [ -122.287712363211952, 47.646286276462384 ], [ -122.287626520465821, 47.646161464599594 ], [ -122.287564672924475, 47.646071586933225 ], [ -122.287558767108379, 47.645895513850427 ], [ -122.287634826389692, 47.645758795335695 ], [ -122.28762846645833, 47.645569189737429 ], [ -122.287663968134964, 47.645433095173452 ], [ -122.287691297950985, 47.645053267650987 ], [ -122.287813581742, 47.64500958053619 ], [ -122.287849665445293, 47.644996689231746 ], [ -122.287866133630985, 47.645003807133712 ], [ -122.28787487748383, 47.645007443272704 ], [ -122.287971618523258, 47.645048973141662 ], [ -122.288446954692105, 47.645022156231974 ], [ -122.288632230244389, 47.645011776488225 ], [ -122.288873920138542, 47.645035150794783 ], [ -122.289354980300175, 47.645027775662896 ], [ -122.289472840149429, 47.644958106659011 ], [ -122.289469205476038, 47.644849857710248 ], [ -122.289305382926756, 47.644743894984117 ], [ -122.289006183826913, 47.644623896108655 ], [ -122.288979963728053, 47.644613330501912 ], [ -122.288858813553134, 47.644615187667235 ], [ -122.288578998182999, 47.644619476601299 ], [ -122.288331007913996, 47.644604766666681 ], [ -122.288217173953612, 47.644597942642406 ], [ -122.28811937826481, 47.644570308584974 ], [ -122.288035406997821, 47.644546575466393 ], [ -122.28818843008861, 47.644451691966673 ], [ -122.288330092839189, 47.644365896231513 ], [ -122.288524868393878, 47.644200281466411 ], [ -122.28879477850505, 47.64387072034117 ], [ -122.288986821637181, 47.643623920789061 ], [ -122.289178459649108, 47.643349878146019 ], [ -122.289450137543909, 47.643088319988145 ], [ -122.2896426759132, 47.642841338837144 ], [ -122.289795580332026, 47.642622214149064 ], [ -122.289953023790844, 47.642538400630777 ], [ -122.290189243292389, 47.64239922599468 ], [ -122.290387648037409, 47.642342029676612 ], [ -122.290708504741815, 47.642337106425188 ], [ -122.290830454631205, 47.642389390158051 ], [ -122.291033004858704, 47.642440603978486 ], [ -122.291315134694443, 47.642490428627823 ], [ -122.291432128776506, 47.642380155020859 ], [ -122.291689937397436, 47.642294971021997 ], [ -122.291868974725702, 47.642265145741263 ], [ -122.292068784223545, 47.642234831185377 ], [ -122.292309961865968, 47.642258376103435 ], [ -122.292392376251115, 47.642311262712589 ], [ -122.292555281554229, 47.642389989077884 ], [ -122.292719558513767, 47.642509479859513 ], [ -122.292845664644304, 47.642670169835675 ], [ -122.293009487949959, 47.642776130443018 ], [ -122.293111672419116, 47.642828712783789 ], [ -122.293474810833516, 47.642904533693368 ], [ -122.293637315685828, 47.642956188502517 ], [ -122.293917624750222, 47.642951879708349 ], [ -122.294120174361197, 47.643002918247014 ], [ -122.29410127107019, 47.64304399459138 ], [ -122.294165690473562, 47.643164848582224 ], [ -122.29416888482254, 47.643259737644307 ], [ -122.293978183631879, 47.643560847972985 ], [ -122.293625073898241, 47.643783055594298 ], [ -122.293313322139142, 47.644058948947247 ], [ -122.292919650219432, 47.644281777606381 ], [ -122.29260516122369, 47.644476485092767 ], [ -122.292291175084017, 47.644671011215273 ], [ -122.292094082515305, 47.644782512834091 ], [ -122.29177735738179, 47.644895678245504 ], [ -122.291440304309489, 47.645022867027578 ], [ -122.291606458381807, 47.645182943394467 ], [ -122.2920119793813, 47.645312270672854 ], [ -122.292416089319303, 47.645414542050304 ], [ -122.292840063968214, 47.645489257943346 ], [ -122.293161850034849, 47.645511392898584 ], [ -122.293485871381648, 47.645614891194526 ], [ -122.293570523215692, 47.645749141167897 ], [ -122.293375757586617, 47.645914761483866 ], [ -122.293280770146708, 47.64601595747331 ], [ -122.293221041309664, 47.646079766055571 ], [ -122.293104038752887, 47.646190041314014 ], [ -122.292986630309372, 47.646273071017085 ], [ -122.292831911787829, 47.646438075043385 ], [ -122.292727071376433, 47.646457507894063 ], [ -122.29267212400184, 47.646467605840002 ], [ -122.292391796348056, 47.646471911635295 ], [ -122.292287226563715, 47.64634858886695 ], [ -122.292266644521291, 47.646324743417004 ], [ -122.292246333121128, 47.646339107541429 ], [ -122.292148733361529, 47.646407952706674 ], [ -122.291869315890949, 47.646439319443004 ], [ -122.291690667350281, 47.64649621190263 ], [ -122.291532708102565, 47.6465800381214 ] ] ], [ [ [ -122.285446989973352, 47.645777887917674 ], [ -122.285237924536375, 47.645456685487993 ], [ -122.285221995460162, 47.645253686809063 ], [ -122.285234468352797, 47.645141421373467 ], [ -122.285420916256854, 47.644938926698444 ], [ -122.285659884208968, 47.644881120855729 ], [ -122.286141850402501, 47.644900821233314 ], [ -122.286261987506023, 47.644898982406467 ], [ -122.286502768687583, 47.644895299362183 ], [ -122.286783092580023, 47.644891007644901 ], [ -122.287043642984969, 47.644887018052437 ], [ -122.287270737561443, 47.64488354300839 ], [ -122.287444610811448, 47.644880879968845 ], [ -122.287526517516213, 47.644933777708637 ], [ -122.287528528205627, 47.644993725734125 ], [ -122.287534240231821, 47.645164148088469 ], [ -122.287500099960724, 47.645340837371855 ], [ -122.287467320909627, 47.645558118625694 ], [ -122.28743499710535, 47.645789102309408 ], [ -122.287440902592721, 47.645965178148352 ], [ -122.287436731582659, 47.646158375106246 ], [ -122.287433393496627, 47.646331162389231 ], [ -122.287089908174451, 47.646221606258393 ], [ -122.286987375516105, 47.646188902738693 ], [ -122.28660253709559, 47.646086317646329 ], [ -122.286338352402964, 47.645982057266835 ], [ -122.286001915936581, 47.645795274523763 ], [ -122.28592214848527, 47.645821342241874 ], [ -122.285733510694385, 47.645882836712012 ], [ -122.285446989973352, 47.645777887917674 ] ] ], [ [ [ -122.293930662516843, 47.65364690486156 ], [ -122.293720003653675, 47.653627521914274 ], [ -122.293696773620425, 47.653600460088782 ], [ -122.293720923826029, 47.653564444484459 ], [ -122.293825965585853, 47.653520330984627 ], [ -122.294330167061119, 47.653550284516243 ], [ -122.294423469061542, 47.653519202151948 ], [ -122.294435504166159, 47.653515077038158 ], [ -122.294516679982436, 47.65351554268188 ], [ -122.294582224608206, 47.653533728108748 ], [ -122.294866243422717, 47.653562606207167 ], [ -122.294962538143295, 47.65359025787717 ], [ -122.295043611746834, 47.653617800824293 ], [ -122.294954510046551, 47.653653101912603 ], [ -122.294580898874742, 47.653614976771046 ], [ -122.29432914482291, 47.653640436879783 ], [ -122.293930662516843, 47.65364690486156 ] ] ], [ [ [ -122.287201226263235, 47.655062785965121 ], [ -122.287185791995356, 47.655116831582873 ], [ -122.287137277451436, 47.655152533306364 ], [ -122.28699032338497, 47.655187342997998 ], [ -122.286868254618824, 47.65514739819497 ], [ -122.286776951224255, 47.655072722688743 ], [ -122.286759246542545, 47.655058242328231 ], [ -122.286676932642052, 47.654902872758953 ], [ -122.286697804653741, 47.654753806553288 ], [ -122.286777115413486, 47.654754256325155 ], [ -122.286861173927818, 47.654754733021576 ], [ -122.286965173541731, 47.654800438210856 ], [ -122.287201226263235, 47.655062785965121 ] ] ], [ [ [ -122.287200929968947, 47.65538667445351 ], [ -122.287583072084516, 47.655074078117281 ], [ -122.287679994291295, 47.65502975192026 ], [ -122.287786246698431, 47.655021612582274 ], [ -122.28807887370705, 47.655095273601624 ], [ -122.288126460749453, 47.655122648823912 ], [ -122.288036425024714, 47.655221021940051 ], [ -122.287867132505795, 47.655345971345959 ], [ -122.287624469631311, 47.65546141668063 ], [ -122.287323890114763, 47.655513659781498 ], [ -122.287257324080429, 47.655495143203666 ], [ -122.287161446474869, 47.655449656643043 ], [ -122.287200929968947, 47.65538667445351 ] ] ], [ [ [ -122.284729949594492, 47.645114691939163 ], [ -122.284880285395374, 47.645136214210865 ], [ -122.284951898987131, 47.645169565206572 ], [ -122.285011342570471, 47.645233260322101 ], [ -122.285029288482022, 47.645299649316001 ], [ -122.285057594223204, 47.645387639452871 ], [ -122.285028185021403, 47.645448410798942 ], [ -122.284940408255636, 47.645492768099146 ], [ -122.28481853318273, 47.645473039770359 ], [ -122.284695650337341, 47.645423335975906 ], [ -122.284546485570743, 47.645345929619928 ], [ -122.284505079568987, 47.64526036610458 ], [ -122.284522180072514, 47.645195500285666 ], [ -122.28460358131187, 47.645142502395373 ], [ -122.284729949594492, 47.645114691939163 ] ] ], [ [ [ -122.266078504148567, 47.563700157302783 ], [ -122.266063798731992, 47.563592414692124 ], [ -122.266249357909956, 47.563476498011845 ], [ -122.266443677748271, 47.563288811187121 ], [ -122.266695263334412, 47.563209592250629 ], [ -122.26696268805685, 47.563211023778777 ], [ -122.267092167455118, 47.563328679135765 ], [ -122.267221833333195, 47.563482662786313 ], [ -122.267262534181498, 47.563671927722375 ], [ -122.267205080784663, 47.563833202318975 ], [ -122.266968889726556, 47.563949205593914 ], [ -122.266743154656155, 47.563983475889628 ], [ -122.266329797861417, 47.563918105831505 ], [ -122.266192258925969, 47.563862951897612 ], [ -122.266078504148567, 47.563700157302783 ] ] ] ] } }
]
}
