{"type":"FeatureCollection", "features": [
{"type":"Feature","geometry":{"type":"Polygon","coordinates":[[[-122.39477221433225,48.23987450373393],[-122.39862033940689,48.24155733799334],[-122.40097509717387,48.244883598146316],[-122.40545848446408,48.24715482727459],[-122.40813540032451,48.25033503725071],[-122.4144995298118,48.253044960520846],[-122.41693928242547,48.25215128956281],[-122.41573960810734,48.25403206987712],[-122.42044618871493,48.25530559825435],[-122.42123369999999,48.2546269],[-122.42161770000001,48.2554322],[-122.4243827,48.2561529],[-122.42469961478834,48.257940325983945],[-122.42540651475997,48.25763784754713],[-122.42503836554643,48.25723071092897],[-122.42549571670519,48.25760297116685],[-122.42646503224768,48.256658130439405],[-122.42635253619918,48.257208496486484],[-122.42746749205556,48.25743368076242],[-122.42823170334323,48.25808020455077],[-122.42787441416972,48.258821766623534],[-122.42648508558881,48.25882098799152],[-122.42796825105752,48.25860048170766],[-122.42759590438095,48.25761179515243],[-122.42666192492463,48.25817891806416],[-122.42755724536697,48.257568691433555],[-122.42646363965754,48.2572346330869],[-122.42315890000002,48.2591063],[-122.42957091015829,48.2591013364885],[-122.43034281940007,48.26007119666176],[-122.43056865350835,48.259796576061085],[-122.43189977562551,48.26016168483725],[-122.43054237693329,48.26008766931333],[-122.4348325,48.2604418],[-122.43576995396712,48.26103507535797],[-122.43610762057908,48.26071437270368],[-122.4358523421116,48.261082316816896],[-122.43702084419861,48.26135026936305],[-122.43730013838153,48.26166360921618],[-122.43647343239826,48.261287259086515],[-122.43828230000001,48.262625],[-122.44403845002594,48.26467922676464],[-122.45889641223772,48.26684099647248],[-122.45917819452143,48.26701445132849],[-122.4590611610241,48.26769068150558],[-122.459692056451,48.26800913751653],[-122.45983680371378,48.26815475237079],[-122.45976656707326,48.26840260871759],[-122.4599561118443,48.26850832438482],[-122.4605986070251,48.26823195320654],[-122.4605651289196,48.268724788121176],[-122.45970708114211,48.268518716317615],[-122.45985936037053,48.2684915206986],[-122.45970764704003,48.26841923821832],[-122.45979148795763,48.26814959571727],[-122.45966278450804,48.26803122468365],[-122.459539848616,48.26824476104461],[-122.4596532354189,48.26800978336539],[-122.45900162312927,48.26768250013134],[-122.45907152078169,48.26699977457198],[-122.45867328046889,48.26698170815222],[-122.45842930250605,48.26752763708979],[-122.45863139758079,48.266981935124214],[-122.45783902239769,48.26722099997296],[-122.45791243319172,48.26689564420962],[-122.45685613807987,48.266565722615276],[-122.45833759747514,48.269168724540826],[-122.46334929999998,48.2701939],[-122.46703162572162,48.26884925328371],[-122.47185456725866,48.25799827113964],[-122.47528743170328,48.254255502725115],[-122.473273395,48.25325409100007],[-122.47281930699991,48.25331687000003],[-122.47189394,48.2533392880001],[-122.46993790499998,48.25289555600007],[-122.46915095899995,48.25253535600002],[-122.46298149799995,48.249625329000025],[-122.46226340199996,48.249152405000075],[-122.46146279799994,48.24808701100003],[-122.46117930599992,48.24771697200005],[-122.46075870599995,48.24693534100003],[-122.45960791599994,48.24420542500012],[-122.45678920899996,48.24269788200008],[-122.45521636299996,48.24010835500005],[-122.45420239399998,48.24119713400008],[-122.45143525199992,48.24230658500004],[-122.45089920699998,48.24235508300005],[-122.445085722,48.24151762100004],[-122.43975305299996,48.24128916200006],[-122.43740473599998,48.24099438600008],[-122.43526866,48.24019752400006],[-122.43369563199995,48.239882322000014],[-122.39477221433225,48.23987450373393]]]},"properties":{"COUNTY":"Island","PRECCODE":301,"PRECNAME":"Camano 01","PRECINCT":"Island 301","DESCRIPTIO":"N. Camano Island Far Northeast (English Boom, Pioneer Cemetery, Brown Point)","OFFICE":"PUD Commissioner District 1","JURISDICTION":"Public Utility","RACE":"Snohomish County PUD Commissioner District 1","Name_1":"Janet St Clair","Party_1":"None_2","Votes_1":"126","Name_2":"Sid Logan","Party_2":"None_1","Votes_2":"95","Name_3":"Bruce King","Party_3":"None_3","Votes_3":"51","Name_4":null,"Party_4":null,"Votes_4":"0","Name_5":null,"Party_5":null,"Votes_5":"0","Name_6":null,"Party_6":null,"Votes_6":"0","Name_7":null,"Party_7":null,"Votes_7":"0","Votes_total":"272","Pct_1":46.32,"Pct_2":34.93,"Pct_3":18.75,"Pct_4":0,"Pct_5":0,"Pct_6":0,"Pct_7":0,"Margin":11.39}},
{"type":"Feature","geometry":{"type":"Polygon","coordinates":[[[-122.521100167,48.225614613000054],[-122.50480275999998,48.22571666400005],[-122.50476567699997,48.23297164600007],[-122.50446993999998,48.247475976000025],[-122.50436146699995,48.25461936100003],[-122.50465522199994,48.25457516100004],[-122.50497113599998,48.25450214700004],[-122.50556154599997,48.254294239000046],[-122.50884759799996,48.25270678700008],[-122.51228175399993,48.24997731700005],[-122.51447064999996,48.24808747500004],[-122.51472783499996,48.247905623000065],[-122.51505877599999,48.247731670000064],[-122.51531388099994,48.24763599900007],[-122.51553021599992,48.24760042400004],[-122.51575195199995,48.24758522000007],[-122.51869793099996,48.24761110200007],[-122.51976875999996,48.247616015000055],[-122.51992859899995,48.24760909500002],[-122.52021716599995,48.24756208200006],[-122.52048252199995,48.24747292300003],[-122.52064054899995,48.24736765600006],[-122.52074195499995,48.247243723000054],[-122.52077773199993,48.24715858200005],[-122.52079085399998,48.24707060800006],[-122.52079293499996,48.24238620700004],[-122.52098319499997,48.23058485800004],[-122.521100167,48.225614613000054]]]},"properties":{"COUNTY":"Island","PRECCODE":302,"PRECNAME":"Camano 02","PRECINCT":"Island 302","DESCRIPTIO":"N. Camano Island Northwest (Brentwood, Rocky Point Heights, The Finery)","OFFICE":"PUD Commissioner District 1","JURISDICTION":"Public Utility","RACE":"Snohomish County PUD Commissioner District 1","Name_1":"Sid Logan","Party_1":"None_1","Votes_1":"114","Name_2":"Janet St Clair","Party_2":"None_2","Votes_2":"103","Name_3":"Bruce King","Party_3":"None_3","Votes_3":"39","Name_4":null,"Party_4":null,"Votes_4":"0","Name_5":null,"Party_5":null,"Votes_5":"0","Name_6":null,"Party_6":null,"Votes_6":"0","Name_7":null,"Party_7":null,"Votes_7":"0","Votes_total":"256","Pct_1":44.53,"Pct_2":40.23,"Pct_3":15.23,"Pct_4":0,"Pct_5":0,"Pct_6":0,"Pct_7":0,"Margin":4.3}},
{"type":"Feature","geometry":{"type":"Polygon","coordinates":[[[-122.52715127799996,48.19679315800005],[-122.50531655299996,48.19660580600003],[-122.50498003899997,48.21840853500004],[-122.50480275999998,48.22571666400005],[-122.521100167,48.225614613000054],[-122.521243885,48.220341126000044],[-122.52128916599996,48.22006697900008],[-122.52166983999993,48.21913825000007],[-122.52193531299997,48.21823548500004],[-122.52209199099994,48.21697280600006],[-122.52215535199996,48.21565460000004],[-122.52219811499998,48.214116981000075],[-122.52221940099997,48.21396886400003],[-122.52226354299992,48.21382390800005],[-122.52234334299999,48.21365980400003],[-122.522470366,48.21348185100004],[-122.52263320699996,48.21331744500003],[-122.5228026,48.21318722700005],[-122.52597497299996,48.211699717000045],[-122.526682748,48.21115937900004],[-122.52691051599999,48.210600844000055],[-122.52691405999997,48.20707250700007],[-122.52519793,48.20266299700006],[-122.52536088899993,48.20070908500003],[-122.52704397599997,48.198787639000045],[-122.52715127799996,48.19679315800005]]]},"properties":{"COUNTY":"Island","PRECCODE":303,"PRECNAME":"Camano 03","PRECINCT":"Island 303","DESCRIPTIO":"N. Camano Island Southwest (North Camano Ridge Road, Carp Lake Road, Sunny Hills)","OFFICE":"PUD Commissioner District 1","JURISDICTION":"Public Utility","RACE":"Snohomish County PUD Commissioner District 1","Name_1":"Sid Logan","Party_1":"None_1","Votes_1":"58","Name_2":"Janet St Clair","Party_2":"None_2","Votes_2":"55","Name_3":"Bruce King","Party_3":"None_3","Votes_3":"35","Name_4":null,"Party_4":null,"Votes_4":"0","Name_5":null,"Party_5":null,"Votes_5":"0","Name_6":null,"Party_6":null,"Votes_6":"0","Name_7":null,"Party_7":null,"Votes_7":"0","Votes_total":"148","Pct_1":39.19,"Pct_2":37.16,"Pct_3":23.65,"Pct_4":0,"Pct_5":0,"Pct_6":0,"Pct_7":0,"Margin":2.03}},
{"type":"Feature","geometry":{"type":"Polygon","coordinates":[[[-122.47180197399992,48.23169174200009],[-122.48087030200003,48.231823184000035],[-122.48307870800005,48.231143469000095],[-122.48527966699994,48.228741663000065],[-122.48587604099994,48.22780507200011],[-122.48638607999996,48.226935699000116],[-122.48650936999994,48.22676697900001],[-122.48665793399996,48.226601634000104],[-122.48682764099998,48.226445528000056],[-122.48701719999994,48.226299849000085],[-122.48728126599994,48.226122849],[-122.48749166699994,48.22600442800007],[-122.487716519,48.225898629000014],[-122.48795410799993,48.2258062550001],[-122.48819719899996,48.225729368000046],[-122.48848235099993,48.22565751900006],[-122.48871652999995,48.22561217000003],[-122.48901495399993,48.22557101000008],[-122.48931759199996,48.22554738800008],[-122.48956118799995,48.22554124400003],[-122.50480276,48.22571666400005],[-122.50498003899997,48.21840853500006],[-122.50531655299996,48.19660580600007],[-122.49989644099995,48.196597084000054],[-122.48526084199995,48.196485574000064],[-122.47915020199997,48.196461352000014],[-122.47908827600001,48.20123040500008],[-122.47928398299995,48.20433295200011],[-122.47921630599994,48.207293835000044],[-122.47895672799997,48.20972884900008],[-122.47871177699993,48.21176271900004],[-122.47790767000004,48.21396806000009],[-122.47774273899996,48.2146542340001],[-122.477501661,48.21833063],[-122.47746667299992,48.2185786150001],[-122.47739313599999,48.21882281800005],[-122.47638352499995,48.22144056100011],[-122.47180197399992,48.23169174200009]]]},"properties":{"COUNTY":"Island","PRECCODE":304,"PRECNAME":"Camano 04","PRECINCT":"Island 304","DESCRIPTIO":"N. Camano Island South (Camano Hills, Camano Ridge Forest, Cottonwood Drive)","OFFICE":"PUD Commissioner District 1","JURISDICTION":"Public Utility","RACE":"Snohomish County PUD Commissioner District 1","Name_1":"Sid Logan","Party_1":"None_1","Votes_1":"97","Name_2":"Janet St Clair","Party_2":"None_2","Votes_2":"80","Name_3":"Bruce King","Party_3":"None_3","Votes_3":"47","Name_4":null,"Party_4":null,"Votes_4":"0","Name_5":null,"Party_5":null,"Votes_5":"0","Name_6":null,"Party_6":null,"Votes_6":"0","Name_7":null,"Party_7":null,"Votes_7":"0","Votes_total":"224","Pct_1":43.3,"Pct_2":35.71,"Pct_3":20.98,"Pct_4":0,"Pct_5":0,"Pct_6":0,"Pct_7":0,"Margin":7.59}},
{"type":"Feature","geometry":{"type":"Polygon","coordinates":[[[-122.47915020199997,48.196461352000014],[-122.477407535196,48.196463629967376],[-122.47830364131188,48.20100794483496],[-122.47831563206623,48.20382003235786],[-122.47772769999999,48.2050219],[-122.4753882,48.2060533],[-122.47323360496226,48.206069608026766],[-122.47162836027539,48.20467222787365],[-122.46952646054791,48.20107384525075],[-122.46616688720191,48.200297419377605],[-122.46457089731676,48.19946937661329],[-122.4647769,48.1980429],[-122.4633682,48.1966137],[-122.46479990000002,48.1950479],[-122.4637032,48.1938955],[-122.46230979999997,48.1933435],[-122.45867809999997,48.1946524],[-122.45453939999997,48.1969144],[-122.4532874,48.1995351],[-122.44739481237946,48.20332460839746],[-122.4412689,48.2107898],[-122.44310493695828,48.21370593882691],[-122.446287,48.2165053],[-122.44430859999999,48.2144312],[-122.4449456,48.2141765],[-122.44322559999998,48.2134717],[-122.4454811,48.2139162],[-122.445365,48.2136238],[-122.44309866424435,48.21271359962124],[-122.44919380000002,48.2145266],[-122.45095823994792,48.219809591493004],[-122.45127716568243,48.22527922354549],[-122.45573533099997,48.22541244400002],[-122.45596850399993,48.21724784300003],[-122.46119002199997,48.21731102500011],[-122.46837877099993,48.21730844200007],[-122.47000758199998,48.217284898000074],[-122.47243421999993,48.21729293000003],[-122.47371709499991,48.21727920600005],[-122.47598287399993,48.217285456000035],[-122.47721866499995,48.217273791000046],[-122.47757106199998,48.21728049400007],[-122.47774273899996,48.2146542340001],[-122.47790767000004,48.21396806000009],[-122.47871177699993,48.21176271900004],[-122.47895672799997,48.20972884900008],[-122.47921630599994,48.207293835000044],[-122.47928398299995,48.20433295200011],[-122.47908827600001,48.20123040500008],[-122.47915020199997,48.196461352000014]]]},"properties":{"COUNTY":"Island","PRECCODE":305,"PRECNAME":"Camano 05","PRECINCT":"Island 305","DESCRIPTIO":"N. Camano Island Southeast (Lake Grove Road, Barnum Point, Iverson Beach)","OFFICE":"PUD Commissioner District 1","JURISDICTION":"Public Utility","RACE":"Snohomish County PUD Commissioner District 1","Name_1":"Sid Logan","Party_1":"None_1","Votes_1":"88","Name_2":"Janet St Clair","Party_2":"None_2","Votes_2":"64","Name_3":"Bruce King","Party_3":"None_3","Votes_3":"52","Name_4":"Write-In","Party_4":"None_4","Votes_4":"1","Name_5":null,"Party_5":null,"Votes_5":"0","Name_6":null,"Party_6":null,"Votes_6":"0","Name_7":null,"Party_7":null,"Votes_7":"0","Votes_total":"205","Pct_1":42.93,"Pct_2":31.22,"Pct_3":25.37,"Pct_4":0.49,"Pct_5":0,"Pct_6":0,"Pct_7":0,"Margin":11.71}},
{"type":"Feature","geometry":{"type":"Polygon","coordinates":[[[-122.52929000888699,48.17201141580472],[-122.52897733487467,48.17035420036156],[-122.52631454021063,48.16907854920392],[-122.52350008508853,48.16639659719181],[-122.5226262,48.1648168],[-122.52347046369596,48.16270594275546],[-122.52208870707675,48.1617161521995],[-122.52078563940185,48.157512094557255],[-122.51788769856782,48.155308418027126],[-122.51613470527464,48.15158498051844],[-122.51303492269138,48.14813797147798],[-122.5130828152625,48.14606473687207],[-122.5154010744608,48.141846759516234],[-122.5134552948071,48.139508672874996],[-122.50476756999994,48.13951152100002],[-122.50424673499997,48.13934616200002],[-122.50406320199993,48.13930921300007],[-122.50351245899998,48.13922596400002],[-122.50066677800001,48.13881470800001],[-122.49849053999993,48.13851744],[-122.49791620199997,48.13845980500004],[-122.497315366,48.13842056500008],[-122.49584601500001,48.19063415700007],[-122.49863342799996,48.19064756500001],[-122.49930516799996,48.19060926900005],[-122.49963827499998,48.1905734150001],[-122.49995674599995,48.1905260780001],[-122.50025309999997,48.19046669200006],[-122.50054264999996,48.19039368400006],[-122.50082398999992,48.19030741000003],[-122.50109574499997,48.19020828700008],[-122.50281198199993,48.18949738500007],[-122.51286450799991,48.185226385000085],[-122.51873678799996,48.182843362],[-122.51979932599994,48.18241940700009],[-122.52016345199996,48.18229408700003],[-122.52082504299989,48.18212867200002],[-122.52121845999993,48.182052730000045],[-122.521733106,48.181989279000035],[-122.52220864899996,48.18195589900004],[-122.523086016,48.181943935000014],[-122.52732069599992,48.181987578000076],[-122.527372983,48.17724341100002],[-122.52742239599995,48.17681300400003],[-122.52747147599997,48.17662984600007],[-122.52754424699994,48.17645030400004],[-122.52832874300003,48.17487485400007],[-122.52852105299993,48.17427168500008],[-122.52835911599996,48.17201172100005],[-122.52929000888699,48.17201141580472]]]},"properties":{"COUNTY":"Island","PRECCODE":306,"PRECNAME":"Camano 06","PRECINCT":"Island 306","DESCRIPTIO":"Mid Camano Island West (Chapman Road, Cove Beach, Midcrest Road)","OFFICE":"PUD Commissioner District 1","JURISDICTION":"Public Utility","RACE":"Snohomish County PUD Commissioner District 1","Name_1":"Janet St Clair","Party_1":"None_2","Votes_1":"187","Name_2":"Sid Logan","Party_2":"None_1","Votes_2":"180","Name_3":"Bruce King","Party_3":"None_3","Votes_3":"74","Name_4":null,"Party_4":null,"Votes_4":"0","Name_5":null,"Party_5":null,"Votes_5":"0","Name_6":null,"Party_6":null,"Votes_6":"0","Name_7":null,"Party_7":null,"Votes_7":"0","Votes_total":"441","Pct_1":42.4,"Pct_2":40.82,"Pct_3":16.78,"Pct_4":0,"Pct_5":0,"Pct_6":0,"Pct_7":0,"Margin":1.58}},
{"type":"Feature","geometry":{"type":"Polygon","coordinates":[[[-122.4756950015219,48.167311654901795],[-122.4751135763585,48.17202877885794],[-122.47607969999999,48.1736799],[-122.47897080159126,48.17570115515091],[-122.47837603588472,48.17929653410861],[-122.47952665670637,48.18366795320701],[-122.47872656587892,48.187637602797544],[-122.47705699769375,48.18927159521069],[-122.471299,48.193058],[-122.4649614,48.1959565],[-122.469681,48.1945343],[-122.47433253097334,48.19435246314955],[-122.475871,48.1945815],[-122.47646889943147,48.19547740862602],[-122.47737407365504,48.19569469367752],[-122.4769955972221,48.19584076763271],[-122.47740750979501,48.19645817011108],[-122.483469749,48.19646300500005],[-122.48526084199995,48.196485574000064],[-122.48542735899994,48.19614359300004],[-122.49003984499996,48.19230408100004],[-122.48811732799999,48.18538159800005],[-122.48691491799995,48.178379785000054],[-122.48690629599997,48.17481164200006],[-122.49293091999996,48.174888109000044],[-122.49305853399993,48.170625793000056],[-122.49346283699998,48.16629951300007],[-122.49242536799993,48.16490286700008],[-122.49203021999996,48.16449070500005],[-122.48906293099995,48.16071728800006],[-122.47906196599996,48.16469163800008],[-122.47873065099998,48.16467395700005],[-122.4756950015219,48.167311654901795]]]},"properties":{"COUNTY":"Island","PRECCODE":307,"PRECNAME":"Camano 07","PRECINCT":"Island 307","DESCRIPTIO":"Mid Camano Island Northeast (Patricia Ann Drive, Driftwood Shores, Country Club Far North)","OFFICE":"PUD Commissioner District 1","JURISDICTION":"Public Utility","RACE":"Snohomish County PUD Commissioner District 1","Name_1":"Janet St Clair","Party_1":"None_2","Votes_1":"299","Name_2":"Sid Logan","Party_2":"None_1","Votes_2":"230","Name_3":"Bruce King","Party_3":"None_3","Votes_3":"110","Name_4":"Write-In","Party_4":"None_4","Votes_4":"2","Name_5":null,"Party_5":null,"Votes_5":"0","Name_6":null,"Party_6":null,"Votes_6":"0","Name_7":null,"Party_7":null,"Votes_7":"0","Votes_total":"641","Pct_1":46.65,"Pct_2":35.88,"Pct_3":17.16,"Pct_4":0.31,"Pct_5":0,"Pct_6":0,"Pct_7":0,"Margin":10.77}},
{"type":"Feature","geometry":{"type":"Polygon","coordinates":[[[-122.46704269199992,48.13826180300003],[-122.47176587699994,48.148462901000066],[-122.47463046399999,48.15229223800003],[-122.47481370899997,48.15318175900006],[-122.47575335399992,48.15962151800006],[-122.47689304,48.16169517000002],[-122.47906196599996,48.16469163800008],[-122.48906293099995,48.16071728800006],[-122.49423641199994,48.158593789000065],[-122.49677880799996,48.157500961000046],[-122.49731536599995,48.13842056500004],[-122.496617529,48.13840152500006],[-122.49459770399994,48.138413323000066],[-122.48638796399997,48.13836328200005],[-122.48233420899999,48.138325431000055],[-122.46704269199992,48.13826180300003]]]},"properties":{"COUNTY":"Island","PRECCODE":308,"PRECNAME":"Camano 08","PRECINCT":"Island 308","DESCRIPTIO":"Mid Camano Island South (Lost Lake, Forest Hill Road)","OFFICE":"PUD Commissioner District 1","JURISDICTION":"Public Utility","RACE":"Snohomish County PUD Commissioner District 1","Name_1":"Sid Logan","Party_1":"None_1","Votes_1":"187","Name_2":"Janet St Clair","Party_2":"None_2","Votes_2":"167","Name_3":"Bruce King","Party_3":"None_3","Votes_3":"90","Name_4":"Write-In","Party_4":"None_4","Votes_4":"7","Name_5":null,"Party_5":null,"Votes_5":"0","Name_6":null,"Party_6":null,"Votes_6":"0","Name_7":null,"Party_7":null,"Votes_7":"0","Votes_total":"451","Pct_1":41.46,"Pct_2":37.03,"Pct_3":19.96,"Pct_4":1.55,"Pct_5":0,"Pct_6":0,"Pct_7":0,"Margin":4.43}},
{"type":"Feature","geometry":{"type":"Polygon","coordinates":[[[-122.47873065099998,48.16467395700005],[-122.47906196599996,48.16469163800008],[-122.47689304,48.16169517000002],[-122.47575335399992,48.15962151800006],[-122.47481370899997,48.15318175900006],[-122.47463046399999,48.15229223800003],[-122.47176587699994,48.148462901000066],[-122.46704269199992,48.13826180300003],[-122.45259532199996,48.138068850000074],[-122.45046426599998,48.13805623700006],[-122.451695283,48.139474291000056],[-122.45321640499996,48.14125040000005],[-122.45497539399999,48.14330913700007],[-122.45604397599999,48.14410201800007],[-122.45849185499996,48.14558383200005],[-122.46007237099997,48.14656505200003],[-122.46062860099991,48.14705406300005],[-122.46790386899994,48.15733120800007],[-122.474616182,48.16313245500003],[-122.47873065099998,48.16467395700005]]]},"properties":{"COUNTY":"Island","PRECCODE":309,"PRECNAME":"Camano 09","PRECINCT":"Island 309","DESCRIPTIO":"Mid Camano Island Southwest (Country Club West)","OFFICE":"PUD Commissioner District 1","JURISDICTION":"Public Utility","RACE":"Snohomish County PUD Commissioner District 1","Name_1":"Sid Logan","Party_1":"None_1","Votes_1":"167","Name_2":"Janet St Clair","Party_2":"None_2","Votes_2":"139","Name_3":"Bruce King","Party_3":"None_3","Votes_3":"65","Name_4":"Write-In","Party_4":"None_4","Votes_4":"1","Name_5":null,"Party_5":null,"Votes_5":"0","Name_6":null,"Party_6":null,"Votes_6":"0","Name_7":null,"Party_7":null,"Votes_7":"0","Votes_total":"372","Pct_1":44.89,"Pct_2":37.37,"Pct_3":17.47,"Pct_4":0.27,"Pct_5":0,"Pct_6":0,"Pct_7":0,"Margin":7.52}},
{"type":"Feature","geometry":{"type":"Polygon","coordinates":[[[-122.46699644499995,48.13351614600003],[-122.46678234999996,48.131381443000066],[-122.46759516321252,48.13041207444636],[-122.463484305305,48.12730204563547],[-122.45537630351832,48.118786593477594],[-122.45019627779804,48.11507821019706],[-122.4467893124505,48.10927323394759],[-122.44495089781344,48.10870767487061],[-122.44390689590085,48.10781419563254],[-122.43956266580489,48.10643385349456],[-122.43374756640351,48.10582085887392],[-122.42898875399999,48.10923769100003],[-122.426462303,48.111786652000035],[-122.42494090099996,48.11606132200006],[-122.42477461799996,48.11942145200003],[-122.42577168399998,48.12071671900003],[-122.42612887099993,48.122295312000055],[-122.42744460899998,48.12277420000003],[-122.42639414828726,48.12345926476359],[-122.42659850861729,48.12379209928571],[-122.42935024022495,48.12531164916197],[-122.4365002578609,48.12705604596771],[-122.44262036449072,48.13081060734224],[-122.44748723411575,48.138052882331834],[-122.44948413699996,48.13805662200008],[-122.45259532199996,48.138068850000074],[-122.46704269199992,48.13826180300003],[-122.46697374999997,48.13738292400006],[-122.46699644499995,48.13351614600003]]]},"properties":{"COUNTY":"Island","PRECCODE":310,"PRECNAME":"Camano 10","PRECINCT":"Island 310","DESCRIPTIO":"S. Camano Island North (Camano Shores, Awa Lane, Port Susan Terrace)","OFFICE":"PUD Commissioner District 1","JURISDICTION":"Public Utility","RACE":"Snohomish County PUD Commissioner District 1","Name_1":"Janet St Clair","Party_1":"None_2","Votes_1":"175","Name_2":"Sid Logan","Party_2":"None_1","Votes_2":"133","Name_3":"Bruce King","Party_3":"None_3","Votes_3":"57","Name_4":"Write-In","Party_4":"None_4","Votes_4":"2","Name_5":null,"Party_5":null,"Votes_5":"0","Name_6":null,"Party_6":null,"Votes_6":"0","Name_7":null,"Party_7":null,"Votes_7":"0","Votes_total":"367","Pct_1":47.68,"Pct_2":36.24,"Pct_3":15.53,"Pct_4":0.54,"Pct_5":0,"Pct_6":0,"Pct_7":0,"Margin":11.44}},
{"type":"Feature","geometry":{"type":"Polygon","coordinates":[[[-122.39123571199998,48.07856670700005],[-122.38928787199995,48.07577332000005],[-122.3921605516847,48.07578859257713],[-122.39039202360274,48.069596618230584],[-122.38753094669624,48.06566213831269],[-122.38779291639028,48.063758191633546],[-122.38407622425758,48.063431698245694],[-122.37809413699895,48.05890854857189],[-122.37041301796357,48.05628704639332],[-122.36185298183248,48.054960192077544],[-122.3571109275508,48.056194271615105],[-122.35638707677693,48.057094821402046],[-122.35800800494933,48.059454179403346],[-122.35857722265764,48.061484729726544],[-122.36491602890496,48.066865960384845],[-122.3709899422532,48.07737814193871],[-122.37398840401582,48.08127376950574],[-122.37680584228482,48.08397768963063],[-122.38060377809687,48.089030280517896],[-122.38592270924336,48.09297571752311],[-122.38719514799996,48.09328717900007],[-122.39017123399998,48.094206720000045],[-122.39810084799996,48.09423363900004],[-122.39822050899994,48.09214365900005],[-122.39835846299998,48.086993258000064],[-122.39123571199998,48.07856670700005]]]},"properties":{"COUNTY":"Island","PRECCODE":311,"PRECNAME":"Camano 11","PRECINCT":"Island 311","DESCRIPTIO":"S. Camano Island South (Camano Head, Pebble Beach, Tyee Beach)","OFFICE":"PUD Commissioner District 1","JURISDICTION":"Public Utility","RACE":"Snohomish County PUD Commissioner District 1","Name_1":"Janet St Clair","Party_1":"None_2","Votes_1":"118","Name_2":"Sid Logan","Party_2":"None_1","Votes_2":"76","Name_3":"Bruce King","Party_3":"None_3","Votes_3":"27","Name_4":"Write-In","Party_4":"None_4","Votes_4":"1","Name_5":null,"Party_5":null,"Votes_5":"0","Name_6":null,"Party_6":null,"Votes_6":"0","Name_7":null,"Party_7":null,"Votes_7":"0","Votes_total":"222","Pct_1":53.15,"Pct_2":34.23,"Pct_3":12.16,"Pct_4":0.45,"Pct_5":0,"Pct_6":0,"Pct_7":0,"Margin":18.92}},
{"type":"Feature","geometry":{"type":"Polygon","coordinates":[[[-122.43975305299996,48.24128916200006],[-122.445085722,48.24151762100004],[-122.45089920699998,48.24235508300005],[-122.45143525199992,48.24230658500004],[-122.45420239399998,48.24119713400008],[-122.45521636299996,48.24010835500005],[-122.45503615999995,48.23991481600003],[-122.45472984900003,48.23969174500004],[-122.45472666999996,48.23870819600003],[-122.455040792,48.23770879300011],[-122.45660242999993,48.23538018300008],[-122.45706779899993,48.23336016500011],[-122.45601076199995,48.23197439000002],[-122.45589830399999,48.231827363000015],[-122.455724455,48.231523139000075],[-122.45565050399988,48.231280275000046],[-122.455638704,48.231121871],[-122.45566289099996,48.22926633900005],[-122.45573533099997,48.22541244400002],[-122.45141712863129,48.22540053894167],[-122.45366706054983,48.227149331404625],[-122.45384772214538,48.22801806042195],[-122.4508187,48.2318639],[-122.4425972,48.2351784],[-122.4360263,48.2364033],[-122.4302944,48.2363765],[-122.42515739999999,48.2323292],[-122.424982,48.2301315],[-122.4237273,48.2281897],[-122.41366279173404,48.226781345904485],[-122.4058927,48.2289845],[-122.39484739999999,48.2297871],[-122.3930803,48.2360017],[-122.39328439999997,48.2382903],[-122.39477221433225,48.23987450373393],[-122.43369563199995,48.239882322000014],[-122.43526866,48.24019752400006],[-122.43740473599998,48.24099438600008],[-122.43975305299996,48.24128916200006]]]},"properties":{"COUNTY":"Island","PRECCODE":312,"PRECNAME":"Camano 12","PRECINCT":"Island 312","DESCRIPTIO":"N. Camano Island Far East (Juniper Beach, Smith Road, Livingston Bay Shore)","OFFICE":"PUD Commissioner District 1","JURISDICTION":"Public Utility","RACE":"Snohomish County PUD Commissioner District 1","Name_1":"Janet St Clair","Party_1":"None_2","Votes_1":"82","Name_2":"Sid Logan","Party_2":"None_1","Votes_2":"65","Name_3":"Bruce King","Party_3":"None_3","Votes_3":"35","Name_4":null,"Party_4":null,"Votes_4":"0","Name_5":null,"Party_5":null,"Votes_5":"0","Name_6":null,"Party_6":null,"Votes_6":"0","Name_7":null,"Party_7":null,"Votes_7":"0","Votes_total":"182","Pct_1":45.05,"Pct_2":35.71,"Pct_3":19.23,"Pct_4":0,"Pct_5":0,"Pct_6":0,"Pct_7":0,"Margin":9.34}},
{"type":"Feature","geometry":{"type":"Polygon","coordinates":[[[-122.52079293499996,48.24238620700004],[-122.52079089799996,48.24706175700004],[-122.52078007499993,48.24714986900005],[-122.520746526,48.247235412000066],[-122.52069126999999,48.24731578600005],[-122.52061598499992,48.24738854800006],[-122.52052295899992,48.24745149000006],[-122.52042408399996,48.24749703300005],[-122.52028098199995,48.24754511500003],[-122.519996489,48.247602148000055],[-122.51976153099997,48.24761601900008],[-122.51569624599995,48.247587088000046],[-122.51547545899994,48.24760742800004],[-122.51528504699996,48.247642474000024],[-122.51502006199996,48.24774926500003],[-122.51479781899995,48.24786401500006],[-122.51459453299998,48.24799357300003],[-122.51444122199996,48.248111828000056],[-122.51228175399993,48.24997731700005],[-122.50884759799996,48.25270678700008],[-122.50556154599997,48.254294239000046],[-122.50497113599998,48.25450214700004],[-122.50465522199994,48.25457516100004],[-122.50436146699995,48.25461936100003],[-122.50434417866141,48.256204580988026],[-122.5064639664227,48.255244992639014],[-122.51354613637619,48.254323158623244],[-122.515576360566,48.25311904203055],[-122.52052790000002,48.2512677],[-122.530327,48.250064],[-122.53140115453422,48.24771136066824],[-122.53255549560811,48.246533271120555],[-122.53476042935705,48.24019487728779],[-122.53428591228894,48.22561973705641],[-122.53144176599994,48.22553206900005],[-122.52968963099994,48.22473369100004],[-122.52612927399996,48.224793423000044],[-122.52550371399997,48.224617239000054],[-122.52185718799994,48.22210052500002],[-122.52165438599994,48.22205678800004],[-122.52119752099998,48.222049328000026],[-122.52098319499997,48.23058485800004],[-122.52079293499996,48.24238620700004]]]},"properties":{"COUNTY":"Island","PRECCODE":313,"PRECNAME":"Camano 13","PRECINCT":"Island 313","DESCRIPTIO":"N. Camano Island Far Northwest (Rocky Point, Maple Grove Boat Ramp, Point Demock)","OFFICE":"PUD Commissioner District 1","JURISDICTION":"Public Utility","RACE":"Snohomish County PUD Commissioner District 1","Name_1":"Janet St Clair","Party_1":"None_2","Votes_1":"211","Name_2":"Sid Logan","Party_2":"None_1","Votes_2":"126","Name_3":"Bruce King","Party_3":"None_3","Votes_3":"64","Name_4":"Write-In","Party_4":"None_4","Votes_4":"1","Name_5":null,"Party_5":null,"Votes_5":"0","Name_6":null,"Party_6":null,"Votes_6":"0","Name_7":null,"Party_7":null,"Votes_7":"0","Votes_total":"402","Pct_1":52.49,"Pct_2":31.34,"Pct_3":15.92,"Pct_4":0.25,"Pct_5":0,"Pct_6":0,"Pct_7":0,"Margin":21.15}},
{"type":"Feature","geometry":{"type":"Polygon","coordinates":[[[-122.52119752099998,48.222049328000026],[-122.52165438599994,48.22205678800004],[-122.52185718799994,48.22210052500002],[-122.52550371399997,48.224617239000054],[-122.52612927399996,48.224793423000044],[-122.52968963099994,48.22473369100004],[-122.53144176599994,48.22553206900005],[-122.53428591228894,48.22561973705641],[-122.53492676557887,48.22044742877089],[-122.53819150454991,48.21215495228526],[-122.53805179999998,48.2060158],[-122.53872619227985,48.20369708400666],[-122.53592357815934,48.2005800620203],[-122.53562730104319,48.197781803402385],[-122.53422805465836,48.19679083735413],[-122.52715127799996,48.19679315800005],[-122.52704397599997,48.198787639000045],[-122.52536088899993,48.20070908500003],[-122.52519793,48.20266299700006],[-122.52691405999997,48.20707250700007],[-122.52691051599999,48.210600844000055],[-122.526682748,48.21115937900004],[-122.52597497299996,48.211699717000045],[-122.5228026,48.21318722700005],[-122.52265592999998,48.21329801000007],[-122.52252738899996,48.21341843400006],[-122.52241838599996,48.213547177000066],[-122.52233011599996,48.21368283100002],[-122.52223863299996,48.213896],[-122.52219817699995,48.214116109000024],[-122.52215535199996,48.21565460000004],[-122.52209199099994,48.21697280600006],[-122.52193531299997,48.21823548500004],[-122.52166983999993,48.21913825000007],[-122.52128916599996,48.22006697900008],[-122.52119752099998,48.222049328000026]]]},"properties":{"COUNTY":"Island","PRECCODE":314,"PRECNAME":"Camano 14","PRECINCT":"Island 314","DESCRIPTIO":"N. Camano Island Far Southwest (Madrona Beach, Sunset Beach, Rockaway Beach)","OFFICE":"PUD Commissioner District 1","JURISDICTION":"Public Utility","RACE":"Snohomish County PUD Commissioner District 1","Name_1":"Janet St Clair","Party_1":"None_2","Votes_1":"283","Name_2":"Sid Logan","Party_2":"None_1","Votes_2":"219","Name_3":"Bruce King","Party_3":"None_3","Votes_3":"97","Name_4":"Write-In","Party_4":"None_4","Votes_4":"1","Name_5":null,"Party_5":null,"Votes_5":"0","Name_6":null,"Party_6":null,"Votes_6":"0","Name_7":null,"Party_7":null,"Votes_7":"0","Votes_total":"600","Pct_1":47.17,"Pct_2":36.5,"Pct_3":16.17,"Pct_4":0.17,"Pct_5":0,"Pct_6":0,"Pct_7":0,"Margin":10.67}},
{"type":"Feature","geometry":{"type":"Polygon","coordinates":[[[-122.473273395,48.25325409100007],[-122.47528743170328,48.254255502725115],[-122.48021959999998,48.2514871],[-122.4858131,48.2506533],[-122.4925518,48.25152],[-122.4966545986912,48.25277256512745],[-122.49827162007647,48.253742507606596],[-122.49925676486122,48.256655009839875],[-122.50278042855027,48.25688257166148],[-122.50434417866141,48.256204580988026],[-122.50446993999998,48.247475976],[-122.50476567699992,48.2329716460001],[-122.50480276,48.22571666400005],[-122.48956118799995,48.22554124400003],[-122.489135634,48.22555944400001],[-122.48865755099995,48.22562248100009],[-122.48836717499991,48.22568426100005],[-122.48810203,48.22575757200007],[-122.48785765699995,48.225841546],[-122.48757996699995,48.225960546000074],[-122.487363588,48.22607402200005],[-122.48716263399996,48.226199587000046],[-122.48690115999995,48.22638594100002],[-122.48672334799997,48.22653801500008],[-122.48656618300004,48.226699811000046],[-122.48640650899992,48.226905062000064],[-122.48587604099994,48.22780507200011],[-122.48527966699994,48.228741663000065],[-122.48307870800005,48.231143469000095],[-122.48087030200003,48.231823184000035],[-122.47219273099992,48.231822166000036],[-122.47180133199994,48.250259177000075],[-122.47138861300002,48.25107515100008],[-122.46915095899995,48.25253535600002],[-122.46993790499998,48.25289555600007],[-122.47189394,48.2533392880001],[-122.47281930699991,48.25331687000003],[-122.473273395,48.25325409100007]]]},"properties":{"COUNTY":"Island","PRECCODE":315,"PRECNAME":"Camano 15","PRECINCT":"Island 315","DESCRIPTIO":"N. Camano Island North (Islandcrest Drive, Buena Vista, Utsalady Point)","OFFICE":"PUD Commissioner District 1","JURISDICTION":"Public Utility","RACE":"Snohomish County PUD Commissioner District 1","Name_1":"Janet St Clair","Party_1":"None_2","Votes_1":"264","Name_2":"Sid Logan","Party_2":"None_1","Votes_2":"250","Name_3":"Bruce King","Party_3":"None_3","Votes_3":"109","Name_4":null,"Party_4":null,"Votes_4":"0","Name_5":null,"Party_5":null,"Votes_5":"0","Name_6":null,"Party_6":null,"Votes_6":"0","Name_7":null,"Party_7":null,"Votes_7":"0","Votes_total":"623","Pct_1":42.38,"Pct_2":40.13,"Pct_3":17.5,"Pct_4":0,"Pct_5":0,"Pct_6":0,"Pct_7":0,"Margin":2.25}},
{"type":"Feature","geometry":{"type":"Polygon","coordinates":[[[-122.45596850399993,48.21724784300003],[-122.45588004099999,48.22065215200006],[-122.45570917299999,48.22637629500011],[-122.45564205600002,48.23121256300004],[-122.45566401399994,48.23134751800002],[-122.45570605299996,48.23147985800004],[-122.455877917,48.231797340000114],[-122.45601076199995,48.23197439000002],[-122.45706779899993,48.23336016500011],[-122.45660242999993,48.23538018300008],[-122.455040792,48.23770879300011],[-122.45472666999996,48.23870819600003],[-122.45472984900003,48.23969174500004],[-122.45503615999995,48.23991481600003],[-122.45521636299996,48.24010835500005],[-122.45678920899996,48.24269788200008],[-122.45960791599994,48.24420542500012],[-122.46075870599995,48.24693534100003],[-122.46117930599992,48.24771697200005],[-122.46146279799994,48.24808701100003],[-122.46226340199996,48.249152405000075],[-122.46298149799995,48.249625329000025],[-122.46915095899995,48.25253535600002],[-122.47138861300002,48.25107515100008],[-122.47180133199994,48.250259177000075],[-122.47219273099992,48.231822166000036],[-122.47180197399992,48.23169174200009],[-122.47638352499995,48.22144056100011],[-122.47742189099995,48.21874200400003],[-122.47749431399991,48.21841354400003],[-122.47757106199998,48.21728049400007],[-122.47721866499995,48.217273791000046],[-122.47598287399993,48.217285456000035],[-122.47371709499991,48.21727920600005],[-122.47243421999993,48.21729293000003],[-122.47000758199998,48.217284898000074],[-122.46837877099993,48.21730844200007],[-122.46119002199997,48.21731102500011],[-122.45596850399993,48.21724784300003]]]},"properties":{"COUNTY":"Island","PRECCODE":316,"PRECNAME":"Camano 16","PRECINCT":"Island 316","DESCRIPTIO":"N. Camano Island East (Camaloch, Terry Heights)","OFFICE":"PUD Commissioner District 1","JURISDICTION":"Public Utility","RACE":"Snohomish County PUD Commissioner District 1","Name_1":"Sid Logan","Party_1":"None_1","Votes_1":"222","Name_2":"Janet St Clair","Party_2":"None_2","Votes_2":"176","Name_3":"Bruce King","Party_3":"None_3","Votes_3":"88","Name_4":null,"Party_4":null,"Votes_4":"0","Name_5":null,"Party_5":null,"Votes_5":"0","Name_6":null,"Party_6":null,"Votes_6":"0","Name_7":null,"Party_7":null,"Votes_7":"0","Votes_total":"486","Pct_1":45.68,"Pct_2":36.21,"Pct_3":18.11,"Pct_4":0,"Pct_5":0,"Pct_6":0,"Pct_7":0,"Margin":9.47}},
{"type":"Feature","geometry":{"type":"Polygon","coordinates":[[[-122.52835911599996,48.17201172100005],[-122.52852105299993,48.174271685000065],[-122.52832874299997,48.174874854000045],[-122.52749776799998,48.17655751800003],[-122.52743029599998,48.17677615000008],[-122.52738280799996,48.17709264200004],[-122.52736390499996,48.178084039000055],[-122.52735104499999,48.18030635900004],[-122.52732069599995,48.181987578000076],[-122.52308601599995,48.18194393500004],[-122.52232796999998,48.181950999000044],[-122.52185165799992,48.18197887200006],[-122.52129824299998,48.18204031300007],[-122.52090291199995,48.18211165300005],[-122.52028894799994,48.182258052000066],[-122.51985861799993,48.182396764000025],[-122.51873678799996,48.18284336200003],[-122.51286450799996,48.18522638500007],[-122.50281198199998,48.18949738500003],[-122.50116202999999,48.19018155400005],[-122.50089287999997,48.19028381500004],[-122.50047097799992,48.19041319500007],[-122.50003139399998,48.19051252600008],[-122.499638275,48.190573415000074],[-122.49908184699994,48.190627001000045],[-122.49860181699992,48.19064826200008],[-122.49584601499998,48.19063415700003],[-122.49567911799996,48.19656242100006],[-122.50524731999995,48.19660520500002],[-122.52710855499997,48.19679317100008],[-122.53422805463354,48.19679083733672],[-122.53322379999999,48.1957827],[-122.5313248,48.1906404],[-122.5322153,48.1886019],[-122.53701109999997,48.1839596],[-122.534801,48.1822999],[-122.53203589798528,48.17621472318381],[-122.53003324884422,48.17457384983368],[-122.52929000888699,48.17201141580472],[-122.52835911599996,48.17201172100005]]]},"properties":{"COUNTY":"Island","PRECCODE":317,"PRECNAME":"Camano 17","PRECINCT":"Island 317","DESCRIPTIO":"Mid Camano Island Northwest (Four Springs House, Onamac Point, Sandy Beach)","OFFICE":"PUD Commissioner District 1","JURISDICTION":"Public Utility","RACE":"Snohomish County PUD Commissioner District 1","Name_1":"Sid Logan","Party_1":"None_1","Votes_1":"107","Name_2":"Janet St Clair","Party_2":"None_2","Votes_2":"98","Name_3":"Bruce King","Party_3":"None_3","Votes_3":"37","Name_4":"Write-In","Party_4":"None_4","Votes_4":"1","Name_5":null,"Party_5":null,"Votes_5":"0","Name_6":null,"Party_6":null,"Votes_6":"0","Name_7":null,"Party_7":null,"Votes_7":"0","Votes_total":"243","Pct_1":44.03,"Pct_2":40.33,"Pct_3":15.23,"Pct_4":0.41,"Pct_5":0,"Pct_6":0,"Pct_7":0,"Margin":3.7}},
{"type":"Feature","geometry":{"type":"Polygon","coordinates":[[[-122.49305853399993,48.170625793000056],[-122.49293091999996,48.174888109000044],[-122.48690629599997,48.17481164200006],[-122.48691491799995,48.178379785000054],[-122.48811732799999,48.18538159800005],[-122.49003984499996,48.19230408100004],[-122.48542735899994,48.19614359300004],[-122.48526402399995,48.196477653000045],[-122.49567911799996,48.19656242100006],[-122.49677880799996,48.157500961000046],[-122.49423641199994,48.158593789000065],[-122.48906293099995,48.16071728800006],[-122.49203021999996,48.16449070500005],[-122.49242536799993,48.16490286700008],[-122.49346283699998,48.16629951300007],[-122.49305853399993,48.170625793000056]]]},"properties":{"COUNTY":"Island","PRECCODE":318,"PRECNAME":"Camano 18","PRECINCT":"Island 318","DESCRIPTIO":"Mid Camano Island North (Ofarrell Road, Lawson Road & Solar Way)","OFFICE":"PUD Commissioner District 1","JURISDICTION":"Public Utility","RACE":"Snohomish County PUD Commissioner District 1","Name_1":"Sid Logan","Party_1":"None_1","Votes_1":"27","Name_2":"Janet St Clair","Party_2":"None_2","Votes_2":"26","Name_3":"Bruce King","Party_3":"None_3","Votes_3":"14","Name_4":null,"Party_4":null,"Votes_4":"0","Name_5":null,"Party_5":null,"Votes_5":"0","Name_6":null,"Party_6":null,"Votes_6":"0","Name_7":null,"Party_7":null,"Votes_7":"0","Votes_total":"67","Pct_1":40.3,"Pct_2":38.81,"Pct_3":20.9,"Pct_4":0,"Pct_5":0,"Pct_6":0,"Pct_7":0,"Margin":1.49}},
{"type":"Feature","geometry":{"type":"Polygon","coordinates":[[[-122.45046426599998,48.13805623700006],[-122.44948413699996,48.13805662200008],[-122.44748723411575,48.138052882331834],[-122.44976277078297,48.14237194076469],[-122.45584286012452,48.14565462750937],[-122.46013060860498,48.149066788382065],[-122.46417769999998,48.1553181],[-122.46705619999997,48.162807],[-122.47417480000001,48.1655668],[-122.4756950015219,48.167311654901795],[-122.47873065099998,48.16467395700005],[-122.474616182,48.16313245500003],[-122.46790386899994,48.15733120800007],[-122.46062860099991,48.14705406300005],[-122.46007237099997,48.14656505200003],[-122.45849185499996,48.14558383200005],[-122.45604397599999,48.14410201800007],[-122.45497539399999,48.14330913700007],[-122.45321640499996,48.14125040000005],[-122.45046426599998,48.13805623700006]]]},"properties":{"COUNTY":"Island","PRECCODE":319,"PRECNAME":"Camano 19","PRECINCT":"Island 319","DESCRIPTIO":"Mid Camano Island Far Southeast (Country Club East)","OFFICE":"PUD Commissioner District 1","JURISDICTION":"Public Utility","RACE":"Snohomish County PUD Commissioner District 1","Name_1":"Janet St Clair","Party_1":"None_2","Votes_1":"132","Name_2":"Sid Logan","Party_2":"None_1","Votes_2":"97","Name_3":"Bruce King","Party_3":"None_3","Votes_3":"33","Name_4":"Write-In","Party_4":"None_4","Votes_4":"1","Name_5":null,"Party_5":null,"Votes_5":"0","Name_6":null,"Party_6":null,"Votes_6":"0","Name_7":null,"Party_7":null,"Votes_7":"0","Votes_total":"263","Pct_1":50.19,"Pct_2":36.88,"Pct_3":12.55,"Pct_4":0.38,"Pct_5":0,"Pct_6":0,"Pct_7":0,"Margin":13.31}},
{"type":"Feature","geometry":{"type":"Polygon","coordinates":[[[-122.46697374999997,48.13738292400006],[-122.46704269199992,48.13826180300003],[-122.48233420899999,48.138325431000055],[-122.48638796399997,48.13836328200005],[-122.49459770399994,48.138413323000066],[-122.49690576199998,48.13840586800006],[-122.49762775899995,48.13843826800007],[-122.49834738299994,48.13850122100006],[-122.50066677799995,48.13881470800004],[-122.50406320199995,48.13930921300005],[-122.50476756999994,48.139511521000024],[-122.51345529482207,48.13950867294813],[-122.51338881241944,48.13935152856942],[-122.51334950000002,48.1392949],[-122.5125424116336,48.136698622154896],[-122.51182147081343,48.13554322018165],[-122.51132007800084,48.13291366448972],[-122.5024324,48.129446],[-122.4959383,48.1256312],[-122.49429416394202,48.12268996369095],[-122.49097146768632,48.12108110475272],[-122.48480501233783,48.12211365940712],[-122.4802628397618,48.12764018555583],[-122.4755131347621,48.129943699983386],[-122.4764270983438,48.13027923125913],[-122.47634976557298,48.130532619369454],[-122.47594498145499,48.13028002512515],[-122.47556008124332,48.1311552554141],[-122.47563476140685,48.13153376986814],[-122.47628581136304,48.131605091416915],[-122.47607031494339,48.132041722900645],[-122.47528855556996,48.13180273802129],[-122.47568262847668,48.13074103083538],[-122.47438727077086,48.13110508251128],[-122.47474646324584,48.13133484252296],[-122.47398187641032,48.131906878960585],[-122.47501356578482,48.13263650591358],[-122.47450517849153,48.132744240299196],[-122.47420105915113,48.1323117202241],[-122.47448318597684,48.13273204473425],[-122.47358755548619,48.132949690804494],[-122.47410479684456,48.13238180276795],[-122.47366056848739,48.13182036735304],[-122.47280008602601,48.131712850979945],[-122.4728403507945,48.132611873027706],[-122.47216425236269,48.13161419790735],[-122.47169294230994,48.13240574328032],[-122.47207918151122,48.132777573754495],[-122.47126803726998,48.132913705448885],[-122.47100914644662,48.1323842888853],[-122.47135526966366,48.13258569894287],[-122.47183875721873,48.13201100801933],[-122.47205581336362,48.13141280560445],[-122.47180677801202,48.13125283512756],[-122.4711914256308,48.131213203358854],[-122.47134905409197,48.13149649692057],[-122.469479687281,48.13143949779647],[-122.46960576831985,48.13218625487662],[-122.46839516395892,48.13163850002596],[-122.47011031533265,48.13122177095178],[-122.47123775527204,48.13114788503201],[-122.47182856428627,48.13117838823372],[-122.47207930511043,48.1313133677436],[-122.47266567533279,48.130567565792646],[-122.47456911994428,48.13036899717685],[-122.47729566759314,48.1288509269041],[-122.47056397651711,48.13021096062313],[-122.46759516321252,48.13041207444636],[-122.46678234999996,48.131381443000066],[-122.46699644499995,48.13351614600003],[-122.46697374999997,48.13738292400006]]]},"properties":{"COUNTY":"Island","PRECCODE":320,"PRECNAME":"Camano 20","PRECINCT":"Island 320","DESCRIPTIO":"S. Camano Island Northwest (Lowell Point, Saratoga Shores, Hamden Loop)","OFFICE":"PUD Commissioner District 1","JURISDICTION":"Public Utility","RACE":"Snohomish County PUD Commissioner District 1","Name_1":"Sid Logan","Party_1":"None_1","Votes_1":"66","Name_2":"Janet St Clair","Party_2":"None_2","Votes_2":"57","Name_3":"Bruce King","Party_3":"None_3","Votes_3":"16","Name_4":null,"Party_4":null,"Votes_4":"0","Name_5":null,"Party_5":null,"Votes_5":"0","Name_6":null,"Party_6":null,"Votes_6":"0","Name_7":null,"Party_7":null,"Votes_7":"0","Votes_total":"139","Pct_1":47.48,"Pct_2":41.01,"Pct_3":11.51,"Pct_4":0,"Pct_5":0,"Pct_6":0,"Pct_7":0,"Margin":6.47}},
{"type":"Feature","geometry":{"type":"Polygon","coordinates":[[[-122.38719514799996,48.09328717900007],[-122.38592270924339,48.09297571752312],[-122.39741684788065,48.10107983875587],[-122.41326072786246,48.11415759509754],[-122.41637487095494,48.11372274454882],[-122.4134391,48.1131723],[-122.41380229690317,48.112766386853146],[-122.41333808771674,48.11228098497188],[-122.4123277004697,48.112179292890275],[-122.41323585098903,48.11250960112651],[-122.41311367909405,48.1128659987448],[-122.41250657623982,48.11271777550359],[-122.4120199374527,48.11216575292509],[-122.41308337569126,48.112158796897425],[-122.41120776163355,48.11165470028425],[-122.4121070742895,48.11151995333974],[-122.41191378345354,48.111268834683365],[-122.41416482421268,48.11272918198285],[-122.41555325665689,48.11306438954859],[-122.41416733942285,48.1127985024183],[-122.41371044719301,48.11309052702514],[-122.41609736418725,48.113227392806756],[-122.42022377728262,48.11556211455255],[-122.4222059,48.1176674],[-122.4229742025879,48.12021330969596],[-122.42639414828729,48.12345926476365],[-122.42744460899992,48.122774200000016],[-122.42612887099993,48.1222953120001],[-122.42577168399998,48.120716719000036],[-122.42477461799999,48.119421452000076],[-122.42494090099996,48.11606132200006],[-122.426462303,48.111786652000035],[-122.42898875399996,48.109237691],[-122.43374756640348,48.10582085887392],[-122.42826616505278,48.1050524833932],[-122.42255921251363,48.102505932407354],[-122.41667273317216,48.09590764891379],[-122.41567896749049,48.09305014452571],[-122.4095809858289,48.09090307694394],[-122.4068317658608,48.088694479022294],[-122.40149745448706,48.0863097135553],[-122.39339480748826,48.07899642725554],[-122.3921605516847,48.07578859257714],[-122.38928787199995,48.07577332000004],[-122.39123571199998,48.07856670700005],[-122.39835846299992,48.08699325800006],[-122.39822050899994,48.09214365900005],[-122.39810084799991,48.09423363900005],[-122.39017123400004,48.094206720000045],[-122.38719514799996,48.09328717900007]]]},"properties":{"COUNTY":"Island","PRECCODE":321,"PRECNAME":"Camano 21","PRECINCT":"Island 321","DESCRIPTIO":"S. Camano Island Center (Tillicum Beach, Glacier Lane, Mabana Beach)","OFFICE":"PUD Commissioner District 1","JURISDICTION":"Public Utility","RACE":"Snohomish County PUD Commissioner District 1","Name_1":"Janet St Clair","Party_1":"None_2","Votes_1":"183","Name_2":"Sid Logan","Party_2":"None_1","Votes_2":"179","Name_3":"Bruce King","Party_3":"None_3","Votes_3":"56","Name_4":"Write-In","Party_4":"None_4","Votes_4":"1","Name_5":null,"Party_5":null,"Votes_5":"0","Name_6":null,"Party_6":null,"Votes_6":"0","Name_7":null,"Party_7":null,"Votes_7":"0","Votes_total":"419","Pct_1":43.68,"Pct_2":42.72,"Pct_3":13.37,"Pct_4":0.24,"Pct_5":0,"Pct_6":0,"Pct_7":0,"Margin":0.96}},
{"type":"Feature","geometry":{"type":"Polygon","coordinates":[[[-122.12273873455429,48.1877882999164],[-122.12853369981346,48.18776614747749],[-122.12862799896185,48.186442640880074],[-122.12896401210553,48.18083771915533],[-122.12381399238204,48.1810650676129],[-122.12366985739945,48.17768735825869],[-122.12172242546185,48.17587583654336],[-122.11960314240767,48.17468617352026],[-122.118913100019,48.17426095394845],[-122.11872833832395,48.17410511332306],[-122.11862558457287,48.17912092685876],[-122.11859021537529,48.18086453229213],[-122.11591261516742,48.18086159591747],[-122.11779025826465,48.18230052146534],[-122.11821268187511,48.183168865626286],[-122.1177697847081,48.187801292752056],[-122.12273873455429,48.1877882999164]]]},"properties":{"COUNTY":"Snohomish","PRECCODE":11011049,"PRECNAME":"Arlington 1","PRECINCT":"Snohomish 11011049","DESCRIPTIO":"Portage Creek Northeast (Kent Prairie Elementary, South Village Apartments, Portage Green MHP)","OFFICE":"PUD Commissioner District 1","JURISDICTION":"Public Utility","RACE":"Snohomish County PUD Commissioner District 1","Name_1":"Sid Logan","Party_1":"None_1","Votes_1":"107","Name_2":"Bruce King","Party_2":"None_3","Votes_2":"52","Name_3":"Janet St Clair","Party_3":"None_2","Votes_3":"48","Name_4":null,"Party_4":null,"Votes_4":"0","Name_5":null,"Party_5":null,"Votes_5":"0","Name_6":null,"Party_6":null,"Votes_6":"0","Name_7":null,"Party_7":null,"Votes_7":"0","Votes_total":"207","Pct_1":51.69,"Pct_2":25.12,"Pct_3":23.19,"Pct_4":0,"Pct_5":0,"Pct_6":0,"Pct_7":0,"Margin":26.57}},
{"type":"Feature","geometry":{"type":"Polygon","coordinates":[[[-122.12273873455429,48.1877882999164],[-122.12267691503828,48.19243900380046],[-122.12137628771168,48.19242863528791],[-122.12133581147224,48.1948248188358],[-122.12262651400452,48.19482536102291],[-122.12253037101887,48.19720717418773],[-122.12896935410316,48.19731291027389],[-122.12924013527989,48.19495722457017],[-122.12936354882032,48.19399606722473],[-122.12847890802034,48.193978437962734],[-122.12881013654948,48.19143794861384],[-122.12865732751624,48.191435213399366],[-122.12859032959379,48.19060625909913],[-122.12851916687038,48.18928598644261],[-122.1285105195331,48.188494502494024],[-122.12853369981346,48.18776614747749],[-122.12273873455429,48.1877882999164]]]},"properties":{"COUNTY":"Snohomish","PRECCODE":11011050,"PRECNAME":"Arlington 2","PRECINCT":"Snohomish 11011050","DESCRIPTIO":"Old Arlington Southwest (Arlington Police Station, Union Street, Emory Lofts Apartments)","OFFICE":"PUD Commissioner District 1","JURISDICTION":"Public Utility","RACE":"Snohomish County PUD Commissioner District 1","Name_1":"Sid Logan","Party_1":"None_1","Votes_1":"90","Name_2":"Janet St Clair","Party_2":"None_2","Votes_2":"43","Name_3":"Bruce King","Party_3":"None_3","Votes_3":"27","Name_4":"Write-In","Party_4":"None_4","Votes_4":"1","Name_5":null,"Party_5":null,"Votes_5":"0","Name_6":null,"Party_6":null,"Votes_6":"0","Name_7":null,"Party_7":null,"Votes_7":"0","Votes_total":"161","Pct_1":55.9,"Pct_2":26.71,"Pct_3":16.77,"Pct_4":0.62,"Pct_5":0,"Pct_6":0,"Pct_7":0,"Margin":29.19}},
{"type":"Feature","geometry":{"type":"Polygon","coordinates":[[[-122.12824381252608,48.20323140732412],[-122.12923213740577,48.20267794268259],[-122.12938139651722,48.19889623003226],[-122.1298983423768,48.19890488733186],[-122.13005938663865,48.19770812017362],[-122.12892827095254,48.19769669647602],[-122.12896935410316,48.19731291027389],[-122.12253037101887,48.19720717418773],[-122.12262651400452,48.19482536102291],[-122.1187324015193,48.194825136745735],[-122.11815870746392,48.19482066131652],[-122.11700307525894,48.194789432151616],[-122.11694724786538,48.1983908959919],[-122.11695498140895,48.19939498697508],[-122.11955324831567,48.20022541639771],[-122.11928841803798,48.20058222589401],[-122.12154821412388,48.200892043127375],[-122.1272462908055,48.20272718465361],[-122.12786664595576,48.20254508414425],[-122.12824381252608,48.20323140732412]]]},"properties":{"COUNTY":"Snohomish","PRECCODE":11011051,"PRECNAME":"Arlington 3","PRECINCT":"Snohomish 11011051","DESCRIPTIO":"Old Arlington North (Burke Avenue, Arlington Apartments)","OFFICE":"PUD Commissioner District 1","JURISDICTION":"Public Utility","RACE":"Snohomish County PUD Commissioner District 1","Name_1":"Sid Logan","Party_1":"None_1","Votes_1":"71","Name_2":"Janet St Clair","Party_2":"None_2","Votes_2":"60","Name_3":"Bruce King","Party_3":"None_3","Votes_3":"36","Name_4":null,"Party_4":null,"Votes_4":"0","Name_5":null,"Party_5":null,"Votes_5":"0","Name_6":null,"Party_6":null,"Votes_6":"0","Name_7":null,"Party_7":null,"Votes_7":"0","Votes_total":"167","Pct_1":42.51,"Pct_2":35.93,"Pct_3":21.56,"Pct_4":0,"Pct_5":0,"Pct_6":0,"Pct_7":0,"Margin":6.58}},
{"type":"Feature","geometry":{"type":"MultiPolygon","coordinates":[[[[-122.11243947810705,48.18785946002339],[-122.11522543123465,48.187835827299864],[-122.1177697847081,48.187801292752056],[-122.11821268187511,48.183168865626286],[-122.11779025826465,48.18230052146534],[-122.11591261516742,48.18086159591747],[-122.1160627601693,48.18086155025085],[-122.11437594200682,48.17804730810293],[-122.11290463897483,48.17719610280353],[-122.11070891639397,48.17451007362264],[-122.10835019222753,48.17450068226027],[-122.10834954867674,48.1735232703586],[-122.10240465138129,48.1735082971574],[-122.1021653319816,48.18439743660733],[-122.10183053464742,48.18798803049423],[-122.10137988102478,48.191163760319554],[-122.10686123826437,48.18976314610704],[-122.10709771912981,48.187845884956765],[-122.1124483854517,48.18778482084555],[-122.11243947810705,48.18785946002339]]],[[[-122.12137628771168,48.19242863528791],[-122.12267691503828,48.19243900380046],[-122.12273873455429,48.1877882999164],[-122.1177697847081,48.187801292752056],[-122.11745671342821,48.193591013995345],[-122.12135710709033,48.19362800076926],[-122.12137628771168,48.19242863528791]]]]},"properties":{"COUNTY":"Snohomish","PRECCODE":11011130,"PRECNAME":"Arlington 4","PRECINCT":"Snohomish 11011130","DESCRIPTIO":"Old Arlington East (Haller Middle School, Timbers Apartments, Vintage Senior Apartments)","OFFICE":"PUD Commissioner District 1","JURISDICTION":"Public Utility","RACE":"Snohomish County PUD Commissioner District 1","Name_1":"Sid Logan","Party_1":"None_1","Votes_1":"79","Name_2":"Janet St Clair","Party_2":"None_2","Votes_2":"28","Name_3":"Bruce King","Party_3":"None_3","Votes_3":"13","Name_4":null,"Party_4":null,"Votes_4":"0","Name_5":null,"Party_5":null,"Votes_5":"0","Name_6":null,"Party_6":null,"Votes_6":"0","Name_7":null,"Party_7":null,"Votes_7":"0","Votes_total":"120","Pct_1":65.83,"Pct_2":23.33,"Pct_3":10.83,"Pct_4":0,"Pct_5":0,"Pct_6":0,"Pct_7":0,"Margin":42.5}},
{"type":"Feature","geometry":{"type":"Polygon","coordinates":[[[-122.14055595136347,48.16513756940158],[-122.13995338130643,48.164951381053065],[-122.1387991560073,48.16319239083962],[-122.13920987243723,48.161834429624854],[-122.13880540488188,48.16145912108389],[-122.1369561363859,48.162631277210096],[-122.13502576797424,48.16290897684904],[-122.13504022652988,48.15989488768945],[-122.13438039685623,48.15956794951357],[-122.131136774315,48.16011061519935],[-122.12509579941583,48.162820782457416],[-122.11840090381041,48.164253781065696],[-122.11935940291076,48.16622327068142],[-122.1196853351506,48.16622767953322],[-122.1197107891598,48.166277306888574],[-122.11998232078797,48.16616081744576],[-122.13144064900904,48.16638585473077],[-122.13200781125568,48.166685593709936],[-122.13222480468235,48.166396421338625],[-122.14055621545106,48.166590265633296],[-122.14055595136347,48.16513756940158]]]},"properties":{"COUNTY":"Snohomish","PRECCODE":11011386,"PRECNAME":"Arlington 5","PRECINCT":"Snohomish 11011386","DESCRIPTIO":"Gleneagle North (Hawksview Drive, Ballantrae Drive, Pioneer Elementary School)","OFFICE":"PUD Commissioner District 1","JURISDICTION":"Public Utility","RACE":"Snohomish County PUD Commissioner District 1","Name_1":"Sid Logan","Party_1":"None_1","Votes_1":"177","Name_2":"Bruce King","Party_2":"None_3","Votes_2":"69","Name_3":"Janet St Clair","Party_3":"None_2","Votes_3":"54","Name_4":"Write-In","Party_4":"None_4","Votes_4":"2","Name_5":null,"Party_5":null,"Votes_5":"0","Name_6":null,"Party_6":null,"Votes_6":"0","Name_7":null,"Party_7":null,"Votes_7":"0","Votes_total":"302","Pct_1":58.61,"Pct_2":22.85,"Pct_3":17.88,"Pct_4":0.66,"Pct_5":0,"Pct_6":0,"Pct_7":0,"Margin":35.76}},
{"type":"Feature","geometry":{"type":"Polygon","coordinates":[[[-122.16157574957525,48.15212295634832],[-122.15083086721992,48.15205364688547],[-122.15101868870867,48.15924384832794],[-122.1405957090461,48.159128514969275],[-122.14060017823202,48.16962269813754],[-122.14052148765857,48.18088820541963],[-122.145965628265,48.180923985736435],[-122.14596802007988,48.177401446725185],[-122.15781157916003,48.17762496458555],[-122.15922293735345,48.17816819191959],[-122.1618290329953,48.1780258040144],[-122.16432431207168,48.17932507742777],[-122.16427932079141,48.18135010898704],[-122.16760079223232,48.18133982930461],[-122.17033106987839,48.18082361971598],[-122.17090526056987,48.180478170642736],[-122.17134798272811,48.17781610836967],[-122.16703964121253,48.177780195869495],[-122.16710027778855,48.17503844300654],[-122.16699826917021,48.17503679839863],[-122.16698616734331,48.16687761124289],[-122.17422940211549,48.16698232707811],[-122.17422801775595,48.16690951531471],[-122.18021522247221,48.16694100997557],[-122.18021052881569,48.16308059573202],[-122.18025675174515,48.159697847230476],[-122.17218761361103,48.15958737496151],[-122.17216517132238,48.15864558963429],[-122.17218280040069,48.15660526594101],[-122.17227722673516,48.152298762301506],[-122.16157574957525,48.15212295634832]]]},"properties":{"COUNTY":"Snohomish","PRECCODE":11011498,"PRECNAME":"Arlington 6","PRECINCT":"Snohomish 11011498","DESCRIPTIO":"Portage Creek Center (High Clover, Arlington Municipal Airport, Airway MHP)","OFFICE":"PUD Commissioner District 1","JURISDICTION":"Public Utility","RACE":"Snohomish County PUD Commissioner District 1","Name_1":"Sid Logan","Party_1":"None_1","Votes_1":"82","Name_2":"Janet St Clair","Party_2":"None_2","Votes_2":"47","Name_3":"Bruce King","Party_3":"None_3","Votes_3":"35","Name_4":"Write-In","Party_4":"None_4","Votes_4":"3","Name_5":null,"Party_5":null,"Votes_5":"0","Name_6":null,"Party_6":null,"Votes_6":"0","Name_7":null,"Party_7":null,"Votes_7":"0","Votes_total":"167","Pct_1":49.1,"Pct_2":28.14,"Pct_3":20.96,"Pct_4":1.8,"Pct_5":0,"Pct_6":0,"Pct_7":0,"Margin":20.96}},
{"type":"Feature","geometry":{"type":"Polygon","coordinates":[[[-122.13039666415158,48.191465401878425],[-122.13042042451524,48.19059841242682],[-122.13318668825036,48.18798374057556],[-122.13972114513324,48.187816268754396],[-122.15322761459565,48.18831912917214],[-122.15256812541557,48.186585013308175],[-122.15152201074866,48.18630141003929],[-122.15150585234856,48.18671096791301],[-122.14816138295015,48.186456210130785],[-122.14832362651262,48.18462263065375],[-122.15355769504845,48.1847641275768],[-122.15127567671352,48.182406531474825],[-122.15142463964348,48.18095959457596],[-122.1497455728282,48.180948658387884],[-122.1505635759559,48.1823752735819],[-122.1478804431533,48.18187877753128],[-122.14579236757531,48.18250932189871],[-122.14595230192897,48.18092388050579],[-122.14038720950211,48.18088758913532],[-122.13975287454527,48.182020952730745],[-122.13760344172331,48.18355062445434],[-122.13578248488032,48.18619772524995],[-122.13522408558069,48.18663200746459],[-122.13152439479903,48.18884943566325],[-122.12860409599934,48.19078662811847],[-122.12865732751624,48.191435213399366],[-122.13039666415158,48.191465401878425]]]},"properties":{"COUNTY":"Snohomish","PRECCODE":11011499,"PRECNAME":"Arlington 7","PRECINCT":"Snohomish 11011499","DESCRIPTIO":"Portage Creek Northwest (Bluff at Arlington, Stillaguamish Valley Pioneer Museum)","OFFICE":"PUD Commissioner District 1","JURISDICTION":"Public Utility","RACE":"Snohomish County PUD Commissioner District 1","Name_1":"Sid Logan","Party_1":"None_1","Votes_1":"113","Name_2":"Janet St Clair","Party_2":"None_2","Votes_2":"67","Name_3":"Bruce King","Party_3":"None_3","Votes_3":"60","Name_4":null,"Party_4":null,"Votes_4":"0","Name_5":null,"Party_5":null,"Votes_5":"0","Name_6":null,"Party_6":null,"Votes_6":"0","Name_7":null,"Party_7":null,"Votes_7":"0","Votes_total":"240","Pct_1":47.08,"Pct_2":27.92,"Pct_3":25,"Pct_4":0,"Pct_5":0,"Pct_6":0,"Pct_7":0,"Margin":19.16}},
{"type":"Feature","geometry":{"type":"Polygon","coordinates":[[[-122.11840090381041,48.164253781065696],[-122.12509579941583,48.162820782457416],[-122.131136774315,48.16011061519935],[-122.13438039685623,48.15956794951357],[-122.13456574634354,48.15922022333105],[-122.13418267350623,48.156506736435254],[-122.13293258908602,48.155885903439895],[-122.12731825715359,48.156667729914815],[-122.12606927430365,48.15778363971555],[-122.12489567446683,48.15780465755901],[-122.12484205996098,48.15899567970019],[-122.11577990677715,48.15892084487866],[-122.11840090381041,48.164253781065696]]]},"properties":{"COUNTY":"Snohomish","PRECCODE":11011518,"PRECNAME":"Arlington 8","PRECINCT":"Snohomish 11011518","DESCRIPTIO":"Gleneagle Center (Forest Trail Park), Gleneagle East (Champions Drive)","OFFICE":"PUD Commissioner District 1","JURISDICTION":"Public Utility","RACE":"Snohomish County PUD Commissioner District 1","Name_1":"Sid Logan","Party_1":"None_1","Votes_1":"181","Name_2":"Bruce King","Party_2":"None_3","Votes_2":"56","Name_3":"Janet St Clair","Party_3":"None_2","Votes_3":"45","Name_4":null,"Party_4":null,"Votes_4":"0","Name_5":null,"Party_5":null,"Votes_5":"0","Name_6":null,"Party_6":null,"Votes_6":"0","Name_7":null,"Party_7":null,"Votes_7":"0","Votes_total":"282","Pct_1":64.18,"Pct_2":19.86,"Pct_3":15.96,"Pct_4":0,"Pct_5":0,"Pct_6":0,"Pct_7":0,"Margin":44.32}},
{"type":"Feature","geometry":{"type":"Polygon","coordinates":[[[-122.19227957478775,48.17650269280847],[-122.19136018010504,48.1706137267792],[-122.18831737288683,48.17034313215099],[-122.18832122320768,48.16780353821392],[-122.19053350202319,48.16780598844494],[-122.19053291283382,48.167064694037265],[-122.19144740398714,48.167064952843845],[-122.19005853379934,48.15958212448484],[-122.18872843143096,48.15233188747737],[-122.18297607802816,48.15246174748745],[-122.1829871558683,48.152825757778395],[-122.18289925331415,48.16135296304341],[-122.18690600267112,48.161269721297785],[-122.18716345177307,48.1618847858211],[-122.18832197114992,48.161973616193535],[-122.18838474969432,48.165662679937135],[-122.18497351360409,48.165650122459056],[-122.18482952790232,48.16566852207506],[-122.18466334557935,48.165719568712824],[-122.18604336423482,48.16754743333857],[-122.18839480161328,48.170598573383046],[-122.19149300375739,48.17485142233104],[-122.19227957478775,48.17650269280847]]]},"properties":{"COUNTY":"Snohomish","PRECCODE":11011569,"PRECNAME":"Arlington 9","PRECINCT":"Snohomish 11011569","DESCRIPTIO":"Smokey Point West-Center (York Park, Smokey Point Village Mall, Smokey Point RV Park MHP)","OFFICE":"PUD Commissioner District 1","JURISDICTION":"Public Utility","RACE":"Snohomish County PUD Commissioner District 1","Name_1":"Sid Logan","Party_1":"None_1","Votes_1":"71","Name_2":"Janet St Clair","Party_2":"None_2","Votes_2":"34","Name_3":"Bruce King","Party_3":"None_3","Votes_3":"32","Name_4":null,"Party_4":null,"Votes_4":"0","Name_5":null,"Party_5":null,"Votes_5":"0","Name_6":null,"Party_6":null,"Votes_6":"0","Name_7":null,"Party_7":null,"Votes_7":"0","Votes_total":"137","Pct_1":51.82,"Pct_2":24.82,"Pct_3":23.36,"Pct_4":0,"Pct_5":0,"Pct_6":0,"Pct_7":0,"Margin":27}},
{"type":"Feature","geometry":{"type":"Polygon","coordinates":[[[-122.18500210549263,48.167070699226755],[-122.1856776324497,48.16706241652152],[-122.18430349360743,48.165242875634846],[-122.18291628972389,48.163097117040486],[-122.18289757231004,48.16119113330054],[-122.1829277170308,48.15677146718417],[-122.17649567015508,48.15642204686324],[-122.17550467737239,48.15704601269672],[-122.17540817426932,48.15733824152791],[-122.17454262079394,48.157763392106816],[-122.17399506472366,48.15735288828779],[-122.17217673923227,48.157306799094705],[-122.17216517132238,48.15864558963429],[-122.17218761361103,48.15958737496151],[-122.18025675174515,48.159697847230476],[-122.18021052881569,48.16308059573202],[-122.18021758124166,48.16705073843209],[-122.18500210549263,48.167070699226755]]]},"properties":{"COUNTY":"Snohomish","PRECCODE":11011570,"PRECNAME":"Arlington 10","PRECINCT":"Snohomish 11011570","DESCRIPTIO":"Smokey Point East (Smokey Point Community Church, Faith Baptist Church, Gayteway Apartments)","OFFICE":"PUD Commissioner District 1","JURISDICTION":"Public Utility","RACE":"Snohomish County PUD Commissioner District 1","Name_1":"Sid Logan","Party_1":"None_1","Votes_1":"67","Name_2":"Bruce King","Party_2":"None_3","Votes_2":"34","Name_3":"Janet St Clair","Party_3":"None_2","Votes_3":"25","Name_4":"Write-In","Party_4":"None_4","Votes_4":"1","Name_5":null,"Party_5":null,"Votes_5":"0","Name_6":null,"Party_6":null,"Votes_6":"0","Name_7":null,"Party_7":null,"Votes_7":"0","Votes_total":"127","Pct_1":52.76,"Pct_2":26.77,"Pct_3":19.69,"Pct_4":0.79,"Pct_5":0,"Pct_6":0,"Pct_7":0,"Margin":25.99}},
{"type":"Feature","geometry":{"type":"Polygon","coordinates":[[[-122.13438039685623,48.15956794951357],[-122.13504022652988,48.15989488768945],[-122.13502576797424,48.16290897684904],[-122.1369561363859,48.162631277210096],[-122.13880540488188,48.16145912108389],[-122.13920987243723,48.161834429624854],[-122.1387991560073,48.16319239083962],[-122.13995338130643,48.164951381053065],[-122.14055595136347,48.16513756940158],[-122.14062204186338,48.15414351754347],[-122.13885221030039,48.154113757473816],[-122.13857252194433,48.154172880357734],[-122.1382885177078,48.157396263509455],[-122.13808353258688,48.15757423127197],[-122.13778645231537,48.157715972754],[-122.13588475870506,48.158006045318956],[-122.13619726032871,48.159364115139475],[-122.13456574634354,48.15922022333105],[-122.13438039685623,48.15956794951357]]]},"properties":{"COUNTY":"Snohomish","PRECCODE":11011574,"PRECNAME":"Arlington 11","PRECINCT":"Snohomish 11011574","DESCRIPTIO":"Gleneagle West (Sprucewood Place, Shady Grove Place, Highland View West)","OFFICE":"PUD Commissioner District 1","JURISDICTION":"Public Utility","RACE":"Snohomish County PUD Commissioner District 1","Name_1":"Sid Logan","Party_1":"None_1","Votes_1":"79","Name_2":"Janet St Clair","Party_2":"None_2","Votes_2":"34","Name_3":"Bruce King","Party_3":"None_3","Votes_3":"29","Name_4":null,"Party_4":null,"Votes_4":"0","Name_5":null,"Party_5":null,"Votes_5":"0","Name_6":null,"Party_6":null,"Votes_6":"0","Name_7":null,"Party_7":null,"Votes_7":"0","Votes_total":"142","Pct_1":55.63,"Pct_2":23.94,"Pct_3":20.42,"Pct_4":0,"Pct_5":0,"Pct_6":0,"Pct_7":0,"Margin":31.69}},
{"type":"Feature","geometry":{"type":"Polygon","coordinates":[[[-122.11935940291076,48.16622327068142],[-122.11757252196638,48.1625689119323],[-122.11490419944916,48.16257117160969],[-122.11484175662069,48.16438422346634],[-122.11347911928918,48.16438543124012],[-122.11337340639518,48.16987884824534],[-122.11881912318779,48.16988280998618],[-122.11872833832395,48.17410511332306],[-122.118913100019,48.17426095394845],[-122.11960314240767,48.17468617352026],[-122.12172242546185,48.17587583654336],[-122.12366985739945,48.17768735825869],[-122.12381399238204,48.1810650676129],[-122.12896401210553,48.18083771915533],[-122.12801323421843,48.17740817479782],[-122.12032237505011,48.167467175677615],[-122.1196853351506,48.16622767953322],[-122.11935940291076,48.16622327068142]]]},"properties":{"COUNTY":"Snohomish","PRECCODE":11011636,"PRECNAME":"Arlington 12","PRECINCT":"Snohomish 11011636","DESCRIPTIO":"Portage Creek Far East (Crown Ridge, Villas at Arlington Apartments)","OFFICE":"PUD Commissioner District 1","JURISDICTION":"Public Utility","RACE":"Snohomish County PUD Commissioner District 1","Name_1":"Sid Logan","Party_1":"None_1","Votes_1":"77","Name_2":"Janet St Clair","Party_2":"None_2","Votes_2":"62","Name_3":"Bruce King","Party_3":"None_3","Votes_3":"45","Name_4":null,"Party_4":null,"Votes_4":"0","Name_5":null,"Party_5":null,"Votes_5":"0","Name_6":null,"Party_6":null,"Votes_6":"0","Name_7":null,"Party_7":null,"Votes_7":"0","Votes_total":"184","Pct_1":41.85,"Pct_2":33.7,"Pct_3":24.46,"Pct_4":0,"Pct_5":0,"Pct_6":0,"Pct_7":0,"Margin":8.15}},
{"type":"Feature","geometry":{"type":"Polygon","coordinates":[[[-122.1140199459853,48.155278127263],[-122.1157809309442,48.15892083345849],[-122.12484205996098,48.15899567970019],[-122.12489567446683,48.15780465755901],[-122.12468064097418,48.15780852854403],[-122.12489789312842,48.1517977434857],[-122.12235153379721,48.151723478974944],[-122.12014665004335,48.151642650621575],[-122.11939898767056,48.15163103387204],[-122.11648746784684,48.151684610069466],[-122.11636481909474,48.15527434232883],[-122.1140199459853,48.155278127263]]]},"properties":{"COUNTY":"Snohomish","PRECCODE":11011643,"PRECNAME":"Arlington 13","PRECINCT":"Snohomish 11011643","DESCRIPTIO":"Gleneagle Southeast (Eagle Heights, Magnolia Estates, Magnolia Meadows)","OFFICE":"PUD Commissioner District 1","JURISDICTION":"Public Utility","RACE":"Snohomish County PUD Commissioner District 1","Name_1":"Sid Logan","Party_1":"None_1","Votes_1":"105","Name_2":"Janet St Clair","Party_2":"None_2","Votes_2":"52","Name_3":"Bruce King","Party_3":"None_3","Votes_3":"50","Name_4":null,"Party_4":null,"Votes_4":"0","Name_5":null,"Party_5":null,"Votes_5":"0","Name_6":null,"Party_6":null,"Votes_6":"0","Name_7":null,"Party_7":null,"Votes_7":"0","Votes_total":"207","Pct_1":50.72,"Pct_2":25.12,"Pct_3":24.15,"Pct_4":0,"Pct_5":0,"Pct_6":0,"Pct_7":0,"Margin":25.6}},
{"type":"Feature","geometry":{"type":"Polygon","coordinates":[[[-122.17220312413485,48.17509449530101],[-122.17210691291125,48.16954410394985],[-122.17423395976839,48.16886833660435],[-122.17422940211549,48.16698232707811],[-122.16698616734331,48.16687761124289],[-122.16699826917021,48.17503679839863],[-122.17220312413485,48.17509449530101]]]},"properties":{"COUNTY":"Snohomish","PRECCODE":11011661,"PRECNAME":"Arlington 14","PRECINCT":"Snohomish 11011661","DESCRIPTIO":"Portage Creek West (Heartland Homes, Arlington Fly-In)","OFFICE":"PUD Commissioner District 1","JURISDICTION":"Public Utility","RACE":"Snohomish County PUD Commissioner District 1","Name_1":"Sid Logan","Party_1":"None_1","Votes_1":"111","Name_2":"Janet St Clair","Party_2":"None_2","Votes_2":"40","Name_3":"Bruce King","Party_3":"None_3","Votes_3":"34","Name_4":"Write-In","Party_4":"None_4","Votes_4":"3","Name_5":null,"Party_5":null,"Votes_5":"0","Name_6":null,"Party_6":null,"Votes_6":"0","Name_7":null,"Party_7":null,"Votes_7":"0","Votes_total":"188","Pct_1":59.04,"Pct_2":21.28,"Pct_3":18.09,"Pct_4":1.6,"Pct_5":0,"Pct_6":0,"Pct_7":0,"Margin":37.76}},
{"type":"Feature","geometry":{"type":"Polygon","coordinates":[[[-122.1723889071521,48.146785425754054],[-122.16837792596905,48.14672162515068],[-122.16841218304118,48.144921952621566],[-122.16711079382426,48.14489601574671],[-122.16692685443908,48.152209025684506],[-122.18297607802816,48.15246174748745],[-122.18872843143096,48.15233188747737],[-122.18749037261074,48.145101194396254],[-122.1830027055904,48.14521239456572],[-122.17242088535797,48.145001970195274],[-122.1723889071521,48.146785425754054]]]},"properties":{"COUNTY":"Snohomish","PRECCODE":11011686,"PRECNAME":"Arlington 15","PRECINCT":"Snohomish 11011686","DESCRIPTIO":"Smokey Point South (Country Manor Condos, Affinity Senior Apartments)","OFFICE":"PUD Commissioner District 1","JURISDICTION":"Public Utility","RACE":"Snohomish County PUD Commissioner District 1","Name_1":"Sid Logan","Party_1":"None_1","Votes_1":"90","Name_2":"Janet St Clair","Party_2":"None_2","Votes_2":"82","Name_3":"Bruce King","Party_3":"None_3","Votes_3":"36","Name_4":"Write-In","Party_4":"None_4","Votes_4":"1","Name_5":null,"Party_5":null,"Votes_5":"0","Name_6":null,"Party_6":null,"Votes_6":"0","Name_7":null,"Party_7":null,"Votes_7":"0","Votes_total":"209","Pct_1":43.06,"Pct_2":39.23,"Pct_3":17.22,"Pct_4":0.48,"Pct_5":0,"Pct_6":0,"Pct_7":0,"Margin":3.83}},
{"type":"Feature","geometry":{"type":"Polygon","coordinates":[[[-122.12732616691541,48.15187201671995],[-122.12489789312842,48.1517977434857],[-122.12468064097418,48.15780852854403],[-122.12606927430365,48.15778363971555],[-122.12731825715359,48.156667729914815],[-122.13293258908602,48.155885903439895],[-122.13418267350623,48.156506736435254],[-122.13456574634354,48.15922022333105],[-122.13619726032871,48.159364115139475],[-122.13588475870506,48.158006045318956],[-122.13778645231537,48.157715972754],[-122.13808353258688,48.15757423127197],[-122.1382885177078,48.157396263509455],[-122.13857252194433,48.154172880357734],[-122.13885221030039,48.154113757473816],[-122.14062204186338,48.15414351754347],[-122.14062413519055,48.153735411122696],[-122.13792284385855,48.15373054938568],[-122.13793543229293,48.15197451382147],[-122.13522831817332,48.15266269205794],[-122.13405479984065,48.152722278778214],[-122.12852399479101,48.15189366673349],[-122.12732616691541,48.15187201671995]]]},"properties":{"COUNTY":"Snohomish","PRECCODE":11011687,"PRECNAME":"Arlington 16","PRECINCT":"Snohomish 11011687","DESCRIPTIO":"Gleneagle Southwest (Gleneagle Boulevard, The Crossing, Highland View East)","OFFICE":"PUD Commissioner District 1","JURISDICTION":"Public Utility","RACE":"Snohomish County PUD Commissioner District 1","Name_1":"Sid Logan","Party_1":"None_1","Votes_1":"104","Name_2":"Janet St Clair","Party_2":"None_2","Votes_2":"52","Name_3":"Bruce King","Party_3":"None_3","Votes_3":"35","Name_4":"Write-In","Party_4":"None_4","Votes_4":"1","Name_5":null,"Party_5":null,"Votes_5":"0","Name_6":null,"Party_6":null,"Votes_6":"0","Name_7":null,"Party_7":null,"Votes_7":"0","Votes_total":"192","Pct_1":54.17,"Pct_2":27.08,"Pct_3":18.23,"Pct_4":0.52,"Pct_5":0,"Pct_6":0,"Pct_7":0,"Margin":27.09}},
{"type":"Feature","geometry":{"type":"Polygon","coordinates":[[[-122.19227957478775,48.17650269280847],[-122.19149300375739,48.17485142233104],[-122.18839480161328,48.170598573383046],[-122.1856776324497,48.16706241652152],[-122.18500210549263,48.167070699226755],[-122.18016941605282,48.16705044515492],[-122.18018046532701,48.16923497536352],[-122.1828927431615,48.16923368881623],[-122.18289523880165,48.170638120181586],[-122.18528778909157,48.170633159650556],[-122.18563786059592,48.17126238965346],[-122.1892950843066,48.17206028551487],[-122.19054559786731,48.17372486219227],[-122.18971675526032,48.173732152987476],[-122.19053399594793,48.17448960521926],[-122.1905401131144,48.176198329306814],[-122.19184824120391,48.17619651241925],[-122.19358816739478,48.17828239014029],[-122.19359757139274,48.18688628924802],[-122.19222011018957,48.18811391455227],[-122.19375022255134,48.188055556954595],[-122.19376687076227,48.190179634607226],[-122.199227443797,48.1902142545507],[-122.19922589709829,48.189943611266536],[-122.20400055914739,48.18976251955818],[-122.20098772515767,48.18819684005979],[-122.20091028162521,48.18688360545535],[-122.19997922051999,48.185385161596045],[-122.19227957478775,48.17650269280847]]]},"properties":{"COUNTY":"Snohomish","PRECCODE":11011751,"PRECNAME":"Arlington 17","PRECINCT":"Snohomish 11011751","DESCRIPTIO":"Smokey Point North (Arlington Motor Inn, Aalbu Brothers Metal Shop)","OFFICE":"PUD Commissioner District 1","JURISDICTION":"Public Utility","RACE":"Snohomish County PUD Commissioner District 1","Name_1":"Sid Logan","Party_1":"None_1","Votes_1":"2","Name_2":"Bruce King","Party_2":"None_3","Votes_2":"1","Name_3":null,"Party_3":null,"Votes_3":"0","Name_4":null,"Party_4":null,"Votes_4":"0","Name_5":null,"Party_5":null,"Votes_5":"0","Name_6":null,"Party_6":null,"Votes_6":"0","Name_7":null,"Party_7":null,"Votes_7":"0","Votes_total":"3","Pct_1":66.67,"Pct_2":33.33,"Pct_3":0,"Pct_4":0,"Pct_5":0,"Pct_6":0,"Pct_7":0,"Margin":33.34}},
{"type":"Feature","geometry":{"type":"Polygon","coordinates":[[[-122.1272462908055,48.20272718465361],[-122.12154821412388,48.200892043127375],[-122.11928841803798,48.20058222589401],[-122.11955324831567,48.20022541639771],[-122.11695498140895,48.19939498697508],[-122.11694724786538,48.1983908959919],[-122.11563106066258,48.19860102990038],[-122.11362115027724,48.199695919523066],[-122.11148738806068,48.19987411061014],[-122.11035965771563,48.1995669645664],[-122.11062795244753,48.1987899737994],[-122.11065952179837,48.198678157103544],[-122.1026779528259,48.19890465338063],[-122.10219555920219,48.19890406074017],[-122.10359200115484,48.20222802984367],[-122.10479573653402,48.202933917761136],[-122.10735798209566,48.20336661880492],[-122.10806155014328,48.20391204991499],[-122.10831483767825,48.205236905663476],[-122.10726590946739,48.205755644416385],[-122.10673449939536,48.20686342377983],[-122.10890539744102,48.20831510048253],[-122.11423319853908,48.206941562628856],[-122.11594113268576,48.205733082191706],[-122.11701726334026,48.204089095910255],[-122.11700726258353,48.20149016973234],[-122.11700667190854,48.19994626139073],[-122.11815654612124,48.20013229049562],[-122.11859362618165,48.20024744511919],[-122.11841455740709,48.200610491809066],[-122.11914098391357,48.20079558287709],[-122.12470614533018,48.202608858452564],[-122.12640711074656,48.20297394268817],[-122.1272462908055,48.20272718465361]]]},"properties":{"COUNTY":"Snohomish","PRECCODE":11011760,"PRECNAME":"Arlington 18","PRECINCT":"Snohomish 11011760","DESCRIPTIO":"Old Arlington Northeast (Country Charm at Gilman Walk Townhomes)","OFFICE":"PUD Commissioner District 1","JURISDICTION":"Public Utility","RACE":"Snohomish County PUD Commissioner District 1","Name_1":"Sid Logan","Party_1":"None_1","Votes_1":"16","Name_2":"Janet St Clair","Party_2":"None_2","Votes_2":"9","Name_3":"Bruce King","Party_3":"None_3","Votes_3":"6","Name_4":"Write-In","Party_4":"None_4","Votes_4":"2","Name_5":null,"Party_5":null,"Votes_5":"0","Name_6":null,"Party_6":null,"Votes_6":"0","Name_7":null,"Party_7":null,"Votes_7":"0","Votes_total":"33","Pct_1":48.48,"Pct_2":27.27,"Pct_3":18.18,"Pct_4":6.06,"Pct_5":0,"Pct_6":0,"Pct_7":0,"Margin":21.21}},
{"type":"Feature","geometry":{"type":"Polygon","coordinates":[[[-122.18466334557935,48.165719568712824],[-122.18482952790232,48.16566852207506],[-122.18497351360409,48.165650122459056],[-122.18838474969432,48.165662679937135],[-122.18832197114992,48.161973616193535],[-122.18716345177307,48.1618847858211],[-122.18690600267112,48.161269721297785],[-122.18289925331415,48.16135296304341],[-122.18291628972389,48.163097117040486],[-122.18430349360743,48.165242875634846],[-122.18466334557935,48.165719568712824]]]},"properties":{"COUNTY":"Snohomish","PRECCODE":11011794,"PRECNAME":"Arlington 19","PRECINCT":"Snohomish 11011794","DESCRIPTIO":"Smokey Point East-Center (Villas Apartments, Stillaguamish Pointe Senior Apartments)","OFFICE":"PUD Commissioner District 1","JURISDICTION":"Public Utility","RACE":"Snohomish County PUD Commissioner District 1","Name_1":"Sid Logan","Party_1":"None_1","Votes_1":"47","Name_2":"Janet St Clair","Party_2":"None_2","Votes_2":"40","Name_3":"Bruce King","Party_3":"None_3","Votes_3":"20","Name_4":null,"Party_4":null,"Votes_4":"0","Name_5":null,"Party_5":null,"Votes_5":"0","Name_6":null,"Party_6":null,"Votes_6":"0","Name_7":null,"Party_7":null,"Votes_7":"0","Votes_total":"107","Pct_1":43.93,"Pct_2":37.38,"Pct_3":18.69,"Pct_4":0,"Pct_5":0,"Pct_6":0,"Pct_7":0,"Margin":6.55}},
{"type":"Feature","geometry":{"type":"Polygon","coordinates":[[[-122.12135710709033,48.19362800076926],[-122.11745671342821,48.193591013995345],[-122.1177697847081,48.187801292752056],[-122.11435089074394,48.187848735832624],[-122.11243947810705,48.18785946002339],[-122.11233277388177,48.18876266400225],[-122.11180192380586,48.18876762008185],[-122.11161121504551,48.18928140736095],[-122.11227217310514,48.18927320641965],[-122.1115413537748,48.19148265045894],[-122.11200644824329,48.19151175493813],[-122.11179074422922,48.193330180538844],[-122.1098551368654,48.19334489721377],[-122.10923788233688,48.194559457168154],[-122.10800107985945,48.19460306305952],[-122.10785478520958,48.19502913068031],[-122.10861123065855,48.195003187669734],[-122.10892333408313,48.19597242884365],[-122.11040144816768,48.19728558632977],[-122.110691522662,48.198563079406675],[-122.11062795244753,48.1987899737994],[-122.11035965771563,48.1995669645664],[-122.11148738806068,48.19987411061014],[-122.11362115027724,48.199695919523066],[-122.11563106066258,48.19860102990038],[-122.11694724786538,48.1983908959919],[-122.11700307525894,48.194789432151616],[-122.11815870746392,48.19482066131652],[-122.12133581147224,48.1948248188358],[-122.12135710709033,48.19362800076926]]]},"properties":{"COUNTY":"Snohomish","PRECCODE":11011821,"PRECNAME":"Arlington 20","PRECINCT":"Snohomish 11011821","DESCRIPTIO":"Old Arlington South (Post Middle School, Hamlin Drive, Norwood Glen Condos, Park Hill)","OFFICE":"PUD Commissioner District 1","JURISDICTION":"Public Utility","RACE":"Snohomish County PUD Commissioner District 1","Name_1":"Sid Logan","Party_1":"None_1","Votes_1":"114","Name_2":"Janet St Clair","Party_2":"None_2","Votes_2":"44","Name_3":"Bruce King","Party_3":"None_3","Votes_3":"37","Name_4":"Write-In","Party_4":"None_4","Votes_4":"1","Name_5":null,"Party_5":null,"Votes_5":"0","Name_6":null,"Party_6":null,"Votes_6":"0","Name_7":null,"Party_7":null,"Votes_7":"0","Votes_total":"196","Pct_1":58.16,"Pct_2":22.45,"Pct_3":18.88,"Pct_4":0.51,"Pct_5":0,"Pct_6":0,"Pct_7":0,"Margin":35.71}},
{"type":"Feature","geometry":{"type":"Polygon","coordinates":[[[-122.17217673923227,48.157306799094705],[-122.17399506472366,48.15735288828779],[-122.17454262079394,48.157763392106816],[-122.17540817426932,48.15733824152791],[-122.17550467737239,48.15704601269672],[-122.17649567015508,48.15642204686324],[-122.1829277170308,48.15677146718417],[-122.1829871558683,48.152825757778395],[-122.18297607802816,48.15246174748745],[-122.17227722673516,48.152298762301506],[-122.17218280040069,48.15660526594101],[-122.17217673923227,48.157306799094705]]]},"properties":{"COUNTY":"Snohomish","PRECCODE":11011850,"PRECNAME":"Arlington 22","PRECINCT":"Snohomish 11011850","DESCRIPTIO":"Smokey Point Southeast (Town Center Mall, Cedar Pointe Senior Apartments)","OFFICE":"PUD Commissioner District 1","JURISDICTION":"Public Utility","RACE":"Snohomish County PUD Commissioner District 1","Name_1":"Sid Logan","Party_1":"None_1","Votes_1":"68","Name_2":"Janet St Clair","Party_2":"None_2","Votes_2":"51","Name_3":"Bruce King","Party_3":"None_3","Votes_3":"30","Name_4":"Write-In","Party_4":"None_4","Votes_4":"2","Name_5":null,"Party_5":null,"Votes_5":"0","Name_6":null,"Party_6":null,"Votes_6":"0","Name_7":null,"Party_7":null,"Votes_7":"0","Votes_total":"151","Pct_1":45.03,"Pct_2":33.77,"Pct_3":19.87,"Pct_4":1.32,"Pct_5":0,"Pct_6":0,"Pct_7":0,"Margin":11.26}},
{"type":"Feature","geometry":{"type":"Polygon","coordinates":[[[-122.10845833297357,48.14798793889639],[-122.10841461934817,48.15019353277516],[-122.10582568163505,48.15019051065939],[-122.10583905736122,48.15164364053471],[-122.10854896449698,48.15164780708931],[-122.10839119627815,48.155286951806254],[-122.11383249183761,48.15527841471571],[-122.11384723188444,48.15490315010414],[-122.1140199459853,48.155278127263],[-122.11636481909474,48.15527434232883],[-122.11648746784684,48.151684610069466],[-122.11939898767056,48.15163103387204],[-122.12014665004335,48.151642650621575],[-122.12235153379721,48.151723478974944],[-122.12700225980728,48.15185411502931],[-122.12732616691541,48.15187201671995],[-122.12852399479101,48.15189366673349],[-122.12983244356924,48.151932731063525],[-122.12994146187326,48.148197500111685],[-122.11936531928448,48.1479737308201],[-122.10845833297357,48.14798793889639]]]},"properties":{"COUNTY":"Snohomish","PRECCODE":11011859,"PRECNAME":"Arlington 24","PRECINCT":"Snohomish 11011859","DESCRIPTIO":"Gleneagle Far Southeast (Gregor Park)","OFFICE":"PUD Commissioner District 1","JURISDICTION":"Public Utility","RACE":"Snohomish County PUD Commissioner District 1","Name_1":"Sid Logan","Party_1":"None_1","Votes_1":"33","Name_2":"Janet St Clair","Party_2":"None_2","Votes_2":"18","Name_3":"Bruce King","Party_3":"None_3","Votes_3":"10","Name_4":null,"Party_4":null,"Votes_4":"0","Name_5":null,"Party_5":null,"Votes_5":"0","Name_6":null,"Party_6":null,"Votes_6":"0","Name_7":null,"Party_7":null,"Votes_7":"0","Votes_total":"61","Pct_1":54.1,"Pct_2":29.51,"Pct_3":16.39,"Pct_4":0,"Pct_5":0,"Pct_6":0,"Pct_7":0,"Margin":24.59}},
{"type":"Feature","geometry":{"type":"Polygon","coordinates":[[[-122.14038720950211,48.18088758913532],[-122.14052148765857,48.18088820541963],[-122.14060017823202,48.16962269813754],[-122.14055621545106,48.166590265633296],[-122.13222480468235,48.166396421338625],[-122.13200781125568,48.166685593709936],[-122.13144064900904,48.16638585473077],[-122.11998232078797,48.16616081744576],[-122.1197107891598,48.166277306888574],[-122.12032237505011,48.167467175677615],[-122.12801323421843,48.17740817479782],[-122.12896401210553,48.18083771915533],[-122.12862799896185,48.186442640880074],[-122.1285105195331,48.188494502494024],[-122.12851916687038,48.18928598644261],[-122.12855855758981,48.19017891074118],[-122.12860409599934,48.19078662811847],[-122.13152439479903,48.18884943566325],[-122.13522408558069,48.18663200746459],[-122.13578248488032,48.18619772524995],[-122.13760344172331,48.18355062445434],[-122.13975287454527,48.182020952730745],[-122.14038720950211,48.18088758913532]]]},"properties":{"COUNTY":"Snohomish","PRECCODE":11011860,"PRECNAME":"Arlington 23","PRECINCT":"Snohomish 11011860","DESCRIPTIO":"Portage Creek North (Hazel Street, Pilchuck Village Apartments, Arlington Valley)","OFFICE":"PUD Commissioner District 1","JURISDICTION":"Public Utility","RACE":"Snohomish County PUD Commissioner District 1","Name_1":"Sid Logan","Party_1":"None_1","Votes_1":"89","Name_2":"Janet St Clair","Party_2":"None_2","Votes_2":"29","Name_3":"Bruce King","Party_3":"None_3","Votes_3":"22","Name_4":"Write-In","Party_4":"None_4","Votes_4":"1","Name_5":null,"Party_5":null,"Votes_5":"0","Name_6":null,"Party_6":null,"Votes_6":"0","Name_7":null,"Party_7":null,"Votes_7":"0","Votes_total":"141","Pct_1":63.12,"Pct_2":20.57,"Pct_3":15.6,"Pct_4":0.71,"Pct_5":0,"Pct_6":0,"Pct_7":0,"Margin":42.55}},
{"type":"Feature","geometry":{"type":"Polygon","coordinates":[[[-122.14062413519055,48.153735411122696],[-122.1405957090461,48.159128514969275],[-122.15101868870867,48.15924384832794],[-122.15083086721992,48.15205364688547],[-122.16157574957525,48.15212295634832],[-122.16692685443908,48.152209025684506],[-122.16711079382426,48.14489601574671],[-122.16170033134168,48.14478892058248],[-122.16166245781557,48.14661630490289],[-122.15084701564113,48.14658797436826],[-122.14078304118799,48.14644529954217],[-122.14068768154647,48.14863977130331],[-122.14046038597458,48.14908711614047],[-122.14036755322266,48.14946507437981],[-122.14042638278461,48.151702002135806],[-122.13816397996519,48.15191636122773],[-122.13793543229293,48.15197451382147],[-122.13792284385855,48.15373054938568],[-122.14062413519055,48.153735411122696]]]},"properties":{"COUNTY":"Snohomish","PRECCODE":11011864,"PRECNAME":"Arlington 25","PRECINCT":"Snohomish 11011864","DESCRIPTIO":"Portage Creek South (Outpost Apartments, Centennial Park Apartments)","OFFICE":"PUD Commissioner District 1","JURISDICTION":"Public Utility","RACE":"Snohomish County PUD Commissioner District 1","Name_1":"Sid Logan","Party_1":"None_1","Votes_1":"32","Name_2":"Janet St Clair","Party_2":"None_2","Votes_2":"29","Name_3":"Bruce King","Party_3":"None_3","Votes_3":"18","Name_4":null,"Party_4":null,"Votes_4":"0","Name_5":null,"Party_5":null,"Votes_5":"0","Name_6":null,"Party_6":null,"Votes_6":"0","Name_7":null,"Party_7":null,"Votes_7":"0","Votes_total":"79","Pct_1":40.51,"Pct_2":36.71,"Pct_3":22.78,"Pct_4":0,"Pct_5":0,"Pct_6":0,"Pct_7":0,"Margin":3.8}},
{"type":"Feature","geometry":{"type":"Polygon","coordinates":[[[-122.12852399479101,48.15189366673349],[-122.13405479984065,48.152722278778214],[-122.13522831817332,48.15266269205794],[-122.13816397996519,48.15191636122773],[-122.14042638278461,48.151702002135806],[-122.14036755322266,48.14946507437981],[-122.14046038597458,48.14908711614047],[-122.14052814715922,48.14896066802344],[-122.14048184230273,48.148915149037805],[-122.14044061009155,48.14884785263314],[-122.14018613668964,48.1484241050354],[-122.1371608658322,48.148236591579305],[-122.13707859363998,48.14743823383532],[-122.13643866290492,48.14712943558184],[-122.13580907890685,48.146812561310256],[-122.13550441949106,48.14672008033599],[-122.13530407814058,48.1466878048904],[-122.13495601559165,48.14667122758399],[-122.13328328524196,48.146677298755655],[-122.12986702130264,48.14627675463368],[-122.12985907817536,48.14790501533964],[-122.12982678745037,48.148103441856584],[-122.1297770434284,48.148164045351514],[-122.12973120051124,48.14819306064764],[-122.12994146187326,48.148197500111685],[-122.12983244356924,48.151932731063525],[-122.12852399479101,48.15189366673349]]]},"properties":{"COUNTY":"Snohomish","PRECCODE":11014838,"PRECNAME":"McPherson","PRECINCT":"Snohomish 11014838","DESCRIPTIO":"Arlington Rural Near Southeast (71st Drive NE & 168th)","OFFICE":"PUD Commissioner District 1","JURISDICTION":"Public Utility","RACE":"Snohomish County PUD Commissioner District 1","Name_1":"Sid Logan","Party_1":"None_1","Votes_1":"25","Name_2":"Janet St Clair","Party_2":"None_2","Votes_2":"3","Name_3":"Bruce King","Party_3":"None_3","Votes_3":"2","Name_4":null,"Party_4":null,"Votes_4":"0","Name_5":null,"Party_5":null,"Votes_5":"0","Name_6":null,"Party_6":null,"Votes_6":"0","Name_7":null,"Party_7":null,"Votes_7":"0","Votes_total":"30","Pct_1":83.33,"Pct_2":10,"Pct_3":6.67,"Pct_4":0,"Pct_5":0,"Pct_6":0,"Pct_7":0,"Margin":73.33}},
{"type":"Feature","geometry":{"type":"Polygon","coordinates":[[[-122.18367962125004,48.04892091111958],[-122.1830494484535,48.04775674504313],[-122.18123709879993,48.04769264227708],[-122.17755023294829,48.04660170971186],[-122.17469383108096,48.04436497648824],[-122.17314369747706,48.042124977228],[-122.17284876140151,48.03869957645279],[-122.1721935626958,48.0378697089369],[-122.17024069590528,48.03807597571537],[-122.16756982712516,48.03929830937454],[-122.16690956174016,48.04060551100641],[-122.16616082770464,48.040648642679834],[-122.16285442781287,48.039365110859684],[-122.1629648274687,48.03749784399146],[-122.16563062861162,48.03917984306568],[-122.16669702770449,48.03924577572526],[-122.1655231621774,48.038848644300415],[-122.16301926516599,48.03704583597445],[-122.16277773609495,48.03673564136297],[-122.16209575292515,48.03632790179131],[-122.16218486795022,48.04272579532695],[-122.16223911475994,48.05038882408533],[-122.15915465571351,48.050343102243914],[-122.15916940016055,48.05189152934417],[-122.16348127800731,48.051540981762216],[-122.16383108079913,48.05140866213811],[-122.16531969507331,48.05089778675059],[-122.16763279082541,48.05086894754373],[-122.16761346197683,48.05179178634314],[-122.16762924418789,48.05363886268521],[-122.17136339250284,48.05364707961224],[-122.17135003764945,48.054472430734364],[-122.17980823105087,48.054606995936545],[-122.17993300909328,48.05390371675847],[-122.1802638778679,48.05185273648383],[-122.18410960843,48.05187942505112],[-122.18411335116686,48.04923744760084],[-122.18392789536422,48.04936136518388],[-122.18367962125004,48.04892091111958]]]},"properties":{"COUNTY":"Snohomish","PRECCODE":13811047,"PRECNAME":"Marysville 1","PRECINCT":"Snohomish 13811047","DESCRIPTIO":"Downtown Marysville South (Town Center Shopping Center, Asbery Field, Marysville Apartments)","OFFICE":"PUD Commissioner District 1","JURISDICTION":"Public Utility","RACE":"Snohomish County PUD Commissioner District 1","Name_1":"Sid Logan","Party_1":"None_1","Votes_1":"79","Name_2":"Janet St Clair","Party_2":"None_2","Votes_2":"53","Name_3":"Bruce King","Party_3":"None_3","Votes_3":"22","Name_4":null,"Party_4":null,"Votes_4":"0","Name_5":null,"Party_5":null,"Votes_5":"0","Name_6":null,"Party_6":null,"Votes_6":"0","Name_7":null,"Party_7":null,"Votes_7":"0","Votes_total":"154","Pct_1":51.3,"Pct_2":34.42,"Pct_3":14.29,"Pct_4":0,"Pct_5":0,"Pct_6":0,"Pct_7":0,"Margin":16.88}},
{"type":"Feature","geometry":{"type":"Polygon","coordinates":[[[-122.148711808672,48.046597917812015],[-122.14647364372496,48.04450606832727],[-122.14628719146411,48.0429632906385],[-122.14369772267139,48.04290952299714],[-122.14372417398418,48.04403163921677],[-122.14470080227822,48.0446726840957],[-122.14424014406107,48.04663789408566],[-122.14493622982636,48.04800306005003],[-122.14501852252621,48.04832479286326],[-122.1450042346025,48.04832572706896],[-122.14520542477138,48.05010712872727],[-122.15019687523211,48.050189964898074],[-122.1503876145958,48.04807060367402],[-122.14991085466544,48.04767483158536],[-122.148711808672,48.046597917812015]]]},"properties":{"COUNTY":"Snohomish","PRECCODE":13811048,"PRECNAME":"Marysville 2","PRECINCT":"Snohomish 13811048","DESCRIPTIO":"Sunnyside Northwest (Sunnyside Hills West)","OFFICE":"PUD Commissioner District 1","JURISDICTION":"Public Utility","RACE":"Snohomish County PUD Commissioner District 1","Name_1":"Sid Logan","Party_1":"None_1","Votes_1":"39","Name_2":"Janet St Clair","Party_2":"None_2","Votes_2":"25","Name_3":"Bruce King","Party_3":"None_3","Votes_3":"10","Name_4":"Write-In","Party_4":"None_4","Votes_4":"2","Name_5":null,"Party_5":null,"Votes_5":"0","Name_6":null,"Party_6":null,"Votes_6":"0","Name_7":null,"Party_7":null,"Votes_7":"0","Votes_total":"76","Pct_1":51.32,"Pct_2":32.89,"Pct_3":13.16,"Pct_4":2.63,"Pct_5":0,"Pct_6":0,"Pct_7":0,"Margin":18.43}},
{"type":"Feature","geometry":{"type":"Polygon","coordinates":[[[-122.18386661330811,48.06497507648992],[-122.18408219808232,48.05680694089396],[-122.18410960843,48.05187942505112],[-122.1802638778679,48.05185273648383],[-122.17993300909328,48.05390371675847],[-122.17954545454866,48.056153798319855],[-122.17724585708257,48.068451657175956],[-122.1809967109846,48.068498767579435],[-122.18155979147687,48.067817932122836],[-122.1827116705346,48.068125017778684],[-122.18311283767119,48.06797952777279],[-122.18332372030774,48.068007207908096],[-122.18382128160664,48.06814530011127],[-122.18386661330811,48.06497507648992]]]},"properties":{"COUNTY":"Snohomish","PRECCODE":13811128,"PRECNAME":"Marysville 4","PRECINCT":"Snohomish 13811128","DESCRIPTIO":"Downtown Marysville Northwest (Westend Apartments, Ash Avenue Park & Ride)","OFFICE":"PUD Commissioner District 1","JURISDICTION":"Public Utility","RACE":"Snohomish County PUD Commissioner District 1","Name_1":"Sid Logan","Party_1":"None_1","Votes_1":"85","Name_2":"Janet St Clair","Party_2":"None_2","Votes_2":"65","Name_3":"Bruce King","Party_3":"None_3","Votes_3":"27","Name_4":"Write-In","Party_4":"None_4","Votes_4":"1","Name_5":null,"Party_5":null,"Votes_5":"0","Name_6":null,"Party_6":null,"Votes_6":"0","Name_7":null,"Party_7":null,"Votes_7":"0","Votes_total":"178","Pct_1":47.75,"Pct_2":36.52,"Pct_3":15.17,"Pct_4":0.56,"Pct_5":0,"Pct_6":0,"Pct_7":0,"Margin":11.23}},
{"type":"Feature","geometry":{"type":"Polygon","coordinates":[[[-122.16770413879318,48.070123461319604],[-122.16771208137278,48.06835525863205],[-122.17724585708257,48.068451657175956],[-122.17691948536479,48.064952492756376],[-122.17165050480344,48.064833080727425],[-122.17170925822569,48.06124501708718],[-122.16764178177515,48.06121542291568],[-122.16764490339432,48.06344609510541],[-122.16426704884806,48.06341427866493],[-122.16226751188994,48.063378238381965],[-122.16225705018313,48.064817797244075],[-122.1622764042374,48.06951802080812],[-122.16366752348178,48.06952821390916],[-122.16396590627267,48.06955842918877],[-122.16524533842416,48.070094863079824],[-122.16770413879318,48.070123461319604]]]},"properties":{"COUNTY":"Snohomish","PRECCODE":13811129,"PRECNAME":"Marysville 6","PRECINCT":"Snohomish 13811129","DESCRIPTIO":"Central Marysville Southwest (Liberty Square Apartments, Marysville Skate Center)","OFFICE":"PUD Commissioner District 1","JURISDICTION":"Public Utility","RACE":"Snohomish County PUD Commissioner District 1","Name_1":"Sid Logan","Party_1":"None_1","Votes_1":"97","Name_2":"Janet St Clair","Party_2":"None_2","Votes_2":"49","Name_3":"Bruce King","Party_3":"None_3","Votes_3":"46","Name_4":null,"Party_4":null,"Votes_4":"0","Name_5":null,"Party_5":null,"Votes_5":"0","Name_6":null,"Party_6":null,"Votes_6":"0","Name_7":null,"Party_7":null,"Votes_7":"0","Votes_total":"192","Pct_1":50.52,"Pct_2":25.52,"Pct_3":23.96,"Pct_4":0,"Pct_5":0,"Pct_6":0,"Pct_7":0,"Margin":25}},
{"type":"Feature","geometry":{"type":"Polygon","coordinates":[[[-122.1495844836521,48.059164762700334],[-122.15216718694883,48.05920151934991],[-122.15263779998439,48.058852360913605],[-122.15697453182239,48.05894817621529],[-122.15696683844236,48.060142655444395],[-122.15883977394314,48.060071776425815],[-122.15949560545181,48.05863598778784],[-122.1585582426028,48.05743160197232],[-122.16060505780898,48.056194796505],[-122.1607599550215,48.05468484956989],[-122.16297676269988,48.05310810715453],[-122.16450754195758,48.05208960757248],[-122.1641318340734,48.05165373598112],[-122.1636618434827,48.05156562131426],[-122.16360530330623,48.05149404749921],[-122.16348127800731,48.051540981762216],[-122.15916940016055,48.05189152934417],[-122.15916952965252,48.05374643378246],[-122.15802271716852,48.05393694987727],[-122.15306067333951,48.05383971639549],[-122.14956130558657,48.053788307484616],[-122.14955924051698,48.05529022878901],[-122.1495844836521,48.059164762700334]]]},"properties":{"COUNTY":"Snohomish","PRECCODE":13811261,"PRECNAME":"Marysville 3","PRECINCT":"Snohomish 13811261","DESCRIPTIO":"South Marysville West (Parkview Estates)","OFFICE":"PUD Commissioner District 1","JURISDICTION":"Public Utility","RACE":"Snohomish County PUD Commissioner District 1","Name_1":"Sid Logan","Party_1":"None_1","Votes_1":"132","Name_2":"Janet St Clair","Party_2":"None_2","Votes_2":"60","Name_3":"Bruce King","Party_3":"None_3","Votes_3":"40","Name_4":"Write-In","Party_4":"None_4","Votes_4":"2","Name_5":null,"Party_5":null,"Votes_5":"0","Name_6":null,"Party_6":null,"Votes_6":"0","Name_7":null,"Party_7":null,"Votes_7":"0","Votes_total":"234","Pct_1":56.41,"Pct_2":25.64,"Pct_3":17.09,"Pct_4":0.85,"Pct_5":0,"Pct_6":0,"Pct_7":0,"Margin":30.77}},
{"type":"Feature","geometry":{"type":"Polygon","coordinates":[[[-122.16762031958287,48.0538508451855],[-122.16761106308664,48.05368867362103],[-122.16761346197683,48.05179178634314],[-122.16763279082541,48.05086894754373],[-122.16531969507331,48.05089778675059],[-122.16383108079913,48.05140866213811],[-122.16360530330623,48.05149404749921],[-122.1636618434827,48.05156562131426],[-122.1641318340734,48.05165373598112],[-122.16450754195758,48.05208960757248],[-122.16297676269988,48.05310810715453],[-122.16297748488681,48.054147665661226],[-122.16302347804233,48.05562030910488],[-122.163934502587,48.056228111209684],[-122.16351886940576,48.05662330304847],[-122.16431905624428,48.05668998636063],[-122.1642690153102,48.06117215825851],[-122.16219528997273,48.061150429514235],[-122.16221376498598,48.06188741411002],[-122.16429540603554,48.06189774032651],[-122.16426704884806,48.06341427866493],[-122.16764490339432,48.06344609510541],[-122.16764178177515,48.06121542291568],[-122.16773125382029,48.05535995621457],[-122.16774721533467,48.054021772463265],[-122.16772869020994,48.05396366816164],[-122.16762031958287,48.0538508451855]]]},"properties":{"COUNTY":"Snohomish","PRECCODE":13811299,"PRECNAME":"Marysville 9","PRECINCT":"Snohomish 13811299","DESCRIPTIO":"Downtown Marysville East (Allen Creek Apartments, Marysville Middle School)","OFFICE":"PUD Commissioner District 1","JURISDICTION":"Public Utility","RACE":"Snohomish County PUD Commissioner District 1","Name_1":"Sid Logan","Party_1":"None_1","Votes_1":"44","Name_2":"Janet St Clair","Party_2":"None_2","Votes_2":"34","Name_3":"Bruce King","Party_3":"None_3","Votes_3":"14","Name_4":null,"Party_4":null,"Votes_4":"0","Name_5":null,"Party_5":null,"Votes_5":"0","Name_6":null,"Party_6":null,"Votes_6":"0","Name_7":null,"Party_7":null,"Votes_7":"0","Votes_total":"92","Pct_1":47.83,"Pct_2":36.96,"Pct_3":15.22,"Pct_4":0,"Pct_5":0,"Pct_6":0,"Pct_7":0,"Margin":10.87}},
{"type":"Feature","geometry":{"type":"Polygon","coordinates":[[[-122.15306067333951,48.05383971639549],[-122.15802271716852,48.05393694987727],[-122.15916952965252,48.05374643378246],[-122.15916940016055,48.05189152934417],[-122.15637394447616,48.051697162855795],[-122.15124884707106,48.048770068649226],[-122.1503876145958,48.04807060367402],[-122.15019687523211,48.050189964898074],[-122.14520542477138,48.05010712872727],[-122.1450042346025,48.04832572706896],[-122.14461537948415,48.04835039146254],[-122.14164947135257,48.04829753346653],[-122.14163367158639,48.04969019523137],[-122.14091981090151,48.049678282170106],[-122.14089288924714,48.05012866893287],[-122.14086450299585,48.05364755096415],[-122.15306067333951,48.05383971639549]]]},"properties":{"COUNTY":"Snohomish","PRECCODE":13811342,"PRECNAME":"Marysville 11","PRECINCT":"Snohomish 13811342","DESCRIPTIO":"South Marysville Southwest (Glenwood Senior MHP, Marysville United Methodist Church)","OFFICE":"PUD Commissioner District 1","JURISDICTION":"Public Utility","RACE":"Snohomish County PUD Commissioner District 1","Name_1":"Sid Logan","Party_1":"None_1","Votes_1":"115","Name_2":"Janet St Clair","Party_2":"None_2","Votes_2":"87","Name_3":"Bruce King","Party_3":"None_3","Votes_3":"56","Name_4":"Write-In","Party_4":"None_4","Votes_4":"2","Name_5":null,"Party_5":null,"Votes_5":"0","Name_6":null,"Party_6":null,"Votes_6":"0","Name_7":null,"Party_7":null,"Votes_7":"0","Votes_total":"260","Pct_1":44.23,"Pct_2":33.46,"Pct_3":21.54,"Pct_4":0.77,"Pct_5":0,"Pct_6":0,"Pct_7":0,"Margin":10.77}},
{"type":"Feature","geometry":{"type":"Polygon","coordinates":[[[-122.18391177170386,48.08439082580336],[-122.17884448442923,48.08431561620682],[-122.17849562722638,48.084256041999595],[-122.17798466193287,48.08429587001444],[-122.17793380703847,48.08424831335843],[-122.17657889421906,48.08422981053162],[-122.17727110662146,48.08266626172533],[-122.17655638160439,48.08171645476586],[-122.1781200562489,48.08068172141556],[-122.17750428271404,48.079878047631894],[-122.17835008995033,48.079755473415396],[-122.17793226000121,48.07803038270568],[-122.17900867866567,48.076594269093114],[-122.1789695993288,48.075469050249],[-122.17813036639063,48.07537032465859],[-122.18015572116549,48.07486865739879],[-122.17983970637881,48.074321434527825],[-122.18056684839301,48.07390806205969],[-122.17950748411789,48.072036360999384],[-122.17710017711141,48.07200586991721],[-122.17657795797666,48.07200161356735],[-122.1757657307003,48.077161737668035],[-122.17438740361727,48.08083735786051],[-122.17251514937061,48.084330392344796],[-122.1723065166698,48.08490371579529],[-122.17231693203433,48.085797159367594],[-122.17345677900451,48.08755668355802],[-122.1735700552019,48.0878803487217],[-122.1736077555985,48.09535160580297],[-122.17379207260846,48.09588821452268],[-122.17523987863588,48.099935055257944],[-122.17913108358175,48.09999860692406],[-122.17919872306935,48.10060429824225],[-122.1805010223202,48.10107915303707],[-122.18047536353778,48.10370641268243],[-122.18207885864115,48.10372722418834],[-122.18408206618828,48.10377364939673],[-122.18396377770966,48.100083262816604],[-122.18390077083706,48.0861187970196],[-122.1839209612322,48.08524932650879],[-122.18391177170386,48.08439082580336]]]},"properties":{"COUNTY":"Snohomish","PRECCODE":13811350,"PRECNAME":"Marysville 7","PRECINCT":"Snohomish 13811350","DESCRIPTIO":"Quilceda Northwest (39th Dr NE & 104th, Mobile Manor Senior MHP, Gateway Shopping Center)","OFFICE":"PUD Commissioner District 1","JURISDICTION":"Public Utility","RACE":"Snohomish County PUD Commissioner District 1","Name_1":"Sid Logan","Party_1":"None_1","Votes_1":"74","Name_2":"Janet St Clair","Party_2":"None_2","Votes_2":"63","Name_3":"Bruce King","Party_3":"None_3","Votes_3":"49","Name_4":null,"Party_4":null,"Votes_4":"0","Name_5":null,"Party_5":null,"Votes_5":"0","Name_6":null,"Party_6":null,"Votes_6":"0","Name_7":null,"Party_7":null,"Votes_7":"0","Votes_total":"186","Pct_1":39.78,"Pct_2":33.87,"Pct_3":26.34,"Pct_4":0,"Pct_5":0,"Pct_6":0,"Pct_7":0,"Margin":5.91}},
{"type":"Feature","geometry":{"type":"Polygon","coordinates":[[[-122.17724585708257,48.068451657175956],[-122.17954545454866,48.056153798319855],[-122.17980823105087,48.054606995936545],[-122.17135003764945,48.054472430734364],[-122.17136339250284,48.05364707961224],[-122.16762924418789,48.05363886268521],[-122.16761106308664,48.05368867362103],[-122.16762031958287,48.0538508451855],[-122.16772869020994,48.05396366816164],[-122.16774721533467,48.054021772463265],[-122.16773125382029,48.05535995621457],[-122.16764178177515,48.06121542291568],[-122.17170925822569,48.06124501708718],[-122.17165050480344,48.064833080727425],[-122.17691948536479,48.064952492756376],[-122.17724585708257,48.068451657175956]]]},"properties":{"COUNTY":"Snohomish","PRECCODE":13811351,"PRECNAME":"Marysville 8","PRECINCT":"Snohomish 13811351","DESCRIPTIO":"Downtown Marysville North (Liberty Elementary School, Pilchuck Apartments)","OFFICE":"PUD Commissioner District 1","JURISDICTION":"Public Utility","RACE":"Snohomish County PUD Commissioner District 1","Name_1":"Sid Logan","Party_1":"None_1","Votes_1":"92","Name_2":"Janet St Clair","Party_2":"None_2","Votes_2":"74","Name_3":"Bruce King","Party_3":"None_3","Votes_3":"40","Name_4":null,"Party_4":null,"Votes_4":"0","Name_5":null,"Party_5":null,"Votes_5":"0","Name_6":null,"Party_6":null,"Votes_6":"0","Name_7":null,"Party_7":null,"Votes_7":"0","Votes_total":"206","Pct_1":44.66,"Pct_2":35.92,"Pct_3":19.42,"Pct_4":0,"Pct_5":0,"Pct_6":0,"Pct_7":0,"Margin":8.74}},
{"type":"Feature","geometry":{"type":"Polygon","coordinates":[[[-122.14084749929836,48.064433033759634],[-122.14086450299585,48.05364755096415],[-122.13548569556336,48.05368299780427],[-122.13125512007603,48.05369948160937],[-122.13151688079388,48.05419157378447],[-122.13199982502609,48.05481594668007],[-122.13250587353826,48.05587017163264],[-122.1327790998421,48.05620448776716],[-122.13485457967786,48.06082322114189],[-122.13764251237642,48.06428305204177],[-122.13767773861687,48.064548323342194],[-122.1393950993966,48.06649972655538],[-122.14030090079746,48.066613185193575],[-122.14050335400331,48.06666668880886],[-122.14064606795068,48.066806471619294],[-122.14084749929836,48.064433033759634]]]},"properties":{"COUNTY":"Snohomish","PRECCODE":13811428,"PRECNAME":"Marysville 5","PRECINCT":"Snohomish 13811428","DESCRIPTIO":"South Marysville Northeast (68th Ave NE & 73rd, Brookwood Heights)","OFFICE":"PUD Commissioner District 1","JURISDICTION":"Public Utility","RACE":"Snohomish County PUD Commissioner District 1","Name_1":"Sid Logan","Party_1":"None_1","Votes_1":"164","Name_2":"Bruce King","Party_2":"None_3","Votes_2":"62","Name_3":"Janet St Clair","Party_3":"None_2","Votes_3":"56","Name_4":null,"Party_4":null,"Votes_4":"0","Name_5":null,"Party_5":null,"Votes_5":"0","Name_6":null,"Party_6":null,"Votes_6":"0","Name_7":null,"Party_7":null,"Votes_7":"0","Votes_total":"282","Pct_1":58.16,"Pct_2":21.99,"Pct_3":19.86,"Pct_4":0,"Pct_5":0,"Pct_6":0,"Pct_7":0,"Margin":36.17}},
{"type":"Feature","geometry":{"type":"Polygon","coordinates":[[[-122.14031449716254,48.07079992693778],[-122.14890350880147,48.07101199442251],[-122.14942266571708,48.06451632780808],[-122.14557673623663,48.06447846062178],[-122.14549215854602,48.06547093001753],[-122.14489206310917,48.065793769305046],[-122.14447866564112,48.065801189192115],[-122.14073117721682,48.06575417960132],[-122.14031449716254,48.07079992693778]]]},"properties":{"COUNTY":"Snohomish","PRECCODE":13811429,"PRECNAME":"Marysville 10","PRECINCT":"Snohomish 13811429","DESCRIPTIO":"Central Marysville East (Cedarcrest Vista East, 64th Dr NE & 78th Pl)","OFFICE":"PUD Commissioner District 1","JURISDICTION":"Public Utility","RACE":"Snohomish County PUD Commissioner District 1","Name_1":"Sid Logan","Party_1":"None_1","Votes_1":"86","Name_2":"Janet St Clair","Party_2":"None_2","Votes_2":"59","Name_3":"Bruce King","Party_3":"None_3","Votes_3":"38","Name_4":"Write-In","Party_4":"None_4","Votes_4":"3","Name_5":null,"Party_5":null,"Votes_5":"0","Name_6":null,"Party_6":null,"Votes_6":"0","Name_7":null,"Party_7":null,"Votes_7":"0","Votes_total":"186","Pct_1":46.24,"Pct_2":31.72,"Pct_3":20.43,"Pct_4":1.61,"Pct_5":0,"Pct_6":0,"Pct_7":0,"Margin":14.52}},
{"type":"Feature","geometry":{"type":"Polygon","coordinates":[[[-122.16426704884806,48.06341427866493],[-122.16429540603554,48.06189774032651],[-122.16221376498598,48.06188741411002],[-122.16219528997273,48.061150429514235],[-122.1642690153102,48.06117215825851],[-122.16431905624428,48.05668998636063],[-122.16351886940576,48.05662330304847],[-122.163934502587,48.056228111209684],[-122.16302347804233,48.05562030910488],[-122.16297748488681,48.054147665661226],[-122.16297676269988,48.05310810715453],[-122.1607599550215,48.05468484956989],[-122.16060505780898,48.056194796505],[-122.1585582426028,48.05743160197232],[-122.15949560545181,48.05863598778784],[-122.15883977394314,48.060071776425815],[-122.15696683844236,48.060142655444395],[-122.15697453182239,48.05894817621529],[-122.15263779998439,48.058852360913605],[-122.15216718694883,48.05920151934991],[-122.1488638851771,48.059154516603186],[-122.14842211529789,48.061438340386935],[-122.14751808017844,48.06147362616018],[-122.14631659652582,48.062597795539666],[-122.14484552422014,48.062612470184135],[-122.14481872385002,48.06447098173878],[-122.14084749929836,48.064433033759634],[-122.14073117721682,48.06575417960132],[-122.14447866564112,48.065801189192115],[-122.14489206310917,48.065793769305046],[-122.14549215854602,48.06547093001753],[-122.14557673623663,48.06447846062178],[-122.14942266571708,48.06451632780808],[-122.1500124319288,48.06447614193662],[-122.15049131416549,48.06435581588636],[-122.15093609862205,48.064129888202814],[-122.1525210020792,48.06310866416881],[-122.1550489899929,48.06144489584027],[-122.15573679166586,48.0611897042385],[-122.15956287826164,48.061093564621736],[-122.15958095317436,48.06344700767927],[-122.16156116011783,48.06336781999975],[-122.16426704884806,48.06341427866493]]]},"properties":{"COUNTY":"Snohomish","PRECCODE":13811430,"PRECNAME":"Marysville 13","PRECINCT":"Snohomish 13811430","DESCRIPTIO":"South Marysville Far North (Jennings Park, Armar Road Apartments, Marysville Public Library)","OFFICE":"PUD Commissioner District 1","JURISDICTION":"Public Utility","RACE":"Snohomish County PUD Commissioner District 1","Name_1":"Sid Logan","Party_1":"None_1","Votes_1":"100","Name_2":"Bruce King","Party_2":"None_3","Votes_2":"52","Name_3":"Janet St Clair","Party_3":"None_2","Votes_3":"41","Name_4":"Write-In","Party_4":"None_4","Votes_4":"1","Name_5":null,"Party_5":null,"Votes_5":"0","Name_6":null,"Party_6":null,"Votes_6":"0","Name_7":null,"Party_7":null,"Votes_7":"0","Votes_total":"194","Pct_1":51.55,"Pct_2":26.8,"Pct_3":21.13,"Pct_4":0.52,"Pct_5":0,"Pct_6":0,"Pct_7":0,"Margin":24.75}},
{"type":"Feature","geometry":{"type":"Polygon","coordinates":[[[-122.17441159092704,48.09759759465603],[-122.17323811463608,48.09758515535213],[-122.17281279326022,48.097539564703425],[-122.17271031820947,48.09989654618884],[-122.16623793348485,48.0999734543721],[-122.16587912311807,48.10016568626825],[-122.1660300137254,48.101509546109654],[-122.1655561426104,48.10178390728838],[-122.16512002641099,48.10215327693389],[-122.1647675353102,48.10251165042911],[-122.16484040502075,48.10253968077079],[-122.16561060243615,48.10294064634726],[-122.16242724252598,48.10495587556314],[-122.16222656120904,48.104952114379486],[-122.1622258736059,48.105064362787616],[-122.16294964778311,48.10507346837456],[-122.16361611744914,48.105102595298725],[-122.1644072589362,48.10544163690716],[-122.16561606811337,48.105507651304315],[-122.1659258071997,48.106503348532456],[-122.17298659593826,48.10668770148146],[-122.17320652350521,48.106821282603136],[-122.17331607958334,48.10721679133435],[-122.17444176534656,48.10723270291377],[-122.17594933185936,48.10727352919737],[-122.17636373899246,48.103048406316184],[-122.17441159092704,48.09759759465603]]]},"properties":{"COUNTY":"Snohomish","PRECCODE":13811465,"PRECNAME":"Marysville 15","PRECINCT":"Snohomish 13811465","DESCRIPTIO":"North Marysville Southwest (Marshall Elementary School, Alta Crossing Apartments)","OFFICE":"PUD Commissioner District 1","JURISDICTION":"Public Utility","RACE":"Snohomish County PUD Commissioner District 1","Name_1":"Sid Logan","Party_1":"None_1","Votes_1":"90","Name_2":"Janet St Clair","Party_2":"None_2","Votes_2":"71","Name_3":"Bruce King","Party_3":"None_3","Votes_3":"56","Name_4":null,"Party_4":null,"Votes_4":"0","Name_5":null,"Party_5":null,"Votes_5":"0","Name_6":null,"Party_6":null,"Votes_6":"0","Name_7":null,"Party_7":null,"Votes_7":"0","Votes_total":"217","Pct_1":41.47,"Pct_2":32.72,"Pct_3":25.81,"Pct_4":0,"Pct_5":0,"Pct_6":0,"Pct_7":0,"Margin":8.75}},
{"type":"Feature","geometry":{"type":"Polygon","coordinates":[[[-122.1409254361941,48.049678388988355],[-122.14163367158639,48.04969019523137],[-122.14164947135257,48.04829753346653],[-122.14461537948415,48.04835039146254],[-122.14501852252621,48.04832479286326],[-122.14493622982636,48.04800306005003],[-122.14424014406107,48.04663789408566],[-122.14470080227822,48.0446726840957],[-122.14372417398418,48.04403163921677],[-122.14369772267139,48.04290952299714],[-122.14204853529922,48.04287170923579],[-122.14097456815057,48.04283675972208],[-122.13867310812861,48.042860017345845],[-122.13282910697218,48.04286758652076],[-122.13280170823165,48.04612264312414],[-122.13010832838151,48.04627152025428],[-122.12998325493862,48.049531617898786],[-122.13171858127615,48.0493689973262],[-122.13441701369078,48.047833201897305],[-122.14092831459908,48.04773477710485],[-122.1409031318679,48.04914116899443],[-122.1409254361941,48.049678388988355]]]},"properties":{"COUNTY":"Snohomish","PRECCODE":13811466,"PRECNAME":"Marysville 16","PRECINCT":"Snohomish 13811466","DESCRIPTIO":"Sunnyside North (67th Ave NE & 55th, River's Inlet)","OFFICE":"PUD Commissioner District 1","JURISDICTION":"Public Utility","RACE":"Snohomish County PUD Commissioner District 1","Name_1":"Sid Logan","Party_1":"None_1","Votes_1":"114","Name_2":"Janet St Clair","Party_2":"None_2","Votes_2":"45","Name_3":"Bruce King","Party_3":"None_3","Votes_3":"35","Name_4":"Write-In","Party_4":"None_4","Votes_4":"1","Name_5":null,"Party_5":null,"Votes_5":"0","Name_6":null,"Party_6":null,"Votes_6":"0","Name_7":null,"Party_7":null,"Votes_7":"0","Votes_total":"195","Pct_1":58.46,"Pct_2":23.08,"Pct_3":17.95,"Pct_4":0.51,"Pct_5":0,"Pct_6":0,"Pct_7":0,"Margin":35.38}},
{"type":"Feature","geometry":{"type":"Polygon","coordinates":[[[-122.14084749929836,48.064433033759634],[-122.14481872385002,48.06447098173878],[-122.14484552422014,48.062612470184135],[-122.14631659652582,48.062597795539666],[-122.14751808017844,48.06147362616018],[-122.14842211529789,48.061438340386935],[-122.1488638851771,48.059154516603186],[-122.1495844836521,48.059164762700334],[-122.14955924051698,48.05529022878901],[-122.14956117446636,48.05378316815511],[-122.14086450299585,48.05364755096415],[-122.14084749929836,48.064433033759634]]]},"properties":{"COUNTY":"Snohomish","PRECCODE":13811467,"PRECNAME":"Marysville 17","PRECINCT":"Snohomish 13811467","DESCRIPTIO":"South Marysville North (Allen Creek Elementary School, Grove Elementary School)","OFFICE":"PUD Commissioner District 1","JURISDICTION":"Public Utility","RACE":"Snohomish County PUD Commissioner District 1","Name_1":"Sid Logan","Party_1":"None_1","Votes_1":"111","Name_2":"Janet St Clair","Party_2":"None_2","Votes_2":"62","Name_3":"Bruce King","Party_3":"None_3","Votes_3":"50","Name_4":null,"Party_4":null,"Votes_4":"0","Name_5":null,"Party_5":null,"Votes_5":"0","Name_6":null,"Party_6":null,"Votes_6":"0","Name_7":null,"Party_7":null,"Votes_7":"0","Votes_total":"223","Pct_1":49.78,"Pct_2":27.8,"Pct_3":22.42,"Pct_4":0,"Pct_5":0,"Pct_6":0,"Pct_7":0,"Margin":21.98}},
{"type":"Feature","geometry":{"type":"Polygon","coordinates":[[[-122.1333864172398,48.06409562409519],[-122.1347213585223,48.06437815157968],[-122.13514129255246,48.064404920563895],[-122.1376607751247,48.064418904676664],[-122.13764251237642,48.06428305204177],[-122.13485457967786,48.06082322114189],[-122.1327790998421,48.05620448776716],[-122.13254276246265,48.05591232792292],[-122.13229593677092,48.055935098302356],[-122.13196933690092,48.05594937607665],[-122.13004124746394,48.055943207558265],[-122.12805941182971,48.05631100913636],[-122.12777658144401,48.0565427900785],[-122.12747926520181,48.056684435338184],[-122.12721364812118,48.05675365315166],[-122.12685597413707,48.05678791858301],[-122.1242672891233,48.056924762241565],[-122.12554128350774,48.058338867303895],[-122.12489362477012,48.058945386991184],[-122.12497527539043,48.0605803744247],[-122.12553046806157,48.061233143192204],[-122.12554581694415,48.06136782488124],[-122.12570389167743,48.06320964210086],[-122.12594795781571,48.063418297443064],[-122.12617612392457,48.06347864906807],[-122.12715343919882,48.063467638243054],[-122.12840175284411,48.06336188315952],[-122.12841888005858,48.06158739713442],[-122.12937693833865,48.060565175247966],[-122.13199565847363,48.063362262739176],[-122.1333864172398,48.06409562409519]]]},"properties":{"COUNTY":"Snohomish","PRECCODE":13811494,"PRECNAME":"Marysville 19","PRECINCT":"Snohomish 13811494","DESCRIPTIO":"Northpointe West (Northpointe Park, Northpointe Summit, Cedarcrest Reservoir)","OFFICE":"PUD Commissioner District 1","JURISDICTION":"Public Utility","RACE":"Snohomish County PUD Commissioner District 1","Name_1":"Sid Logan","Party_1":"None_1","Votes_1":"144","Name_2":"Janet St Clair","Party_2":"None_2","Votes_2":"70","Name_3":"Bruce King","Party_3":"None_3","Votes_3":"65","Name_4":"Write-In","Party_4":"None_4","Votes_4":"1","Name_5":null,"Party_5":null,"Votes_5":"0","Name_6":null,"Party_6":null,"Votes_6":"0","Name_7":null,"Party_7":null,"Votes_7":"0","Votes_total":"280","Pct_1":51.43,"Pct_2":25,"Pct_3":23.21,"Pct_4":0.36,"Pct_5":0,"Pct_6":0,"Pct_7":0,"Margin":26.43}},
{"type":"Feature","geometry":{"type":"Polygon","coordinates":[[[-122.14991085466544,48.04767483158536],[-122.15124884707106,48.048770068649226],[-122.15637394447616,48.051697162855795],[-122.15916940016055,48.05189152934417],[-122.15915465571351,48.050343102243914],[-122.16223911475994,48.05038882408533],[-122.16218486795022,48.04272579532695],[-122.16209544132046,48.0362793027725],[-122.16058442625871,48.03564137824803],[-122.15609009226866,48.03502337713867],[-122.15463182450358,48.03403804475271],[-122.1542230232645,48.03290909589156],[-122.14649390966652,48.03291115892204],[-122.1464540960885,48.035503634078566],[-122.1463457312295,48.04024056491314],[-122.15155933976847,48.04046230899278],[-122.15140926498474,48.04208788254938],[-122.15052591005629,48.04242733778849],[-122.1493524139125,48.04399995882696],[-122.1474984549397,48.04395750533081],[-122.14759631841657,48.04470591158023],[-122.15020370273236,48.04662883376238],[-122.148711808672,48.046597917812015],[-122.14991085466544,48.04767483158536]]]},"properties":{"COUNTY":"Snohomish","PRECCODE":13811504,"PRECNAME":"Marysville 20","PRECINCT":"Snohomish 13811504","DESCRIPTIO":"Sunnyside West (Olympic View Park, Rainier Vista)","OFFICE":"PUD Commissioner District 1","JURISDICTION":"Public Utility","RACE":"Snohomish County PUD Commissioner District 1","Name_1":"Sid Logan","Party_1":"None_1","Votes_1":"95","Name_2":"Janet St Clair","Party_2":"None_2","Votes_2":"59","Name_3":"Bruce King","Party_3":"None_3","Votes_3":"37","Name_4":null,"Party_4":null,"Votes_4":"0","Name_5":null,"Party_5":null,"Votes_5":"0","Name_6":null,"Party_6":null,"Votes_6":"0","Name_7":null,"Party_7":null,"Votes_7":"0","Votes_total":"191","Pct_1":49.74,"Pct_2":30.89,"Pct_3":19.37,"Pct_4":0,"Pct_5":0,"Pct_6":0,"Pct_7":0,"Margin":18.85}},
{"type":"Feature","geometry":{"type":"Polygon","coordinates":[[[-122.1337919196817,48.04286533244189],[-122.13867310812861,48.042860017345845],[-122.14097456815057,48.04283675972208],[-122.14098986547677,48.03569854559273],[-122.14644470298924,48.03569369734072],[-122.14649882982911,48.03312461907571],[-122.14649390966652,48.03291115892204],[-122.14646901447053,48.03291123517743],[-122.14648769039607,48.03228197792733],[-122.14473630737686,48.032263068347795],[-122.13552625642174,48.03236443276047],[-122.13017160797895,48.03237821915636],[-122.1301850701378,48.03565929162332],[-122.13015422491691,48.03752284965696],[-122.13021917374493,48.03780948896121],[-122.13200384425869,48.03785673360719],[-122.13289766384496,48.03826387757001],[-122.1332155463895,48.03846762338285],[-122.13353004092104,48.03886127550016],[-122.13358227800315,48.039048238726025],[-122.13358568432332,48.04080602349477],[-122.1337919196817,48.04286533244189]]]},"properties":{"COUNTY":"Snohomish","PRECCODE":13811540,"PRECNAME":"Marysville 21","PRECINCT":"Snohomish 13811540","DESCRIPTIO":"Sunnyside East-Center (70th Ave NE & 49th, Sunnyside Elementary School)","OFFICE":"PUD Commissioner District 1","JURISDICTION":"Public Utility","RACE":"Snohomish County PUD Commissioner District 1","Name_1":"Sid Logan","Party_1":"None_1","Votes_1":"141","Name_2":"Janet St Clair","Party_2":"None_2","Votes_2":"63","Name_3":"Bruce King","Party_3":"None_3","Votes_3":"43","Name_4":"Write-In","Party_4":"None_4","Votes_4":"1","Name_5":null,"Party_5":null,"Votes_5":"0","Name_6":null,"Party_6":null,"Votes_6":"0","Name_7":null,"Party_7":null,"Votes_7":"0","Votes_total":"248","Pct_1":56.85,"Pct_2":25.4,"Pct_3":17.34,"Pct_4":0.4,"Pct_5":0,"Pct_6":0,"Pct_7":0,"Margin":31.45}},
{"type":"Feature","geometry":{"type":"Polygon","coordinates":[[[-122.13548569556336,48.05368299780427],[-122.14086450299585,48.05364755096415],[-122.14089288924714,48.05012866893287],[-122.1409254361941,48.049678388988355],[-122.1409031318679,48.04914116899443],[-122.14092831459908,48.04773477710485],[-122.13441701369078,48.047833201897305],[-122.13171858127615,48.0493689973262],[-122.12998325493862,48.049531617898786],[-122.12997508559768,48.05022349376821],[-122.12937801726778,48.05022166996996],[-122.12740822518944,48.050173141758684],[-122.12740713647166,48.05018974945428],[-122.12759068782037,48.05020182382228],[-122.12787515002873,48.05029661382685],[-122.12803546422117,48.05042957381613],[-122.1281134621643,48.05059759404852],[-122.12820943550511,48.05192185821162],[-122.1286507596365,48.05369927580448],[-122.12975688641778,48.053711128148116],[-122.13548569556336,48.05368299780427]]]},"properties":{"COUNTY":"Snohomish","PRECCODE":13811541,"PRECNAME":"Marysville 22","PRECINCT":"Snohomish 13811541","DESCRIPTIO":"South Marysville Southeast (Foothills Park, 73rd Ave NE & 61st Pl)","OFFICE":"PUD Commissioner District 1","JURISDICTION":"Public Utility","RACE":"Snohomish County PUD Commissioner District 1","Name_1":"Sid Logan","Party_1":"None_1","Votes_1":"167","Name_2":"Janet St Clair","Party_2":"None_2","Votes_2":"66","Name_3":"Bruce King","Party_3":"None_3","Votes_3":"35","Name_4":null,"Party_4":null,"Votes_4":"0","Name_5":null,"Party_5":null,"Votes_5":"0","Name_6":null,"Party_6":null,"Votes_6":"0","Name_7":null,"Party_7":null,"Votes_7":"0","Votes_total":"268","Pct_1":62.31,"Pct_2":24.63,"Pct_3":13.06,"Pct_4":0,"Pct_5":0,"Pct_6":0,"Pct_7":0,"Margin":37.68}},
{"type":"Feature","geometry":{"type":"Polygon","coordinates":[[[-122.12142294829918,48.05003499698855],[-122.1220402727654,48.0500498298691],[-122.1247019610442,48.05011110679721],[-122.12485682144671,48.04289019384232],[-122.12492616887027,48.035755370149566],[-122.12482498773036,48.0357144398724],[-122.12361601881037,48.035728042225166],[-122.11954719748181,48.03577174965899],[-122.11954202752395,48.04283154759872],[-122.11939498670036,48.04998748261677],[-122.12142294829918,48.05003499698855]]]},"properties":{"COUNTY":"Snohomish","PRECCODE":13811542,"PRECNAME":"Marysville 23","PRECINCT":"Snohomish 13811542","DESCRIPTIO":"Soper Hill Northwest (80th Ave NE & 50th, Kenley Mini-Park)","OFFICE":"PUD Commissioner District 1","JURISDICTION":"Public Utility","RACE":"Snohomish County PUD Commissioner District 1","Name_1":"Sid Logan","Party_1":"None_1","Votes_1":"67","Name_2":"Janet St Clair","Party_2":"None_2","Votes_2":"45","Name_3":"Bruce King","Party_3":"None_3","Votes_3":"18","Name_4":null,"Party_4":null,"Votes_4":"0","Name_5":null,"Party_5":null,"Votes_5":"0","Name_6":null,"Party_6":null,"Votes_6":"0","Name_7":null,"Party_7":null,"Votes_7":"0","Votes_total":"130","Pct_1":51.54,"Pct_2":34.62,"Pct_3":13.85,"Pct_4":0,"Pct_5":0,"Pct_6":0,"Pct_7":0,"Margin":16.92}},
{"type":"Feature","geometry":{"type":"Polygon","coordinates":[[[-122.17710017711141,48.07200586991721],[-122.17950748411789,48.072036360999384],[-122.18056684839301,48.07390806205969],[-122.17983970637881,48.074321434527825],[-122.18015572116549,48.07486865739879],[-122.17813036639063,48.07537032465859],[-122.1789695993288,48.075469050249],[-122.17900867866567,48.076594269093114],[-122.17793226000121,48.07803038270568],[-122.17835008995033,48.079755473415396],[-122.17750428271404,48.079878047631894],[-122.1781200562489,48.08068172141556],[-122.17655638160439,48.08171645476586],[-122.17727110662146,48.08266626172533],[-122.17657889421906,48.08422981053162],[-122.17793380703847,48.08424831335843],[-122.17798466193287,48.08429587001444],[-122.17849562722638,48.084256041999595],[-122.17884448442923,48.08431561620682],[-122.18391177170386,48.08439082580336],[-122.1838997319236,48.08352113408886],[-122.18389736510984,48.07931062562789],[-122.18376450641148,48.07208944351386],[-122.18382128160664,48.06814530011127],[-122.18332372030774,48.068007207908096],[-122.18311283767119,48.06797952777279],[-122.1827116705346,48.068125017778684],[-122.18155979147687,48.067817932122836],[-122.1809967109846,48.068498767579435],[-122.17724585708257,48.068451657175956],[-122.16771208137278,48.06835525863205],[-122.16771374240996,48.071878093393316],[-122.1685989669873,48.07189958952499],[-122.17710017711141,48.07200586991721]]]},"properties":{"COUNTY":"Snohomish","PRECCODE":13811544,"PRECNAME":"Marysville 26","PRECINCT":"Snohomish 13811544","DESCRIPTIO":"Quilceda Southwest (Plaza 88 Shopping Center, Westover Village Apartments)","OFFICE":"PUD Commissioner District 1","JURISDICTION":"Public Utility","RACE":"Snohomish County PUD Commissioner District 1","Name_1":"Sid Logan","Party_1":"None_1","Votes_1":"121","Name_2":"Janet St Clair","Party_2":"None_2","Votes_2":"72","Name_3":"Bruce King","Party_3":"None_3","Votes_3":"41","Name_4":null,"Party_4":null,"Votes_4":"0","Name_5":null,"Party_5":null,"Votes_5":"0","Name_6":null,"Party_6":null,"Votes_6":"0","Name_7":null,"Party_7":null,"Votes_7":"0","Votes_total":"234","Pct_1":51.71,"Pct_2":30.77,"Pct_3":17.52,"Pct_4":0,"Pct_5":0,"Pct_6":0,"Pct_7":0,"Margin":20.94}},
{"type":"Feature","geometry":{"type":"Polygon","coordinates":[[[-122.14646901447053,48.03291123517743],[-122.1542230232645,48.03290909589156],[-122.15616695940398,48.03052837688767],[-122.15612409114793,48.02992864406406],[-122.15485735597137,48.029638311033764],[-122.15172162233883,48.02992571015272],[-122.15049728930315,48.029440043932624],[-122.14817695467954,48.02561944506844],[-122.14453518328965,48.02179365775682],[-122.13569828132691,48.02164552512772],[-122.13513588530995,48.02158747662308],[-122.13530211563805,48.026177149978814],[-122.14065440286977,48.02617879023021],[-122.14089987971857,48.0322493135609],[-122.14473630737686,48.032263068347795],[-122.14648769039607,48.03228197792733],[-122.14646901447053,48.03291123517743]]]},"properties":{"COUNTY":"Snohomish","PRECCODE":13811677,"PRECNAME":"Marysville 30","PRECINCT":"Snohomish 13811677","DESCRIPTIO":"Sunnyside Southwest (Sunnyside Elementary School, Sunnyside Boulevard Subdivision)","OFFICE":"PUD Commissioner District 1","JURISDICTION":"Public Utility","RACE":"Snohomish County PUD Commissioner District 1","Name_1":"Sid Logan","Party_1":"None_1","Votes_1":"95","Name_2":"Janet St Clair","Party_2":"None_2","Votes_2":"62","Name_3":"Bruce King","Party_3":"None_3","Votes_3":"41","Name_4":null,"Party_4":null,"Votes_4":"0","Name_5":null,"Party_5":null,"Votes_5":"0","Name_6":null,"Party_6":null,"Votes_6":"0","Name_7":null,"Party_7":null,"Votes_7":"0","Votes_total":"198","Pct_1":47.98,"Pct_2":31.31,"Pct_3":20.71,"Pct_4":0,"Pct_5":0,"Pct_6":0,"Pct_7":0,"Margin":16.67}},
{"type":"Feature","geometry":{"type":"Polygon","coordinates":[[[-122.11930845159286,48.02172243954992],[-122.11954719748181,48.03577174965899],[-122.12361601881037,48.035728042225166],[-122.12450076319821,48.03440048304497],[-122.12474776659656,48.032214190722776],[-122.12452920166093,48.021596614126764],[-122.12248994182288,48.02158850277059],[-122.12249792551303,48.021765001138256],[-122.11930845159286,48.02172243954992]]]},"properties":{"COUNTY":"Snohomish","PRECCODE":13811678,"PRECNAME":"Marysville 31","PRECINCT":"Snohomish 13811678","DESCRIPTIO":"Soper Hill South (Shasta Ridge, Autumn Vista)","OFFICE":"PUD Commissioner District 1","JURISDICTION":"Public Utility","RACE":"Snohomish County PUD Commissioner District 1","Name_1":"Sid Logan","Party_1":"None_1","Votes_1":"91","Name_2":"Janet St Clair","Party_2":"None_2","Votes_2":"57","Name_3":"Bruce King","Party_3":"None_3","Votes_3":"40","Name_4":null,"Party_4":null,"Votes_4":"0","Name_5":null,"Party_5":null,"Votes_5":"0","Name_6":null,"Party_6":null,"Votes_6":"0","Name_7":null,"Party_7":null,"Votes_7":"0","Votes_total":"188","Pct_1":48.4,"Pct_2":30.32,"Pct_3":21.28,"Pct_4":0,"Pct_5":0,"Pct_6":0,"Pct_7":0,"Margin":18.08}},
{"type":"Feature","geometry":{"type":"Polygon","coordinates":[[[-122.14389387036088,48.08504262889494],[-122.14305102427276,48.080495856413144],[-122.14688745235522,48.08045700629489],[-122.14716032394823,48.07940370056354],[-122.14836308656994,48.07941803605944],[-122.14858218034065,48.074693680550105],[-122.14535418598643,48.0746303650735],[-122.1398386290639,48.07450184763811],[-122.13969698113405,48.07617773701199],[-122.13975837049549,48.076178495797066],[-122.13962293310611,48.07785756927406],[-122.13998433267886,48.08489439647011],[-122.14389387036088,48.08504262889494]]]},"properties":{"COUNTY":"Snohomish","PRECCODE":13811679,"PRECNAME":"Marysville 32","PRECINCT":"Snohomish 13811679","DESCRIPTIO":"Kellogg East (Kellogg Marsh Elementary School, 65th Dr NE & 97th)","OFFICE":"PUD Commissioner District 1","JURISDICTION":"Public Utility","RACE":"Snohomish County PUD Commissioner District 1","Name_1":"Sid Logan","Party_1":"None_1","Votes_1":"68","Name_2":"Janet St Clair","Party_2":"None_2","Votes_2":"61","Name_3":"Bruce King","Party_3":"None_3","Votes_3":"49","Name_4":"Write-In","Party_4":"None_4","Votes_4":"1","Name_5":null,"Party_5":null,"Votes_5":"0","Name_6":null,"Party_6":null,"Votes_6":"0","Name_7":null,"Party_7":null,"Votes_7":"0","Votes_total":"179","Pct_1":37.99,"Pct_2":34.08,"Pct_3":27.37,"Pct_4":0.56,"Pct_5":0,"Pct_6":0,"Pct_7":0,"Margin":3.91}},
{"type":"Feature","geometry":{"type":"Polygon","coordinates":[[[-122.13018540244147,48.032378148681026],[-122.13552625642174,48.03236443276047],[-122.13513588530995,48.02158747662308],[-122.13481267966976,48.02153356696207],[-122.13218662699474,48.02016510842688],[-122.13076839712075,48.01991700619301],[-122.13020156903548,48.01986455380795],[-122.12970633455878,48.01985567247643],[-122.12958622033173,48.019873480685135],[-122.13018540244147,48.032378148681026]]]},"properties":{"COUNTY":"Snohomish","PRECCODE":13811701,"PRECNAME":"Marysville 34","PRECINCT":"Snohomish 13811701","DESCRIPTIO":"Sunnyside South (Stone Ridge, Northwest Highlands, Wilderun)","OFFICE":"PUD Commissioner District 1","JURISDICTION":"Public Utility","RACE":"Snohomish County PUD Commissioner District 1","Name_1":"Sid Logan","Party_1":"None_1","Votes_1":"108","Name_2":"Janet St Clair","Party_2":"None_2","Votes_2":"57","Name_3":"Bruce King","Party_3":"None_3","Votes_3":"43","Name_4":null,"Party_4":null,"Votes_4":"0","Name_5":null,"Party_5":null,"Votes_5":"0","Name_6":null,"Party_6":null,"Votes_6":"0","Name_7":null,"Party_7":null,"Votes_7":"0","Votes_total":"208","Pct_1":51.92,"Pct_2":27.4,"Pct_3":20.67,"Pct_4":0,"Pct_5":0,"Pct_6":0,"Pct_7":0,"Margin":24.52}},
{"type":"Feature","geometry":{"type":"Polygon","coordinates":[[[-122.15036612254326,48.085294172446496],[-122.15657934457865,48.08555467673429],[-122.15647472889363,48.081418372874325],[-122.15644716047098,48.08100176967781],[-122.15394991466783,48.08106950037509],[-122.15054172643183,48.07945424197965],[-122.14716032394823,48.07940370056354],[-122.14688745235522,48.08045700629489],[-122.14305102427276,48.080495856413144],[-122.14389387036088,48.08504262889494],[-122.15036612254326,48.085294172446496]]]},"properties":{"COUNTY":"Snohomish","PRECCODE":13811728,"PRECNAME":"Marysville 35","PRECINCT":"Snohomish 13811728","DESCRIPTIO":"Kellogg Center (Rolling Green Estates, Mother Nature's Window, 60th Dr NE & 95th Pl)","OFFICE":"PUD Commissioner District 1","JURISDICTION":"Public Utility","RACE":"Snohomish County PUD Commissioner District 1","Name_1":"Sid Logan","Party_1":"None_1","Votes_1":"97","Name_2":"Bruce King","Party_2":"None_3","Votes_2":"50","Name_3":"Janet St Clair","Party_3":"None_2","Votes_3":"43","Name_4":null,"Party_4":null,"Votes_4":"0","Name_5":null,"Party_5":null,"Votes_5":"0","Name_6":null,"Party_6":null,"Votes_6":"0","Name_7":null,"Party_7":null,"Votes_7":"0","Votes_total":"190","Pct_1":51.05,"Pct_2":26.32,"Pct_3":22.63,"Pct_4":0,"Pct_5":0,"Pct_6":0,"Pct_7":0,"Margin":24.73}},
{"type":"Feature","geometry":{"type":"Polygon","coordinates":[[[-122.15644716047098,48.08100176967781],[-122.15644149468869,48.08090056037797],[-122.15674784546168,48.08036204137889],[-122.15672064214083,48.07866442423175],[-122.15643938501475,48.078446438227154],[-122.15637445136221,48.078307612441336],[-122.15641308091081,48.07662397326673],[-122.15650106144032,48.07508996330242],[-122.14858218034065,48.074693680550105],[-122.14836308656994,48.07941803605944],[-122.15054172643183,48.07945424197965],[-122.15394991466783,48.08106950037509],[-122.15644716047098,48.08100176967781]]]},"properties":{"COUNTY":"Snohomish","PRECCODE":13811729,"PRECNAME":"Marysville 36","PRECINCT":"Snohomish 13811729","DESCRIPTIO":"Kellogg South (58th Dr NE & 92nd Pl, Pine Run)","OFFICE":"PUD Commissioner District 1","JURISDICTION":"Public Utility","RACE":"Snohomish County PUD Commissioner District 1","Name_1":"Sid Logan","Party_1":"None_1","Votes_1":"72","Name_2":"Janet St Clair","Party_2":"None_2","Votes_2":"45","Name_3":"Bruce King","Party_3":"None_3","Votes_3":"25","Name_4":null,"Party_4":null,"Votes_4":"0","Name_5":null,"Party_5":null,"Votes_5":"0","Name_6":null,"Party_6":null,"Votes_6":"0","Name_7":null,"Party_7":null,"Votes_7":"0","Votes_total":"142","Pct_1":50.7,"Pct_2":31.69,"Pct_3":17.61,"Pct_4":0,"Pct_5":0,"Pct_6":0,"Pct_7":0,"Margin":19.01}},
{"type":"Feature","geometry":{"type":"Polygon","coordinates":[[[-122.15650106144032,48.07508996330242],[-122.15663725487654,48.0716484889448],[-122.16229716601069,48.0718120542477],[-122.16227490286128,48.06832861795474],[-122.15858634171484,48.068256358495354],[-122.15588931862582,48.06812646590292],[-122.15255980597321,48.070935511170504],[-122.15263265118958,48.071544291129236],[-122.15192261586223,48.07211399822612],[-122.15252831406242,48.072463128942935],[-122.15255765901408,48.073310429067085],[-122.15083746974234,48.07337422092116],[-122.15056608305775,48.073320271171646],[-122.15039726342529,48.07295738062375],[-122.1495231182559,48.07286930004766],[-122.14920062485844,48.07357797565094],[-122.14871502255369,48.073506084899286],[-122.14858218034065,48.074693680550105],[-122.15650106144032,48.07508996330242]]]},"properties":{"COUNTY":"Snohomish","PRECCODE":13811730,"PRECNAME":"Marysville 37","PRECINCT":"Snohomish 13811730","DESCRIPTIO":"Central Marysville North (Douglas Glen Park, 55th Ave NE & 83rd Pl)","OFFICE":"PUD Commissioner District 1","JURISDICTION":"Public Utility","RACE":"Snohomish County PUD Commissioner District 1","Name_1":"Sid Logan","Party_1":"None_1","Votes_1":"98","Name_2":"Janet St Clair","Party_2":"None_2","Votes_2":"50","Name_3":"Bruce King","Party_3":"None_3","Votes_3":"33","Name_4":"Write-In","Party_4":"None_4","Votes_4":"3","Name_5":null,"Party_5":null,"Votes_5":"0","Name_6":null,"Party_6":null,"Votes_6":"0","Name_7":null,"Party_7":null,"Votes_7":"0","Votes_total":"184","Pct_1":53.26,"Pct_2":27.17,"Pct_3":17.93,"Pct_4":1.63,"Pct_5":0,"Pct_6":0,"Pct_7":0,"Margin":26.09}},
{"type":"Feature","geometry":{"type":"Polygon","coordinates":[[[-122.14858218034065,48.074693680550105],[-122.14871502255369,48.073506084899286],[-122.14920062485844,48.07357797565094],[-122.1495231182559,48.07286930004766],[-122.15039726342529,48.07295738062375],[-122.15056608305775,48.073320271171646],[-122.15083746974234,48.07337422092116],[-122.15255765901408,48.073310429067085],[-122.15252831406242,48.072463128942935],[-122.15192261586223,48.07211399822612],[-122.15263265118958,48.071544291129236],[-122.15255980597321,48.070935511170504],[-122.15588931862582,48.06812646590292],[-122.15472739087276,48.06807926909729],[-122.1556733518268,48.06720180265306],[-122.15577539443666,48.06703363619456],[-122.15571451125048,48.06589546959913],[-122.15407666097343,48.06553090387488],[-122.15406344328166,48.06675191947454],[-122.15137873634018,48.066700177147496],[-122.1514366499564,48.06380755602161],[-122.15093609862205,48.064129888202814],[-122.15049131416549,48.06435581588636],[-122.1500124319288,48.06447614193662],[-122.14942266571708,48.06451632780808],[-122.14890350880147,48.07101199442251],[-122.14031449716254,48.07079992693778],[-122.14000232871683,48.074504012016625],[-122.14535418598643,48.0746303650735],[-122.14858218034065,48.074693680550105]]]},"properties":{"COUNTY":"Snohomish","PRECCODE":13811731,"PRECNAME":"Marysville 38","PRECINCT":"Snohomish 13811731","DESCRIPTIO":"Central Marysville Northeast (Cedarcrest Middle School, 59th Ave NE & 82nd Pl, Cedars Apartments)","OFFICE":"PUD Commissioner District 1","JURISDICTION":"Public Utility","RACE":"Snohomish County PUD Commissioner District 1","Name_1":"Sid Logan","Party_1":"None_1","Votes_1":"66","Name_2":"Bruce King","Party_2":"None_3","Votes_2":"46","Name_3":"Janet St Clair","Party_3":"None_2","Votes_3":"45","Name_4":"Write-In","Party_4":"None_4","Votes_4":"1","Name_5":null,"Party_5":null,"Votes_5":"0","Name_6":null,"Party_6":null,"Votes_6":"0","Name_7":null,"Party_7":null,"Votes_7":"0","Votes_total":"158","Pct_1":41.77,"Pct_2":29.11,"Pct_3":28.48,"Pct_4":0.63,"Pct_5":0,"Pct_6":0,"Pct_7":0,"Margin":12.66}},
{"type":"Feature","geometry":{"type":"Polygon","coordinates":[[[-122.1514366499564,48.06380755602161],[-122.15137873634018,48.066700177147496],[-122.15406344328166,48.06675191947454],[-122.15407666097343,48.06553090387488],[-122.15571451125048,48.06589546959913],[-122.15577539443666,48.06703363619456],[-122.1556733518268,48.06720180265306],[-122.15472739087276,48.06807926909729],[-122.15588931862582,48.06812646590292],[-122.15858634171484,48.068256358495354],[-122.16227490286128,48.06832861795474],[-122.16225705018313,48.064817797244075],[-122.16226751188994,48.063378238381965],[-122.16156116011783,48.06336781999975],[-122.15958095317436,48.06344700767927],[-122.15956287826164,48.061093564621736],[-122.15573679166586,48.0611897042385],[-122.1550489899929,48.06144489584027],[-122.1525210020792,48.06310866416881],[-122.1514366499564,48.06380755602161]]]},"properties":{"COUNTY":"Snohomish","PRECCODE":13811732,"PRECNAME":"Marysville 39","PRECINCT":"Snohomish 13811732","DESCRIPTIO":"Central Marysville South (55th Ave NE & 74th, 52nd Dr NE & 79th Pl)","OFFICE":"PUD Commissioner District 1","JURISDICTION":"Public Utility","RACE":"Snohomish County PUD Commissioner District 1","Name_1":"Sid Logan","Party_1":"None_1","Votes_1":"83","Name_2":"Janet St Clair","Party_2":"None_2","Votes_2":"56","Name_3":"Bruce King","Party_3":"None_3","Votes_3":"26","Name_4":"Write-In","Party_4":"None_4","Votes_4":"1","Name_5":null,"Party_5":null,"Votes_5":"0","Name_6":null,"Party_6":null,"Votes_6":"0","Name_7":null,"Party_7":null,"Votes_7":"0","Votes_total":"166","Pct_1":50,"Pct_2":33.73,"Pct_3":15.66,"Pct_4":0.6,"Pct_5":0,"Pct_6":0,"Pct_7":0,"Margin":16.27}},
{"type":"Feature","geometry":{"type":"Polygon","coordinates":[[[-122.15650106144032,48.07508996330242],[-122.16229561840915,48.07542317044574],[-122.16833891652635,48.07550403503413],[-122.16834199335149,48.07422032985173],[-122.16676634926218,48.074198711572336],[-122.16676508419881,48.07308179198205],[-122.16859026668901,48.07310410628765],[-122.1685989669873,48.07189958952499],[-122.16771374240996,48.071878093393316],[-122.16770413879318,48.070123461319604],[-122.16524533842416,48.070094863079824],[-122.16396590627267,48.06955842918877],[-122.16366752348178,48.06952821390916],[-122.1622764042374,48.06951802080812],[-122.16229716601069,48.0718120542477],[-122.15663725487654,48.0716484889448],[-122.15650106144032,48.07508996330242]]]},"properties":{"COUNTY":"Snohomish","PRECCODE":13811733,"PRECNAME":"Marysville 40","PRECINCT":"Snohomish 13811733","DESCRIPTIO":"Central Marysville Northwest (Pinewood Elementary School, 47th Dr NE & 84th)","OFFICE":"PUD Commissioner District 1","JURISDICTION":"Public Utility","RACE":"Snohomish County PUD Commissioner District 1","Name_1":"Sid Logan","Party_1":"None_1","Votes_1":"87","Name_2":"Janet St Clair","Party_2":"None_2","Votes_2":"47","Name_3":"Bruce King","Party_3":"None_3","Votes_3":"30","Name_4":null,"Party_4":null,"Votes_4":"0","Name_5":null,"Party_5":null,"Votes_5":"0","Name_6":null,"Party_6":null,"Votes_6":"0","Name_7":null,"Party_7":null,"Votes_7":"0","Votes_total":"164","Pct_1":53.05,"Pct_2":28.66,"Pct_3":18.29,"Pct_4":0,"Pct_5":0,"Pct_6":0,"Pct_7":0,"Margin":24.39}},
{"type":"Feature","geometry":{"type":"Polygon","coordinates":[[[-122.17345677900451,48.08755668355802],[-122.17231693203433,48.085797159367594],[-122.17135826371793,48.08587199340793],[-122.16749923616112,48.088334452704814],[-122.16675694340705,48.08902431918306],[-122.16347173855875,48.09205360504749],[-122.16265806211008,48.09271710957946],[-122.16230881324438,48.094341547579546],[-122.16529010042093,48.0943778615823],[-122.16586144839084,48.09539337785287],[-122.1643249782085,48.09695989385756],[-122.16436764998831,48.09861243318868],[-122.16357060623314,48.099790527015124],[-122.16368706048375,48.09987068931165],[-122.16426677929623,48.10089065769676],[-122.16381960211689,48.101384404367494],[-122.16457416015729,48.10243693846489],[-122.1647675353102,48.10251165042911],[-122.16512002641099,48.10215327693389],[-122.1655561426104,48.10178390728838],[-122.1660300137254,48.101509546109654],[-122.16587912311807,48.10016568626825],[-122.16623793348485,48.0999734543721],[-122.17271031820947,48.09989654618884],[-122.17281279326022,48.097539564703425],[-122.17323811463608,48.09758515535213],[-122.17441159092704,48.09759759465603],[-122.1736077555985,48.09535160580297],[-122.1735700552019,48.0878803487217],[-122.17345677900451,48.08755668355802]]]},"properties":{"COUNTY":"Snohomish","PRECCODE":13811739,"PRECNAME":"Marysville 46","PRECINCT":"Snohomish 13811739","DESCRIPTIO":"North Marysville Far Southwest (Won's Asian Market, 46th Dr NE & 107th Pl)","OFFICE":"PUD Commissioner District 1","JURISDICTION":"Public Utility","RACE":"Snohomish County PUD Commissioner District 1","Name_1":"Sid Logan","Party_1":"None_1","Votes_1":"144","Name_2":"Bruce King","Party_2":"None_3","Votes_2":"62","Name_3":"Janet St Clair","Party_3":"None_2","Votes_3":"55","Name_4":"Write-In","Party_4":"None_4","Votes_4":"1","Name_5":null,"Party_5":null,"Votes_5":"0","Name_6":null,"Party_6":null,"Votes_6":"0","Name_7":null,"Party_7":null,"Votes_7":"0","Votes_total":"262","Pct_1":54.96,"Pct_2":23.66,"Pct_3":20.99,"Pct_4":0.38,"Pct_5":0,"Pct_6":0,"Pct_7":0,"Margin":31.3}},
{"type":"Feature","geometry":{"type":"Polygon","coordinates":[[[-122.16347173855875,48.09205360504749],[-122.16675694340705,48.08902431918306],[-122.16749923616112,48.088334452704814],[-122.17135826371793,48.08587199340793],[-122.17231693203433,48.085797159367594],[-122.1723065166698,48.08490371579529],[-122.17251514937061,48.084330392344796],[-122.17438740361727,48.08083735786051],[-122.17500773294498,48.07918358273766],[-122.1656515151512,48.079068036646724],[-122.16568293448029,48.08212484395371],[-122.16601714775491,48.085794437370254],[-122.16222389187048,48.08573763142329],[-122.16222507688202,48.086914782948014],[-122.16226059610604,48.09255943005715],[-122.16265806211008,48.09271710957946],[-122.16347173855875,48.09205360504749]]]},"properties":{"COUNTY":"Snohomish","PRECCODE":13811740,"PRECNAME":"Marysville 47","PRECINCT":"Snohomish 13811740","DESCRIPTIO":"Quilceda North (Marysville Fred Meyer, Shoultes Road Fire Station, Windsor Square Senior Living)","OFFICE":"PUD Commissioner District 1","JURISDICTION":"Public Utility","RACE":"Snohomish County PUD Commissioner District 1","Name_1":"Sid Logan","Party_1":"None_1","Votes_1":"104","Name_2":"Janet St Clair","Party_2":"None_2","Votes_2":"73","Name_3":"Bruce King","Party_3":"None_3","Votes_3":"64","Name_4":null,"Party_4":null,"Votes_4":"0","Name_5":null,"Party_5":null,"Votes_5":"0","Name_6":null,"Party_6":null,"Votes_6":"0","Name_7":null,"Party_7":null,"Votes_7":"0","Votes_total":"241","Pct_1":43.15,"Pct_2":30.29,"Pct_3":26.56,"Pct_4":0,"Pct_5":0,"Pct_6":0,"Pct_7":0,"Margin":12.86}},
{"type":"Feature","geometry":{"type":"Polygon","coordinates":[[[-122.17500773294498,48.07918358273766],[-122.1757657307003,48.077161737668035],[-122.17657795797666,48.07200161356735],[-122.1685989669873,48.07189958952499],[-122.16859026668901,48.07310410628765],[-122.16676508419881,48.07308179198205],[-122.16676634926218,48.074198711572336],[-122.16834199335149,48.07422032985173],[-122.16833891652635,48.07550403503413],[-122.16551089753914,48.07546619466861],[-122.1656362507759,48.076319662220264],[-122.1656515151512,48.079068036646724],[-122.17500773294498,48.07918358273766]]]},"properties":{"COUNTY":"Snohomish","PRECCODE":13811741,"PRECNAME":"Marysville 48","PRECINCT":"Snohomish 13811741","DESCRIPTIO":"Quilceda South (Marysville Cemetery, Wishing Well Apartments, Marysville Food Bank)","OFFICE":"PUD Commissioner District 1","JURISDICTION":"Public Utility","RACE":"Snohomish County PUD Commissioner District 1","Name_1":"Sid Logan","Party_1":"None_1","Votes_1":"95","Name_2":"Janet St Clair","Party_2":"None_2","Votes_2":"74","Name_3":"Bruce King","Party_3":"None_3","Votes_3":"30","Name_4":null,"Party_4":null,"Votes_4":"0","Name_5":null,"Party_5":null,"Votes_5":"0","Name_6":null,"Party_6":null,"Votes_6":"0","Name_7":null,"Party_7":null,"Votes_7":"0","Votes_total":"199","Pct_1":47.74,"Pct_2":37.19,"Pct_3":15.08,"Pct_4":0,"Pct_5":0,"Pct_6":0,"Pct_7":0,"Margin":10.55}},
{"type":"Feature","geometry":{"type":"Polygon","coordinates":[[[-122.1656362507759,48.076319662220264],[-122.16551089753914,48.07546619466861],[-122.16229561840915,48.07542317044574],[-122.15650106144032,48.07508996330242],[-122.15641308091081,48.07662397326673],[-122.15637445136221,48.078307612441336],[-122.15643938501475,48.078446438227154],[-122.15660060652914,48.078550738627115],[-122.16227294455992,48.07902818912368],[-122.16222389187048,48.08573763142329],[-122.16601714775491,48.085794437370254],[-122.16568293448029,48.08212484395371],[-122.1656362507759,48.076319662220264]]]},"properties":{"COUNTY":"Snohomish","PRECCODE":13811742,"PRECNAME":"Marysville 49","PRECINCT":"Snohomish 13811742","DESCRIPTIO":"Quilceda East (Word of Life Brethren Church, 49th Dr NE & 98th Pl)","OFFICE":"PUD Commissioner District 1","JURISDICTION":"Public Utility","RACE":"Snohomish County PUD Commissioner District 1","Name_1":"Sid Logan","Party_1":"None_1","Votes_1":"102","Name_2":"Bruce King","Party_2":"None_3","Votes_2":"52","Name_3":"Janet St Clair","Party_3":"None_2","Votes_3":"39","Name_4":null,"Party_4":null,"Votes_4":"0","Name_5":null,"Party_5":null,"Votes_5":"0","Name_6":null,"Party_6":null,"Votes_6":"0","Name_7":null,"Party_7":null,"Votes_7":"0","Votes_total":"193","Pct_1":52.85,"Pct_2":26.94,"Pct_3":20.21,"Pct_4":0,"Pct_5":0,"Pct_6":0,"Pct_7":0,"Margin":25.91}},
{"type":"Feature","geometry":{"type":"Polygon","coordinates":[[[-122.16227294455992,48.07902818912368],[-122.15660060652914,48.078550738627115],[-122.15672064214083,48.07866442423175],[-122.15674784546168,48.08036204137889],[-122.15644149468869,48.08090056037797],[-122.15647472889363,48.081418372874325],[-122.15657934457865,48.08555467673429],[-122.16025799372142,48.085710582317716],[-122.16022602751458,48.086893257185416],[-122.15923206262782,48.08688982785952],[-122.15837706173187,48.08689969554759],[-122.15721713569697,48.08684744072293],[-122.15708132927483,48.089228180037146],[-122.15590867992502,48.0896988799032],[-122.15595945616587,48.091498610475675],[-122.1566795629871,48.091770918722226],[-122.15660352826035,48.09219676922955],[-122.16226059610604,48.09255943005715],[-122.16222507688202,48.086914782948014],[-122.16227294455992,48.07902818912368]]]},"properties":{"COUNTY":"Snohomish","PRECCODE":13811743,"PRECNAME":"Marysville 50","PRECINCT":"Snohomish 13811743","DESCRIPTIO":"Kellogg West (Quilceda Meadows, Cascade Elementary School)","OFFICE":"PUD Commissioner District 1","JURISDICTION":"Public Utility","RACE":"Snohomish County PUD Commissioner District 1","Name_1":"Sid Logan","Party_1":"None_1","Votes_1":"113","Name_2":"Janet St Clair","Party_2":"None_2","Votes_2":"71","Name_3":"Bruce King","Party_3":"None_3","Votes_3":"47","Name_4":"Write-In","Party_4":"None_4","Votes_4":"2","Name_5":null,"Party_5":null,"Votes_5":"0","Name_6":null,"Party_6":null,"Votes_6":"0","Name_7":null,"Party_7":null,"Votes_7":"0","Votes_total":"233","Pct_1":48.5,"Pct_2":30.47,"Pct_3":20.17,"Pct_4":0.86,"Pct_5":0,"Pct_6":0,"Pct_7":0,"Margin":18.03}},
{"type":"Feature","geometry":{"type":"Polygon","coordinates":[[[-122.15008816527236,48.09193517979139],[-122.15124779146511,48.09193156238211],[-122.15660176402423,48.09220775661502],[-122.1566795629871,48.091770918722226],[-122.15595945616587,48.091498610475675],[-122.15590867992502,48.0896988799032],[-122.15708132927483,48.089228180037146],[-122.15721713569697,48.08684744072293],[-122.15837706173187,48.08689969554759],[-122.15923206262782,48.08688982785952],[-122.16022602751458,48.086893257185416],[-122.16025799372142,48.085710582317716],[-122.1546616963316,48.085473853373166],[-122.15465077906352,48.085646625736615],[-122.1545678390818,48.08614264064447],[-122.15473016390541,48.086568661369434],[-122.15483774122501,48.08986765859831],[-122.14939768069867,48.08987623011554],[-122.14923992031889,48.08990828254526],[-122.14902453198454,48.0899873484939],[-122.14999234817715,48.091188033742306],[-122.1500513068952,48.09137336946114],[-122.15008816527236,48.09193517979139]]]},"properties":{"COUNTY":"Snohomish","PRECCODE":13811744,"PRECNAME":"Marysville 51","PRECINCT":"Snohomish 13811744","DESCRIPTIO":"Kellogg Northwest (Carlow Court, 56th Ave NE & 103rd)","OFFICE":"PUD Commissioner District 1","JURISDICTION":"Public Utility","RACE":"Snohomish County PUD Commissioner District 1","Name_1":"Sid Logan","Party_1":"None_1","Votes_1":"61","Name_2":"Janet St Clair","Party_2":"None_2","Votes_2":"42","Name_3":"Bruce King","Party_3":"None_3","Votes_3":"24","Name_4":null,"Party_4":null,"Votes_4":"0","Name_5":null,"Party_5":null,"Votes_5":"0","Name_6":null,"Party_6":null,"Votes_6":"0","Name_7":null,"Party_7":null,"Votes_7":"0","Votes_total":"127","Pct_1":48.03,"Pct_2":33.07,"Pct_3":18.9,"Pct_4":0,"Pct_5":0,"Pct_6":0,"Pct_7":0,"Margin":14.96}},
{"type":"Feature","geometry":{"type":"Polygon","coordinates":[[[-122.14041237437516,48.09193285616555],[-122.14278108103821,48.0919796463786],[-122.15008816527236,48.09193517979139],[-122.1500513068952,48.09137336946114],[-122.14999234817715,48.091188033742306],[-122.1489663199654,48.08991124599478],[-122.14891837314413,48.08983648222191],[-122.14843503575682,48.08881659699039],[-122.14828405467976,48.08861294993524],[-122.14765675077383,48.088245279008106],[-122.14772704122444,48.087089848411544],[-122.14850209309442,48.086432204248766],[-122.14982386591741,48.087074399895194],[-122.15003005184279,48.086835815494716],[-122.15033795159353,48.08609363520748],[-122.15036612254326,48.085294172446496],[-122.1400099108105,48.08489453362217],[-122.14041237437516,48.09193285616555]]]},"properties":{"COUNTY":"Snohomish","PRECCODE":13811745,"PRECNAME":"Marysville 52","PRECINCT":"Snohomish 13811745","DESCRIPTIO":"Kellogg Northeast (Kellogg Ridge, Kellogg Village East)","OFFICE":"PUD Commissioner District 1","JURISDICTION":"Public Utility","RACE":"Snohomish County PUD Commissioner District 1","Name_1":"Sid Logan","Party_1":"None_1","Votes_1":"76","Name_2":"Janet St Clair","Party_2":"None_2","Votes_2":"48","Name_3":"Bruce King","Party_3":"None_3","Votes_3":"26","Name_4":null,"Party_4":null,"Votes_4":"0","Name_5":null,"Party_5":null,"Votes_5":"0","Name_6":null,"Party_6":null,"Votes_6":"0","Name_7":null,"Party_7":null,"Votes_7":"0","Votes_total":"150","Pct_1":50.67,"Pct_2":32,"Pct_3":17.33,"Pct_4":0,"Pct_5":0,"Pct_6":0,"Pct_7":0,"Margin":18.67}},
{"type":"Feature","geometry":{"type":"Polygon","coordinates":[[[-122.13289766384496,48.03826387757001],[-122.13200384425869,48.03785673360719],[-122.13021917374493,48.03780948896121],[-122.13015422491691,48.03752284965696],[-122.13018816032427,48.03574159535694],[-122.12497262652083,48.03577403954325],[-122.12492616887027,48.035755370149566],[-122.12485682144671,48.04289019384232],[-122.12470182537783,48.05011694266861],[-122.12627240191456,48.05014514351138],[-122.12937801726778,48.05022166996996],[-122.12997508559768,48.05022349376821],[-122.12998325493862,48.049531617898786],[-122.13010832838151,48.04627152025428],[-122.13280170823165,48.04612264312414],[-122.13282910697218,48.04286758652076],[-122.1337919196817,48.04286533244189],[-122.13358568432332,48.04080602349477],[-122.13358227800315,48.039048238726025],[-122.13353004092104,48.03886127550016],[-122.1332155463895,48.03846762338285],[-122.13289766384496,48.03826387757001]]]},"properties":{"COUNTY":"Snohomish","PRECCODE":13811766,"PRECNAME":"Marysville 56","PRECINCT":"Snohomish 13811766","DESCRIPTIO":"Sunnyside Northeast (Deering Wildflower Acres, Verda Ridge Park, 77th Ave NE & 58th Pl)","OFFICE":"PUD Commissioner District 1","JURISDICTION":"Public Utility","RACE":"Snohomish County PUD Commissioner District 1","Name_1":"Sid Logan","Party_1":"None_1","Votes_1":"106","Name_2":"Janet St Clair","Party_2":"None_2","Votes_2":"59","Name_3":"Bruce King","Party_3":"None_3","Votes_3":"41","Name_4":null,"Party_4":null,"Votes_4":"0","Name_5":null,"Party_5":null,"Votes_5":"0","Name_6":null,"Party_6":null,"Votes_6":"0","Name_7":null,"Party_7":null,"Votes_7":"0","Votes_total":"206","Pct_1":51.46,"Pct_2":28.64,"Pct_3":19.9,"Pct_4":0,"Pct_5":0,"Pct_6":0,"Pct_7":0,"Margin":22.82}},
{"type":"Feature","geometry":{"type":"Polygon","coordinates":[[[-122.12497262652083,48.03577403954325],[-122.13018816032427,48.03574159535694],[-122.1301850701378,48.03565929162332],[-122.13017160797895,48.03237821915636],[-122.13018540244147,48.032378148681026],[-122.12958622033173,48.019873480685135],[-122.12481392060704,48.021570242124675],[-122.12452920166093,48.021596614126764],[-122.12474776659656,48.032214190722776],[-122.12450076319821,48.03440048304497],[-122.12361601881037,48.035728042225166],[-122.12482498773036,48.0357144398724],[-122.12497262652083,48.03577403954325]]]},"properties":{"COUNTY":"Snohomish","PRECCODE":13811767,"PRECNAME":"Marysville 57","PRECINCT":"Snohomish 13811767","DESCRIPTIO":"Sunnyside Southeast (Morton's Crossing, 77th Dr NE & 29th Pl)","OFFICE":"PUD Commissioner District 1","JURISDICTION":"Public Utility","RACE":"Snohomish County PUD Commissioner District 1","Name_1":"Sid Logan","Party_1":"None_1","Votes_1":"57","Name_2":"Bruce King","Party_2":"None_3","Votes_2":"20","Name_3":"Janet St Clair","Party_3":"None_2","Votes_3":"18","Name_4":null,"Party_4":null,"Votes_4":"0","Name_5":null,"Party_5":null,"Votes_5":"0","Name_6":null,"Party_6":null,"Votes_6":"0","Name_7":null,"Party_7":null,"Votes_7":"0","Votes_total":"95","Pct_1":60,"Pct_2":21.05,"Pct_3":18.95,"Pct_4":0,"Pct_5":0,"Pct_6":0,"Pct_7":0,"Margin":38.95}},
{"type":"Feature","geometry":{"type":"Polygon","coordinates":[[[-122.1546616963316,48.085473853373166],[-122.15036612254326,48.085294172446496],[-122.15033795159353,48.08609363520748],[-122.15003005184279,48.086835815494716],[-122.14982386591741,48.087074399895194],[-122.14850209309442,48.086432204248766],[-122.14772704122444,48.087089848411544],[-122.14765675077383,48.088245279008106],[-122.14828405467976,48.08861294993524],[-122.14843503575682,48.08881659699039],[-122.14891837314413,48.08983648222191],[-122.14902453198454,48.0899873484939],[-122.14923992031889,48.08990828254526],[-122.14939768069867,48.08987623011554],[-122.15483774122501,48.08986765859831],[-122.15473016390541,48.086568661369434],[-122.1545678390818,48.08614264064447],[-122.15465077906352,48.085646625736615],[-122.1546616963316,48.085473853373166]]]},"properties":{"COUNTY":"Snohomish","PRECCODE":13811769,"PRECNAME":"Marysville 59","PRECINCT":"Snohomish 13811769","DESCRIPTIO":"Kellogg North (Kellogg Village West, Kellogg Village MHP)","OFFICE":"PUD Commissioner District 1","JURISDICTION":"Public Utility","RACE":"Snohomish County PUD Commissioner District 1","Name_1":"Janet St Clair","Party_1":"None_2","Votes_1":"53","Name_2":"Sid Logan","Party_2":"None_1","Votes_2":"52","Name_3":"Bruce King","Party_3":"None_3","Votes_3":"32","Name_4":"Write-In","Party_4":"None_4","Votes_4":"2","Name_5":null,"Party_5":null,"Votes_5":"0","Name_6":null,"Party_6":null,"Votes_6":"0","Name_7":null,"Party_7":null,"Votes_7":"0","Votes_total":"139","Pct_1":38.13,"Pct_2":37.41,"Pct_3":23.02,"Pct_4":1.44,"Pct_5":0,"Pct_6":0,"Pct_7":0,"Margin":0.72}},
{"type":"Feature","geometry":{"type":"Polygon","coordinates":[[[-122.11415893547223,48.0361765753486],[-122.11541474374604,48.037500171454084],[-122.11820736172598,48.03800863314383],[-122.11955388100861,48.037404464355475],[-122.11954719748181,48.03577174965899],[-122.11930845159286,48.02172243954992],[-122.10961451669934,48.02158392041557],[-122.11058351458652,48.02868229118865],[-122.11067136231718,48.029981683059766],[-122.11077255782465,48.034256259038834],[-122.11314151413572,48.035060356905994],[-122.11415893547223,48.0361765753486]]]},"properties":{"COUNTY":"Snohomish","PRECCODE":13811797,"PRECNAME":"Marysville 63","PRECINCT":"Snohomish 13811797","DESCRIPTIO":"Soper Hill Southeast (Belle Haven, Densmore Road, Crest View Commons)","OFFICE":"PUD Commissioner District 1","JURISDICTION":"Public Utility","RACE":"Snohomish County PUD Commissioner District 1","Name_1":"Sid Logan","Party_1":"None_1","Votes_1":"83","Name_2":"Janet St Clair","Party_2":"None_2","Votes_2":"40","Name_3":"Bruce King","Party_3":"None_3","Votes_3":"15","Name_4":"Write-In","Party_4":"None_4","Votes_4":"2","Name_5":null,"Party_5":null,"Votes_5":"0","Name_6":null,"Party_6":null,"Votes_6":"0","Name_7":null,"Party_7":null,"Votes_7":"0","Votes_total":"140","Pct_1":59.29,"Pct_2":28.57,"Pct_3":10.71,"Pct_4":1.43,"Pct_5":0,"Pct_6":0,"Pct_7":0,"Margin":30.72}},
{"type":"Feature","geometry":{"type":"Polygon","coordinates":[[[-122.11415893547223,48.0361765753486],[-122.11314151413572,48.035060356905994],[-122.11077255782465,48.034256259038834],[-122.11088159473549,48.0388469048204],[-122.11118200050831,48.050050006815056],[-122.11140739138695,48.053206091339675],[-122.11144886326407,48.05341511740881],[-122.11955849460526,48.05355184048043],[-122.1194656807451,48.049990460318305],[-122.11939498670036,48.04998748261677],[-122.11939451567802,48.05001675673504],[-122.11402837214361,48.05004104582355],[-122.11415893547223,48.0361765753486]]]},"properties":{"COUNTY":"Snohomish","PRECCODE":13811799,"PRECNAME":"Marysville 64","PRECINCT":"Snohomish 13811799","DESCRIPTIO":"Soper Hill Northeast (Caleb's Park, Sagewood)","OFFICE":"PUD Commissioner District 1","JURISDICTION":"Public Utility","RACE":"Snohomish County PUD Commissioner District 1","Name_1":"Sid Logan","Party_1":"None_1","Votes_1":"59","Name_2":"Janet St Clair","Party_2":"None_2","Votes_2":"44","Name_3":"Bruce King","Party_3":"None_3","Votes_3":"25","Name_4":"Write-In","Party_4":"None_4","Votes_4":"1","Name_5":null,"Party_5":null,"Votes_5":"0","Name_6":null,"Party_6":null,"Votes_6":"0","Name_7":null,"Party_7":null,"Votes_7":"0","Votes_total":"129","Pct_1":45.74,"Pct_2":34.11,"Pct_3":19.38,"Pct_4":0.78,"Pct_5":0,"Pct_6":0,"Pct_7":0,"Margin":11.63}},
{"type":"Feature","geometry":{"type":"Polygon","coordinates":[[[-122.1286507596365,48.05369927580448],[-122.12820943550511,48.05192185821162],[-122.1281134621643,48.05059759404852],[-122.12803546422117,48.05042957381613],[-122.12787515002873,48.05029661382685],[-122.12759068782037,48.05020182382228],[-122.12740713647166,48.05018974945428],[-122.12740822518944,48.050173141758684],[-122.1220402727654,48.0500498298691],[-122.12142294829918,48.05003499698855],[-122.1194656807451,48.049990460318305],[-122.11955849460526,48.05355184048043],[-122.11947489706623,48.05355070478763],[-122.11957324483855,48.0570593492358],[-122.12142692146831,48.05704469580477],[-122.12339088540796,48.05648643594092],[-122.12362977977006,48.056524301376385],[-122.12399641714775,48.05667319793639],[-122.12417153057673,48.056807415444005],[-122.1242672891233,48.056924762241565],[-122.12685597413707,48.05678791858301],[-122.12721364812118,48.05675365315166],[-122.12747926520181,48.056684435338184],[-122.12777658144401,48.0565427900785],[-122.12805941182971,48.05631100913636],[-122.13004124746394,48.055943207558265],[-122.13196933690092,48.05594937607665],[-122.13229593677092,48.055935098302356],[-122.13254276246265,48.05591232792292],[-122.13250587353826,48.05587017163264],[-122.13199982502609,48.05481594668007],[-122.13151688079388,48.05419157378447],[-122.13125512007603,48.05369948160937],[-122.12975688641778,48.053711128148116],[-122.1286507596365,48.05369927580448]]]},"properties":{"COUNTY":"Snohomish","PRECCODE":13811823,"PRECNAME":"Marysville 66","PRECINCT":"Snohomish 13811823","DESCRIPTIO":"Northpointe South (Parkside Way Park, Park Creek Estates, Marysville Church of the Nazarene)","OFFICE":"PUD Commissioner District 1","JURISDICTION":"Public Utility","RACE":"Snohomish County PUD Commissioner District 1","Name_1":"Sid Logan","Party_1":"None_1","Votes_1":"90","Name_2":"Janet St Clair","Party_2":"None_2","Votes_2":"35","Name_3":"Bruce King","Party_3":"None_3","Votes_3":"31","Name_4":"Write-In","Party_4":"None_4","Votes_4":"1","Name_5":null,"Party_5":null,"Votes_5":"0","Name_6":null,"Party_6":null,"Votes_6":"0","Name_7":null,"Party_7":null,"Votes_7":"0","Votes_total":"157","Pct_1":57.32,"Pct_2":22.29,"Pct_3":19.75,"Pct_4":0.64,"Pct_5":0,"Pct_6":0,"Pct_7":0,"Margin":35.03}},
{"type":"Feature","geometry":{"type":"Polygon","coordinates":[[[-122.13552625642174,48.03236443276047],[-122.14089987971857,48.0322493135609],[-122.14065440286977,48.02617879023021],[-122.13530211563805,48.026177149978814],[-122.13552625642174,48.03236443276047]]]},"properties":{"COUNTY":"Snohomish","PRECCODE":13811831,"PRECNAME":"Marysville 68","PRECINCT":"Snohomish 13811831","DESCRIPTIO":"Sunnyside South-Center (Wilderun West, Bella Vista, 70th Dr NE & 35th Pl)","OFFICE":"PUD Commissioner District 1","JURISDICTION":"Public Utility","RACE":"Snohomish County PUD Commissioner District 1","Name_1":"Sid Logan","Party_1":"None_1","Votes_1":"69","Name_2":"Janet St Clair","Party_2":"None_2","Votes_2":"27","Name_3":"Bruce King","Party_3":"None_3","Votes_3":"26","Name_4":"Write-In","Party_4":"None_4","Votes_4":"1","Name_5":null,"Party_5":null,"Votes_5":"0","Name_6":null,"Party_6":null,"Votes_6":"0","Name_7":null,"Party_7":null,"Votes_7":"0","Votes_total":"123","Pct_1":56.1,"Pct_2":21.95,"Pct_3":21.14,"Pct_4":0.81,"Pct_5":0,"Pct_6":0,"Pct_7":0,"Margin":34.15}},
{"type":"Feature","geometry":{"type":"Polygon","coordinates":[[[-122.11415893547223,48.0361765753486],[-122.11402837214361,48.05004104582355],[-122.11939451567802,48.05001675673504],[-122.11954202752395,48.04283154759872],[-122.11955388100861,48.037404464355475],[-122.11820736172598,48.03800863314383],[-122.11541474374604,48.037500171454084],[-122.11415893547223,48.0361765753486]]]},"properties":{"COUNTY":"Snohomish","PRECCODE":13811862,"PRECNAME":"Marysville 72","PRECINCT":"Snohomish 13811862","DESCRIPTIO":"Soper Hill North (Keneley East, The Ridge)","OFFICE":"PUD Commissioner District 1","JURISDICTION":"Public Utility","RACE":"Snohomish County PUD Commissioner District 1","Name_1":"Sid Logan","Party_1":"None_1","Votes_1":"59","Name_2":"Janet St Clair","Party_2":"None_2","Votes_2":"47","Name_3":"Bruce King","Party_3":"None_3","Votes_3":"26","Name_4":"Write-In","Party_4":"None_4","Votes_4":"2","Name_5":null,"Party_5":null,"Votes_5":"0","Name_6":null,"Party_6":null,"Votes_6":"0","Name_7":null,"Party_7":null,"Votes_7":"0","Votes_total":"134","Pct_1":44.03,"Pct_2":35.07,"Pct_3":19.4,"Pct_4":1.49,"Pct_5":0,"Pct_6":0,"Pct_7":0,"Margin":8.96}},
{"type":"Feature","geometry":{"type":"Polygon","coordinates":[[[-122.14628719146411,48.0429632906385],[-122.14647364372496,48.04450606832727],[-122.148711808672,48.046597917812015],[-122.15020370273236,48.04662883376238],[-122.14759631841657,48.04470591158023],[-122.1474984549397,48.04395750533081],[-122.1493524139125,48.04399995882696],[-122.15052591005629,48.04242733778849],[-122.15140926498474,48.04208788254938],[-122.15155933976847,48.04046230899278],[-122.1463457312295,48.04024056491314],[-122.14644470298924,48.03569369734072],[-122.14098986547677,48.03569854559273],[-122.14097456815057,48.04283675972208],[-122.14204853529922,48.04287170923579],[-122.14628719146411,48.0429632906385]]]},"properties":{"COUNTY":"Snohomish","PRECCODE":13811863,"PRECNAME":"Marysville 73","PRECINCT":"Snohomish 13811863","DESCRIPTIO":"Sunnyside West-Center (Harborview Park, 66th Ave NE & 49th)","OFFICE":"PUD Commissioner District 1","JURISDICTION":"Public Utility","RACE":"Snohomish County PUD Commissioner District 1","Name_1":"Sid Logan","Party_1":"None_1","Votes_1":"68","Name_2":"Janet St Clair","Party_2":"None_2","Votes_2":"41","Name_3":"Bruce King","Party_3":"None_3","Votes_3":"23","Name_4":null,"Party_4":null,"Votes_4":"0","Name_5":null,"Party_5":null,"Votes_5":"0","Name_6":null,"Party_6":null,"Votes_6":"0","Name_7":null,"Party_7":null,"Votes_7":"0","Votes_total":"132","Pct_1":51.52,"Pct_2":31.06,"Pct_3":17.42,"Pct_4":0,"Pct_5":0,"Pct_6":0,"Pct_7":0,"Margin":20.46}},
{"type":"Feature","geometry":{"type":"Polygon","coordinates":[[[-122.1291058995898,48.07771043733247],[-122.12924953379577,48.07603874105813],[-122.13322630113883,48.076082468739386],[-122.13336896694376,48.074418401565694],[-122.14000232871683,48.074504012016625],[-122.14023627971164,48.07172899274488],[-122.1367946696647,48.0716832071559],[-122.1349334679845,48.07164897223253],[-122.12443360570113,48.071421292062915],[-122.12334248687623,48.071446580072354],[-122.12150951490052,48.071620356516135],[-122.11971905602546,48.07198186542288],[-122.11166477557238,48.07209324255441],[-122.11180766185292,48.0780840059363],[-122.11860031165524,48.077526742067846],[-122.11878070181598,48.08201408750152],[-122.12140756166525,48.08205439606854],[-122.1214435081614,48.08294052203258],[-122.1293339071252,48.0830180521952],[-122.1291058995898,48.07771043733247]]]},"properties":{"COUNTY":"Snohomish","PRECCODE":13911468,"PRECNAME":"Marysville 18","PRECINCT":"Snohomish 13911468","DESCRIPTIO":"Cedarcrest North (Marysville Getchell High School, Tuscany Ridge, Grace Bible Church)","OFFICE":"PUD Commissioner District 1","JURISDICTION":"Public Utility","RACE":"Snohomish County PUD Commissioner District 1","Name_1":"Sid Logan","Party_1":"None_1","Votes_1":"110","Name_2":"Janet St Clair","Party_2":"None_2","Votes_2":"47","Name_3":"Bruce King","Party_3":"None_3","Votes_3":"36","Name_4":"Write-In","Party_4":"None_4","Votes_4":"1","Name_5":null,"Party_5":null,"Votes_5":"0","Name_6":null,"Party_6":null,"Votes_6":"0","Name_7":null,"Party_7":null,"Votes_7":"0","Votes_total":"194","Pct_1":56.7,"Pct_2":24.23,"Pct_3":18.56,"Pct_4":0.52,"Pct_5":0,"Pct_6":0,"Pct_7":0,"Margin":32.47}},
{"type":"Feature","geometry":{"type":"Polygon","coordinates":[[[-122.1255263579484,48.06944075694289],[-122.12693691821599,48.06837169187675],[-122.12730644513127,48.06722386987046],[-122.13266593995094,48.067299568694594],[-122.1325895902504,48.06546627585733],[-122.1333864172398,48.06409562409519],[-122.13199565847363,48.063362262739176],[-122.12937693833865,48.060565175247966],[-122.12841888005858,48.06158739713442],[-122.12840175284411,48.06336188315952],[-122.12715343919882,48.063467638243054],[-122.12617612392457,48.06347864906807],[-122.12594795781571,48.063418297443064],[-122.12570389167743,48.06320964210086],[-122.12553712195287,48.062968662408586],[-122.1248481614776,48.06305305096967],[-122.12409944396043,48.06332582419275],[-122.12555325958816,48.06459601601108],[-122.12596242747395,48.06582554625882],[-122.12378219487717,48.06613067635606],[-122.12465619450919,48.06901734913214],[-122.12484706861437,48.069166084127176],[-122.12512183664026,48.06929579711689],[-122.1255263579484,48.06944075694289]]]},"properties":{"COUNTY":"Snohomish","PRECCODE":13911543,"PRECNAME":"Marysville 24","PRECINCT":"Snohomish 13911543","DESCRIPTIO":"Cedarcrest South (Bayview Ridge, 75th Dr NE & 76th Pl)","OFFICE":"PUD Commissioner District 1","JURISDICTION":"Public Utility","RACE":"Snohomish County PUD Commissioner District 1","Name_1":"Sid Logan","Party_1":"None_1","Votes_1":"103","Name_2":"Janet St Clair","Party_2":"None_2","Votes_2":"37","Name_3":"Bruce King","Party_3":"None_3","Votes_3":"36","Name_4":"Write-In","Party_4":"None_4","Votes_4":"1","Name_5":null,"Party_5":null,"Votes_5":"0","Name_6":null,"Party_6":null,"Votes_6":"0","Name_7":null,"Party_7":null,"Votes_7":"0","Votes_total":"177","Pct_1":58.19,"Pct_2":20.9,"Pct_3":20.34,"Pct_4":0.56,"Pct_5":0,"Pct_6":0,"Pct_7":0,"Margin":37.29}},
{"type":"Feature","geometry":{"type":"Polygon","coordinates":[[[-122.1723889071521,48.146785425754054],[-122.17255155828029,48.137699663646636],[-122.1727842674861,48.13406694820685],[-122.16724284193845,48.133999779891354],[-122.16741716669755,48.13015466868904],[-122.17302729305834,48.130300620456104],[-122.17328803606989,48.126252451491425],[-122.17174466199484,48.12623393412761],[-122.17173940910835,48.126347007369944],[-122.16839868931784,48.126307463483705],[-122.1625811026645,48.126256862328525],[-122.16220847922195,48.1300498138309],[-122.16180123612504,48.14478981106626],[-122.16841218304118,48.144921952621566],[-122.16837792596905,48.14672162515068],[-122.1723889071521,48.146785425754054]]]},"properties":{"COUNTY":"Snohomish","PRECCODE":13911571,"PRECNAME":"Marysville 27","PRECINCT":"Snohomish 13911571","DESCRIPTIO":"Smokey Point East (The Meadows, Emerald Hills Estates MHP)","OFFICE":"PUD Commissioner District 1","JURISDICTION":"Public Utility","RACE":"Snohomish County PUD Commissioner District 1","Name_1":"Sid Logan","Party_1":"None_1","Votes_1":"119","Name_2":"Janet St Clair","Party_2":"None_2","Votes_2":"49","Name_3":"Bruce King","Party_3":"None_3","Votes_3":"42","Name_4":"Write-In","Party_4":"None_4","Votes_4":"4","Name_5":null,"Party_5":null,"Votes_5":"0","Name_6":null,"Party_6":null,"Votes_6":"0","Name_7":null,"Party_7":null,"Votes_7":"0","Votes_total":"214","Pct_1":55.61,"Pct_2":22.9,"Pct_3":19.63,"Pct_4":1.87,"Pct_5":0,"Pct_6":0,"Pct_7":0,"Margin":32.71}},
{"type":"Feature","geometry":{"type":"Polygon","coordinates":[[[-122.21096042655442,48.1510181960306],[-122.20809017970404,48.15141703098892],[-122.20708579000798,48.15043651244598],[-122.20807648923972,48.15042467253724],[-122.2080699001972,48.14992849018208],[-122.20625790055846,48.150138979315976],[-122.20548986857303,48.149146799708554],[-122.20681670063257,48.14870058554581],[-122.20779114904082,48.148829457505656],[-122.207783392426,48.14828942066008],[-122.20318402529516,48.148331111144635],[-122.18885561059524,48.129497550919595],[-122.19462233016782,48.129388700758554],[-122.19488306405064,48.12648918146179],[-122.18929594206539,48.12648531646385],[-122.18977402414522,48.12288683537201],[-122.18434341740135,48.122863236294656],[-122.18316783963536,48.13603899920809],[-122.17267116812688,48.13582127894476],[-122.17255222531082,48.137666241209196],[-122.17242088535797,48.145001970195274],[-122.1830027055904,48.14521239456572],[-122.18749037261074,48.145101194396254],[-122.18872843143096,48.15233188747737],[-122.19517805856198,48.152152699285075],[-122.19923357768906,48.15206244452199],[-122.21093683082672,48.15187828280035],[-122.21096042655442,48.1510181960306]]]},"properties":{"COUNTY":"Snohomish","PRECCODE":13911572,"PRECNAME":"Marysville 28","PRECINCT":"Snohomish 13911572","DESCRIPTIO":"Smokey Point West (Motto Apartments, Crystal Tree Village Senior MHP, Lakewood Meadow Condos)","OFFICE":"PUD Commissioner District 1","JURISDICTION":"Public Utility","RACE":"Snohomish County PUD Commissioner District 1","Name_1":"Sid Logan","Party_1":"None_1","Votes_1":"82","Name_2":"Janet St Clair","Party_2":"None_2","Votes_2":"77","Name_3":"Bruce King","Party_3":"None_3","Votes_3":"21","Name_4":"Write-In","Party_4":"None_4","Votes_4":"1","Name_5":null,"Party_5":null,"Votes_5":"0","Name_6":null,"Party_6":null,"Votes_6":"0","Name_7":null,"Party_7":null,"Votes_7":"0","Votes_total":"181","Pct_1":45.3,"Pct_2":42.54,"Pct_3":11.6,"Pct_4":0.55,"Pct_5":0,"Pct_6":0,"Pct_7":0,"Margin":2.76}},
{"type":"Feature","geometry":{"type":"Polygon","coordinates":[[[-122.11964951466787,48.06364495915032],[-122.12280814426332,48.06362247565621],[-122.12331950330908,48.06357765419722],[-122.12359442197193,48.063506909329654],[-122.1248481614776,48.06305305096967],[-122.12553712195287,48.062968662408586],[-122.12554581694415,48.06136782488124],[-122.12553046806157,48.061233143192204],[-122.12497527539043,48.0605803744247],[-122.12489362477012,48.058945386991184],[-122.12554128350774,48.058338867303895],[-122.1242672891233,48.056924762241565],[-122.12417153057673,48.056807415444005],[-122.12399641714775,48.05667319793639],[-122.12362977977006,48.056524301376385],[-122.12339088540796,48.05648643594092],[-122.12142692146831,48.05704469580477],[-122.11957324483855,48.0570593492358],[-122.11964951466787,48.06364495915032]]]},"properties":{"COUNTY":"Snohomish","PRECCODE":13911628,"PRECNAME":"Marysville 14","PRECINCT":"Snohomish 13911628","DESCRIPTIO":"Northpointe East (Northpointe East Park)","OFFICE":"PUD Commissioner District 1","JURISDICTION":"Public Utility","RACE":"Snohomish County PUD Commissioner District 1","Name_1":"Sid Logan","Party_1":"None_1","Votes_1":"80","Name_2":"Janet St Clair","Party_2":"None_2","Votes_2":"40","Name_3":"Bruce King","Party_3":"None_3","Votes_3":"30","Name_4":null,"Party_4":null,"Votes_4":"0","Name_5":null,"Party_5":null,"Votes_5":"0","Name_6":null,"Party_6":null,"Votes_6":"0","Name_7":null,"Party_7":null,"Votes_7":"0","Votes_total":"150","Pct_1":53.33,"Pct_2":26.67,"Pct_3":20,"Pct_4":0,"Pct_5":0,"Pct_6":0,"Pct_7":0,"Margin":26.66}},
{"type":"Feature","geometry":{"type":"Polygon","coordinates":[[[-122.17267116812688,48.13582127894476],[-122.18316783963536,48.13603899920809],[-122.18434341740135,48.122863236294656],[-122.18422635849512,48.11849645204638],[-122.17554575223477,48.118518741176004],[-122.17102652543798,48.11854519540152],[-122.17096440691546,48.12004997416102],[-122.17044230108604,48.12064227040187],[-122.17053110792938,48.12067927904019],[-122.17224982574973,48.12067606120182],[-122.17348348708433,48.12113232301555],[-122.17350470633919,48.12289263272934],[-122.17302729305834,48.130300620456104],[-122.16741716669755,48.13015466868904],[-122.16724284193845,48.133999779891354],[-122.1727842674861,48.13406694820685],[-122.17267116812688,48.13582127894476]]]},"properties":{"COUNTY":"Snohomish","PRECCODE":13911650,"PRECNAME":"Marysville 25","PRECINCT":"Snohomish 13911650","DESCRIPTIO":"Smokey Point South (Berry Farm)","OFFICE":"PUD Commissioner District 1","JURISDICTION":"Public Utility","RACE":"Snohomish County PUD Commissioner District 1","Name_1":"Sid Logan","Party_1":"None_1","Votes_1":"55","Name_2":"Janet St Clair","Party_2":"None_2","Votes_2":"35","Name_3":"Bruce King","Party_3":"None_3","Votes_3":"19","Name_4":"Write-In","Party_4":"None_4","Votes_4":"1","Name_5":null,"Party_5":null,"Votes_5":"0","Name_6":null,"Party_6":null,"Votes_6":"0","Name_7":null,"Party_7":null,"Votes_7":"0","Votes_total":"110","Pct_1":50,"Pct_2":31.82,"Pct_3":17.27,"Pct_4":0.91,"Pct_5":0,"Pct_6":0,"Pct_7":0,"Margin":18.18}},
{"type":"Feature","geometry":{"type":"Polygon","coordinates":[[[-122.19005853379934,48.15958212448484],[-122.19074634558389,48.163287976881186],[-122.19377095781603,48.1632536125423],[-122.19656157785971,48.16316582166759],[-122.19682086789877,48.16042227117259],[-122.1937837354101,48.16049500121736],[-122.19406016422151,48.153820377442464],[-122.19367364216656,48.15381292550263],[-122.19376276617292,48.15219293282415],[-122.18872843143096,48.15233188747737],[-122.19005853379934,48.15958212448484]]]},"properties":{"COUNTY":"Snohomish","PRECCODE":13911651,"PRECNAME":"Marysville 29","PRECINCT":"Snohomish 13911651","DESCRIPTIO":"Smokey Point Northeast (Lakewood Commons Condos, Carroll's Creek Landing Apartments)","OFFICE":"PUD Commissioner District 1","JURISDICTION":"Public Utility","RACE":"Snohomish County PUD Commissioner District 1","Name_1":"Sid Logan","Party_1":"None_1","Votes_1":"59","Name_2":"Janet St Clair","Party_2":"None_2","Votes_2":"41","Name_3":"Bruce King","Party_3":"None_3","Votes_3":"23","Name_4":null,"Party_4":null,"Votes_4":"0","Name_5":null,"Party_5":null,"Votes_5":"0","Name_6":null,"Party_6":null,"Votes_6":"0","Name_7":null,"Party_7":null,"Votes_7":"0","Votes_total":"123","Pct_1":47.97,"Pct_2":33.33,"Pct_3":18.7,"Pct_4":0,"Pct_5":0,"Pct_6":0,"Pct_7":0,"Margin":14.64}},
{"type":"Feature","geometry":{"type":"Polygon","coordinates":[[[-122.1116928832517,48.059529093304796],[-122.11170041796889,48.05979187580838],[-122.11155894627399,48.064728613412214],[-122.11203995994312,48.06472411289821],[-122.11206597044577,48.06646122559629],[-122.11302220276477,48.06629816504986],[-122.1133131463038,48.067330336185144],[-122.11638456620341,48.06695821203727],[-122.11931922077822,48.06745791099292],[-122.11956774552868,48.06364552904649],[-122.11964951466787,48.06364495915032],[-122.11960479331441,48.059445505127414],[-122.1116928832517,48.059529093304796]]]},"properties":{"COUNTY":"Snohomish","PRECCODE":13911676,"PRECNAME":"Marysville 12","PRECINCT":"Snohomish 13911676","DESCRIPTIO":"East Marysville North (Rock Creek North, Alderview Vista)","OFFICE":"PUD Commissioner District 1","JURISDICTION":"Public Utility","RACE":"Snohomish County PUD Commissioner District 1","Name_1":"Sid Logan","Party_1":"None_1","Votes_1":"88","Name_2":"Janet St Clair","Party_2":"None_2","Votes_2":"46","Name_3":"Bruce King","Party_3":"None_3","Votes_3":"31","Name_4":"Write-In","Party_4":"None_4","Votes_4":"1","Name_5":null,"Party_5":null,"Votes_5":"0","Name_6":null,"Party_6":null,"Votes_6":"0","Name_7":null,"Party_7":null,"Votes_7":"0","Votes_total":"166","Pct_1":53.01,"Pct_2":27.71,"Pct_3":18.67,"Pct_4":0.6,"Pct_5":0,"Pct_6":0,"Pct_7":0,"Margin":25.3}},
{"type":"Feature","geometry":{"type":"Polygon","coordinates":[[[-122.16247379858142,48.11801119431445],[-122.16706405964369,48.11797968909668],[-122.16705421553584,48.11759938332111],[-122.16691610662335,48.11651499021296],[-122.16739624744395,48.11523243944978],[-122.1681717769544,48.115238426632516],[-122.1686136228633,48.113368463176094],[-122.16878498488222,48.113305981139014],[-122.17334895775207,48.1131651975706],[-122.17334444711493,48.110590726330415],[-122.17070263082998,48.110565299577],[-122.17063481552887,48.11055512182391],[-122.17032808918862,48.109896981442034],[-122.16790011241055,48.11002545453748],[-122.16709840374924,48.11165446363963],[-122.16786089326885,48.11240396587755],[-122.16754632264453,48.113023231805016],[-122.16554905550541,48.11283280439845],[-122.16555048599476,48.113581033026676],[-122.16322296935572,48.11358357572465],[-122.16271881861469,48.11372067114689],[-122.16255300315008,48.11374058261321],[-122.16236729494194,48.1137432443118],[-122.16247379858142,48.11801119431445]]]},"properties":{"COUNTY":"Snohomish","PRECCODE":13911734,"PRECNAME":"Marysville 41","PRECINCT":"Snohomish 13911734","DESCRIPTIO":"North Marysville North-Center (50th Ave NE & 134th Pl, 46th Dr NE & 128th Pl)","OFFICE":"PUD Commissioner District 1","JURISDICTION":"Public Utility","RACE":"Snohomish County PUD Commissioner District 1","Name_1":"Sid Logan","Party_1":"None_1","Votes_1":"76","Name_2":"Janet St Clair","Party_2":"None_2","Votes_2":"41","Name_3":"Bruce King","Party_3":"None_3","Votes_3":"30","Name_4":"Write-In","Party_4":"None_4","Votes_4":"1","Name_5":null,"Party_5":null,"Votes_5":"0","Name_6":null,"Party_6":null,"Votes_6":"0","Name_7":null,"Party_7":null,"Votes_7":"0","Votes_total":"148","Pct_1":51.35,"Pct_2":27.7,"Pct_3":20.27,"Pct_4":0.68,"Pct_5":0,"Pct_6":0,"Pct_7":0,"Margin":23.65}},
{"type":"Feature","geometry":{"type":"Polygon","coordinates":[[[-122.16236729494194,48.1137432443118],[-122.16255300315008,48.11374058261321],[-122.16271881861469,48.11372067114689],[-122.16322296935572,48.11358357572465],[-122.16555048599476,48.113581033026676],[-122.16554905550541,48.11283280439845],[-122.16754632264453,48.113023231805016],[-122.16786089326885,48.11240396587755],[-122.16709840374924,48.11165446363963],[-122.16790011241055,48.11002545453748],[-122.17032808918862,48.109896981442034],[-122.17063481552887,48.11055512182391],[-122.17070263082998,48.110565299577],[-122.17334444711493,48.110590726330415],[-122.17331607958334,48.10721679133435],[-122.17320652350521,48.106821282603136],[-122.17298659593826,48.10668770148146],[-122.1659258071997,48.106503348532456],[-122.16561606811337,48.105507651304315],[-122.1644072589362,48.10544163690716],[-122.16361611744914,48.105102595298725],[-122.16294964778311,48.10507346837456],[-122.1622258736059,48.105064362787616],[-122.16224241474768,48.107690356599115],[-122.16236729494194,48.1137432443118]]]},"properties":{"COUNTY":"Snohomish","PRECCODE":13911735,"PRECNAME":"Marysville 42","PRECINCT":"Snohomish 13911735","DESCRIPTIO":"North Marysville South-Center (45th Dr NE & 126th Pl, Whispering Firs Estates)","OFFICE":"PUD Commissioner District 1","JURISDICTION":"Public Utility","RACE":"Snohomish County PUD Commissioner District 1","Name_1":"Sid Logan","Party_1":"None_1","Votes_1":"96","Name_2":"Janet St Clair","Party_2":"None_2","Votes_2":"36","Name_3":"Bruce King","Party_3":"None_3","Votes_3":"30","Name_4":"Write-In","Party_4":"None_4","Votes_4":"2","Name_5":null,"Party_5":null,"Votes_5":"0","Name_6":null,"Party_6":null,"Votes_6":"0","Name_7":null,"Party_7":null,"Votes_7":"0","Votes_total":"164","Pct_1":58.54,"Pct_2":21.95,"Pct_3":18.29,"Pct_4":1.22,"Pct_5":0,"Pct_6":0,"Pct_7":0,"Margin":36.59}},
{"type":"Feature","geometry":{"type":"Polygon","coordinates":[[[-122.17554575223477,48.118518741176004],[-122.18422635849512,48.11849645204638],[-122.18413292596489,48.1148154306418],[-122.18419414065065,48.10727207729231],[-122.18408206618828,48.10377364939673],[-122.18207885864115,48.10372722418834],[-122.18047536353778,48.10370641268243],[-122.1805010223202,48.10107915303707],[-122.17919872306935,48.10060429824225],[-122.17913108358175,48.09999860692406],[-122.17523987863588,48.099935055257944],[-122.17636373899246,48.103048406316184],[-122.17594933185936,48.10727352919737],[-122.17444176534656,48.10723270291377],[-122.17331607958334,48.10721679133435],[-122.1733490921906,48.11177306076656],[-122.17333984383842,48.11244079045904],[-122.17334895775207,48.1131651975706],[-122.16878498488222,48.113305981139014],[-122.1686136228633,48.113368463176094],[-122.1681717769544,48.115238426632516],[-122.16739624744395,48.11523243944978],[-122.16691610662335,48.11651499021296],[-122.16705421553584,48.11759938332111],[-122.1670940051335,48.11852358166022],[-122.1705226587255,48.11854639903781],[-122.17554575223477,48.118518741176004]]]},"properties":{"COUNTY":"Snohomish","PRECCODE":13911736,"PRECNAME":"Marysville 43","PRECINCT":"Snohomish 13911736","DESCRIPTIO":"North Marysville West (Gateway Shopping Center, Marysville Industrial Park)","OFFICE":"PUD Commissioner District 1","JURISDICTION":"Public Utility","RACE":"Snohomish County PUD Commissioner District 1","Name_1":"Sid Logan","Party_1":"None_1","Votes_1":"111","Name_2":"Janet St Clair","Party_2":"None_2","Votes_2":"44","Name_3":"Bruce King","Party_3":"None_3","Votes_3":"44","Name_4":"Write-In","Party_4":"None_4","Votes_4":"2","Name_5":null,"Party_5":null,"Votes_5":"0","Name_6":null,"Party_6":null,"Votes_6":"0","Name_7":null,"Party_7":null,"Votes_7":"0","Votes_total":"201","Pct_1":55.22,"Pct_2":21.89,"Pct_3":21.89,"Pct_4":1,"Pct_5":0,"Pct_6":0,"Pct_7":0,"Margin":33.33}},
{"type":"Feature","geometry":{"type":"Polygon","coordinates":[[[-122.15700065070956,48.110013038221844],[-122.15660756358702,48.110301974680446],[-122.15699320589249,48.111134573547666],[-122.15448510578953,48.112747330492105],[-122.15463974340406,48.11345268388935],[-122.15445455952408,48.11372577991577],[-122.15455427926777,48.11393954260419],[-122.15448091858178,48.114088346326255],[-122.15440710501434,48.114453340831396],[-122.16239367046299,48.11490476200541],[-122.16224241474768,48.107690356599115],[-122.16222656120904,48.104952114379486],[-122.16188403564833,48.104944336968416],[-122.15699170757586,48.10924745698612],[-122.15700065070956,48.110013038221844]]]},"properties":{"COUNTY":"Snohomish","PRECCODE":13911737,"PRECNAME":"Marysville 44","PRECINCT":"Snohomish 13911737","DESCRIPTIO":"North Marysville Center (52nd Dr NE & 126th Pl, Creekside Manor)","OFFICE":"PUD Commissioner District 1","JURISDICTION":"Public Utility","RACE":"Snohomish County PUD Commissioner District 1","Name_1":"Sid Logan","Party_1":"None_1","Votes_1":"77","Name_2":"Bruce King","Party_2":"None_3","Votes_2":"24","Name_3":"Janet St Clair","Party_3":"None_2","Votes_3":"21","Name_4":null,"Party_4":null,"Votes_4":"0","Name_5":null,"Party_5":null,"Votes_5":"0","Name_6":null,"Party_6":null,"Votes_6":"0","Name_7":null,"Party_7":null,"Votes_7":"0","Votes_total":"122","Pct_1":63.11,"Pct_2":19.67,"Pct_3":17.21,"Pct_4":0,"Pct_5":0,"Pct_6":0,"Pct_7":0,"Margin":43.44}},
{"type":"Feature","geometry":{"type":"Polygon","coordinates":[[[-122.15699170757586,48.10924745698612],[-122.16188403564833,48.104944336968416],[-122.16242724252598,48.10495587556314],[-122.16561060243615,48.10294064634726],[-122.16484040502075,48.10253968077079],[-122.16457416015729,48.10243693846489],[-122.16381960211689,48.101384404367494],[-122.16426677929623,48.10089065769676],[-122.16368706048375,48.09987068931165],[-122.16362514234154,48.09982902052333],[-122.15680471240043,48.09965463307255],[-122.15673734200126,48.09940205262182],[-122.15651504358932,48.099432288237246],[-122.1516706642004,48.09938559766215],[-122.15149737270228,48.099351600679334],[-122.1514426369884,48.09931195871357],[-122.15138980172563,48.09924659182983],[-122.15145667308877,48.10268185339921],[-122.15407728318834,48.102754914313266],[-122.1546899517499,48.10388021824298],[-122.15684463377664,48.10397905243445],[-122.15699170757586,48.10924745698612]]]},"properties":{"COUNTY":"Snohomish","PRECCODE":13911738,"PRECNAME":"Marysville 45","PRECINCT":"Snohomish 13911738","DESCRIPTIO":"North Marysville Southeast (Pacific Meadows, Marysville Seventh-Day Adventist Church)","OFFICE":"PUD Commissioner District 1","JURISDICTION":"Public Utility","RACE":"Snohomish County PUD Commissioner District 1","Name_1":"Sid Logan","Party_1":"None_1","Votes_1":"103","Name_2":"Janet St Clair","Party_2":"None_2","Votes_2":"63","Name_3":"Bruce King","Party_3":"None_3","Votes_3":"44","Name_4":null,"Party_4":null,"Votes_4":"0","Name_5":null,"Party_5":null,"Votes_5":"0","Name_6":null,"Party_6":null,"Votes_6":"0","Name_7":null,"Party_7":null,"Votes_7":"0","Votes_total":"210","Pct_1":49.05,"Pct_2":30,"Pct_3":20.95,"Pct_4":0,"Pct_5":0,"Pct_6":0,"Pct_7":0,"Margin":19.05}},
{"type":"Feature","geometry":{"type":"Polygon","coordinates":[[[-122.1516964052771,48.12591660852433],[-122.15167326496108,48.12637260466858],[-122.14725597738129,48.12637092185923],[-122.14718004423725,48.130318450394114],[-122.14603390250598,48.13030249975296],[-122.14595881652505,48.13368444304191],[-122.16208807276023,48.13385659043093],[-122.16220847922195,48.1300498138309],[-122.1625811026645,48.126256862328525],[-122.16267640514018,48.12371846442218],[-122.16266378401289,48.12330575694187],[-122.15786480990529,48.12320769077049],[-122.15764110404993,48.12189578152472],[-122.15694218028148,48.12153294024342],[-122.15351939060365,48.12136596358144],[-122.1537857935236,48.122134107281745],[-122.15557689585259,48.12263607601013],[-122.15481747904313,48.12445985212755],[-122.15536913922257,48.125570858624506],[-122.15429930886124,48.125951753548755],[-122.1516964052771,48.12591660852433]]]},"properties":{"COUNTY":"Snohomish","PRECCODE":13911746,"PRECNAME":"Marysville 53","PRECINCT":"Snohomish 13911746","DESCRIPTIO":"North Marysville Far Northeast (Timberbrook, Heather Glen)","OFFICE":"PUD Commissioner District 1","JURISDICTION":"Public Utility","RACE":"Snohomish County PUD Commissioner District 1","Name_1":"Sid Logan","Party_1":"None_1","Votes_1":"79","Name_2":"Janet St Clair","Party_2":"None_2","Votes_2":"43","Name_3":"Bruce King","Party_3":"None_3","Votes_3":"29","Name_4":"Write-In","Party_4":"None_4","Votes_4":"1","Name_5":null,"Party_5":null,"Votes_5":"0","Name_6":null,"Party_6":null,"Votes_6":"0","Name_7":null,"Party_7":null,"Votes_7":"0","Votes_total":"152","Pct_1":51.97,"Pct_2":28.29,"Pct_3":19.08,"Pct_4":0.66,"Pct_5":0,"Pct_6":0,"Pct_7":0,"Margin":23.68}},
{"type":"Feature","geometry":{"type":"Polygon","coordinates":[[[-122.1516964052771,48.12591660852433],[-122.15429930886124,48.125951753548755],[-122.15536913922257,48.125570858624506],[-122.15481747904313,48.12445985212755],[-122.15557689585259,48.12263607601013],[-122.1537857935236,48.122134107281745],[-122.15351939060365,48.12136596358144],[-122.15694218028148,48.12153294024342],[-122.15708375596597,48.11650896639534],[-122.1576990010837,48.11510507218045],[-122.15831246953171,48.11492534519441],[-122.15845909146853,48.1148097708686],[-122.15853793284849,48.114686812149785],[-122.15058486789121,48.11423697327192],[-122.1505964313541,48.114869500638065],[-122.14974870147577,48.11482155315109],[-122.14981228542868,48.117991407106516],[-122.15207562836211,48.11807366995083],[-122.15183831195635,48.12274063138745],[-122.1516964052771,48.12591660852433]]]},"properties":{"COUNTY":"Snohomish","PRECCODE":13911747,"PRECNAME":"Marysville 54","PRECINCT":"Snohomish 13911747","DESCRIPTIO":"North Marysville Northeast (Meadowcreek Park East, Quil Scenic, Martinwood)","OFFICE":"PUD Commissioner District 1","JURISDICTION":"Public Utility","RACE":"Snohomish County PUD Commissioner District 1","Name_1":"Sid Logan","Party_1":"None_1","Votes_1":"95","Name_2":"Janet St Clair","Party_2":"None_2","Votes_2":"52","Name_3":"Bruce King","Party_3":"None_3","Votes_3":"24","Name_4":"Write-In","Party_4":"None_4","Votes_4":"1","Name_5":null,"Party_5":null,"Votes_5":"0","Name_6":null,"Party_6":null,"Votes_6":"0","Name_7":null,"Party_7":null,"Votes_7":"0","Votes_total":"172","Pct_1":55.23,"Pct_2":30.23,"Pct_3":13.95,"Pct_4":0.58,"Pct_5":0,"Pct_6":0,"Pct_7":0,"Margin":25}},
{"type":"Feature","geometry":{"type":"Polygon","coordinates":[[[-122.11956774552868,48.06364552904649],[-122.11931922077822,48.06745791099292],[-122.11638456620341,48.06695821203727],[-122.1133131463038,48.067330336185144],[-122.11302220276477,48.06629816504986],[-122.11206597044577,48.06646122559629],[-122.1120727081741,48.06691124095235],[-122.11157328043925,48.066916288220696],[-122.11166477557238,48.07209324255441],[-122.11971905602546,48.07198186542288],[-122.12150951490052,48.071620356516135],[-122.12334248687623,48.071446580072354],[-122.12443360570113,48.071421292062915],[-122.12759412318117,48.071495121755135],[-122.12762298251046,48.07113725352276],[-122.12760417066492,48.07101931277464],[-122.12746030505845,48.07078822695002],[-122.1255263579484,48.06944075694289],[-122.12512183664026,48.06929579711689],[-122.12484706861437,48.069166084127176],[-122.12465619450919,48.06901734913214],[-122.12378219487717,48.06613067635606],[-122.12596242747395,48.06582554625882],[-122.12555325958816,48.06459601601108],[-122.12409944396043,48.06332582419275],[-122.12359442197193,48.063506909329654],[-122.12331950330908,48.06357765419722],[-122.12280814426332,48.06362247565621],[-122.11956774552868,48.06364552904649]]]},"properties":{"COUNTY":"Snohomish","PRECCODE":13911748,"PRECNAME":"Marysville 55","PRECINCT":"Snohomish 13911748","DESCRIPTIO":"Cedarcrest East (Whiskey Ridge Park), East Marysville Far North (Jacqueline Ridge)","OFFICE":"PUD Commissioner District 1","JURISDICTION":"Public Utility","RACE":"Snohomish County PUD Commissioner District 1","Name_1":"Sid Logan","Party_1":"None_1","Votes_1":"110","Name_2":"Janet St Clair","Party_2":"None_2","Votes_2":"78","Name_3":"Bruce King","Party_3":"None_3","Votes_3":"47","Name_4":null,"Party_4":null,"Votes_4":"0","Name_5":null,"Party_5":null,"Votes_5":"0","Name_6":null,"Party_6":null,"Votes_6":"0","Name_7":null,"Party_7":null,"Votes_7":"0","Votes_total":"235","Pct_1":46.81,"Pct_2":33.19,"Pct_3":20,"Pct_4":0,"Pct_5":0,"Pct_6":0,"Pct_7":0,"Margin":13.62}},
{"type":"Feature","geometry":{"type":"Polygon","coordinates":[[[-122.12759412318117,48.071495121755135],[-122.1349334679845,48.07164897223253],[-122.1367946696647,48.0716832071559],[-122.14023627971164,48.07172899274488],[-122.14064606795068,48.066806471619294],[-122.14050335400331,48.06666668880886],[-122.14030090079746,48.066613185193575],[-122.1393950993966,48.06649972655538],[-122.13767773861687,48.064548323342194],[-122.1376607751247,48.064418904676664],[-122.13514129255246,48.064404920563895],[-122.1347213585223,48.06437815157968],[-122.1333864172398,48.06409562409519],[-122.1325895902504,48.06546627585733],[-122.13266593995094,48.067299568694594],[-122.12730644513127,48.06722386987046],[-122.12693691821599,48.06837169187675],[-122.1255263579484,48.06944075694289],[-122.12746030505845,48.07078822695002],[-122.12760417066492,48.07101931277464],[-122.12762298251046,48.07113725352276],[-122.12759412318117,48.071495121755135]]]},"properties":{"COUNTY":"Snohomish","PRECCODE":13911768,"PRECNAME":"Marysville 58","PRECINCT":"Snohomish 13911768","DESCRIPTIO":"Cedarcrest West (Cedarcrest Golf Course, 74th Dr NE & 81st Pl)","OFFICE":"PUD Commissioner District 1","JURISDICTION":"Public Utility","RACE":"Snohomish County PUD Commissioner District 1","Name_1":"Sid Logan","Party_1":"None_1","Votes_1":"53","Name_2":"Janet St Clair","Party_2":"None_2","Votes_2":"28","Name_3":"Bruce King","Party_3":"None_3","Votes_3":"23","Name_4":"Write-In","Party_4":"None_4","Votes_4":"1","Name_5":null,"Party_5":null,"Votes_5":"0","Name_6":null,"Party_6":null,"Votes_6":"0","Name_7":null,"Party_7":null,"Votes_7":"0","Votes_total":"105","Pct_1":50.48,"Pct_2":26.67,"Pct_3":21.9,"Pct_4":0.95,"Pct_5":0,"Pct_6":0,"Pct_7":0,"Margin":23.81}},
{"type":"Feature","geometry":{"type":"Polygon","coordinates":[[[-122.15673734200126,48.09940205262182],[-122.15680471240043,48.09965463307255],[-122.16362514234154,48.09982902052333],[-122.16357060623314,48.099790527015124],[-122.16436764998831,48.09861243318868],[-122.1643249782085,48.09695989385756],[-122.16586144839084,48.09539337785287],[-122.16529010042093,48.0943778615823],[-122.16230881324438,48.094341547579546],[-122.16265806211008,48.09271710957946],[-122.16226059610604,48.09255943005715],[-122.15660352826035,48.09219676922955],[-122.15660176402423,48.09220775661502],[-122.15124779146511,48.09193156238211],[-122.15138980172563,48.09924659182983],[-122.1514426369884,48.09931195871357],[-122.15149737270228,48.099351600679334],[-122.1516706642004,48.09938559766215],[-122.15651504358932,48.099432288237246],[-122.15673734200126,48.09940205262182]]]},"properties":{"COUNTY":"Snohomish","PRECCODE":13911770,"PRECNAME":"Marysville 60","PRECINCT":"Snohomish 13911770","DESCRIPTIO":"North Marysville Far Southeast (Marysville-Pilchuck High School, 51st Ave NE & 110th Pl)","OFFICE":"PUD Commissioner District 1","JURISDICTION":"Public Utility","RACE":"Snohomish County PUD Commissioner District 1","Name_1":"Sid Logan","Party_1":"None_1","Votes_1":"72","Name_2":"Janet St Clair","Party_2":"None_2","Votes_2":"42","Name_3":"Bruce King","Party_3":"None_3","Votes_3":"24","Name_4":null,"Party_4":null,"Votes_4":"0","Name_5":null,"Party_5":null,"Votes_5":"0","Name_6":null,"Party_6":null,"Votes_6":"0","Name_7":null,"Party_7":null,"Votes_7":"0","Votes_total":"138","Pct_1":52.17,"Pct_2":30.43,"Pct_3":17.39,"Pct_4":0,"Pct_5":0,"Pct_6":0,"Pct_7":0,"Margin":21.74}},
{"type":"Feature","geometry":{"type":"Polygon","coordinates":[[[-122.11960479331441,48.059445505127414],[-122.11957324483855,48.0570593492358],[-122.11947489706623,48.05355070478763],[-122.11144886326407,48.05341511740881],[-122.11149150820948,48.05363021299028],[-122.11165527573691,48.05817653988569],[-122.1116928832517,48.059529093304796],[-122.11960479331441,48.059445505127414]]]},"properties":{"COUNTY":"Snohomish","PRECCODE":13911780,"PRECNAME":"Marysville 61","PRECINCT":"Snohomish 13911780","DESCRIPTIO":"East Marysville South (Rock Creek South, Marysville Walmart)","OFFICE":"PUD Commissioner District 1","JURISDICTION":"Public Utility","RACE":"Snohomish County PUD Commissioner District 1","Name_1":"Sid Logan","Party_1":"None_1","Votes_1":"75","Name_2":"Janet St Clair","Party_2":"None_2","Votes_2":"30","Name_3":"Bruce King","Party_3":"None_3","Votes_3":"27","Name_4":null,"Party_4":null,"Votes_4":"0","Name_5":null,"Party_5":null,"Votes_5":"0","Name_6":null,"Party_6":null,"Votes_6":"0","Name_7":null,"Party_7":null,"Votes_7":"0","Votes_total":"132","Pct_1":56.82,"Pct_2":22.73,"Pct_3":20.45,"Pct_4":0,"Pct_5":0,"Pct_6":0,"Pct_7":0,"Margin":34.09}},
{"type":"Feature","geometry":{"type":"Polygon","coordinates":[[[-122.2013747299478,48.15567814586923],[-122.21567585393018,48.155538748822735],[-122.21562901903536,48.151695596182414],[-122.21093683082672,48.15187828280035],[-122.19923357768906,48.15206244452199],[-122.19653194787723,48.15212260597608],[-122.19655574684171,48.15578789326487],[-122.2013747299478,48.15567814586923]]]},"properties":{"COUNTY":"Snohomish","PRECCODE":13911795,"PRECNAME":"Marysville 62","PRECINCT":"Snohomish 13911795","DESCRIPTIO":"Smokey Point Far Northwest (Lodge Apartments [Center & West], Vintage Senior Apartments)","OFFICE":"PUD Commissioner District 1","JURISDICTION":"Public Utility","RACE":"Snohomish County PUD Commissioner District 1","Name_1":"Sid Logan","Party_1":"None_1","Votes_1":"65","Name_2":"Janet St Clair","Party_2":"None_2","Votes_2":"53","Name_3":"Bruce King","Party_3":"None_3","Votes_3":"20","Name_4":"Write-In","Party_4":"None_4","Votes_4":"2","Name_5":null,"Party_5":null,"Votes_5":"0","Name_6":null,"Party_6":null,"Votes_6":"0","Name_7":null,"Party_7":null,"Votes_7":"0","Votes_total":"140","Pct_1":46.43,"Pct_2":37.86,"Pct_3":14.29,"Pct_4":1.43,"Pct_5":0,"Pct_6":0,"Pct_7":0,"Margin":8.57}},
{"type":"Feature","geometry":{"type":"Polygon","coordinates":[[[-122.15694218028148,48.12153294024342],[-122.15764110404993,48.12189578152472],[-122.15786480990529,48.12320769077049],[-122.16266378401289,48.12330575694187],[-122.16264140678484,48.12236204180703],[-122.16247379858142,48.11801119431445],[-122.16239367046299,48.11490476200541],[-122.15853793284849,48.114686812149785],[-122.15845909146853,48.1148097708686],[-122.15831246953171,48.11492534519441],[-122.1576990010837,48.11510507218045],[-122.15708375596597,48.11650896639534],[-122.15694218028148,48.12153294024342]]]},"properties":{"COUNTY":"Snohomish","PRECCODE":13911814,"PRECNAME":"Marysville 65","PRECINCT":"Snohomish 13911814","DESCRIPTIO":"North Marysville North (Shoultes Elementary School, 52nd Dr NE & 139th Pl)","OFFICE":"PUD Commissioner District 1","JURISDICTION":"Public Utility","RACE":"Snohomish County PUD Commissioner District 1","Name_1":"Sid Logan","Party_1":"None_1","Votes_1":"72","Name_2":"Janet St Clair","Party_2":"None_2","Votes_2":"44","Name_3":"Bruce King","Party_3":"None_3","Votes_3":"28","Name_4":null,"Party_4":null,"Votes_4":"0","Name_5":null,"Party_5":null,"Votes_5":"0","Name_6":null,"Party_6":null,"Votes_6":"0","Name_7":null,"Party_7":null,"Votes_7":"0","Votes_total":"144","Pct_1":50,"Pct_2":30.56,"Pct_3":19.44,"Pct_4":0,"Pct_5":0,"Pct_6":0,"Pct_7":0,"Margin":19.44}},
{"type":"Feature","geometry":{"type":"Polygon","coordinates":[[[-122.1625811026645,48.126256862328525],[-122.16839868931784,48.126307463483705],[-122.1684436058366,48.122979805196785],[-122.17053110792938,48.12067927904019],[-122.17044230108604,48.12064227040187],[-122.17096440691546,48.12004997416102],[-122.17102652543798,48.11854519540152],[-122.1705226587255,48.11854639903781],[-122.1670940051335,48.11852358166022],[-122.16706405964369,48.11797968909668],[-122.16247379858142,48.11801119431445],[-122.16264140678484,48.12236204180703],[-122.16267640514018,48.12371846442218],[-122.1625811026645,48.126256862328525]]]},"properties":{"COUNTY":"Snohomish","PRECCODE":13911825,"PRECNAME":"Marysville 67","PRECINCT":"Snohomish 13911825","DESCRIPTIO":"Smokey Point East (Shoultes Meadows, Cascade Christian Reformed Church)","OFFICE":"PUD Commissioner District 1","JURISDICTION":"Public Utility","RACE":"Snohomish County PUD Commissioner District 1","Name_1":"Sid Logan","Party_1":"None_1","Votes_1":"44","Name_2":"Janet St Clair","Party_2":"None_2","Votes_2":"17","Name_3":"Bruce King","Party_3":"None_3","Votes_3":"10","Name_4":null,"Party_4":null,"Votes_4":"0","Name_5":null,"Party_5":null,"Votes_5":"0","Name_6":null,"Party_6":null,"Votes_6":"0","Name_7":null,"Party_7":null,"Votes_7":"0","Votes_total":"71","Pct_1":61.97,"Pct_2":23.94,"Pct_3":14.08,"Pct_4":0,"Pct_5":0,"Pct_6":0,"Pct_7":0,"Margin":38.03}},
{"type":"Feature","geometry":{"type":"Polygon","coordinates":[[[-122.15699170757586,48.10924745698612],[-122.15684463377664,48.10397905243445],[-122.1546899517499,48.10388021824298],[-122.15407728318834,48.102754914313266],[-122.15145667308877,48.10268185339921],[-122.15153426334618,48.10667588175587],[-122.15167700635143,48.114216394087904],[-122.15058275709562,48.11415440131806],[-122.15058486789121,48.11423697327192],[-122.15440710501434,48.114453340831396],[-122.15448091858178,48.114088346326255],[-122.15455427926777,48.11393954260419],[-122.15445455952408,48.11372577991577],[-122.15463974340406,48.11345268388935],[-122.15448510578953,48.112747330492105],[-122.15699320589249,48.111134573547666],[-122.15660756358702,48.110301974680446],[-122.15700065070956,48.110013038221844],[-122.15699170757586,48.10924745698612]]]},"properties":{"COUNTY":"Snohomish","PRECCODE":13911848,"PRECNAME":"Marysville 70","PRECINCT":"Snohomish 13911848","DESCRIPTIO":"North Marysville East (Meadows at Two Cedars, Otter Creek)","OFFICE":"PUD Commissioner District 1","JURISDICTION":"Public Utility","RACE":"Snohomish County PUD Commissioner District 1","Name_1":"Sid Logan","Party_1":"None_1","Votes_1":"92","Name_2":"Janet St Clair","Party_2":"None_2","Votes_2":"36","Name_3":"Bruce King","Party_3":"None_3","Votes_3":"25","Name_4":null,"Party_4":null,"Votes_4":"0","Name_5":null,"Party_5":null,"Votes_5":"0","Name_6":null,"Party_6":null,"Votes_6":"0","Name_7":null,"Party_7":null,"Votes_7":"0","Votes_total":"153","Pct_1":60.13,"Pct_2":23.53,"Pct_3":16.34,"Pct_4":0,"Pct_5":0,"Pct_6":0,"Pct_7":0,"Margin":36.6}},
{"type":"Feature","geometry":{"type":"Polygon","coordinates":[[[-122.19376276617292,48.15219293282415],[-122.19367364216656,48.15381292550263],[-122.19406016422151,48.153820377442464],[-122.1937837354101,48.16049500121736],[-122.19682086789877,48.16042227117259],[-122.19667260422672,48.155785340401515],[-122.19655574684171,48.15578789326487],[-122.19653194787723,48.15212260597608],[-122.19376276617292,48.15219293282415]]]},"properties":{"COUNTY":"Snohomish","PRECCODE":13911849,"PRECNAME":"Marysville 71","PRECINCT":"Snohomish 13911849","DESCRIPTIO":"Smokey Point North (Jeannine's Landing, Lodge Apartments [East])","OFFICE":"PUD Commissioner District 1","JURISDICTION":"Public Utility","RACE":"Snohomish County PUD Commissioner District 1","Name_1":"Sid Logan","Party_1":"None_1","Votes_1":"22","Name_2":"Janet St Clair","Party_2":"None_2","Votes_2":"16","Name_3":"Bruce King","Party_3":"None_3","Votes_3":"6","Name_4":null,"Party_4":null,"Votes_4":"0","Name_5":null,"Party_5":null,"Votes_5":"0","Name_6":null,"Party_6":null,"Votes_6":"0","Name_7":null,"Party_7":null,"Votes_7":"0","Votes_total":"44","Pct_1":50,"Pct_2":36.36,"Pct_3":13.64,"Pct_4":0,"Pct_5":0,"Pct_6":0,"Pct_7":0,"Margin":13.64}},
{"type":"Feature","geometry":{"type":"Polygon","coordinates":[[[-122.11909354156631,48.091852268842175],[-122.11917126855934,48.095727372335006],[-122.11926013483765,48.0992897040729],[-122.11925367264844,48.09960490550229],[-122.12975256427933,48.099384000889366],[-122.12979587336481,48.10645568288557],[-122.12460817529829,48.10690437521082],[-122.1248544187336,48.11807814633735],[-122.14092540155218,48.117664900043444],[-122.14100867204021,48.12272067807165],[-122.11944077670208,48.12268757036944],[-122.11936461958092,48.13003335110849],[-122.14106520904328,48.13000982069331],[-122.1410926860272,48.13365319800727],[-122.14595881652505,48.13368444304191],[-122.14603390250598,48.13030249975296],[-122.14718004423725,48.130318450394114],[-122.14725597738129,48.12637092185923],[-122.15167326496108,48.12637260466858],[-122.15183831195635,48.12274063138745],[-122.15207562836211,48.11807366995083],[-122.14981228542868,48.117991407106516],[-122.14974870147577,48.11482155315109],[-122.1505964313541,48.114869500638065],[-122.15058275709562,48.11415440131806],[-122.15167700635143,48.114216394087904],[-122.15153426334618,48.10667588175587],[-122.15124770166787,48.0919280498554],[-122.14278108103821,48.0919796463786],[-122.14041237437516,48.09193285616555],[-122.12639076651142,48.09194642196974],[-122.11909354156631,48.091852268842175]]]},"properties":{"COUNTY":"Snohomish","PRECCODE":13914020,"PRECNAME":"Packwood","PRECINCT":"Snohomish 13914020","DESCRIPTIO":"Marysville Rural Northeast (Hilltop Road, Wade Road Water Tower)","OFFICE":"PUD Commissioner District 1","JURISDICTION":"Public Utility","RACE":"Snohomish County PUD Commissioner District 1","Name_1":"Sid Logan","Party_1":"None_1","Votes_1":"92","Name_2":"Janet St Clair","Party_2":"None_2","Votes_2":"36","Name_3":"Bruce King","Party_3":"None_3","Votes_3":"31","Name_4":null,"Party_4":null,"Votes_4":"0","Name_5":null,"Party_5":null,"Votes_5":"0","Name_6":null,"Party_6":null,"Votes_6":"0","Name_7":null,"Party_7":null,"Votes_7":"0","Votes_total":"159","Pct_1":57.86,"Pct_2":22.64,"Pct_3":19.5,"Pct_4":0,"Pct_5":0,"Pct_6":0,"Pct_7":0,"Margin":35.22}},
{"type":"Feature","geometry":{"type":"Polygon","coordinates":[[[-122.14595881652505,48.13368444304191],[-122.1410926860272,48.13365319800727],[-122.14106520904328,48.13000982069331],[-122.11936461958092,48.13003335110849],[-122.11944077670208,48.12268757036944],[-122.14100867204021,48.12272067807165],[-122.14092540155218,48.117664900043444],[-122.1248544187336,48.11807814633735],[-122.12460817529829,48.10690437521082],[-122.12979587336481,48.10645568288557],[-122.12975256427933,48.099384000889366],[-122.11925367264844,48.09960490550229],[-122.11926013483765,48.0992897040729],[-122.11917126855934,48.095727372335006],[-122.11909354156631,48.091852268842175],[-122.11180671663877,48.09178401137346],[-122.11248107752604,48.120920656856036],[-122.11293169258899,48.13712729990461],[-122.1130188941461,48.14063710441103],[-122.10848282164456,48.14074568042778],[-122.10848179961029,48.14153170786576],[-122.10853214130871,48.144743671050605],[-122.10853121573221,48.14578167785335],[-122.10855870776638,48.14798793934956],[-122.11936531928448,48.1479737308201],[-122.12973120051124,48.14819306064764],[-122.1297770434284,48.148164045351514],[-122.12982678745037,48.148103441856584],[-122.12985907817536,48.14790501533964],[-122.12986702130264,48.14627675463368],[-122.13328328524196,48.146677298755655],[-122.13514061701538,48.1466761170594],[-122.13539670737089,48.146700183972904],[-122.13560947691644,48.146745551285],[-122.13589080695786,48.14684770700972],[-122.13643866290492,48.14712943558184],[-122.13707859363998,48.14743823383532],[-122.1371608658322,48.148236591579305],[-122.14018613668964,48.1484241050354],[-122.14044061009155,48.14884785263314],[-122.14048184230273,48.148915149037805],[-122.14052814715922,48.14896066802344],[-122.14068768154647,48.14863977130331],[-122.14078304118799,48.14644529954217],[-122.14302889483974,48.146476031986666],[-122.15116232136717,48.137516730567754],[-122.15133361536004,48.13376594229429],[-122.14595881652505,48.13368444304191]]]},"properties":{"COUNTY":"Snohomish","PRECCODE":13914023,"PRECNAME":"Edgecomb","PRECINCT":"Snohomish 13914023","DESCRIPTIO":"Arlington Rural Far South (Cherry Lane Farms, Winding Path Gardens)","OFFICE":"PUD Commissioner District 1","JURISDICTION":"Public Utility","RACE":"Snohomish County PUD Commissioner District 1","Name_1":"Sid Logan","Party_1":"None_1","Votes_1":"81","Name_2":"Janet St Clair","Party_2":"None_2","Votes_2":"39","Name_3":"Bruce King","Party_3":"None_3","Votes_3":"32","Name_4":null,"Party_4":null,"Votes_4":"0","Name_5":null,"Party_5":null,"Votes_5":"0","Name_6":null,"Party_6":null,"Votes_6":"0","Name_7":null,"Party_7":null,"Votes_7":"0","Votes_total":"152","Pct_1":53.29,"Pct_2":25.66,"Pct_3":21.05,"Pct_4":0,"Pct_5":0,"Pct_6":0,"Pct_7":0,"Margin":27.63}},
{"type":"Feature","geometry":{"type":"Polygon","coordinates":[[[-122.06505391673166,48.06503822463048],[-122.06506841931355,48.048260210433796],[-122.065096289383,48.04681561658664],[-122.06514194647535,48.035968123204924],[-122.01753346357644,48.036177444824695],[-122.01700000275285,48.037723712050365],[-122.01959392374158,48.03879646483667],[-122.02067896986509,48.040776852391446],[-122.02156428758738,48.0408784160659],[-122.02222443324762,48.04082229217626],[-122.02316105305813,48.040928933062354],[-122.0238814641458,48.041064581058144],[-122.02652729559442,48.04171173532956],[-122.02636589650159,48.04219107211441],[-122.02498086239922,48.04261243770816],[-122.02476699476401,48.04303353110492],[-122.02471299282742,48.04330778781115],[-122.02551369370639,48.045125935476946],[-122.02969017372479,48.047719650477994],[-122.02966908827972,48.048085964193234],[-122.02910214790923,48.04880092327698],[-122.02791048474981,48.049177440152356],[-122.02623866092141,48.04846262372116],[-122.02499972978785,48.048884440361675],[-122.02497737771827,48.050938153455206],[-122.02401477590168,48.05323570611216],[-122.02151377816917,48.05416807145631],[-122.02087757510589,48.055444956418214],[-122.01893170735413,48.05582831286588],[-122.01809620527236,48.05654616610961],[-122.0177782050865,48.05692072082708],[-122.01747867258007,48.05747322709568],[-122.01854559750932,48.05748835330408],[-122.03223812757145,48.05778636848929],[-122.03220319332343,48.06244241845506],[-122.03217241481454,48.06503374204907],[-122.05423135029068,48.064968252164164],[-122.06505391673166,48.06503822463048]]]},"properties":{"COUNTY":"Snohomish","PRECCODE":13914042,"PRECNAME":"Lochsloy","PRECINCT":"Snohomish 13914042","DESCRIPTIO":"Lake Stevens Rural Far Northeast (Lochsloy, Cedar Springs Camp)","OFFICE":"PUD Commissioner District 1","JURISDICTION":"Public Utility","RACE":"Snohomish County PUD Commissioner District 1","Name_1":"Sid Logan","Party_1":"None_1","Votes_1":"140","Name_2":"Bruce King","Party_2":"None_3","Votes_2":"64","Name_3":"Janet St Clair","Party_3":"None_2","Votes_3":"60","Name_4":null,"Party_4":null,"Votes_4":"0","Name_5":null,"Party_5":null,"Votes_5":"0","Name_6":null,"Party_6":null,"Votes_6":"0","Name_7":null,"Party_7":null,"Votes_7":"0","Votes_total":"264","Pct_1":53.03,"Pct_2":24.24,"Pct_3":22.73,"Pct_4":0,"Pct_5":0,"Pct_6":0,"Pct_7":0,"Margin":28.79}},
{"type":"Feature","geometry":{"type":"Polygon","coordinates":[[[-122.11118200050831,48.050050006815056],[-122.11088159473549,48.0388469048204],[-122.11067136231718,48.029981683059766],[-122.11058351458652,48.02868229118865],[-122.11051050726704,48.028147687182695],[-122.09802663971033,48.029050261291914],[-122.09801135546239,48.035787537350544],[-122.09805362691233,48.048439081434005],[-122.09874512451336,48.04999974299115],[-122.11118200050831,48.050050006815056]]]},"properties":{"COUNTY":"Snohomish","PRECCODE":13914044,"PRECNAME":"Sunnyside","PRECINCT":"Snohomish 13914044","DESCRIPTIO":"Lake Stevens Rural Northwest (91st Avenue, Lake Cassidy Boat Launch Lot)","OFFICE":"PUD Commissioner District 1","JURISDICTION":"Public Utility","RACE":"Snohomish County PUD Commissioner District 1","Name_1":"Sid Logan","Party_1":"None_1","Votes_1":"48","Name_2":"Bruce King","Party_2":"None_3","Votes_2":"22","Name_3":"Janet St Clair","Party_3":"None_2","Votes_3":"14","Name_4":null,"Party_4":null,"Votes_4":"0","Name_5":null,"Party_5":null,"Votes_5":"0","Name_6":null,"Party_6":null,"Votes_6":"0","Name_7":null,"Party_7":null,"Votes_7":"0","Votes_total":"84","Pct_1":57.14,"Pct_2":26.19,"Pct_3":16.67,"Pct_4":0,"Pct_5":0,"Pct_6":0,"Pct_7":0,"Margin":30.95}},
{"type":"Feature","geometry":{"type":"Polygon","coordinates":[[[-122.1291058995898,48.07771043733247],[-122.13962293310611,48.07785756927406],[-122.13975837049549,48.076178495797066],[-122.13969698113405,48.07617773701199],[-122.1398386290639,48.07450184763811],[-122.13336896694376,48.074418401565694],[-122.13322630113883,48.076082468739386],[-122.12924953379577,48.07603874105813],[-122.1291058995898,48.07771043733247]]]},"properties":{"COUNTY":"Snohomish","PRECCODE":13914151,"PRECNAME":"Alma","PRECINCT":"Snohomish 13914151","DESCRIPTIO":"Unincorporated N. Marysville (Emerald Estates / 69th Dr NE & 89th Pl)","OFFICE":"PUD Commissioner District 1","JURISDICTION":"Public Utility","RACE":"Snohomish County PUD Commissioner District 1","Name_1":"Sid Logan","Party_1":"None_1","Votes_1":"19","Name_2":"Janet St Clair","Party_2":"None_2","Votes_2":"6","Name_3":"Bruce King","Party_3":"None_3","Votes_3":"3","Name_4":null,"Party_4":null,"Votes_4":"0","Name_5":null,"Party_5":null,"Votes_5":"0","Name_6":null,"Party_6":null,"Votes_6":"0","Name_7":null,"Party_7":null,"Votes_7":"0","Votes_total":"28","Pct_1":67.86,"Pct_2":21.43,"Pct_3":10.71,"Pct_4":0,"Pct_5":0,"Pct_6":0,"Pct_7":0,"Margin":46.43}},
{"type":"Feature","geometry":{"type":"Polygon","coordinates":[[[-122.07638538379315,48.12345489617017],[-122.08739284663034,48.123464153998235],[-122.09786404439977,48.122685469965674],[-122.11252575841641,48.122679065791026],[-122.11248107752604,48.120920656856036],[-122.11180671663877,48.09178401137346],[-122.10829147382796,48.09172969412014],[-122.09796597399786,48.09372279037447],[-122.08095084804613,48.09405674531216],[-122.0755380464411,48.09415028088844],[-122.07551837703221,48.101422733385746],[-122.05404001034877,48.1013225036545],[-122.05404758051691,48.10257109941912],[-122.05403046559313,48.10863207727205],[-122.0757380790968,48.10839348604521],[-122.07638538379315,48.12345489617017]]]},"properties":{"COUNTY":"Snohomish","PRECCODE":13914270,"PRECNAME":"Sisco","PRECINCT":"Snohomish 13914270","DESCRIPTIO":"Arlington Rural Farthest South-Southeast (McElroy Road & 132nd, Frontier Airpark Center)","OFFICE":"PUD Commissioner District 1","JURISDICTION":"Public Utility","RACE":"Snohomish County PUD Commissioner District 1","Name_1":"Sid Logan","Party_1":"None_1","Votes_1":"173","Name_2":"Bruce King","Party_2":"None_3","Votes_2":"51","Name_3":"Janet St Clair","Party_3":"None_2","Votes_3":"43","Name_4":null,"Party_4":null,"Votes_4":"0","Name_5":null,"Party_5":null,"Votes_5":"0","Name_6":null,"Party_6":null,"Votes_6":"0","Name_7":null,"Party_7":null,"Votes_7":"0","Votes_total":"267","Pct_1":64.79,"Pct_2":19.1,"Pct_3":16.1,"Pct_4":0,"Pct_5":0,"Pct_6":0,"Pct_7":0,"Margin":45.69}},
{"type":"Feature","geometry":{"type":"Polygon","coordinates":[[[-122.07528195518579,48.07218136888734],[-122.1116620154491,48.0719818898117],[-122.11157328043925,48.066916288220696],[-122.1120727081741,48.06691124095235],[-122.11203995994312,48.06472411289821],[-122.11155894627399,48.064728613412214],[-122.11170041796889,48.05979187580838],[-122.11165527573691,48.05817653988569],[-122.11149150820948,48.05363021299028],[-122.11148502559752,48.05361614823373],[-122.10878264516796,48.05364621088927],[-122.10888357198357,48.05723207977025],[-122.07559022613582,48.057572385956],[-122.07571656763749,48.06487748820741],[-122.06505391673166,48.06503822463048],[-122.06504777091574,48.072189057236805],[-122.07528195518579,48.07218136888734]]]},"properties":{"COUNTY":"Snohomish","PRECCODE":13914318,"PRECNAME":"Railroad","PRECINCT":"Snohomish 13914318","DESCRIPTIO":"Lake Stevens Rural Far North (Getchell Trailhead, The Preserve North)","OFFICE":"PUD Commissioner District 1","JURISDICTION":"Public Utility","RACE":"Snohomish County PUD Commissioner District 1","Name_1":"Sid Logan","Party_1":"None_1","Votes_1":"93","Name_2":"Janet St Clair","Party_2":"None_2","Votes_2":"21","Name_3":"Bruce King","Party_3":"None_3","Votes_3":"19","Name_4":null,"Party_4":null,"Votes_4":"0","Name_5":null,"Party_5":null,"Votes_5":"0","Name_6":null,"Party_6":null,"Votes_6":"0","Name_7":null,"Party_7":null,"Votes_7":"0","Votes_total":"133","Pct_1":69.92,"Pct_2":15.79,"Pct_3":14.29,"Pct_4":0,"Pct_5":0,"Pct_6":0,"Pct_7":0,"Margin":54.13}},
{"type":"Feature","geometry":{"type":"Polygon","coordinates":[[[-122.0320650490413,48.07240820077847],[-122.0321042452258,48.07059232540543],[-122.03220319332343,48.06244241845506],[-122.03223812757145,48.05778636848929],[-122.01854559750932,48.05748835330408],[-122.01749063009979,48.057473452746564],[-122.01813091123337,48.05928716591704],[-122.02094238639411,48.06154023977111],[-122.02023588530251,48.061942181526845],[-122.01665728455798,48.06177144196719],[-122.0131875706904,48.062359180680644],[-122.0126973181593,48.063836853855655],[-122.01465126915218,48.06747007970641],[-122.01390829654149,48.06780329832558],[-122.01022863849829,48.06756759402437],[-122.00816371632881,48.069958081226304],[-122.00830939092164,48.07083102020172],[-122.00917628460577,48.071085262076124],[-122.01056615945751,48.07191569663897],[-122.01265464116346,48.07199256552685],[-122.01288437483775,48.083128501766424],[-122.024370921649,48.08337184433812],[-122.02823764032068,48.08165557961638],[-122.03178152105268,48.08187933731031],[-122.03184884358292,48.07966943738584],[-122.03194624986598,48.07604919936867],[-122.0320650490413,48.07240820077847]]]},"properties":{"COUNTY":"Snohomish","PRECCODE":13914321,"PRECNAME":"Sleepy Hollow","PRECINCT":"Snohomish 13914321","DESCRIPTIO":"Lake Stevens Rural Farther Northeast (Holy Cross Church), Granite Falls Rural Far Southwest (Sobey)","OFFICE":"PUD Commissioner District 1","JURISDICTION":"Public Utility","RACE":"Snohomish County PUD Commissioner District 1","Name_1":"Sid Logan","Party_1":"None_1","Votes_1":"80","Name_2":"Bruce King","Party_2":"None_3","Votes_2":"60","Name_3":"Janet St Clair","Party_3":"None_2","Votes_3":"55","Name_4":"Write-In","Party_4":"None_4","Votes_4":"1","Name_5":null,"Party_5":null,"Votes_5":"0","Name_6":null,"Party_6":null,"Votes_6":"0","Name_7":null,"Party_7":null,"Votes_7":"0","Votes_total":"196","Pct_1":40.82,"Pct_2":30.61,"Pct_3":28.06,"Pct_4":0.51,"Pct_5":0,"Pct_6":0,"Pct_7":0,"Margin":10.21}},
{"type":"Feature","geometry":{"type":"Polygon","coordinates":[[[-122.1291058995898,48.07771043733247],[-122.1293339071252,48.0830180521952],[-122.1214435081614,48.08294052203258],[-122.12140756166525,48.08205439606854],[-122.11878070181598,48.08201408750152],[-122.11860031165524,48.077526742067846],[-122.11180766185292,48.0780840059363],[-122.11180671663877,48.09178401137346],[-122.11830037400662,48.09184229551788],[-122.12639076651142,48.09194642196974],[-122.14041237437516,48.09193285616555],[-122.1400099108105,48.08489453362217],[-122.13998433267886,48.08489439647011],[-122.13962293310611,48.07785756927406],[-122.1291058995898,48.07771043733247]],[[-122.11881688928914,48.0829116917035],[-122.12012869215728,48.082927244864116],[-122.12020093486173,48.08471517150207],[-122.11888917619693,48.08470321715762],[-122.11881688928914,48.0829116917035]]]},"properties":{"COUNTY":"Snohomish","PRECCODE":13914360,"PRECNAME":"Roncrest","PRECINCT":"Snohomish 13914360","DESCRIPTIO":"North Marysville Rural East (Getchell Reservoir, Kellogg Marsh Grange Hall)","OFFICE":"PUD Commissioner District 1","JURISDICTION":"Public Utility","RACE":"Snohomish County PUD Commissioner District 1","Name_1":"Sid Logan","Party_1":"None_1","Votes_1":"56","Name_2":"Bruce King","Party_2":"None_3","Votes_2":"20","Name_3":"Janet St Clair","Party_3":"None_2","Votes_3":"13","Name_4":null,"Party_4":null,"Votes_4":"0","Name_5":null,"Party_5":null,"Votes_5":"0","Name_6":null,"Party_6":null,"Votes_6":"0","Name_7":null,"Party_7":null,"Votes_7":"0","Votes_total":"89","Pct_1":62.92,"Pct_2":22.47,"Pct_3":14.61,"Pct_4":0,"Pct_5":0,"Pct_6":0,"Pct_7":0,"Margin":40.45}},
{"type":"Feature","geometry":{"type":"Polygon","coordinates":[[[-122.07555441060856,48.094150018463885],[-122.08095084804613,48.09405674531216],[-122.09796597399786,48.09372279037447],[-122.10829147382796,48.09172969412014],[-122.11180671663877,48.09178401137346],[-122.11180766185292,48.0780840059363],[-122.1116620154491,48.0719818898117],[-122.07528195518579,48.07218136888734],[-122.07552352505576,48.088601019592375],[-122.07555441060856,48.094150018463885]]]},"properties":{"COUNTY":"Snohomish","PRECCODE":13914416,"PRECNAME":"Getchell","PRECINCT":"Snohomish 13914416","DESCRIPTIO":"North Marysville Rural Far Southeast (Getchell Fire Station, 105th Avenue NE & 93rd)","OFFICE":"PUD Commissioner District 1","JURISDICTION":"Public Utility","RACE":"Snohomish County PUD Commissioner District 1","Name_1":"Sid Logan","Party_1":"None_1","Votes_1":"101","Name_2":"Janet St Clair","Party_2":"None_2","Votes_2":"39","Name_3":"Bruce King","Party_3":"None_3","Votes_3":"37","Name_4":null,"Party_4":null,"Votes_4":"0","Name_5":null,"Party_5":null,"Votes_5":"0","Name_6":null,"Party_6":null,"Votes_6":"0","Name_7":null,"Party_7":null,"Votes_7":"0","Votes_total":"177","Pct_1":57.06,"Pct_2":22.03,"Pct_3":20.9,"Pct_4":0,"Pct_5":0,"Pct_6":0,"Pct_7":0,"Margin":35.03}},
{"type":"Feature","geometry":{"type":"Polygon","coordinates":[[[-122.09801135546239,48.035787537350544],[-122.06514205890572,48.035972833680894],[-122.065096289383,48.04681561658664],[-122.06506841931355,48.048260210433796],[-122.06505391673166,48.06503822463048],[-122.07571656763749,48.06487748820741],[-122.07559022613582,48.057572385956],[-122.10888357198357,48.05723207977025],[-122.10878264516796,48.05364621088927],[-122.11148502559752,48.05361614823373],[-122.11140739138695,48.053206091339675],[-122.11118200050831,48.050050006815056],[-122.09874512451336,48.04999974299115],[-122.09805362691233,48.048439081434005],[-122.09801135546239,48.035787537350544]]]},"properties":{"COUNTY":"Snohomish","PRECCODE":13914522,"PRECNAME":"Cassidy","PRECINCT":"Snohomish 13914522","DESCRIPTIO":"Lake Stevens Rural Far North (Lake Cassidy, Corson Wildlife Area)","OFFICE":"PUD Commissioner District 1","JURISDICTION":"Public Utility","RACE":"Snohomish County PUD Commissioner District 1","Name_1":"Sid Logan","Party_1":"None_1","Votes_1":"135","Name_2":"Bruce King","Party_2":"None_3","Votes_2":"62","Name_3":"Janet St Clair","Party_3":"None_2","Votes_3":"58","Name_4":"Write-In","Party_4":"None_4","Votes_4":"2","Name_5":null,"Party_5":null,"Votes_5":"0","Name_6":null,"Party_6":null,"Votes_6":"0","Name_7":null,"Party_7":null,"Votes_7":"0","Votes_total":"257","Pct_1":52.53,"Pct_2":24.12,"Pct_3":22.57,"Pct_4":0.78,"Pct_5":0,"Pct_6":0,"Pct_7":0,"Margin":28.41}},
{"type":"Feature","geometry":{"type":"Polygon","coordinates":[[[-122.05423135029068,48.064968252164164],[-122.03217241481454,48.06503374204907],[-122.0321042452258,48.07059232540543],[-122.0320650490413,48.07240820077847],[-122.03192348615083,48.07708189996095],[-122.03207176973251,48.077115011881475],[-122.03226662900089,48.07726959705811],[-122.0336556946043,48.07881117427866],[-122.03534595845126,48.07988674921752],[-122.03794286213608,48.08226641193056],[-122.03808539970446,48.082796412516764],[-122.04298175127546,48.08229986150267],[-122.04602404964886,48.0812205988327],[-122.04689860205177,48.08026114495849],[-122.0487553407267,48.07978244566173],[-122.04931230697731,48.0807592003841],[-122.04911467326579,48.08219631284479],[-122.05130803745288,48.0823863305729],[-122.05377790622823,48.08480357722899],[-122.05582718008112,48.08572510108738],[-122.05822050045172,48.08583454400077],[-122.05918620404842,48.086437013475134],[-122.05920918061965,48.08748941574106],[-122.06102642622488,48.08817034173012],[-122.06079442318061,48.08938303187267],[-122.06218671699436,48.090087415586424],[-122.0629499691319,48.0926126716413],[-122.06327896912832,48.092741671431874],[-122.0640729688103,48.092720671420125],[-122.064640220567,48.09276531180056],[-122.06461003613599,48.091936368668435],[-122.06510780756551,48.090032050085185],[-122.06503689447656,48.075801738714354],[-122.06505391673166,48.06503822463048],[-122.05423135029068,48.064968252164164]]]},"properties":{"COUNTY":"Snohomish","PRECCODE":13914529,"PRECNAME":"Firtree","PRECINCT":"Snohomish 13914529","DESCRIPTIO":"Granite Falls Rural Farther West (Granite Falls Gate Station, 143rd Avenue NE & 84th)","OFFICE":"PUD Commissioner District 1","JURISDICTION":"Public Utility","RACE":"Snohomish County PUD Commissioner District 1","Name_1":"Sid Logan","Party_1":"None_1","Votes_1":"64","Name_2":"Bruce King","Party_2":"None_3","Votes_2":"41","Name_3":"Janet St Clair","Party_3":"None_2","Votes_3":"28","Name_4":null,"Party_4":null,"Votes_4":"0","Name_5":null,"Party_5":null,"Votes_5":"0","Name_6":null,"Party_6":null,"Votes_6":"0","Name_7":null,"Party_7":null,"Votes_7":"0","Votes_total":"133","Pct_1":48.12,"Pct_2":30.83,"Pct_3":21.05,"Pct_4":0,"Pct_5":0,"Pct_6":0,"Pct_7":0,"Margin":17.29}},
{"type":"Feature","geometry":{"type":"Polygon","coordinates":[[[-122.05404001034877,48.1013225036545],[-122.07551837703221,48.101422733385746],[-122.0755380464411,48.09415028088844],[-122.07555441060856,48.094150018463885],[-122.07552352505576,48.088601019592375],[-122.07528195518579,48.07218136888734],[-122.06504777091574,48.072189057236805],[-122.06503689447656,48.075801738714354],[-122.06510780756551,48.090032050085185],[-122.06461003613599,48.091936368668435],[-122.06463855629956,48.092487919455415],[-122.06464181830258,48.09303142947268],[-122.06495236807494,48.094103281282095],[-122.05420286729644,48.09411428082297],[-122.05415544861131,48.09705877941352],[-122.05404001034877,48.1013225036545]]]},"properties":{"COUNTY":"Snohomish","PRECCODE":13914683,"PRECNAME":"Star Creek","PRECINCT":"Snohomish 13914683","DESCRIPTIO":"Lake Stevens Rural Farther North (121st Avenue NE & 96th, Frontier Airpark South)","OFFICE":"PUD Commissioner District 1","JURISDICTION":"Public Utility","RACE":"Snohomish County PUD Commissioner District 1","Name_1":"Sid Logan","Party_1":"None_1","Votes_1":"79","Name_2":"Bruce King","Party_2":"None_3","Votes_2":"31","Name_3":"Janet St Clair","Party_3":"None_2","Votes_3":"27","Name_4":null,"Party_4":null,"Votes_4":"0","Name_5":null,"Party_5":null,"Votes_5":"0","Name_6":null,"Party_6":null,"Votes_6":"0","Name_7":null,"Party_7":null,"Votes_7":"0","Votes_total":"137","Pct_1":57.66,"Pct_2":22.63,"Pct_3":19.71,"Pct_4":0,"Pct_5":0,"Pct_6":0,"Pct_7":0,"Margin":35.03}},
{"type":"Feature","geometry":{"type":"Polygon","coordinates":[[[-122.07638538379315,48.12345489617017],[-122.0773359508353,48.13649405545745],[-122.07859361402,48.13616798374307],[-122.08005496786419,48.13793978418939],[-122.0813887076932,48.13815880684094],[-122.0825228734917,48.13759357936401],[-122.08743896698554,48.13750423014683],[-122.08711445042735,48.14213908715164],[-122.09096358792104,48.14447211495979],[-122.09712554378734,48.14432966709218],[-122.10852199043467,48.144333725130366],[-122.10848179961029,48.14153170786576],[-122.10848282164456,48.14074568042778],[-122.1130188941461,48.14063710441103],[-122.11293169258899,48.13712729990461],[-122.11252575841641,48.122679065791026],[-122.09786404439977,48.122685469965674],[-122.08739284663034,48.123464153998235],[-122.07638538379315,48.12345489617017]]]},"properties":{"COUNTY":"Snohomish","PRECCODE":13914834,"PRECNAME":"McElroy","PRECINCT":"Snohomish 13914834","DESCRIPTIO":"Arlington Rural Farther South-Southeast (Sisco Heights Community Church, 91st Avenue NE & 156th)","OFFICE":"PUD Commissioner District 1","JURISDICTION":"Public Utility","RACE":"Snohomish County PUD Commissioner District 1","Name_1":"Sid Logan","Party_1":"None_1","Votes_1":"81","Name_2":"Bruce King","Party_2":"None_3","Votes_2":"22","Name_3":"Janet St Clair","Party_3":"None_2","Votes_3":"18","Name_4":null,"Party_4":null,"Votes_4":"0","Name_5":null,"Party_5":null,"Votes_5":"0","Name_6":null,"Party_6":null,"Votes_6":"0","Name_7":null,"Party_7":null,"Votes_7":"0","Votes_total":"121","Pct_1":66.94,"Pct_2":18.18,"Pct_3":14.88,"Pct_4":0,"Pct_5":0,"Pct_6":0,"Pct_7":0,"Margin":48.76}},
{"type":"Feature","geometry":{"type":"Polygon","coordinates":[[[-122.14964998940222,48.01589188178498],[-122.14884063650436,48.01506106405028],[-122.14409063757893,48.01407356720482],[-122.14094629028985,48.01439992119272],[-122.14001590921346,48.01408844984407],[-122.14156895001301,48.01260576892075],[-122.14170086902554,48.0118654361368],[-122.14104389769074,48.010812025999904],[-122.13891658471353,48.00972138310754],[-122.13897578814566,48.009234896903706],[-122.1416801118819,48.00808319352698],[-122.14459075293618,48.00818258169028],[-122.1452839093411,48.00754283994204],[-122.14515730440922,48.00730378141424],[-122.14403173073592,48.0072661866119],[-122.14024400183669,48.007177983664775],[-122.12955055163462,48.00714067978608],[-122.12958622033173,48.019873480685135],[-122.12970633455878,48.01985567247643],[-122.13020156903548,48.01986455380795],[-122.13076839712075,48.01991700619301],[-122.13218662699474,48.02016510842688],[-122.13481267966976,48.02153356696207],[-122.13569828132691,48.02164552512772],[-122.14453518328965,48.02179365775682],[-122.14414141894515,48.02104391133825],[-122.14539429271929,48.020550118999815],[-122.14738616507532,48.0207924990571],[-122.14836931090223,48.02150429412168],[-122.14910567549053,48.02121164497948],[-122.14926575971832,48.01995629355184],[-122.14756953085035,48.01874441886236],[-122.14728694361222,48.0178375510741],[-122.14964998940222,48.01589188178498]]]},"properties":{"COUNTY":"Snohomish","PRECCODE":13924001,"PRECNAME":"Ebey","PRECINCT":"Snohomish 13924001","DESCRIPTIO":"Lake Stevens Rural Far West (Sunnyside Boulevard North)","OFFICE":"PUD Commissioner District 1","JURISDICTION":"Public Utility","RACE":"Snohomish County PUD Commissioner District 1","Name_1":"Sid Logan","Party_1":"None_1","Votes_1":"19","Name_2":"Bruce King","Party_2":"None_3","Votes_2":"12","Name_3":"Janet St Clair","Party_3":"None_2","Votes_3":"4","Name_4":null,"Party_4":null,"Votes_4":"0","Name_5":null,"Party_5":null,"Votes_5":"0","Name_6":null,"Party_6":null,"Votes_6":"0","Name_7":null,"Party_7":null,"Votes_7":"0","Votes_total":"35","Pct_1":54.29,"Pct_2":34.29,"Pct_3":11.43,"Pct_4":0,"Pct_5":0,"Pct_6":0,"Pct_7":0,"Margin":20}},
{"type":"Feature","geometry":{"type":"MultiPolygon","coordinates":[[[[-122.18184562137868,47.97853172054398],[-122.16736255505336,47.97824559372773],[-122.16986421381094,47.98011117286512],[-122.17032314745903,47.98173157365305],[-122.1755090825981,47.97957177292374],[-122.17926561396341,47.9792604386323],[-122.18184562137868,47.97853172054398]]],[[[-122.1452839093411,48.00754283994204],[-122.14459075293618,48.00818258169028],[-122.1416801118819,48.00808319352698],[-122.13897578814566,48.009234896903706],[-122.13891658471353,48.00972138310754],[-122.14104389769074,48.010812025999904],[-122.14170086902554,48.0118654361368],[-122.14156895001301,48.01260576892075],[-122.14001590921346,48.01408844984407],[-122.14094629028985,48.01439992119272],[-122.14409063757893,48.01407356720482],[-122.14884063650436,48.01506106405028],[-122.14964998940222,48.01589188178498],[-122.15279015214347,48.011865310423694],[-122.15328062013339,48.01033457677381],[-122.15306161893956,48.0095863763371],[-122.15176235158059,48.008942175847054],[-122.15294068472267,48.007791176368315],[-122.15327095077684,48.00520697600803],[-122.15231008437325,48.00230017671288],[-122.15091128273889,48.00009717720421],[-122.15055128053896,47.99320724155716],[-122.15287614863965,47.98948364127519],[-122.15819261362432,47.985596107768124],[-122.16705368147255,47.98380757326468],[-122.16927114830057,47.98184317452338],[-122.16934227925991,47.980295906449825],[-122.16659990238746,47.978243065070366],[-122.14429844669431,47.97822203007854],[-122.14407197412665,47.980341040272904],[-122.14566754039059,47.98359144683395],[-122.14539351423187,47.98518363326372],[-122.14413317633134,47.98629434770773],[-122.1419321734803,47.98693297633321],[-122.13999978512072,47.98812165806657],[-122.13900735763626,47.990345601537605],[-122.13993807937244,47.99486582420947],[-122.13768226425141,47.99573632928937],[-122.13715819115461,47.996335718958036],[-122.1381092920439,48.00283701126993],[-122.13895452205118,48.00425303869232],[-122.14506397079484,48.00712791795386],[-122.1452839093411,48.00754283994204]]]]},"properties":{"COUNTY":"Snohomish","PRECCODE":13924019,"PRECNAME":"Whaleback","PRECINCT":"Snohomish 13924019","DESCRIPTIO":"Lake Stevens Rural Far West (Ebey Island North)","OFFICE":"PUD Commissioner District 1","JURISDICTION":"Public Utility","RACE":"Snohomish County PUD Commissioner District 1","Name_1":"Bruce King","Party_1":"None_3","Votes_1":"10","Name_2":"Sid Logan","Party_2":"None_1","Votes_2":"7","Name_3":"Janet St Clair","Party_3":"None_2","Votes_3":"3","Name_4":null,"Party_4":null,"Votes_4":"0","Name_5":null,"Party_5":null,"Votes_5":"0","Name_6":null,"Party_6":null,"Votes_6":"0","Name_7":null,"Party_7":null,"Votes_7":"0","Votes_total":"20","Pct_1":50,"Pct_2":35,"Pct_3":15,"Pct_4":0,"Pct_5":0,"Pct_6":0,"Pct_7":0,"Margin":15}},
{"type":"Feature","geometry":{"type":"Polygon","coordinates":[[[-122.08734953668763,48.02488287642753],[-122.08737453274364,48.02355644838477],[-122.0846813923694,48.0246404077115],[-122.08448080047273,48.02475355123321],[-122.08305257647515,48.02467864237284],[-122.08305443074548,48.026105792088444],[-122.07887729612074,48.02602776822048],[-122.07885871106491,48.03031246154597],[-122.09128189812988,48.02955838772649],[-122.09192058406741,48.02488610661421],[-122.08954744652866,48.02530453441934],[-122.08734953668763,48.02488287642753]]]},"properties":{"COUNTY":"Snohomish","PRECCODE":13951649,"PRECNAME":"Lake Stevens 8","PRECINCT":"Snohomish 13951649","DESCRIPTIO":"North LS Northwest (Highland Elementary School, Timbers, Timbers Condos)","OFFICE":"PUD Commissioner District 1","JURISDICTION":"Public Utility","RACE":"Snohomish County PUD Commissioner District 1","Name_1":"Sid Logan","Party_1":"None_1","Votes_1":"59","Name_2":"Bruce King","Party_2":"None_3","Votes_2":"34","Name_3":"Janet St Clair","Party_3":"None_2","Votes_3":"31","Name_4":null,"Party_4":null,"Votes_4":"0","Name_5":null,"Party_5":null,"Votes_5":"0","Name_6":null,"Party_6":null,"Votes_6":"0","Name_7":null,"Party_7":null,"Votes_7":"0","Votes_total":"124","Pct_1":47.58,"Pct_2":27.42,"Pct_3":25,"Pct_4":0,"Pct_5":0,"Pct_6":0,"Pct_7":0,"Margin":20.16}},
{"type":"Feature","geometry":{"type":"Polygon","coordinates":[[[-122.09051190898695,48.01779002458536],[-122.08889753329694,48.01784592236694],[-122.08523911199605,48.01568033784748],[-122.08389655529251,48.01533598595097],[-122.08356910027457,48.023076026716964],[-122.08735675044508,48.023371231726635],[-122.0873745951809,48.0235590185456],[-122.08734953668763,48.02488287642753],[-122.08954744652866,48.02530453441934],[-122.09192058406741,48.02488610661421],[-122.09128189812988,48.02955838772649],[-122.09802663971033,48.029050261291914],[-122.09805549594435,48.021344900243406],[-122.0973055317831,48.02073892554979],[-122.09630115450062,48.01756337211552],[-122.09502119099513,48.01786243169649],[-122.09051190898695,48.01779002458536]]]},"properties":{"COUNTY":"Snohomish","PRECCODE":13951663,"PRECNAME":"Lake Stevens 9","PRECINCT":"Snohomish 13951663","DESCRIPTIO":"North LS West (Sunnycrest Elementary School, Alder Road, Forest Road)","OFFICE":"PUD Commissioner District 1","JURISDICTION":"Public Utility","RACE":"Snohomish County PUD Commissioner District 1","Name_1":"Sid Logan","Party_1":"None_1","Votes_1":"132","Name_2":"Janet St Clair","Party_2":"None_2","Votes_2":"94","Name_3":"Bruce King","Party_3":"None_3","Votes_3":"46","Name_4":null,"Party_4":null,"Votes_4":"0","Name_5":null,"Party_5":null,"Votes_5":"0","Name_6":null,"Party_6":null,"Votes_6":"0","Name_7":null,"Party_7":null,"Votes_7":"0","Votes_total":"272","Pct_1":48.53,"Pct_2":34.56,"Pct_3":16.91,"Pct_4":0,"Pct_5":0,"Pct_6":0,"Pct_7":0,"Margin":13.97}},
{"type":"Feature","geometry":{"type":"Polygon","coordinates":[[[-122.10960394120849,48.02150743952134],[-122.1080368542569,48.01297258919307],[-122.10201616032562,48.01236341882927],[-122.10203840323754,48.01098209064668],[-122.10099602143961,48.01079792439224],[-122.10032883402961,48.01118768848633],[-122.09944273533358,48.01502310066462],[-122.09812836012316,48.01593673244068],[-122.09609607714282,48.0164992490282],[-122.09481978399005,48.01586825222249],[-122.09370447787168,48.016246650259916],[-122.09116764044226,48.01551883218144],[-122.09051190898695,48.01779002458536],[-122.09502119099513,48.01786243169649],[-122.09630115450062,48.01756337211552],[-122.0973055317831,48.02073892554979],[-122.09805549594435,48.021344900243406],[-122.09802663971033,48.029050261291914],[-122.11051050726704,48.028147687182695],[-122.10960394120849,48.02150743952134]]]},"properties":{"COUNTY":"Snohomish","PRECCODE":13951664,"PRECNAME":"Lake Stevens 10","PRECINCT":"Snohomish 13951664","DESCRIPTIO":"North LS Far West (Lake Drive, Lake Stevens Senior Center, Lundeen Park)","OFFICE":"PUD Commissioner District 1","JURISDICTION":"Public Utility","RACE":"Snohomish County PUD Commissioner District 1","Name_1":"Sid Logan","Party_1":"None_1","Votes_1":"122","Name_2":"Janet St Clair","Party_2":"None_2","Votes_2":"68","Name_3":"Bruce King","Party_3":"None_3","Votes_3":"29","Name_4":null,"Party_4":null,"Votes_4":"0","Name_5":null,"Party_5":null,"Votes_5":"0","Name_6":null,"Party_6":null,"Votes_6":"0","Name_7":null,"Party_7":null,"Votes_7":"0","Votes_total":"219","Pct_1":55.71,"Pct_2":31.05,"Pct_3":13.24,"Pct_4":0,"Pct_5":0,"Pct_6":0,"Pct_7":0,"Margin":24.66}},
{"type":"Feature","geometry":{"type":"Polygon","coordinates":[[[-122.1081882039097,48.002346177284664],[-122.10724189038451,48.00265520658047],[-122.10667178798339,48.00281327941047],[-122.10635240904212,48.00286712039366],[-122.10701570567215,48.00675676223189],[-122.1080368542569,48.01297258919307],[-122.10857272127852,48.01293373051135],[-122.10878081570993,48.014162044598265],[-122.11372694724317,48.01422988213557],[-122.11366039033597,48.01154591051021],[-122.11480302363958,48.009448881245135],[-122.11425765380179,48.009432525635205],[-122.11431971597679,48.008166672391795],[-122.11212107438827,48.00585915679534],[-122.10814400058642,48.00436196209786],[-122.1081882039097,48.002346177284664]]]},"properties":{"COUNTY":"Snohomish","PRECCODE":13951671,"PRECNAME":"Lake Stevens 11","PRECINCT":"Snohomish 13951671","DESCRIPTIO":"West LS East (Frontier Village North, Parkway Crossing)","OFFICE":"PUD Commissioner District 1","JURISDICTION":"Public Utility","RACE":"Snohomish County PUD Commissioner District 1","Name_1":"Sid Logan","Party_1":"None_1","Votes_1":"72","Name_2":"Janet St Clair","Party_2":"None_2","Votes_2":"36","Name_3":"Bruce King","Party_3":"None_3","Votes_3":"29","Name_4":null,"Party_4":null,"Votes_4":"0","Name_5":null,"Party_5":null,"Votes_5":"0","Name_6":null,"Party_6":null,"Votes_6":"0","Name_7":null,"Party_7":null,"Votes_7":"0","Votes_total":"137","Pct_1":52.55,"Pct_2":26.28,"Pct_3":21.17,"Pct_4":0,"Pct_5":0,"Pct_6":0,"Pct_7":0,"Margin":26.27}},
{"type":"Feature","geometry":{"type":"Polygon","coordinates":[[[-122.11328640747531,48.000662730296966],[-122.1126490802267,48.00020811026518],[-122.1081882039097,48.002346177284664],[-122.10814400058642,48.00436196209786],[-122.11212107438827,48.00585915679534],[-122.11431971597679,48.008166672391795],[-122.11425765380179,48.009432525635205],[-122.11480302363958,48.009448881245135],[-122.11366039033597,48.01154591051021],[-122.11368367018486,48.01244882740762],[-122.1191505539592,48.01249937816762],[-122.11904276847508,48.010702400365176],[-122.11899799541943,48.00892476983276],[-122.1242857175221,48.00894659053374],[-122.12424858237965,48.00713434497465],[-122.11894661657746,48.00712785047027],[-122.11904730944498,48.003521017638],[-122.117086961575,48.00350751033232],[-122.11669292044274,48.00296959165075],[-122.11732537984479,48.00296048071025],[-122.11728516879124,48.00260994910902],[-122.1168016647825,48.001991572585965],[-122.11639256950205,48.00226246896606],[-122.11401020424513,48.001123664595525],[-122.11328640747531,48.000662730296966]]]},"properties":{"COUNTY":"Snohomish","PRECCODE":13951672,"PRECNAME":"Lake Stevens 12","PRECINCT":"Snohomish 13951672","DESCRIPTIO":"West LS West (Frontier Village South, Newport Bluffs)","OFFICE":"PUD Commissioner District 1","JURISDICTION":"Public Utility","RACE":"Snohomish County PUD Commissioner District 1","Name_1":"Sid Logan","Party_1":"None_1","Votes_1":"86","Name_2":"Janet St Clair","Party_2":"None_2","Votes_2":"60","Name_3":"Bruce King","Party_3":"None_3","Votes_3":"41","Name_4":null,"Party_4":null,"Votes_4":"0","Name_5":null,"Party_5":null,"Votes_5":"0","Name_6":null,"Party_6":null,"Votes_6":"0","Name_7":null,"Party_7":null,"Votes_7":"0","Votes_total":"187","Pct_1":45.99,"Pct_2":32.09,"Pct_3":21.93,"Pct_4":0,"Pct_5":0,"Pct_6":0,"Pct_7":0,"Margin":13.9}},
{"type":"Feature","geometry":{"type":"Polygon","coordinates":[[[-122.10701570567215,48.00675676223189],[-122.10583208704686,47.999802189822134],[-122.0982808366164,47.999726984597096],[-122.09819609652376,48.00439853020409],[-122.10103148322871,48.0069374590828],[-122.10320341095488,48.00815131637921],[-122.10203840323754,48.01098209064668],[-122.10201616032562,48.01236341882927],[-122.1080368542569,48.01297258919307],[-122.10701570567215,48.00675676223189]]]},"properties":{"COUNTY":"Snohomish","PRECCODE":13951673,"PRECNAME":"Lake Stevens 13","PRECINCT":"Snohomish 13951673","DESCRIPTIO":"Chapel Hill Northwest (Long Bay, Springbrook Road, Stevens View Condos)","OFFICE":"PUD Commissioner District 1","JURISDICTION":"Public Utility","RACE":"Snohomish County PUD Commissioner District 1","Name_1":"Sid Logan","Party_1":"None_1","Votes_1":"120","Name_2":"Janet St Clair","Party_2":"None_2","Votes_2":"66","Name_3":"Bruce King","Party_3":"None_3","Votes_3":"43","Name_4":"Write-In","Party_4":"None_4","Votes_4":"2","Name_5":null,"Party_5":null,"Votes_5":"0","Name_6":null,"Party_6":null,"Votes_6":"0","Name_7":null,"Party_7":null,"Votes_7":"0","Votes_total":"231","Pct_1":51.95,"Pct_2":28.57,"Pct_3":18.61,"Pct_4":0.87,"Pct_5":0,"Pct_6":0,"Pct_7":0,"Margin":23.38}},
{"type":"Feature","geometry":{"type":"Polygon","coordinates":[[[-122.09951923519007,47.99631454069695],[-122.08735489896272,47.99656562454919],[-122.08929926168653,48.001014880953264],[-122.09055160730254,48.002428249616074],[-122.09819609652376,48.00439853020409],[-122.0982808366164,47.999726984597096],[-122.10582851139274,47.99980214405155],[-122.105507654299,47.997867352683],[-122.10353808210657,47.99767730235406],[-122.10041350867387,47.99650960884464],[-122.09951923519007,47.99631454069695]]]},"properties":{"COUNTY":"Snohomish","PRECCODE":13951674,"PRECNAME":"Lake Stevens 14","PRECINCT":"Snohomish 13951674","DESCRIPTIO":"Chapel Hill North (Chapel Ridge, Lakemont Avenue, Davies Loop Beach)","OFFICE":"PUD Commissioner District 1","JURISDICTION":"Public Utility","RACE":"Snohomish County PUD Commissioner District 1","Name_1":"Sid Logan","Party_1":"None_1","Votes_1":"111","Name_2":"Janet St Clair","Party_2":"None_2","Votes_2":"60","Name_3":"Bruce King","Party_3":"None_3","Votes_3":"48","Name_4":"Write-In","Party_4":"None_4","Votes_4":"1","Name_5":null,"Party_5":null,"Votes_5":"0","Name_6":null,"Party_6":null,"Votes_6":"0","Name_7":null,"Party_7":null,"Votes_7":"0","Votes_total":"220","Pct_1":50.45,"Pct_2":27.27,"Pct_3":21.82,"Pct_4":0.45,"Pct_5":0,"Pct_6":0,"Pct_7":0,"Margin":23.18}},
{"type":"Feature","geometry":{"type":"Polygon","coordinates":[[[-122.1080368542569,48.01297258919307],[-122.10960394120849,48.02150743952134],[-122.10961451669934,48.02158392041557],[-122.11588021138432,48.021673546814],[-122.11586227408317,48.02126900875968],[-122.11580620572794,48.021020742606744],[-122.11550788678521,48.02051286610855],[-122.11363688383327,48.01920451750768],[-122.11555551615807,48.01830017389649],[-122.11539360033207,48.017626379114745],[-122.11612257743863,48.01732406059979],[-122.11533002582544,48.016013057497325],[-122.11926466227906,48.01625528482161],[-122.1191505539592,48.01249937816762],[-122.11368367018486,48.01244882740762],[-122.11372694724317,48.01422988213557],[-122.10878081570993,48.014162044598265],[-122.10857272127852,48.01293373051135],[-122.1080368542569,48.01297258919307]]]},"properties":{"COUNTY":"Snohomish","PRECCODE":13951675,"PRECNAME":"Lake Stevens 15","PRECINCT":"Snohomish 13951675","DESCRIPTIO":"Crosswater East (Crosswater Park No. 3, Crosswater Park No. 4, Pointe at Crosswater Condos)","OFFICE":"PUD Commissioner District 1","JURISDICTION":"Public Utility","RACE":"Snohomish County PUD Commissioner District 1","Name_1":"Sid Logan","Party_1":"None_1","Votes_1":"121","Name_2":"Janet St Clair","Party_2":"None_2","Votes_2":"68","Name_3":"Bruce King","Party_3":"None_3","Votes_3":"36","Name_4":"Write-In","Party_4":"None_4","Votes_4":"2","Name_5":null,"Party_5":null,"Votes_5":"0","Name_6":null,"Party_6":null,"Votes_6":"0","Name_7":null,"Party_7":null,"Votes_7":"0","Votes_total":"227","Pct_1":53.3,"Pct_2":29.96,"Pct_3":15.86,"Pct_4":0.88,"Pct_5":0,"Pct_6":0,"Pct_7":0,"Margin":23.34}},
{"type":"Feature","geometry":{"type":"Polygon","coordinates":[[[-122.10461526053113,47.992564196527866],[-122.10635240904212,48.00286712039366],[-122.10667178798339,48.00281327941047],[-122.10724189038451,48.00265520658047],[-122.1081882039097,48.002346177284664],[-122.1126490802267,48.00020811026518],[-122.1119714340546,47.99930017144099],[-122.11232361960023,47.99261297255138],[-122.10461526053113,47.992564196527866]]]},"properties":{"COUNTY":"Snohomish","PRECCODE":13951716,"PRECNAME":"Lake Stevens 16","PRECINCT":"Snohomish 13951716","DESCRIPTIO":"West LS Center (Hillcrest Elementary School, Fairweather Pointe Condos, Somerfield Condos)","OFFICE":"PUD Commissioner District 1","JURISDICTION":"Public Utility","RACE":"Snohomish County PUD Commissioner District 1","Name_1":"Sid Logan","Party_1":"None_1","Votes_1":"76","Name_2":"Janet St Clair","Party_2":"None_2","Votes_2":"41","Name_3":"Bruce King","Party_3":"None_3","Votes_3":"25","Name_4":"Write-In","Party_4":"None_4","Votes_4":"1","Name_5":null,"Party_5":null,"Votes_5":"0","Name_6":null,"Party_6":null,"Votes_6":"0","Name_7":null,"Party_7":null,"Votes_7":"0","Votes_total":"143","Pct_1":53.15,"Pct_2":28.67,"Pct_3":17.48,"Pct_4":0.7,"Pct_5":0,"Pct_6":0,"Pct_7":0,"Margin":24.48}},
{"type":"Feature","geometry":{"type":"Polygon","coordinates":[[[-122.11232361960023,47.99261297255138],[-122.1119714340546,47.99930017144099],[-122.1126490802267,48.00020811026518],[-122.11704510974727,47.998043773226065],[-122.11895716859593,47.99678220276657],[-122.12178762940623,47.99481472417877],[-122.12297795064545,47.9940280692519],[-122.12496410208692,47.992678338409696],[-122.11915528575238,47.99265950098226],[-122.11829986173015,47.99365690817712],[-122.11587416542055,47.99355846328711],[-122.11406235459064,47.992621835584785],[-122.11232361960023,47.99261297255138]]]},"properties":{"COUNTY":"Snohomish","PRECCODE":13951717,"PRECNAME":"Lake Stevens 17","PRECINCT":"Snohomish 13951717","DESCRIPTIO":"West LS West (Glenacres, Skyline Ridge, Willowood)","OFFICE":"PUD Commissioner District 1","JURISDICTION":"Public Utility","RACE":"Snohomish County PUD Commissioner District 1","Name_1":"Sid Logan","Party_1":"None_1","Votes_1":"58","Name_2":"Janet St Clair","Party_2":"None_2","Votes_2":"42","Name_3":"Bruce King","Party_3":"None_3","Votes_3":"24","Name_4":null,"Party_4":null,"Votes_4":"0","Name_5":null,"Party_5":null,"Votes_5":"0","Name_6":null,"Party_6":null,"Votes_6":"0","Name_7":null,"Party_7":null,"Votes_7":"0","Votes_total":"124","Pct_1":46.77,"Pct_2":33.87,"Pct_3":19.35,"Pct_4":0,"Pct_5":0,"Pct_6":0,"Pct_7":0,"Margin":12.9}},
{"type":"Feature","geometry":{"type":"Polygon","coordinates":[[[-122.10877913299092,47.98897136108016],[-122.10881267756018,47.98534686224223],[-122.10341483133698,47.985335515099116],[-122.1039978911787,47.988949491157705],[-122.10461526053113,47.992564196527866],[-122.11406235459064,47.992621835584785],[-122.11587416542055,47.99355846328711],[-122.11829986173015,47.99365690817712],[-122.11915528575238,47.99265950098226],[-122.121816127736,47.99266818165569],[-122.12187732163346,47.99246048902963],[-122.12195702412544,47.98902438497145],[-122.10877913299092,47.98897136108016]]]},"properties":{"COUNTY":"Snohomish","PRECCODE":13951718,"PRECNAME":"Lake Stevens 18","PRECINCT":"Snohomish 13951718","DESCRIPTIO":"West LS South (84th Ave SE & 5th, North of Lake Stevens Middle School)","OFFICE":"PUD Commissioner District 1","JURISDICTION":"Public Utility","RACE":"Snohomish County PUD Commissioner District 1","Name_1":"Sid Logan","Party_1":"None_1","Votes_1":"93","Name_2":"Janet St Clair","Party_2":"None_2","Votes_2":"62","Name_3":"Bruce King","Party_3":"None_3","Votes_3":"30","Name_4":null,"Party_4":null,"Votes_4":"0","Name_5":null,"Party_5":null,"Votes_5":"0","Name_6":null,"Party_6":null,"Votes_6":"0","Name_7":null,"Party_7":null,"Votes_7":"0","Votes_total":"185","Pct_1":50.27,"Pct_2":33.51,"Pct_3":16.22,"Pct_4":0,"Pct_5":0,"Pct_6":0,"Pct_7":0,"Margin":16.76}},
{"type":"Feature","geometry":{"type":"Polygon","coordinates":[[[-122.13780595811068,47.98545085312745],[-122.13586115900016,47.98535918540783],[-122.13540350937265,47.98498533089445],[-122.13511108488706,47.98472569635958],[-122.13515265932377,47.9838432211289],[-122.13578824069147,47.983195960788784],[-122.13573270788768,47.98291684214125],[-122.13493137364692,47.9823747575391],[-122.13452773728753,47.98225921524927],[-122.13319302552489,47.98224634235296],[-122.13297160531086,47.98326597592347],[-122.13044954440477,47.98323551199679],[-122.13043419778462,47.98254295263993],[-122.1298021742948,47.98231722198802],[-122.12777130405115,47.98230958855193],[-122.12677126640796,47.98224787740872],[-122.124594020653,47.982245352192685],[-122.1245848642102,47.985391923434996],[-122.12452377241988,47.989034314809565],[-122.12195702412544,47.98902438497145],[-122.12187732163346,47.99246048902963],[-122.121816127736,47.99266818165569],[-122.125020271314,47.99267856278768],[-122.12529469392693,47.99276989022498],[-122.1308256382765,47.98898234920082],[-122.13443690439303,47.989070965800224],[-122.13586812891397,47.98727562540332],[-122.13756790474848,47.985929950337365],[-122.13782017541885,47.98558932392126],[-122.13780595811068,47.98545085312745]]]},"properties":{"COUNTY":"Snohomish","PRECCODE":13951719,"PRECNAME":"Lake Stevens 19","PRECINCT":"Snohomish 13951719","DESCRIPTIO":"Cavalero Hills Northwest (Mystic Ridge, Sonterra, Cavalero Ridge North)","OFFICE":"PUD Commissioner District 1","JURISDICTION":"Public Utility","RACE":"Snohomish County PUD Commissioner District 1","Name_1":"Sid Logan","Party_1":"None_1","Votes_1":"143","Name_2":"Janet St Clair","Party_2":"None_2","Votes_2":"65","Name_3":"Bruce King","Party_3":"None_3","Votes_3":"30","Name_4":"Write-In","Party_4":"None_4","Votes_4":"1","Name_5":null,"Party_5":null,"Votes_5":"0","Name_6":null,"Party_6":null,"Votes_6":"0","Name_7":null,"Party_7":null,"Votes_7":"0","Votes_total":"239","Pct_1":59.83,"Pct_2":27.2,"Pct_3":12.55,"Pct_4":0.42,"Pct_5":0,"Pct_6":0,"Pct_7":0,"Margin":32.63}},
{"type":"Feature","geometry":{"type":"Polygon","coordinates":[[[-122.10887964023266,47.9816701521723],[-122.11415376415974,47.981709610093276],[-122.11418787177821,47.97806144679373],[-122.10275672589066,47.97806156982727],[-122.10327255421343,47.98442801872379],[-122.10341483133698,47.985335515099116],[-122.10883616275731,47.985346943623476],[-122.10887964023266,47.9816701521723]]]},"properties":{"COUNTY":"Snohomish","PRECCODE":13951720,"PRECNAME":"Lake Stevens 20","PRECINCT":"Snohomish 13951720","DESCRIPTIO":"Cavalero Hills East (Hewitt Hills, 90th Dr SE & 17th, Forest Vista Estates)","OFFICE":"PUD Commissioner District 1","JURISDICTION":"Public Utility","RACE":"Snohomish County PUD Commissioner District 1","Name_1":"Sid Logan","Party_1":"None_1","Votes_1":"99","Name_2":"Janet St Clair","Party_2":"None_2","Votes_2":"65","Name_3":"Bruce King","Party_3":"None_3","Votes_3":"41","Name_4":"Write-In","Party_4":"None_4","Votes_4":"1","Name_5":null,"Party_5":null,"Votes_5":"0","Name_6":null,"Party_6":null,"Votes_6":"0","Name_7":null,"Party_7":null,"Votes_7":"0","Votes_total":"206","Pct_1":48.06,"Pct_2":31.55,"Pct_3":19.9,"Pct_4":0.49,"Pct_5":0,"Pct_6":0,"Pct_7":0,"Margin":16.51}},
{"type":"Feature","geometry":{"type":"Polygon","coordinates":[[[-122.13515649044531,47.974554973694026],[-122.13501617839324,47.97593458194054],[-122.12978660741139,47.97620455304664],[-122.12981076959886,47.97450273491324],[-122.12467661868527,47.97452163416675],[-122.12474701555958,47.97096678248148],[-122.11963308061412,47.970942990488695],[-122.11954348238072,47.97449925058514],[-122.10896247881509,47.97441934089682],[-122.10896829443267,47.97357986005568],[-122.10384268144722,47.97356800046655],[-122.10280455601719,47.97325657434409],[-122.1023632263176,47.97062352054763],[-122.10275672589066,47.97806156982727],[-122.11418787177821,47.97806144679373],[-122.11415376415974,47.981709610093276],[-122.10887964023266,47.9816701521723],[-122.10884700895174,47.98444229076851],[-122.11411764016994,47.98445300362867],[-122.1141865475441,47.985358565886024],[-122.11474322778666,47.985347202951914],[-122.11938533133532,47.98537061135051],[-122.11943025916767,47.978132200415104],[-122.12983298496749,47.97803246719647],[-122.13689158232641,47.97814526647556],[-122.13515649044531,47.974554973694026]]]},"properties":{"COUNTY":"Snohomish","PRECCODE":13951721,"PRECNAME":"Lake Stevens 21","PRECINCT":"Snohomish 13951721","DESCRIPTIO":"Cavalero Hills Southwest (Cavalero Hill Park, Frontier Manor Senior MHP, 85th Ave SE & 14th Pl)","OFFICE":"PUD Commissioner District 1","JURISDICTION":"Public Utility","RACE":"Snohomish County PUD Commissioner District 1","Name_1":"Sid Logan","Party_1":"None_1","Votes_1":"143","Name_2":"Janet St Clair","Party_2":"None_2","Votes_2":"73","Name_3":"Bruce King","Party_3":"None_3","Votes_3":"45","Name_4":null,"Party_4":null,"Votes_4":"0","Name_5":null,"Party_5":null,"Votes_5":"0","Name_6":null,"Party_6":null,"Votes_6":"0","Name_7":null,"Party_7":null,"Votes_7":"0","Votes_total":"261","Pct_1":54.79,"Pct_2":27.97,"Pct_3":17.24,"Pct_4":0,"Pct_5":0,"Pct_6":0,"Pct_7":0,"Margin":26.82}},
{"type":"Feature","geometry":{"type":"Polygon","coordinates":[[[-122.10461526053113,47.992564196527866],[-122.09832155462885,47.99252856706289],[-122.0897393897465,47.99291018351067],[-122.08690200690967,47.993032151842854],[-122.08672884853087,47.993029161652444],[-122.08735489896272,47.99656562454919],[-122.09951923519007,47.99631454069695],[-122.10041350867387,47.99650960884464],[-122.10353808210657,47.99767730235406],[-122.105507654299,47.997867352683],[-122.10461526053113,47.992564196527866]]]},"properties":{"COUNTY":"Snohomish","PRECCODE":13951722,"PRECNAME":"Lake Stevens 22","PRECINCT":"Snohomish 13951722","DESCRIPTIO":"Chapel Hill Center (Chapel Hill Fire Station, Davies Beach Boat Launch, Quilceda Point Townhomes)","OFFICE":"PUD Commissioner District 1","JURISDICTION":"Public Utility","RACE":"Snohomish County PUD Commissioner District 1","Name_1":"Janet St Clair","Party_1":"None_2","Votes_1":"91","Name_2":"Sid Logan","Party_2":"None_1","Votes_2":"85","Name_3":"Bruce King","Party_3":"None_3","Votes_3":"45","Name_4":"Write-In","Party_4":"None_4","Votes_4":"1","Name_5":null,"Party_5":null,"Votes_5":"0","Name_6":null,"Party_6":null,"Votes_6":"0","Name_7":null,"Party_7":null,"Votes_7":"0","Votes_total":"222","Pct_1":40.99,"Pct_2":38.29,"Pct_3":20.27,"Pct_4":0.45,"Pct_5":0,"Pct_6":0,"Pct_7":0,"Margin":2.7}},
{"type":"Feature","geometry":{"type":"Polygon","coordinates":[[[-122.09832155462885,47.99252856706289],[-122.10461526053113,47.992564196527866],[-122.1039978911787,47.988949491157705],[-122.10327255421343,47.98442801872379],[-122.10275672589066,47.97806156982727],[-122.09847481124855,47.97810737680504],[-122.09836096096969,47.98577825156073],[-122.09832155462885,47.99252856706289]]]},"properties":{"COUNTY":"Snohomish","PRECCODE":13951723,"PRECNAME":"Lake Stevens 23","PRECINCT":"Snohomish 13951723","DESCRIPTIO":"Chapel Hill Southwest (Inglewood Estates, Inglewood Forest, Maple Rock)","OFFICE":"PUD Commissioner District 1","JURISDICTION":"Public Utility","RACE":"Snohomish County PUD Commissioner District 1","Name_1":"Sid Logan","Party_1":"None_1","Votes_1":"100","Name_2":"Janet St Clair","Party_2":"None_2","Votes_2":"63","Name_3":"Bruce King","Party_3":"None_3","Votes_3":"32","Name_4":"Write-In","Party_4":"None_4","Votes_4":"2","Name_5":null,"Party_5":null,"Votes_5":"0","Name_6":null,"Party_6":null,"Votes_6":"0","Name_7":null,"Party_7":null,"Votes_7":"0","Votes_total":"197","Pct_1":50.76,"Pct_2":31.98,"Pct_3":16.24,"Pct_4":1.02,"Pct_5":0,"Pct_6":0,"Pct_7":0,"Margin":18.78}},
{"type":"Feature","geometry":{"type":"Polygon","coordinates":[[[-122.09303151866406,47.97818935651622],[-122.08896822418362,47.978185864974414],[-122.0887443136274,47.97991835839956],[-122.08984811810117,47.979922965563226],[-122.08949033945508,47.98265148432359],[-122.08996260681255,47.98365316495943],[-122.09032677380779,47.984098741122054],[-122.09377592821713,47.9844401199922],[-122.09397315557419,47.98446927623936],[-122.09400379442705,47.984510779163735],[-122.09395985973346,47.984628391281234],[-122.0943682130832,47.98541211474771],[-122.09553651215917,47.985841334795936],[-122.09549611758072,47.98716920396299],[-122.09835158825184,47.9871269866455],[-122.09836096096969,47.98577825156073],[-122.09847481124855,47.97810737680504],[-122.09303151866406,47.97818935651622]]]},"properties":{"COUNTY":"Snohomish","PRECCODE":13951724,"PRECNAME":"Lake Stevens 24","PRECINCT":"Snohomish 13951724","DESCRIPTIO":"Chapel Hill Far South (The Grove at Lake Stevens, Park on 20th Apartments)","OFFICE":"PUD Commissioner District 1","JURISDICTION":"Public Utility","RACE":"Snohomish County PUD Commissioner District 1","Name_1":"Sid Logan","Party_1":"None_1","Votes_1":"70","Name_2":"Janet St Clair","Party_2":"None_2","Votes_2":"53","Name_3":"Bruce King","Party_3":"None_3","Votes_3":"21","Name_4":null,"Party_4":null,"Votes_4":"0","Name_5":null,"Party_5":null,"Votes_5":"0","Name_6":null,"Party_6":null,"Votes_6":"0","Name_7":null,"Party_7":null,"Votes_7":"0","Votes_total":"144","Pct_1":48.61,"Pct_2":36.81,"Pct_3":14.58,"Pct_4":0,"Pct_5":0,"Pct_6":0,"Pct_7":0,"Margin":11.8}},
{"type":"Feature","geometry":{"type":"Polygon","coordinates":[[[-122.1023632263176,47.97062352054763],[-122.1011562839012,47.97062582814721],[-122.10115449708957,47.97090662413126],[-122.08775391938535,47.970884286515144],[-122.08759503745578,47.97817384193114],[-122.09303151866406,47.97818935651622],[-122.09847481124855,47.97810737680504],[-122.10275672589066,47.97806156982727],[-122.1023632263176,47.97062352054763]]]},"properties":{"COUNTY":"Snohomish","PRECCODE":13951726,"PRECNAME":"Lake Stevens 26","PRECINCT":"Snohomish 13951726","DESCRIPTIO":"Cavalero Hills Southeast (Glenwood Elementary School, Pasadera, Daysala)","OFFICE":"PUD Commissioner District 1","JURISDICTION":"Public Utility","RACE":"Snohomish County PUD Commissioner District 1","Name_1":"Sid Logan","Party_1":"None_1","Votes_1":"105","Name_2":"Janet St Clair","Party_2":"None_2","Votes_2":"72","Name_3":"Bruce King","Party_3":"None_3","Votes_3":"41","Name_4":null,"Party_4":null,"Votes_4":"0","Name_5":null,"Party_5":null,"Votes_5":"0","Name_6":null,"Party_6":null,"Votes_6":"0","Name_7":null,"Party_7":null,"Votes_7":"0","Votes_total":"218","Pct_1":48.17,"Pct_2":33.03,"Pct_3":18.81,"Pct_4":0,"Pct_5":0,"Pct_6":0,"Pct_7":0,"Margin":15.14}},
{"type":"Feature","geometry":{"type":"Polygon","coordinates":[[[-122.11926466227906,48.01625528482161],[-122.11533002582544,48.016013057497325],[-122.11612257743863,48.01732406059979],[-122.11539360033207,48.017626379114745],[-122.11555551615807,48.01830017389649],[-122.11363688383327,48.01920451750768],[-122.11550788678521,48.02051286610855],[-122.11580620572794,48.021020742606744],[-122.11586227408317,48.02126900875968],[-122.11588021138432,48.021673546814],[-122.12249792551303,48.021765001138256],[-122.12243677045309,48.01792488218061],[-122.12175925520712,48.01791861445925],[-122.12174393569012,48.017018196833405],[-122.12562653820122,48.01705342752949],[-122.1255933264238,48.01433883526644],[-122.12439524211175,48.01432791012259],[-122.1243287200876,48.01072783821006],[-122.1223239390855,48.01072554284871],[-122.11904276847508,48.010702400365176],[-122.11918163141502,48.013017477292514],[-122.11926466227906,48.01625528482161]]]},"properties":{"COUNTY":"Snohomish","PRECCODE":13951727,"PRECNAME":"Lake Stevens 27","PRECINCT":"Snohomish 13951727","DESCRIPTIO":"Crosswater West (Crosswood Park No. 2, Soperwood, The Village Condos)","OFFICE":"PUD Commissioner District 1","JURISDICTION":"Public Utility","RACE":"Snohomish County PUD Commissioner District 1","Name_1":"Janet St Clair","Party_1":"None_2","Votes_1":"97","Name_2":"Sid Logan","Party_2":"None_1","Votes_2":"96","Name_3":"Bruce King","Party_3":"None_3","Votes_3":"24","Name_4":"Write-In","Party_4":"None_4","Votes_4":"1","Name_5":null,"Party_5":null,"Votes_5":"0","Name_6":null,"Party_6":null,"Votes_6":"0","Name_7":null,"Party_7":null,"Votes_7":"0","Votes_total":"218","Pct_1":44.5,"Pct_2":44.04,"Pct_3":11.01,"Pct_4":0.46,"Pct_5":0,"Pct_6":0,"Pct_7":0,"Margin":0.46}},
{"type":"Feature","geometry":{"type":"Polygon","coordinates":[[[-122.11474322778666,47.985347202951914],[-122.1141865475441,47.985358565886024],[-122.11411764016994,47.98445300362867],[-122.10884700895174,47.98444229076851],[-122.10883616275731,47.985346943623476],[-122.10881267756018,47.98534686224223],[-122.10877913299092,47.98897136108016],[-122.11927328243067,47.989011168444705],[-122.11938533133532,47.98537061135051],[-122.11474322778666,47.985347202951914]]]},"properties":{"COUNTY":"Snohomish","PRECCODE":13951757,"PRECNAME":"Lake Stevens 28","PRECINCT":"Snohomish 13951757","DESCRIPTIO":"West LS Southeast (Lake Country Baptist Church, Amber Skyline)","OFFICE":"PUD Commissioner District 1","JURISDICTION":"Public Utility","RACE":"Snohomish County PUD Commissioner District 1","Name_1":"Sid Logan","Party_1":"None_1","Votes_1":"56","Name_2":"Bruce King","Party_2":"None_3","Votes_2":"27","Name_3":"Janet St Clair","Party_3":"None_2","Votes_3":"22","Name_4":null,"Party_4":null,"Votes_4":"0","Name_5":null,"Party_5":null,"Votes_5":"0","Name_6":null,"Party_6":null,"Votes_6":"0","Name_7":null,"Party_7":null,"Votes_7":"0","Votes_total":"105","Pct_1":53.33,"Pct_2":25.71,"Pct_3":20.95,"Pct_4":0,"Pct_5":0,"Pct_6":0,"Pct_7":0,"Margin":27.62}},
{"type":"Feature","geometry":{"type":"Polygon","coordinates":[[[-122.124594020653,47.982245352192685],[-122.12677126640796,47.98224787740872],[-122.12777130405115,47.98230958855193],[-122.1298021742948,47.98231722198802],[-122.13043419778462,47.98254295263993],[-122.13044954440477,47.98323551199679],[-122.13297160531086,47.98326597592347],[-122.13319302552489,47.98224634235296],[-122.13452773728753,47.98225921524927],[-122.13493137364692,47.9823747575391],[-122.13573270788768,47.98291684214125],[-122.13578824069147,47.983195960788784],[-122.13515265932377,47.9838432211289],[-122.13511108488706,47.98472569635958],[-122.13540350937265,47.98498533089445],[-122.13715017586644,47.981980593857784],[-122.13653344955786,47.97863866524231],[-122.13689158232641,47.97814526647556],[-122.12983298496749,47.97803246719647],[-122.12460635340423,47.97808213705284],[-122.124594020653,47.982245352192685]]]},"properties":{"COUNTY":"Snohomish","PRECCODE":13951774,"PRECNAME":"Lake Stevens 29","PRECINCT":"Snohomish 13951774","DESCRIPTIO":"Cavalero Hills West (Stonebriar, East Everett, Cavalero Ridge South)","OFFICE":"PUD Commissioner District 1","JURISDICTION":"Public Utility","RACE":"Snohomish County PUD Commissioner District 1","Name_1":"Sid Logan","Party_1":"None_1","Votes_1":"98","Name_2":"Janet St Clair","Party_2":"None_2","Votes_2":"81","Name_3":"Bruce King","Party_3":"None_3","Votes_3":"30","Name_4":"Write-In","Party_4":"None_4","Votes_4":"1","Name_5":null,"Party_5":null,"Votes_5":"0","Name_6":null,"Party_6":null,"Votes_6":"0","Name_7":null,"Party_7":null,"Votes_7":"0","Votes_total":"210","Pct_1":46.67,"Pct_2":38.57,"Pct_3":14.29,"Pct_4":0.48,"Pct_5":0,"Pct_6":0,"Pct_7":0,"Margin":8.1}},
{"type":"Feature","geometry":{"type":"Polygon","coordinates":[[[-122.08996260681255,47.98365316495943],[-122.08998802295784,47.990097312442074],[-122.08938397334425,47.991270214654236],[-122.08821143051455,47.99228791527265],[-122.08792622429529,47.992695705537606],[-122.08777877584924,47.992994457940604],[-122.09832155316111,47.992528944882274],[-122.09835158825184,47.9871269866455],[-122.09549611758072,47.98716920396299],[-122.09553651215917,47.985841334795936],[-122.0943682130832,47.98541211474771],[-122.09395985973346,47.984628391281234],[-122.09400379442705,47.984510779163735],[-122.09397315557419,47.98446927623936],[-122.09377592821713,47.9844401199922],[-122.09032677380779,47.984098741122054],[-122.08996260681255,47.98365316495943]]]},"properties":{"COUNTY":"Snohomish","PRECCODE":13951796,"PRECNAME":"Lake Stevens 30","PRECINCT":"Snohomish 13951796","DESCRIPTIO":"Chapel Hill South (Cedarwood, 103rd Dr SE & 12th Pl)","OFFICE":"PUD Commissioner District 1","JURISDICTION":"Public Utility","RACE":"Snohomish County PUD Commissioner District 1","Name_1":"Sid Logan","Party_1":"None_1","Votes_1":"111","Name_2":"Janet St Clair","Party_2":"None_2","Votes_2":"70","Name_3":"Bruce King","Party_3":"None_3","Votes_3":"24","Name_4":null,"Party_4":null,"Votes_4":"0","Name_5":null,"Party_5":null,"Votes_5":"0","Name_6":null,"Party_6":null,"Votes_6":"0","Name_7":null,"Party_7":null,"Votes_7":"0","Votes_total":"205","Pct_1":54.15,"Pct_2":34.15,"Pct_3":11.71,"Pct_4":0,"Pct_5":0,"Pct_6":0,"Pct_7":0,"Margin":20}},
{"type":"Feature","geometry":{"type":"Polygon","coordinates":[[[-122.11910417262594,48.00094370117347],[-122.1230490157044,48.001352303722925],[-122.12300329481398,48.00352945507566],[-122.12230157992568,48.003528177516166],[-122.12420182282845,48.00475311479995],[-122.12439153352761,48.00010544625781],[-122.12498557188388,47.9972529481114],[-122.12592107253096,47.995846575356126],[-122.12443285711207,47.99583472717549],[-122.12446009540042,47.99337023545049],[-122.12540837128611,47.99284426545008],[-122.125020271314,47.99267856278768],[-122.12496410208692,47.992678338409696],[-122.12297795064545,47.9940280692519],[-122.12178762940623,47.99481472417877],[-122.11895716859593,47.99678220276657],[-122.11704510974727,47.998043773226065],[-122.1126490802267,48.00020811026518],[-122.11328640747531,48.000662730296966],[-122.11332478849366,48.00068663509786],[-122.11526894051993,47.999928660454046],[-122.11910300184105,48.000896675851884],[-122.11910417262594,48.00094370117347]]]},"properties":{"COUNTY":"Snohomish","PRECCODE":13951854,"PRECNAME":"Lake Stevens 35","PRECINCT":"Snohomish 13951854","DESCRIPTIO":"West LS Far West (81st Ave NE & 3rd, Soundview Estates, Chelsea Court)","OFFICE":"PUD Commissioner District 1","JURISDICTION":"Public Utility","RACE":"Snohomish County PUD Commissioner District 1","Name_1":"Sid Logan","Party_1":"None_1","Votes_1":"80","Name_2":"Janet St Clair","Party_2":"None_2","Votes_2":"43","Name_3":"Bruce King","Party_3":"None_3","Votes_3":"28","Name_4":null,"Party_4":null,"Votes_4":"0","Name_5":null,"Party_5":null,"Votes_5":"0","Name_6":null,"Party_6":null,"Votes_6":"0","Name_7":null,"Party_7":null,"Votes_7":"0","Votes_total":"151","Pct_1":52.98,"Pct_2":28.48,"Pct_3":18.54,"Pct_4":0,"Pct_5":0,"Pct_6":0,"Pct_7":0,"Margin":24.5}},
{"type":"Feature","geometry":{"type":"Polygon","coordinates":[[[-122.11927328243067,47.989011168444705],[-122.12452377241988,47.989034314809565],[-122.1245848642102,47.985391923434996],[-122.12460635340423,47.97808213705284],[-122.11943025916767,47.978132200415104],[-122.11938533133532,47.98537061135051],[-122.11927328243067,47.989011168444705]]]},"properties":{"COUNTY":"Snohomish","PRECCODE":13951855,"PRECNAME":"Lake Stevens 36","PRECINCT":"Snohomish 13951855","DESCRIPTIO":"West LS Far South (Taylor's Court, Trestle Station, Fairview Terrace)","OFFICE":"PUD Commissioner District 1","JURISDICTION":"Public Utility","RACE":"Snohomish County PUD Commissioner District 1","Name_1":"Sid Logan","Party_1":"None_1","Votes_1":"90","Name_2":"Janet St Clair","Party_2":"None_2","Votes_2":"53","Name_3":"Bruce King","Party_3":"None_3","Votes_3":"36","Name_4":null,"Party_4":null,"Votes_4":"0","Name_5":null,"Party_5":null,"Votes_5":"0","Name_6":null,"Party_6":null,"Votes_6":"0","Name_7":null,"Party_7":null,"Votes_7":"0","Votes_total":"179","Pct_1":50.28,"Pct_2":29.61,"Pct_3":20.11,"Pct_4":0,"Pct_5":0,"Pct_6":0,"Pct_7":0,"Margin":20.67}},
{"type":"Feature","geometry":{"type":"Polygon","coordinates":[[[-122.17411059369171,47.94365766471945],[-122.17187383060512,47.941865818695256],[-122.16858394522193,47.94341214819936],[-122.16609606400834,47.944079717987435],[-122.16441583809751,47.94550847549871],[-122.16326131028515,47.945384367175755],[-122.16119090236049,47.946045865431785],[-122.16047751943543,47.946652881908776],[-122.15968626175592,47.95046864964135],[-122.15699470506419,47.950611257139805],[-122.15455303865073,47.95210812360275],[-122.15040040553247,47.95195759291576],[-122.14730412192041,47.95241916316029],[-122.14586581577458,47.95285737877291],[-122.1436407764035,47.954664520671436],[-122.1388861637353,47.95514910102897],[-122.13500261335982,47.956979243613645],[-122.13120228320865,47.961524754828545],[-122.13081000729923,47.96226143188724],[-122.13121625976439,47.96372721073644],[-122.1265010728538,47.9637651050569],[-122.13155111119836,47.96805812716145],[-122.13519352918495,47.972601444632886],[-122.13515649044531,47.974554973694026],[-122.13689158232641,47.97814526647556],[-122.14429844669431,47.97822203007854],[-122.16659990238746,47.978243065070366],[-122.16580754721514,47.97776884066513],[-122.16736255505336,47.97824559372773],[-122.18184562137868,47.97853172054398],[-122.1858996826665,47.975879238724865],[-122.18666874929195,47.97366950482049],[-122.1877379899129,47.973638235819706],[-122.18856213047405,47.96749028003265],[-122.18882799470133,47.965952388843654],[-122.18883685115946,47.96547288999647],[-122.18880027456377,47.96499281497512],[-122.1885061459065,47.963822923159164],[-122.18667923262453,47.95995824804683],[-122.18772704065826,47.95669600985035],[-122.19114433650182,47.950996211727194],[-122.19153200978579,47.94883857841431],[-122.19089873889139,47.948191040890535],[-122.19028691131713,47.948068310770886],[-122.19025304347049,47.94808019302998],[-122.18482726623742,47.94808539447257],[-122.18064794565855,47.9478816974806],[-122.17790843625146,47.94715440079896],[-122.17411059369171,47.94365766471945]]]},"properties":{"COUNTY":"Snohomish","PRECCODE":13954018,"PRECNAME":"Welangdon","PRECINCT":"Snohomish 13954018","DESCRIPTIO":"Lake Stevens Rural Southwest (Ebey Island South)","OFFICE":"PUD Commissioner District 1","JURISDICTION":"Public Utility","RACE":"Snohomish County PUD Commissioner District 1","Name_1":"Sid Logan","Party_1":"None_1","Votes_1":"7","Name_2":"Bruce King","Party_2":"None_3","Votes_2":"3","Name_3":null,"Party_3":null,"Votes_3":"0","Name_4":null,"Party_4":null,"Votes_4":"0","Name_5":null,"Party_5":null,"Votes_5":"0","Name_6":null,"Party_6":null,"Votes_6":"0","Name_7":null,"Party_7":null,"Votes_7":"0","Votes_total":"10","Pct_1":70,"Pct_2":30,"Pct_3":0,"Pct_4":0,"Pct_5":0,"Pct_6":0,"Pct_7":0,"Margin":40}},
{"type":"Feature","geometry":{"type":"Polygon","coordinates":[[[-122.12958622033173,48.019873480685135],[-122.12955055163462,48.00714067978608],[-122.14024400183669,48.007177983664775],[-122.14403173073592,48.0072661866119],[-122.14515730440922,48.00730378141424],[-122.14506397079484,48.00712791795386],[-122.13895452205118,48.00425303869232],[-122.1381092920439,48.00283701126993],[-122.13715819115461,47.996335718958036],[-122.13768226425141,47.99573632928937],[-122.13993807937244,47.99486582420947],[-122.13900735763626,47.990345601537605],[-122.13999978512072,47.98812165806657],[-122.1419321734803,47.98693297633321],[-122.14413317633134,47.98629434770773],[-122.14539351423187,47.98518363326372],[-122.14566754039059,47.98359144683395],[-122.14407197412665,47.980341040272904],[-122.14429844669431,47.97822203007854],[-122.13689158232641,47.97814526647556],[-122.13653344955786,47.97863866524231],[-122.13715017586644,47.981980593857784],[-122.13540350937265,47.98498533089445],[-122.13586115900016,47.98535918540783],[-122.13780595811068,47.98545085312745],[-122.13782017541885,47.98558932392126],[-122.13756790474848,47.985929950337365],[-122.13586812891397,47.98727562540332],[-122.13443690439303,47.989070965800224],[-122.1308256382765,47.98898234920082],[-122.12529469392693,47.99276989022498],[-122.12540837128611,47.99284426545008],[-122.12446009540042,47.99337023545049],[-122.12443285711207,47.99583472717549],[-122.12592107253096,47.995846575356126],[-122.12498557188388,47.9972529481114],[-122.12439153352761,48.00010544625781],[-122.12420182282845,48.00475311479995],[-122.12230157992568,48.003528177516166],[-122.12300329481398,48.00352945507566],[-122.1230490157044,48.001352303722925],[-122.11910417262594,48.00094370117347],[-122.11907046939166,48.00285133367769],[-122.11894661657746,48.00712785047027],[-122.12424858237965,48.00713434497465],[-122.1242857175221,48.00894659053374],[-122.11899799541943,48.00892476983276],[-122.11904889796233,48.01070241709971],[-122.1223239390855,48.01072554284871],[-122.1243287200876,48.01072783821006],[-122.12439524211175,48.01432791012259],[-122.1255933264238,48.01433883526644],[-122.12562653820122,48.01705342752949],[-122.12174393569012,48.017018196833405],[-122.12175925520712,48.01791861445925],[-122.12243677045309,48.01792488218061],[-122.12248994182288,48.02158850277059],[-122.12457855064103,48.021596197122896],[-122.12481392060704,48.021570242124675],[-122.12958622033173,48.019873480685135]]]},"properties":{"COUNTY":"Snohomish","PRECCODE":13954198,"PRECNAME":"Ville","PRECINCT":"Snohomish 13954198","DESCRIPTIO":"Lake Stevens Rural West (Valtera View, Sunnyside Boulevard South)","OFFICE":"PUD Commissioner District 1","JURISDICTION":"Public Utility","RACE":"Snohomish County PUD Commissioner District 1","Name_1":"Sid Logan","Party_1":"None_1","Votes_1":"60","Name_2":"Janet St Clair","Party_2":"None_2","Votes_2":"41","Name_3":"Bruce King","Party_3":"None_3","Votes_3":"23","Name_4":"Write-In","Party_4":"None_4","Votes_4":"2","Name_5":null,"Party_5":null,"Votes_5":"0","Name_6":null,"Party_6":null,"Votes_6":"0","Name_7":null,"Party_7":null,"Votes_7":"0","Votes_total":"126","Pct_1":47.62,"Pct_2":32.54,"Pct_3":18.25,"Pct_4":1.59,"Pct_5":0,"Pct_6":0,"Pct_7":0,"Margin":15.08}},
{"type":"Feature","geometry":{"type":"Polygon","coordinates":[[[-122.11963308061412,47.970942990488695],[-122.10894614252233,47.97096657983149],[-122.10906255976329,47.96373337760584],[-122.10200719127666,47.96368851017325],[-122.1023632263176,47.97062352054763],[-122.10280455601719,47.97325657434409],[-122.10384268144722,47.97356800046655],[-122.10896829443267,47.97357986005568],[-122.10896247881509,47.97441934089682],[-122.11954348238072,47.97449925058514],[-122.11963308061412,47.970942990488695]]]},"properties":{"COUNTY":"Snohomish","PRECCODE":13954532,"PRECNAME":"Hillside","PRECINCT":"Snohomish 13954532","DESCRIPTIO":"Cavalero West (Lantz Cellars, 95th Drive)","OFFICE":"PUD Commissioner District 1","JURISDICTION":"Public Utility","RACE":"Snohomish County PUD Commissioner District 1","Name_1":"Sid Logan","Party_1":"None_1","Votes_1":"40","Name_2":"Bruce King","Party_2":"None_3","Votes_2":"14","Name_3":"Janet St Clair","Party_3":"None_2","Votes_3":"10","Name_4":null,"Party_4":null,"Votes_4":"0","Name_5":null,"Party_5":null,"Votes_5":"0","Name_6":null,"Party_6":null,"Votes_6":"0","Name_7":null,"Party_7":null,"Votes_7":"0","Votes_total":"64","Pct_1":62.5,"Pct_2":21.88,"Pct_3":15.62,"Pct_4":0,"Pct_5":0,"Pct_6":0,"Pct_7":0,"Margin":40.62}},
{"type":"Feature","geometry":{"type":"Polygon","coordinates":[[[-122.11904730944498,48.003521017638],[-122.11910300184105,48.000896675851884],[-122.11526894051993,47.999928660454046],[-122.11332478849366,48.00068663509786],[-122.11401020424513,48.001123664595525],[-122.11639256950205,48.00226246896606],[-122.1168016647825,48.001991572585965],[-122.11728516879124,48.00260994910902],[-122.11732537984479,48.00296048071025],[-122.11669292044274,48.00296959165075],[-122.117086961575,48.00350751033232],[-122.11904730944498,48.003521017638]]]},"properties":{"COUNTY":"Snohomish","PRECCODE":13954698,"PRECNAME":"Glen Acres","PRECINCT":"Snohomish 13954698","DESCRIPTIO":"Unincorporated W. Lake Stevens (Vernon Road & Lundeen Park Way, 84th Drive Townhome Apartments)","OFFICE":"PUD Commissioner District 1","JURISDICTION":"Public Utility","RACE":"Snohomish County PUD Commissioner District 1","Name_1":"Sid Logan","Party_1":"None_1","Votes_1":"4","Name_2":"Janet St Clair","Party_2":"None_2","Votes_2":"2","Name_3":"Bruce King","Party_3":"None_3","Votes_3":"1","Name_4":null,"Party_4":null,"Votes_4":"0","Name_5":null,"Party_5":null,"Votes_5":"0","Name_6":null,"Party_6":null,"Votes_6":"0","Name_7":null,"Party_7":null,"Votes_7":"0","Votes_total":"7","Pct_1":57.14,"Pct_2":28.57,"Pct_3":14.29,"Pct_4":0,"Pct_5":0,"Pct_6":0,"Pct_7":0,"Margin":28.57}},
{"type":"Feature","geometry":{"type":"Polygon","coordinates":[[[-122.36674095659743,48.238612164093595],[-122.36603972215393,48.239225250099636],[-122.36508453817346,48.237025812475764],[-122.36546840083967,48.23570419851038],[-122.36145706049948,48.23563444783753],[-122.36144717111452,48.23506016556279],[-122.35798869534467,48.23545739777989],[-122.35762352302511,48.235715156835354],[-122.35671519208073,48.23615317748451],[-122.35722429318588,48.23666113469439],[-122.35725045708429,48.23946456381444],[-122.34737137517573,48.23958138669449],[-122.34865566633111,48.24111645471246],[-122.34793197742157,48.241386444654445],[-122.34896109057857,48.242600387631846],[-122.34794965251604,48.24329211923328],[-122.34746178075643,48.24390447402015],[-122.35171963781485,48.250370102143634],[-122.35206956670224,48.25036840353085],[-122.35205834847513,48.24670693993983],[-122.37516669100903,48.246893859490676],[-122.37437824295398,48.244317830261636],[-122.37532000055153,48.24112641076839],[-122.37986398635472,48.24143889811513],[-122.38330352647539,48.240702475983795],[-122.3797981,48.2386521],[-122.37736355823857,48.238585689326676],[-122.37200840545759,48.240246059503576],[-122.37048516833684,48.24033555344584],[-122.36771669962926,48.2396492966438],[-122.36674095659743,48.238612164093595]]]},"properties":{"COUNTY":"Snohomish","PRECCODE":21011199,"PRECNAME":"Stanwood 1","PRECINCT":"Snohomish 21011199","DESCRIPTIO":"Stanwood Far West (Downtown, Stanwood Station, Heritage Park Condos)","OFFICE":"PUD Commissioner District 1","JURISDICTION":"Public Utility","RACE":"Snohomish County PUD Commissioner District 1","Name_1":"Sid Logan","Party_1":"None_1","Votes_1":"60","Name_2":"Janet St Clair","Party_2":"None_2","Votes_2":"47","Name_3":"Bruce King","Party_3":"None_3","Votes_3":"25","Name_4":"Write-In","Party_4":"None_4","Votes_4":"1","Name_5":null,"Party_5":null,"Votes_5":"0","Name_6":null,"Party_6":null,"Votes_6":"0","Name_7":null,"Party_7":null,"Votes_7":"0","Votes_total":"133","Pct_1":45.11,"Pct_2":35.34,"Pct_3":18.8,"Pct_4":0.75,"Pct_5":0,"Pct_6":0,"Pct_7":0,"Margin":9.77}},
{"type":"Feature","geometry":{"type":"Polygon","coordinates":[[[-122.34724401056208,48.24350491953564],[-122.34855018417947,48.24288151720746],[-122.34896109057857,48.242600387631846],[-122.34793197742157,48.241386444654445],[-122.34865566633111,48.24111645471246],[-122.34762025473903,48.2398790301223],[-122.33573270985111,48.239846448413466],[-122.33158677674368,48.2397926305151],[-122.33103272096605,48.239767971269735],[-122.33029651276325,48.239711674048785],[-122.33033330971597,48.24191906903968],[-122.33037382028537,48.2465909813466],[-122.33579605359944,48.24669997369762],[-122.34180714453585,48.24669756657417],[-122.34187380053078,48.244978379114194],[-122.34200825414904,48.24480081800103],[-122.34284057789947,48.24461250868947],[-122.34659926499978,48.243730146892354],[-122.34724401056208,48.24350491953564]]]},"properties":{"COUNTY":"Snohomish","PRECCODE":21011200,"PRECNAME":"Stanwood 2","PRECINCT":"Snohomish 21011200","DESCRIPTIO":"Stanwood Center (St. Cecilia Catholic Church, Lincoln School Senior Apartments)","OFFICE":"PUD Commissioner District 1","JURISDICTION":"Public Utility","RACE":"Snohomish County PUD Commissioner District 1","Name_1":"Sid Logan","Party_1":"None_1","Votes_1":"88","Name_2":"Janet St Clair","Party_2":"None_2","Votes_2":"73","Name_3":"Bruce King","Party_3":"None_3","Votes_3":"31","Name_4":"Write-In","Party_4":"None_4","Votes_4":"1","Name_5":null,"Party_5":null,"Votes_5":"0","Name_6":null,"Party_6":null,"Votes_6":"0","Name_7":null,"Party_7":null,"Votes_7":"0","Votes_total":"193","Pct_1":45.6,"Pct_2":37.82,"Pct_3":16.06,"Pct_4":0.52,"Pct_5":0,"Pct_6":0,"Pct_7":0,"Margin":7.78}},
{"type":"Feature","geometry":{"type":"Polygon","coordinates":[[[-122.34762025473903,48.2398790301223],[-122.34737137517573,48.23958138669449],[-122.3471097955603,48.23958413915022],[-122.34438938111296,48.2365413107085],[-122.34297589767075,48.2352280070907],[-122.34136029222444,48.23401715222729],[-122.33904865871078,48.232596889317435],[-122.33140202230123,48.22969063386802],[-122.33063219430777,48.23061067065765],[-122.33095432694523,48.23223032010794],[-122.33052237338681,48.23214151562851],[-122.33010650993117,48.23211196291069],[-122.33014524750126,48.23291386767002],[-122.33020685338587,48.23631573840866],[-122.33028551100034,48.23871731196957],[-122.33029651276325,48.239711674048785],[-122.33103272096605,48.239767971269735],[-122.33158677674368,48.2397926305151],[-122.33573270985111,48.239846448413466],[-122.34762025473903,48.2398790301223]]]},"properties":{"COUNTY":"Snohomish","PRECCODE":21011509,"PRECNAME":"Stanwood 3","PRECINCT":"Snohomish 21011509","DESCRIPTIO":"Stanwood South (Elk Hill, Norwood Estates Condos, Centerville)","OFFICE":"PUD Commissioner District 1","JURISDICTION":"Public Utility","RACE":"Snohomish County PUD Commissioner District 1","Name_1":"Sid Logan","Party_1":"None_1","Votes_1":"93","Name_2":"Janet St Clair","Party_2":"None_2","Votes_2":"71","Name_3":"Bruce King","Party_3":"None_3","Votes_3":"31","Name_4":"Write-In","Party_4":"None_4","Votes_4":"1","Name_5":null,"Party_5":null,"Votes_5":"0","Name_6":null,"Party_6":null,"Votes_6":"0","Name_7":null,"Party_7":null,"Votes_7":"0","Votes_total":"196","Pct_1":47.45,"Pct_2":36.22,"Pct_3":15.82,"Pct_4":0.51,"Pct_5":0,"Pct_6":0,"Pct_7":0,"Margin":11.23}},
{"type":"Feature","geometry":{"type":"Polygon","coordinates":[[[-122.35171963781485,48.250370102143634],[-122.34746178075643,48.24390447402015],[-122.34794965251604,48.24329211923328],[-122.34855018417947,48.24288151720746],[-122.34724401056208,48.24350491953564],[-122.34659926499978,48.243730146892354],[-122.34284057789947,48.24461250868947],[-122.34200825414904,48.24480081800103],[-122.34187380053078,48.244978379114194],[-122.34180714453585,48.24669756657417],[-122.341290502137,48.24800714460432],[-122.34136086324064,48.25402492175656],[-122.34131847522049,48.256183020709024],[-122.34274376817864,48.25620291584755],[-122.34274847795727,48.25714946257764],[-122.3452254808833,48.25622967127316],[-122.3467591107574,48.25625100795456],[-122.34726705306588,48.25502654333425],[-122.35023741182584,48.25404900641672],[-122.35208078905266,48.254029949660925],[-122.3520776452904,48.255503715698616],[-122.35549519853473,48.2551583044736],[-122.35468800736803,48.25341077559485],[-122.35325746501934,48.251823037460525],[-122.35317624435679,48.25185306971612],[-122.35183303115366,48.25036955040191],[-122.35171963781485,48.250370102143634]]]},"properties":{"COUNTY":"Snohomish","PRECCODE":21011641,"PRECNAME":"Stanwood 4","PRECINCT":"Snohomish 21011641","DESCRIPTIO":"Stanwood Northwest (Lions Park, Nordic Way, Candle Ridge)","OFFICE":"PUD Commissioner District 1","JURISDICTION":"Public Utility","RACE":"Snohomish County PUD Commissioner District 1","Name_1":"Sid Logan","Party_1":"None_1","Votes_1":"194","Name_2":"Janet St Clair","Party_2":"None_2","Votes_2":"114","Name_3":"Bruce King","Party_3":"None_3","Votes_3":"64","Name_4":"Write-In","Party_4":"None_4","Votes_4":"2","Name_5":null,"Party_5":null,"Votes_5":"0","Name_6":null,"Party_6":null,"Votes_6":"0","Name_7":null,"Party_7":null,"Votes_7":"0","Votes_total":"374","Pct_1":51.87,"Pct_2":30.48,"Pct_3":17.11,"Pct_4":0.53,"Pct_5":0,"Pct_6":0,"Pct_7":0,"Margin":21.39}},
{"type":"Feature","geometry":{"type":"Polygon","coordinates":[[[-122.32776064897233,48.246534698558115],[-122.32774993699405,48.24994489206037],[-122.3250071243367,48.25008551231828],[-122.32498541912386,48.25368106845007],[-122.34136086324064,48.25402492175656],[-122.341290502137,48.24800714460432],[-122.34180714453585,48.24669756657417],[-122.33579605359944,48.24669997369762],[-122.32776064897233,48.246534698558115]]]},"properties":{"COUNTY":"Snohomish","PRECCODE":21011669,"PRECNAME":"Stanwood 5","PRECINCT":"Snohomish 21011669","DESCRIPTIO":"Stanwood North (Hawks Prairie, Stauffer Road)","OFFICE":"PUD Commissioner District 1","JURISDICTION":"Public Utility","RACE":"Snohomish County PUD Commissioner District 1","Name_1":"Sid Logan","Party_1":"None_1","Votes_1":"123","Name_2":"Janet St Clair","Party_2":"None_2","Votes_2":"79","Name_3":"Bruce King","Party_3":"None_3","Votes_3":"61","Name_4":"Write-In","Party_4":"None_4","Votes_4":"2","Name_5":null,"Party_5":null,"Votes_5":"0","Name_6":null,"Party_6":null,"Votes_6":"0","Name_7":null,"Party_7":null,"Votes_7":"0","Votes_total":"265","Pct_1":46.42,"Pct_2":29.81,"Pct_3":23.02,"Pct_4":0.75,"Pct_5":0,"Pct_6":0,"Pct_7":0,"Margin":16.61}},
{"type":"Feature","geometry":{"type":"Polygon","coordinates":[[[-122.3249390456879,48.256415066117796],[-122.3248665310476,48.260069872452725],[-122.32832264463704,48.260098857844525],[-122.3283137754597,48.259353033682096],[-122.33875868870841,48.259229102479985],[-122.33872691715847,48.25756264099286],[-122.34136552072474,48.25758830763721],[-122.34136263061112,48.25618364281828],[-122.34131847522049,48.256183020709024],[-122.34136086324064,48.25402492175656],[-122.32498541912386,48.25368106845007],[-122.3249390456879,48.256415066117796]]]},"properties":{"COUNTY":"Snohomish","PRECCODE":21011711,"PRECNAME":"Stanwood 6","PRECINCT":"Snohomish 21011711","DESCRIPTIO":"Stanwood Far North (Copper Station, Cedar Hills Estates)","OFFICE":"PUD Commissioner District 1","JURISDICTION":"Public Utility","RACE":"Snohomish County PUD Commissioner District 1","Name_1":"Sid Logan","Party_1":"None_1","Votes_1":"122","Name_2":"Janet St Clair","Party_2":"None_2","Votes_2":"83","Name_3":"Bruce King","Party_3":"None_3","Votes_3":"29","Name_4":"Write-In","Party_4":"None_4","Votes_4":"2","Name_5":null,"Party_5":null,"Votes_5":"0","Name_6":null,"Party_6":null,"Votes_6":"0","Name_7":null,"Party_7":null,"Votes_7":"0","Votes_total":"236","Pct_1":51.69,"Pct_2":35.17,"Pct_3":12.29,"Pct_4":0.85,"Pct_5":0,"Pct_6":0,"Pct_7":0,"Margin":16.52}},
{"type":"Feature","geometry":{"type":"Polygon","coordinates":[[[-122.33028551100034,48.23871731196957],[-122.33020685338587,48.23631573840866],[-122.33014524750126,48.23291386767002],[-122.33010650993117,48.23211196291069],[-122.32967171083746,48.232101503730505],[-122.32628123380385,48.23221884778373],[-122.32480296543862,48.23397442124077],[-122.32487541064985,48.23864603388938],[-122.32301516921919,48.238665908798154],[-122.323030679737,48.239413534285326],[-122.32488627300322,48.23933862733307],[-122.32494937163436,48.24508437049611],[-122.32417324502664,48.24509158894654],[-122.3243313714423,48.24523614394723],[-122.3244546539347,48.24518879055221],[-122.3256721445294,48.246264947122754],[-122.32609315310005,48.24643618011792],[-122.32657511156515,48.24650523815403],[-122.33037382028537,48.2465909813466],[-122.33033330971597,48.24191906903968],[-122.33028551100034,48.23871731196957]]]},"properties":{"COUNTY":"Snohomish","PRECCODE":21011712,"PRECNAME":"Stanwood 7","PRECINCT":"Snohomish 21011712","DESCRIPTIO":"Stanwood Southeast (Cambridge Place Apartments, Church Creek Estates)","OFFICE":"PUD Commissioner District 1","JURISDICTION":"Public Utility","RACE":"Snohomish County PUD Commissioner District 1","Name_1":"Sid Logan","Party_1":"None_1","Votes_1":"86","Name_2":"Janet St Clair","Party_2":"None_2","Votes_2":"66","Name_3":"Bruce King","Party_3":"None_3","Votes_3":"32","Name_4":"Write-In","Party_4":"None_4","Votes_4":"1","Name_5":null,"Party_5":null,"Votes_5":"0","Name_6":null,"Party_6":null,"Votes_6":"0","Name_7":null,"Party_7":null,"Votes_7":"0","Votes_total":"185","Pct_1":46.49,"Pct_2":35.68,"Pct_3":17.3,"Pct_4":0.54,"Pct_5":0,"Pct_6":0,"Pct_7":0,"Margin":10.81}},
{"type":"Feature","geometry":{"type":"Polygon","coordinates":[[[-122.32498541912386,48.25368106845007],[-122.3250071243367,48.25008551231828],[-122.32774993699405,48.24994489206037],[-122.32776064897233,48.246534698558115],[-122.32657511156515,48.24650523815403],[-122.32609315310005,48.24643618011792],[-122.3256721445294,48.246264947122754],[-122.3244546539347,48.24518879055221],[-122.3243313714423,48.24523614394723],[-122.3237868602648,48.2455865996953],[-122.32227994415366,48.24504110467243],[-122.32190469515731,48.245743998468285],[-122.32083167798174,48.24618412229239],[-122.32079170052053,48.24675304652989],[-122.3192566050586,48.24675923391086],[-122.31934804542992,48.251132019984205],[-122.3178424188892,48.25045335854522],[-122.31785308531704,48.25407409387842],[-122.3211000058386,48.25392905498554],[-122.32107248284856,48.256559046114575],[-122.3249390456879,48.256415066117796],[-122.32498541912386,48.25368106845007]]]},"properties":{"COUNTY":"Snohomish","PRECCODE":21011870,"PRECNAME":"Stanwood 8","PRECINCT":"Snohomish 21011870","DESCRIPTIO":"Stanwood Northeast (Cedarhome Elementary School, Cedarhome Station)","OFFICE":"PUD Commissioner District 1","JURISDICTION":"Public Utility","RACE":"Snohomish County PUD Commissioner District 1","Name_1":"Sid Logan","Party_1":"None_1","Votes_1":"76","Name_2":"Janet St Clair","Party_2":"None_2","Votes_2":"52","Name_3":"Bruce King","Party_3":"None_3","Votes_3":"32","Name_4":"Write-In","Party_4":"None_4","Votes_4":"2","Name_5":null,"Party_5":null,"Votes_5":"0","Name_6":null,"Party_6":null,"Votes_6":"0","Name_7":null,"Party_7":null,"Votes_7":"0","Votes_total":"162","Pct_1":46.91,"Pct_2":32.1,"Pct_3":19.75,"Pct_4":1.23,"Pct_5":0,"Pct_6":0,"Pct_7":0,"Margin":14.81}},
{"type":"Feature","geometry":{"type":"MultiPolygon","coordinates":[[[[-122.33533083900328,48.21075963222942],[-122.3324208,48.2103009],[-122.3275101,48.2073429],[-122.3201109,48.2092404],[-122.3176181,48.2089461],[-122.3174884,48.2098372],[-122.32178939999997,48.2101276],[-122.32417619999997,48.2116549],[-122.3271086,48.2112577],[-122.3270374,48.2142135],[-122.3287038,48.2145355],[-122.331651,48.2135852],[-122.3324515,48.2140673],[-122.33296739999999,48.2152251],[-122.33083770000002,48.219689],[-122.32997790000002,48.2199853],[-122.3268765,48.2195033],[-122.3247121,48.2214116],[-122.32134979999998,48.2219726],[-122.3205611,48.2234028],[-122.3219843,48.2242403],[-122.3255245,48.2225297],[-122.3313121,48.2208071],[-122.33295470000002,48.2215854],[-122.3353619,48.2262146],[-122.33840659999997,48.225471],[-122.3410615,48.2278075],[-122.34309179999997,48.2284169],[-122.35312609999997,48.2287621],[-122.3549772,48.2300891],[-122.35535929999999,48.231468],[-122.35476950000002,48.2336351],[-122.3515606,48.2359355],[-122.35176840000001,48.2366965],[-122.3576667,48.2354142],[-122.358494,48.2324886],[-122.3626820039767,48.22614394871951],[-122.3647619704645,48.22540766166664],[-122.36737372011555,48.22573973739224],[-122.37133634664592,48.22774321377813],[-122.3734290596217,48.23081834228517],[-122.37279146935028,48.23277076857388],[-122.36954332062668,48.23449808198866],[-122.37059659084125,48.234460445805674],[-122.37323568450546,48.23252650517686],[-122.3715567682301,48.234894705720066],[-122.37139417226346,48.23787350819668],[-122.37172325889529,48.23923289682759],[-122.36945983223968,48.23884607397827],[-122.36885156193618,48.23914797424406],[-122.3711074091084,48.240009389581864],[-122.37420862008113,48.238765877989216],[-122.3734504984608,48.23854766255678],[-122.373859096529,48.23828843142218],[-122.37327790397973,48.23846816981236],[-122.37320704615408,48.23889689102315],[-122.3719155573857,48.239032496402],[-122.37154957679796,48.23829000261244],[-122.37167223415642,48.23550045246126],[-122.3734162460489,48.23241234690673],[-122.37515002847195,48.232443853925915],[-122.3757988751078,48.23330554001173],[-122.37641185803383,48.233221440498355],[-122.37603251948478,48.23276697901181],[-122.3810113923092,48.23073888282765],[-122.3799884322747,48.230568698569066],[-122.38168108399998,48.230427111285294],[-122.3838840950663,48.2273703536446],[-122.38281421212669,48.226430456621166],[-122.3739653997886,48.223372942721745],[-122.3711887838816,48.22106543634303],[-122.36780406252218,48.215196602114474],[-122.36519461456587,48.21498227062874],[-122.36505361193865,48.21424264877247],[-122.36647448229132,48.21222604349635],[-122.36603795612756,48.210724267777856],[-122.3676956410888,48.211081504151416],[-122.36892702291651,48.210521599453365],[-122.36994446023061,48.20901123213433],[-122.3688470159231,48.21046503837882],[-122.36669287345237,48.21043715306087],[-122.36624302759859,48.208400843193544],[-122.36419260827608,48.20738068699625],[-122.36443776955797,48.20071389721248],[-122.36298888368987,48.199011916532896],[-122.36363550824716,48.19889184774133],[-122.36419580900652,48.19803773027697],[-122.36302265739799,48.19817338962812],[-122.36439988244042,48.197630878138085],[-122.36521090151776,48.197970690265834],[-122.36569846269438,48.19747614467337],[-122.36645507223747,48.19789081767481],[-122.36680455618787,48.197509306338816],[-122.3682727556626,48.19816363477133],[-122.36930694794509,48.19981666054698],[-122.36982439529945,48.20324576548969],[-122.37125268016962,48.203653678640244],[-122.37094414763175,48.203204492515376],[-122.37009036305832,48.2032091851821],[-122.3708629767057,48.20301053271645],[-122.36985722591291,48.20182299620345],[-122.36948688193097,48.19906791501709],[-122.36849630438336,48.19765510869597],[-122.36752582469008,48.19719182641709],[-122.36444517971934,48.197311140582585],[-122.35776117941924,48.19929138129276],[-122.356734,48.200423],[-122.35656680506315,48.203150863842744],[-122.35544425583784,48.20571121152675],[-122.3505483,48.2088881],[-122.339907,48.211481],[-122.337657296198,48.21112636693397],[-122.33533083900328,48.21075963222942]]],[[[-122.24816388934758,48.219800492956566],[-122.24834065911851,48.2199250416423],[-122.2488619866171,48.220232994338474],[-122.24998472375727,48.22072067220375],[-122.25359216416393,48.222020298957126],[-122.25889550856797,48.22308377484156],[-122.26346923742373,48.22510635236208],[-122.26750791549375,48.225458395049664],[-122.26810107919322,48.22533842198248],[-122.27079738969293,48.223630856904464],[-122.27808013985351,48.22368711064671],[-122.27809639767206,48.23210647079087],[-122.28078838365224,48.23211013750588],[-122.28090386908183,48.238985873294794],[-122.32302601146611,48.239358673262664],[-122.32301516921919,48.238665908798154],[-122.32487541064985,48.23864603388938],[-122.32480296543862,48.23397442124077],[-122.32628123380385,48.23221884778373],[-122.32967171083746,48.232101503730505],[-122.3301722538424,48.23211479211128],[-122.33052237338681,48.23214151562851],[-122.33095432694523,48.23223032010794],[-122.33063219430777,48.23061067065765],[-122.33140202230123,48.22969063386802],[-122.33904865871078,48.232596889317435],[-122.34136029222444,48.23401715222729],[-122.34297589767075,48.2352280070907],[-122.34438938111296,48.2365413107085],[-122.3471097955603,48.23958413915022],[-122.35725045708429,48.23946456381444],[-122.35722429318588,48.23666113469439],[-122.35671519208073,48.23615317748451],[-122.35762352302511,48.235715156835354],[-122.35584210000002,48.2364546],[-122.3517356,48.2368919],[-122.3509899,48.2364249],[-122.35123109999998,48.2358739],[-122.3543286,48.23375390000001],[-122.3550409,48.231446],[-122.3547701,48.2302228],[-122.3530414,48.2289254],[-122.3453245,48.2292584],[-122.340974,48.2279933],[-122.338662,48.2257137],[-122.33514250000002,48.2263193],[-122.33278280000002,48.2216645],[-122.33164419999999,48.2210007],[-122.3289461,48.222186],[-122.32587429999998,48.2225613],[-122.322174,48.2243391],[-122.32113629999998,48.2243194],[-122.3203713,48.2236715],[-122.3204721,48.2225573],[-122.321587,48.2217158],[-122.32435630000002,48.2213997],[-122.32674009999998,48.2193927],[-122.3299838,48.2198352],[-122.33068350000002,48.2196297],[-122.3327531,48.2153111],[-122.3323677,48.2143272],[-122.33145739999998,48.2137088],[-122.32956959999999,48.2145276],[-122.32758,48.2145948],[-122.3268773,48.2142925],[-122.32654230000001,48.2138184],[-122.3270048,48.2113565],[-122.32411690000002,48.2117616],[-122.32171229999999,48.210252],[-122.319625,48.2103647],[-122.3177849,48.2100522],[-122.317247,48.2096632],[-122.3172474,48.2090568],[-122.31787619999997,48.2087377],[-122.32011420000002,48.2091396],[-122.32220049999998,48.2085233],[-122.315417,48.206722],[-122.30948559999999,48.2069081],[-122.306473,48.2058099],[-122.30668778285677,48.205281137741906],[-122.3030647442652,48.204711741838075],[-122.30190579112188,48.204829008391805],[-122.29947289729667,48.205508886168346],[-122.29775511257711,48.208653409960235],[-122.29491936561493,48.21113367712217],[-122.2910046953765,48.211832173320325],[-122.28693147818477,48.21077101984477],[-122.28421142404179,48.208758925939634],[-122.27982235368835,48.20666253780683],[-122.27734014213308,48.20379074542299],[-122.27618905904025,48.203275842371255],[-122.27508693005288,48.20315307649361],[-122.26615792035804,48.20598467506774],[-122.26313151924361,48.20580536103211],[-122.2601587714538,48.204749990459334],[-122.25892695722901,48.204720355893315],[-122.25828621450962,48.205835539137894],[-122.26052906730204,48.2096697196837],[-122.26032876076731,48.21074800793523],[-122.25929274792774,48.211867579003055],[-122.25487889850262,48.21333606172226],[-122.24830670082848,48.212540513221164],[-122.24821029042612,48.216752623472836],[-122.24816388934758,48.219800492956566]]],[[[-122.3433446,48.2286547],[-122.345427,48.2291355],[-122.347194,48.2290698],[-122.3433446,48.2286547]]],[[[-122.35798869534467,48.23545739777989],[-122.36144717111452,48.23506016556279],[-122.36145706049948,48.23563444783753],[-122.36546840083967,48.23570419851038],[-122.36508453817346,48.237025812475764],[-122.36603972215393,48.239225250099636],[-122.36674095659743,48.238612164093595],[-122.3660663933656,48.23696243427129],[-122.36663596236978,48.23526686906162],[-122.37224669731552,48.23269997088787],[-122.37287102834696,48.23133864217218],[-122.37072348050891,48.22791582312039],[-122.36684533639212,48.22596263979416],[-122.36443468473362,48.22573872692242],[-122.36225621692567,48.227173970123175],[-122.35798869534467,48.23545739777989]]],[[[-122.36801638898821,48.23516915903653],[-122.36683929477289,48.23570535674174],[-122.36715423393882,48.23733740506656],[-122.36767705793326,48.237255620940594],[-122.36749398953756,48.23655337892738],[-122.36958587705867,48.23470298288637],[-122.36804815198666,48.23511429851581],[-122.36824655235024,48.23555540008311],[-122.36707283886045,48.23644494928317],[-122.36801638898821,48.23516915903653]]],[[[-122.37542325488732,48.23818742148919],[-122.37603272178127,48.238068525709075],[-122.37594100800192,48.23422483017023],[-122.37491728085155,48.23562987117947],[-122.3751832413994,48.238125598387285],[-122.37418467699335,48.23841266439655],[-122.37459420261901,48.238656527121805],[-122.37542325488732,48.23818742148919]]],[[[-122.36741215450408,48.238544643947115],[-122.36873002564018,48.239101564115],[-122.3690351978203,48.23889722089018],[-122.36718051229767,48.23739859629803],[-122.36741215450408,48.238544643947115]]]]},"properties":{"COUNTY":"Snohomish","PRECCODE":21014002,"PRECNAME":"Florence","PRECINCT":"Snohomish 21014002","DESCRIPTIO":"Stanwood Rural South (Stanwood Camano Fairgrounds, Florence, Norman)","OFFICE":"PUD Commissioner District 1","JURISDICTION":"Public Utility","RACE":"Snohomish County PUD Commissioner District 1","Name_1":"Sid Logan","Party_1":"None_1","Votes_1":"89","Name_2":"Janet St Clair","Party_2":"None_2","Votes_2":"41","Name_3":"Bruce King","Party_3":"None_3","Votes_3":"39","Name_4":null,"Party_4":null,"Votes_4":"0","Name_5":null,"Party_5":null,"Votes_5":"0","Name_6":null,"Party_6":null,"Votes_6":"0","Name_7":null,"Party_7":null,"Votes_7":"0","Votes_total":"169","Pct_1":52.66,"Pct_2":24.26,"Pct_3":23.08,"Pct_4":0,"Pct_5":0,"Pct_6":0,"Pct_7":0,"Margin":28.4}},
{"type":"Feature","geometry":{"type":"Polygon","coordinates":[[[-122.35642729996907,48.17045815523829],[-122.36579374904575,48.17048541594715],[-122.36871999991293,48.16554169728295],[-122.36861244840667,48.16444355497333],[-122.36894364911558,48.16455489214093],[-122.36898140215858,48.16326159340107],[-122.36032010382011,48.163232533733854],[-122.35760171533728,48.163231544327296],[-122.35761658800536,48.16801829047089],[-122.35642729996907,48.17045815523829]]]},"properties":{"COUNTY":"Snohomish","PRECCODE":21014004,"PRECNAME":"Port Susan","PRECINCT":"Snohomish 21014004","DESCRIPTIO":"Warm Beach Center (Warm Beach Community Park), Warm Beach East (Lake Martha)","OFFICE":"PUD Commissioner District 1","JURISDICTION":"Public Utility","RACE":"Snohomish County PUD Commissioner District 1","Name_1":"Sid Logan","Party_1":"None_1","Votes_1":"93","Name_2":"Janet St Clair","Party_2":"None_2","Votes_2":"34","Name_3":"Bruce King","Party_3":"None_3","Votes_3":"25","Name_4":null,"Party_4":null,"Votes_4":"0","Name_5":null,"Party_5":null,"Votes_5":"0","Name_6":null,"Party_6":null,"Votes_6":"0","Name_7":null,"Party_7":null,"Votes_7":"0","Votes_total":"152","Pct_1":61.18,"Pct_2":22.37,"Pct_3":16.45,"Pct_4":0,"Pct_5":0,"Pct_6":0,"Pct_7":0,"Margin":38.81}},
{"type":"Feature","geometry":{"type":"Polygon","coordinates":[[[-122.3249390456879,48.256415066117796],[-122.32107248284856,48.256559046114575],[-122.3211000058386,48.25392905498554],[-122.31785308531704,48.25407409387842],[-122.3178424188892,48.25045335854522],[-122.31934804542992,48.251132019984205],[-122.3192566050586,48.24675923391086],[-122.32079170052053,48.24675304652989],[-122.32083167798174,48.24618412229239],[-122.32190469515731,48.245743998468285],[-122.32227994415366,48.24504110467243],[-122.3237868602648,48.2455865996953],[-122.3243313714423,48.24523614394723],[-122.32417324502664,48.24509158894654],[-122.32494937163436,48.24508437049611],[-122.32488627300322,48.23933862733307],[-122.323030679737,48.239413534285326],[-122.32302601146611,48.239358673262664],[-122.28090386908183,48.238985873294794],[-122.2444274112532,48.239017468661785],[-122.24402783523284,48.23902047747203],[-122.24397171761042,48.23916287906448],[-122.24407199947152,48.23948937570655],[-122.25038298070336,48.246096559718005],[-122.26985885928745,48.24645185845451],[-122.26978126832014,48.25011967502605],[-122.28512178617969,48.24998385598422],[-122.28624187245202,48.25050566706712],[-122.28661968409676,48.26794855816887],[-122.29691327186578,48.268297939353616],[-122.30804753160436,48.26858150049111],[-122.32055104873815,48.26870563852598],[-122.33632672046136,48.26844273029471],[-122.33744790902884,48.26846169067847],[-122.34138270233237,48.26849655374815],[-122.34136825461174,48.26539876722585],[-122.34136552072474,48.25758830763721],[-122.33872691715847,48.25756264099286],[-122.33875868870841,48.259229102479985],[-122.3283137754597,48.259353033682096],[-122.32832264463704,48.260098857844525],[-122.3248665310476,48.260069872452725],[-122.3249390456879,48.256415066117796]]]},"properties":{"COUNTY":"Snohomish","PRECCODE":21014022,"PRECNAME":"Cedarhome","PRECINCT":"Snohomish 21014022","DESCRIPTIO":"Stanwood Rural East (Village Road, Cedarhome Cemetery)","OFFICE":"PUD Commissioner District 1","JURISDICTION":"Public Utility","RACE":"Snohomish County PUD Commissioner District 1","Name_1":"Sid Logan","Party_1":"None_1","Votes_1":"114","Name_2":"Bruce King","Party_2":"None_3","Votes_2":"69","Name_3":"Janet St Clair","Party_3":"None_2","Votes_3":"53","Name_4":null,"Party_4":null,"Votes_4":"0","Name_5":null,"Party_5":null,"Votes_5":"0","Name_6":null,"Party_6":null,"Votes_6":"0","Name_7":null,"Party_7":null,"Votes_7":"0","Votes_total":"236","Pct_1":48.31,"Pct_2":29.24,"Pct_3":22.46,"Pct_4":0,"Pct_5":0,"Pct_6":0,"Pct_7":0,"Margin":19.07}},
{"type":"Feature","geometry":{"type":"MultiPolygon","coordinates":[[[[-122.3880513464486,48.22702444854614],[-122.3877919,48.2261057],[-122.38672969999998,48.2260986],[-122.38278755489995,48.23059283806342],[-122.37793675705352,48.23245711795244],[-122.37673120385755,48.23390711691944],[-122.3773276138034,48.237199390479],[-122.38472187483687,48.24025282153351],[-122.38557163957213,48.24018604713735],[-122.38817016724416,48.241564486356076],[-122.39050669023695,48.24178931054454],[-122.39170771462817,48.24209707905786],[-122.3943304581201,48.2423267348368],[-122.39153176946833,48.242010321792506],[-122.39146169989041,48.24189102229165],[-122.39162470728223,48.24190069694876],[-122.39110348083977,48.241530785149514],[-122.39089778667935,48.241101345641866],[-122.38913932767868,48.24120155546245],[-122.38913055074626,48.24090913312215],[-122.39063850372754,48.241079874442086],[-122.39051556791213,48.240741460726404],[-122.38754069064731,48.24108618877736],[-122.38845215333669,48.24121495669828],[-122.38833960951462,48.24150947656827],[-122.38559632997932,48.24010582133952],[-122.38866886884128,48.239930525964155],[-122.38778340351041,48.24048048670932],[-122.38863890942048,48.24058692783166],[-122.38800955734978,48.24067267879816],[-122.38835487382755,48.240905064577404],[-122.38951150497486,48.24054759658398],[-122.38884965394504,48.24006725709662],[-122.39011956930601,48.23991643815989],[-122.38955114690896,48.240088306041166],[-122.38984609532677,48.24060957938889],[-122.3903958684469,48.24055535098067],[-122.39014403080523,48.23991798628062],[-122.39100463279087,48.23991242741494],[-122.39145676143535,48.24158399482009],[-122.39126291518886,48.24006452915223],[-122.39334409170512,48.23997929635284],[-122.39613291476938,48.24124437472584],[-122.39183966097332,48.23884410150724],[-122.38967182441546,48.23107772773374],[-122.38940006984797,48.227912586417624],[-122.3880513464486,48.22702444854614]]],[[[-122.34791411746292,48.268552282191884],[-122.36129169770463,48.26852310646351],[-122.36307935016669,48.27285799089466],[-122.36294498791607,48.275776630809396],[-122.35318881651293,48.29756526079152],[-122.36065285335297,48.2976417006426],[-122.36325025099497,48.29559445806997],[-122.36494203973706,48.293550262767674],[-122.36779826131954,48.29153468648448],[-122.36995179599462,48.28944165825335],[-122.36964139140572,48.28925755928842],[-122.37008216835652,48.28931382338526],[-122.37135997513468,48.288017884413975],[-122.37085266646974,48.28807485664349],[-122.3719833864661,48.28742290767589],[-122.37108492123512,48.28754403093772],[-122.37202933864188,48.287377961263275],[-122.37344621552877,48.2861645250101],[-122.37234812307463,48.286164533221815],[-122.3715700487179,48.28684663887405],[-122.37227048177473,48.28616028699794],[-122.37347887676624,48.28613359043683],[-122.37404758003831,48.28559494914553],[-122.37179972310233,48.28559329030929],[-122.37409496089867,48.28555007260824],[-122.37585937787762,48.283984698903524],[-122.37620881576066,48.28316506333455],[-122.37443987137104,48.2847933546744],[-122.37358287502549,48.284636226921975],[-122.37343397419286,48.28495796771437],[-122.37319944245777,48.284474099013494],[-122.37263951454952,48.28450758533515],[-122.37311360642379,48.28390541699219],[-122.37390202824969,48.284283673762296],[-122.37333043911377,48.283770628185074],[-122.37393135083497,48.28402874322617],[-122.37516419118852,48.283357522515],[-122.37562985278443,48.28358181522575],[-122.37620412158891,48.283034761098634],[-122.37549212666295,48.282924505295895],[-122.3745333405065,48.28356375916482],[-122.37444894638544,48.28320807840038],[-122.37412207611972,48.28343454553614],[-122.3733146776569,48.28366341696514],[-122.37428212170431,48.28327945991],[-122.3738516492707,48.28318025216486],[-122.3740742963668,48.28278118758669],[-122.37388717170789,48.28317585403227],[-122.37498869308887,48.283047385091855],[-122.3748711999685,48.281744519831705],[-122.37505908650388,48.28303967448575],[-122.37539003928953,48.28280160512269],[-122.37619624254042,48.282808771397285],[-122.37558459676876,48.28162871254831],[-122.37600587016668,48.28167130928217],[-122.3762228702285,48.280407870446034],[-122.37590597946468,48.280654616404],[-122.37711315089338,48.27918450124497],[-122.38039326441523,48.276862507591005],[-122.37990391572039,48.2764788550145],[-122.38060999032606,48.276685318758005],[-122.38132133954818,48.27514633527459],[-122.37861719646067,48.27644220404361],[-122.37862279492788,48.2759087208934],[-122.37629245858547,48.27585916876132],[-122.37913728840043,48.27394738470668],[-122.38070110221526,48.273667594225735],[-122.38138422943325,48.27252295987548],[-122.38320067859416,48.272394175858516],[-122.38487360000002,48.2697546],[-122.38509889999999,48.2650482],[-122.3829478,48.2650232],[-122.38409768664903,48.260798568274225],[-122.3840797,48.2547412],[-122.39031841723175,48.24555049978624],[-122.38998163700718,48.24460837456607],[-122.38330352647539,48.240702475983795],[-122.37986398635472,48.24143889811513],[-122.37532000055153,48.24112641076839],[-122.37437824295398,48.244317830261636],[-122.37516669100903,48.246893859490676],[-122.35205834847513,48.24670693993983],[-122.35206956670224,48.25036840353085],[-122.35183303115366,48.25036955040191],[-122.35317624435679,48.25185306971612],[-122.35325746501934,48.251823037460525],[-122.35468800736803,48.25341077559485],[-122.35549519853473,48.2551583044736],[-122.3520776452904,48.255503715698616],[-122.35208078905266,48.254029949660925],[-122.35023741182584,48.25404900641672],[-122.34726705306588,48.25502654333425],[-122.3467591107574,48.25625100795456],[-122.3452254808833,48.25622967127316],[-122.34274847795727,48.25714946257764],[-122.34274376817864,48.25620291584755],[-122.34136263061112,48.25618364281828],[-122.34136825461174,48.26539876722585],[-122.34138270233237,48.26849655374815],[-122.34791411746292,48.268552282191884]]]]},"properties":{"COUNTY":"Snohomish","PRECCODE":21014030,"PRECNAME":"Stanby","PRECINCT":"Snohomish 21014030","DESCRIPTIO":"Stanwood Rural Northwest (Old Pacific Highway, Logen Road)","OFFICE":"PUD Commissioner District 1","JURISDICTION":"Public Utility","RACE":"Snohomish County PUD Commissioner District 1","Name_1":"Sid Logan","Party_1":"None_1","Votes_1":"31","Name_2":"Janet St Clair","Party_2":"None_2","Votes_2":"28","Name_3":"Bruce King","Party_3":"None_3","Votes_3":"11","Name_4":null,"Party_4":null,"Votes_4":"0","Name_5":null,"Party_5":null,"Votes_5":"0","Name_6":null,"Party_6":null,"Votes_6":"0","Name_7":null,"Party_7":null,"Votes_7":"0","Votes_total":"70","Pct_1":44.29,"Pct_2":40,"Pct_3":15.71,"Pct_4":0,"Pct_5":0,"Pct_6":0,"Pct_7":0,"Margin":4.29}},
{"type":"Feature","geometry":{"type":"Polygon","coordinates":[[[-122.23725893380347,48.23513732579416],[-122.23731154938734,48.22432861723791],[-122.24810126566376,48.22438394651914],[-122.24818966274596,48.21794134593317],[-122.24830670082848,48.212540513221164],[-122.25487889850262,48.21333606172226],[-122.25929274792774,48.211867579003055],[-122.26032876076731,48.21074800793523],[-122.26052906730204,48.2096697196837],[-122.25828621450962,48.205835539137894],[-122.25892695722901,48.204720355893315],[-122.2601587714538,48.204749990459334],[-122.26313151924361,48.20580536103211],[-122.26615792035804,48.20598467506774],[-122.27508693005288,48.20315307649361],[-122.27618905904025,48.203275842371255],[-122.27734014213308,48.20379074542299],[-122.27982235368835,48.20666253780683],[-122.28421142404179,48.208758925939634],[-122.28693147818477,48.21077101984477],[-122.2910046953765,48.211832173320325],[-122.29491936561493,48.21113367712217],[-122.29775511257711,48.208653409960235],[-122.29947289729667,48.205508886168346],[-122.30190579112188,48.204829008391805],[-122.30238634501438,48.204780378582086],[-122.30172136084816,48.195584778461445],[-122.29899036051941,48.195520027622685],[-122.27109211314851,48.19559714745675],[-122.27113060294,48.199212060650225],[-122.26924202614083,48.198496210967846],[-122.26455728088398,48.19900301368709],[-122.26459904629462,48.19718751734768],[-122.26356241384191,48.19410449819025],[-122.26075224486645,48.19162422643353],[-122.25855459036946,48.19165146413238],[-122.25617277689962,48.193230386999055],[-122.25359640805557,48.193653171932446],[-122.25132736127105,48.19499883390755],[-122.24771508217736,48.19438440007969],[-122.24586199727706,48.194718521495446],[-122.24415940984474,48.1962235622126],[-122.24091895211812,48.19392939076842],[-122.23797929207925,48.19053269371131],[-122.23679266480836,48.18825676313713],[-122.23206889962205,48.18824701896151],[-122.22677041965112,48.18824978146121],[-122.22696509206042,48.180998958081666],[-122.197139317321,48.181473733600356],[-122.19846711197212,48.18284565671821],[-122.20304637731341,48.1879785471153],[-122.20562755977105,48.19109549851588],[-122.20859801213973,48.19440052146068],[-122.20937389294686,48.196080252217094],[-122.2122546665269,48.201776377812706],[-122.21572127749627,48.20978765987103],[-122.21711758510469,48.21354584289084],[-122.21967718933399,48.22019600120294],[-122.22164980317994,48.22307154404686],[-122.22496041940526,48.22595154239081],[-122.23438259993475,48.232240736476214],[-122.23725893380347,48.23513732579416]]]},"properties":{"COUNTY":"Snohomish","PRECCODE":21014037,"PRECNAME":"Silvana","PRECINCT":"Snohomish 21014037","DESCRIPTIO":"Stanwood Rural Farther Southeast (Silvana Terrace East, Silvana)","OFFICE":"PUD Commissioner District 1","JURISDICTION":"Public Utility","RACE":"Snohomish County PUD Commissioner District 1","Name_1":"Sid Logan","Party_1":"None_1","Votes_1":"82","Name_2":"Bruce King","Party_2":"None_3","Votes_2":"53","Name_3":"Janet St Clair","Party_3":"None_2","Votes_3":"46","Name_4":null,"Party_4":null,"Votes_4":"0","Name_5":null,"Party_5":null,"Votes_5":"0","Name_6":null,"Party_6":null,"Votes_6":"0","Name_7":null,"Party_7":null,"Votes_7":"0","Votes_total":"181","Pct_1":45.3,"Pct_2":29.28,"Pct_3":25.41,"Pct_4":0,"Pct_5":0,"Pct_6":0,"Pct_7":0,"Margin":16.02}},
{"type":"Feature","geometry":{"type":"Polygon","coordinates":[[[-122.19667260422672,48.155785340401515],[-122.19682086789877,48.16042227117259],[-122.19656157785971,48.16316582166759],[-122.19377095781603,48.1632536125423],[-122.19074942958102,48.16328836865869],[-122.19207045984393,48.17048393169215],[-122.19284697912848,48.17493773192379],[-122.1943355420085,48.17825324575377],[-122.197139317321,48.181473733600356],[-122.22696509206042,48.180998958081666],[-122.22677041965112,48.18824978146121],[-122.23206889962205,48.18824701896151],[-122.23653279576862,48.18825624775781],[-122.23644142048595,48.18819455854808],[-122.23371556227394,48.182687839332914],[-122.23367351606782,48.18138755071985],[-122.23228109581463,48.17872748855732],[-122.23053952067039,48.17663971266576],[-122.2282749332091,48.17517592409221],[-122.22698906545305,48.173728429198],[-122.2271703936094,48.1520814178461],[-122.21563281071984,48.15183683738121],[-122.21567585393018,48.155538748822735],[-122.2013747299478,48.15567814586923],[-122.19667260422672,48.155785340401515]]]},"properties":{"COUNTY":"Snohomish","PRECCODE":21014061,"PRECNAME":"Lakewood","PRECINCT":"Snohomish 21014061","DESCRIPTIO":"Arlington Rural West (Smokey Point Rest Area, Lakewood Shell Station)","OFFICE":"PUD Commissioner District 1","JURISDICTION":"Public Utility","RACE":"Snohomish County PUD Commissioner District 1","Name_1":"Sid Logan","Party_1":"None_1","Votes_1":"131","Name_2":"Bruce King","Party_2":"None_3","Votes_2":"63","Name_3":"Janet St Clair","Party_3":"None_2","Votes_3":"40","Name_4":"Write-In","Party_4":"None_4","Votes_4":"1","Name_5":null,"Party_5":null,"Votes_5":"0","Name_6":null,"Party_6":null,"Votes_6":"0","Name_7":null,"Party_7":null,"Votes_7":"0","Votes_total":"235","Pct_1":55.74,"Pct_2":26.81,"Pct_3":17.02,"Pct_4":0.43,"Pct_5":0,"Pct_6":0,"Pct_7":0,"Margin":28.93}},
{"type":"Feature","geometry":{"type":"Polygon","coordinates":[[[-122.33632672046136,48.26844273029471],[-122.32055104873815,48.26870563852598],[-122.30804753160436,48.26858150049111],[-122.3025788678188,48.26844153909332],[-122.30262424376424,48.274034942876426],[-122.30265913064981,48.274035704442305],[-122.30266585558596,48.27590976136374],[-122.30526639145614,48.27595208210293],[-122.30525059128783,48.28318403326391],[-122.31069993513829,48.28333243784201],[-122.31078619349294,48.29037646577306],[-122.29524210902628,48.29019466532945],[-122.29665899278942,48.29139544342935],[-122.30405015526449,48.297576772898765],[-122.33545833009384,48.29752219846734],[-122.33664750598123,48.29022830746876],[-122.33632672046136,48.26844273029471]]]},"properties":{"COUNTY":"Snohomish","PRECCODE":21014073,"PRECNAME":"Village","PRECINCT":"Snohomish 21014073","DESCRIPTIO":"Stanwood Rural Far Northeast (68th Avenue NW & 324th, Del's Custom Meats)","OFFICE":"PUD Commissioner District 1","JURISDICTION":"Public Utility","RACE":"Snohomish County PUD Commissioner District 1","Name_1":"Sid Logan","Party_1":"None_1","Votes_1":"96","Name_2":"Bruce King","Party_2":"None_3","Votes_2":"40","Name_3":"Janet St Clair","Party_3":"None_2","Votes_3":"38","Name_4":"Write-In","Party_4":"None_4","Votes_4":"2","Name_5":null,"Party_5":null,"Votes_5":"0","Name_6":null,"Party_6":null,"Votes_6":"0","Name_7":null,"Party_7":null,"Votes_7":"0","Votes_total":"176","Pct_1":54.55,"Pct_2":22.73,"Pct_3":21.59,"Pct_4":1.14,"Pct_5":0,"Pct_6":0,"Pct_7":0,"Margin":31.82}},
{"type":"Feature","geometry":{"type":"MultiPolygon","coordinates":[[[[-122.28650770927176,48.15568434934411],[-122.28909752958171,48.15570463081233],[-122.2887702765438,48.153930785640995],[-122.28663715617812,48.152104461028934],[-122.2912069593276,48.152151154744544],[-122.28721167465714,48.150759301792355],[-122.28943447483587,48.14662990261021],[-122.28880387397037,48.1457577020916],[-122.28645247411319,48.144413502056786],[-122.28591207211757,48.143755235634295],[-122.28610907211568,48.14306970186702],[-122.29092013943898,48.140624701131166],[-122.29385307573439,48.14257770042943],[-122.29476101726367,48.14276008897112],[-122.29241363887019,48.140559143505705],[-122.2891169460569,48.14032298232804],[-122.28635781246537,48.13828514903898],[-122.28608007541092,48.138241362604184],[-122.28379868599428,48.13826896964864],[-122.28142672639781,48.13771606212792],[-122.27161872652475,48.13758874232689],[-122.2672284998999,48.140363812530616],[-122.27675027703638,48.14862246856344],[-122.27625924867644,48.15198958765431],[-122.27573666339703,48.15576837004867],[-122.27620269071106,48.15587493815372],[-122.27884616650157,48.1565840030961],[-122.28340612222283,48.155861704501156],[-122.28379094383553,48.15583054701237],[-122.28381819833947,48.15387074366293],[-122.28651776074491,48.15389903778874],[-122.28650770927176,48.15568434934411]]],[[[-122.30340115599381,48.152223988460946],[-122.3032644606914,48.14495986481837],[-122.30051681661345,48.144990540834314],[-122.30066187713794,48.14647263461425],[-122.29868654410986,48.14782710031313],[-122.29827797152507,48.152180165783825],[-122.30340115599381,48.152223988460946]]]]},"properties":{"COUNTY":"Snohomish","PRECCODE":21014087,"PRECNAME":"Lake Goodwin","PRECINCT":"Snohomish 21014087","DESCRIPTIO":"Lake Goodwin North (Seven Lakes Baptist Church, Lake Goodwin North-Center, Lake Goodwin East)","OFFICE":"PUD Commissioner District 1","JURISDICTION":"Public Utility","RACE":"Snohomish County PUD Commissioner District 1","Name_1":"Sid Logan","Party_1":"None_1","Votes_1":"123","Name_2":"Janet St Clair","Party_2":"None_2","Votes_2":"66","Name_3":"Bruce King","Party_3":"None_3","Votes_3":"48","Name_4":null,"Party_4":null,"Votes_4":"0","Name_5":null,"Party_5":null,"Votes_5":"0","Name_6":null,"Party_6":null,"Votes_6":"0","Name_7":null,"Party_7":null,"Votes_7":"0","Votes_total":"237","Pct_1":51.9,"Pct_2":27.85,"Pct_3":20.25,"Pct_4":0,"Pct_5":0,"Pct_6":0,"Pct_7":0,"Margin":24.05}},
{"type":"Feature","geometry":{"type":"Polygon","coordinates":[[[-122.254859981238,48.12317603668554],[-122.23557762285834,48.12304054886784],[-122.22764805127382,48.123003276041594],[-122.22747858648727,48.129717427645595],[-122.22733398283187,48.14327973862468],[-122.23333371757727,48.14337132438133],[-122.2433017750292,48.143560370804565],[-122.2451446484712,48.14393976748278],[-122.25018034025732,48.14269451319019],[-122.25075050799678,48.14262680949603],[-122.25250954617742,48.142926049036504],[-122.25381338617241,48.14263691860921],[-122.25404959381837,48.14258976953787],[-122.25456588909537,48.1355777666069],[-122.25630032801193,48.1347183962432],[-122.256992663462,48.13353675613429],[-122.25682666958679,48.13195806960661],[-122.2547518652161,48.13107586182733],[-122.254859981238,48.12317603668554]]]},"properties":{"COUNTY":"Snohomish","PRECCODE":21014167,"PRECNAME":"Loma","PRECINCT":"Snohomish 21014167","DESCRIPTIO":"Lake Goodwin Far Southeast (Lake Loma, Seven Lakes Auto Repair)","OFFICE":"PUD Commissioner District 1","JURISDICTION":"Public Utility","RACE":"Snohomish County PUD Commissioner District 1","Name_1":"Sid Logan","Party_1":"None_1","Votes_1":"137","Name_2":"Janet St Clair","Party_2":"None_2","Votes_2":"53","Name_3":"Bruce King","Party_3":"None_3","Votes_3":"31","Name_4":"Write-In","Party_4":"None_4","Votes_4":"3","Name_5":null,"Party_5":null,"Votes_5":"0","Name_6":null,"Party_6":null,"Votes_6":"0","Name_7":null,"Party_7":null,"Votes_7":"0","Votes_total":"224","Pct_1":61.16,"Pct_2":23.66,"Pct_3":13.84,"Pct_4":1.34,"Pct_5":0,"Pct_6":0,"Pct_7":0,"Margin":37.5}},
{"type":"Feature","geometry":{"type":"Polygon","coordinates":[[[-122.3480667155395,48.15243018722815],[-122.3649747794775,48.15239952363062],[-122.36416633391866,48.149858902953746],[-122.36488737619197,48.145546605800874],[-122.3636900598444,48.143961866896106],[-122.36352154507985,48.14270642649773],[-122.36444005225908,48.140066976650836],[-122.36633200816347,48.13775700002941],[-122.36005032628623,48.13776048188339],[-122.35936603714029,48.13858339320725],[-122.35464463382147,48.13736088525569],[-122.35321017963095,48.13766552876151],[-122.34424068079844,48.13607609352983],[-122.33943133695617,48.136237997950104],[-122.33500373007018,48.133389456574506],[-122.33381082662102,48.13321558854809],[-122.33252309630859,48.133846911043385],[-122.3323898293747,48.136252065213064],[-122.3305149462773,48.13782530831988],[-122.32547898070628,48.1380540965656],[-122.32469434951126,48.1387729634167],[-122.32248544628801,48.138917611821746],[-122.32226348709736,48.142434003426246],[-122.32761629875074,48.14245015372052],[-122.32787138077654,48.1442168782197],[-122.33274035725587,48.14430034431487],[-122.33287817960392,48.146289908802935],[-122.33853972813128,48.14628910415653],[-122.33838778384059,48.15249746980185],[-122.3480667155395,48.15243018722815]]]},"properties":{"COUNTY":"Snohomish","PRECCODE":21014319,"PRECNAME":"Rowland","PRECINCT":"Snohomish 21014319","DESCRIPTIO":"Warm Beach Far South (Kayak Cove, Kayak Point Golf Course)","OFFICE":"PUD Commissioner District 1","JURISDICTION":"Public Utility","RACE":"Snohomish County PUD Commissioner District 1","Name_1":"Sid Logan","Party_1":"None_1","Votes_1":"73","Name_2":"Janet St Clair","Party_2":"None_2","Votes_2":"45","Name_3":"Bruce King","Party_3":"None_3","Votes_3":"24","Name_4":"Write-In","Party_4":"None_4","Votes_4":"1","Name_5":null,"Party_5":null,"Votes_5":"0","Name_6":null,"Party_6":null,"Votes_6":"0","Name_7":null,"Party_7":null,"Votes_7":"0","Votes_total":"143","Pct_1":51.05,"Pct_2":31.47,"Pct_3":16.78,"Pct_4":0.7,"Pct_5":0,"Pct_6":0,"Pct_7":0,"Margin":19.58}},
{"type":"Feature","geometry":{"type":"Polygon","coordinates":[[[-122.23725243055227,48.18825766656728],[-122.23744817034236,48.18100610904584],[-122.24824804544994,48.181015693199335],[-122.24868194810902,48.16643929128822],[-122.27006620845967,48.16649753687819],[-122.28633835070053,48.1665446114028],[-122.28650770927176,48.15568434934411],[-122.28340612222283,48.155861704501156],[-122.27884616650157,48.1565840030961],[-122.27620269071106,48.15587493815372],[-122.2751514602461,48.15566783520833],[-122.26749972073092,48.155564904470545],[-122.26379801143148,48.15700436169618],[-122.26071038183794,48.15643387325349],[-122.25890739202036,48.155121149297315],[-122.2564070095819,48.154906212324775],[-122.24893279873076,48.156987378101306],[-122.24690753454256,48.157139011953376],[-122.24422959194298,48.1562218649818],[-122.24031911984719,48.152914761210795],[-122.23864290293655,48.15211340522785],[-122.2271703936094,48.1520814178461],[-122.22698906545305,48.173728429198],[-122.2282749332091,48.17517592409221],[-122.23053952067039,48.17663971266576],[-122.23228109581463,48.17872748855732],[-122.23367351606782,48.18138755071985],[-122.23371556227394,48.182687839332914],[-122.23644142048595,48.18819455854808],[-122.23653279576862,48.18825624775781],[-122.23725243055227,48.18825766656728]]]},"properties":{"COUNTY":"Snohomish","PRECCODE":21014323,"PRECNAME":"Thompson","PRECINCT":"Snohomish 21014323","DESCRIPTIO":"Arlington Rural Far West (North of Lake Ki, Fish Creek Farm)","OFFICE":"PUD Commissioner District 1","JURISDICTION":"Public Utility","RACE":"Snohomish County PUD Commissioner District 1","Name_1":"Sid Logan","Party_1":"None_1","Votes_1":"157","Name_2":"Bruce King","Party_2":"None_3","Votes_2":"66","Name_3":"Janet St Clair","Party_3":"None_2","Votes_3":"51","Name_4":null,"Party_4":null,"Votes_4":"0","Name_5":null,"Party_5":null,"Votes_5":"0","Name_6":null,"Party_6":null,"Votes_6":"0","Name_7":null,"Party_7":null,"Votes_7":"0","Votes_total":"274","Pct_1":57.3,"Pct_2":24.09,"Pct_3":18.61,"Pct_4":0,"Pct_5":0,"Pct_6":0,"Pct_7":0,"Margin":33.21}},
{"type":"Feature","geometry":{"type":"Polygon","coordinates":[[[-122.3348332534874,48.193757157160064],[-122.33488573678534,48.20976997073552],[-122.34011679999998,48.2105357],[-122.3454944,48.2085338],[-122.3499605,48.2080553],[-122.35314535523214,48.20610742851363],[-122.35442048327258,48.202414653469454],[-122.35419032955842,48.20118363520856],[-122.3554664,48.1993636],[-122.36020219517907,48.197134814529846],[-122.36066047399159,48.19580467613625],[-122.35991882448596,48.19387379786909],[-122.35745430224358,48.19436092500003],[-122.35567643037854,48.19236388333518],[-122.35733119047467,48.189270505390866],[-122.35358668020177,48.18820307361794],[-122.35185654241545,48.18812369788907],[-122.35582514025546,48.18434593516359],[-122.35838230604388,48.18079327554473],[-122.3602533964995,48.17706330862076],[-122.36556158647345,48.17236577309146],[-122.36971677564446,48.16475153409979],[-122.36914032522292,48.163230122862274],[-122.3689814799148,48.16324702662322],[-122.36894364911558,48.16455489214093],[-122.36861244840667,48.16444355497333],[-122.36871999991293,48.16554169728295],[-122.36579374904575,48.17048541594715],[-122.35642729996907,48.17045815523829],[-122.35388401621348,48.17413924864805],[-122.35231617631347,48.17678246218438],[-122.35213786929643,48.1773387575996],[-122.35198313270172,48.17820774072448],[-122.3519211347515,48.18143812218542],[-122.34439721551554,48.18628263537833],[-122.3413178741099,48.1872417206475],[-122.34031549335693,48.188296496195754],[-122.3353080439891,48.184174574023366],[-122.33500669729013,48.18382352402217],[-122.3348332534874,48.193757157160064]]]},"properties":{"COUNTY":"Snohomish","PRECCODE":21014332,"PRECNAME":"Waters","PRECINCT":"Snohomish 21014332","DESCRIPTIO":"Warm Beach North (Beach Drive, Beach), Stanwood Rural Far South (Warm Beach Senior Living)","OFFICE":"PUD Commissioner District 1","JURISDICTION":"Public Utility","RACE":"Snohomish County PUD Commissioner District 1","Name_1":"Sid Logan","Party_1":"None_1","Votes_1":"164","Name_2":"Janet St Clair","Party_2":"None_2","Votes_2":"70","Name_3":"Bruce King","Party_3":"None_3","Votes_3":"49","Name_4":"Write-In","Party_4":"None_4","Votes_4":"1","Name_5":null,"Party_5":null,"Votes_5":"0","Name_6":null,"Party_6":null,"Votes_6":"0","Name_7":null,"Party_7":null,"Votes_7":"0","Votes_total":"284","Pct_1":57.75,"Pct_2":24.65,"Pct_3":17.25,"Pct_4":0.35,"Pct_5":0,"Pct_6":0,"Pct_7":0,"Margin":33.1}},
{"type":"Feature","geometry":{"type":"Polygon","coordinates":[[[-122.22610972596799,48.143259287823284],[-122.22446769186406,48.14288820529662],[-122.2370268245931,48.15131806024997],[-122.24031911984719,48.152914761210795],[-122.24422959194298,48.1562218649818],[-122.24690753454256,48.157139011953376],[-122.24893279873076,48.156987378101306],[-122.2564070095819,48.154906212324775],[-122.25890739202036,48.155121149297315],[-122.26071038183794,48.15643387325349],[-122.26379801143148,48.15700436169618],[-122.26749972073092,48.155564904470545],[-122.2751514602461,48.15566783520833],[-122.27573666339703,48.15576837004867],[-122.27625924867644,48.15198958765431],[-122.2703447361295,48.15191979168183],[-122.27038041437463,48.14794962515838],[-122.2693041172605,48.14749807748303],[-122.26845393497572,48.14773540583428],[-122.26817577367824,48.148890696248195],[-122.26707980372994,48.149406461611626],[-122.26357951111825,48.14836446692716],[-122.25822716399605,48.14830950810513],[-122.25922698333247,48.145761710703205],[-122.25725197890058,48.14411103989337],[-122.25480978598868,48.14260578885788],[-122.25381338617241,48.14263691860921],[-122.25250954617742,48.142926049036504],[-122.25075050799678,48.14262680949603],[-122.25018034025732,48.14269451319019],[-122.2451446484712,48.14393976748278],[-122.2433017750292,48.143560370804565],[-122.23333371757727,48.14337132438133],[-122.22610972596799,48.143259287823284]]]},"properties":{"COUNTY":"Snohomish","PRECCODE":21014335,"PRECNAME":"Willow","PRECINCT":"Snohomish 21014335","DESCRIPTIO":"Lake Goodwin Northeast (Lake Ki, Edwards Springs Reservoir)","OFFICE":"PUD Commissioner District 1","JURISDICTION":"Public Utility","RACE":"Snohomish County PUD Commissioner District 1","Name_1":"Sid Logan","Party_1":"None_1","Votes_1":"97","Name_2":"Bruce King","Party_2":"None_3","Votes_2":"36","Name_3":"Janet St Clair","Party_3":"None_2","Votes_3":"35","Name_4":null,"Party_4":null,"Votes_4":"0","Name_5":null,"Party_5":null,"Votes_5":"0","Name_6":null,"Party_6":null,"Votes_6":"0","Name_7":null,"Party_7":null,"Votes_7":"0","Votes_total":"168","Pct_1":57.74,"Pct_2":21.43,"Pct_3":20.83,"Pct_4":0,"Pct_5":0,"Pct_6":0,"Pct_7":0,"Margin":36.31}},
{"type":"Feature","geometry":{"type":"Polygon","coordinates":[[[-122.33503321987594,48.18385428080459],[-122.3336815547246,48.18122843561419],[-122.33379968693498,48.17844289641816],[-122.33196716055437,48.17413098437133],[-122.32876962879853,48.17227480984676],[-122.32206019319038,48.1661363145915],[-122.31897745055373,48.161127157806895],[-122.31664900227575,48.159485630816214],[-122.31667675991586,48.15948895737611],[-122.31641850283077,48.159415087520024],[-122.31566341614688,48.15928978686341],[-122.31417388253486,48.15897275738939],[-122.31423916192661,48.15233811597389],[-122.30340115599381,48.152223988460946],[-122.30285902329989,48.16669785443103],[-122.29173274746992,48.166567850171425],[-122.29123438346187,48.18098927099613],[-122.30206141050476,48.18111907037656],[-122.30206191682711,48.18110089938865],[-122.3130119345329,48.18133477191113],[-122.31288410409427,48.18852796777609],[-122.32078749092904,48.188507991841014],[-122.32572278522485,48.187235200240494],[-122.32788559354785,48.18885565708522],[-122.33230000737633,48.190872609752134],[-122.33485856939546,48.19091868216767],[-122.33500669729013,48.18382352402217],[-122.33503321987594,48.18385428080459]]]},"properties":{"COUNTY":"Snohomish","PRECCODE":21014352,"PRECNAME":"McRae","PRECINCT":"Snohomish 21014352","DESCRIPTIO":"Warm Beach Rural Far East (Blacktail Forest, Goodwin Road), Stanwood Rural Farther South","OFFICE":"PUD Commissioner District 1","JURISDICTION":"Public Utility","RACE":"Snohomish County PUD Commissioner District 1","Name_1":"Sid Logan","Party_1":"None_1","Votes_1":"131","Name_2":"Janet St Clair","Party_2":"None_2","Votes_2":"56","Name_3":"Bruce King","Party_3":"None_3","Votes_3":"48","Name_4":"Write-In","Party_4":"None_4","Votes_4":"1","Name_5":null,"Party_5":null,"Votes_5":"0","Name_6":null,"Party_6":null,"Votes_6":"0","Name_7":null,"Party_7":null,"Votes_7":"0","Votes_total":"236","Pct_1":55.51,"Pct_2":23.73,"Pct_3":20.34,"Pct_4":0.42,"Pct_5":0,"Pct_6":0,"Pct_7":0,"Margin":31.78}},
{"type":"Feature","geometry":{"type":"Polygon","coordinates":[[[-122.21619919245583,48.12292303238691],[-122.18977402414522,48.12288683537201],[-122.18929594206539,48.12648531646385],[-122.19488306405064,48.12648918146179],[-122.19462233016782,48.129388700758554],[-122.18885561059524,48.129497550919595],[-122.20318402529516,48.148331111144635],[-122.207783392426,48.14828942066008],[-122.20779114904082,48.148829457505656],[-122.20681670063257,48.14870058554581],[-122.20548986857303,48.149146799708554],[-122.20625790055846,48.150138979315976],[-122.2080699001972,48.14992849018208],[-122.20807648923972,48.15042467253724],[-122.20708579000798,48.15043651244598],[-122.20809017970404,48.15141703098892],[-122.21096042655442,48.1510181960306],[-122.21093423870512,48.15174310985986],[-122.21562901903536,48.151695596182414],[-122.21563281071984,48.15183683738121],[-122.2271703936094,48.1520814178461],[-122.23864290293655,48.15211340522785],[-122.2370268245931,48.15131806024997],[-122.22446769186406,48.14288820529662],[-122.22610972596799,48.143259287823284],[-122.22733398283187,48.14327973862468],[-122.22747858648727,48.129717427645595],[-122.22764805127382,48.123003276041594],[-122.22239845833418,48.12297542297744],[-122.21619919245583,48.12292303238691]]]},"properties":{"COUNTY":"Snohomish","PRECCODE":21014363,"PRECNAME":"Straus","PRECINCT":"Snohomish 21014363","DESCRIPTIO":"Marysville Rural Northwest (Lakewood High School, Waterford)","OFFICE":"PUD Commissioner District 1","JURISDICTION":"Public Utility","RACE":"Snohomish County PUD Commissioner District 1","Name_1":"Sid Logan","Party_1":"None_1","Votes_1":"133","Name_2":"Bruce King","Party_2":"None_3","Votes_2":"74","Name_3":"Janet St Clair","Party_3":"None_2","Votes_3":"61","Name_4":"Write-In","Party_4":"None_4","Votes_4":"2","Name_5":null,"Party_5":null,"Votes_5":"0","Name_6":null,"Party_6":null,"Votes_6":"0","Name_7":null,"Party_7":null,"Votes_7":"0","Votes_total":"270","Pct_1":49.26,"Pct_2":27.41,"Pct_3":22.59,"Pct_4":0.74,"Pct_5":0,"Pct_6":0,"Pct_7":0,"Margin":21.85}},
{"type":"Feature","geometry":{"type":"Polygon","coordinates":[[[-122.29899036051941,48.195520027622685],[-122.29902135387543,48.188349192797745],[-122.3019015597183,48.18837536235548],[-122.3020037108138,48.1843405875512],[-122.30206141050476,48.18111907037656],[-122.29123438346187,48.18098927099613],[-122.26961907320049,48.18104392796673],[-122.27006620845967,48.16649753687819],[-122.24868194810902,48.16643929128822],[-122.24824804544994,48.181015693199335],[-122.23744817034236,48.18100610904584],[-122.23725243055227,48.18825766656728],[-122.23679266480836,48.18825676313713],[-122.23797929207925,48.19053269371131],[-122.24091895211812,48.19392939076842],[-122.24415940984474,48.1962235622126],[-122.24586199727706,48.194718521495446],[-122.24771508217736,48.19438440007969],[-122.25132736127105,48.19499883390755],[-122.25359640805557,48.193653171932446],[-122.25617277689962,48.193230386999055],[-122.25855459036946,48.19165146413238],[-122.26075224486645,48.19162422643353],[-122.26356241384191,48.19410449819025],[-122.26459904629462,48.19718751734768],[-122.26455728088398,48.19900301368709],[-122.26924202614083,48.198496210967846],[-122.27113060294,48.199212060650225],[-122.27109211314851,48.19559714745675],[-122.29899036051941,48.195520027622685]]]},"properties":{"COUNTY":"Snohomish","PRECCODE":21014457,"PRECNAME":"Happy Valley","PRECINCT":"Snohomish 21014457","DESCRIPTIO":"Stanwood Rural Farthest Southeast (Happy Valley), Arlington Rural Farthest West (Silvana Fire Station)","OFFICE":"PUD Commissioner District 1","JURISDICTION":"Public Utility","RACE":"Snohomish County PUD Commissioner District 1","Name_1":"Sid Logan","Party_1":"None_1","Votes_1":"77","Name_2":"Bruce King","Party_2":"None_3","Votes_2":"42","Name_3":"Janet St Clair","Party_3":"None_2","Votes_3":"38","Name_4":"Write-In","Party_4":"None_4","Votes_4":"1","Name_5":null,"Party_5":null,"Votes_5":"0","Name_6":null,"Party_6":null,"Votes_6":"0","Name_7":null,"Party_7":null,"Votes_7":"0","Votes_total":"158","Pct_1":48.73,"Pct_2":26.58,"Pct_3":24.05,"Pct_4":0.63,"Pct_5":0,"Pct_6":0,"Pct_7":0,"Margin":22.15}},
{"type":"Feature","geometry":{"type":"Polygon","coordinates":[[[-122.29911181282972,48.12324539240625],[-122.2964192861204,48.12324750188598],[-122.28646334466308,48.12320551744284],[-122.28645229795416,48.123920934786995],[-122.28643518037588,48.12414889520812],[-122.28633782811832,48.124454213160554],[-122.2854721207284,48.125341342823035],[-122.28714593073074,48.12684181690189],[-122.28708209010117,48.13047530218378],[-122.291108595984,48.13049952955353],[-122.29176047057508,48.12885510106807],[-122.29329287242723,48.12781869954416],[-122.29552093757724,48.128214032771766],[-122.29738013777356,48.12997483328236],[-122.29735527103315,48.1311210999046],[-122.2986573385755,48.13327663415575],[-122.30122167449758,48.134039300018415],[-122.30135974120118,48.140171033466636],[-122.30094974228933,48.141432433628424],[-122.30226034342411,48.14387863433067],[-122.30115407672616,48.14374143310683],[-122.30051681661345,48.144990540834314],[-122.3032644606914,48.14495986481837],[-122.30340115599381,48.152223988460946],[-122.31423916192661,48.15233811597389],[-122.31428176334244,48.12329690837724],[-122.3119532969447,48.123284305357274],[-122.29911181282972,48.12324539240625]]]},"properties":{"COUNTY":"Snohomish","PRECCODE":21014483,"PRECNAME":"Shoecraft","PRECINCT":"Snohomish 21014483","DESCRIPTIO":"Lake Goodwin West (Lake Goodwin Southwest, Lake Shoecraft, Fire Trail Estates)","OFFICE":"PUD Commissioner District 1","JURISDICTION":"Public Utility","RACE":"Snohomish County PUD Commissioner District 1","Name_1":"Sid Logan","Party_1":"None_1","Votes_1":"187","Name_2":"Janet St Clair","Party_2":"None_2","Votes_2":"76","Name_3":"Bruce King","Party_3":"None_3","Votes_3":"68","Name_4":"Write-In","Party_4":"None_4","Votes_4":"1","Name_5":null,"Party_5":null,"Votes_5":"0","Name_6":null,"Party_6":null,"Votes_6":"0","Name_7":null,"Party_7":null,"Votes_7":"0","Votes_total":"332","Pct_1":56.33,"Pct_2":22.89,"Pct_3":20.48,"Pct_4":0.3,"Pct_5":0,"Pct_6":0,"Pct_7":0,"Margin":33.44}},
{"type":"Feature","geometry":{"type":"Polygon","coordinates":[[[-122.28154554376839,48.13771696447385],[-122.28154366361149,48.134554373025495],[-122.28011193044993,48.13425666360394],[-122.27746597196334,48.13157441022816],[-122.27689888690607,48.131818359345736],[-122.27597087532536,48.131240602776984],[-122.27597290518732,48.13047217956664],[-122.27433029517412,48.12964024724992],[-122.27280424806138,48.12960675968234],[-122.27150043554623,48.12796119064019],[-122.27090890877415,48.12677855196439],[-122.27090206505764,48.12501067319964],[-122.27092929744595,48.1231808529253],[-122.26719370866081,48.12316796524969],[-122.26097650929515,48.123193698050386],[-122.254859981238,48.12317603668554],[-122.2547518652161,48.13107586182733],[-122.25682666958679,48.13195806960661],[-122.256992663462,48.13353675613429],[-122.25630032801193,48.1347183962432],[-122.25456588909537,48.1355777666069],[-122.25404959381837,48.14258976953787],[-122.25480978598868,48.14260578885788],[-122.25725197890058,48.14411103989337],[-122.25922698333247,48.145761710703205],[-122.25822716399605,48.14830950810513],[-122.26357951111825,48.14836446692716],[-122.26707980372994,48.149406461611626],[-122.26817577367824,48.148890696248195],[-122.26845393497572,48.14773540583428],[-122.2693041172605,48.14749807748303],[-122.27038041437463,48.14794962515838],[-122.2703447361295,48.15191979168183],[-122.27625924867644,48.15198958765431],[-122.27675027703638,48.14862246856344],[-122.2672284998999,48.140363812530616],[-122.27161872652475,48.13758874232689],[-122.28154554376839,48.13771696447385]]]},"properties":{"COUNTY":"Snohomish","PRECCODE":21014488,"PRECNAME":"Wenberg","PRECINCT":"Snohomish 21014488","DESCRIPTIO":"Lake Goodwin Southeast (The Forest, Lake Crabapple)","OFFICE":"PUD Commissioner District 1","JURISDICTION":"Public Utility","RACE":"Snohomish County PUD Commissioner District 1","Name_1":"Sid Logan","Party_1":"None_1","Votes_1":"135","Name_2":"Janet St Clair","Party_2":"None_2","Votes_2":"50","Name_3":"Bruce King","Party_3":"None_3","Votes_3":"45","Name_4":null,"Party_4":null,"Votes_4":"0","Name_5":null,"Party_5":null,"Votes_5":"0","Name_6":null,"Party_6":null,"Votes_6":"0","Name_7":null,"Party_7":null,"Votes_7":"0","Votes_total":"230","Pct_1":58.7,"Pct_2":21.74,"Pct_3":19.57,"Pct_4":0,"Pct_5":0,"Pct_6":0,"Pct_7":0,"Margin":36.96}},
{"type":"Feature","geometry":{"type":"Polygon","coordinates":[[[-122.36914032522292,48.163230122862274],[-122.36723589999998,48.1582035],[-122.3670884,48.1551334],[-122.3649747794775,48.15239952363062],[-122.3480667155395,48.15243018722815],[-122.33777941475866,48.152501317066026],[-122.33436532395538,48.15250694810848],[-122.31423916192661,48.15233811597389],[-122.31417388253486,48.15897275738939],[-122.31566341614688,48.15928978686341],[-122.31641850283077,48.159415087520024],[-122.31667675991586,48.15948895737611],[-122.31743646249866,48.159578718916855],[-122.32171935049946,48.16053211370141],[-122.3326419848513,48.16172997870482],[-122.3359604522956,48.16337668139888],[-122.34539346733351,48.163239433243234],[-122.35264987781234,48.16322957611074],[-122.36032010382011,48.163232533733854],[-122.36898140215858,48.16326159340107],[-122.3689814799148,48.16324702662322],[-122.36914032522292,48.163230122862274]]]},"properties":{"COUNTY":"Snohomish","PRECCODE":21014502,"PRECNAME":"Lake Howard","PRECINCT":"Snohomish 21014502","DESCRIPTIO":"Warm Beach South (Marine Drive & 176th), Warm Beach Rural Southeast (Lake Howard)","OFFICE":"PUD Commissioner District 1","JURISDICTION":"Public Utility","RACE":"Snohomish County PUD Commissioner District 1","Name_1":"Sid Logan","Party_1":"None_1","Votes_1":"116","Name_2":"Janet St Clair","Party_2":"None_2","Votes_2":"86","Name_3":"Bruce King","Party_3":"None_3","Votes_3":"51","Name_4":null,"Party_4":null,"Votes_4":"0","Name_5":null,"Party_5":null,"Votes_5":"0","Name_6":null,"Party_6":null,"Votes_6":"0","Name_7":null,"Party_7":null,"Votes_7":"0","Votes_total":"253","Pct_1":45.85,"Pct_2":33.99,"Pct_3":20.16,"Pct_4":0,"Pct_5":0,"Pct_6":0,"Pct_7":0,"Margin":11.86}},
{"type":"Feature","geometry":{"type":"Polygon","coordinates":[[[-122.29123438346187,48.18098927099613],[-122.29173274746992,48.166567850171425],[-122.30285902329989,48.16669785443103],[-122.30340115599381,48.152223988460946],[-122.29827797152507,48.152180165783825],[-122.2978162773111,48.15373383384393],[-122.29446374291871,48.1545230345933],[-122.2912069593276,48.152151154744544],[-122.28663715617812,48.152104461028934],[-122.2887702765438,48.153930785640995],[-122.28909752958171,48.15570463081233],[-122.28650770927176,48.15568434934411],[-122.28633835070053,48.1665446114028],[-122.27006620845967,48.16649753687819],[-122.26961907320049,48.18104392796673],[-122.29123438346187,48.18098927099613]]]},"properties":{"COUNTY":"Snohomish","PRECCODE":21014545,"PRECNAME":"McDonald","PRECINCT":"Snohomish 21014545","DESCRIPTIO":"Lake Goodwin Far North (Lake Goodwin Park), Stanwood Rural Farthest Southwest","OFFICE":"PUD Commissioner District 1","JURISDICTION":"Public Utility","RACE":"Snohomish County PUD Commissioner District 1","Name_1":"Sid Logan","Party_1":"None_1","Votes_1":"110","Name_2":"Bruce King","Party_2":"None_3","Votes_2":"44","Name_3":"Janet St Clair","Party_3":"None_2","Votes_3":"33","Name_4":"Write-In","Party_4":"None_4","Votes_4":"1","Name_5":null,"Party_5":null,"Votes_5":"0","Name_6":null,"Party_6":null,"Votes_6":"0","Name_7":null,"Party_7":null,"Votes_7":"0","Votes_total":"188","Pct_1":58.51,"Pct_2":23.4,"Pct_3":17.55,"Pct_4":0.53,"Pct_5":0,"Pct_6":0,"Pct_7":0,"Margin":35.11}},
{"type":"Feature","geometry":{"type":"Polygon","coordinates":[[[-122.33436532395538,48.15250694810848],[-122.33838778384059,48.15249746980185],[-122.33853972813128,48.14628910415653],[-122.33287817960392,48.146289908802935],[-122.33274035725587,48.14430034431487],[-122.32787138077654,48.1442168782197],[-122.32761629875074,48.14245015372052],[-122.32226348709736,48.142434003426246],[-122.32248544628801,48.138917611821746],[-122.32469434951126,48.1387729634167],[-122.32547898070628,48.1380540965656],[-122.3305149462773,48.13782530831988],[-122.3323898293747,48.136252065213064],[-122.33252309630859,48.133846911043385],[-122.33381082662102,48.13321558854809],[-122.33500373007018,48.133389456574506],[-122.33943133695617,48.136237997950104],[-122.34424068079844,48.13607609352983],[-122.35321017963095,48.13766552876151],[-122.35464463382147,48.13736088525569],[-122.35936603714029,48.13858339320725],[-122.36005032628623,48.13776048188339],[-122.36633200816347,48.13775700002941],[-122.36805593455863,48.135169464940184],[-122.36476873287047,48.133679150712695],[-122.362759,48.131994],[-122.3627687975639,48.12970852643906],[-122.3647641024073,48.126087902483015],[-122.36367050600356,48.125508200489875],[-122.36270158159108,48.12339576660172],[-122.33726569076389,48.1233572796062],[-122.32484654832297,48.12334107598491],[-122.31428176334244,48.12329690837724],[-122.31423916192661,48.15233811597389],[-122.33436532395538,48.15250694810848]]]},"properties":{"COUNTY":"Snohomish","PRECCODE":21014638,"PRECNAME":"Kayak","PRECINCT":"Snohomish 21014638","DESCRIPTIO":"Warm Beach Far Southeast (Bateman Avenue, McKees Beach)","OFFICE":"PUD Commissioner District 1","JURISDICTION":"Public Utility","RACE":"Snohomish County PUD Commissioner District 1","Name_1":"Sid Logan","Party_1":"None_1","Votes_1":"150","Name_2":"Janet St Clair","Party_2":"None_2","Votes_2":"67","Name_3":"Bruce King","Party_3":"None_3","Votes_3":"65","Name_4":"Write-In","Party_4":"None_4","Votes_4":"1","Name_5":null,"Party_5":null,"Votes_5":"0","Name_6":null,"Party_6":null,"Votes_6":"0","Name_7":null,"Party_7":null,"Votes_7":"0","Votes_total":"283","Pct_1":53,"Pct_2":23.67,"Pct_3":22.97,"Pct_4":0.35,"Pct_5":0,"Pct_6":0,"Pct_7":0,"Margin":29.33}},
{"type":"Feature","geometry":{"type":"Polygon","coordinates":[[[-122.33485856939546,48.19091868216767],[-122.33230000737633,48.190872609752134],[-122.32788559354785,48.18885565708522],[-122.32572278522485,48.187235200240494],[-122.32078749092904,48.188507991841014],[-122.31288410409427,48.18852796777609],[-122.3130119345329,48.18133477191113],[-122.30206191682711,48.18110089938865],[-122.3020037108138,48.1843405875512],[-122.3019015597183,48.18837536235548],[-122.29902135387543,48.188349192797745],[-122.29899036051941,48.195520027622685],[-122.30172136084816,48.195584778461445],[-122.30238634501438,48.204780378582086],[-122.3030647442652,48.204711741838075],[-122.30668778285677,48.205281137741906],[-122.3068151,48.2049677],[-122.31243819999999,48.2063075],[-122.31827469999998,48.2060558],[-122.32383649999998,48.2077261],[-122.3283598,48.2065249],[-122.33488573678534,48.20976997073552],[-122.3348332534874,48.193757157160064],[-122.33485856939546,48.19091868216767]],[[-122.32894986626475,48.205085375735415],[-122.32848104043462,48.20606601402538],[-122.32484835206195,48.2056573973964],[-122.3249067513845,48.20441802184043],[-122.32651202980394,48.20418840316947],[-122.32894986626475,48.205085375735415]],[[-122.32158349049324,48.20656529847733],[-122.32104766462015,48.20675935345418],[-122.32061420353905,48.206291219870835],[-122.32116092768625,48.206084087830085],[-122.32158349049324,48.20656529847733]]]},"properties":{"COUNTY":"Snohomish","PRECCODE":21014682,"PRECNAME":"Silvana Terrace","PRECINCT":"Snohomish 21014682","DESCRIPTIO":"Stanwood Rural Far Southeast (Silvana Terrace West, Happy Hollow Farms)","OFFICE":"PUD Commissioner District 1","JURISDICTION":"Public Utility","RACE":"Snohomish County PUD Commissioner District 1","Name_1":"Sid Logan","Party_1":"None_1","Votes_1":"81","Name_2":"Bruce King","Party_2":"None_3","Votes_2":"58","Name_3":"Janet St Clair","Party_3":"None_2","Votes_3":"48","Name_4":"Write-In","Party_4":"None_4","Votes_4":"3","Name_5":null,"Party_5":null,"Votes_5":"0","Name_6":null,"Party_6":null,"Votes_6":"0","Name_7":null,"Party_7":null,"Votes_7":"0","Votes_total":"190","Pct_1":42.63,"Pct_2":30.53,"Pct_3":25.26,"Pct_4":1.58,"Pct_5":0,"Pct_6":0,"Pct_7":0,"Margin":12.1}},
{"type":"Feature","geometry":{"type":"Polygon","coordinates":[[[-122.35318881651293,48.29756526079152],[-122.36294498791607,48.275776630809396],[-122.36307935016669,48.27285799089466],[-122.36129169770463,48.26852310646351],[-122.34791411746292,48.268552282191884],[-122.33744790902884,48.26846169067847],[-122.33632672046136,48.26844273029471],[-122.33664750598123,48.29022830746876],[-122.33545833009384,48.29752219846734],[-122.35318881651293,48.29756526079152]]]},"properties":{"COUNTY":"Snohomish","PRECCODE":21014700,"PRECNAME":"Ketchum","PRECINCT":"Snohomish 21014700","DESCRIPTIO":"Stanwood Rural Far Northwest (Wilderness Ridge, Lake Ketchum)","OFFICE":"PUD Commissioner District 1","JURISDICTION":"Public Utility","RACE":"Snohomish County PUD Commissioner District 1","Name_1":"Sid Logan","Party_1":"None_1","Votes_1":"136","Name_2":"Bruce King","Party_2":"None_3","Votes_2":"81","Name_3":"Janet St Clair","Party_3":"None_2","Votes_3":"73","Name_4":null,"Party_4":null,"Votes_4":"0","Name_5":null,"Party_5":null,"Votes_5":"0","Name_6":null,"Party_6":null,"Votes_6":"0","Name_7":null,"Party_7":null,"Votes_7":"0","Votes_total":"290","Pct_1":46.9,"Pct_2":27.93,"Pct_3":25.17,"Pct_4":0,"Pct_5":0,"Pct_6":0,"Pct_7":0,"Margin":18.97}},
{"type":"Feature","geometry":{"type":"Polygon","coordinates":[[[-122.26750791549375,48.225458395049664],[-122.26346923742373,48.22510635236208],[-122.25889550856797,48.22308377484156],[-122.25359216416393,48.222020298957126],[-122.24998472375727,48.22072067220375],[-122.2488619866171,48.220232994338474],[-122.24834065911851,48.2199250416423],[-122.24816388934758,48.219800492956566],[-122.24810126566376,48.22438394651914],[-122.23731154938734,48.22432861723791],[-122.23725893380347,48.23513732579416],[-122.24090689677054,48.23894118984702],[-122.242371761038,48.23898368504337],[-122.24334420158043,48.23902953318265],[-122.2444274112532,48.239017468661785],[-122.28090386908183,48.238985873294794],[-122.28078838365224,48.23211013750588],[-122.27809639767206,48.23210647079087],[-122.27808013985351,48.22368711064671],[-122.27079738969293,48.223630856904464],[-122.26810107919322,48.22533842198248],[-122.26750791549375,48.225458395049664]]]},"properties":{"COUNTY":"Snohomish","PRECCODE":21014714,"PRECNAME":"Sunday Lake","PRECINCT":"Snohomish 21014714","DESCRIPTIO":"Stanwood Rural Southeast (Sunday Lake, Stanwood I-5 Park & Ride)","OFFICE":"PUD Commissioner District 1","JURISDICTION":"Public Utility","RACE":"Snohomish County PUD Commissioner District 1","Name_1":"Sid Logan","Party_1":"None_1","Votes_1":"144","Name_2":"Janet St Clair","Party_2":"None_2","Votes_2":"64","Name_3":"Bruce King","Party_3":"None_3","Votes_3":"53","Name_4":null,"Party_4":null,"Votes_4":"0","Name_5":null,"Party_5":null,"Votes_5":"0","Name_6":null,"Party_6":null,"Votes_6":"0","Name_7":null,"Party_7":null,"Votes_7":"0","Votes_total":"261","Pct_1":55.17,"Pct_2":24.52,"Pct_3":20.31,"Pct_4":0,"Pct_5":0,"Pct_6":0,"Pct_7":0,"Margin":30.65}},
{"type":"Feature","geometry":{"type":"Polygon","coordinates":[[[-122.29476101726367,48.14276008897112],[-122.29261674172437,48.13965430190533],[-122.29088774063752,48.13983490135785],[-122.29015854113473,48.13946183464016],[-122.29040527393339,48.13741063452268],[-122.29107733951203,48.13690070197944],[-122.28981573867594,48.136489101435544],[-122.28778447230364,48.13482143581614],[-122.28786693716478,48.13341190173698],[-122.291108595984,48.13049952955353],[-122.28708209010117,48.13047530218378],[-122.28714593073074,48.12684181690189],[-122.2854721207284,48.125341342823035],[-122.28633782811832,48.124454213160554],[-122.28643518037588,48.12414889520812],[-122.28645229795416,48.123920934786995],[-122.28646334466308,48.12320551744284],[-122.27995005049665,48.12318778163362],[-122.27092929744595,48.1231808529253],[-122.27090206505764,48.12501067319964],[-122.27090890877415,48.12677855196439],[-122.27150043554623,48.12796119064019],[-122.27280424806138,48.12960675968234],[-122.27433029517412,48.12964024724992],[-122.27597290518732,48.13047217956664],[-122.27597087532536,48.131240602776984],[-122.27689888690607,48.131818359345736],[-122.27746597196334,48.13157441022816],[-122.28011193044993,48.13425666360394],[-122.28154366361149,48.134554373025495],[-122.28154554376839,48.13771696447385],[-122.28142672639781,48.13771606212792],[-122.28379868599428,48.13826896964864],[-122.28608007541092,48.138241362604184],[-122.28635781246537,48.13828514903898],[-122.2891169460569,48.14032298232804],[-122.29241363887019,48.140559143505705],[-122.29476101726367,48.14276008897112]]]},"properties":{"COUNTY":"Snohomish","PRECCODE":21014779,"PRECNAME":"South Lake Goodwin","PRECINCT":"Snohomish 21014779","DESCRIPTIO":"Lake Goodwin South (Lakewood Hills, Lake Goodwin Southeast)","OFFICE":"PUD Commissioner District 1","JURISDICTION":"Public Utility","RACE":"Snohomish County PUD Commissioner District 1","Name_1":"Sid Logan","Party_1":"None_1","Votes_1":"53","Name_2":"Janet St Clair","Party_2":"None_2","Votes_2":"36","Name_3":"Bruce King","Party_3":"None_3","Votes_3":"34","Name_4":null,"Party_4":null,"Votes_4":"0","Name_5":null,"Party_5":null,"Votes_5":"0","Name_6":null,"Party_6":null,"Votes_6":"0","Name_7":null,"Party_7":null,"Votes_7":"0","Votes_total":"123","Pct_1":43.09,"Pct_2":29.27,"Pct_3":27.64,"Pct_4":0,"Pct_5":0,"Pct_6":0,"Pct_7":0,"Margin":13.82}},
{"type":"Feature","geometry":{"type":"Polygon","coordinates":[[[-122.29691327186578,48.268297939353616],[-122.28661968409676,48.26794855816887],[-122.28624187245202,48.25050566706712],[-122.28512178617969,48.24998385598422],[-122.26978126832014,48.25011967502605],[-122.26985885928745,48.24645185845451],[-122.25038298070336,48.246096559718005],[-122.24407199947152,48.23948937570655],[-122.24397171761042,48.23916287906448],[-122.24402783523284,48.23902047747203],[-122.24334420158043,48.23902953318265],[-122.242371761038,48.23898368504337],[-122.24140247175771,48.238959209608666],[-122.25351843474701,48.25047268220406],[-122.26940368786018,48.26754338929227],[-122.29229090077624,48.28768345703308],[-122.29524210902628,48.29019466532945],[-122.31078619349294,48.29037646577306],[-122.31069993513829,48.28333243784201],[-122.30525059128783,48.28318403326391],[-122.30526639145614,48.27595208210293],[-122.30266585558596,48.27590976136374],[-122.30265913064981,48.274035704442305],[-122.30262424376424,48.274034942876426],[-122.3025788678188,48.26844153909332],[-122.29691327186578,48.268297939353616]]]},"properties":{"COUNTY":"Snohomish","PRECCODE":21014867,"PRECNAME":"Freedom","PRECINCT":"Snohomish 21014867","DESCRIPTIO":"Stanwood Rural Far East (Freeborn Fire Station, Beck Mill)","OFFICE":"PUD Commissioner District 1","JURISDICTION":"Public Utility","RACE":"Snohomish County PUD Commissioner District 1","Name_1":"Sid Logan","Party_1":"None_1","Votes_1":"65","Name_2":"Bruce King","Party_2":"None_3","Votes_2":"50","Name_3":"Janet St Clair","Party_3":"None_2","Votes_3":"33","Name_4":null,"Party_4":null,"Votes_4":"0","Name_5":null,"Party_5":null,"Votes_5":"0","Name_6":null,"Party_6":null,"Votes_6":"0","Name_7":null,"Party_7":null,"Votes_7":"0","Votes_total":"148","Pct_1":43.92,"Pct_2":33.78,"Pct_3":22.3,"Pct_4":0,"Pct_5":0,"Pct_6":0,"Pct_7":0,"Margin":10.14}},
{"type":"Feature","geometry":{"type":"Polygon","coordinates":[[[-122.35760171533728,48.163231544327296],[-122.34539346733351,48.163239433243234],[-122.3359604522956,48.16337668139888],[-122.3326419848513,48.16172997870482],[-122.32171935049946,48.16053211370141],[-122.31743646249866,48.159578718916855],[-122.31664900227575,48.159485630816214],[-122.31897745055373,48.161127157806895],[-122.32206019319038,48.1661363145915],[-122.32876962879853,48.17227480984676],[-122.33196716055437,48.17413098437133],[-122.33379968693498,48.17844289641816],[-122.3336815547246,48.18122843561419],[-122.33503321987594,48.18385428080459],[-122.3353080439891,48.184174574023366],[-122.34031549335693,48.188296496195754],[-122.3413178741099,48.1872417206475],[-122.34439721551554,48.18628263537833],[-122.3519211347515,48.18143812218542],[-122.35198313270172,48.17820774072448],[-122.35213786929643,48.1773387575996],[-122.35231617631347,48.17678246218438],[-122.35388401621348,48.17413924864805],[-122.35761658800536,48.16801829047089],[-122.35760171533728,48.163231544327296]]]},"properties":{"COUNTY":"Snohomish","PRECCODE":21014874,"PRECNAME":"Warm Beach","PRECINCT":"Snohomish 21014874","DESCRIPTIO":"Warm Beach Northeast (Lake Martha, Warm Beach Free Methodist Church)","OFFICE":"PUD Commissioner District 1","JURISDICTION":"Public Utility","RACE":"Snohomish County PUD Commissioner District 1","Name_1":"Sid Logan","Party_1":"None_1","Votes_1":"106","Name_2":"Janet St Clair","Party_2":"None_2","Votes_2":"53","Name_3":"Bruce King","Party_3":"None_3","Votes_3":"51","Name_4":null,"Party_4":null,"Votes_4":"0","Name_5":null,"Party_5":null,"Votes_5":"0","Name_6":null,"Party_6":null,"Votes_6":"0","Name_7":null,"Party_7":null,"Votes_7":"0","Votes_total":"210","Pct_1":50.48,"Pct_2":25.24,"Pct_3":24.29,"Pct_4":0,"Pct_5":0,"Pct_6":0,"Pct_7":0,"Margin":25.24}},
{"type":"Feature","geometry":{"type":"MultiPolygon","coordinates":[[[[-122.18410478590303,48.04637785858658],[-122.18407562244985,48.036847362551015],[-122.18367241487574,48.03784852029792],[-122.18364969220784,48.037035637245054],[-122.18305196417455,48.03688333176221],[-122.17748756401791,48.03742904202382],[-122.17308276073615,48.0360752552028],[-122.1743341635519,48.04075197597647],[-122.17769383175822,48.04402577501593],[-122.17742362929704,48.04237104230494],[-122.17832443222193,48.04306144212124],[-122.17823549820682,48.04420430860418],[-122.17706763223418,48.044935575810875],[-122.1784002983982,48.04488877484613],[-122.17882483142289,48.04593037622126],[-122.1792681651554,48.0454421083549],[-122.18313685928882,48.046968281404226],[-122.18301096572503,48.04643418035846],[-122.18410478590303,48.04637785858658]]],[[[-122.18367962125004,48.04892091111958],[-122.18392789536422,48.04936136518388],[-122.18411335116686,48.04923744760084],[-122.18410892851927,48.04781776695274],[-122.183634414899,48.04780695783863],[-122.1830494484535,48.04775674504313],[-122.18367962125004,48.04892091111958]]]]},"properties":{"COUNTY":"Snohomish","PRECCODE":23811835,"PRECNAME":"Marysville 69","PRECINCT":"Snohomish 23811835","DESCRIPTIO":"Downtown Marysville Farthest South (Little West Estuary)","OFFICE":"PUD Commissioner District 1","JURISDICTION":"Public Utility","RACE":"Snohomish County PUD Commissioner District 1","Name_1":"Bruce King","Party_1":"None_3","Votes_1":"1","Name_2":null,"Party_2":null,"Votes_2":"0","Name_3":null,"Party_3":null,"Votes_3":"0","Name_4":null,"Party_4":null,"Votes_4":"0","Name_5":null,"Party_5":null,"Votes_5":"0","Name_6":null,"Party_6":null,"Votes_6":"0","Name_7":null,"Party_7":null,"Votes_7":"0","Votes_total":"1","Pct_1":100,"Pct_2":0,"Pct_3":0,"Pct_4":0,"Pct_5":0,"Pct_6":0,"Pct_7":0,"Margin":100}},
{"type":"Feature","geometry":{"type":"MultiPolygon","coordinates":[[[[-122.23075969629181,48.0055071432279],[-122.22993065574435,48.003816184483476],[-122.22864583591935,47.997355995410345],[-122.22975248912566,47.988378025786524],[-122.22669527211355,48.01234318695458],[-122.22227727076778,48.017213125227805],[-122.2191343409152,48.01909953777593],[-122.21712091192795,48.019696954597904],[-122.22113249494713,48.02030477752235],[-122.22283534701195,48.02005785948994],[-122.2241798054432,48.01965487844843],[-122.22547565290607,48.01833770693237],[-122.22855526862963,48.00683799949005],[-122.22947486231223,48.00567711347407],[-122.23048757975631,48.008858728194255],[-122.23123296192023,48.007431825246954],[-122.23075969629181,48.0055071432279]]],[[[-122.20984793689135,48.01535470300193],[-122.21392126793788,48.01804777313435],[-122.21610363749213,48.01704237505998],[-122.21275089999997,48.014731],[-122.21336402344214,48.013985680956154],[-122.2116457,48.012786],[-122.21225319881239,48.011272626083375],[-122.21412386872271,48.009069697376944],[-122.21526840136472,48.004660442920546],[-122.22177772516767,48.00519191857012],[-122.22178313406184,48.00433848020167],[-122.22262411060231,48.004141003544916],[-122.22259907182823,48.00335026472955],[-122.21802950000001,48.0032897],[-122.21809909999996,48.0015596],[-122.22299517976599,48.001602596086094],[-122.22318565719603,48.00037546462664],[-122.21382675433793,48.00041656066659],[-122.21235249451263,48.000398658333715],[-122.2122573450194,48.004370590843756],[-122.20800137429481,48.00432213096114],[-122.20797314449426,48.010858927088464],[-122.20511566578072,48.0128108859511],[-122.20474897166223,48.01638959455078],[-122.20253670160798,48.01778034520809],[-122.20628961904761,48.01696605372634],[-122.20853678083591,48.01470410667651],[-122.20984793689135,48.01535470300193]]]]},"properties":{"COUNTY":"Snohomish","PRECCODE":23821214,"PRECNAME":"Everett 1","PRECINCT":"Snohomish 23821214","DESCRIPTIO":"NW Everett Northwest (Alverson & Grand, Port Gardner Bay View Area)","OFFICE":"PUD Commissioner District 1","JURISDICTION":"Public Utility","RACE":"Snohomish County PUD Commissioner District 1","Name_1":"Sid Logan","Party_1":"None_1","Votes_1":"147","Name_2":"Janet St Clair","Party_2":"None_2","Votes_2":"67","Name_3":"Bruce King","Party_3":"None_3","Votes_3":"50","Name_4":"Write-In","Party_4":"None_4","Votes_4":"3","Name_5":null,"Party_5":null,"Votes_5":"0","Name_6":null,"Party_6":null,"Votes_6":"0","Name_7":null,"Party_7":null,"Votes_7":"0","Votes_total":"267","Pct_1":55.06,"Pct_2":25.09,"Pct_3":18.73,"Pct_4":1.12,"Pct_5":0,"Pct_6":0,"Pct_7":0,"Margin":29.97}},
{"type":"Feature","geometry":{"type":"Polygon","coordinates":[[[-122.20659599852934,48.00430598382422],[-122.2122573450194,48.004370590843756],[-122.21235249451263,48.000398658333715],[-122.20949440140593,48.00036419606261],[-122.20956696071397,47.99775968802747],[-122.20675753795172,47.99772560323295],[-122.20659599852934,48.00430598382422]]]},"properties":{"COUNTY":"Snohomish","PRECCODE":23821215,"PRECNAME":"Everett 2","PRECINCT":"Snohomish 23821215","DESCRIPTIO":"NW Everett West (Drew Nielsen Neighborhood Park, 11th & Rucker)","OFFICE":"PUD Commissioner District 1","JURISDICTION":"Public Utility","RACE":"Snohomish County PUD Commissioner District 1","Name_1":"Sid Logan","Party_1":"None_1","Votes_1":"155","Name_2":"Janet St Clair","Party_2":"None_2","Votes_2":"78","Name_3":"Bruce King","Party_3":"None_3","Votes_3":"17","Name_4":"Write-In","Party_4":"None_4","Votes_4":"1","Name_5":null,"Party_5":null,"Votes_5":"0","Name_6":null,"Party_6":null,"Votes_6":"0","Name_7":null,"Party_7":null,"Votes_7":"0","Votes_total":"251","Pct_1":61.75,"Pct_2":31.08,"Pct_3":6.77,"Pct_4":0.4,"Pct_5":0,"Pct_6":0,"Pct_7":0,"Margin":30.67}},
{"type":"Feature","geometry":{"type":"Polygon","coordinates":[[[-122.1993828338804,48.00600520152911],[-122.20231739348182,48.006196490852936],[-122.20238809015014,48.0042397754745],[-122.20659599852934,48.00430598382422],[-122.20668964055518,48.00014583447859],[-122.20679350026853,47.996408831968466],[-122.20328948839344,47.996347338481016],[-122.20113956584505,47.99634002083636],[-122.20096782896353,48.002118692531326],[-122.20045113974534,48.00331926597389],[-122.19991769195704,48.003848887303526],[-122.1974242225785,48.005792464027984],[-122.1993828338804,48.00600520152911]]]},"properties":{"COUNTY":"Snohomish","PRECCODE":23821216,"PRECNAME":"Everett 3","PRECINCT":"Snohomish 23821216","DESCRIPTIO":"NW Everett East (Providence Hospital, Donovan District)","OFFICE":"PUD Commissioner District 1","JURISDICTION":"Public Utility","RACE":"Snohomish County PUD Commissioner District 1","Name_1":"Janet St Clair","Party_1":"None_2","Votes_1":"75","Name_2":"Sid Logan","Party_2":"None_1","Votes_2":"73","Name_3":"Bruce King","Party_3":"None_3","Votes_3":"21","Name_4":null,"Party_4":null,"Votes_4":"0","Name_5":null,"Party_5":null,"Votes_5":"0","Name_6":null,"Party_6":null,"Votes_6":"0","Name_7":null,"Party_7":null,"Votes_7":"0","Votes_total":"169","Pct_1":44.38,"Pct_2":43.2,"Pct_3":12.43,"Pct_4":0,"Pct_5":0,"Pct_6":0,"Pct_7":0,"Margin":1.18}},
{"type":"Feature","geometry":{"type":"Polygon","coordinates":[[[-122.19034761938227,48.01136591091432],[-122.18885439747929,48.012952237743114],[-122.18808950176592,48.01498223745551],[-122.18828687638546,48.015084795904826],[-122.18916588776308,48.01592309239501],[-122.18950813262813,48.015497663469375],[-122.19032512033803,48.01574106781113],[-122.19096096813544,48.01682490187806],[-122.19350988087822,48.017471678609354],[-122.19548031063127,48.0177393234204],[-122.1963824677272,48.017221826541316],[-122.2013424390318,48.018613213578774],[-122.20393358799541,48.018761139769296],[-122.2076685844647,48.0171270068704],[-122.21094772733663,48.017975315267584],[-122.2116512022799,48.01717744482584],[-122.20984793689135,48.01535470300193],[-122.20853678083591,48.01470410667651],[-122.20628961904761,48.01696605372634],[-122.20253670160798,48.01778034520809],[-122.20474897166223,48.01638959455078],[-122.20511566578072,48.0128108859511],[-122.20797314449426,48.010858927088464],[-122.20800137429481,48.00432213096114],[-122.20238809015014,48.0042397754745],[-122.20231739348182,48.006196490852936],[-122.1993828338804,48.00600520152911],[-122.19745853843074,48.0057961685312],[-122.19492400017474,48.007758169467714],[-122.19034761938227,48.01136591091432]]]},"properties":{"COUNTY":"Snohomish","PRECCODE":23821217,"PRECNAME":"Everett 4","PRECINCT":"Snohomish 23821217","DESCRIPTIO":"NW Everett Northeast (Legion Park, Legion Drive, Everett Community College)","OFFICE":"PUD Commissioner District 1","JURISDICTION":"Public Utility","RACE":"Snohomish County PUD Commissioner District 1","Name_1":"Sid Logan","Party_1":"None_1","Votes_1":"116","Name_2":"Janet St Clair","Party_2":"None_2","Votes_2":"82","Name_3":"Bruce King","Party_3":"None_3","Votes_3":"41","Name_4":null,"Party_4":null,"Votes_4":"0","Name_5":null,"Party_5":null,"Votes_5":"0","Name_6":null,"Party_6":null,"Votes_6":"0","Name_7":null,"Party_7":null,"Votes_7":"0","Votes_total":"239","Pct_1":48.54,"Pct_2":34.31,"Pct_3":17.15,"Pct_4":0,"Pct_5":0,"Pct_6":0,"Pct_7":0,"Margin":14.23}},
{"type":"Feature","geometry":{"type":"Polygon","coordinates":[[[-122.19452443913046,48.00133888874413],[-122.1957521610435,48.0012058080063],[-122.20098195436825,48.00159149165086],[-122.20120369871843,47.99371017473725],[-122.19554390713716,47.99363979112365],[-122.19541226204072,47.99807704438513],[-122.19459751948703,47.99847366245577],[-122.19449140936676,47.99859384907212],[-122.19445485718201,47.99877635820321],[-122.19452443913046,48.00133888874413]]]},"properties":{"COUNTY":"Snohomish","PRECCODE":23821218,"PRECNAME":"Everett 6","PRECINCT":"Snohomish 23821218","DESCRIPTIO":"Delta Southwest (Broadway Safeway, Everett Boys & Girls Club, Parc on 12th Apartments)","OFFICE":"PUD Commissioner District 1","JURISDICTION":"Public Utility","RACE":"Snohomish County PUD Commissioner District 1","Name_1":"Sid Logan","Party_1":"None_1","Votes_1":"82","Name_2":"Janet St Clair","Party_2":"None_2","Votes_2":"61","Name_3":"Bruce King","Party_3":"None_3","Votes_3":"34","Name_4":"Write-In","Party_4":"None_4","Votes_4":"4","Name_5":null,"Party_5":null,"Votes_5":"0","Name_6":null,"Party_6":null,"Votes_6":"0","Name_7":null,"Party_7":null,"Votes_7":"0","Votes_total":"181","Pct_1":45.3,"Pct_2":33.7,"Pct_3":18.78,"Pct_4":2.21,"Pct_5":0,"Pct_6":0,"Pct_7":0,"Margin":11.6}},
{"type":"Feature","geometry":{"type":"Polygon","coordinates":[[[-122.18777423856052,47.99619350221852],[-122.1878769735222,47.99495126727105],[-122.192017720503,47.99494005381667],[-122.19208493468307,47.992293302135714],[-122.18927889144001,47.99225900901867],[-122.18940467202496,47.986995428792525],[-122.1837769844749,47.98695202518534],[-122.18321840195176,47.98693007292457],[-122.18307628839001,47.98956073342851],[-122.18165166887792,47.99172529285148],[-122.18080261803445,47.99241173615281],[-122.18267974631175,47.994824314420164],[-122.1833390963242,47.99611960544102],[-122.18777423856052,47.99619350221852]]]},"properties":{"COUNTY":"Snohomish","PRECCODE":23821219,"PRECNAME":"Everett 8","PRECINCT":"Snohomish 23821219","DESCRIPTIO":"Riverside Northeast (Senator Henry M. Jackson Park, Riverview Apartments)","OFFICE":"PUD Commissioner District 1","JURISDICTION":"Public Utility","RACE":"Snohomish County PUD Commissioner District 1","Name_1":"Janet St Clair","Party_1":"None_2","Votes_1":"116","Name_2":"Sid Logan","Party_2":"None_1","Votes_2":"80","Name_3":"Bruce King","Party_3":"None_3","Votes_3":"37","Name_4":null,"Party_4":null,"Votes_4":"0","Name_5":null,"Party_5":null,"Votes_5":"0","Name_6":null,"Party_6":null,"Votes_6":"0","Name_7":null,"Party_7":null,"Votes_7":"0","Votes_total":"233","Pct_1":49.79,"Pct_2":34.33,"Pct_3":15.88,"Pct_4":0,"Pct_5":0,"Pct_6":0,"Pct_7":0,"Margin":15.46}},
{"type":"Feature","geometry":{"type":"Polygon","coordinates":[[[-122.20949440140593,48.00036419606261],[-122.21382675433793,48.00041656066659],[-122.22318565719603,48.00037546462664],[-122.22301666413401,47.999183312074265],[-122.21574420000002,47.99913320000001],[-122.21571182498766,47.997140741911636],[-122.2140276,47.9971087],[-122.2145871,47.9953768],[-122.22328329999998,47.9954263],[-122.22430010423231,47.99142920766741],[-122.2235416,47.9912364],[-122.2266145438489,47.986662268701295],[-122.22917889221486,47.98439311195872],[-122.22629950245621,47.98352464088692],[-122.22606001890026,47.98377100314636],[-122.22803878581209,47.98442566648558],[-122.22789757427773,47.98496265011455],[-122.22646550000002,47.9864091],[-122.2241071142667,47.985899186547826],[-122.22406068569245,47.98729794928514],[-122.22253592519527,47.98930171330574],[-122.21786682617055,47.98920881134266],[-122.21748829979931,47.98944443095011],[-122.21403220655817,47.98942056478781],[-122.21390795193763,47.98991019587339],[-122.21265962071139,47.98989077981071],[-122.2125276244311,47.995158256465345],[-122.20682693674898,47.99509320343982],[-122.20675753795172,47.99772560323295],[-122.20956696071397,47.99775968802747],[-122.20949440140593,48.00036419606261]]]},"properties":{"COUNTY":"Snohomish","PRECCODE":23821220,"PRECNAME":"Everett 11","PRECINCT":"Snohomish 23821220","DESCRIPTIO":"Northwest Everett Southwest (16th & Hoyt, Everett Marina)","OFFICE":"PUD Commissioner District 1","JURISDICTION":"Public Utility","RACE":"Snohomish County PUD Commissioner District 1","Name_1":"Sid Logan","Party_1":"None_1","Votes_1":"182","Name_2":"Janet St Clair","Party_2":"None_2","Votes_2":"91","Name_3":"Bruce King","Party_3":"None_3","Votes_3":"32","Name_4":"Write-In","Party_4":"None_4","Votes_4":"1","Name_5":null,"Party_5":null,"Votes_5":"0","Name_6":null,"Party_6":null,"Votes_6":"0","Name_7":null,"Party_7":null,"Votes_7":"0","Votes_total":"306","Pct_1":59.48,"Pct_2":29.74,"Pct_3":10.46,"Pct_4":0.33,"Pct_5":0,"Pct_6":0,"Pct_7":0,"Margin":29.74}},
{"type":"Feature","geometry":{"type":"Polygon","coordinates":[[[-122.20696014618,47.98983035214529],[-122.21390795193763,47.98991019587339],[-122.21414263414238,47.98898679332437],[-122.21416177237411,47.98595930379299],[-122.21131221124354,47.98592770633632],[-122.21136780051107,47.98330532083831],[-122.20712302992999,47.98325432697822],[-122.20696014618,47.98983035214529]]]},"properties":{"COUNTY":"Snohomish","PRECCODE":23821221,"PRECNAME":"Everett 12","PRECINCT":"Snohomish 23821221","DESCRIPTIO":"Bayside West (Colby Crest Apartments, Everett High School)","OFFICE":"PUD Commissioner District 1","JURISDICTION":"Public Utility","RACE":"Snohomish County PUD Commissioner District 1","Name_1":"Janet St Clair","Party_1":"None_2","Votes_1":"104","Name_2":"Sid Logan","Party_2":"None_1","Votes_2":"99","Name_3":"Bruce King","Party_3":"None_3","Votes_3":"19","Name_4":null,"Party_4":null,"Votes_4":"0","Name_5":null,"Party_5":null,"Votes_5":"0","Name_6":null,"Party_6":null,"Votes_6":"0","Name_7":null,"Party_7":null,"Votes_7":"0","Votes_total":"222","Pct_1":46.85,"Pct_2":44.59,"Pct_3":8.56,"Pct_4":0,"Pct_5":0,"Pct_6":0,"Pct_7":0,"Margin":2.26}},
{"type":"Feature","geometry":{"type":"Polygon","coordinates":[[[-122.20126839580256,47.99108254903275],[-122.20692671877039,47.99114606709242],[-122.20712302992999,47.98325432697822],[-122.20429097962338,47.98321681826629],[-122.2043326855328,47.981935759556585],[-122.20149468247888,47.981900492834065],[-122.20126839580256,47.99108254903275]]]},"properties":{"COUNTY":"Snohomish","PRECCODE":23821222,"PRECNAME":"Everett 13","PRECINCT":"Snohomish 23821222","DESCRIPTIO":"Bayside East (Lincoln Field, 21st & Oakes, Clark Park Apartments)","OFFICE":"PUD Commissioner District 1","JURISDICTION":"Public Utility","RACE":"Snohomish County PUD Commissioner District 1","Name_1":"Sid Logan","Party_1":"None_1","Votes_1":"106","Name_2":"Janet St Clair","Party_2":"None_2","Votes_2":"84","Name_3":"Bruce King","Party_3":"None_3","Votes_3":"41","Name_4":"Write-In","Party_4":"None_4","Votes_4":"1","Name_5":null,"Party_5":null,"Votes_5":"0","Name_6":null,"Party_6":null,"Votes_6":"0","Name_7":null,"Party_7":null,"Votes_7":"0","Votes_total":"232","Pct_1":45.69,"Pct_2":36.21,"Pct_3":17.67,"Pct_4":0.43,"Pct_5":0,"Pct_6":0,"Pct_7":0,"Margin":9.48}},
{"type":"Feature","geometry":{"type":"Polygon","coordinates":[[[-122.19554390713716,47.99363979112365],[-122.20120369871843,47.99371017473725],[-122.20139852965485,47.98581751738448],[-122.19714413826259,47.985770196641276],[-122.19711100191358,47.98708701667938],[-122.19570664040135,47.987071928700544],[-122.19554390713716,47.99363979112365]]]},"properties":{"COUNTY":"Snohomish","PRECCODE":23821223,"PRECNAME":"Everett 14","PRECINCT":"Snohomish 23821223","DESCRIPTIO":"Riverside Northwest (North Everett Walgreens, 19th & Virginia)","OFFICE":"PUD Commissioner District 1","JURISDICTION":"Public Utility","RACE":"Snohomish County PUD Commissioner District 1","Name_1":"Janet St Clair","Party_1":"None_2","Votes_1":"95","Name_2":"Sid Logan","Party_2":"None_1","Votes_2":"88","Name_3":"Bruce King","Party_3":"None_3","Votes_3":"33","Name_4":null,"Party_4":null,"Votes_4":"0","Name_5":null,"Party_5":null,"Votes_5":"0","Name_6":null,"Party_6":null,"Votes_6":"0","Name_7":null,"Party_7":null,"Votes_7":"0","Votes_total":"216","Pct_1":43.98,"Pct_2":40.74,"Pct_3":15.28,"Pct_4":0,"Pct_5":0,"Pct_6":0,"Pct_7":0,"Margin":3.24}},
{"type":"Feature","geometry":{"type":"Polygon","coordinates":[[[-122.192017720503,47.99494005381667],[-122.19550863252567,47.99495466323412],[-122.19570664040135,47.987071928700544],[-122.18940467202496,47.986995428792525],[-122.18927889144001,47.99225900901867],[-122.19208493468307,47.992293302135714],[-122.192017720503,47.99494005381667]]]},"properties":{"COUNTY":"Snohomish","PRECCODE":23821224,"PRECNAME":"Everett 15","PRECINCT":"Snohomish 23821224","DESCRIPTIO":"Riverside North (Garfield Elementary School, 19th & Cedar)","OFFICE":"PUD Commissioner District 1","JURISDICTION":"Public Utility","RACE":"Snohomish County PUD Commissioner District 1","Name_1":"Janet St Clair","Party_1":"None_2","Votes_1":"111","Name_2":"Sid Logan","Party_2":"None_1","Votes_2":"87","Name_3":"Bruce King","Party_3":"None_3","Votes_3":"37","Name_4":"Write-In","Party_4":"None_4","Votes_4":"1","Name_5":null,"Party_5":null,"Votes_5":"0","Name_6":null,"Party_6":null,"Votes_6":"0","Name_7":null,"Party_7":null,"Votes_7":"0","Votes_total":"236","Pct_1":47.03,"Pct_2":36.86,"Pct_3":15.68,"Pct_4":0.42,"Pct_5":0,"Pct_6":0,"Pct_7":0,"Margin":10.17}},
{"type":"Feature","geometry":{"type":"Polygon","coordinates":[[[-122.19221437271644,47.98702435936425],[-122.19234947136839,47.98179690093543],[-122.19508947630321,47.981826155938634],[-122.19514527615438,47.979140288354124],[-122.18967267132116,47.97908060398528],[-122.18933058336452,47.97954416702778],[-122.18839464550423,47.980448562037466],[-122.1842158172813,47.983546640460006],[-122.18320861849055,47.986477528811164],[-122.18321840195176,47.98693007292457],[-122.1837769844749,47.98695202518534],[-122.19221437271644,47.98702435936425]]]},"properties":{"COUNTY":"Snohomish","PRECCODE":23821225,"PRECNAME":"Everett 16","PRECINCT":"Snohomish 23821225","DESCRIPTIO":"Riverside Center (Garfield Park, Judd & Black Park, Swalwell Building Apartments)","OFFICE":"PUD Commissioner District 1","JURISDICTION":"Public Utility","RACE":"Snohomish County PUD Commissioner District 1","Name_1":"Sid Logan","Party_1":"None_1","Votes_1":"83","Name_2":"Janet St Clair","Party_2":"None_2","Votes_2":"79","Name_3":"Bruce King","Party_3":"None_3","Votes_3":"41","Name_4":"Write-In","Party_4":"None_4","Votes_4":"1","Name_5":null,"Party_5":null,"Votes_5":"0","Name_6":null,"Party_6":null,"Votes_6":"0","Name_7":null,"Party_7":null,"Votes_7":"0","Votes_total":"204","Pct_1":40.69,"Pct_2":38.73,"Pct_3":20.1,"Pct_4":0.49,"Pct_5":0,"Pct_6":0,"Pct_7":0,"Margin":1.96}},
{"type":"Feature","geometry":{"type":"Polygon","coordinates":[[[-122.18538690727371,47.97936789171328],[-122.18372387880899,47.97900054317965],[-122.18123475104242,47.980069705754914],[-122.1748376815306,47.9810953731535],[-122.17130761467467,47.98252297276647],[-122.16998308105978,47.98387870737291],[-122.17039514907023,47.98553197386511],[-122.1715122833427,47.98672410632957],[-122.17840975199084,47.99008897186002],[-122.18056565756596,47.992604488997436],[-122.18165166887792,47.99172529285148],[-122.18307628839001,47.98956073342851],[-122.18320861849055,47.986477528811164],[-122.1842158172813,47.983546640460006],[-122.18839464550423,47.980448562037466],[-122.18933058336452,47.97954416702778],[-122.18967267132116,47.97908060398528],[-122.1891437082305,47.979088304947275],[-122.1878894908618,47.97979126334135],[-122.18749212065133,47.97982834844415],[-122.18725199094074,47.979811942295576],[-122.18538690727371,47.97936789171328]]]},"properties":{"COUNTY":"Snohomish","PRECCODE":23821226,"PRECNAME":"Everett 17","PRECINCT":"Snohomish 23821226","DESCRIPTIO":"Riverside East (Riverside Park), Riverside South (Riverfront Apartments, The Towns)","OFFICE":"PUD Commissioner District 1","JURISDICTION":"Public Utility","RACE":"Snohomish County PUD Commissioner District 1","Name_1":"Sid Logan","Party_1":"None_1","Votes_1":"68","Name_2":"Janet St Clair","Party_2":"None_2","Votes_2":"45","Name_3":"Bruce King","Party_3":"None_3","Votes_3":"25","Name_4":null,"Party_4":null,"Votes_4":"0","Name_5":null,"Party_5":null,"Votes_5":"0","Name_6":null,"Party_6":null,"Votes_6":"0","Name_7":null,"Party_7":null,"Votes_7":"0","Votes_total":"138","Pct_1":49.28,"Pct_2":32.61,"Pct_3":18.12,"Pct_4":0,"Pct_5":0,"Pct_6":0,"Pct_7":0,"Margin":16.67}},
{"type":"Feature","geometry":{"type":"Polygon","coordinates":[[[-122.21131221124354,47.98592770633632],[-122.21416177237411,47.98595930379299],[-122.21414263414238,47.98898679332437],[-122.21403220655817,47.98942056478781],[-122.21748829979931,47.98944443095011],[-122.21786682617055,47.98920881134266],[-122.2173168,47.9888578],[-122.21927022391161,47.98351959778067],[-122.21703057146188,47.98354503591845],[-122.21713254527083,47.97938561146139],[-122.21147445060865,47.97932166780417],[-122.21131221124354,47.98592770633632]]]},"properties":{"COUNTY":"Snohomish","PRECCODE":23821227,"PRECNAME":"Everett 18","PRECINCT":"Snohomish 23821227","DESCRIPTIO":"Downtown Northwest (Nautica Condos), Bayside Southwest (Madrona Apartments, 25th & Grand)","OFFICE":"PUD Commissioner District 1","JURISDICTION":"Public Utility","RACE":"Snohomish County PUD Commissioner District 1","Name_1":"Sid Logan","Party_1":"None_1","Votes_1":"75","Name_2":"Janet St Clair","Party_2":"None_2","Votes_2":"74","Name_3":"Bruce King","Party_3":"None_3","Votes_3":"16","Name_4":null,"Party_4":null,"Votes_4":"0","Name_5":null,"Party_5":null,"Votes_5":"0","Name_6":null,"Party_6":null,"Votes_6":"0","Name_7":null,"Party_7":null,"Votes_7":"0","Votes_total":"165","Pct_1":45.45,"Pct_2":44.85,"Pct_3":9.7,"Pct_4":0,"Pct_5":0,"Pct_6":0,"Pct_7":0,"Margin":0.6}},
{"type":"Feature","geometry":{"type":"Polygon","coordinates":[[[-122.20442390001483,47.979247099473724],[-122.21002807263257,47.97931283213526],[-122.21147445060865,47.97932166780417],[-122.2112669194298,47.97383711727656],[-122.20280414264482,47.97401833638991],[-122.20292111941352,47.97665990743915],[-122.20431999966863,47.976632813447914],[-122.20438817807486,47.97794421926611],[-122.20442390001483,47.979247099473724]]]},"properties":{"COUNTY":"Snohomish","PRECCODE":23821228,"PRECNAME":"Everett 19","PRECINCT":"Snohomish 23821228","DESCRIPTIO":"Downtown South (Aero Apartments, Artspace Apartments, Jackson House Senior Apartments)","OFFICE":"PUD Commissioner District 1","JURISDICTION":"Public Utility","RACE":"Snohomish County PUD Commissioner District 1","Name_1":"Sid Logan","Party_1":"None_1","Votes_1":"96","Name_2":"Janet St Clair","Party_2":"None_2","Votes_2":"81","Name_3":"Bruce King","Party_3":"None_3","Votes_3":"24","Name_4":"Write-In","Party_4":"None_4","Votes_4":"1","Name_5":null,"Party_5":null,"Votes_5":"0","Name_6":null,"Party_6":null,"Votes_6":"0","Name_7":null,"Party_7":null,"Votes_7":"0","Votes_total":"202","Pct_1":47.52,"Pct_2":40.1,"Pct_3":11.88,"Pct_4":0.5,"Pct_5":0,"Pct_6":0,"Pct_7":0,"Margin":7.42}},
{"type":"Feature","geometry":{"type":"Polygon","coordinates":[[[-122.20156289798437,47.979201540684095],[-122.20442390001483,47.979247099473724],[-122.20438817807486,47.97794421926611],[-122.20431999966863,47.976632813447914],[-122.20292111941352,47.97665990743915],[-122.20280414264482,47.97401833638991],[-122.2112669194298,47.97383711727656],[-122.21113452057847,47.97120720800992],[-122.20125324453099,47.97140460126358],[-122.20119431403246,47.97010386877169],[-122.19516074798099,47.97021874857511],[-122.19508850646054,47.97026621838594],[-122.19525229129336,47.97084554251555],[-122.1972660874601,47.97540381188377],[-122.19864984670636,47.97855305014583],[-122.1988773959957,47.97893513999941],[-122.1991111403726,47.97918451828395],[-122.20156289798437,47.979201540684095]]]},"properties":{"COUNTY":"Snohomish","PRECCODE":23821229,"PRECNAME":"Everett 20","PRECINCT":"Snohomish 23821229","DESCRIPTIO":"Port Gardner Northeast (Broadway Plaza Apartments, Calvary Baptist Church)","OFFICE":"PUD Commissioner District 1","JURISDICTION":"Public Utility","RACE":"Snohomish County PUD Commissioner District 1","Name_1":"Janet St Clair","Party_1":"None_2","Votes_1":"116","Name_2":"Sid Logan","Party_2":"None_1","Votes_2":"95","Name_3":"Bruce King","Party_3":"None_3","Votes_3":"47","Name_4":"Write-In","Party_4":"None_4","Votes_4":"2","Name_5":null,"Party_5":null,"Votes_5":"0","Name_6":null,"Party_6":null,"Votes_6":"0","Name_7":null,"Party_7":null,"Votes_7":"0","Votes_total":"260","Pct_1":44.62,"Pct_2":36.54,"Pct_3":18.08,"Pct_4":0.77,"Pct_5":0,"Pct_6":0,"Pct_7":0,"Margin":8.08}},
{"type":"Feature","geometry":{"type":"Polygon","coordinates":[[[-122.21113452057847,47.97120720800992],[-122.21733638641032,47.97110282925962],[-122.21756042601397,47.962452469723104],[-122.21759739549718,47.96230858926749],[-122.21946466900054,47.96216091455363],[-122.21764796131382,47.96160546137198],[-122.21753427406067,47.96160940595246],[-122.21718879369033,47.96158967379037],[-122.21521629239271,47.96192348424492],[-122.21453235637851,47.96321620742105],[-122.21080796639555,47.96326490190661],[-122.21113452057847,47.97120720800992]]]},"properties":{"COUNTY":"Snohomish","PRECCODE":23821230,"PRECNAME":"Everett 21","PRECINCT":"Snohomish 23821230","DESCRIPTIO":"Port Gardner South (Friday Avenue, Sequoia High School, Grand Condos)","OFFICE":"PUD Commissioner District 1","JURISDICTION":"Public Utility","RACE":"Snohomish County PUD Commissioner District 1","Name_1":"Janet St Clair","Party_1":"None_2","Votes_1":"137","Name_2":"Sid Logan","Party_2":"None_1","Votes_2":"125","Name_3":"Bruce King","Party_3":"None_3","Votes_3":"38","Name_4":"Write-In","Party_4":"None_4","Votes_4":"1","Name_5":null,"Party_5":null,"Votes_5":"0","Name_6":null,"Party_6":null,"Votes_6":"0","Name_7":null,"Party_7":null,"Votes_7":"0","Votes_total":"301","Pct_1":45.51,"Pct_2":41.53,"Pct_3":12.62,"Pct_4":0.33,"Pct_5":0,"Pct_6":0,"Pct_7":0,"Margin":3.98}},
{"type":"Feature","geometry":{"type":"Polygon","coordinates":[[[-122.20438962764659,47.96367613878755],[-122.20202074532094,47.964348197865455],[-122.19916442469204,47.96434347000491],[-122.19900975620868,47.96631147593393],[-122.19680058055899,47.96913661115175],[-122.19516074798099,47.97021874857511],[-122.20119431403246,47.97010386877169],[-122.20125324453099,47.97140460126358],[-122.21113452057847,47.97120720800992],[-122.21080796639555,47.96326490190661],[-122.20555345340759,47.9634581951222],[-122.20492112199292,47.9635517059739],[-122.20438962764659,47.96367613878755]]]},"properties":{"COUNTY":"Snohomish","PRECCODE":23821231,"PRECNAME":"Everett 22","PRECINCT":"Snohomish 23821231","DESCRIPTIO":"Port Gardner Southeast (Everett Memorial Stadium, Hoyt Avenue Apartments)","OFFICE":"PUD Commissioner District 1","JURISDICTION":"Public Utility","RACE":"Snohomish County PUD Commissioner District 1","Name_1":"Janet St Clair","Party_1":"None_2","Votes_1":"103","Name_2":"Sid Logan","Party_2":"None_1","Votes_2":"85","Name_3":"Bruce King","Party_3":"None_3","Votes_3":"26","Name_4":"Write-In","Party_4":"None_4","Votes_4":"1","Name_5":null,"Party_5":null,"Votes_5":"0","Name_6":null,"Party_6":null,"Votes_6":"0","Name_7":null,"Party_7":null,"Votes_7":"0","Votes_total":"215","Pct_1":47.91,"Pct_2":39.53,"Pct_3":12.09,"Pct_4":0.47,"Pct_5":0,"Pct_6":0,"Pct_7":0,"Margin":8.38}},
{"type":"Feature","geometry":{"type":"Polygon","coordinates":[[[-122.22619606632978,47.95648706452084],[-122.22665594373292,47.954694714923875],[-122.22392824950664,47.951998673259695],[-122.22310163878215,47.949641702088144],[-122.22058224628074,47.9476573129524],[-122.21967346565884,47.94610853684866],[-122.21821388422444,47.945514501624665],[-122.21720937045757,47.94697897541744],[-122.21819552973614,47.94724784008545],[-122.21908672763219,47.94833192279924],[-122.21779477262437,47.94862738823192],[-122.21741444567536,47.94943697983781],[-122.21799488536367,47.9523463669313],[-122.21808941450718,47.95402770027178],[-122.21821132230006,47.956559281047056],[-122.21696342186189,47.956697573065796],[-122.21706587797806,47.958809368144145],[-122.2176107892507,47.959265046092774],[-122.21755425782226,47.96018356747888],[-122.2175422959992,47.96160408259198],[-122.21764796131382,47.96160546137198],[-122.21946466900054,47.96216091455363],[-122.22269642632784,47.9619177571562],[-122.22615014472566,47.95942193599837],[-122.22548586805354,47.95845896021744],[-122.22618852198197,47.95668045761369],[-122.22619606632978,47.95648706452084]]]},"properties":{"COUNTY":"Snohomish","PRECCODE":23821232,"PRECNAME":"Everett 24","PRECINCT":"Snohomish 23821232","DESCRIPTIO":"South Forest Park West (Fowler Avenue, Black Forest Lane, Woodhaven Apartments)","OFFICE":"PUD Commissioner District 1","JURISDICTION":"Public Utility","RACE":"Snohomish County PUD Commissioner District 1","Name_1":"Sid Logan","Party_1":"None_1","Votes_1":"93","Name_2":"Janet St Clair","Party_2":"None_2","Votes_2":"83","Name_3":"Bruce King","Party_3":"None_3","Votes_3":"25","Name_4":null,"Party_4":null,"Votes_4":"0","Name_5":null,"Party_5":null,"Votes_5":"0","Name_6":null,"Party_6":null,"Votes_6":"0","Name_7":null,"Party_7":null,"Votes_7":"0","Votes_total":"201","Pct_1":46.27,"Pct_2":41.29,"Pct_3":12.44,"Pct_4":0,"Pct_5":0,"Pct_6":0,"Pct_7":0,"Margin":4.98}},
{"type":"Feature","geometry":{"type":"Polygon","coordinates":[[[-122.2112669194298,47.97383711727656],[-122.21147445060865,47.97932166780417],[-122.21713254527083,47.97938561146139],[-122.21703057146188,47.98354503591845],[-122.21927022391161,47.98351959778067],[-122.21776667951218,47.98269454893204],[-122.21914321076913,47.98245726025265],[-122.21928720000001,47.9807706],[-122.2226107511456,47.978418655041736],[-122.22246649286747,47.97808167710037],[-122.2297231043912,47.97335104799358],[-122.22930165162555,47.97214624589024],[-122.23071534798598,47.97045403669994],[-122.23068896562324,47.97042633353622],[-122.22617899984368,47.97272434485135],[-122.22462769272332,47.97409989747911],[-122.22400609782264,47.97362881699176],[-122.22270636981916,47.973923481130065],[-122.2112669194298,47.97383711727656]]]},"properties":{"COUNTY":"Snohomish","PRECCODE":23821233,"PRECNAME":"Everett 25","PRECINCT":"Snohomish 23821233","DESCRIPTIO":"Port Gardner Northwest (Waterline Apartments, Pacific Medical Center)","OFFICE":"PUD Commissioner District 1","JURISDICTION":"Public Utility","RACE":"Snohomish County PUD Commissioner District 1","Name_1":"Janet St Clair","Party_1":"None_2","Votes_1":"106","Name_2":"Sid Logan","Party_2":"None_1","Votes_2":"94","Name_3":"Bruce King","Party_3":"None_3","Votes_3":"33","Name_4":"Write-In","Party_4":"None_4","Votes_4":"1","Name_5":null,"Party_5":null,"Votes_5":"0","Name_6":null,"Party_6":null,"Votes_6":"0","Name_7":null,"Party_7":null,"Votes_7":"0","Votes_total":"234","Pct_1":45.3,"Pct_2":40.17,"Pct_3":14.1,"Pct_4":0.43,"Pct_5":0,"Pct_6":0,"Pct_7":0,"Margin":5.13}},
{"type":"Feature","geometry":{"type":"Polygon","coordinates":[[[-122.21113452057847,47.97120720800992],[-122.2112669194298,47.97383711727656],[-122.22270636981916,47.973923481130065],[-122.22400609782264,47.97362881699176],[-122.22462769272332,47.97409989747911],[-122.22617899984368,47.97272434485135],[-122.23068896562324,47.97042633353622],[-122.23047988591783,47.97020619228107],[-122.22906922184862,47.96695610764096],[-122.22668875805158,47.96518650219212],[-122.22615014472566,47.95942193599837],[-122.22269642632784,47.9619177571562],[-122.21946466900054,47.96216091455363],[-122.21759739549718,47.96230858926749],[-122.21756042601397,47.962452469723104],[-122.21733638641032,47.97110282925962],[-122.21113452057847,47.97120720800992]]]},"properties":{"COUNTY":"Snohomish","PRECCODE":23821234,"PRECNAME":"Everett 26","PRECINCT":"Snohomish 23821234","DESCRIPTIO":"Port Gardner Southwest (Rucker Hill, Kromer Avenue, Doyle Park)","OFFICE":"PUD Commissioner District 1","JURISDICTION":"Public Utility","RACE":"Snohomish County PUD Commissioner District 1","Name_1":"Sid Logan","Party_1":"None_1","Votes_1":"150","Name_2":"Janet St Clair","Party_2":"None_2","Votes_2":"118","Name_3":"Bruce King","Party_3":"None_3","Votes_3":"40","Name_4":"Write-In","Party_4":"None_4","Votes_4":"1","Name_5":null,"Party_5":null,"Votes_5":"0","Name_6":null,"Party_6":null,"Votes_6":"0","Name_7":null,"Party_7":null,"Votes_7":"0","Votes_total":"309","Pct_1":48.54,"Pct_2":38.19,"Pct_3":12.94,"Pct_4":0.32,"Pct_5":0,"Pct_6":0,"Pct_7":0,"Margin":10.35}},
{"type":"Feature","geometry":{"type":"Polygon","coordinates":[[[-122.2175422959992,47.96160408259198],[-122.21755425782226,47.96018356747888],[-122.2176107892507,47.959265046092774],[-122.21706587797806,47.958809368144145],[-122.21696342186189,47.956697573065796],[-122.21821132230006,47.956559281047056],[-122.21808941450718,47.95402770027178],[-122.21799488536367,47.9523463669313],[-122.21741444567536,47.94943697983781],[-122.21450289947315,47.949435196156514],[-122.21289613734129,47.955982503794715],[-122.21096824134109,47.959514341579236],[-122.21078671004726,47.95999754946639],[-122.21072723588252,47.96025497135059],[-122.21068713497549,47.960530924147754],[-122.21080796639555,47.96326490190661],[-122.21453235637851,47.96321620742105],[-122.21521629239271,47.96192348424492],[-122.21718879369033,47.96158967379037],[-122.2175422959992,47.96160408259198]]]},"properties":{"COUNTY":"Snohomish","PRECCODE":23821235,"PRECNAME":"Everett 27","PRECINCT":"Snohomish 23821235","DESCRIPTIO":"South Forest Park East (44th & Grand, Lane Place, Evergreen on 47 Apartments)","OFFICE":"PUD Commissioner District 1","JURISDICTION":"Public Utility","RACE":"Snohomish County PUD Commissioner District 1","Name_1":"Sid Logan","Party_1":"None_1","Votes_1":"103","Name_2":"Janet St Clair","Party_2":"None_2","Votes_2":"71","Name_3":"Bruce King","Party_3":"None_3","Votes_3":"22","Name_4":"Write-In","Party_4":"None_4","Votes_4":"2","Name_5":null,"Party_5":null,"Votes_5":"0","Name_6":null,"Party_6":null,"Votes_6":"0","Name_7":null,"Party_7":null,"Votes_7":"0","Votes_total":"198","Pct_1":52.02,"Pct_2":35.86,"Pct_3":11.11,"Pct_4":1.01,"Pct_5":0,"Pct_6":0,"Pct_7":0,"Margin":16.16}},
{"type":"Feature","geometry":{"type":"Polygon","coordinates":[[[-122.21053364880848,47.95704966676399],[-122.20922575535171,47.95414950255353],[-122.20741773429837,47.954481720671524],[-122.2070315337088,47.95214060731611],[-122.20542741345605,47.9511186137458],[-122.20486808749716,47.95036221954163],[-122.20424517268388,47.94978523238197],[-122.20411683693156,47.949832266166375],[-122.203730015284,47.94984709137548],[-122.20011948167577,47.94924538216677],[-122.2001235104968,47.94930128472501],[-122.19841857167759,47.94818126364707],[-122.1994249426061,47.95668914441103],[-122.1992197801193,47.96356095471021],[-122.19916442469204,47.96434347000491],[-122.20202074532094,47.964348197865455],[-122.20438962764659,47.96367613878755],[-122.20492112199292,47.9635517059739],[-122.20555345340759,47.9634581951222],[-122.21080796639555,47.96326490190661],[-122.21053364880848,47.95704966676399]]]},"properties":{"COUNTY":"Snohomish","PRECCODE":23821236,"PRECNAME":"Everett 28","PRECINCT":"Snohomish 23821236","DESCRIPTIO":"Glacier View North (Evergreen Cemetery, View Drive)","OFFICE":"PUD Commissioner District 1","JURISDICTION":"Public Utility","RACE":"Snohomish County PUD Commissioner District 1","Name_1":"Sid Logan","Party_1":"None_1","Votes_1":"70","Name_2":"Janet St Clair","Party_2":"None_2","Votes_2":"43","Name_3":"Bruce King","Party_3":"None_3","Votes_3":"35","Name_4":null,"Party_4":null,"Votes_4":"0","Name_5":null,"Party_5":null,"Votes_5":"0","Name_6":null,"Party_6":null,"Votes_6":"0","Name_7":null,"Party_7":null,"Votes_7":"0","Votes_total":"148","Pct_1":47.3,"Pct_2":29.05,"Pct_3":23.65,"Pct_4":0,"Pct_5":0,"Pct_6":0,"Pct_7":0,"Margin":18.25}},
{"type":"Feature","geometry":{"type":"Polygon","coordinates":[[[-122.20424517268388,47.94978523238197],[-122.20486808749716,47.95036221954163],[-122.20542741345605,47.9511186137458],[-122.2070315337088,47.95214060731611],[-122.20741773429837,47.954481720671524],[-122.20922575535171,47.95414950255353],[-122.21053364880848,47.95704966676399],[-122.21068713497549,47.960530924147754],[-122.21072723588252,47.96025497135059],[-122.21078671004726,47.95999754946639],[-122.21096824134109,47.959514341579236],[-122.21289613734129,47.955982503794715],[-122.21450289947315,47.949435196156514],[-122.20605480473186,47.94942314000134],[-122.20460390673425,47.9496539566174],[-122.20424517268388,47.94978523238197]]]},"properties":{"COUNTY":"Snohomish","PRECCODE":23821237,"PRECNAME":"Everett 29","PRECINCT":"Snohomish 23821237","DESCRIPTIO":"Glacier View South (Delaware Avenue, 50th & Colby)","OFFICE":"PUD Commissioner District 1","JURISDICTION":"Public Utility","RACE":"Snohomish County PUD Commissioner District 1","Name_1":"Sid Logan","Party_1":"None_1","Votes_1":"86","Name_2":"Janet St Clair","Party_2":"None_2","Votes_2":"44","Name_3":"Bruce King","Party_3":"None_3","Votes_3":"30","Name_4":null,"Party_4":null,"Votes_4":"0","Name_5":null,"Party_5":null,"Votes_5":"0","Name_6":null,"Party_6":null,"Votes_6":"0","Name_7":null,"Party_7":null,"Votes_7":"0","Votes_total":"160","Pct_1":53.75,"Pct_2":27.5,"Pct_3":18.75,"Pct_4":0,"Pct_5":0,"Pct_6":0,"Pct_7":0,"Margin":26.25}},
{"type":"Feature","geometry":{"type":"Polygon","coordinates":[[[-122.1992197801193,47.96356095471021],[-122.1994249426061,47.95668914441103],[-122.19841857167759,47.94818126364707],[-122.19708495796488,47.94788792068526],[-122.19680064197802,47.94616016786762],[-122.1929942334122,47.946379868650446],[-122.19300990863033,47.94738319979921],[-122.19212455204598,47.9473540318283],[-122.19228325374257,47.94754072993885],[-122.19335502005474,47.94932887181845],[-122.19470693880052,47.95305293627195],[-122.19482180114944,47.9649891149771],[-122.19502954497865,47.97002358089833],[-122.19508850646054,47.97026621838594],[-122.19680058055899,47.96913661115175],[-122.19900975620868,47.96631147593393],[-122.1992197801193,47.96356095471021]]]},"properties":{"COUNTY":"Snohomish","PRECCODE":23821238,"PRECNAME":"Everett 31","PRECINCT":"Snohomish 23821238","DESCRIPTIO":"Lowell North (Lowell Park, Union Gospel Mission), Lowell South (Lenora Street)","OFFICE":"PUD Commissioner District 1","JURISDICTION":"Public Utility","RACE":"Snohomish County PUD Commissioner District 1","Name_1":"Sid Logan","Party_1":"None_1","Votes_1":"76","Name_2":"Janet St Clair","Party_2":"None_2","Votes_2":"49","Name_3":"Bruce King","Party_3":"None_3","Votes_3":"40","Name_4":null,"Party_4":null,"Votes_4":"0","Name_5":null,"Party_5":null,"Votes_5":"0","Name_6":null,"Party_6":null,"Votes_6":"0","Name_7":null,"Party_7":null,"Votes_7":"0","Votes_total":"165","Pct_1":46.06,"Pct_2":29.7,"Pct_3":24.24,"Pct_4":0,"Pct_5":0,"Pct_6":0,"Pct_7":0,"Margin":16.36}},
{"type":"Feature","geometry":{"type":"Polygon","coordinates":[[[-122.22860610984637,47.94288572222407],[-122.22852225183074,47.94102578161651],[-122.22622967208763,47.94095875182168],[-122.22592213806422,47.93846061758039],[-122.22419365184187,47.938369206878214],[-122.22431089341288,47.936394747527764],[-122.21903812633366,47.93622244708191],[-122.218329943104,47.93876441678626],[-122.21753048944723,47.94171036751999],[-122.22039529083503,47.941792149235475],[-122.22016744447929,47.94383297453427],[-122.22171879660445,47.94395118599697],[-122.22235945325285,47.94524075062258],[-122.22861490213998,47.94538517691173],[-122.22860610984637,47.94288572222407]]]},"properties":{"COUNTY":"Snohomish","PRECCODE":23821239,"PRECNAME":"Everett 32","PRECINCT":"Snohomish 23821239","DESCRIPTIO":"Madison East (Madison Elementary School, Pecks Drive, Ricketts Metals Building Apartments)","OFFICE":"PUD Commissioner District 1","JURISDICTION":"Public Utility","RACE":"Snohomish County PUD Commissioner District 1","Name_1":"Sid Logan","Party_1":"None_1","Votes_1":"100","Name_2":"Janet St Clair","Party_2":"None_2","Votes_2":"62","Name_3":"Bruce King","Party_3":"None_3","Votes_3":"38","Name_4":"Write-In","Party_4":"None_4","Votes_4":"1","Name_5":null,"Party_5":null,"Votes_5":"0","Name_6":null,"Party_6":null,"Votes_6":"0","Name_7":null,"Party_7":null,"Votes_7":"0","Votes_total":"201","Pct_1":49.75,"Pct_2":30.85,"Pct_3":18.91,"Pct_4":0.5,"Pct_5":0,"Pct_6":0,"Pct_7":0,"Margin":18.9}},
{"type":"Feature","geometry":{"type":"Polygon","coordinates":[[[-122.23166327619366,47.95673423120687],[-122.2309012855328,47.95174475360177],[-122.23004623302292,47.95172664982078],[-122.22979897049119,47.95133663482879],[-122.22861403136253,47.94756437731012],[-122.22861490213998,47.94538517691173],[-122.22235945325285,47.94524075062258],[-122.22171879660445,47.94395118599697],[-122.22016744447929,47.94383297453427],[-122.22039529083503,47.941792149235475],[-122.21753048944723,47.94171036751999],[-122.2169254517242,47.94386147584329],[-122.21671034579029,47.94442033127022],[-122.21447075820892,47.94943515553772],[-122.21741444567536,47.94943697983781],[-122.21779477262437,47.94862738823192],[-122.21908672763219,47.94833192279924],[-122.21819552973614,47.94724784008545],[-122.21720937045757,47.94697897541744],[-122.21821388422444,47.945514501624665],[-122.21967346565884,47.94610853684866],[-122.22058224628074,47.9476573129524],[-122.22310163878215,47.949641702088144],[-122.22392824950664,47.951998673259695],[-122.22665594373292,47.954694714923875],[-122.22619606632978,47.95648706452084],[-122.22618852198197,47.95668045761369],[-122.22548586805354,47.95845896021744],[-122.22615014472566,47.95942193599837],[-122.22804728761284,47.95872178476762],[-122.22848646024491,47.95845133184251],[-122.22976660534418,47.95674862733374],[-122.23166327619366,47.95673423120687]]]},"properties":{"COUNTY":"Snohomish","PRECCODE":23821240,"PRECNAME":"Everett 33","PRECINCT":"Snohomish 23821240","DESCRIPTIO":"View Ridge Southeast (View Ridge Elementary School, Fleming Street, Creekside Senior MHP)","OFFICE":"PUD Commissioner District 1","JURISDICTION":"Public Utility","RACE":"Snohomish County PUD Commissioner District 1","Name_1":"Sid Logan","Party_1":"None_1","Votes_1":"129","Name_2":"Janet St Clair","Party_2":"None_2","Votes_2":"85","Name_3":"Bruce King","Party_3":"None_3","Votes_3":"47","Name_4":"Write-In","Party_4":"None_4","Votes_4":"2","Name_5":null,"Party_5":null,"Votes_5":"0","Name_6":null,"Party_6":null,"Votes_6":"0","Name_7":null,"Party_7":null,"Votes_7":"0","Votes_total":"263","Pct_1":49.05,"Pct_2":32.32,"Pct_3":17.87,"Pct_4":0.76,"Pct_5":0,"Pct_6":0,"Pct_7":0,"Margin":16.73}},
{"type":"Feature","geometry":{"type":"Polygon","coordinates":[[[-122.21068894327327,47.9362624279759],[-122.21903812633366,47.93622244708191],[-122.21996647569864,47.932745225135],[-122.22081309308534,47.930122906221115],[-122.2120710932391,47.930139998892315],[-122.21230109290757,47.931019853486475],[-122.21244329784663,47.93350287278198],[-122.21068894327327,47.9362624279759]]]},"properties":{"COUNTY":"Snohomish","PRECCODE":23821241,"PRECNAME":"Everett 34","PRECINCT":"Snohomish 23821241","DESCRIPTIO":"Pinehurst-Beverly Park West (Ttereve Drive, Rainier Apartments)","OFFICE":"PUD Commissioner District 1","JURISDICTION":"Public Utility","RACE":"Snohomish County PUD Commissioner District 1","Name_1":"Sid Logan","Party_1":"None_1","Votes_1":"81","Name_2":"Janet St Clair","Party_2":"None_2","Votes_2":"52","Name_3":"Bruce King","Party_3":"None_3","Votes_3":"30","Name_4":"Write-In","Party_4":"None_4","Votes_4":"1","Name_5":null,"Party_5":null,"Votes_5":"0","Name_6":null,"Party_6":null,"Votes_6":"0","Name_7":null,"Party_7":null,"Votes_7":"0","Votes_total":"164","Pct_1":49.39,"Pct_2":31.71,"Pct_3":18.29,"Pct_4":0.61,"Pct_5":0,"Pct_6":0,"Pct_7":0,"Margin":17.68}},
{"type":"Feature","geometry":{"type":"Polygon","coordinates":[[[-122.20700199408344,47.936265160263105],[-122.20707141655824,47.932216565195056],[-122.20162546309932,47.93224518737668],[-122.20277291081437,47.930106268733326],[-122.19882521804429,47.930047855964254],[-122.19866182267441,47.930020757772695],[-122.1979426008096,47.929569985075055],[-122.19742645826926,47.92997379073683],[-122.19595219509833,47.93210489011121],[-122.19582503773424,47.93413083624472],[-122.19595688237838,47.93456659356519],[-122.196250243125,47.93604113458646],[-122.20120366995067,47.936235006602125],[-122.20700199408344,47.936265160263105]]]},"properties":{"COUNTY":"Snohomish","PRECCODE":23821242,"PRECNAME":"Everett 36","PRECINCT":"Snohomish 23821242","DESCRIPTIO":"Pinehurst-Beverly Park East (Broadway & Jackson, Pinehurst Baptist Church)","OFFICE":"PUD Commissioner District 1","JURISDICTION":"Public Utility","RACE":"Snohomish County PUD Commissioner District 1","Name_1":"Sid Logan","Party_1":"None_1","Votes_1":"86","Name_2":"Janet St Clair","Party_2":"None_2","Votes_2":"71","Name_3":"Bruce King","Party_3":"None_3","Votes_3":"39","Name_4":null,"Party_4":null,"Votes_4":"0","Name_5":null,"Party_5":null,"Votes_5":"0","Name_6":null,"Party_6":null,"Votes_6":"0","Name_7":null,"Party_7":null,"Votes_7":"0","Votes_total":"196","Pct_1":43.88,"Pct_2":36.22,"Pct_3":19.9,"Pct_4":0,"Pct_5":0,"Pct_6":0,"Pct_7":0,"Margin":7.66}},
{"type":"Feature","geometry":{"type":"Polygon","coordinates":[[[-122.21068894327327,47.9362624279759],[-122.21244329784663,47.93350287278198],[-122.21230109290757,47.931019853486475],[-122.21157915205572,47.92827159741864],[-122.20919456415145,47.925413776282305],[-122.2075122862321,47.92337809470777],[-122.20711726315969,47.92211686445616],[-122.20812954324377,47.9202614909181],[-122.20606004340434,47.91959203321582],[-122.20563573172484,47.92058753472799],[-122.2041133671864,47.924055470341045],[-122.2030814423905,47.926043678287506],[-122.20107873968767,47.9277519818117],[-122.19862063636653,47.929117463239066],[-122.1979426008096,47.929569985075055],[-122.19866182267441,47.930020757772695],[-122.19882521804429,47.930047855964254],[-122.20277291081437,47.930106268733326],[-122.20162546309932,47.93224518737668],[-122.20707141655824,47.932216565195056],[-122.20700199408344,47.936265160263105],[-122.21068894327327,47.9362624279759]]]},"properties":{"COUNTY":"Snohomish","PRECCODE":23821243,"PRECNAME":"Everett 37","PRECINCT":"Snohomish 23821243","DESCRIPTIO":"Pinehurst-Beverly Park Southeast (74th & Wetmore, Leland Drive)","OFFICE":"PUD Commissioner District 1","JURISDICTION":"Public Utility","RACE":"Snohomish County PUD Commissioner District 1","Name_1":"Sid Logan","Party_1":"None_1","Votes_1":"99","Name_2":"Janet St Clair","Party_2":"None_2","Votes_2":"77","Name_3":"Bruce King","Party_3":"None_3","Votes_3":"45","Name_4":null,"Party_4":null,"Votes_4":"0","Name_5":null,"Party_5":null,"Votes_5":"0","Name_6":null,"Party_6":null,"Votes_6":"0","Name_7":null,"Party_7":null,"Votes_7":"0","Votes_total":"221","Pct_1":44.8,"Pct_2":34.84,"Pct_3":20.36,"Pct_4":0,"Pct_5":0,"Pct_6":0,"Pct_7":0,"Margin":9.96}},
{"type":"Feature","geometry":{"type":"Polygon","coordinates":[[[-122.19051369984287,47.92174871498613],[-122.17415466614135,47.92163611612144],[-122.17411059369171,47.94365766471945],[-122.17790843625146,47.94715440079896],[-122.18064794565855,47.9478816974806],[-122.18482726623742,47.94808539447257],[-122.18764464134071,47.94802084174171],[-122.18775280996213,47.94617172842514],[-122.18999145389321,47.94627675609494],[-122.19210445460757,47.94733233549635],[-122.19212455204598,47.9473540318283],[-122.19300990863033,47.94738319979921],[-122.1929942334122,47.946379868650446],[-122.19680064197802,47.94616016786762],[-122.19708495796488,47.94788792068526],[-122.19841857167759,47.94818126364707],[-122.19655554804275,47.94251436322229],[-122.196250243125,47.93604113458646],[-122.19595688237838,47.93456659356519],[-122.19592000895301,47.93444467633493],[-122.19334219223735,47.934475322596356],[-122.19303429844429,47.932522151936105],[-122.19196556970654,47.93251101778472],[-122.19190040258152,47.92845812923861],[-122.1905668584729,47.928438043964775],[-122.19051369984287,47.92174871498613]]]},"properties":{"COUNTY":"Snohomish","PRECCODE":23821244,"PRECNAME":"Everett 38","PRECINCT":"Snohomish 23821244","DESCRIPTIO":"Lowell Far South (Ravenna Street, Red Barn Community Farm)","OFFICE":"PUD Commissioner District 1","JURISDICTION":"Public Utility","RACE":"Snohomish County PUD Commissioner District 1","Name_1":"Sid Logan","Party_1":"None_1","Votes_1":"33","Name_2":"Janet St Clair","Party_2":"None_2","Votes_2":"18","Name_3":"Bruce King","Party_3":"None_3","Votes_3":"16","Name_4":"Write-In","Party_4":"None_4","Votes_4":"2","Name_5":null,"Party_5":null,"Votes_5":"0","Name_6":null,"Party_6":null,"Votes_6":"0","Name_7":null,"Party_7":null,"Votes_7":"0","Votes_total":"69","Pct_1":47.83,"Pct_2":26.09,"Pct_3":23.19,"Pct_4":2.9,"Pct_5":0,"Pct_6":0,"Pct_7":0,"Margin":21.74}},
{"type":"Feature","geometry":{"type":"Polygon","coordinates":[[[-122.22239980514803,47.92804134819714],[-122.22704479470194,47.92305834065694],[-122.2150113584811,47.92207626895585],[-122.21262165947643,47.92177666138162],[-122.20812954324377,47.9202614909181],[-122.20711726315969,47.92211686445616],[-122.2075122862321,47.92337809470777],[-122.20919456415145,47.925413776282305],[-122.21157915205572,47.92827159741864],[-122.2120710932391,47.930139998892315],[-122.22081309308534,47.930122906221115],[-122.22239980514803,47.92804134819714]]]},"properties":{"COUNTY":"Snohomish","PRECCODE":23821245,"PRECNAME":"Everett 39","PRECINCT":"Snohomish 23821245","DESCRIPTIO":"Pinehurst-Beverly Park Southwest (Cascade High School, Florida Drive)","OFFICE":"PUD Commissioner District 1","JURISDICTION":"Public Utility","RACE":"Snohomish County PUD Commissioner District 1","Name_1":"Sid Logan","Party_1":"None_1","Votes_1":"83","Name_2":"Bruce King","Party_2":"None_3","Votes_2":"59","Name_3":"Janet St Clair","Party_3":"None_2","Votes_3":"53","Name_4":"Write-In","Party_4":"None_4","Votes_4":"3","Name_5":null,"Party_5":null,"Votes_5":"0","Name_6":null,"Party_6":null,"Votes_6":"0","Name_7":null,"Party_7":null,"Votes_7":"0","Votes_total":"198","Pct_1":41.92,"Pct_2":29.8,"Pct_3":26.77,"Pct_4":1.52,"Pct_5":0,"Pct_6":0,"Pct_7":0,"Margin":12.12}},
{"type":"Feature","geometry":{"type":"Polygon","coordinates":[[[-122.22839069007767,47.93652796548766],[-122.23336143589907,47.936713469255224],[-122.23381918687373,47.93685439115941],[-122.23519706703144,47.93761648197724],[-122.23601527448223,47.93831541016093],[-122.2334444674141,47.93281050100699],[-122.23299745616276,47.93031408427971],[-122.23403048897016,47.93030744953496],[-122.23393741288692,47.929168050865286],[-122.23257816163087,47.92917970049345],[-122.23213616369283,47.93140970999798],[-122.22835952200253,47.93145938438109],[-122.22837284459703,47.93363575988147],[-122.22452709654733,47.93353028936706],[-122.22417714652704,47.93500615635349],[-122.22232261788496,47.93494581114983],[-122.22220983355055,47.934335569889924],[-122.22132058227115,47.934267523813894],[-122.2208946350754,47.935518782071355],[-122.21927966161849,47.93531984741799],[-122.21903812633366,47.93622244708191],[-122.22839069007767,47.93652796548766]]]},"properties":{"COUNTY":"Snohomish","PRECCODE":23821250,"PRECNAME":"Everett 44","PRECINCT":"Snohomish 23821250","DESCRIPTIO":"Evergreen North (Madison Morgan Park, Lower Ridge Rd & 69th Pl)","OFFICE":"PUD Commissioner District 1","JURISDICTION":"Public Utility","RACE":"Snohomish County PUD Commissioner District 1","Name_1":"Sid Logan","Party_1":"None_1","Votes_1":"70","Name_2":"Janet St Clair","Party_2":"None_2","Votes_2":"47","Name_3":"Bruce King","Party_3":"None_3","Votes_3":"32","Name_4":null,"Party_4":null,"Votes_4":"0","Name_5":null,"Party_5":null,"Votes_5":"0","Name_6":null,"Party_6":null,"Votes_6":"0","Name_7":null,"Party_7":null,"Votes_7":"0","Votes_total":"149","Pct_1":46.98,"Pct_2":31.54,"Pct_3":21.48,"Pct_4":0,"Pct_5":0,"Pct_6":0,"Pct_7":0,"Margin":15.44}},
{"type":"Feature","geometry":{"type":"Polygon","coordinates":[[[-122.22081309308534,47.930122906221115],[-122.2283512875223,47.93007654964937],[-122.22835952200253,47.93145938438109],[-122.23213616369283,47.93140970999798],[-122.23257816163087,47.92917970049345],[-122.23383187602187,47.92916899912073],[-122.23375601668926,47.92734691662568],[-122.23373964096683,47.92342767980963],[-122.22711268727399,47.92298545441492],[-122.22239980514803,47.92804134819714],[-122.22081309308534,47.930122906221115]]]},"properties":{"COUNTY":"Snohomish","PRECCODE":23821251,"PRECNAME":"Everett 45","PRECINCT":"Snohomish 23821251","DESCRIPTIO":"Evergreen Southeast (Evergreen Middle School, Four Corners Apartments)","OFFICE":"PUD Commissioner District 1","JURISDICTION":"Public Utility","RACE":"Snohomish County PUD Commissioner District 1","Name_1":"Sid Logan","Party_1":"None_1","Votes_1":"79","Name_2":"Janet St Clair","Party_2":"None_2","Votes_2":"63","Name_3":"Bruce King","Party_3":"None_3","Votes_3":"27","Name_4":"Write-In","Party_4":"None_4","Votes_4":"1","Name_5":null,"Party_5":null,"Votes_5":"0","Name_6":null,"Party_6":null,"Votes_6":"0","Name_7":null,"Party_7":null,"Votes_7":"0","Votes_total":"170","Pct_1":46.47,"Pct_2":37.06,"Pct_3":15.88,"Pct_4":0.59,"Pct_5":0,"Pct_6":0,"Pct_7":0,"Margin":9.41}},
{"type":"Feature","geometry":{"type":"Polygon","coordinates":[[[-122.22839069007767,47.93652796548766],[-122.22431089341288,47.936394747527764],[-122.22419365184187,47.938369206878214],[-122.22592213806422,47.93846061758039],[-122.22622967208763,47.94095875182168],[-122.22852225183074,47.94102578161651],[-122.22844248175628,47.939676294171626],[-122.23373964788989,47.939642570058666],[-122.23456080815785,47.940299488005444],[-122.23458206072132,47.94191179528484],[-122.23586607807785,47.941897362764635],[-122.23587220606849,47.94264976222446],[-122.23867545485494,47.94262173824928],[-122.23801041479865,47.94187545134279],[-122.23800507959932,47.940683997987],[-122.23809077748248,47.94055270676888],[-122.23841839268353,47.940370380124136],[-122.23519706703144,47.93761648197724],[-122.23381918687373,47.93685439115941],[-122.23336143589907,47.936713469255224],[-122.22839069007767,47.93652796548766]]]},"properties":{"COUNTY":"Snohomish","PRECCODE":23821252,"PRECNAME":"Everett 48","PRECINCT":"Snohomish 23821252","DESCRIPTIO":"Madison South (Beverly Ln & Beech, Sydney Lane, Madison Villa Apartments, Tamarack Avenue)","OFFICE":"PUD Commissioner District 1","JURISDICTION":"Public Utility","RACE":"Snohomish County PUD Commissioner District 1","Name_1":"Sid Logan","Party_1":"None_1","Votes_1":"82","Name_2":"Janet St Clair","Party_2":"None_2","Votes_2":"53","Name_3":"Bruce King","Party_3":"None_3","Votes_3":"32","Name_4":"Write-In","Party_4":"None_4","Votes_4":"3","Name_5":null,"Party_5":null,"Votes_5":"0","Name_6":null,"Party_6":null,"Votes_6":"0","Name_7":null,"Party_7":null,"Votes_7":"0","Votes_total":"170","Pct_1":48.24,"Pct_2":31.18,"Pct_3":18.82,"Pct_4":1.76,"Pct_5":0,"Pct_6":0,"Pct_7":0,"Margin":17.06}},
{"type":"Feature","geometry":{"type":"Polygon","coordinates":[[[-122.23219503095191,47.95081763057256],[-122.23182915848041,47.948815902771045],[-122.23069396384444,47.947982090327656],[-122.23068957092005,47.94608322390891],[-122.22973383260101,47.946054608914054],[-122.22861490213998,47.94538517691173],[-122.22861403136253,47.94756437731012],[-122.22979897049119,47.95133663482879],[-122.23004623302292,47.95172664982078],[-122.2309012855328,47.95174475360177],[-122.23166327619366,47.95673423120687],[-122.23768208543459,47.95716810778732],[-122.23769480240901,47.95671597052971],[-122.23768669690705,47.95651154325329],[-122.23693568834058,47.955123247348624],[-122.23890062030428,47.95287420554783],[-122.23895407318147,47.95084353167421],[-122.23816402728674,47.950832917389015],[-122.23219503095191,47.95081763057256]]]},"properties":{"COUNTY":"Snohomish","PRECCODE":23821254,"PRECNAME":"Everett 50","PRECINCT":"Snohomish 23821254","DESCRIPTIO":"View Ridge Southwest (Dogwood Drive, Highland Road)","OFFICE":"PUD Commissioner District 1","JURISDICTION":"Public Utility","RACE":"Snohomish County PUD Commissioner District 1","Name_1":"Sid Logan","Party_1":"None_1","Votes_1":"85","Name_2":"Janet St Clair","Party_2":"None_2","Votes_2":"79","Name_3":"Bruce King","Party_3":"None_3","Votes_3":"31","Name_4":null,"Party_4":null,"Votes_4":"0","Name_5":null,"Party_5":null,"Votes_5":"0","Name_6":null,"Party_6":null,"Votes_6":"0","Name_7":null,"Party_7":null,"Votes_7":"0","Votes_total":"195","Pct_1":43.59,"Pct_2":40.51,"Pct_3":15.9,"Pct_4":0,"Pct_5":0,"Pct_6":0,"Pct_7":0,"Margin":3.08}},
{"type":"Feature","geometry":{"type":"Polygon","coordinates":[[[-122.25546600052027,47.95718348561493],[-122.25388906958452,47.95741477620678],[-122.25121149362158,47.956789468142276],[-122.24760616864148,47.95693959787968],[-122.24420961516529,47.96014029706314],[-122.24135183722471,47.957864482268235],[-122.23963548995039,47.95730668551975],[-122.23311045199864,47.95683377174677],[-122.23311262463648,47.95900530859796],[-122.23307675491016,47.95979103622765],[-122.23291623830409,47.960647004164535],[-122.23375274053443,47.96070944222101],[-122.23557247372307,47.9620103936909],[-122.2365772951579,47.96368537126718],[-122.2357068778151,47.963841862233245],[-122.23592425020044,47.96496936682808],[-122.23640556864873,47.96489741148959],[-122.2370778267085,47.96605880952209],[-122.24876028386474,47.95971401007893],[-122.24875701927941,47.957414810005936],[-122.25100318541543,47.95741719561753],[-122.25373835499242,47.9582247307563],[-122.25545533591621,47.95809401008865],[-122.25546600052027,47.95718348561493]]]},"properties":{"COUNTY":"Snohomish","PRECCODE":23821255,"PRECNAME":"Everett 51","PRECINCT":"Snohomish 23821255","DESCRIPTIO":"Seahurst North (Howarth Park), View Ridge Northwest (Heather Road)","OFFICE":"PUD Commissioner District 1","JURISDICTION":"Public Utility","RACE":"Snohomish County PUD Commissioner District 1","Name_1":"Sid Logan","Party_1":"None_1","Votes_1":"94","Name_2":"Janet St Clair","Party_2":"None_2","Votes_2":"55","Name_3":"Bruce King","Party_3":"None_3","Votes_3":"21","Name_4":null,"Party_4":null,"Votes_4":"0","Name_5":null,"Party_5":null,"Votes_5":"0","Name_6":null,"Party_6":null,"Votes_6":"0","Name_7":null,"Party_7":null,"Votes_7":"0","Votes_total":"170","Pct_1":55.29,"Pct_2":32.35,"Pct_3":12.35,"Pct_4":0,"Pct_5":0,"Pct_6":0,"Pct_7":0,"Margin":22.94}},
{"type":"Feature","geometry":{"type":"Polygon","coordinates":[[[-122.23768208543459,47.95716810778732],[-122.23963548995039,47.95730668551975],[-122.24135183722471,47.957864482268235],[-122.24420961516529,47.96014029706314],[-122.24760616864148,47.95693959787968],[-122.24708508270157,47.952289883762816],[-122.24639739841582,47.951340166628555],[-122.24351623283397,47.95133463233758],[-122.24352857550255,47.95085199468972],[-122.23895407318147,47.95084353167421],[-122.23890062030428,47.95287420554783],[-122.23693568834058,47.955123247348624],[-122.23768669690705,47.95651154325329],[-122.23769480240901,47.95671597052971],[-122.23768208543459,47.95716810778732]]]},"properties":{"COUNTY":"Snohomish","PRECCODE":23821256,"PRECNAME":"Everett 53","PRECINCT":"Snohomish 23821256","DESCRIPTIO":"Seahurst Center (Seahurst Avenue Hill), Glenhaven","OFFICE":"PUD Commissioner District 1","JURISDICTION":"Public Utility","RACE":"Snohomish County PUD Commissioner District 1","Name_1":"Sid Logan","Party_1":"None_1","Votes_1":"124","Name_2":"Janet St Clair","Party_2":"None_2","Votes_2":"47","Name_3":"Bruce King","Party_3":"None_3","Votes_3":"34","Name_4":null,"Party_4":null,"Votes_4":"0","Name_5":null,"Party_5":null,"Votes_5":"0","Name_6":null,"Party_6":null,"Votes_6":"0","Name_7":null,"Party_7":null,"Votes_7":"0","Votes_total":"205","Pct_1":60.49,"Pct_2":22.93,"Pct_3":16.59,"Pct_4":0,"Pct_5":0,"Pct_6":0,"Pct_7":0,"Margin":37.56}},
{"type":"Feature","geometry":{"type":"Polygon","coordinates":[[[-122.25546600052027,47.95718348561493],[-122.25545533591621,47.95809401008865],[-122.25373835499242,47.9582247307563],[-122.25100318541543,47.95741719561753],[-122.24875701927941,47.957414810005936],[-122.24876028386474,47.95971401007893],[-122.25396186623777,47.95846675843241],[-122.25780890168113,47.95830704382137],[-122.25929522111772,47.958708905638886],[-122.26652019535285,47.95726627232754],[-122.2777357798899,47.956201813383096],[-122.2880680391481,47.9522477308001],[-122.2899505425077,47.9524066426659],[-122.29113094737419,47.95205515693522],[-122.29112704174896,47.95081311965978],[-122.28879855166412,47.95148339656017],[-122.28647498208552,47.95100598759834],[-122.2845833310053,47.951828037313696],[-122.274433794352,47.953667641737525],[-122.27169405097295,47.95332258127069],[-122.26303846104204,47.95356520940487],[-122.26177647518426,47.953925832465586],[-122.26122111798895,47.95461874375782],[-122.2610370139813,47.956339776700155],[-122.26094710534026,47.95650215483781],[-122.2575234523948,47.957374020309885],[-122.25546600052027,47.95718348561493]]]},"properties":{"COUNTY":"Snohomish","PRECCODE":23821257,"PRECNAME":"Everett 54","PRECINCT":"Snohomish 23821257","DESCRIPTIO":"Boulevard Bluffs North (Edgewater, Bayview Lane)","OFFICE":"PUD Commissioner District 1","JURISDICTION":"Public Utility","RACE":"Snohomish County PUD Commissioner District 1","Name_1":"Sid Logan","Party_1":"None_1","Votes_1":"105","Name_2":"Janet St Clair","Party_2":"None_2","Votes_2":"46","Name_3":"Bruce King","Party_3":"None_3","Votes_3":"31","Name_4":null,"Party_4":null,"Votes_4":"0","Name_5":null,"Party_5":null,"Votes_5":"0","Name_6":null,"Party_6":null,"Votes_6":"0","Name_7":null,"Party_7":null,"Votes_7":"0","Votes_total":"182","Pct_1":57.69,"Pct_2":25.27,"Pct_3":17.03,"Pct_4":0,"Pct_5":0,"Pct_6":0,"Pct_7":0,"Margin":32.42}},
{"type":"Feature","geometry":{"type":"Polygon","coordinates":[[[-122.20679350026853,47.996408831968466],[-122.20692671877039,47.99114606709242],[-122.20126839580256,47.99108254903275],[-122.20113956584505,47.99634002083636],[-122.20328948839344,47.996347338481016],[-122.20679350026853,47.996408831968466]]]},"properties":{"COUNTY":"Snohomish","PRECCODE":23821287,"PRECNAME":"Everett 67","PRECINCT":"Snohomish 23821287","DESCRIPTIO":"NW Everett Southeast (19th & Lombard, Washington Oakes Senior Living, El Garcia Market)","OFFICE":"PUD Commissioner District 1","JURISDICTION":"Public Utility","RACE":"Snohomish County PUD Commissioner District 1","Name_1":"Sid Logan","Party_1":"None_1","Votes_1":"111","Name_2":"Janet St Clair","Party_2":"None_2","Votes_2":"78","Name_3":"Bruce King","Party_3":"None_3","Votes_3":"42","Name_4":null,"Party_4":null,"Votes_4":"0","Name_5":null,"Party_5":null,"Votes_5":"0","Name_6":null,"Party_6":null,"Votes_6":"0","Name_7":null,"Party_7":null,"Votes_7":"0","Votes_total":"231","Pct_1":48.05,"Pct_2":33.77,"Pct_3":18.18,"Pct_4":0,"Pct_5":0,"Pct_6":0,"Pct_7":0,"Margin":14.28}},
{"type":"Feature","geometry":{"type":"Polygon","coordinates":[[[-122.20682693674898,47.99509320343982],[-122.2125276244311,47.995158256465345],[-122.21265962071139,47.98989077981071],[-122.20696014618,47.98983035214529],[-122.20682693674898,47.99509320343982]]]},"properties":{"COUNTY":"Snohomish","PRECCODE":23821288,"PRECNAME":"Everett 69","PRECINCT":"Snohomish 23821288","DESCRIPTIO":"Bayside Northwest (18th & Rucker, Iglesia Adventista del Septimo Dia, Marlborough Apartments)","OFFICE":"PUD Commissioner District 1","JURISDICTION":"Public Utility","RACE":"Snohomish County PUD Commissioner District 1","Name_1":"Sid Logan","Party_1":"None_1","Votes_1":"139","Name_2":"Janet St Clair","Party_2":"None_2","Votes_2":"81","Name_3":"Bruce King","Party_3":"None_3","Votes_3":"29","Name_4":"Write-In","Party_4":"None_4","Votes_4":"1","Name_5":null,"Party_5":null,"Votes_5":"0","Name_6":null,"Party_6":null,"Votes_6":"0","Name_7":null,"Party_7":null,"Votes_7":"0","Votes_total":"250","Pct_1":55.6,"Pct_2":32.4,"Pct_3":11.6,"Pct_4":0.4,"Pct_5":0,"Pct_6":0,"Pct_7":0,"Margin":23.2}},
{"type":"Feature","geometry":{"type":"Polygon","coordinates":[[[-122.21450289947315,47.949435196156514],[-122.21447075820892,47.94943515553772],[-122.21671034579029,47.94442033127022],[-122.2169254517242,47.94386147584329],[-122.218329943104,47.93876441678626],[-122.21903812633366,47.93622244708191],[-122.21068894327327,47.9362624279759],[-122.20688639927596,47.94122571874024],[-122.20658129702437,47.94942334081219],[-122.21214648666155,47.94943625365284],[-122.21450289947315,47.949435196156514]]]},"properties":{"COUNTY":"Snohomish","PRECCODE":23821289,"PRECNAME":"Everett 73","PRECINCT":"Snohomish 23821289","DESCRIPTIO":"Pinehurst-Beverly Park Northwest (Everett Golf Club, Highway Place Apartments, Elliott Way)","OFFICE":"PUD Commissioner District 1","JURISDICTION":"Public Utility","RACE":"Snohomish County PUD Commissioner District 1","Name_1":"Sid Logan","Party_1":"None_1","Votes_1":"95","Name_2":"Janet St Clair","Party_2":"None_2","Votes_2":"67","Name_3":"Bruce King","Party_3":"None_3","Votes_3":"51","Name_4":"Write-In","Party_4":"None_4","Votes_4":"1","Name_5":null,"Party_5":null,"Votes_5":"0","Name_6":null,"Party_6":null,"Votes_6":"0","Name_7":null,"Party_7":null,"Votes_7":"0","Votes_total":"214","Pct_1":44.39,"Pct_2":31.31,"Pct_3":23.83,"Pct_4":0.47,"Pct_5":0,"Pct_6":0,"Pct_7":0,"Margin":13.08}},
{"type":"Feature","geometry":{"type":"Polygon","coordinates":[[[-122.20120366995067,47.936235006602125],[-122.196250243125,47.93604113458646],[-122.19655554804275,47.94251436322229],[-122.19841857167759,47.94818126364707],[-122.2001235104968,47.94930128472501],[-122.19961971485635,47.94220708950235],[-122.20055230558968,47.942212668062226],[-122.20220101696343,47.9396155403243],[-122.20693637164194,47.93968916252175],[-122.20688639927596,47.94122571874024],[-122.21068894327327,47.9362624279759],[-122.20700199408344,47.936265160263105],[-122.20120366995067,47.936235006602125]]]},"properties":{"COUNTY":"Snohomish","PRECCODE":23821290,"PRECNAME":"Everett 76","PRECINCT":"Snohomish 23821290","DESCRIPTIO":"Pinehurst-Beverly Park Northeast (Howard Avenue, Lexington Arms Apartments, Euclid Avenue)","OFFICE":"PUD Commissioner District 1","JURISDICTION":"Public Utility","RACE":"Snohomish County PUD Commissioner District 1","Name_1":"Sid Logan","Party_1":"None_1","Votes_1":"80","Name_2":"Janet St Clair","Party_2":"None_2","Votes_2":"74","Name_3":"Bruce King","Party_3":"None_3","Votes_3":"48","Name_4":"Write-In","Party_4":"None_4","Votes_4":"1","Name_5":null,"Party_5":null,"Votes_5":"0","Name_6":null,"Party_6":null,"Votes_6":"0","Name_7":null,"Party_7":null,"Votes_7":"0","Votes_total":"203","Pct_1":39.41,"Pct_2":36.45,"Pct_3":23.65,"Pct_4":0.49,"Pct_5":0,"Pct_6":0,"Pct_7":0,"Margin":2.96}},
{"type":"Feature","geometry":{"type":"Polygon","coordinates":[[[-122.28805580373937,48.09706251350307],[-122.28840960703435,48.09723505236906],[-122.28853624955117,48.09731707532601],[-122.28893834448125,48.09785880841319],[-122.28961689178095,48.0979352061893],[-122.29057405355688,48.101260930951405],[-122.2945723365369,48.10824745281661],[-122.31351701595723,48.10813561314755],[-122.31355495570553,48.10446787893071],[-122.32704272754016,48.104401265006416],[-122.32962250690485,48.107934790491406],[-122.32427370856244,48.108004325889176],[-122.32423167734257,48.119057519631426],[-122.3244006426269,48.12333957923814],[-122.33726569076389,48.1233572796062],[-122.36270158159108,48.12339576660172],[-122.36021416823458,48.11937904465556],[-122.35773562031193,48.117565283244794],[-122.35162029960122,48.114783724292394],[-122.34785226918805,48.11104571206508],[-122.3473754508849,48.106759733240665],[-122.3445724456477,48.10508831463501],[-122.34383159733706,48.10414379173645],[-122.34464097023113,48.10115459884066],[-122.34340351967408,48.09831552849524],[-122.34204039868754,48.09740084640426],[-122.33309208633185,48.09555331321292],[-122.32603232103999,48.09304243332193],[-122.32503941272397,48.09058736427378],[-122.32174968572379,48.087132426297565],[-122.32200953539399,48.08259318175923],[-122.32105197529219,48.080783525016194],[-122.30542898930695,48.073870710024416],[-122.30671996489592,48.07593320342077],[-122.30447300630867,48.077985345623716],[-122.304536369947,48.07920235358077],[-122.30585345641974,48.08076341839569],[-122.30540934258947,48.08154626255971],[-122.30197649231359,48.08268482332156],[-122.29924139034722,48.082985131705186],[-122.2978035584733,48.08415488904771],[-122.29435370169513,48.08270151681627],[-122.29261420880668,48.08270461261964],[-122.29196712667489,48.08583084364137],[-122.29297937014677,48.087111627375],[-122.293705292803,48.090779490717814],[-122.29299993759584,48.09183096324674],[-122.2898785129407,48.0935053355533],[-122.28849599694439,48.095148178972664],[-122.28815637340212,48.096728361719165],[-122.28805580373937,48.09706251350307]]]},"properties":{"COUNTY":"Snohomish","PRECCODE":23821327,"PRECNAME":"Tulalip 1","PRECINCT":"Snohomish 23821327","DESCRIPTIO":"Tulalip Far Northwest (Tulalip Shores, Tulare Beach, Sunny Shores)","OFFICE":"PUD Commissioner District 1","JURISDICTION":"Public Utility","RACE":"Snohomish County PUD Commissioner District 1","Name_1":"Sid Logan","Party_1":"None_1","Votes_1":"144","Name_2":"Janet St Clair","Party_2":"None_2","Votes_2":"77","Name_3":"Bruce King","Party_3":"None_3","Votes_3":"42","Name_4":"Write-In","Party_4":"None_4","Votes_4":"1","Name_5":null,"Party_5":null,"Votes_5":"0","Name_6":null,"Party_6":null,"Votes_6":"0","Name_7":null,"Party_7":null,"Votes_7":"0","Votes_total":"264","Pct_1":54.55,"Pct_2":29.17,"Pct_3":15.91,"Pct_4":0.38,"Pct_5":0,"Pct_6":0,"Pct_7":0,"Margin":25.38}},
{"type":"Feature","geometry":{"type":"Polygon","coordinates":[[[-122.2756441377185,48.065375247880205],[-122.27678200507425,48.066213887494776],[-122.27898079951788,48.067324276293974],[-122.2812470846211,48.06800815367182],[-122.28117263584947,48.06336071265199],[-122.27882937411023,48.06219112640913],[-122.27636180029508,48.05807014720124],[-122.27449774421424,48.05772529057864],[-122.27361643317252,48.05713487029592],[-122.27162408513453,48.056993379678744],[-122.27406470913112,48.05581501868119],[-122.27404830507517,48.05406933941577],[-122.27207141903953,48.05377756947587],[-122.27195944996771,48.053472891060295],[-122.27342269914294,48.05104435665375],[-122.27505533662287,48.05022135976332],[-122.27818268126414,48.050786086653154],[-122.27905755351505,48.05157963529765],[-122.282802585786,48.051838715291915],[-122.28633975529719,48.05304693729658],[-122.28872882158551,48.05503325136232],[-122.29041977889041,48.05489729278855],[-122.29091354222992,48.054444190250024],[-122.29103151340277,48.053721095485095],[-122.29013983329163,48.05258687826028],[-122.2795517871346,48.04985271473503],[-122.27099544320387,48.046981461817296],[-122.25940829999998,48.0414146],[-122.24938025186992,48.035663053077776],[-122.24377041752956,48.035649127108215],[-122.24362734624582,48.050067347343045],[-122.24900815763607,48.05011651250482],[-122.2489878737024,48.05204715334181],[-122.25841215599971,48.05198250698848],[-122.25912309748277,48.05154568326903],[-122.2756441377185,48.065375247880205]]]},"properties":{"COUNTY":"Snohomish","PRECCODE":23821328,"PRECNAME":"Tulalip 2","PRECINCT":"Snohomish 23821328","DESCRIPTIO":"Tulalip Southwest (Totem Beach, Tulalip Tribal Services Building, Mission Beach)","OFFICE":"PUD Commissioner District 1","JURISDICTION":"Public Utility","RACE":"Snohomish County PUD Commissioner District 1","Name_1":"Sid Logan","Party_1":"None_1","Votes_1":"123","Name_2":"Janet St Clair","Party_2":"None_2","Votes_2":"64","Name_3":"Bruce King","Party_3":"None_3","Votes_3":"34","Name_4":"Write-In","Party_4":"None_4","Votes_4":"1","Name_5":null,"Party_5":null,"Votes_5":"0","Name_6":null,"Party_6":null,"Votes_6":"0","Name_7":null,"Party_7":null,"Votes_7":"0","Votes_total":"222","Pct_1":55.41,"Pct_2":28.83,"Pct_3":15.32,"Pct_4":0.45,"Pct_5":0,"Pct_6":0,"Pct_7":0,"Margin":26.58}},
{"type":"Feature","geometry":{"type":"Polygon","coordinates":[[[-122.27029553381259,48.09370367308585],[-122.27001717056375,48.10836027308523],[-122.27700585339024,48.10837990001591],[-122.28090415133587,48.10837403451348],[-122.28104046102048,48.100711431366086],[-122.28185230461088,48.10075989060863],[-122.28218261266778,48.10074438267672],[-122.28199347215558,48.10063827725872],[-122.2813775645722,48.100403340161996],[-122.28105862393238,48.10022133766228],[-122.28098231024465,48.10021093172099],[-122.2801730769678,48.10094986980832],[-122.27872441724864,48.10099594458748],[-122.27637705159898,48.098167166225764],[-122.27601135067084,48.09612076141458],[-122.28030659253405,48.09157507182442],[-122.27813584701293,48.08909210852757],[-122.27362624912494,48.0860177824592],[-122.27045114752882,48.07951389167939],[-122.27079891780201,48.077913063980624],[-122.27550166852494,48.0721420242176],[-122.27577985086387,48.0713745005389],[-122.27489399165854,48.06796169916226],[-122.27598703861165,48.06611491154929],[-122.27628798051575,48.065873216819945],[-122.2756441377185,48.065375247880205],[-122.25912309748277,48.05154568326903],[-122.25841215599971,48.05198250698848],[-122.2489878737024,48.05204715334181],[-122.248920925077,48.05742589348314],[-122.22773532910968,48.05734703274622],[-122.22770531551987,48.07800602982214],[-122.22753175936685,48.08634121315239],[-122.26500790152899,48.086583166973234],[-122.26490987240236,48.09371908634081],[-122.27029553381259,48.09370367308585]]]},"properties":{"COUNTY":"Snohomish","PRECCODE":23821365,"PRECNAME":"Tulalip 3","PRECINCT":"Snohomish 23821365","DESCRIPTIO":"Tulalip Center (Turk Drive, Tulalip Tribal Administration Building)","OFFICE":"PUD Commissioner District 1","JURISDICTION":"Public Utility","RACE":"Snohomish County PUD Commissioner District 1","Name_1":"Sid Logan","Party_1":"None_1","Votes_1":"67","Name_2":"Janet St Clair","Party_2":"None_2","Votes_2":"45","Name_3":"Bruce King","Party_3":"None_3","Votes_3":"33","Name_4":null,"Party_4":null,"Votes_4":"0","Name_5":null,"Party_5":null,"Votes_5":"0","Name_6":null,"Party_6":null,"Votes_6":"0","Name_7":null,"Party_7":null,"Votes_7":"0","Votes_total":"145","Pct_1":46.21,"Pct_2":31.03,"Pct_3":22.76,"Pct_4":0,"Pct_5":0,"Pct_6":0,"Pct_7":0,"Margin":15.18}},
{"type":"Feature","geometry":{"type":"MultiPolygon","coordinates":[[[[-122.18108948705749,47.998468839353855],[-122.18080168797856,47.99794217266597],[-122.18031208697066,47.9988741732732],[-122.1808230884055,47.99932177268914],[-122.18108948705749,47.998468839353855]]],[[[-122.1789421498814,48.00483777291019],[-122.18020701495863,48.00339420641058],[-122.18090427890459,48.001170452412346],[-122.18072058140973,48.00035428561763],[-122.17978278793025,48.00000379029666],[-122.17880553627612,48.00053329964389],[-122.17792224369077,48.0025929943734],[-122.17818835211712,48.0045756115072],[-122.17868220017003,48.005190147215345],[-122.1789421498814,48.00483777291019]]],[[[-122.18777423856052,47.99619350221852],[-122.1833390963242,47.99611960544102],[-122.18267974631175,47.994824314420164],[-122.18080261803445,47.99241173615281],[-122.18056565756596,47.992604488997436],[-122.18152775254923,47.99532777295215],[-122.18110235252284,47.99704137214257],[-122.18183248965342,48.00113830544829],[-122.18112775586916,48.00463583959609],[-122.17992955498879,48.00697250742942],[-122.18040795544383,48.0091887066377],[-122.18232175920706,48.0119963071952],[-122.18398735745714,48.01227843980425],[-122.18808950176592,48.01498223745551],[-122.18885439747929,48.012952237743114],[-122.19034761938227,48.01136591091432],[-122.19469536429455,48.00793910265893],[-122.19447481017872,48.00782605060714],[-122.19429128048401,48.007761310657955],[-122.19355960441936,48.00774985674761],[-122.19266005776059,48.00805492792795],[-122.19096348044205,48.00543618927811],[-122.18892831449502,48.00541768305745],[-122.18903820580911,48.00147209310295],[-122.18771259869659,48.001456485936615],[-122.18781285070642,47.99751006711899],[-122.18777423856052,47.99619350221852]]],[[[-122.18011848864158,48.003957307366875],[-122.17896702381582,48.005739307135855],[-122.17958928944563,48.005429173426],[-122.18011848864158,48.003957307366875]]],[[[-122.18757811096988,48.01778567148313],[-122.18499875847924,48.016903039051684],[-122.18037762482207,48.014279174012444],[-122.17838322342325,48.01193990806481],[-122.1775440217748,48.00971277398253],[-122.17695142131547,48.0054043735165],[-122.1758033532002,48.00249710709302],[-122.17919688641918,47.99674630682432],[-122.17975655222145,47.994724838307505],[-122.1792722193812,47.99307263978506],[-122.17757561793009,47.99179223913735],[-122.17191928331044,47.98897350717844],[-122.16831415019438,47.98498177330711],[-122.16676460255948,47.98460645367336],[-122.16600828500385,47.98628860661313],[-122.16345515464725,47.98640694337851],[-122.16303705372451,47.98676454644219],[-122.16256789959711,47.989106444442086],[-122.16448398561438,47.99188000686791],[-122.1646816587651,47.99433943417027],[-122.16140384912723,48.000643781958594],[-122.16020199287179,48.00194514836182],[-122.16020838260128,48.00513542763457],[-122.15878959237246,48.005710566473645],[-122.158265988622,48.00697964863597],[-122.15655899364644,48.007591503794345],[-122.1748503634684,48.00761254046682],[-122.17492271596508,48.0108887650053],[-122.17529048699285,48.010889517348126],[-122.17503888411825,48.018170094477846],[-122.17573954583997,48.02380043437736],[-122.17592971699597,48.02345688105449],[-122.17696602088095,48.02351857901643],[-122.17789383666327,48.02396025706483],[-122.17878415014722,48.0255828314377],[-122.1796624393747,48.025868703359535],[-122.1793868384159,48.027113305578474],[-122.18278598988323,48.03052797143251],[-122.18900531029313,48.03234525461864],[-122.19590238973753,48.0317896574756],[-122.1975314935732,48.03114719034359],[-122.1987115482618,48.02990481270801],[-122.19868128367139,48.030276080759386],[-122.19999910122185,48.02991909984735],[-122.19920895894668,48.02956045197919],[-122.1997699938811,48.02928918422571],[-122.19969300827121,48.02845671085214],[-122.20095731497692,48.02899269461614],[-122.20024841337859,48.028978997810604],[-122.2009054762595,48.02987463128581],[-122.20246678542733,48.02978138677765],[-122.20275319146609,48.03049015205901],[-122.20186520175193,48.030673395570936],[-122.20149174362284,48.030240628265965],[-122.20163720237538,48.03082577671198],[-122.20299460311196,48.03071630218167],[-122.20349013028411,48.030312658851216],[-122.20305171089419,48.029682717337806],[-122.20176200536012,48.0293698200223],[-122.20139220189908,48.029652238128],[-122.20113647515474,48.029129618143095],[-122.20213208537109,48.029440432209405],[-122.20353041896176,48.029259435964505],[-122.20351034438099,48.02879311541854],[-122.20266344193392,48.02839968030733],[-122.2024134360551,48.02902067630304],[-122.20211009428462,48.02887703974212],[-122.20341707604705,48.027336719536706],[-122.20382247768522,48.02583116937981],[-122.20298649893606,48.02560774394315],[-122.20317899603258,48.02523962255397],[-122.20219838498991,48.02521619157537],[-122.20330705156071,48.02499863146785],[-122.20210339547566,48.02435822520928],[-122.20381425469246,48.024658331532365],[-122.20259334715885,48.02358374845797],[-122.2040749112615,48.02441597622452],[-122.20317961470386,48.023135877263115],[-122.20837240661716,48.022940141373795],[-122.20861578195425,48.02198984774732],[-122.20456586030396,48.02208153053269],[-122.20189255223666,48.02161529342159],[-122.20076525871654,48.022020163579015],[-122.20001057712297,48.021415006165036],[-122.19397327373147,48.020456433416015],[-122.1911136650601,48.01958123739929],[-122.18969465057324,48.01852091015471],[-122.18757811096988,48.01778567148313]]]]},"properties":{"COUNTY":"Snohomish","PRECCODE":23821394,"PRECNAME":"Everett 5","PRECINCT":"Snohomish 23821394","DESCRIPTIO":"Delta Northeast (Belmont Heights, Grandview Homes Affordable Apartments, Vintage Senior Living)","OFFICE":"PUD Commissioner District 1","JURISDICTION":"Public Utility","RACE":"Snohomish County PUD Commissioner District 1","Name_1":"Sid Logan","Party_1":"None_1","Votes_1":"95","Name_2":"Janet St Clair","Party_2":"None_2","Votes_2":"69","Name_3":"Bruce King","Party_3":"None_3","Votes_3":"26","Name_4":"Write-In","Party_4":"None_4","Votes_4":"1","Name_5":null,"Party_5":null,"Votes_5":"0","Name_6":null,"Party_6":null,"Votes_6":"0","Name_7":null,"Party_7":null,"Votes_7":"0","Votes_total":"191","Pct_1":49.74,"Pct_2":36.13,"Pct_3":13.61,"Pct_4":0.52,"Pct_5":0,"Pct_6":0,"Pct_7":0,"Margin":13.61}},
{"type":"Feature","geometry":{"type":"Polygon","coordinates":[[[-122.19200459216663,48.00150646804383],[-122.19319847046597,48.00148408885587],[-122.19452443913046,48.00133888874413],[-122.19445485718201,47.99877635820321],[-122.19367980406946,47.99883867994252],[-122.19338319868785,47.99758138469922],[-122.18781285070642,47.99751006711899],[-122.18771259869659,48.001456485936615],[-122.19200459216663,48.00150646804383]]]},"properties":{"COUNTY":"Snohomish","PRECCODE":23821395,"PRECNAME":"Everett 7","PRECINCT":"Snohomish 23821395","DESCRIPTIO":"Delta Center (Baker Heights Affordable Housing, Chestnut Court Condos)","OFFICE":"PUD Commissioner District 1","JURISDICTION":"Public Utility","RACE":"Snohomish County PUD Commissioner District 1","Name_1":"Janet St Clair","Party_1":"None_2","Votes_1":"36","Name_2":"Sid Logan","Party_2":"None_1","Votes_2":"30","Name_3":"Bruce King","Party_3":"None_3","Votes_3":"11","Name_4":"Write-In","Party_4":"None_4","Votes_4":"1","Name_5":null,"Party_5":null,"Votes_5":"0","Name_6":null,"Party_6":null,"Votes_6":"0","Name_7":null,"Party_7":null,"Votes_7":"0","Votes_total":"78","Pct_1":46.15,"Pct_2":38.46,"Pct_3":14.1,"Pct_4":1.28,"Pct_5":0,"Pct_6":0,"Pct_7":0,"Margin":7.69}},
{"type":"Feature","geometry":{"type":"Polygon","coordinates":[[[-122.19221437271644,47.98702435936425],[-122.19711100191358,47.98708701667938],[-122.19714413826259,47.985770196641276],[-122.20139852965485,47.98581751738448],[-122.20152823009592,47.98056448764975],[-122.20156289798437,47.979201540684095],[-122.20018698990388,47.9791967113874],[-122.19514527615438,47.979140288354124],[-122.19508947630321,47.981826155938634],[-122.19234947136839,47.98179690093543],[-122.19221437271644,47.98702435936425]]]},"properties":{"COUNTY":"Snohomish","PRECCODE":23821397,"PRECNAME":"Everett 10","PRECINCT":"Snohomish 23821397","DESCRIPTIO":"Riverside West (Teamsters Hall, 25th & Fulton)","OFFICE":"PUD Commissioner District 1","JURISDICTION":"Public Utility","RACE":"Snohomish County PUD Commissioner District 1","Name_1":"Sid Logan","Party_1":"None_1","Votes_1":"89","Name_2":"Janet St Clair","Party_2":"None_2","Votes_2":"48","Name_3":"Bruce King","Party_3":"None_3","Votes_3":"20","Name_4":null,"Party_4":null,"Votes_4":"0","Name_5":null,"Party_5":null,"Votes_5":"0","Name_6":null,"Party_6":null,"Votes_6":"0","Name_7":null,"Party_7":null,"Votes_7":"0","Votes_total":"157","Pct_1":56.69,"Pct_2":30.57,"Pct_3":12.74,"Pct_4":0,"Pct_5":0,"Pct_6":0,"Pct_7":0,"Margin":26.12}},
{"type":"Feature","geometry":{"type":"Polygon","coordinates":[[[-122.20460390673425,47.9496539566174],[-122.20605480473186,47.94942314000134],[-122.20658129702437,47.94942334081219],[-122.20693637164194,47.93968916252175],[-122.20220101696343,47.9396155403243],[-122.20055230558968,47.942212668062226],[-122.19961971485635,47.94220708950235],[-122.20011948167577,47.94924538216677],[-122.203730015284,47.94984709137548],[-122.20411683693156,47.949832266166375],[-122.20460390673425,47.9496539566174]]]},"properties":{"COUNTY":"Snohomish","PRECCODE":23821399,"PRECNAME":"Everett 30","PRECINCT":"Snohomish 23821399","DESCRIPTIO":"Glacier View West (Fairfax Avenue, 63rd & Oakes)","OFFICE":"PUD Commissioner District 1","JURISDICTION":"Public Utility","RACE":"Snohomish County PUD Commissioner District 1","Name_1":"Sid Logan","Party_1":"None_1","Votes_1":"107","Name_2":"Janet St Clair","Party_2":"None_2","Votes_2":"71","Name_3":"Bruce King","Party_3":"None_3","Votes_3":"35","Name_4":"Write-In","Party_4":"None_4","Votes_4":"1","Name_5":null,"Party_5":null,"Votes_5":"0","Name_6":null,"Party_6":null,"Votes_6":"0","Name_7":null,"Party_7":null,"Votes_7":"0","Votes_total":"214","Pct_1":50,"Pct_2":33.18,"Pct_3":16.36,"Pct_4":0.47,"Pct_5":0,"Pct_6":0,"Pct_7":0,"Margin":16.82}},
{"type":"Feature","geometry":{"type":"Polygon","coordinates":[[[-122.22837284459703,47.93363575988147],[-122.2283512875223,47.93007654964937],[-122.22081309308534,47.930122906221115],[-122.21996647569864,47.932745225135],[-122.21927966161849,47.93531984741799],[-122.2208946350754,47.935518782071355],[-122.22132058227115,47.934267523813894],[-122.22220983355055,47.934335569889924],[-122.22232261788496,47.93494581114983],[-122.22417714652704,47.93500615635349],[-122.22452709654733,47.93353028936706],[-122.22837284459703,47.93363575988147]]]},"properties":{"COUNTY":"Snohomish","PRECCODE":23821401,"PRECNAME":"Everett 46","PRECINCT":"Snohomish 23821401","DESCRIPTIO":"Evergreen Northeast (Village by the Lake Condos, Shoreside Village Apartments, Park Place Condos)","OFFICE":"PUD Commissioner District 1","JURISDICTION":"Public Utility","RACE":"Snohomish County PUD Commissioner District 1","Name_1":"Sid Logan","Party_1":"None_1","Votes_1":"81","Name_2":"Janet St Clair","Party_2":"None_2","Votes_2":"81","Name_3":"Bruce King","Party_3":"None_3","Votes_3":"29","Name_4":null,"Party_4":null,"Votes_4":"0","Name_5":null,"Party_5":null,"Votes_5":"0","Name_6":null,"Party_6":null,"Votes_6":"0","Name_7":null,"Party_7":null,"Votes_7":"0","Votes_total":"191","Pct_1":42.41,"Pct_2":42.41,"Pct_3":15.18,"Pct_4":0,"Pct_5":0,"Pct_6":0,"Pct_7":0,"Margin":0}},
{"type":"Feature","geometry":{"type":"Polygon","coordinates":[[[-122.24223840188158,47.94364789535677],[-122.23841839268353,47.940370380124136],[-122.23809077748248,47.94055270676888],[-122.23800507959932,47.940683997987],[-122.23801041479865,47.94187545134279],[-122.23867545485494,47.94262173824928],[-122.23587220606849,47.94264976222446],[-122.23586607807785,47.941897362764635],[-122.23458206072132,47.94191179528484],[-122.23456080815785,47.940299488005444],[-122.23373964788989,47.939642570058666],[-122.22844248175628,47.939676294171626],[-122.22852225183074,47.94102578161651],[-122.22860610984637,47.94288572222407],[-122.2286102872786,47.94379657376257],[-122.24223840188158,47.94364789535677]]]},"properties":{"COUNTY":"Snohomish","PRECCODE":23821411,"PRECNAME":"Everett 72","PRECINCT":"Snohomish 23821411","DESCRIPTIO":"Madison Center (Brookridge South, Sycamore Place, Kenwood Drive Apartments)","OFFICE":"PUD Commissioner District 1","JURISDICTION":"Public Utility","RACE":"Snohomish County PUD Commissioner District 1","Name_1":"Janet St Clair","Party_1":"None_2","Votes_1":"50","Name_2":"Sid Logan","Party_2":"None_1","Votes_2":"44","Name_3":"Bruce King","Party_3":"None_3","Votes_3":"30","Name_4":null,"Party_4":null,"Votes_4":"0","Name_5":null,"Party_5":null,"Votes_5":"0","Name_6":null,"Party_6":null,"Votes_6":"0","Name_7":null,"Party_7":null,"Votes_7":"0","Votes_total":"124","Pct_1":40.32,"Pct_2":35.48,"Pct_3":24.19,"Pct_4":0,"Pct_5":0,"Pct_6":0,"Pct_7":0,"Margin":4.84}},
{"type":"Feature","geometry":{"type":"Polygon","coordinates":[[[-122.25235623441668,47.94953259923147],[-122.25186639625447,47.94874891738549],[-122.25075822452378,47.9483730312729],[-122.25129173759319,47.94366340250085],[-122.24539099853611,47.943708461499995],[-122.2430447966327,47.94439301874918],[-122.24327213466768,47.94466723540995],[-122.24544716370245,47.94953735858272],[-122.24882115820056,47.94952810073019],[-122.25235623441668,47.94953259923147]]]},"properties":{"COUNTY":"Snohomish","PRECCODE":23821412,"PRECNAME":"Everett 74","PRECINCT":"Snohomish 23821412","DESCRIPTIO":"Merrill Creek East (Merrill Creek Gardens, Glenwood Crest, Glenwood Terrace Condos)","OFFICE":"PUD Commissioner District 1","JURISDICTION":"Public Utility","RACE":"Snohomish County PUD Commissioner District 1","Name_1":"Sid Logan","Party_1":"None_1","Votes_1":"78","Name_2":"Janet St Clair","Party_2":"None_2","Votes_2":"49","Name_3":"Bruce King","Party_3":"None_3","Votes_3":"20","Name_4":null,"Party_4":null,"Votes_4":"0","Name_5":null,"Party_5":null,"Votes_5":"0","Name_6":null,"Party_6":null,"Votes_6":"0","Name_7":null,"Party_7":null,"Votes_7":"0","Votes_total":"147","Pct_1":53.06,"Pct_2":33.33,"Pct_3":13.61,"Pct_4":0,"Pct_5":0,"Pct_6":0,"Pct_7":0,"Margin":19.73}},
{"type":"Feature","geometry":{"type":"Polygon","coordinates":[[[-122.20107873968767,47.9277519818117],[-122.2030814423905,47.926043678287506],[-122.2041133671864,47.924055470341045],[-122.20507714568241,47.92184623478766],[-122.19587272317531,47.92175291782626],[-122.19051369984287,47.92174871498613],[-122.1905668584729,47.928438043964775],[-122.19190040258152,47.92845812923861],[-122.19196556970654,47.93251101778472],[-122.19303429844429,47.932522151936105],[-122.19334219223735,47.934475322596356],[-122.19592000895301,47.93444467633493],[-122.19582503773424,47.93413083624472],[-122.19595219509833,47.93210489011121],[-122.19742645826926,47.92997379073683],[-122.19800455743163,47.92952152145014],[-122.19862063636653,47.929117463239066],[-122.20107873968767,47.9277519818117]]]},"properties":{"COUNTY":"Snohomish","PRECCODE":23821413,"PRECNAME":"Everett 80","PRECINCT":"Snohomish 23821413","DESCRIPTIO":"Valley View (Valley View, Sylvan Crest)","OFFICE":"PUD Commissioner District 1","JURISDICTION":"Public Utility","RACE":"Snohomish County PUD Commissioner District 1","Name_1":"Sid Logan","Party_1":"None_1","Votes_1":"131","Name_2":"Janet St Clair","Party_2":"None_2","Votes_2":"61","Name_3":"Bruce King","Party_3":"None_3","Votes_3":"30","Name_4":"Write-In","Party_4":"None_4","Votes_4":"1","Name_5":null,"Party_5":null,"Votes_5":"0","Name_6":null,"Party_6":null,"Votes_6":"0","Name_7":null,"Party_7":null,"Votes_7":"0","Votes_total":"223","Pct_1":58.74,"Pct_2":27.35,"Pct_3":13.45,"Pct_4":0.45,"Pct_5":0,"Pct_6":0,"Pct_7":0,"Margin":31.39}},
{"type":"Feature","geometry":{"type":"Polygon","coordinates":[[[-122.19445485718201,47.99877635820321],[-122.19449140936676,47.99859384907212],[-122.19459751948703,47.99847366245577],[-122.19541226204072,47.99807704438513],[-122.19550863252567,47.99495466323412],[-122.192017720503,47.99494005381667],[-122.1878769735222,47.99495126727105],[-122.18777423856052,47.99619350221852],[-122.18781285070642,47.99751006711899],[-122.19338319868785,47.99758138469922],[-122.19367980406946,47.99883867994252],[-122.19445485718201,47.99877635820321]]]},"properties":{"COUNTY":"Snohomish","PRECCODE":23821414,"PRECNAME":"Everett 81","PRECINCT":"Snohomish 23821414","DESCRIPTIO":"Delta South (Riverside Foursquare Church, Bakerview Affordable Apartments)","OFFICE":"PUD Commissioner District 1","JURISDICTION":"Public Utility","RACE":"Snohomish County PUD Commissioner District 1","Name_1":"Sid Logan","Party_1":"None_1","Votes_1":"49","Name_2":"Janet St Clair","Party_2":"None_2","Votes_2":"44","Name_3":"Bruce King","Party_3":"None_3","Votes_3":"34","Name_4":"Write-In","Party_4":"None_4","Votes_4":"1","Name_5":null,"Party_5":null,"Votes_5":"0","Name_6":null,"Party_6":null,"Votes_6":"0","Name_7":null,"Party_7":null,"Votes_7":"0","Votes_total":"128","Pct_1":38.28,"Pct_2":34.38,"Pct_3":26.56,"Pct_4":0.78,"Pct_5":0,"Pct_6":0,"Pct_7":0,"Margin":3.9}},
{"type":"Feature","geometry":{"type":"Polygon","coordinates":[[[-122.3244006426269,48.12333957923814],[-122.32423167734257,48.119057519631426],[-122.32427370856244,48.108004325889176],[-122.32962250690485,48.107934790491406],[-122.32704272754016,48.104401265006416],[-122.31355495570553,48.10446787893071],[-122.31351701595723,48.10813561314755],[-122.2945723365369,48.10824745281661],[-122.29057405355688,48.101260930951405],[-122.28961689178095,48.0979352061893],[-122.28893834448125,48.09785880841319],[-122.28853624955117,48.09731707532601],[-122.28840960703435,48.09723505236906],[-122.28805580373937,48.09706251350307],[-122.28779806064158,48.097955251212795],[-122.28641805181064,48.09971173541003],[-122.28270566394023,48.100719823228715],[-122.28185230461088,48.10075989060863],[-122.28104046102048,48.100711431366086],[-122.28090415133587,48.10837403451348],[-122.286388748069,48.10840042350924],[-122.29169629432923,48.10826411667389],[-122.29159440170677,48.11551417121132],[-122.29172228252754,48.11632533409029],[-122.29179196632786,48.12037843978027],[-122.29181263127957,48.12322403913599],[-122.29911181282972,48.12324539240625],[-122.3119532969447,48.123284305357274],[-122.31857775685178,48.12332012708439],[-122.3244006426269,48.12333957923814]]]},"properties":{"COUNTY":"Snohomish","PRECCODE":23821440,"PRECNAME":"Tulalip 4","PRECINCT":"Snohomish 23821440","DESCRIPTIO":"Stimson Crossing Far West (Port Susan Camping Club RV Park MHP)","OFFICE":"PUD Commissioner District 1","JURISDICTION":"Public Utility","RACE":"Snohomish County PUD Commissioner District 1","Name_1":"Sid Logan","Party_1":"None_1","Votes_1":"102","Name_2":"Janet St Clair","Party_2":"None_2","Votes_2":"74","Name_3":"Bruce King","Party_3":"None_3","Votes_3":"43","Name_4":"Write-In","Party_4":"None_4","Votes_4":"2","Name_5":null,"Party_5":null,"Votes_5":"0","Name_6":null,"Party_6":null,"Votes_6":"0","Name_7":null,"Party_7":null,"Votes_7":"0","Votes_total":"221","Pct_1":46.15,"Pct_2":33.48,"Pct_3":19.46,"Pct_4":0.9,"Pct_5":0,"Pct_6":0,"Pct_7":0,"Margin":12.67}},
{"type":"Feature","geometry":{"type":"Polygon","coordinates":[[[-122.23895407318147,47.95084353167421],[-122.2382155332952,47.946345542911644],[-122.23934412354417,47.94573284938304],[-122.23932109232351,47.944473322991726],[-122.24103357420393,47.94430542566703],[-122.24087919696035,47.94380641506288],[-122.2286102872786,47.94379657376257],[-122.22861490213998,47.94538517691173],[-122.22973383260101,47.946054608914054],[-122.23068957092005,47.94608322390891],[-122.23069396384444,47.947982090327656],[-122.23182915848041,47.948815902771045],[-122.23219503095191,47.95081763057256],[-122.23816402728674,47.950832917389015],[-122.23895407318147,47.95084353167421]]]},"properties":{"COUNTY":"Snohomish","PRECCODE":23821449,"PRECNAME":"Everett 85","PRECINCT":"Snohomish 23821449","DESCRIPTIO":"Madison North (Brookridge North, Elm & 51st)","OFFICE":"PUD Commissioner District 1","JURISDICTION":"Public Utility","RACE":"Snohomish County PUD Commissioner District 1","Name_1":"Sid Logan","Party_1":"None_1","Votes_1":"80","Name_2":"Janet St Clair","Party_2":"None_2","Votes_2":"43","Name_3":"Bruce King","Party_3":"None_3","Votes_3":"40","Name_4":null,"Party_4":null,"Votes_4":"0","Name_5":null,"Party_5":null,"Votes_5":"0","Name_6":null,"Party_6":null,"Votes_6":"0","Name_7":null,"Party_7":null,"Votes_7":"0","Votes_total":"163","Pct_1":49.08,"Pct_2":26.38,"Pct_3":24.54,"Pct_4":0,"Pct_5":0,"Pct_6":0,"Pct_7":0,"Margin":22.7}},
{"type":"Feature","geometry":{"type":"Polygon","coordinates":[[[-122.22615014472566,47.95942193599837],[-122.22668875805158,47.96518650219212],[-122.22906922184862,47.96695610764096],[-122.23047988591783,47.97020619228107],[-122.23071534798598,47.97045403669994],[-122.2370778267085,47.96605880952209],[-122.23640556864873,47.96489741148959],[-122.23592425020044,47.96496936682808],[-122.2357068778151,47.963841862233245],[-122.2365772951579,47.96368537126718],[-122.23557247372307,47.9620103936909],[-122.23375274053443,47.96070944222101],[-122.23291623830409,47.960647004164535],[-122.23307675491016,47.95979103622765],[-122.23311262463648,47.95900530859796],[-122.23311045199864,47.95683377174677],[-122.23166327619366,47.95673423120687],[-122.22976660534418,47.95674862733374],[-122.22848646024491,47.95845133184251],[-122.22804728761284,47.95872178476762],[-122.22615014472566,47.95942193599837]]]},"properties":{"COUNTY":"Snohomish","PRECCODE":23821451,"PRECNAME":"Everett 88","PRECINCT":"Snohomish 23821451","DESCRIPTIO":"View Ridge North (Olympic Boulevard, View Ridge Drive)","OFFICE":"PUD Commissioner District 1","JURISDICTION":"Public Utility","RACE":"Snohomish County PUD Commissioner District 1","Name_1":"Sid Logan","Party_1":"None_1","Votes_1":"113","Name_2":"Janet St Clair","Party_2":"None_2","Votes_2":"55","Name_3":"Bruce King","Party_3":"None_3","Votes_3":"20","Name_4":null,"Party_4":null,"Votes_4":"0","Name_5":null,"Party_5":null,"Votes_5":"0","Name_6":null,"Party_6":null,"Votes_6":"0","Name_7":null,"Party_7":null,"Votes_7":"0","Votes_total":"188","Pct_1":60.11,"Pct_2":29.26,"Pct_3":10.64,"Pct_4":0,"Pct_5":0,"Pct_6":0,"Pct_7":0,"Margin":30.85}},
{"type":"Feature","geometry":{"type":"Polygon","coordinates":[[[-122.22773532910968,48.05734703274622],[-122.248920925077,48.05742589348314],[-122.24900815763607,48.05011651250482],[-122.24362734624582,48.050067347343045],[-122.24377041752956,48.035649127108215],[-122.23807315598378,48.03563317098251],[-122.22909660034748,48.035650874039774],[-122.22683436232381,48.038036611375],[-122.21688167031287,48.04280135485742],[-122.21690733421478,48.04422810366072],[-122.21772091526552,48.04506294581921],[-122.21360483554345,48.049567395982166],[-122.20978189685002,48.05178877645152],[-122.20590468986614,48.053077854809885],[-122.20566312422189,48.07949074007054],[-122.18389736510984,48.07931062562789],[-122.1838997319236,48.08352113408886],[-122.18392063087316,48.08500239791769],[-122.1839209612322,48.08524932650879],[-122.18390077083706,48.0861187970196],[-122.18392521974538,48.09292954056526],[-122.18655347841762,48.09301804540133],[-122.20564966346785,48.09376310285671],[-122.22828800587652,48.09368472547819],[-122.24428571844504,48.09374851133639],[-122.24943878932227,48.09375912568315],[-122.26490987240236,48.09371908634081],[-122.26500790152899,48.086583166973234],[-122.22753175936685,48.08634121315239],[-122.22770531551987,48.07800602982214],[-122.22773532910968,48.05734703274622]]]},"properties":{"COUNTY":"Snohomish","PRECCODE":23821510,"PRECNAME":"Tulalip 5","PRECINCT":"Snohomish 23821510","DESCRIPTIO":"Tulalip South (Shaker Church, Battle Creek Golf Course, Priest Point Grocery)","OFFICE":"PUD Commissioner District 1","JURISDICTION":"Public Utility","RACE":"Snohomish County PUD Commissioner District 1","Name_1":"Sid Logan","Party_1":"None_1","Votes_1":"77","Name_2":"Janet St Clair","Party_2":"None_2","Votes_2":"58","Name_3":"Bruce King","Party_3":"None_3","Votes_3":"36","Name_4":null,"Party_4":null,"Votes_4":"0","Name_5":null,"Party_5":null,"Votes_5":"0","Name_6":null,"Party_6":null,"Votes_6":"0","Name_7":null,"Party_7":null,"Votes_7":"0","Votes_total":"171","Pct_1":45.03,"Pct_2":33.92,"Pct_3":21.05,"Pct_4":0,"Pct_5":0,"Pct_6":0,"Pct_7":0,"Margin":11.11}},
{"type":"Feature","geometry":{"type":"Polygon","coordinates":[[[-122.27550166852494,48.0721420242176],[-122.27079891780201,48.077913063980624],[-122.27045114752882,48.07951389167939],[-122.27362624912494,48.0860177824592],[-122.27813584701293,48.08909210852757],[-122.28030659253405,48.09157507182442],[-122.27601135067084,48.09612076141458],[-122.27637705159898,48.098167166225764],[-122.27872441724864,48.10099594458748],[-122.2801730769678,48.10094986980832],[-122.28098231024465,48.10021093172099],[-122.28105862393238,48.10022133766228],[-122.2813775645722,48.100403340161996],[-122.28199347215558,48.10063827725872],[-122.28218261266778,48.10074438267672],[-122.28270566394023,48.100719823228715],[-122.28641805181064,48.09971173541003],[-122.28779806064158,48.097955251212795],[-122.28815637340212,48.096728361719165],[-122.28849599694439,48.095148178972664],[-122.2898785129407,48.0935053355533],[-122.29299993759584,48.09183096324674],[-122.293705292803,48.090779490717814],[-122.29297937014677,48.087111627375],[-122.29196712667489,48.08583084364137],[-122.29261420880668,48.08270461261964],[-122.29435370169513,48.08270151681627],[-122.2978035584733,48.08415488904771],[-122.29924139034722,48.082985131705186],[-122.30197649231359,48.08268482332156],[-122.30540934258947,48.08154626255971],[-122.30585345641974,48.08076341839569],[-122.304536369947,48.07920235358077],[-122.30447300630867,48.077985345623716],[-122.30671996489592,48.07593320342077],[-122.30542898930695,48.073870710024416],[-122.30089184843516,48.071766937870834],[-122.29797017874917,48.06801092573167],[-122.29797968231178,48.06566242020042],[-122.29353880886408,48.0619016959295],[-122.29299244375675,48.06401329701267],[-122.29226424442344,48.06484125984164],[-122.29127245265292,48.06513618671011],[-122.28618755869958,48.0643062913773],[-122.28502786176418,48.06477714670285],[-122.28117263584947,48.06336071265199],[-122.2812470846211,48.06800815367182],[-122.27898079951788,48.067324276293974],[-122.27678200507425,48.066213887494776],[-122.27628798051575,48.065873216819945],[-122.27598703861165,48.06611491154929],[-122.27489399165854,48.06796169916226],[-122.27577985086387,48.0713745005389],[-122.27550166852494,48.0721420242176]]]},"properties":{"COUNTY":"Snohomish","PRECCODE":23821558,"PRECNAME":"Tulalip 6","PRECINCT":"Snohomish 23821558","DESCRIPTIO":"Tulalip West (Hermosa Point, Arcadia Road, Reuben Shelton Drive)","OFFICE":"PUD Commissioner District 1","JURISDICTION":"Public Utility","RACE":"Snohomish County PUD Commissioner District 1","Name_1":"Sid Logan","Party_1":"None_1","Votes_1":"94","Name_2":"Janet St Clair","Party_2":"None_2","Votes_2":"56","Name_3":"Bruce King","Party_3":"None_3","Votes_3":"30","Name_4":"Write-In","Party_4":"None_4","Votes_4":"3","Name_5":null,"Party_5":null,"Votes_5":"0","Name_6":null,"Party_6":null,"Votes_6":"0","Name_7":null,"Party_7":null,"Votes_7":"0","Votes_total":"183","Pct_1":51.37,"Pct_2":30.6,"Pct_3":16.39,"Pct_4":1.64,"Pct_5":0,"Pct_6":0,"Pct_7":0,"Margin":20.77}},
{"type":"Feature","geometry":{"type":"Polygon","coordinates":[[[-122.23601527448223,47.93831541016093],[-122.23611813863762,47.93840326199384],[-122.24464026503591,47.93319315381702],[-122.24747011824913,47.929830012070006],[-122.24622025540131,47.92906768795947],[-122.23393741288692,47.929168050865286],[-122.23403048897016,47.93030744953496],[-122.23299745616276,47.93031408427971],[-122.2334444674141,47.93281050100699],[-122.23601527448223,47.93831541016093]]]},"properties":{"COUNTY":"Snohomish","PRECCODE":23821618,"PRECNAME":"Everett 63","PRECINCT":"Snohomish 23821618","DESCRIPTIO":"Evergreen Northwest (Veralene Estates, Upper Ridge Rd & 74th)","OFFICE":"PUD Commissioner District 1","JURISDICTION":"Public Utility","RACE":"Snohomish County PUD Commissioner District 1","Name_1":"Sid Logan","Party_1":"None_1","Votes_1":"82","Name_2":"Janet St Clair","Party_2":"None_2","Votes_2":"59","Name_3":"Bruce King","Party_3":"None_3","Votes_3":"30","Name_4":null,"Party_4":null,"Votes_4":"0","Name_5":null,"Party_5":null,"Votes_5":"0","Name_6":null,"Party_6":null,"Votes_6":"0","Name_7":null,"Party_7":null,"Votes_7":"0","Votes_total":"171","Pct_1":47.95,"Pct_2":34.5,"Pct_3":17.54,"Pct_4":0,"Pct_5":0,"Pct_6":0,"Pct_7":0,"Margin":13.45}},
{"type":"Feature","geometry":{"type":"Polygon","coordinates":[[[-122.25546600052027,47.95718348561493],[-122.25609460306106,47.95566284363362],[-122.25471043038497,47.95471942363103],[-122.25374809217162,47.95313892351475],[-122.25134681616174,47.95312951771511],[-122.25109745147424,47.954975665279335],[-122.24879701099832,47.95498106546219],[-122.24878398064241,47.95381583985571],[-122.24882115820056,47.94952810073019],[-122.24544716370245,47.94953735858272],[-122.24604592550637,47.95078173069016],[-122.24708508270157,47.952289883762816],[-122.24760616864148,47.95693959787968],[-122.25121149362158,47.956789468142276],[-122.25388906958452,47.95741477620678],[-122.25546600052027,47.95718348561493]]]},"properties":{"COUNTY":"Snohomish","PRECCODE":23821619,"PRECNAME":"Everett 75","PRECINCT":"Snohomish 23821619","DESCRIPTIO":"Harborview Center (Darlington Lane, Greely Street)","OFFICE":"PUD Commissioner District 1","JURISDICTION":"Public Utility","RACE":"Snohomish County PUD Commissioner District 1","Name_1":"Sid Logan","Party_1":"None_1","Votes_1":"75","Name_2":"Janet St Clair","Party_2":"None_2","Votes_2":"35","Name_3":"Bruce King","Party_3":"None_3","Votes_3":"23","Name_4":null,"Party_4":null,"Votes_4":"0","Name_5":null,"Party_5":null,"Votes_5":"0","Name_6":null,"Party_6":null,"Votes_6":"0","Name_7":null,"Party_7":null,"Votes_7":"0","Votes_total":"133","Pct_1":56.39,"Pct_2":26.32,"Pct_3":17.29,"Pct_4":0,"Pct_5":0,"Pct_6":0,"Pct_7":0,"Margin":30.07}},
{"type":"Feature","geometry":{"type":"Polygon","coordinates":[[[-122.24544716370245,47.94953735858272],[-122.24327213466768,47.94466723540995],[-122.2428337378037,47.94417326615698],[-122.24223840188158,47.94364789535677],[-122.24087919696035,47.94380641506288],[-122.24103357420393,47.94430542566703],[-122.23932109232351,47.944473322991726],[-122.23934412354417,47.94573284938304],[-122.2382155332952,47.946345542911644],[-122.23895407318147,47.95084353167421],[-122.24352857550255,47.95085199468972],[-122.24351623283397,47.95133463233758],[-122.24639739841582,47.951340166628555],[-122.24604592550637,47.95078173069016],[-122.24544716370245,47.94953735858272]]]},"properties":{"COUNTY":"Snohomish","PRECCODE":23821620,"PRECNAME":"Everett 78","PRECINCT":"Snohomish 23821620","DESCRIPTIO":"Madison West (Seahurst & 52nd, El Charlee Street, Seahurst Lane Townhomes)","OFFICE":"PUD Commissioner District 1","JURISDICTION":"Public Utility","RACE":"Snohomish County PUD Commissioner District 1","Name_1":"Janet St Clair","Party_1":"None_2","Votes_1":"48","Name_2":"Sid Logan","Party_2":"None_1","Votes_2":"44","Name_3":"Bruce King","Party_3":"None_3","Votes_3":"23","Name_4":null,"Party_4":null,"Votes_4":"0","Name_5":null,"Party_5":null,"Votes_5":"0","Name_6":null,"Party_6":null,"Votes_6":"0","Name_7":null,"Party_7":null,"Votes_7":"0","Votes_total":"115","Pct_1":41.74,"Pct_2":38.26,"Pct_3":20,"Pct_4":0,"Pct_5":0,"Pct_6":0,"Pct_7":0,"Margin":3.48}},
{"type":"Feature","geometry":{"type":"Polygon","coordinates":[[[-122.25546600052027,47.95718348561493],[-122.2575234523948,47.957374020309885],[-122.26094710534026,47.95650215483781],[-122.2610370139813,47.956339776700155],[-122.26122111798895,47.95461874375782],[-122.26177647518426,47.953925832465586],[-122.26159342363188,47.94929525785502],[-122.26093228532794,47.947301488674874],[-122.25765211635192,47.94737831458263],[-122.25844065947165,47.94953819927162],[-122.24882081003155,47.94953401698767],[-122.24878398064241,47.95381583985571],[-122.24879701099832,47.95498106546219],[-122.25109745147424,47.954975665279335],[-122.25134681616174,47.95312951771511],[-122.25374809217162,47.95313892351475],[-122.25471043038497,47.95471942363103],[-122.25609460306106,47.95566284363362],[-122.25546600052027,47.95718348561493]]]},"properties":{"COUNTY":"Snohomish","PRECCODE":23821645,"PRECNAME":"Everett 77","PRECINCT":"Snohomish 23821645","DESCRIPTIO":"Boulevard Bluffs Southeast (Narbeck Avenue, Edgemoor)","OFFICE":"PUD Commissioner District 1","JURISDICTION":"Public Utility","RACE":"Snohomish County PUD Commissioner District 1","Name_1":"Sid Logan","Party_1":"None_1","Votes_1":"86","Name_2":"Janet St Clair","Party_2":"None_2","Votes_2":"29","Name_3":"Bruce King","Party_3":"None_3","Votes_3":"25","Name_4":"Write-In","Party_4":"None_4","Votes_4":"1","Name_5":null,"Party_5":null,"Votes_5":"0","Name_6":null,"Party_6":null,"Votes_6":"0","Name_7":null,"Party_7":null,"Votes_7":"0","Votes_total":"141","Pct_1":60.99,"Pct_2":20.57,"Pct_3":17.73,"Pct_4":0.71,"Pct_5":0,"Pct_6":0,"Pct_7":0,"Margin":40.42}},
{"type":"Feature","geometry":{"type":"Polygon","coordinates":[[[-122.19469536429455,48.00793910265893],[-122.19745853843074,48.0057961685312],[-122.1974242225785,48.005792464027984],[-122.19991769195704,48.003848887303526],[-122.20045113974534,48.00331926597389],[-122.20096782896353,48.002118692531326],[-122.20098195436825,48.00159149165086],[-122.1957521610435,48.0012058080063],[-122.19319847046597,48.00148408885587],[-122.19200459216663,48.00150646804383],[-122.18903820580911,48.00147209310295],[-122.18892831449502,48.00541768305745],[-122.19096348044205,48.00543618927811],[-122.19266005776059,48.00805492792795],[-122.19355960441936,48.00774985674761],[-122.19429128048401,48.007761310657955],[-122.19447481017872,48.00782605060714],[-122.19469536429455,48.00793910265893]]]},"properties":{"COUNTY":"Snohomish","PRECCODE":23821695,"PRECNAME":"Everett 93","PRECINCT":"Snohomish 23821695","DESCRIPTIO":"Delta Northwest (Wiggums Hollow Park, Meadows Affordable Apartments, Twelve Pines Apartments)","OFFICE":"PUD Commissioner District 1","JURISDICTION":"Public Utility","RACE":"Snohomish County PUD Commissioner District 1","Name_1":"Janet St Clair","Party_1":"None_2","Votes_1":"61","Name_2":"Sid Logan","Party_2":"None_1","Votes_2":"60","Name_3":"Bruce King","Party_3":"None_3","Votes_3":"19","Name_4":"Write-In","Party_4":"None_4","Votes_4":"1","Name_5":null,"Party_5":null,"Votes_5":"0","Name_6":null,"Party_6":null,"Votes_6":"0","Name_7":null,"Party_7":null,"Votes_7":"0","Votes_total":"141","Pct_1":43.26,"Pct_2":42.55,"Pct_3":13.48,"Pct_4":0.71,"Pct_5":0,"Pct_6":0,"Pct_7":0,"Margin":0.71}},
{"type":"Feature","geometry":{"type":"Polygon","coordinates":[[[-122.25765211635192,47.94737831458263],[-122.25812755024779,47.94674810635068],[-122.2580601535272,47.94487640364116],[-122.25615061063723,47.940459303814656],[-122.25591705503176,47.94009076407164],[-122.25445109610915,47.94010922274183],[-122.24972083476617,47.93220220410948],[-122.24747011824913,47.929830012070006],[-122.24464026503591,47.93319315381702],[-122.23611813863762,47.93840326199384],[-122.24223840188158,47.94364789535677],[-122.2428337378037,47.94417326615698],[-122.2430447966327,47.94439301874918],[-122.24539099853611,47.943708461499995],[-122.25129173759319,47.94366340250085],[-122.25075822452378,47.9483730312729],[-122.25186639625447,47.94874891738549],[-122.25235623441668,47.94953259923147],[-122.25844065947165,47.94953819927162],[-122.25765211635192,47.94737831458263]]]},"properties":{"COUNTY":"Snohomish","PRECCODE":23821696,"PRECNAME":"Everett 94","PRECINCT":"Snohomish 23821696","DESCRIPTIO":"Merrill Creek West (Millington Apartments, Greens Apartments, Merrill Greek Cardens Condos)","OFFICE":"PUD Commissioner District 1","JURISDICTION":"Public Utility","RACE":"Snohomish County PUD Commissioner District 1","Name_1":"Sid Logan","Party_1":"None_1","Votes_1":"57","Name_2":"Janet St Clair","Party_2":"None_2","Votes_2":"53","Name_3":"Bruce King","Party_3":"None_3","Votes_3":"22","Name_4":"Write-In","Party_4":"None_4","Votes_4":"1","Name_5":null,"Party_5":null,"Votes_5":"0","Name_6":null,"Party_6":null,"Votes_6":"0","Name_7":null,"Party_7":null,"Votes_7":"0","Votes_total":"133","Pct_1":42.86,"Pct_2":39.85,"Pct_3":16.54,"Pct_4":0.75,"Pct_5":0,"Pct_6":0,"Pct_7":0,"Margin":3.01}},
{"type":"Feature","geometry":{"type":"Polygon","coordinates":[[[-122.19482180114944,47.9649891149771],[-122.19470693880052,47.95305293627195],[-122.19335502005474,47.94932887181845],[-122.19228325374257,47.94754072993885],[-122.19210445460757,47.94733233549635],[-122.18999145389321,47.94627675609494],[-122.18775280996213,47.94617172842514],[-122.18764464134071,47.94802084174171],[-122.19025304347049,47.94808019302998],[-122.19028691131713,47.948068310770886],[-122.19089873889139,47.948191040890535],[-122.19153200978579,47.94883857841431],[-122.19114433650182,47.950996211727194],[-122.18772704065826,47.95669600985035],[-122.18667923262453,47.95995824804683],[-122.1885061459065,47.963822923159164],[-122.18880027456377,47.96499281497512],[-122.18883685115946,47.96547288999647],[-122.18882799470133,47.965952388843654],[-122.18878281477069,47.96621442686025],[-122.19065917022814,47.96624396357736],[-122.19134669823977,47.964955262396906],[-122.19482180114944,47.9649891149771]]]},"properties":{"COUNTY":"Snohomish","PRECCODE":23821810,"PRECNAME":"Everett 97","PRECINCT":"Snohomish 23821810","DESCRIPTIO":"Lowell East (Overlook at Riverfront)","OFFICE":"PUD Commissioner District 1","JURISDICTION":"Public Utility","RACE":"Snohomish County PUD Commissioner District 1","Name_1":"Sid Logan","Party_1":"None_1","Votes_1":"49","Name_2":"Janet St Clair","Party_2":"None_2","Votes_2":"37","Name_3":"Bruce King","Party_3":"None_3","Votes_3":"33","Name_4":"Write-In","Party_4":"None_4","Votes_4":"1","Name_5":null,"Party_5":null,"Votes_5":"0","Name_6":null,"Party_6":null,"Votes_6":"0","Name_7":null,"Party_7":null,"Votes_7":"0","Votes_total":"120","Pct_1":40.83,"Pct_2":30.83,"Pct_3":27.5,"Pct_4":0.83,"Pct_5":0,"Pct_6":0,"Pct_7":0,"Margin":10}},
{"type":"Feature","geometry":{"type":"Polygon","coordinates":[[[-122.2699554228676,48.123180791516475],[-122.27995005049665,48.12318778163362],[-122.29181263127957,48.12322403913599],[-122.29179196632786,48.12037843978027],[-122.29172228252754,48.11632533409029],[-122.29159440170677,48.11551417121132],[-122.29169629432923,48.10826411667389],[-122.286388748069,48.10840042350924],[-122.27700585339024,48.10837990001591],[-122.27001717056375,48.10836027308523],[-122.269815704961,48.11570221171883],[-122.2699554228676,48.123180791516475]]]},"properties":{"COUNTY":"Snohomish","PRECCODE":23821815,"PRECNAME":"Tulalip 7","PRECINCT":"Snohomish 23821815","DESCRIPTIO":"Stimson Crossing West (Kathann Estates, Cathan)","OFFICE":"PUD Commissioner District 1","JURISDICTION":"Public Utility","RACE":"Snohomish County PUD Commissioner District 1","Name_1":"Sid Logan","Party_1":"None_1","Votes_1":"66","Name_2":"Bruce King","Party_2":"None_3","Votes_2":"40","Name_3":"Janet St Clair","Party_3":"None_2","Votes_3":"16","Name_4":null,"Party_4":null,"Votes_4":"0","Name_5":null,"Party_5":null,"Votes_5":"0","Name_6":null,"Party_6":null,"Votes_6":"0","Name_7":null,"Party_7":null,"Votes_7":"0","Votes_total":"122","Pct_1":54.1,"Pct_2":32.79,"Pct_3":13.11,"Pct_4":0,"Pct_5":0,"Pct_6":0,"Pct_7":0,"Margin":21.31}},
{"type":"Feature","geometry":{"type":"Polygon","coordinates":[[[-122.21002807263257,47.97931283213526],[-122.20299526422544,47.97922853191157],[-122.20156289798437,47.979201540684095],[-122.20152823009592,47.98056448764975],[-122.20149468247888,47.981900492834065],[-122.2043326855328,47.981935759556585],[-122.20429097962338,47.98321681826629],[-122.20712302992999,47.98325432697822],[-122.21136780051107,47.98330532083831],[-122.21147445060865,47.97932166780417],[-122.21002807263257,47.97931283213526]]]},"properties":{"COUNTY":"Snohomish","PRECCODE":23821817,"PRECNAME":"Everett 98","PRECINCT":"Snohomish 23821817","DESCRIPTIO":"Downtown North (Library Place Apartments, Marquee Apartments)","OFFICE":"PUD Commissioner District 1","JURISDICTION":"Public Utility","RACE":"Snohomish County PUD Commissioner District 1","Name_1":"Sid Logan","Party_1":"None_1","Votes_1":"64","Name_2":"Janet St Clair","Party_2":"None_2","Votes_2":"62","Name_3":"Bruce King","Party_3":"None_3","Votes_3":"24","Name_4":null,"Party_4":null,"Votes_4":"0","Name_5":null,"Party_5":null,"Votes_5":"0","Name_6":null,"Party_6":null,"Votes_6":"0","Name_7":null,"Party_7":null,"Votes_7":"0","Votes_total":"150","Pct_1":42.67,"Pct_2":41.33,"Pct_3":16,"Pct_4":0,"Pct_5":0,"Pct_6":0,"Pct_7":0,"Margin":1.34}},
{"type":"Feature","geometry":{"type":"Polygon","coordinates":[[[-122.18538690727371,47.97936789171328],[-122.18725199094074,47.979811942295576],[-122.18749212065133,47.97982834844415],[-122.1878894908618,47.97979126334135],[-122.1891437082305,47.979088304947275],[-122.18955350444931,47.979078309894525],[-122.1991111403726,47.97918451828395],[-122.1988773959957,47.97893513999941],[-122.19864984670636,47.97855305014583],[-122.1972660874601,47.97540381188377],[-122.19525229129336,47.97084554251555],[-122.19502954497865,47.97002358089833],[-122.19482180114944,47.9649891149771],[-122.19134669823977,47.964955262396906],[-122.19065917022814,47.96624396357736],[-122.18878281477069,47.96621442686025],[-122.18856213047405,47.96749028003265],[-122.1877379899129,47.973638235819706],[-122.18813721734644,47.97459077150416],[-122.18750954918144,47.97596883834509],[-122.18581641786659,47.97778117144648],[-122.18372387880899,47.97900054317965],[-122.18538690727371,47.97936789171328]]]},"properties":{"COUNTY":"Snohomish","PRECCODE":23821876,"PRECNAME":"Everett 99","PRECINCT":"Snohomish 23821876","DESCRIPTIO":"Riverside South (Overlook at Riverfront, Riverfront Apartments)","OFFICE":"PUD Commissioner District 1","JURISDICTION":"Public Utility","RACE":"Snohomish County PUD Commissioner District 1","Name_1":"Sid Logan","Party_1":"None_1","Votes_1":"40","Name_2":"Janet St Clair","Party_2":"None_2","Votes_2":"32","Name_3":"Bruce King","Party_3":"None_3","Votes_3":"13","Name_4":"Write-In","Party_4":"None_4","Votes_4":"1","Name_5":null,"Party_5":null,"Votes_5":"0","Name_6":null,"Party_6":null,"Votes_6":"0","Name_7":null,"Party_7":null,"Votes_7":"0","Votes_total":"86","Pct_1":46.51,"Pct_2":37.21,"Pct_3":15.12,"Pct_4":1.16,"Pct_5":0,"Pct_6":0,"Pct_7":0,"Margin":9.3}},
{"type":"Feature","geometry":{"type":"Polygon","coordinates":[[[-122.24938025186992,48.035663053077776],[-122.23913630748004,48.03101022425058],[-122.23257593845197,48.030197911045846],[-122.22935025758143,48.030614023562144],[-122.22641909999999,48.0320574],[-122.2265348,48.0334505],[-122.22839542743431,48.03560963290549],[-122.22895633916687,48.03534206736541],[-122.22870605601949,48.034927923683775],[-122.22929830503118,48.03498537316664],[-122.22909660034748,48.035650874039774],[-122.23807315598378,48.03563317098251],[-122.24938025186992,48.035663053077776]]]},"properties":{"COUNTY":"Snohomish","PRECCODE":23824098,"PRECNAME":"Priest Point","PRECINCT":"Snohomish 23824098","DESCRIPTIO":"Tulalip Far South (Priest Point)","OFFICE":"PUD Commissioner District 1","JURISDICTION":"Public Utility","RACE":"Snohomish County PUD Commissioner District 1","Name_1":"Sid Logan","Party_1":"None_1","Votes_1":"93","Name_2":"Janet St Clair","Party_2":"None_2","Votes_2":"38","Name_3":"Bruce King","Party_3":"None_3","Votes_3":"27","Name_4":null,"Party_4":null,"Votes_4":"0","Name_5":null,"Party_5":null,"Votes_5":"0","Name_6":null,"Party_6":null,"Votes_6":"0","Name_7":null,"Party_7":null,"Votes_7":"0","Votes_total":"158","Pct_1":58.86,"Pct_2":24.05,"Pct_3":17.09,"Pct_4":0,"Pct_5":0,"Pct_6":0,"Pct_7":0,"Margin":34.81}},
{"type":"Feature","geometry":{"type":"Polygon","coordinates":[[[-122.18419414065065,48.10727207729231],[-122.18413292596489,48.1148154306418],[-122.18434341740135,48.122863236294656],[-122.21619919245583,48.12292303238691],[-122.22239845833418,48.12297542297744],[-122.22696663924441,48.12299971745927],[-122.22698649883878,48.116297141803855],[-122.22700491783218,48.11476416405593],[-122.22715041872473,48.108223106315215],[-122.20555334106383,48.10824856785555],[-122.18419414065065,48.10727207729231]]]},"properties":{"COUNTY":"Snohomish","PRECCODE":23824169,"PRECNAME":"Millard","PRECINCT":"Snohomish 23824169","DESCRIPTIO":"Stimson Crossing North (Crossing North, Aspen North)","OFFICE":"PUD Commissioner District 1","JURISDICTION":"Public Utility","RACE":"Snohomish County PUD Commissioner District 1","Name_1":"Sid Logan","Party_1":"None_1","Votes_1":"64","Name_2":"Bruce King","Party_2":"None_3","Votes_2":"47","Name_3":"Janet St Clair","Party_3":"None_2","Votes_3":"33","Name_4":null,"Party_4":null,"Votes_4":"0","Name_5":null,"Party_5":null,"Votes_5":"0","Name_6":null,"Party_6":null,"Votes_6":"0","Name_7":null,"Party_7":null,"Votes_7":"0","Votes_total":"144","Pct_1":44.44,"Pct_2":32.64,"Pct_3":22.92,"Pct_4":0,"Pct_5":0,"Pct_6":0,"Pct_7":0,"Margin":11.8}},
{"type":"Feature","geometry":{"type":"Polygon","coordinates":[[[-122.3223988622362,48.02101925839809],[-122.32475420378228,48.02142332734485],[-122.32867706052586,48.02142456239617],[-122.3344409043826,48.01915281438273],[-122.33383277350636,48.018161685953025],[-122.33130311897285,48.01633436338399],[-122.33097790169089,48.01547150410012],[-122.3281419360147,48.01331331804293],[-122.3260818354168,48.01055676586973],[-122.3232576774251,48.00928912058502],[-122.30771157053968,48.00502623133476],[-122.30659868480308,48.00483887666146],[-122.3036220174561,48.00579069630157],[-122.30565479565522,48.00665298928486],[-122.308150317146,48.00948012584947],[-122.30943148116478,48.01020035663452],[-122.30961777304627,48.012803623825],[-122.31504505361102,48.013557140627455],[-122.31594840149297,48.014022731298546],[-122.31671697764426,48.01587958794748],[-122.32116969387309,48.01724034809975],[-122.32179939257418,48.020097006126214],[-122.3222453918695,48.019058131796285],[-122.32281802463024,48.01919466419593],[-122.32378202192422,48.021039876886796],[-122.32217180000002,48.0207703],[-122.3223988622362,48.02101925839809]]]},"properties":{"COUNTY":"Snohomish","PRECCODE":23824267,"PRECNAME":"Hat Island","PRECINCT":"Snohomish 23824267","DESCRIPTIO":"Hat Island","OFFICE":"PUD Commissioner District 1","JURISDICTION":"Public Utility","RACE":"Snohomish County PUD Commissioner District 1","Name_1":"Sid Logan","Party_1":"None_1","Votes_1":"15","Name_2":"Bruce King","Party_2":"None_3","Votes_2":"13","Name_3":"Janet St Clair","Party_3":"None_2","Votes_3":"9","Name_4":"Write-In","Party_4":"None_4","Votes_4":"2","Name_5":null,"Party_5":null,"Votes_5":"0","Name_6":null,"Party_6":null,"Votes_6":"0","Name_7":null,"Party_7":null,"Votes_7":"0","Votes_total":"39","Pct_1":38.46,"Pct_2":33.33,"Pct_3":23.08,"Pct_4":5.13,"Pct_5":0,"Pct_6":0,"Pct_7":0,"Margin":5.13}},
{"type":"Feature","geometry":{"type":"Polygon","coordinates":[[[-122.2699554228676,48.123180791516475],[-122.269815704961,48.11570221171883],[-122.27001717056375,48.10836027308523],[-122.27029553381259,48.09370367308585],[-122.24943878932227,48.09375912568315],[-122.24428571844504,48.09374851133639],[-122.23810792479648,48.0937188447891],[-122.23791117221091,48.10824037595001],[-122.22715041872473,48.108223106315215],[-122.22700491783218,48.11476416405593],[-122.22698649883878,48.116297141803855],[-122.22696663924441,48.12299971745927],[-122.23557762285834,48.12304054886784],[-122.26097650929515,48.123193698050386],[-122.26719370866081,48.12316796524969],[-122.2699554228676,48.123180791516475]]]},"properties":{"COUNTY":"Snohomish","PRECCODE":23824269,"PRECNAME":"Shelton","PRECINCT":"Snohomish 23824269","DESCRIPTIO":"Stimson Crossing Center (John Sam Lake, Cathan Far East)","OFFICE":"PUD Commissioner District 1","JURISDICTION":"Public Utility","RACE":"Snohomish County PUD Commissioner District 1","Name_1":"Sid Logan","Party_1":"None_1","Votes_1":"66","Name_2":"Janet St Clair","Party_2":"None_2","Votes_2":"44","Name_3":"Bruce King","Party_3":"None_3","Votes_3":"33","Name_4":"Write-In","Party_4":"None_4","Votes_4":"3","Name_5":null,"Party_5":null,"Votes_5":"0","Name_6":null,"Party_6":null,"Votes_6":"0","Name_7":null,"Party_7":null,"Votes_7":"0","Votes_total":"146","Pct_1":45.21,"Pct_2":30.14,"Pct_3":22.6,"Pct_4":2.05,"Pct_5":0,"Pct_6":0,"Pct_7":0,"Margin":15.07}},
{"type":"Feature","geometry":{"type":"Polygon","coordinates":[[[-122.18389736510984,48.07931062562789],[-122.20566312422189,48.07949074007054],[-122.20590468986614,48.053077854809885],[-122.20080555681692,48.05475373808848],[-122.19823459255092,48.05538651115641],[-122.1973718798961,48.05552965933964],[-122.19603611670634,48.05566616654157],[-122.19483838072092,48.05570608499781],[-122.19475360836827,48.07595232883117],[-122.18383196483065,48.075700452117715],[-122.18389736510984,48.07931062562789]]]},"properties":{"COUNTY":"Snohomish","PRECCODE":23824441,"PRECNAME":"Tyee","PRECINCT":"Snohomish 23824441","DESCRIPTIO":"Tulalip Far East (Marysville West, Quil Ceda West)","OFFICE":"PUD Commissioner District 1","JURISDICTION":"Public Utility","RACE":"Snohomish County PUD Commissioner District 1","Name_1":"Sid Logan","Party_1":"None_1","Votes_1":"74","Name_2":"Bruce King","Party_2":"None_3","Votes_2":"46","Name_3":"Janet St Clair","Party_3":"None_2","Votes_3":"43","Name_4":null,"Party_4":null,"Votes_4":"0","Name_5":null,"Party_5":null,"Votes_5":"0","Name_6":null,"Party_6":null,"Votes_6":"0","Name_7":null,"Party_7":null,"Votes_7":"0","Votes_total":"163","Pct_1":45.4,"Pct_2":28.22,"Pct_3":26.38,"Pct_4":0,"Pct_5":0,"Pct_6":0,"Pct_7":0,"Margin":17.18}},
{"type":"Feature","geometry":{"type":"Polygon","coordinates":[[[-122.22715041872473,48.108223106315215],[-122.23791117221091,48.10824037595001],[-122.23810792479648,48.0937188447891],[-122.22828800587652,48.09368472547819],[-122.20564966346785,48.09376310285671],[-122.18655347841762,48.09301804540133],[-122.18392521974538,48.09292954056526],[-122.18396377770966,48.100083262816604],[-122.18419414065065,48.10727207729231],[-122.20555334106383,48.10824856785555],[-122.22715041872473,48.108223106315215]]]},"properties":{"COUNTY":"Snohomish","PRECCODE":23824445,"PRECNAME":"Boeing","PRECINCT":"Snohomish 23824445","DESCRIPTIO":"Stimson Crossing South (Aspen South, 19th Avenue NE & 116th)","OFFICE":"PUD Commissioner District 1","JURISDICTION":"Public Utility","RACE":"Snohomish County PUD Commissioner District 1","Name_1":"Sid Logan","Party_1":"None_1","Votes_1":"75","Name_2":"Janet St Clair","Party_2":"None_2","Votes_2":"38","Name_3":"Bruce King","Party_3":"None_3","Votes_3":"36","Name_4":null,"Party_4":null,"Votes_4":"0","Name_5":null,"Party_5":null,"Votes_5":"0","Name_6":null,"Party_6":null,"Votes_6":"0","Name_7":null,"Party_7":null,"Votes_7":"0","Votes_total":"149","Pct_1":50.34,"Pct_2":25.5,"Pct_3":24.16,"Pct_4":0,"Pct_5":0,"Pct_6":0,"Pct_7":0,"Margin":24.84}},
{"type":"Feature","geometry":{"type":"MultiPolygon","coordinates":[[[[-122.18410478590303,48.04637785858658],[-122.1893272883878,48.04548406153457],[-122.19177548497802,48.04353681800383],[-122.19180220676665,48.04286626677054],[-122.19233895074463,48.04267505674197],[-122.19219786558568,48.043421716054695],[-122.19242045136417,48.042944790120735],[-122.19294246708151,48.04295005303483],[-122.19272553605846,48.0422937714812],[-122.192981640966,48.04291886116369],[-122.1936495636708,48.042492718333165],[-122.19347191309258,48.041962305160816],[-122.19517252654305,48.04104921749927],[-122.19723696895579,48.0412739168552],[-122.19751277696179,48.04098783952493],[-122.19727416152476,48.04127746178924],[-122.20001280537676,48.0415384893861],[-122.1999637285098,48.04093702169147],[-122.19943251835564,48.041197126374065],[-122.19877919151651,48.04106399590636],[-122.19968496563803,48.041033866706435],[-122.19997107772011,48.04075012574704],[-122.19944698327896,48.04060741401925],[-122.20003435652198,48.04071099107557],[-122.20003388063617,48.04091193632448],[-122.20110802288735,48.0405034249813],[-122.19998729469987,48.03987574767281],[-122.20069802549013,48.03966231443228],[-122.2000847772275,48.03961361433159],[-122.20098933706058,48.03889184921464],[-122.20040837575085,48.038747935239215],[-122.19955469849054,48.03919042383805],[-122.19973708523567,48.038845590941825],[-122.19884684115435,48.03865367607856],[-122.19955857347553,48.03824769302911],[-122.19814232421761,48.038498586514436],[-122.19887156156038,48.03816733139082],[-122.19794437208814,48.03807527872664],[-122.1986916631934,48.037603517448424],[-122.19806217973114,48.03754579359893],[-122.1969562013313,48.03844391792664],[-122.1980821783894,48.03733446681559],[-122.19727175184207,48.03749963931205],[-122.19710462280136,48.03788717974114],[-122.19655596685531,48.03792069556863],[-122.19652658177847,48.03800692167251],[-122.19614498199809,48.038105627666546],[-122.19573029598605,48.038081085466025],[-122.196411071627,48.03799094329327],[-122.19647458686708,48.037860476055265],[-122.19615894958099,48.037776439418344],[-122.19708002304746,48.03782038747775],[-122.19714540279931,48.03746255404876],[-122.19757486740164,48.037303717848175],[-122.19821724961314,48.03734027411476],[-122.19790509072583,48.037185785819545],[-122.19869395661446,48.03726529021234],[-122.19871447973742,48.036977164089876],[-122.1981706134362,48.036651731261514],[-122.19727596846549,48.0370724608832],[-122.19760342793866,48.0368698506031],[-122.1971157236797,48.03674309714199],[-122.19803765352196,48.03658116964308],[-122.19707842271144,48.03624211936055],[-122.19644565479524,48.03703717959335],[-122.19542136776587,48.03737885446245],[-122.1967165858403,48.03640567654955],[-122.1958475780078,48.03621822836718],[-122.19512795796557,48.036845067399554],[-122.19575325350053,48.03620582545468],[-122.19523948851221,48.03587020102747],[-122.19380361688289,48.03652003022539],[-122.19408880788062,48.03616395411688],[-122.19373270919345,48.0364099930977],[-122.1935439130907,48.036114885316856],[-122.19451638895097,48.0358808447528],[-122.19408989729459,48.03584321433872],[-122.19447120092202,48.035235960673454],[-122.19211496254418,48.035573599895756],[-122.1918352358206,48.0360908534862],[-122.19205084877818,48.03558365382208],[-122.1906738221811,48.03579959018738],[-122.19026562221653,48.03601343772604],[-122.19058471241038,48.036436419191126],[-122.18973992426203,48.036078494299126],[-122.18892948101289,48.03678763834119],[-122.18968210271245,48.036040876802346],[-122.19047558880533,48.03583067578306],[-122.18407562244985,48.036847362551015],[-122.18410478590303,48.04637785858658]],[[-122.19944804918441,48.03926919742488],[-122.19912322516205,48.03988244421276],[-122.19841780695258,48.03976694902452],[-122.19753740914652,48.04043540126398],[-122.19781439043724,48.039794438590945],[-122.19856211145401,48.039609461573136],[-122.19674572404267,48.0392999934888],[-122.19743613830708,48.03898246962292],[-122.19907876928086,48.03972899142418],[-122.1989483435518,48.039304995356815],[-122.19944804918441,48.03926919742488]]],[[[-122.21688167031287,48.04280135485742],[-122.21277334490361,48.04484892768861],[-122.21254768635187,48.04459221824304],[-122.21045489407554,48.04623239649439],[-122.21105293144863,48.04636366004389],[-122.21037948168433,48.04631133395383],[-122.2103328295813,48.04675993615616],[-122.20769804619185,48.04764257753174],[-122.20815320905672,48.047958159735124],[-122.20874200152231,48.04777333652665],[-122.20820747347392,48.048114141508336],[-122.20730019447926,48.04769153629469],[-122.20683699640085,48.04803671589108],[-122.20744445961476,48.04855040368642],[-122.20677360015142,48.04808832853343],[-122.20601040517326,48.04832899648082],[-122.20659321178371,48.048792790740336],[-122.20604371209022,48.04840620937076],[-122.20517658374764,48.048543101700986],[-122.20618076171212,48.0492945271072],[-122.20499013010892,48.048494287550696],[-122.2046993214143,48.04866063882299],[-122.20402898237806,48.04947440069815],[-122.20477402006567,48.049684480054395],[-122.2044085344083,48.04979378533956],[-122.20541522913132,48.05047859387973],[-122.20534715819026,48.050857800333645],[-122.2049911452681,48.05033226626071],[-122.20444149264442,48.0505820147967],[-122.20414934130282,48.05019976739702],[-122.203307720724,48.05057810796857],[-122.20421712670827,48.04989231343005],[-122.20371943857593,48.04935568249179],[-122.20315670588207,48.049531313194024],[-122.20348964197873,48.04977105106363],[-122.20306777981702,48.049552287131434],[-122.20151191267429,48.049985465179404],[-122.20241037981532,48.04989470799878],[-122.20245453881905,48.05043387253543],[-122.2019288767043,48.05018892548632],[-122.20239635429566,48.050817729201995],[-122.20185694760038,48.05011524004592],[-122.20074289478116,48.05031883318163],[-122.20144445174866,48.05067044292782],[-122.20068954281462,48.05034693269358],[-122.20008042940447,48.05101765308122],[-122.20100652963619,48.051428255199035],[-122.20002931757645,48.0510496442943],[-122.19888639946718,48.05214218637661],[-122.19898006437452,48.05259415813891],[-122.19582406116803,48.052101679307285],[-122.1954001326141,48.052706877573776],[-122.19570883782335,48.053632097370084],[-122.19722121358197,48.05369563385551],[-122.19683872842302,48.0540960471109],[-122.1962109835407,48.05402139814239],[-122.1969596719715,48.05441806410917],[-122.19623782702865,48.05431649350267],[-122.19596477218384,48.05464855022013],[-122.19708288728671,48.05478253298361],[-122.19672853746005,48.055516894549164],[-122.19684018343312,48.05480353426174],[-122.19579699970232,48.05478213718373],[-122.19587482667417,48.05415300343272],[-122.19479619517232,48.05418824768644],[-122.19526842085145,48.05361818634163],[-122.19347179696855,48.05382422688228],[-122.19422454974118,48.05362757393266],[-122.19397406146055,48.05334846449581],[-122.19529241919521,48.05356527607545],[-122.19421678559172,48.052751912235514],[-122.19500289148735,48.05302382900511],[-122.19445868981063,48.05210859766332],[-122.19498030901536,48.052716025960365],[-122.19579927343308,48.051653293460156],[-122.19521830402012,48.05115578072286],[-122.1959986303315,48.051478612885084],[-122.1961302257358,48.05117139553988],[-122.19531468178958,48.05095228591604],[-122.1961724010172,48.051165513787375],[-122.19590508612583,48.05164774357779],[-122.19687472092164,48.05169621087474],[-122.1964225497471,48.05066930367749],[-122.19695573777445,48.051665063878396],[-122.19748277570342,48.05130518033952],[-122.19700565280772,48.051753038076605],[-122.19828458255738,48.051874223539755],[-122.19896822457108,48.05155565816459],[-122.19900652958512,48.05125453372459],[-122.19784434541224,48.05067120595907],[-122.19899452711539,48.051168605763614],[-122.19909293705494,48.05145474013209],[-122.19989213654583,48.05042068082636],[-122.19913068432997,48.050360467183694],[-122.19791518432366,48.0499172311327],[-122.1991828328292,48.050335974672464],[-122.19960894938627,48.05009176779205],[-122.19905815173044,48.049904727502074],[-122.1995303415882,48.04977448582069],[-122.20000082872315,48.050356587119396],[-122.20333514734791,48.04888762021551],[-122.20169747549073,48.04852291718015],[-122.20143191575265,48.0489064312541],[-122.20120135015146,48.048405540781246],[-122.2012406229326,48.04867238074153],[-122.20024366511373,48.04902344291434],[-122.20111566312859,48.04849167165376],[-122.19949894658224,48.048048091660185],[-122.1995454345832,48.04885977675495],[-122.19879530834811,48.0490215755544],[-122.19944846256159,48.04815759462503],[-122.19800749821022,48.04777116154451],[-122.19859129752128,48.04802707201899],[-122.19856063360164,48.048224197656204],[-122.19889558502923,48.048042277839215],[-122.19882916264335,48.04819793831262],[-122.19838593544338,48.048273410017174],[-122.19869588609629,48.048659492259716],[-122.1978926086956,48.04971614875471],[-122.1984633081479,48.048724221011256],[-122.197785584658,48.04876482807766],[-122.19843670068114,48.04837702453405],[-122.19758605774939,48.04821970408319],[-122.19703595103431,48.04857443790144],[-122.19725516047279,48.04881535918144],[-122.19683150027475,48.04900249969836],[-122.19731991113458,48.04927861677883],[-122.19744797709266,48.04975037800966],[-122.19717210304688,48.05009472040379],[-122.1972092028448,48.04946004281311],[-122.19652840043454,48.049566357787555],[-122.19723795399244,48.04929718175899],[-122.19675888474727,48.04902800386923],[-122.19718513479185,48.048798724970936],[-122.19690935087017,48.04840609966185],[-122.19714130299928,48.04832542481222],[-122.1971230608739,48.0484767019473],[-122.19746376532372,48.04817522742601],[-122.19814317956393,48.04806682440292],[-122.19701852151107,48.04773905776483],[-122.19683967896128,48.0481568599183],[-122.1968097213086,48.04765149647534],[-122.19549830126948,48.047954731031034],[-122.19534147450796,48.04859904547],[-122.19608454297034,48.04886010897468],[-122.19532729748468,48.04974051479363],[-122.19597669946127,48.0488985131384],[-122.19523673009459,48.048619381288],[-122.19544309316169,48.047877381339774],[-122.19480095662897,48.047947329553764],[-122.19503734791637,48.048535112998756],[-122.19457094787258,48.048150165586485],[-122.19409897757109,48.049853213963715],[-122.19416923647351,48.048546074949776],[-122.19475210564165,48.04782904662048],[-122.19357433456226,48.0479344256179],[-122.19381613460915,48.04817116769334],[-122.1931747518522,48.048929990620884],[-122.19365975336756,48.0481803672175],[-122.19337598535273,48.047867454182196],[-122.19370320357795,48.047825372428775],[-122.19271960068474,48.04715361957976],[-122.19224566550336,48.04830215071245],[-122.19169385319115,48.04813512524622],[-122.19210514684544,48.04969866839699],[-122.19156816777311,48.04926732865823],[-122.19155332045186,48.04811974986139],[-122.19228626240475,48.047984694563524],[-122.19223779151187,48.04701347050467],[-122.19279495256825,48.04701532179545],[-122.1924389404969,48.04669438562301],[-122.19164536165889,48.04754364265651],[-122.19139260839188,48.04740973609609],[-122.19152702086583,48.04797728084882],[-122.1910971530573,48.04773301781362],[-122.19066499208998,48.048302745719944],[-122.19076725851728,48.04799751901225],[-122.19024952606627,48.04806526839228],[-122.19185833751135,48.04702445111354],[-122.19121294913705,48.04682200428561],[-122.19135818057404,48.04650933087112],[-122.19189591373633,48.04638734983564],[-122.1917509924224,48.04667458315407],[-122.19214640226853,48.04653559712182],[-122.1922591337747,48.04681859203904],[-122.19238021129425,48.04657136466215],[-122.19218936565309,48.04643559275231],[-122.19200036081538,48.04653766248271],[-122.19177572735181,48.04607597544644],[-122.19088750460277,48.046581059170094],[-122.19082017621552,48.0472550333408],[-122.1905777313624,48.04747476760619],[-122.1907468453443,48.04701318839093],[-122.18997508622813,48.047112323127074],[-122.18995442445525,48.04872308682653],[-122.1898930151638,48.047491587215625],[-122.18944727586636,48.048277119330656],[-122.1890922054649,48.0479940333494],[-122.19001334561145,48.047009976207015],[-122.19078256154425,48.04691051190122],[-122.19076252663787,48.04656399764843],[-122.18410892851927,48.04781776695274],[-122.18411728557501,48.05049360838462],[-122.18408219808232,48.05680694089396],[-122.18386661330811,48.06497507648992],[-122.18376450641148,48.07208944351386],[-122.18383196483065,48.075700452117715],[-122.19475360836827,48.07595232883117],[-122.19483838072092,48.05570608499781],[-122.19603611670634,48.05566616654157],[-122.1973718798961,48.05552965933964],[-122.19823459255092,48.05538651115641],[-122.20080555681692,48.05475373808848],[-122.20978189685002,48.05178877645152],[-122.21360483554345,48.049567395982166],[-122.21772091526552,48.04506294581921],[-122.21690733421478,48.04422810366072],[-122.21688167031287,48.04280135485742]]]]},"properties":{"COUNTY":"Snohomish","PRECCODE":23824561,"PRECNAME":"Coho","PRECINCT":"Snohomish 23824561","DESCRIPTIO":"Tulalip Farthest East (Sandra Mason Loop Road, Hibulb Cultural Center)","OFFICE":"PUD Commissioner District 1","JURISDICTION":"Public Utility","RACE":"Snohomish County PUD Commissioner District 1","Name_1":"Janet St Clair","Party_1":"None_2","Votes_1":"33","Name_2":"Sid Logan","Party_2":"None_1","Votes_2":"20","Name_3":"Bruce King","Party_3":"None_3","Votes_3":"13","Name_4":null,"Party_4":null,"Votes_4":"0","Name_5":null,"Party_5":null,"Votes_5":"0","Name_6":null,"Party_6":null,"Votes_6":"0","Name_7":null,"Party_7":null,"Votes_7":"0","Votes_total":"66","Pct_1":50,"Pct_2":30.3,"Pct_3":19.7,"Pct_4":0,"Pct_5":0,"Pct_6":0,"Pct_7":0,"Margin":19.7}},
{"type":"Feature","geometry":{"type":"Polygon","coordinates":[[[-122.12881013654948,48.19143794861384],[-122.12847890802034,48.193978437962734],[-122.12936354882032,48.19399606722473],[-122.12924013527989,48.19495722457017],[-122.12892827095254,48.19769669647602],[-122.13005938663865,48.19770812017362],[-122.1298983423768,48.19890488733186],[-122.12938139651722,48.19889623003226],[-122.12923213740577,48.20267794268259],[-122.12824381252608,48.20323140732412],[-122.12844422587028,48.20363706565516],[-122.12999977530626,48.20543070226154],[-122.13243048991987,48.21129905891424],[-122.1311779441383,48.21593602313877],[-122.13205439341445,48.21695444662554],[-122.13457777663344,48.21796231652636],[-122.13630001477493,48.21819276320138],[-122.13703660584574,48.21749197640442],[-122.13868738942817,48.21672581834242],[-122.14106189058771,48.21697621395724],[-122.14333727827668,48.216696655472056],[-122.14593879693281,48.21444873473825],[-122.14727616119377,48.21479092992377],[-122.15039879917991,48.21414102387833],[-122.15141670616418,48.21010095113125],[-122.16315333633356,48.19927267983872],[-122.16444189133792,48.19470798186238],[-122.16634256592927,48.1924129218221],[-122.16829817902551,48.190542928091595],[-122.1710897095555,48.189288814140255],[-122.17603228542959,48.18945341702084],[-122.18065039360123,48.19075068952378],[-122.18355824778843,48.19226037862301],[-122.18461414849939,48.19452474092033],[-122.18395330126783,48.19760521274339],[-122.18490555998183,48.198456567321124],[-122.18865723196606,48.199186220301215],[-122.1937585415826,48.19944073867718],[-122.19697941393632,48.199361841290866],[-122.19963898883023,48.198589944757735],[-122.20397391438671,48.1991714054789],[-122.20820785723033,48.197236554979],[-122.20984370188127,48.19700957142918],[-122.20937389294686,48.196080252217094],[-122.20859801213973,48.19440052146068],[-122.20562755977105,48.19109549851588],[-122.20292276144646,48.1878401039158],[-122.20098026691687,48.18791624256063],[-122.20098772515767,48.18819684005979],[-122.20400055914739,48.18976251955818],[-122.19922589709829,48.189943611266536],[-122.199227443797,48.1902142545507],[-122.19376687076227,48.190179634607226],[-122.19375022255134,48.188055556954595],[-122.19222011018957,48.18811391455227],[-122.19359757139274,48.18688628924802],[-122.19358816739478,48.17828239014029],[-122.19184824120391,48.17619651241925],[-122.1905401131144,48.176198329306814],[-122.19053399594793,48.17448960521926],[-122.18971675526032,48.173732152987476],[-122.19054559786731,48.17372486219227],[-122.1892950843066,48.17206028551487],[-122.18563786059592,48.17126238965346],[-122.18528778909157,48.170633159650556],[-122.18289523880165,48.170638120181586],[-122.1828927431615,48.16923368881623],[-122.18018046532701,48.16923497536352],[-122.18016941605282,48.16705044515492],[-122.18021758124166,48.16705073843209],[-122.18021573462818,48.16694100397863],[-122.17422801775595,48.16690951531471],[-122.17423395976839,48.16886833660435],[-122.17210691291125,48.16954410394985],[-122.17220312413485,48.17509449530101],[-122.16710027778855,48.17503844300654],[-122.16703964121253,48.177780195869495],[-122.17134798272811,48.17781610836967],[-122.17090526056987,48.180478170642736],[-122.17033106987839,48.18082361971598],[-122.16760079223232,48.18133982930461],[-122.16427932079141,48.18135010898704],[-122.16432431207168,48.17932507742777],[-122.1618290329953,48.1780258040144],[-122.15922293735345,48.17816819191959],[-122.15781157916003,48.17762496458555],[-122.14596802007988,48.177401446725185],[-122.145965628265,48.180923985736435],[-122.14595230192897,48.18092388050579],[-122.14579236757531,48.18250932189871],[-122.1478804431533,48.18187877753128],[-122.1505635759559,48.1823752735819],[-122.1497455728282,48.180948658387884],[-122.15142463964348,48.18095959457596],[-122.15127567671352,48.182406531474825],[-122.15355769504845,48.1847641275768],[-122.14832362651262,48.18462263065375],[-122.14816138295015,48.186456210130785],[-122.15150585234856,48.18671096791301],[-122.15152201074866,48.18630141003929],[-122.15256812541557,48.186585013308175],[-122.15322761459565,48.18831912917214],[-122.13972114513324,48.187816268754396],[-122.13318668825036,48.18798374057556],[-122.13042042451524,48.19059841242682],[-122.13039666415158,48.191465401878425],[-122.12881013654948,48.19143794861384]],[[-122.138960295831,48.19882800124296],[-122.14139805366895,48.1989013431373],[-122.14048952527429,48.19992572978396],[-122.1388955558448,48.200706443113056],[-122.13019847362251,48.203086990203396],[-122.12983460713025,48.200823348727155],[-122.13366658413653,48.1988947977342],[-122.138960295831,48.19882800124296]]]},"properties":{"COUNTY":"Snohomish","PRECCODE":81014433,"PRECNAME":"Portage","PRECINCT":"Snohomish 81014433","DESCRIPTIO":"Arlington Rural Northwest (Portage Creek Reserve), Unincorporated W. Arlington (Arlington Cemetery)","OFFICE":"PUD Commissioner District 1","JURISDICTION":"Public Utility","RACE":"Snohomish County PUD Commissioner District 1","Name_1":"Sid Logan","Party_1":"None_1","Votes_1":"54","Name_2":"Bruce King","Party_2":"None_3","Votes_2":"26","Name_3":"Janet St Clair","Party_3":"None_2","Votes_3":"23","Name_4":null,"Party_4":null,"Votes_4":"0","Name_5":null,"Party_5":null,"Votes_5":"0","Name_6":null,"Party_6":null,"Votes_6":"0","Name_7":null,"Party_7":null,"Votes_7":"0","Votes_total":"103","Pct_1":52.43,"Pct_2":25.24,"Pct_3":22.33,"Pct_4":0,"Pct_5":0,"Pct_6":0,"Pct_7":0,"Margin":27.19}},
{"type":"Feature","geometry":{"type":"Polygon","coordinates":[[[-122.21572127749627,48.20978765987103],[-122.2122546665269,48.201776377812706],[-122.20984370188127,48.19700957142918],[-122.20820785723033,48.197236554979],[-122.20397391438671,48.1991714054789],[-122.19963898883023,48.198589944757735],[-122.19697941393632,48.199361841290866],[-122.1937585415826,48.19944073867718],[-122.18865723196606,48.199186220301215],[-122.18490555998183,48.198456567321124],[-122.18395330126783,48.19760521274339],[-122.18461414849939,48.19452474092033],[-122.18355824778843,48.19226037862301],[-122.18065039360123,48.19075068952378],[-122.17603228542959,48.18945341702084],[-122.1710897095555,48.189288814140255],[-122.16829817902551,48.190542928091595],[-122.16634256592927,48.1924129218221],[-122.16444189133792,48.19470798186238],[-122.16315333633356,48.19927267983872],[-122.15141670616418,48.21010095113125],[-122.18190937235977,48.2100770613582],[-122.20486097217187,48.20985021218336],[-122.20485954120461,48.20991191827939],[-122.21148693912811,48.20986070399338],[-122.21575166560297,48.20986903361703],[-122.21572127749627,48.20978765987103]]]},"properties":{"COUNTY":"Snohomish","PRECCODE":81014681,"PRECNAME":"McFarland","PRECINCT":"Snohomish 81014681","DESCRIPTIO":"Arlington Rural Far Northwest (Eagle Ridge, Stillaguamish Tribal Building)","OFFICE":"PUD Commissioner District 1","JURISDICTION":"Public Utility","RACE":"Snohomish County PUD Commissioner District 1","Name_1":"Sid Logan","Party_1":"None_1","Votes_1":"110","Name_2":"Janet St Clair","Party_2":"None_2","Votes_2":"44","Name_3":"Bruce King","Party_3":"None_3","Votes_3":"32","Name_4":null,"Party_4":null,"Votes_4":"0","Name_5":null,"Party_5":null,"Votes_5":"0","Name_6":null,"Party_6":null,"Votes_6":"0","Name_7":null,"Party_7":null,"Votes_7":"0","Votes_total":"186","Pct_1":59.14,"Pct_2":23.66,"Pct_3":17.2,"Pct_4":0,"Pct_5":0,"Pct_6":0,"Pct_7":0,"Margin":35.48}},
{"type":"Feature","geometry":{"type":"Polygon","coordinates":[[[-122.11881912318779,48.16988280998618],[-122.11337340639518,48.16987884824534],[-122.11347911928918,48.16438543124012],[-122.11484175662069,48.16438422346634],[-122.11490419944916,48.16257117160969],[-122.11757252196638,48.1625689119323],[-122.11577990677715,48.15892084487866],[-122.11384723188444,48.15490315010414],[-122.11383249183761,48.15527841471571],[-122.10839119627815,48.155286951806254],[-122.10854896449698,48.15164780708931],[-122.10583905736122,48.15164364053471],[-122.10582568163505,48.15019051065939],[-122.10841461934817,48.15019353277516],[-122.10845833297357,48.14798793889639],[-122.10855870776638,48.14798793934956],[-122.10852199043467,48.144333725130366],[-122.09851468412033,48.144328787337585],[-122.09868580539981,48.144565630491286],[-122.09888144189367,48.144929396018064],[-122.09934099133068,48.14542057120811],[-122.10066668817028,48.14639426801085],[-122.10252282037162,48.14931462234969],[-122.10414858901736,48.156920675379446],[-122.1104727058893,48.16442820581944],[-122.09701245445478,48.16440777281547],[-122.09821409784873,48.16622190508079],[-122.09394474486126,48.166202862881086],[-122.09838325609371,48.17220816460196],[-122.10129740703015,48.18610688034099],[-122.10138821565866,48.18640175591677],[-122.1016492753343,48.18682510743749],[-122.1019083888023,48.18715455553557],[-122.1021653319816,48.18439743660733],[-122.10240465138129,48.1735082971574],[-122.10834954867674,48.1735232703586],[-122.10835019222753,48.17450068226027],[-122.11070891639397,48.17451007362264],[-122.11290463897483,48.17719610280353],[-122.11437594200682,48.17804730810293],[-122.1160627601693,48.18086155025085],[-122.11859021537529,48.18086453229213],[-122.11862558457287,48.17912092685876],[-122.11881912318779,48.16988280998618]]]},"properties":{"COUNTY":"Snohomish","PRECCODE":81014836,"PRECNAME":"Burn","PRECINCT":"Snohomish 81014836","DESCRIPTIO":"Arlington Rural Southeast (Old Burn Road, Arlington Reservoir)","OFFICE":"PUD Commissioner District 1","JURISDICTION":"Public Utility","RACE":"Snohomish County PUD Commissioner District 1","Name_1":"Sid Logan","Party_1":"None_1","Votes_1":"73","Name_2":"Janet St Clair","Party_2":"None_2","Votes_2":"30","Name_3":"Bruce King","Party_3":"None_3","Votes_3":"24","Name_4":null,"Party_4":null,"Votes_4":"0","Name_5":null,"Party_5":null,"Votes_5":"0","Name_6":null,"Party_6":null,"Votes_6":"0","Name_7":null,"Party_7":null,"Votes_7":"0","Votes_total":"127","Pct_1":57.48,"Pct_2":23.62,"Pct_3":18.9,"Pct_4":0,"Pct_5":0,"Pct_6":0,"Pct_7":0,"Margin":33.86}},
{"type":"Feature","geometry":{"type":"Polygon","coordinates":[[[-122.10785478520958,48.19502913068031],[-122.10800107985945,48.19460306305952],[-122.10923788233688,48.194559457168154],[-122.1098551368654,48.19334489721377],[-122.11179074422922,48.193330180538844],[-122.11200644824329,48.19151175493813],[-122.1115413537748,48.19148265045894],[-122.11227217310514,48.18927320641965],[-122.11161121504551,48.18928140736095],[-122.11180192380586,48.18876762008185],[-122.11233277388177,48.18876266400225],[-122.1124483854517,48.18778482084555],[-122.10709771912981,48.187845884956765],[-122.1062048753038,48.195085656480614],[-122.10785478520958,48.19502913068031]]]},"properties":{"COUNTY":"Snohomish","PRECCODE":81014837,"PRECNAME":"Eagle","PRECINCT":"Snohomish 81014837","DESCRIPTIO":"Unincorporated E. Arlington (88th Drive, 89th Avenue)","OFFICE":"PUD Commissioner District 1","JURISDICTION":"Public Utility","RACE":"Snohomish County PUD Commissioner District 1","Name_1":"Sid Logan","Party_1":"None_1","Votes_1":"20","Name_2":"Bruce King","Party_2":"None_3","Votes_2":"8","Name_3":"Janet St Clair","Party_3":"None_2","Votes_3":"4","Name_4":null,"Party_4":null,"Votes_4":"0","Name_5":null,"Party_5":null,"Votes_5":"0","Name_6":null,"Party_6":null,"Votes_6":"0","Name_7":null,"Party_7":null,"Votes_7":"0","Votes_total":"32","Pct_1":62.5,"Pct_2":25,"Pct_3":12.5,"Pct_4":0,"Pct_5":0,"Pct_6":0,"Pct_7":0,"Margin":37.5}},
{"type":"Feature","geometry":{"type":"Polygon","coordinates":[[[-121.98413537083134,48.08307088007436],[-121.98327932455246,48.0826871381518],[-121.98393686409196,48.08235763401179],[-121.98107503794178,48.0799337580439],[-121.98090337199434,48.07808013000566],[-121.97986963163127,48.07809499679996],[-121.97990304985399,48.07948297901224],[-121.97635559889942,48.07956538152016],[-121.97634310796433,48.07865578387271],[-121.97458378500818,48.07869949991927],[-121.9745613639787,48.077593971710066],[-121.97258181354746,48.07762142424778],[-121.97256398224671,48.07690688152159],[-121.97983836338574,48.07680363671672],[-121.97981653831667,48.07589096179859],[-121.97889212882617,48.075783924139834],[-121.97699325248036,48.075825643201355],[-121.97529606716802,48.07363659976302],[-121.97186709671247,48.07177144276631],[-121.96917230189153,48.0719339310158],[-121.96924322840604,48.076106054856496],[-121.96383330437993,48.07617863624587],[-121.9639594475944,48.07980958913325],[-121.9639724616065,48.08107953812938],[-121.96398845676953,48.08339505984257],[-121.96401682209148,48.08704525970582],[-121.96947931105314,48.08698352618853],[-121.96938811839571,48.083356251934816],[-121.9775205336771,48.083139853628765],[-121.98261011656372,48.08338842412347],[-121.98342535268267,48.083386859735725],[-121.98413537083134,48.08307088007436]]]},"properties":{"COUNTY":"Snohomish","PRECCODE":83911384,"PRECNAME":"Granite Falls 1","PRECINCT":"Snohomish 83911384","DESCRIPTIO":"Granite Falls Center (Downtown, Granite Ridge, Frank Mason Park, Montclair Apartments)","OFFICE":"PUD Commissioner District 1","JURISDICTION":"Public Utility","RACE":"Snohomish County PUD Commissioner District 1","Name_1":"Sid Logan","Party_1":"None_1","Votes_1":"98","Name_2":"Janet St Clair","Party_2":"None_2","Votes_2":"78","Name_3":"Bruce King","Party_3":"None_3","Votes_3":"62","Name_4":null,"Party_4":null,"Votes_4":"0","Name_5":null,"Party_5":null,"Votes_5":"0","Name_6":null,"Party_6":null,"Votes_6":"0","Name_7":null,"Party_7":null,"Votes_7":"0","Votes_total":"238","Pct_1":41.18,"Pct_2":32.77,"Pct_3":26.05,"Pct_4":0,"Pct_5":0,"Pct_6":0,"Pct_7":0,"Margin":8.41}},
{"type":"Feature","geometry":{"type":"Polygon","coordinates":[[[-121.9775205336771,48.083139853628765],[-121.96938811839571,48.083356251934816],[-121.96947931105314,48.08698352618853],[-121.96401682209148,48.08704525970582],[-121.9639999597147,48.08755983736257],[-121.96392546994633,48.087856156069925],[-121.96277687103047,48.09068301206164],[-121.96200578557536,48.093033512056266],[-121.961854237839,48.09378744027422],[-121.96406620966604,48.09329865047105],[-121.96527427700856,48.09346006356267],[-121.96528026889028,48.09426879469686],[-121.96963939694587,48.09420142224818],[-121.9751325301522,48.09417411100593],[-121.97761746408314,48.09208790602192],[-121.97811697062362,48.091845088549064],[-121.97930139558547,48.091600749879774],[-121.97994612876775,48.09131021059363],[-121.9801304206123,48.091109428234184],[-121.9803428322954,48.09088506059982],[-121.98032699998022,48.09047233997609],[-121.98034045003085,48.08914852460058],[-121.98025417424469,48.08677791062568],[-121.98015977437223,48.08636597519075],[-121.97996718670304,48.08543447386635],[-121.97964194957646,48.08519804508864],[-121.97789448493793,48.08421557764416],[-121.9775205336771,48.083139853628765]]]},"properties":{"COUNTY":"Snohomish","PRECCODE":83911385,"PRECNAME":"Granite Falls 2","PRECINCT":"Snohomish 83911385","DESCRIPTIO":"Granite Falls North (Mountain Way Elementary School, Hemming Way)","OFFICE":"PUD Commissioner District 1","JURISDICTION":"Public Utility","RACE":"Snohomish County PUD Commissioner District 1","Name_1":"Sid Logan","Party_1":"None_1","Votes_1":"100","Name_2":"Janet St Clair","Party_2":"None_2","Votes_2":"64","Name_3":"Bruce King","Party_3":"None_3","Votes_3":"39","Name_4":"Write-In","Party_4":"None_4","Votes_4":"1","Name_5":null,"Party_5":null,"Votes_5":"0","Name_6":null,"Party_6":null,"Votes_6":"0","Name_7":null,"Party_7":null,"Votes_7":"0","Votes_total":"204","Pct_1":49.02,"Pct_2":31.37,"Pct_3":19.12,"Pct_4":0.49,"Pct_5":0,"Pct_6":0,"Pct_7":0,"Margin":17.65}},
{"type":"Feature","geometry":{"type":"Polygon","coordinates":[[[-121.59904139612941,48.240684342994136],[-121.58875245140419,48.24087263636934],[-121.58856511941755,48.24247279701776],[-121.58781600824716,48.24288463522309],[-121.59050179612494,48.24543683796405],[-121.59397614710423,48.247276060956885],[-121.59401669254636,48.248074231433904],[-121.59739538415111,48.2482901221508],[-121.59755315781118,48.25108313001933],[-121.5948857774474,48.251129429309984],[-121.5943672206641,48.25535782841947],[-121.59255000109309,48.25538009558683],[-121.59100686628096,48.25624223135207],[-121.59032753519969,48.25656118676338],[-121.58985208056409,48.25692600456768],[-121.58985731205439,48.25742079478278],[-121.59026489135144,48.257917225928495],[-121.59045980028537,48.258015322388815],[-121.59071766821575,48.258102466364335],[-121.59520607164964,48.26067902033816],[-121.59450161985457,48.26193735592586],[-121.59569233392959,48.26443273544764],[-121.59574985086692,48.26666868904936],[-121.59558958803717,48.26787863323807],[-121.59480540757497,48.268557130677],[-121.59484661284881,48.2698060859521],[-121.61611222053365,48.269726953342776],[-121.61601489303963,48.26730854219746],[-121.61490201604373,48.26696711193653],[-121.61421767854635,48.26796291670729],[-121.61049037584485,48.26681726479904],[-121.61043492650049,48.26500814069318],[-121.61599029848874,48.26669739034509],[-121.6158227089185,48.26253247615803],[-121.61729281383842,48.26252604731294],[-121.61724743133904,48.26106029852126],[-121.61928807586608,48.26156284886841],[-121.61995976667116,48.26030465133812],[-121.61691908834369,48.25881705040221],[-121.61689439210474,48.25801893972759],[-121.61568297825679,48.2580086763892],[-121.61548248278064,48.24801476653811],[-121.61191347196167,48.24849850085199],[-121.61107090015788,48.24957086632587],[-121.61104387228966,48.247881969308715],[-121.61001810152189,48.24789088887866],[-121.6099010523169,48.2405853508862],[-121.59904139612941,48.240684342994136]]]},"properties":{"COUNTY":"Snohomish","PRECCODE":83911637,"PRECNAME":"Darrington","PRECINCT":"Snohomish 83911637","DESCRIPTIO":"Darrington","OFFICE":"PUD Commissioner District 1","JURISDICTION":"Public Utility","RACE":"Snohomish County PUD Commissioner District 1","Name_1":"Sid Logan","Party_1":"None_1","Votes_1":"186","Name_2":"Bruce King","Party_2":"None_3","Votes_2":"138","Name_3":"Janet St Clair","Party_3":"None_2","Votes_3":"124","Name_4":"Write-In","Party_4":"None_4","Votes_4":"2","Name_5":null,"Party_5":null,"Votes_5":"0","Name_6":null,"Party_6":null,"Votes_6":"0","Name_7":null,"Party_7":null,"Votes_7":"0","Votes_total":"450","Pct_1":41.33,"Pct_2":30.67,"Pct_3":27.56,"Pct_4":0.44,"Pct_5":0,"Pct_6":0,"Pct_7":0,"Margin":10.66}},
{"type":"Feature","geometry":{"type":"Polygon","coordinates":[[[-121.96277687103047,48.09068301206164],[-121.96392546994633,48.087856156069925],[-121.9639999597147,48.08755983736257],[-121.96398845676953,48.08339505984257],[-121.9639724616065,48.08107953812938],[-121.96396862869359,48.08097470734558],[-121.95876391498292,48.081052991898815],[-121.95859005730058,48.079835769514105],[-121.9551728966225,48.079844013700466],[-121.95462708255099,48.079438437887035],[-121.95309741601505,48.07946167540553],[-121.95313146480126,48.08069988803659],[-121.95368060908713,48.08069367558475],[-121.95605448814364,48.08352695980371],[-121.9531884464213,48.08355914074593],[-121.95306096924784,48.09299776777803],[-121.95043063579959,48.094488792274426],[-121.94750791669269,48.09453045878016],[-121.94771207153134,48.10354859150095],[-121.94931458098857,48.10319375730296],[-121.94964071642347,48.103014523742246],[-121.9506495683186,48.10241843221673],[-121.95102307294034,48.10232415304464],[-121.95197773841225,48.10243883536331],[-121.95241729961884,48.102747701971865],[-121.95263747122466,48.10282583657788],[-121.95313395251877,48.102857582492945],[-121.95334329322178,48.10288458548586],[-121.95438671238266,48.10230380270399],[-121.95505226511096,48.1020170584123],[-121.95698946652412,48.10138862362273],[-121.95891903276863,48.10008466938149],[-121.95995376750012,48.09794151890484],[-121.96147241563953,48.09432758893519],[-121.96200578557536,48.093033512056266],[-121.96277687103047,48.09068301206164]]]},"properties":{"COUNTY":"Snohomish","PRECCODE":83911670,"PRECNAME":"Granite Falls 3","PRECINCT":"Snohomish 83911670","DESCRIPTIO":"Granite Falls East (Bogart Meadows, Granite Falls Public Library)","OFFICE":"PUD Commissioner District 1","JURISDICTION":"Public Utility","RACE":"Snohomish County PUD Commissioner District 1","Name_1":"Sid Logan","Party_1":"None_1","Votes_1":"59","Name_2":"Janet St Clair","Party_2":"None_2","Votes_2":"24","Name_3":"Bruce King","Party_3":"None_3","Votes_3":"15","Name_4":null,"Party_4":null,"Votes_4":"0","Name_5":null,"Party_5":null,"Votes_5":"0","Name_6":null,"Party_6":null,"Votes_6":"0","Name_7":null,"Party_7":null,"Votes_7":"0","Votes_total":"98","Pct_1":60.2,"Pct_2":24.49,"Pct_3":15.31,"Pct_4":0,"Pct_5":0,"Pct_6":0,"Pct_7":0,"Margin":35.71}},
{"type":"Feature","geometry":{"type":"Polygon","coordinates":[[[-121.98480770925826,48.08269409974667],[-121.98436774863218,48.08289539692877],[-121.98413537083134,48.08307088007436],[-121.98342535268267,48.083386859735725],[-121.98261011656372,48.08338842412347],[-121.9775205336771,48.083139853628765],[-121.97789448493793,48.08421557764416],[-121.97964194957646,48.08519804508864],[-121.97996718670304,48.08543447386635],[-121.98015977437223,48.08636597519075],[-121.98025417424469,48.08677791062568],[-121.99625657392781,48.086663212336354],[-121.99625642138014,48.08676537096764],[-121.99903742321527,48.08678755539095],[-121.99903682285483,48.08676100194098],[-121.99915960555754,48.08676198281676],[-121.99916022729208,48.08678947872604],[-122.0002744762993,48.08679863983899],[-122.00020638570052,48.083044253466554],[-121.99618495122785,48.08300690596597],[-121.99616440165516,48.081891591462714],[-121.98817368330438,48.08388523112851],[-121.98546393918942,48.084046018723186],[-121.98543064810622,48.082510328820625],[-121.98480770925826,48.08269409974667]]]},"properties":{"COUNTY":"Snohomish","PRECCODE":83911778,"PRECNAME":"Granite Falls 4","PRECINCT":"Snohomish 83911778","DESCRIPTIO":"Granite Falls West (Hawkins Avenue, Braidwood Village Townhomes)","OFFICE":"PUD Commissioner District 1","JURISDICTION":"Public Utility","RACE":"Snohomish County PUD Commissioner District 1","Name_1":"Sid Logan","Party_1":"None_1","Votes_1":"38","Name_2":"Janet St Clair","Party_2":"None_2","Votes_2":"12","Name_3":"Bruce King","Party_3":"None_3","Votes_3":"12","Name_4":null,"Party_4":null,"Votes_4":"0","Name_5":null,"Party_5":null,"Votes_5":"0","Name_6":null,"Party_6":null,"Votes_6":"0","Name_7":null,"Party_7":null,"Votes_7":"0","Votes_total":"62","Pct_1":61.29,"Pct_2":19.35,"Pct_3":19.35,"Pct_4":0,"Pct_5":0,"Pct_6":0,"Pct_7":0,"Margin":41.94}},
{"type":"Feature","geometry":{"type":"Polygon","coordinates":[[[-121.98033458004888,48.08984400289078],[-121.98296070698272,48.08982219366637],[-121.98297580351776,48.09045331219178],[-121.98762386589242,48.090419888447485],[-121.98771220513726,48.0928345013674],[-121.991087175928,48.09284474274053],[-121.9964268314467,48.09173456689787],[-121.99625657392781,48.086663212336354],[-121.98025417424469,48.08677791062568],[-121.98034045003085,48.08914852460058],[-121.98033458004888,48.08984400289078]]]},"properties":{"COUNTY":"Snohomish","PRECCODE":83911866,"PRECNAME":"Granite Falls 5","PRECINCT":"Snohomish 83911866","DESCRIPTIO":"Granite Falls Northwest (Suncrest Farms, Monte Cristo Elementary School)","OFFICE":"PUD Commissioner District 1","JURISDICTION":"Public Utility","RACE":"Snohomish County PUD Commissioner District 1","Name_1":"Sid Logan","Party_1":"None_1","Votes_1":"73","Name_2":"Janet St Clair","Party_2":"None_2","Votes_2":"38","Name_3":"Bruce King","Party_3":"None_3","Votes_3":"31","Name_4":null,"Party_4":null,"Votes_4":"0","Name_5":null,"Party_5":null,"Votes_5":"0","Name_6":null,"Party_6":null,"Votes_6":"0","Name_7":null,"Party_7":null,"Votes_7":"0","Votes_total":"142","Pct_1":51.41,"Pct_2":26.76,"Pct_3":21.83,"Pct_4":0,"Pct_5":0,"Pct_6":0,"Pct_7":0,"Margin":24.65}},
{"type":"Feature","geometry":{"type":"Polygon","coordinates":[[[-122.02099868377323,48.11039348299082],[-122.02057408594413,48.10935560256187],[-122.01933276713676,48.108516015900356],[-122.0134817016472,48.1072150182658],[-122.00635885028187,48.10116896282265],[-121.99909109494756,48.10087949767516],[-121.9947533514699,48.101874965209035],[-121.98588066480866,48.10216257797444],[-121.98332007853054,48.10146135301816],[-121.98243404523944,48.10066399773704],[-121.98246300235874,48.09751070481682],[-121.98135322282089,48.0964259041323],[-121.97809992971472,48.095638956302025],[-121.97429668264822,48.09551726478255],[-121.97399354826013,48.09746985564963],[-121.97630689156084,48.10027942900672],[-121.98075069156094,48.1017176870611],[-121.99862189018587,48.10995311428848],[-122.00022674914746,48.11117709035992],[-122.00101139027008,48.11285464767028],[-122.00130480896249,48.110469324829964],[-122.02099868377323,48.11039348299082]]]},"properties":{"COUNTY":"Snohomish","PRECCODE":83914011,"PRECNAME":"Norden","PRECINCT":"Snohomish 83914011","DESCRIPTIO":"Granite Falls Rural Northwest (Blue Spruce, Chappel Road)","OFFICE":"PUD Commissioner District 1","JURISDICTION":"Public Utility","RACE":"Snohomish County PUD Commissioner District 1","Name_1":"Sid Logan","Party_1":"None_1","Votes_1":"79","Name_2":"Janet St Clair","Party_2":"None_2","Votes_2":"46","Name_3":"Bruce King","Party_3":"None_3","Votes_3":"39","Name_4":"Write-In","Party_4":"None_4","Votes_4":"1","Name_5":null,"Party_5":null,"Votes_5":"0","Name_6":null,"Party_6":null,"Votes_6":"0","Name_7":null,"Party_7":null,"Votes_7":"0","Votes_total":"165","Pct_1":47.88,"Pct_2":27.88,"Pct_3":23.64,"Pct_4":0.61,"Pct_5":0,"Pct_6":0,"Pct_7":0,"Margin":20}},
{"type":"Feature","geometry":{"type":"Polygon","coordinates":[[[-122.01307742898754,48.26733183967871],[-122.01944889115974,48.26512671434731],[-122.02019176831793,48.2648006981113],[-122.02246398234853,48.26313565763885],[-122.02379790845704,48.26023266375808],[-122.02398281132353,48.25964070881713],[-122.0243570886769,48.258849658410206],[-122.02484880641002,48.25809971439864],[-122.02541782497835,48.25745272198825],[-122.02724702569702,48.25600172251863],[-122.04225195124647,48.24724970046513],[-122.04470802984972,48.246351723255096],[-122.04535208293943,48.246204698774044],[-122.04644995032638,48.24602470503385],[-122.05059594771222,48.24568864763622],[-122.05303091799944,48.244861653847416],[-122.05730485088664,48.24197470874628],[-122.05933919860426,48.23827971185515],[-122.05979379986451,48.23768070826324],[-122.06156128023021,48.236292512346346],[-122.0610499778643,48.23610544888405],[-122.0597679764009,48.23694236866511],[-122.04969955430343,48.236494720215966],[-122.04774885772842,48.23596089354846],[-122.04550649150649,48.23373757443672],[-122.0417726139856,48.23159858393985],[-122.0407947682146,48.23058638314786],[-122.03776502617758,48.2178935870919],[-122.03510875441165,48.21561408306449],[-122.0337341392706,48.215027575415185],[-122.02734211845684,48.21486168644233],[-122.02622253107603,48.21485298642925],[-122.00204965005747,48.21425535800455],[-121.99748003752208,48.216663382960206],[-121.99427223206398,48.217104013948784],[-121.99161073244004,48.21807847362637],[-121.98526205373238,48.21951253599141],[-121.98339278336013,48.21980820861681],[-121.97819975387046,48.21929141702863],[-121.97220080956241,48.22317912005535],[-121.97065495214456,48.221689603397664],[-121.97017566572627,48.22019159770292],[-121.96696191598218,48.223266966720345],[-121.96409872892191,48.22436605132688],[-121.96191851768941,48.224481423939345],[-121.95612665429363,48.2231148114314],[-121.95387651688604,48.223337892027864],[-121.95244605556739,48.222766901547736],[-121.94788675737601,48.222833223584175],[-121.94529436290235,48.220416132022635],[-121.94432829768543,48.218284020668996],[-121.94296700108924,48.217722356903685],[-121.94179181935503,48.21625399054352],[-121.93988938498474,48.21556187550171],[-121.93731584855722,48.21625783911064],[-121.93664723148596,48.21611663075917],[-121.93365225608855,48.21233731678066],[-121.93085132979256,48.210206853384754],[-121.92411491119157,48.210263933817394],[-121.92244790216223,48.2102563268373],[-121.92332548074711,48.25369913309299],[-122.00958363743045,48.25357568907357],[-122.00970110697772,48.26724837480997],[-122.0119974622333,48.266974229797974],[-122.01307742898754,48.26733183967871]]]},"properties":{"COUNTY":"Snohomish","PRECCODE":83914015,"PRECNAME":"Trafton","PRECINCT":"Snohomish 83914015","DESCRIPTIO":"Arlington Rural Farther Northeast (Ebey Hill, Lake Riley Road)","OFFICE":"PUD Commissioner District 1","JURISDICTION":"Public Utility","RACE":"Snohomish County PUD Commissioner District 1","Name_1":"Sid Logan","Party_1":"None_1","Votes_1":"85","Name_2":"Bruce King","Party_2":"None_3","Votes_2":"54","Name_3":"Janet St Clair","Party_3":"None_2","Votes_3":"35","Name_4":null,"Party_4":null,"Votes_4":"0","Name_5":null,"Party_5":null,"Votes_5":"0","Name_6":null,"Party_6":null,"Votes_6":"0","Name_7":null,"Party_7":null,"Votes_7":"0","Votes_total":"174","Pct_1":48.85,"Pct_2":31.03,"Pct_3":20.11,"Pct_4":0,"Pct_5":0,"Pct_6":0,"Pct_7":0,"Margin":17.82}},
{"type":"Feature","geometry":{"type":"Polygon","coordinates":[[[-122.12525162798967,48.26760276860626],[-122.11846688729354,48.257535516193116],[-122.11531912539515,48.25071676913226],[-122.1137872494849,48.25124632321946],[-122.11434376408496,48.24995995269856],[-122.11286994650703,48.247606504686324],[-122.10938073147804,48.244979194443204],[-122.10803732742694,48.243276672360324],[-122.1074260406418,48.24065966298617],[-122.10777071918112,48.240200991246944],[-122.10857385135682,48.23961061313417],[-122.11175518413549,48.23924061031284],[-122.11238397763404,48.23855309612438],[-122.11287879695853,48.237306652723404],[-122.11257878954018,48.23263123977159],[-122.11526584505681,48.23195904093754],[-122.11605967120389,48.23098367722969],[-122.11539868244078,48.23004533035509],[-122.11311110820026,48.22862822420744],[-122.11203196397463,48.22677373013334],[-122.1120914591232,48.22553631756804],[-122.11344203403951,48.22482072859318],[-122.10753065916838,48.224825200014884],[-122.10370624260058,48.22842236980003],[-122.10246429008372,48.228934617017806],[-122.10158533895991,48.2289218525808],[-122.100850757883,48.228357016861615],[-122.09546126861024,48.22874280762218],[-122.09486903097618,48.229377479617426],[-122.09538864475738,48.23113347603162],[-122.09410380000139,48.232412653832206],[-122.09377508128715,48.234885030432345],[-122.0923347324444,48.2346378408556],[-122.09158758018572,48.23322317011573],[-122.09027945934105,48.23284299690716],[-122.08933007319584,48.23141946671077],[-122.08857525402152,48.23178633852305],[-122.09121786689053,48.2341301566588],[-122.09071399609154,48.235529962795304],[-122.08849680107842,48.23725020072745],[-122.08505403592387,48.23811418682979],[-122.08481268977673,48.238821156843855],[-122.08564490636537,48.24118372604003],[-122.0846865878423,48.24424139793247],[-122.08408173912484,48.245024194652686],[-122.0813514580336,48.24603120149696],[-122.07969629097867,48.247874625365796],[-122.07579864290416,48.249569676481705],[-122.07001823004026,48.24634746991804],[-122.06709806489906,48.24614873901991],[-122.06507107107247,48.24645795673031],[-122.06085688790951,48.25021133502749],[-122.05398918378104,48.250126227076855],[-122.05084459583341,48.250900337261214],[-122.04984721296096,48.251535534046646],[-122.04955467356866,48.253723439064075],[-122.05161803012876,48.256317664769725],[-122.05182227643976,48.25768100386557],[-122.05090425308727,48.25889804890698],[-122.04712920957786,48.26118668508518],[-122.04607334043045,48.26137660586053],[-122.04130257705025,48.25925072670673],[-122.03884843278244,48.258837938464225],[-122.03752248570848,48.259196817019586],[-122.03505178987781,48.26123486461044],[-122.03529263239147,48.263259088335786],[-122.03907257739628,48.265634362453284],[-122.04016692791733,48.268236090774415],[-122.04286465092198,48.268248250975084],[-122.04297077916944,48.29010894263917],[-122.03187792335103,48.290167975464655],[-122.03185346882292,48.29772327558913],[-122.14013547943527,48.29758421683968],[-122.13075291642797,48.28521000583314],[-122.12877401143344,48.27825098313117],[-122.12910628070999,48.27646354511277],[-122.1246793398271,48.27191383987276],[-122.12525162798967,48.26760276860626]]]},"properties":{"COUNTY":"Snohomish","PRECCODE":83914016,"PRECNAME":"Boulder","PRECINCT":"Snohomish 83914016","DESCRIPTIO":"Arlington Rural Far North-Northeast (Grandview Trail, Cedarvale Loop Road)","OFFICE":"PUD Commissioner District 1","JURISDICTION":"Public Utility","RACE":"Snohomish County PUD Commissioner District 1","Name_1":"Sid Logan","Party_1":"None_1","Votes_1":"93","Name_2":"Bruce King","Party_2":"None_3","Votes_2":"41","Name_3":"Janet St Clair","Party_3":"None_2","Votes_3":"27","Name_4":"Write-In","Party_4":"None_4","Votes_4":"6","Name_5":null,"Party_5":null,"Votes_5":"0","Name_6":null,"Party_6":null,"Votes_6":"0","Name_7":null,"Party_7":null,"Votes_7":"0","Votes_total":"167","Pct_1":55.69,"Pct_2":24.55,"Pct_3":16.17,"Pct_4":3.59,"Pct_5":0,"Pct_6":0,"Pct_7":0,"Margin":31.14}},
{"type":"Feature","geometry":{"type":"Polygon","coordinates":[[[-122.13457777663344,48.21796231652636],[-122.13205439341445,48.21695444662554],[-122.1311779441383,48.21593602313877],[-122.13243048991987,48.21129905891424],[-122.12999977530626,48.20543070226154],[-122.12844422587028,48.20363706565516],[-122.12644405569395,48.20356667734932],[-122.12527716006619,48.20703465694802],[-122.12390980902046,48.20832351041438],[-122.11996577016124,48.210385626629176],[-122.1187774869783,48.21150337198467],[-122.1170109157019,48.212113830204835],[-122.11140672761343,48.21635338743433],[-122.11049142453955,48.21736682727476],[-122.10941051208681,48.22032560079792],[-122.10516673337426,48.22241783984775],[-122.1036944627742,48.224042939114],[-122.10170153566416,48.22541929158323],[-122.09935070992033,48.22667925169611],[-122.09517160541597,48.22659574507242],[-122.09221913743569,48.228744278055544],[-122.0893605554618,48.228782943303536],[-122.08792306175809,48.23093599106635],[-122.08857525402152,48.23178633852305],[-122.08933007319584,48.23141946671077],[-122.09027945934105,48.23284299690716],[-122.09158758018572,48.23322317011573],[-122.0923347324444,48.2346378408556],[-122.09377508128715,48.234885030432345],[-122.09410380000139,48.232412653832206],[-122.09538864475738,48.23113347603162],[-122.09486903097618,48.229377479617426],[-122.09546126861024,48.22874280762218],[-122.100850757883,48.228357016861615],[-122.10158533895991,48.2289218525808],[-122.10246429008372,48.228934617017806],[-122.10370624260058,48.22842236980003],[-122.10753065916838,48.224825200014884],[-122.11344203403951,48.22482072859318],[-122.1120914591232,48.22553631756804],[-122.11203196397463,48.22677373013334],[-122.11311110820026,48.22862822420744],[-122.11539868244078,48.23004533035509],[-122.11605967120389,48.23098367722969],[-122.11526584505681,48.23195904093754],[-122.11257878954018,48.23263123977159],[-122.11287879695853,48.237306652723404],[-122.11238397763404,48.23855309612438],[-122.11175518413549,48.23924061031284],[-122.10857385135682,48.23961061313417],[-122.10777071918112,48.240200991246944],[-122.1074260406418,48.24065966298617],[-122.10803732742694,48.243276672360324],[-122.10938073147804,48.244979194443204],[-122.11286994650703,48.247606504686324],[-122.11434376408496,48.24995995269856],[-122.1137872494849,48.25124632321946],[-122.11531912539515,48.25071676913226],[-122.11846688729354,48.257535516193116],[-122.12525162798967,48.26760276860626],[-122.12639466098634,48.26559967689081],[-122.1281133022787,48.26428143401054],[-122.12816065547437,48.26025408391233],[-122.13205543308167,48.25866275644414],[-122.13217451941254,48.25714073133178],[-122.12971482620529,48.2534224535237],[-122.12980245080054,48.2527461600835],[-122.131173565819,48.25231716004376],[-122.1363104142488,48.253495765124],[-122.13837902128778,48.25343559898825],[-122.1395841303563,48.252897683512145],[-122.13945081469608,48.250378137478556],[-122.14105821422315,48.24708042740088],[-122.1394298381675,48.244363645550386],[-122.13966605913228,48.243261381622816],[-122.14372332245003,48.239293065022295],[-122.14556030455644,48.23896439860753],[-122.14872972365838,48.239603304769716],[-122.15115868671325,48.238953007169414],[-122.15857174587278,48.23894507116891],[-122.15818380590767,48.23840410736975],[-122.15770960478577,48.23768078358415],[-122.15715813455,48.23692467390475],[-122.15580051283222,48.23534151828915],[-122.1465222597456,48.22814131930989],[-122.14301526506239,48.224530604607025],[-122.14329009473737,48.22452764957311],[-122.13731415012121,48.218325564170144],[-122.13457777663344,48.21796231652636]]]},"properties":{"COUNTY":"Snohomish","PRECCODE":83914021,"PRECNAME":"Bryant","PRECINCT":"Snohomish 83914021","DESCRIPTIO":"Arlington Rural North (Armstrong Creek, Harvey Creek Fish Hatchery)","OFFICE":"PUD Commissioner District 1","JURISDICTION":"Public Utility","RACE":"Snohomish County PUD Commissioner District 1","Name_1":"Sid Logan","Party_1":"None_1","Votes_1":"47","Name_2":"Janet St Clair","Party_2":"None_2","Votes_2":"23","Name_3":"Bruce King","Party_3":"None_3","Votes_3":"23","Name_4":null,"Party_4":null,"Votes_4":"0","Name_5":null,"Party_5":null,"Votes_5":"0","Name_6":null,"Party_6":null,"Votes_6":"0","Name_7":null,"Party_7":null,"Votes_7":"0","Votes_total":"93","Pct_1":50.54,"Pct_2":24.73,"Pct_3":24.73,"Pct_4":0,"Pct_5":0,"Pct_6":0,"Pct_7":0,"Margin":25.81}},
{"type":"Feature","geometry":{"type":"Polygon","coordinates":[[[-122.25847193744423,48.26844098831786],[-122.24728060014694,48.267615706359244],[-122.23662190449276,48.26754008885408],[-122.20533488988323,48.26815333625994],[-122.20490236986436,48.26850745203079],[-122.20486773786348,48.270825034852926],[-122.20397593990637,48.29762253432169],[-122.22673362159559,48.297248534461424],[-122.23799697105243,48.29755519272496],[-122.30405015526449,48.297576772898765],[-122.29665899278942,48.29139544342935],[-122.29229090077624,48.28768345703308],[-122.26940368786018,48.26754338929227],[-122.26661995675387,48.26835382471383],[-122.25847193744423,48.26844098831786]]]},"properties":{"COUNTY":"Snohomish","PRECCODE":83914025,"PRECNAME":"Cliff","PRECINCT":"Snohomish 83914025","DESCRIPTIO":"Stanwood Rural Far Northeast (English Grade Road, Brandstrom Road)","OFFICE":"PUD Commissioner District 1","JURISDICTION":"Public Utility","RACE":"Snohomish County PUD Commissioner District 1","Name_1":"Sid Logan","Party_1":"None_1","Votes_1":"112","Name_2":"Bruce King","Party_2":"None_3","Votes_2":"48","Name_3":"Janet St Clair","Party_3":"None_2","Votes_3":"31","Name_4":"Write-In","Party_4":"None_4","Votes_4":"1","Name_5":null,"Party_5":null,"Votes_5":"0","Name_6":null,"Party_6":null,"Votes_6":"0","Name_7":null,"Party_7":null,"Votes_7":"0","Votes_total":"192","Pct_1":58.33,"Pct_2":25,"Pct_3":16.15,"Pct_4":0.52,"Pct_5":0,"Pct_6":0,"Pct_7":0,"Margin":33.33}},
{"type":"Feature","geometry":{"type":"Polygon","coordinates":[[[-122.13731415012121,48.218325564170144],[-122.14329009473737,48.22452764957311],[-122.14969324794329,48.224459688951946],[-122.19369219289611,48.224362588682645],[-122.19406620770472,48.21002560409531],[-122.18190937235977,48.2100770613582],[-122.15141670616418,48.21010095113125],[-122.15039879917991,48.21414102387833],[-122.14727616119377,48.21479092992377],[-122.14593879693281,48.21444873473825],[-122.14333727827668,48.216696655472056],[-122.14106189058771,48.21697621395724],[-122.13868738942817,48.21672581834242],[-122.13703660584574,48.21749197640442],[-122.13630001477493,48.21819276320138],[-122.13731415012121,48.218325564170144]]]},"properties":{"COUNTY":"Snohomish","PRECCODE":83914027,"PRECNAME":"Armstrong","PRECINCT":"Snohomish 83914027","DESCRIPTIO":"Arlington Rural Far Northwest (Angel of the Winds Casino, Hidden Creek)","OFFICE":"PUD Commissioner District 1","JURISDICTION":"Public Utility","RACE":"Snohomish County PUD Commissioner District 1","Name_1":"Sid Logan","Party_1":"None_1","Votes_1":"110","Name_2":"Janet St Clair","Party_2":"None_2","Votes_2":"30","Name_3":"Bruce King","Party_3":"None_3","Votes_3":"30","Name_4":null,"Party_4":null,"Votes_4":"0","Name_5":null,"Party_5":null,"Votes_5":"0","Name_6":null,"Party_6":null,"Votes_6":"0","Name_7":null,"Party_7":null,"Votes_7":"0","Votes_total":"170","Pct_1":64.71,"Pct_2":17.65,"Pct_3":17.65,"Pct_4":0,"Pct_5":0,"Pct_6":0,"Pct_7":0,"Margin":47.06}},
{"type":"Feature","geometry":{"type":"Polygon","coordinates":[[[-121.94459744966873,48.03647652491656],[-121.90413507751596,48.03672367917723],[-121.85745670327947,48.03631626582396],[-121.86238346504489,48.03687251739627],[-121.86596193400318,48.037945247637474],[-121.86838440214012,48.0403053881136],[-121.87027677957482,48.04122354437468],[-121.86986354654857,48.04451526935687],[-121.87255088106988,48.04688252794608],[-121.87142627255608,48.04961574865541],[-121.8727957448321,48.051451814385054],[-121.87274007160319,48.05208811984524],[-121.87374569908833,48.05214926255802],[-121.87919488184741,48.05479142397051],[-121.88242977113339,48.05575694437368],[-121.88664458012393,48.05944405799458],[-121.89130177275365,48.06253560707479],[-121.89477392514753,48.062126494202325],[-121.89754393841692,48.06319673329407],[-121.90131462013024,48.06362522543127],[-121.90167934547162,48.06395571240483],[-121.90131342071871,48.06440686108866],[-121.90271600816601,48.06510620359486],[-121.90520035564766,48.06547860266488],[-121.90915483886086,48.065049900652255],[-121.91355706120328,48.06293330666242],[-121.91101260205552,48.06526028980272],[-121.91402391814171,48.065426382636886],[-121.91796117704672,48.067123944258405],[-121.91832571613956,48.06775519194922],[-121.92153821075938,48.06942675221875],[-121.92390503155517,48.07290555282491],[-121.92650581546727,48.07425849997644],[-121.92990108537498,48.07468175367777],[-121.93145488419883,48.07322873597657],[-121.93512187259878,48.07124429045574],[-121.93546891535748,48.069586027183014],[-121.93665551825714,48.06864572212952],[-121.94296071323598,48.073788797417805],[-121.94415040207208,48.075367628475625],[-121.94706982234685,48.07579180819588],[-121.95055944553535,48.076922000021376],[-121.95251867854407,48.077821034859625],[-121.95452329252387,48.07943979400237],[-121.95462708255099,48.079438437887035],[-121.9551728966225,48.079844013700466],[-121.95859005730058,48.079835769514105],[-121.95876391498292,48.081052991898815],[-121.96396862869359,48.08097470734558],[-121.9639594475944,48.07980958913325],[-121.96383330437993,48.07617863624587],[-121.96790685968712,48.076124321267265],[-121.9663320734974,48.07509015404448],[-121.96219950314357,48.06982829777827],[-121.95913841502147,48.06815175074859],[-121.95866965260218,48.06253241018504],[-121.95984547963164,48.06000153729287],[-121.95769326868256,48.0568451878486],[-121.95698742189762,48.055840762575315],[-121.95730191758545,48.05485387594848],[-121.95757295176917,48.054483579746744],[-121.96121149553595,48.05373581835318],[-121.96014830584588,48.051420462314574],[-121.96013299360064,48.05085976897837],[-121.96015729755736,48.05033432747811],[-121.95786982032485,48.04704387541468],[-121.95434026866405,48.043637431534],[-121.95164918992968,48.039472349571376],[-121.9485288446048,48.03774453294053],[-121.94459744966873,48.03647652491656]]]},"properties":{"COUNTY":"Snohomish","PRECCODE":83914028,"PRECNAME":"Gregory","PRECINCT":"Snohomish 83914028","DESCRIPTIO":"Granite Falls Rural Southeast (Pilchuck Place, Scherrer Road)","OFFICE":"PUD Commissioner District 1","JURISDICTION":"Public Utility","RACE":"Snohomish County PUD Commissioner District 1","Name_1":"Sid Logan","Party_1":"None_1","Votes_1":"102","Name_2":"Bruce King","Party_2":"None_3","Votes_2":"59","Name_3":"Janet St Clair","Party_3":"None_2","Votes_3":"53","Name_4":"Write-In","Party_4":"None_4","Votes_4":"2","Name_5":null,"Party_5":null,"Votes_5":"0","Name_6":null,"Party_6":null,"Votes_6":"0","Name_7":null,"Party_7":null,"Votes_7":"0","Votes_total":"216","Pct_1":47.22,"Pct_2":27.31,"Pct_3":24.54,"Pct_4":0.93,"Pct_5":0,"Pct_6":0,"Pct_7":0,"Margin":19.91}},
{"type":"Feature","geometry":{"type":"Polygon","coordinates":[[[-121.74941280587635,48.21066278769077],[-121.7064803349997,48.21096194357391],[-121.70978702326907,48.12459232413475],[-121.66629889809774,48.12451964671921],[-121.66190639265476,48.12455996253734],[-121.66915707780188,48.128624015026716],[-121.67004758201196,48.13053582206932],[-121.66883021023128,48.1320153246343],[-121.66867298697035,48.13412648460201],[-121.6719484495076,48.13582910198882],[-121.67674327533099,48.136944945453166],[-121.6809733786154,48.1385763038314],[-121.67809474212906,48.14364880376244],[-121.6785254492085,48.14658693044043],[-121.67982169757003,48.14990232593179],[-121.68015890151347,48.15296895558753],[-121.68319243873107,48.157294600424436],[-121.6852988299981,48.16328941239774],[-121.68360274444687,48.16477260456588],[-121.67617117334915,48.16699881616721],[-121.66766418220782,48.16720193258526],[-121.66491320140659,48.16897152061169],[-121.6617304859976,48.16936064283041],[-121.65675871674077,48.17134596048279],[-121.65683774534966,48.172827337862266],[-121.6544571544507,48.17338433952356],[-121.65223864552938,48.17559838990736],[-121.65238083791265,48.17902833840929],[-121.65102277416193,48.18243151636261],[-121.64934802407824,48.18416616441344],[-121.64589621154003,48.186240268957036],[-121.64413643493381,48.189395005472335],[-121.64152586054483,48.19128981677364],[-121.63905813065351,48.19184530366521],[-121.63766634068176,48.194447607267385],[-121.63516014307396,48.195704406194174],[-121.63459379591937,48.196857622016466],[-121.63340403097142,48.19741084961834],[-121.63257957624843,48.19970449621743],[-121.62990792189528,48.20241658366243],[-121.62996140174343,48.20368533617508],[-121.62858461175861,48.20535180799034],[-121.62998351331565,48.20868816659798],[-121.62968019662131,48.21002500980483],[-121.6289978304515,48.21055702876627],[-121.62902877006772,48.21205990075537],[-121.62715267558383,48.214313557788905],[-121.62748036363814,48.216774146398585],[-121.62842207453677,48.218251970499544],[-121.62777535427756,48.219107738866654],[-121.63002296910395,48.22361508291547],[-121.63014421715499,48.22541648643728],[-121.6322467907398,48.22696188772072],[-121.63204200979987,48.22797584300456],[-121.63308470686322,48.230219931735384],[-121.6355055610846,48.23133736826884],[-121.63790537544428,48.231824712560595],[-121.63851380635612,48.23274938188663],[-121.63817503714048,48.23453600018914],[-121.63908816813615,48.23810985174225],[-121.63727212563317,48.23954551833502],[-121.636501161512,48.243423346891845],[-121.63492801710794,48.24433118150561],[-121.6353654761237,48.24511004507326],[-121.6348334639259,48.24547278997483],[-121.63738001387578,48.24723038135663],[-121.63793137086802,48.24849667345098],[-121.63932836626222,48.24852229084234],[-121.64158718940898,48.24948498856557],[-121.64196753847555,48.25050555983953],[-121.64570809818532,48.25122508956842],[-121.64542604452481,48.25302074641547],[-121.64708615776185,48.254165320134696],[-121.64935010669689,48.25448864835194],[-121.65083786617917,48.255531928084],[-121.6562050623434,48.25644080748868],[-121.6592015712083,48.259741220281235],[-121.65720958505369,48.26250744863895],[-121.6571234235343,48.26471988540224],[-121.66056918308608,48.26617806336395],[-121.66129016951072,48.26687032302256],[-121.65954037004599,48.26667316011173],[-121.65737633717177,48.26708093286056],[-121.65636767564065,48.26934956185741],[-121.65122480882003,48.272364127194194],[-121.65050151579086,48.27410474876894],[-121.64786085810954,48.276431113819484],[-121.64511990797043,48.27560994583953],[-121.64370915882871,48.27563803331069],[-121.64357855751713,48.27764258516909],[-121.63921444600462,48.285563049148585],[-121.635456713473,48.286363785465475],[-121.63322920668818,48.28793706442262],[-121.63426995985415,48.28967885816472],[-121.63359375460244,48.29175854049431],[-121.63669641930314,48.29468295095526],[-121.63610226779224,48.2963590015065],[-121.63641964687248,48.298493544826385],[-121.68610764156003,48.299012221452735],[-121.7484452676421,48.298925360991056],[-121.85798644741713,48.297485424309954],[-121.85767986176248,48.279157007466836],[-121.84788452784693,48.27925159238019],[-121.84990413816763,48.277793569244245],[-121.85016967659114,48.27575077584516],[-121.85761047754723,48.275754811958286],[-121.85708941410905,48.24061991833424],[-121.85705603425467,48.23971662330496],[-121.8566304242321,48.23970010059939],[-121.85715389160107,48.224770958352366],[-121.74942926638714,48.2252315621814],[-121.74941280587635,48.21066278769077]]]},"properties":{"COUNTY":"Snohomish","PRECCODE":83914034,"PRECNAME":"Hazel","PRECINCT":"Snohomish 83914034","DESCRIPTIO":"Darrington Rural Far West (Hazel, Whitehorse, Swede Heaven)","OFFICE":"PUD Commissioner District 1","JURISDICTION":"Public Utility","RACE":"Snohomish County PUD Commissioner District 1","Name_1":"Sid Logan","Party_1":"None_1","Votes_1":"222","Name_2":"Bruce King","Party_2":"None_3","Votes_2":"98","Name_3":"Janet St Clair","Party_3":"None_2","Votes_3":"65","Name_4":"Write-In","Party_4":"None_4","Votes_4":"3","Name_5":null,"Party_5":null,"Votes_5":"0","Name_6":null,"Party_6":null,"Votes_6":"0","Name_7":null,"Party_7":null,"Votes_7":"0","Votes_total":"388","Pct_1":57.22,"Pct_2":25.26,"Pct_3":16.75,"Pct_4":0.77,"Pct_5":0,"Pct_6":0,"Pct_7":0,"Margin":31.96}},
{"type":"Feature","geometry":{"type":"Polygon","coordinates":[[[-121.85745670327947,48.03631626582396],[-121.692021796776,48.03666341441263],[-121.55936267183446,48.036288411493175],[-121.45388382913123,48.03665666599603],[-121.45322476246685,48.12472369008598],[-121.56278538162742,48.124447953890595],[-121.65436793234048,48.12462236843363],[-121.66629889809774,48.12451964671921],[-121.70978702326907,48.12459232413475],[-121.7064803349997,48.21096194357391],[-121.74941280587635,48.21066278769077],[-121.83911581444201,48.210407737522665],[-121.8394761824631,48.18034128991808],[-121.92501672846001,48.18127361965255],[-121.93811387178879,48.181127451070736],[-121.94773421552387,48.181055754556034],[-121.9475507193195,48.16706579891446],[-121.92573880909517,48.16688895302983],[-121.9266723144466,48.152350156025626],[-121.94794918492028,48.15243968011587],[-121.95833447108318,48.15323669283967],[-121.96705973609843,48.15317619492354],[-121.96787259422578,48.12468184454065],[-121.95822117791408,48.12446638967762],[-121.94738449247906,48.12411400002788],[-121.93704410721224,48.123999413538655],[-121.90397674353382,48.12360313726761],[-121.90405844198936,48.12127842834964],[-121.90596943377203,48.11910595387453],[-121.90781964057,48.118861201620454],[-121.90974207510706,48.115851844810265],[-121.90421441153056,48.115238389172276],[-121.90417924076459,48.1097041549134],[-121.90525097763003,48.110451963515644],[-121.90588138608432,48.11030274497966],[-121.90678260560067,48.10841477524884],[-121.90772175210829,48.10790744995779],[-121.90903897892632,48.1057310394024],[-121.91033470020373,48.10475898849864],[-121.91518197121364,48.104063595178445],[-121.91861009926801,48.101755022764266],[-121.92122198553128,48.100590057025144],[-121.92491915203237,48.100403682510226],[-121.92544050003094,48.10011402508245],[-121.92586514993253,48.09823136537723],[-121.92694612679043,48.09712005456665],[-121.92986309978679,48.09552651346589],[-121.93191311820486,48.09507631720632],[-121.93708668216782,48.09667796387803],[-121.93923377588078,48.09789182529529],[-121.93958641857908,48.09916218075178],[-121.93841527245435,48.10080601578835],[-121.93933351443636,48.10153887983305],[-121.94557189360502,48.10341057177335],[-121.94694992855604,48.103535504650345],[-121.94771158444614,48.103526063131184],[-121.94750791669269,48.09453045878016],[-121.95043063579959,48.094488792274426],[-121.95306096924784,48.09299776777803],[-121.9531884464213,48.08355914074593],[-121.95605448814364,48.08352695980371],[-121.95368060908713,48.08069367558475],[-121.95313146480126,48.08069988803659],[-121.95309741601505,48.07946167540553],[-121.95452329252387,48.07943979400237],[-121.95251867854407,48.077821034859625],[-121.95055944553535,48.076922000021376],[-121.94706982234685,48.07579180819588],[-121.94415040207208,48.075367628475625],[-121.94296071323598,48.073788797417805],[-121.93665551825714,48.06864572212952],[-121.93546891535748,48.069586027183014],[-121.93512187259878,48.07124429045574],[-121.93145488419883,48.07322873597657],[-121.92990108537498,48.07468175367777],[-121.92650581546727,48.07425849997644],[-121.92390503155517,48.07290555282491],[-121.92153821075938,48.06942675221875],[-121.91832571613956,48.06775519194922],[-121.91796117704672,48.067123944258405],[-121.91402391814171,48.065426382636886],[-121.91101260205552,48.06526028980272],[-121.91355706120328,48.06293330666242],[-121.90915483886086,48.065049900652255],[-121.90520035564766,48.06547860266488],[-121.90271600816601,48.06510620359486],[-121.90131342071871,48.06440686108866],[-121.90167934547162,48.06395571240483],[-121.90131462013024,48.06362522543127],[-121.89754393841692,48.06319673329407],[-121.89477392514753,48.062126494202325],[-121.89130177275365,48.06253560707479],[-121.88664458012393,48.05944405799458],[-121.88242977113339,48.05575694437368],[-121.87919488184741,48.05479142397051],[-121.87374569908833,48.05214926255802],[-121.87274007160319,48.05208811984524],[-121.8727957448321,48.051451814385054],[-121.87142627255608,48.04961574865541],[-121.87255088106988,48.04688252794608],[-121.86986354654857,48.04451526935687],[-121.87027677957482,48.04122354437468],[-121.86838440214012,48.0403053881136],[-121.86596193400318,48.037945247637474],[-121.86238346504489,48.03687251739627],[-121.85745670327947,48.03631626582396]]]},"properties":{"COUNTY":"Snohomish","PRECCODE":83914035,"PRECNAME":"Robe","PRECINCT":"Snohomish 83914035","DESCRIPTIO":"Granite Falls Rural East (Robe, Waite Mill, Verlot)","OFFICE":"PUD Commissioner District 1","JURISDICTION":"Public Utility","RACE":"Snohomish County PUD Commissioner District 1","Name_1":"Sid Logan","Party_1":"None_1","Votes_1":"86","Name_2":"Bruce King","Party_2":"None_3","Votes_2":"33","Name_3":"Janet St Clair","Party_3":"None_2","Votes_3":"29","Name_4":null,"Party_4":null,"Votes_4":"0","Name_5":null,"Party_5":null,"Votes_5":"0","Name_6":null,"Party_6":null,"Votes_6":"0","Name_7":null,"Party_7":null,"Votes_7":"0","Votes_total":"148","Pct_1":58.11,"Pct_2":22.3,"Pct_3":19.59,"Pct_4":0,"Pct_5":0,"Pct_6":0,"Pct_7":0,"Margin":35.81}},
{"type":"Feature","geometry":{"type":"Polygon","coordinates":[[[-122.11874733096846,48.20069528096105],[-122.11821489844016,48.20055977143881],[-122.11700726258353,48.20149016973234],[-122.11701726334026,48.204089095910255],[-122.11594113268576,48.205733082191706],[-122.11423319853908,48.206941562628856],[-122.10890539744102,48.20831510048253],[-122.10673449939536,48.20686342377983],[-122.10726590946739,48.205755644416385],[-122.10831483767825,48.205236905663476],[-122.10806155014328,48.20391204991499],[-122.10735798209566,48.20336661880492],[-122.10479573653402,48.202933917761136],[-122.10359200115484,48.20222802984367],[-122.10219555920219,48.19890406074017],[-122.10243067467133,48.197068224154464],[-122.1014739568507,48.195188633785044],[-122.09701748949372,48.19320426463028],[-122.08895152626637,48.192123648691926],[-122.08136103944898,48.19266998397247],[-122.07781391172063,48.19196154684322],[-122.07697294150238,48.191415448049135],[-122.07689178173283,48.18519460735065],[-122.07808474577297,48.18377103018434],[-122.07954039867988,48.18308253422663],[-122.0847995464412,48.18408305888252],[-122.08790516518849,48.18410518854435],[-122.08878151237454,48.18389574426273],[-122.08897247163058,48.18275371923964],[-122.08570913877202,48.17883783205912],[-122.07086260704592,48.169838355717026],[-122.0704168435286,48.1686857320711],[-122.0676237926225,48.16623331426929],[-122.06745867916398,48.16607726770071],[-122.06701030275939,48.166093644118625],[-122.05386268298065,48.16602236414894],[-122.04357185900054,48.16646078305853],[-122.00819973364727,48.16536594392767],[-121.98761178750449,48.1668058069198],[-121.96663249506426,48.16741246078582],[-121.9661713204892,48.18321405426658],[-121.96611785282435,48.18457973393731],[-121.96609177491483,48.185932635429815],[-121.96600594115445,48.18878501667097],[-121.96997540828737,48.188696187124],[-121.97341545694185,48.18863105887944],[-121.97537808322824,48.189472895145364],[-121.97667713169808,48.19142530849872],[-121.97626144599597,48.19283194567662],[-121.97689082315743,48.19352223585689],[-121.98115475963607,48.19450909659772],[-121.98534375418913,48.193400581235544],[-121.99068710308454,48.19524391957476],[-121.9936314554821,48.195453737947226],[-121.99461633160438,48.196644122632634],[-121.99628351358567,48.19674543633892],[-121.99718623443776,48.19511618171026],[-121.99928917372313,48.19472486349907],[-122.00619440721299,48.196495621769024],[-122.00880737775151,48.19767545574414],[-122.01225766415502,48.19722660869279],[-122.01332817552738,48.19766029717274],[-122.01417229779989,48.19877117025654],[-122.0156156684813,48.198028706266285],[-122.0259224869921,48.19640796047731],[-122.0281942352353,48.19689126106801],[-122.03153081477214,48.19676327256783],[-122.03102274547099,48.19810262790566],[-122.03121420687494,48.19833384655514],[-122.03295782005596,48.199310818534585],[-122.03378564371154,48.19930835650513],[-122.03604933388223,48.20101684560776],[-122.03612518687355,48.201871189112566],[-122.07135898769008,48.20195788663069],[-122.07521116856994,48.20196299895588],[-122.07617041631197,48.20200867900157],[-122.08448462393648,48.20232557575045],[-122.0904104433209,48.2036904544215],[-122.09181559301227,48.20517505508997],[-122.09150327050692,48.20781201784266],[-122.09209508337267,48.209242527554025],[-122.09350593567362,48.20980070218698],[-122.09734955024463,48.21016279182599],[-122.09938266848393,48.21154256140666],[-122.09974607378203,48.21155792715385],[-122.10483756642527,48.21103495233788],[-122.10743481916109,48.210070297074544],[-122.11345891592002,48.20870930964078],[-122.11701201845116,48.208439615115594],[-122.1175581740842,48.20298167420697],[-122.11836083709244,48.20100469548765],[-122.11856395246127,48.20080382631465],[-122.11874733096846,48.20069528096105]]]},"properties":{"COUNTY":"Snohomish","PRECCODE":83914053,"PRECNAME":"Jim Creek","PRECINCT":"Snohomish 83914053","DESCRIPTIO":"Arlington Heights South (River Meadows Park, Porter Creek)","OFFICE":"PUD Commissioner District 1","JURISDICTION":"Public Utility","RACE":"Snohomish County PUD Commissioner District 1","Name_1":"Sid Logan","Party_1":"None_1","Votes_1":"150","Name_2":"Bruce King","Party_2":"None_3","Votes_2":"71","Name_3":"Janet St Clair","Party_3":"None_2","Votes_3":"53","Name_4":"Write-In","Party_4":"None_4","Votes_4":"3","Name_5":null,"Party_5":null,"Votes_5":"0","Name_6":null,"Party_6":null,"Votes_6":"0","Name_7":null,"Party_7":null,"Votes_7":"0","Votes_total":"277","Pct_1":54.15,"Pct_2":25.63,"Pct_3":19.13,"Pct_4":1.08,"Pct_5":0,"Pct_6":0,"Pct_7":0,"Margin":28.52}},
{"type":"Feature","geometry":{"type":"Polygon","coordinates":[[[-122.02099868377323,48.11039348299082],[-122.02050243019917,48.11259821161688],[-122.02108396465883,48.11342755793433],[-122.02309114800737,48.11402787048851],[-122.02624679338581,48.11394229067518],[-122.02751387072036,48.115220292615376],[-122.02701077149882,48.11771608248046],[-122.02802763381885,48.12009574852226],[-122.02809107803277,48.121706084850246],[-122.02734299104394,48.12377029121714],[-122.02601414247857,48.12436558168896],[-122.02508121860727,48.1258356306465],[-122.02591478952465,48.12688433031141],[-122.02840273306084,48.126911351834096],[-122.02913423838255,48.12781560946454],[-122.02852097974406,48.12920602193518],[-122.02725425060682,48.13016780659018],[-122.02581656774078,48.13031484510583],[-122.02140783924776,48.12918431888648],[-122.01513138839873,48.12667184959153],[-122.01329707146272,48.126730363974104],[-122.01282368681719,48.12760750224227],[-122.01333732303604,48.12848770449345],[-122.01956855494956,48.13240995833671],[-122.02186599806944,48.13364371248844],[-122.0239405793419,48.13446745080207],[-122.03269819783114,48.138064312724474],[-122.05445060782318,48.13798251728],[-122.05443886815983,48.134269452048926],[-122.05441385618147,48.13286879935784],[-122.05313465500558,48.13111772647265],[-122.05108630678455,48.12921753880237],[-122.04607837033522,48.12504212083739],[-122.04590658371448,48.12379000828151],[-122.04539248111743,48.12354487273988],[-122.04523004488952,48.123525458136896],[-122.04230682482681,48.12356034385017],[-122.04098006155732,48.12350873675735],[-122.04071018514558,48.12335350806106],[-122.03678570272653,48.11985816429926],[-122.03478797873122,48.11798755478094],[-122.03313878179262,48.11624826311875],[-122.03282206621594,48.11589537210569],[-122.0326200367424,48.11564239099992],[-122.03243634076192,48.11538074943313],[-122.03228817779737,48.11512935277025],[-122.03183697021831,48.114084588266316],[-122.03174985169376,48.11390828868576],[-122.03155480042379,48.11358300566807],[-122.03135068170623,48.11327861334869],[-122.02366859140558,48.10285810794305],[-122.0224436807377,48.10153328172954],[-122.02207229535857,48.1013865242661],[-122.01807486113076,48.10132144830712],[-122.0144623447015,48.10271449411672],[-122.01415247125273,48.1049785394374],[-122.01174118407795,48.10496748411966],[-122.00689488383017,48.100891976175895],[-122.00315465215353,48.10023142314065],[-122.00183984912667,48.09777540902428],[-121.99710623410668,48.09760669813773],[-121.98825532151356,48.09385502733605],[-121.98476682984952,48.093254238426645],[-121.98356425514763,48.09348819105616],[-121.98221452068759,48.09343187293269],[-121.98026987955669,48.09165268522574],[-121.98033634007213,48.090892150498725],[-121.9801304206123,48.091109428234184],[-121.97994612876775,48.09131021059363],[-121.97930139558547,48.091600749879774],[-121.97811697062362,48.091845088549064],[-121.97761746408314,48.09208790602192],[-121.9751325301522,48.09417411100593],[-121.97499647415043,48.09417512064202],[-121.97429668264822,48.09551726478255],[-121.97809992971472,48.095638956302025],[-121.98135322282089,48.0964259041323],[-121.98246300235874,48.09751070481682],[-121.98243404523944,48.10066399773704],[-121.98332007853054,48.10146135301816],[-121.98588066480866,48.10216257797444],[-121.9947533514699,48.101874965209035],[-121.99909109494756,48.10087949767516],[-122.00635885028187,48.10116896282265],[-122.0134817016472,48.1072150182658],[-122.01933276713676,48.108516015900356],[-122.02057408594413,48.10935560256187],[-122.02099868377323,48.11039348299082]]]},"properties":{"COUNTY":"Snohomish","PRECCODE":83914057,"PRECNAME":"Outlook","PRECINCT":"Snohomish 83914057","DESCRIPTIO":"Granite Falls Rural North (Indian Summer Park, Stehr Road)","OFFICE":"PUD Commissioner District 1","JURISDICTION":"Public Utility","RACE":"Snohomish County PUD Commissioner District 1","Name_1":"Sid Logan","Party_1":"None_1","Votes_1":"99","Name_2":"Bruce King","Party_2":"None_3","Votes_2":"45","Name_3":"Janet St Clair","Party_3":"None_2","Votes_3":"41","Name_4":null,"Party_4":null,"Votes_4":"0","Name_5":null,"Party_5":null,"Votes_5":"0","Name_6":null,"Party_6":null,"Votes_6":"0","Name_7":null,"Party_7":null,"Votes_7":"0","Votes_total":"185","Pct_1":53.51,"Pct_2":24.32,"Pct_3":22.16,"Pct_4":0,"Pct_5":0,"Pct_6":0,"Pct_7":0,"Margin":29.19}},
{"type":"Feature","geometry":{"type":"Polygon","coordinates":[[[-122.01307742898754,48.26733183967871],[-122.0119974622333,48.266974229797974],[-122.00970110697772,48.26724837480997],[-122.00958363743045,48.25357568907357],[-121.92332548074711,48.25369913309299],[-121.92244790216223,48.2102563268373],[-121.92411491119157,48.210263933817394],[-121.93889472391209,48.21010496363645],[-121.96537786757754,48.210135385596956],[-121.9658628714902,48.19441641178279],[-121.96609177491483,48.185932635429815],[-121.96611785282435,48.18457973393731],[-121.96621278475615,48.18167568442844],[-121.96506534138341,48.181624689803385],[-121.9616996879546,48.181532657187745],[-121.93811387178879,48.181127451070736],[-121.92501672846001,48.18127361965255],[-121.8394761824631,48.18034128991808],[-121.83911581444201,48.210407737522665],[-121.74941280587635,48.21066278769077],[-121.74942926638714,48.2252315621814],[-121.85715389160107,48.224770958352366],[-121.8566304242321,48.23970010059939],[-121.85705603425467,48.23971662330496],[-121.85708941410905,48.24061991833424],[-121.85761047754723,48.275754811958286],[-121.85016967659114,48.27575077584516],[-121.84990413816763,48.277793569244245],[-121.84788452784693,48.27925159238019],[-121.85767986176248,48.279157007466836],[-121.85798644741713,48.297485424309954],[-121.87863366945726,48.29776841435279],[-121.94999417330054,48.29739451293468],[-121.99618021928521,48.29756022402021],[-121.99393295977629,48.296934652544216],[-121.9927670491365,48.296158694309185],[-121.98478814399101,48.295430731930495],[-121.98413697278698,48.29485970525205],[-121.98540393017392,48.29490471320384],[-121.98560887415488,48.29456271159839],[-121.98396498682204,48.29392269283516],[-121.98653277137066,48.29346473320038],[-121.98790292594735,48.29382970190679],[-121.98921094855059,48.29339568268266],[-121.98813985546032,48.29258171614881],[-121.98757096149369,48.289022690341774],[-121.99106124436356,48.28519370895382],[-121.99276979648089,48.28440770081071],[-121.99199489751255,48.28369865451372],[-121.98960181962052,48.283066672958185],[-121.98957585832926,48.282483663190135],[-121.98844979003212,48.282388715132264],[-121.98812981678087,48.27356970548281],[-121.98982917494669,48.2735306506883],[-121.99492176146157,48.2746016939152],[-121.99714310881842,48.27442070525706],[-121.99811490889637,48.27403572104837],[-121.99858806308619,48.27382472082991],[-121.99904925990813,48.27358471028222],[-122.00440214982765,48.270346699331654],[-122.01073897801702,48.26814370267242],[-122.01307742898754,48.26733183967871]]]},"properties":{"COUNTY":"Snohomish","PRECCODE":83914060,"PRECNAME":"Oso","PRECINCT":"Snohomish 83914060","DESCRIPTIO":"Arlington Rural Farthest Northeast (Oso), Darrington Rural Farther West (Whitman Road)","OFFICE":"PUD Commissioner District 1","JURISDICTION":"Public Utility","RACE":"Snohomish County PUD Commissioner District 1","Name_1":"Sid Logan","Party_1":"None_1","Votes_1":"107","Name_2":"Janet St Clair","Party_2":"None_2","Votes_2":"45","Name_3":"Bruce King","Party_3":"None_3","Votes_3":"25","Name_4":null,"Party_4":null,"Votes_4":"0","Name_5":null,"Party_5":null,"Votes_5":"0","Name_6":null,"Party_6":null,"Votes_6":"0","Name_7":null,"Party_7":null,"Votes_7":"0","Votes_total":"177","Pct_1":60.45,"Pct_2":25.42,"Pct_3":14.12,"Pct_4":0,"Pct_5":0,"Pct_6":0,"Pct_7":0,"Margin":35.03}},
{"type":"Feature","geometry":{"type":"Polygon","coordinates":[[[-121.65436793234048,48.12462236843363],[-121.56278538162742,48.124447953890595],[-121.45322476246685,48.12472369008598],[-121.45388382913123,48.03665666599603],[-121.26420542445976,48.03612515611788],[-121.1679531868481,48.03649033670002],[-121.16791091902972,48.033438064859986],[-121.14863242818353,48.03341675889911],[-121.15239931153616,48.03860903395076],[-121.15293959375103,48.04062032614925],[-121.14874778377262,48.041926640935586],[-121.14314870740307,48.04251202096467],[-121.13828204627401,48.04426636411272],[-121.13164319616158,48.04441403029384],[-121.1305315660217,48.045185792839774],[-121.12899608490012,48.0476229277195],[-121.12198169700221,48.050974415716915],[-121.12044302412875,48.052298431007436],[-121.1175268742418,48.05697300870432],[-121.11621448427593,48.05738891643213],[-121.11226369972177,48.05727616325593],[-121.10804459717016,48.056591050912175],[-121.10652228252705,48.05704898522704],[-121.1048648459521,48.057575324740576],[-121.10388659083803,48.05837263997157],[-121.09965686878793,48.06275497086154],[-121.09498739266849,48.06403771503782],[-121.09048157697862,48.06425230080567],[-121.08477498079672,48.06144841687125],[-121.08297786730967,48.061179741666464],[-121.08108166614664,48.061456446626515],[-121.07936356678186,48.063281368672584],[-121.07195891380968,48.06697251721567],[-121.06424240108528,48.06919160020225],[-121.0572293384842,48.06965970371202],[-121.05322904408816,48.06939492335876],[-121.05024779275746,48.06962770063374],[-121.04384080079903,48.07219613840609],[-121.04125977639528,48.0727031141888],[-121.03685173679337,48.0757850444629],[-121.03351878421914,48.07721051039855],[-121.02928395110443,48.07764932475729],[-121.0254868645602,48.07742863498283],[-121.01890306220767,48.07509995096826],[-121.01595472643343,48.07480047040121],[-121.01117363801929,48.07918218811542],[-121.00671329269795,48.08018190075074],[-121.00468012749845,48.08143167911873],[-121.00248535278195,48.08473589257978],[-120.99957102960232,48.08719624785946],[-120.99878760309596,48.08882318473526],[-120.99779290126139,48.08917156799738],[-120.99494276321089,48.08876192323263],[-120.99203676838974,48.0892997717747],[-120.98895273207634,48.09051841942638],[-120.98648979497085,48.092870484460676],[-120.98469769737376,48.09311307279534],[-120.9813238923194,48.09438415255354],[-120.98046276782124,48.09519473350224],[-120.98041174102525,48.098107502098294],[-120.97779903787595,48.10113762888341],[-120.976128746131,48.101700925926465],[-120.97222092724385,48.10405395222946],[-120.9714090230081,48.10616381048135],[-120.97249446949544,48.10853926218176],[-120.97124981769947,48.10919029426144],[-120.96886454220035,48.10883666969005],[-120.96375430042961,48.10972701506589],[-120.96013978292746,48.10843919404925],[-120.95617462091347,48.10807787212213],[-120.95478119024051,48.10864236101734],[-120.95296020911461,48.111290026607975],[-120.94876928943674,48.112098130367954],[-120.94711311212646,48.113332622923025],[-120.94632454658456,48.1151855307579],[-120.9490710525419,48.115684123270995],[-120.9526408511841,48.117228996520424],[-120.95345408619232,48.119017912503],[-120.95540429583883,48.12026960006523],[-120.95674571380711,48.12264646451468],[-120.9557364067896,48.12521225134598],[-120.95829855116274,48.12920809951785],[-120.96157295070564,48.13045180746979],[-120.96472774843555,48.13290843565506],[-120.96522853723626,48.13396765164659],[-120.96376160392578,48.13546027609347],[-120.96563139009398,48.140338594537766],[-120.96442937026218,48.14298896830356],[-120.95525345415962,48.14844354151213],[-120.95557882528527,48.15198663629044],[-120.95383324184408,48.15291453672924],[-120.95054061867216,48.153208864331916],[-120.94701142590321,48.15492163140123],[-120.94353891575724,48.15547087980316],[-120.93828783323393,48.1550740145481],[-120.93665454392844,48.15602288244692],[-120.93322833938966,48.15677720658551],[-120.93321613282434,48.15787692060346],[-120.93426667229548,48.159509839685796],[-120.93331203849641,48.16084767388175],[-120.93195780227592,48.16162643947752],[-120.92340427310485,48.16041279064219],[-120.92145659396814,48.16077444216913],[-120.91983709223706,48.16046641404219],[-120.91691243453658,48.15910596244735],[-120.91471951807515,48.15887237967898],[-120.91179294326224,48.16047578064484],[-120.90936746276242,48.16266679193263],[-120.90742955958325,48.16318668258668],[-120.90741207678643,48.16563127559247],[-120.90983341604091,48.17015442700289],[-120.91055575503998,48.17359713747343],[-120.91356479931821,48.17674486194332],[-120.91558633463653,48.18050958547228],[-120.92060066559588,48.18731653330006],[-120.91928422685459,48.1903943117847],[-120.92136477415002,48.19154709162925],[-120.92555113813971,48.191782222279315],[-120.92871606441147,48.19362583450345],[-120.93267424157962,48.197143620345415],[-120.93533346578936,48.198270716768505],[-120.93789575667327,48.198554371053625],[-120.94243020330194,48.20020403178504],[-120.94703852427355,48.201054434029345],[-120.94845766239447,48.20234666625277],[-120.94846508732093,48.2036030363237],[-120.94981801385633,48.20503743722283],[-120.94980826109668,48.205937282468916],[-120.95158870057816,48.207316402598046],[-120.95231876495731,48.20911874689923],[-120.95671802114049,48.20961072242055],[-120.95874113820292,48.21030577118789],[-120.96094870942686,48.2099018291069],[-120.96352760064906,48.210584954928905],[-120.96478145621869,48.21133362126005],[-120.96553124283086,48.21522139358745],[-120.96504964382859,48.216361214981326],[-120.9657614078617,48.21779230253855],[-120.96359885271018,48.220095922326635],[-120.96187068383531,48.22372897669428],[-120.96209283462565,48.2250009497023],[-120.96034548502936,48.2263773948231],[-120.95986071192499,48.22777479222206],[-120.9627443046368,48.23017296572386],[-120.96502779170035,48.23065447379283],[-120.96797702884673,48.23289601485784],[-120.97315046381799,48.235303906208635],[-120.97437711364222,48.238765522599664],[-120.97774459811004,48.24203625291968],[-120.97823883361895,48.243938003051134],[-120.9812492878045,48.24666407455197],[-120.98250441278311,48.251346889703285],[-120.9859143815163,48.25361203922813],[-120.99042455948288,48.25563478725105],[-120.99234246581982,48.25724840175991],[-120.99474977316967,48.26057425793112],[-120.99669639004841,48.2622397563856],[-120.99928818647076,48.26325623817512],[-121.00373711151627,48.26713139968429],[-121.00565113418975,48.27008879254658],[-121.00467437528992,48.27116174485096],[-121.00571575131816,48.27221429913235],[-121.0049596323924,48.27266079833715],[-121.00450182642498,48.273908245986576],[-121.00509657988117,48.27431940889387],[-121.0061185111934,48.27430066338815],[-121.00898857177839,48.27689959434582],[-121.01127637451192,48.27819741921571],[-121.01210678696512,48.27991534157768],[-121.011216488824,48.28165776780431],[-121.01100126736941,48.28370274495777],[-121.00904011667629,48.284765250317115],[-121.00439216546387,48.28537172051726],[-121.00251394874903,48.286266260613345],[-121.00299300240857,48.286895876962284],[-121.00066053675313,48.290539428614125],[-121.00069856180959,48.29448713539707],[-121.00167102354827,48.2960155154684],[-121.18377556928101,48.296014996295256],[-121.49994363335796,48.29587497584709],[-121.57757604921707,48.29736945964038],[-121.57758963075457,48.29897967673458],[-121.63641964687248,48.298493544826385],[-121.63610226779224,48.2963590015065],[-121.63669641930314,48.29468295095526],[-121.63359375460244,48.29175854049431],[-121.63426995985415,48.28967885816472],[-121.63322920668818,48.28793706442262],[-121.635456713473,48.286363785465475],[-121.63921444600462,48.285563049148585],[-121.64357855751713,48.27764258516909],[-121.64370915882871,48.27563803331069],[-121.64511990797043,48.27560994583953],[-121.64786085810954,48.276431113819484],[-121.65050151579086,48.27410474876894],[-121.65122480882003,48.272364127194194],[-121.65636767564065,48.26934956185741],[-121.65737633717177,48.26708093286056],[-121.65954037004599,48.26667316011173],[-121.66129016951072,48.26687032302256],[-121.66056918308608,48.26617806336395],[-121.6571234235343,48.26471988540224],[-121.65720958505369,48.26250744863895],[-121.6592015712083,48.259741220281235],[-121.6562050623434,48.25644080748868],[-121.65083786617917,48.255531928084],[-121.64935010669689,48.25448864835194],[-121.64708615776185,48.254165320134696],[-121.64542604452481,48.25302074641547],[-121.64570809818532,48.25122508956842],[-121.64196753847555,48.25050555983953],[-121.64158718940898,48.24948498856557],[-121.63932836626222,48.24852229084234],[-121.63793137086802,48.24849667345098],[-121.63738001387578,48.24723038135663],[-121.6348334639259,48.24547278997483],[-121.6353654761237,48.24511004507326],[-121.63492801710794,48.24433118150561],[-121.636501161512,48.243423346891845],[-121.63727212563317,48.23954551833502],[-121.63908816813615,48.23810985174225],[-121.63817503714048,48.23453600018914],[-121.63851380635612,48.23274938188663],[-121.63790537544428,48.231824712560595],[-121.6355055610846,48.23133736826884],[-121.63308470686322,48.230219931735384],[-121.63204200979987,48.22797584300456],[-121.6322467907398,48.22696188772072],[-121.63014421715499,48.22541648643728],[-121.63002296910395,48.22361508291547],[-121.62777535427756,48.219107738866654],[-121.62842207453677,48.218251970499544],[-121.62748036363814,48.216774146398585],[-121.62715267558383,48.214313557788905],[-121.62902877006772,48.21205990075537],[-121.6289978304515,48.21055702876627],[-121.62968019662131,48.21002500980483],[-121.62998351331565,48.20868816659798],[-121.62858461175861,48.20535180799034],[-121.62996140174343,48.20368533617508],[-121.62990792189528,48.20241658366243],[-121.63257957624843,48.19970449621743],[-121.63340403097142,48.19741084961834],[-121.63459379591937,48.196857622016466],[-121.63516014307396,48.195704406194174],[-121.63766634068176,48.194447607267385],[-121.63905813065351,48.19184530366521],[-121.64152586054483,48.19128981677364],[-121.64413643493381,48.189395005472335],[-121.64589621154003,48.186240268957036],[-121.64934802407824,48.18416616441344],[-121.65102277416193,48.18243151636261],[-121.65238083791265,48.17902833840929],[-121.65223864552938,48.17559838990736],[-121.6544571544507,48.17338433952356],[-121.65683774534966,48.172827337862266],[-121.65675871674077,48.17134596048279],[-121.6617304859976,48.16936064283041],[-121.66491320140659,48.16897152061169],[-121.66766418220782,48.16720193258526],[-121.67617117334915,48.16699881616721],[-121.68360274444687,48.16477260456588],[-121.6852988299981,48.16328941239774],[-121.68319243873107,48.157294600424436],[-121.68015890151347,48.15296895558753],[-121.67982169757003,48.14990232593179],[-121.6785254492085,48.14658693044043],[-121.67809474212906,48.14364880376244],[-121.6809733786154,48.1385763038314],[-121.67674327533099,48.136944945453166],[-121.6719484495076,48.13582910198882],[-121.66867298697035,48.13412648460201],[-121.66883021023128,48.1320153246343],[-121.67004758201196,48.13053582206932],[-121.66915707780188,48.128624015026716],[-121.66190639265476,48.12455996253734],[-121.65436793234048,48.12462236843363]],[[-121.59904139612941,48.240684342994136],[-121.6099036584377,48.24058807474068],[-121.61001810152189,48.24789088887866],[-121.61104387228966,48.247881969308715],[-121.61107090015788,48.24957086632587],[-121.61191347196167,48.24849850085199],[-121.61548248278064,48.24801476653811],[-121.61568297825679,48.2580086763892],[-121.61689439210474,48.25801893972759],[-121.61691908834369,48.25881705040221],[-121.61995976667116,48.26030465133812],[-121.61928807586608,48.26156284886841],[-121.61724743133904,48.26106029852126],[-121.61729281383842,48.26252604731294],[-121.6158227089185,48.26253247615803],[-121.61599029848874,48.26669739034509],[-121.61043492650049,48.26500814069318],[-121.61049037584485,48.26681726479904],[-121.61421767854635,48.26796291670729],[-121.61490201604373,48.26696711193653],[-121.61601489303963,48.26730854219746],[-121.61611222053365,48.269726953342776],[-121.59484661284881,48.2698060859521],[-121.59480540757497,48.268557130677],[-121.59558958803717,48.26787863323807],[-121.59574985086692,48.26666868904936],[-121.59569233392959,48.26443273544764],[-121.59450161985457,48.26193735592586],[-121.59520607164964,48.26067902033816],[-121.59071766821575,48.258102466364335],[-121.59045980028537,48.258015322388815],[-121.59026489135144,48.257917225928495],[-121.58985731205439,48.25742079478278],[-121.58985208056409,48.25692600456768],[-121.59032753519969,48.25656118676338],[-121.59100686628096,48.25624223135207],[-121.59255000109309,48.25538009558683],[-121.5943672206641,48.25535782841947],[-121.5948857774474,48.251129429309984],[-121.59755315781118,48.25108313001933],[-121.59739538415111,48.2482901221508],[-121.59401669254636,48.248074231433904],[-121.59397614710423,48.247276060956885],[-121.59050179612494,48.24543683796405],[-121.58781600824716,48.24288463522309],[-121.58856511941755,48.24247279701776],[-121.58875245140419,48.24087263636934],[-121.59904139612941,48.240684342994136]]]},"properties":{"COUNTY":"Snohomish","PRECCODE":83914211,"PRECNAME":"Sauk","PRECINCT":"Snohomish 83914211","DESCRIPTIO":"Darrington Rural (Sauk Prairie, Clear Creek, Whitehorse Park)","OFFICE":"PUD Commissioner District 1","JURISDICTION":"Public Utility","RACE":"Snohomish County PUD Commissioner District 1","Name_1":"Sid Logan","Party_1":"None_1","Votes_1":"76","Name_2":"Bruce King","Party_2":"None_3","Votes_2":"55","Name_3":"Janet St Clair","Party_3":"None_2","Votes_3":"31","Name_4":"Write-In","Party_4":"None_4","Votes_4":"1","Name_5":null,"Party_5":null,"Votes_5":"0","Name_6":null,"Party_6":null,"Votes_6":"0","Name_7":null,"Party_7":null,"Votes_7":"0","Votes_total":"163","Pct_1":46.63,"Pct_2":33.74,"Pct_3":19.02,"Pct_4":0.61,"Pct_5":0,"Pct_6":0,"Pct_7":0,"Margin":12.89}},
{"type":"Feature","geometry":{"type":"MultiPolygon","coordinates":[[[[-122.09394474486126,48.166202862881086],[-122.08694380615916,48.16612068166204],[-122.07585595632285,48.16613131959113],[-122.07522839159338,48.153538749076134],[-122.07521060907717,48.151718457009835],[-122.06714407516012,48.1523313492551],[-122.0541043824894,48.15199808885446],[-122.05255005165758,48.15200009865811],[-122.05265321077235,48.152074144594266],[-122.05802971959038,48.15291122779982],[-122.06020150754576,48.153651551233075],[-122.06110201489655,48.155095462056345],[-122.0621955342757,48.162306487522166],[-122.0665810204497,48.165260491826324],[-122.0676237926225,48.16623331426929],[-122.0704168435286,48.1686857320711],[-122.07086260704592,48.169838355717026],[-122.08570913877202,48.17883783205912],[-122.08897247163058,48.18275371923964],[-122.08878151237454,48.18389574426273],[-122.08790516518849,48.18410518854435],[-122.0847995464412,48.18408305888252],[-122.07954039867988,48.18308253422663],[-122.07808474577297,48.18377103018434],[-122.07689178173283,48.18519460735065],[-122.07697294150238,48.191415448049135],[-122.07781391172063,48.19196154684322],[-122.08136103944898,48.19266998397247],[-122.08895152626637,48.192123648691926],[-122.09701748949372,48.19320426463028],[-122.1014739568507,48.195188633785044],[-122.10243067467133,48.197068224154464],[-122.10219555920219,48.19890406074017],[-122.1026779528259,48.19890465338063],[-122.11065952179837,48.198678157103544],[-122.110691522662,48.198563079406675],[-122.11040144816768,48.19728558632977],[-122.10892333408313,48.19597242884365],[-122.10861123065855,48.195003187669734],[-122.1062048753038,48.195085656480614],[-122.10686123826437,48.18976314610704],[-122.10137988102478,48.191163760319554],[-122.10183053464742,48.18798803049423],[-122.1019083888023,48.18715455553557],[-122.1016492753343,48.18682510743749],[-122.10138821565866,48.18640175591677],[-122.10129740703015,48.18610688034099],[-122.09838325609371,48.17220816460196],[-122.09394474486126,48.166202862881086]]],[[[-122.11700726258353,48.20149016973234],[-122.11821489844016,48.20055977143881],[-122.11841455740709,48.200610491809066],[-122.11859362618165,48.20024744511919],[-122.11815654612124,48.20013229049562],[-122.11700667190854,48.19994626139073],[-122.11700726258353,48.20149016973234]]]]},"properties":{"COUNTY":"Snohomish","PRECCODE":83914264,"PRECNAME":"Burn Hill","PRECINCT":"Snohomish 83914264","DESCRIPTIO":"Arlington Rural Far East (Moran Road, Arlington Lavender Farm)","OFFICE":"PUD Commissioner District 1","JURISDICTION":"Public Utility","RACE":"Snohomish County PUD Commissioner District 1","Name_1":"Sid Logan","Party_1":"None_1","Votes_1":"80","Name_2":"Bruce King","Party_2":"None_3","Votes_2":"46","Name_3":"Janet St Clair","Party_3":"None_2","Votes_3":"15","Name_4":null,"Party_4":null,"Votes_4":"0","Name_5":null,"Party_5":null,"Votes_5":"0","Name_6":null,"Party_6":null,"Votes_6":"0","Name_7":null,"Party_7":null,"Votes_7":"0","Votes_total":"141","Pct_1":56.74,"Pct_2":32.62,"Pct_3":10.64,"Pct_4":0,"Pct_5":0,"Pct_6":0,"Pct_7":0,"Margin":24.12}},
{"type":"Feature","geometry":{"type":"Polygon","coordinates":[[[-122.23721807604286,48.23876943773984],[-122.2250769157885,48.23878216821478],[-122.22215956793306,48.23938123490833],[-122.22146909673907,48.239536240224886],[-122.22059276147984,48.23947705422607],[-122.22009670707247,48.239250923000135],[-122.21974179414107,48.238969711853585],[-122.21950140813213,48.23867375557113],[-122.21930314439018,48.23788497988266],[-122.21897480840705,48.23579150273524],[-122.21814829765968,48.234798996018164],[-122.21779850132938,48.23451574765705],[-122.21567601145934,48.23443037149139],[-122.20709032322357,48.239007678063594],[-122.20616350423738,48.2390356924499],[-122.203244793888,48.23837918312061],[-122.2000650690487,48.23901687810792],[-122.19302822864027,48.23870414898773],[-122.18256701576658,48.238762042399735],[-122.16083098172014,48.23893944792003],[-122.15881849789334,48.238944459255585],[-122.1607997272234,48.24202027463603],[-122.15933074297844,48.24330933906995],[-122.16330822628815,48.24864869039783],[-122.16690798886098,48.25490449159826],[-122.1675940005075,48.26231153527065],[-122.1653613800505,48.26463078202993],[-122.16541275165982,48.26514716655841],[-122.16671518130448,48.26648032889766],[-122.16923851441133,48.2668920061189],[-122.17253974517642,48.26888614109419],[-122.17462738632128,48.27120343780527],[-122.18117123121468,48.27611937537298],[-122.18113848975136,48.28036962846586],[-122.18309122073565,48.282424808247114],[-122.19703419903945,48.29334263721586],[-122.20120329683087,48.29763729095361],[-122.20397593990637,48.29762253432169],[-122.20486773786348,48.270825034852926],[-122.20495436417458,48.263821768501685],[-122.2049108013118,48.24630838232172],[-122.23718214672793,48.246038665789165],[-122.23723772753705,48.2389634425818],[-122.23723834564449,48.23879724405821],[-122.23721807604286,48.23876943773984]]]},"properties":{"COUNTY":"Snohomish","PRECCODE":83914296,"PRECNAME":"Kackman","PRECINCT":"Snohomish 83914296","DESCRIPTIO":"Stanwood Rural Farthest East (Loyal Heights Cemetery, Bryant General Store)","OFFICE":"PUD Commissioner District 1","JURISDICTION":"Public Utility","RACE":"Snohomish County PUD Commissioner District 1","Name_1":"Sid Logan","Party_1":"None_1","Votes_1":"95","Name_2":"Bruce King","Party_2":"None_3","Votes_2":"42","Name_3":"Janet St Clair","Party_3":"None_2","Votes_3":"38","Name_4":"Write-In","Party_4":"None_4","Votes_4":"1","Name_5":null,"Party_5":null,"Votes_5":"0","Name_6":null,"Party_6":null,"Votes_6":"0","Name_7":null,"Party_7":null,"Votes_7":"0","Votes_total":"176","Pct_1":53.98,"Pct_2":23.86,"Pct_3":21.59,"Pct_4":0.57,"Pct_5":0,"Pct_6":0,"Pct_7":0,"Margin":30.12}},
{"type":"Feature","geometry":{"type":"Polygon","coordinates":[[[-122.21575166560297,48.20986903361703],[-122.21148693912811,48.20986070399338],[-122.20485954120461,48.20991191827939],[-122.20486097217187,48.20985021218336],[-122.19406620770472,48.21002560409531],[-122.19365833848614,48.231186368085474],[-122.19396204701906,48.232699637656914],[-122.19201212509462,48.23455840942533],[-122.1913160338113,48.23498695780833],[-122.18829911437643,48.23535646283086],[-122.18817301300008,48.23872751439929],[-122.19302822864027,48.23870414898773],[-122.2000650690487,48.23901687810792],[-122.203244793888,48.23837918312061],[-122.20616350423738,48.2390356924499],[-122.20709032322357,48.239007678063594],[-122.21567601145934,48.23443037149139],[-122.21779850132938,48.23451574765705],[-122.21814829765968,48.234798996018164],[-122.21897480840705,48.23579150273524],[-122.21930314439018,48.23788497988266],[-122.21950140813213,48.23867375557113],[-122.21974179414107,48.238969711853585],[-122.22009670707247,48.239250923000135],[-122.22059276147984,48.23947705422607],[-122.22146909673907,48.239536240224886],[-122.22215956793306,48.23938123490833],[-122.2250769157885,48.23878216821478],[-122.23721807604286,48.23876943773984],[-122.23723834564449,48.23879724405821],[-122.23722008309277,48.2381478937338],[-122.23725893380347,48.23513732579416],[-122.23438259993475,48.232240736476214],[-122.22496041940526,48.22595154239081],[-122.22164980317994,48.22307154404686],[-122.21967718933399,48.22019600120294],[-122.21711758510469,48.21354584289084],[-122.21575166560297,48.20986903361703]]]},"properties":{"COUNTY":"Snohomish","PRECCODE":83914326,"PRECNAME":"Tronson","PRECINCT":"Snohomish 83914326","DESCRIPTIO":"Arlington Rural Farthest Northwest (Dahl Road, Stillaguamish River Rock)","OFFICE":"PUD Commissioner District 1","JURISDICTION":"Public Utility","RACE":"Snohomish County PUD Commissioner District 1","Name_1":"Sid Logan","Party_1":"None_1","Votes_1":"140","Name_2":"Bruce King","Party_2":"None_3","Votes_2":"40","Name_3":"Janet St Clair","Party_3":"None_2","Votes_3":"35","Name_4":null,"Party_4":null,"Votes_4":"0","Name_5":null,"Party_5":null,"Votes_5":"0","Name_6":null,"Party_6":null,"Votes_6":"0","Name_7":null,"Party_7":null,"Votes_7":"0","Votes_total":"215","Pct_1":65.12,"Pct_2":18.6,"Pct_3":16.28,"Pct_4":0,"Pct_5":0,"Pct_6":0,"Pct_7":0,"Margin":46.52}},
{"type":"Feature","geometry":{"type":"Polygon","coordinates":[[[-122.03144349311398,48.21394595571829],[-122.03593743336073,48.21283012156485],[-122.0744132231525,48.213022822384474],[-122.07430303547184,48.20960378739201],[-122.07505280099488,48.201964707441256],[-122.07135898769008,48.20195788663069],[-122.03612518687355,48.201871189112566],[-122.03604933388223,48.20101684560776],[-122.03378564371154,48.19930835650513],[-122.03295782005596,48.199310818534585],[-122.03121420687494,48.19833384655514],[-122.03102274547099,48.19810262790566],[-122.03153081477214,48.19676327256783],[-122.0281942352353,48.19689126106801],[-122.0259224869921,48.19640796047731],[-122.0156156684813,48.198028706266285],[-122.01417229779989,48.19877117025654],[-122.01332817552738,48.19766029717274],[-122.01225766415502,48.19722660869279],[-122.00880737775151,48.19767545574414],[-122.00619440721299,48.196495621769024],[-121.99928917372313,48.19472486349907],[-121.99718623443776,48.19511618171026],[-121.99628351358567,48.19674543633892],[-121.99461633160438,48.196644122632634],[-121.9936314554821,48.195453737947226],[-121.99068710308454,48.19524391957476],[-121.98534375418913,48.193400581235544],[-121.98115475963607,48.19450909659772],[-121.97689082315743,48.19352223585689],[-121.97626144599597,48.19283194567662],[-121.97667713169808,48.19142530849872],[-121.97537808322824,48.189472895145364],[-121.97341545694185,48.18863105887944],[-121.96997540828737,48.188696187124],[-121.9660141376159,48.18878485054684],[-121.9658628714902,48.19441641178279],[-121.96537786757754,48.210135385596956],[-121.93889472391209,48.21010496363645],[-121.93085132979256,48.210206853384754],[-121.93365225608855,48.21233731678066],[-121.93664723148596,48.21611663075917],[-121.93731584855722,48.21625783911064],[-121.93988938498474,48.21556187550171],[-121.94179181935503,48.21625399054352],[-121.94296700108924,48.217722356903685],[-121.94432829768543,48.218284020668996],[-121.94529436290235,48.220416132022635],[-121.94788675737601,48.222833223584175],[-121.95244605556739,48.222766901547736],[-121.95387651688604,48.223337892027864],[-121.95612665429363,48.2231148114314],[-121.96191851768941,48.224481423939345],[-121.96409872892191,48.22436605132688],[-121.96696191598218,48.223266966720345],[-121.97017566572627,48.22019159770292],[-121.97065495214456,48.221689603397664],[-121.97220080956241,48.22317912005535],[-121.97819975387046,48.21929141702863],[-121.98339278336013,48.21980820861681],[-121.98526205373238,48.21951253599141],[-121.99161073244004,48.21807847362637],[-121.99427223206398,48.217104013948784],[-121.99748003752208,48.216663382960206],[-122.00204965005747,48.21425535800455],[-122.02622253107603,48.21485298642925],[-122.03144349311398,48.21394595571829]]]},"properties":{"COUNTY":"Snohomish","PRECCODE":83914347,"PRECNAME":"Heights","PRECINCT":"Snohomish 83914347","DESCRIPTIO":"Arlington Heights Center (Arlington Heights Fire Station, Wallitner Road)","OFFICE":"PUD Commissioner District 1","JURISDICTION":"Public Utility","RACE":"Snohomish County PUD Commissioner District 1","Name_1":"Sid Logan","Party_1":"None_1","Votes_1":"131","Name_2":"Bruce King","Party_2":"None_3","Votes_2":"56","Name_3":"Janet St Clair","Party_3":"None_2","Votes_3":"39","Name_4":"Write-In","Party_4":"None_4","Votes_4":"2","Name_5":null,"Party_5":null,"Votes_5":"0","Name_6":null,"Party_6":null,"Votes_6":"0","Name_7":null,"Party_7":null,"Votes_7":"0","Votes_total":"228","Pct_1":57.46,"Pct_2":24.56,"Pct_3":17.11,"Pct_4":0.88,"Pct_5":0,"Pct_6":0,"Pct_7":0,"Margin":32.9}},
{"type":"Feature","geometry":{"type":"Polygon","coordinates":[[[-121.9553127350168,48.1243718727734],[-121.95545647022223,48.124343824060716],[-121.95552956800073,48.124315780365514],[-121.95568971544921,48.12421868750266],[-121.95798174059271,48.12257237314172],[-121.96523925809919,48.11940400513509],[-121.96839769230911,48.118776802174544],[-121.96949577208508,48.117766533184756],[-121.97079089220097,48.117592820732455],[-121.97246328647873,48.117955460981754],[-121.97041609138954,48.11630983820308],[-121.97018306777109,48.11416842764529],[-121.96926213960933,48.11380843962346],[-121.96867425189158,48.11400008255846],[-121.96920348631683,48.11189046167174],[-121.96897101300684,48.111326693465244],[-121.96799448796416,48.1112511776254],[-121.97055766072735,48.1098311063785],[-121.97021145176257,48.10877436801048],[-121.97193020739353,48.107264859127554],[-121.97024451696674,48.10435825911148],[-121.9713674136942,48.10240184811348],[-121.97116910819989,48.09715036067343],[-121.97269825328861,48.09596896857873],[-121.97429668264822,48.09551726478255],[-121.97499647415043,48.09417512064202],[-121.96963939694587,48.09420142224818],[-121.96528026889028,48.09426879469686],[-121.96527427700856,48.09346006356267],[-121.96406620966604,48.09329865047105],[-121.961854237839,48.09378744027422],[-121.96147241563953,48.09432758893519],[-121.95995376750012,48.09794151890484],[-121.95891903276863,48.10008466938149],[-121.95698946652412,48.10138862362273],[-121.95505226511096,48.1020170584123],[-121.95438671238266,48.10230380270399],[-121.95240107322415,48.10340179262649],[-121.95089040162168,48.104069237033656],[-121.949499513864,48.104902709775644],[-121.94926617151756,48.10512086007541],[-121.94889199281506,48.10563125408723],[-121.94874189930887,48.10599491201882],[-121.94867442802311,48.10661082978649],[-121.94902995150842,48.10756657184498],[-121.95035838803379,48.109343903023024],[-121.9507466934595,48.11007281197007],[-121.95110740215483,48.1120083150621],[-121.9507064599667,48.11368354941686],[-121.9493975688504,48.11549047506912],[-121.94714565503664,48.11709828978156],[-121.94664795959388,48.11732481249226],[-121.94612787552332,48.11752753260701],[-121.9455879356352,48.11770546466371],[-121.94503077209505,48.11785773920987],[-121.94445909787905,48.11798361558103],[-121.94387570268832,48.11808248014675],[-121.9432834261669,48.118153851071504],[-121.94268515657579,48.11819738013028],[-121.94217990379778,48.118212124553686],[-121.94213834839219,48.120110459584666],[-121.94070678480537,48.12047304134217],[-121.93857879893564,48.121817992525706],[-121.93710887933575,48.12178489151871],[-121.93704410721224,48.123999413538655],[-121.94738449247906,48.12411400002788],[-121.9553127350168,48.1243718727734]]]},"properties":{"COUNTY":"Snohomish","PRECCODE":83914374,"PRECNAME":"Loop","PRECINCT":"Snohomish 83914374","DESCRIPTIO":"Granite Falls Rural Northeast (Canyon Falls Park, Loop View Drive)","OFFICE":"PUD Commissioner District 1","JURISDICTION":"Public Utility","RACE":"Snohomish County PUD Commissioner District 1","Name_1":"Sid Logan","Party_1":"None_1","Votes_1":"57","Name_2":"Janet St Clair","Party_2":"None_2","Votes_2":"36","Name_3":"Bruce King","Party_3":"None_3","Votes_3":"35","Name_4":null,"Party_4":null,"Votes_4":"0","Name_5":null,"Party_5":null,"Votes_5":"0","Name_6":null,"Party_6":null,"Votes_6":"0","Name_7":null,"Party_7":null,"Votes_7":"0","Votes_total":"128","Pct_1":44.53,"Pct_2":28.12,"Pct_3":27.34,"Pct_4":0,"Pct_5":0,"Pct_6":0,"Pct_7":0,"Margin":16.41}},
{"type":"Feature","geometry":{"type":"Polygon","coordinates":[[[-122.03269819783114,48.138064312724474],[-122.0239405793419,48.13446745080207],[-122.02186599806944,48.13364371248844],[-122.02065246879629,48.1329921687567],[-122.02049895675997,48.13803800015253],[-121.98893227261307,48.13811117040888],[-121.98872924995665,48.152455974430936],[-121.96705973609843,48.15317619492354],[-121.95833447108318,48.15323669283967],[-121.94794918492028,48.15243968011587],[-121.9266723144466,48.152350156025626],[-121.92573880909517,48.16688895302983],[-121.9475507193195,48.16706579891446],[-121.94773421552387,48.181055754556034],[-121.9616996879546,48.181532657187745],[-121.96506534138341,48.181624689803385],[-121.96621278475615,48.18167568442844],[-121.96663249506426,48.16741246078582],[-121.98761178750449,48.1668058069198],[-122.00819973364727,48.16536594392767],[-122.04357185900054,48.16646078305853],[-122.05386268298065,48.16602236414894],[-122.06701030275939,48.166093644118625],[-122.06745867916398,48.16607726770071],[-122.0665810204497,48.165260491826324],[-122.0621955342757,48.162306487522166],[-122.06110201489655,48.155095462056345],[-122.06020150754576,48.153651551233075],[-122.05802971959038,48.15291122779982],[-122.05265321077235,48.152074144594266],[-122.05237342443439,48.15187302700271],[-122.04864476288886,48.148175155679176],[-122.04630978880802,48.147142550864295],[-122.04433292214124,48.14700539894858],[-122.04297644933683,48.14692166142145],[-122.04216990260635,48.146856632887946],[-122.03992903781104,48.1467944912785],[-122.03745236615654,48.14757578531217],[-122.03548807727647,48.14655107564772],[-122.03455106325197,48.14508533373907],[-122.03509866037805,48.14399596517454],[-122.03774976575991,48.14308146346403],[-122.040027009532,48.14159995597329],[-122.04031910357217,48.14104161381057],[-122.03963607526147,48.140452810178274],[-122.03622288457356,48.13970882166927],[-122.03269819783114,48.138064312724474]]]},"properties":{"COUNTY":"Snohomish","PRECCODE":83914496,"PRECNAME":"Stillaguamish","PRECINCT":"Snohomish 83914496","DESCRIPTIO":"Arlington Rural Farthest East-Southeast (Jordan Bridge Park, Camp Kalsman)","OFFICE":"PUD Commissioner District 1","JURISDICTION":"Public Utility","RACE":"Snohomish County PUD Commissioner District 1","Name_1":"Sid Logan","Party_1":"None_1","Votes_1":"36","Name_2":"Bruce King","Party_2":"None_3","Votes_2":"24","Name_3":"Janet St Clair","Party_3":"None_2","Votes_3":"21","Name_4":null,"Party_4":null,"Votes_4":"0","Name_5":null,"Party_5":null,"Votes_5":"0","Name_6":null,"Party_6":null,"Votes_6":"0","Name_7":null,"Party_7":null,"Votes_7":"0","Votes_total":"81","Pct_1":44.44,"Pct_2":29.63,"Pct_3":25.93,"Pct_4":0,"Pct_5":0,"Pct_6":0,"Pct_7":0,"Margin":14.81}},
{"type":"Feature","geometry":{"type":"Polygon","coordinates":[[[-122.09096358792104,48.14447211495979],[-122.08711445042735,48.14213908715164],[-122.08743896698554,48.13750423014683],[-122.0825228734917,48.13759357936401],[-122.0813887076932,48.13815880684094],[-122.08005496786419,48.13793978418939],[-122.07859361402,48.13616798374307],[-122.0773359508353,48.13649405545745],[-122.07638538379315,48.12345489617017],[-122.05437718201681,48.123460040175814],[-122.05438111253358,48.13077475180807],[-122.05443886815983,48.134269452048926],[-122.05445060782318,48.13798251728],[-122.03269819783114,48.138064312724474],[-122.03622288457356,48.13970882166927],[-122.03963607526147,48.140452810178274],[-122.04031910357217,48.14104161381057],[-122.0400657191487,48.1415256099672],[-122.04344041067863,48.14153237617416],[-122.0432640629646,48.14503930054374],[-122.04314927772761,48.14693235245607],[-122.04433292214124,48.14700539894858],[-122.04630978880802,48.147142550864295],[-122.04864476288886,48.148175155679176],[-122.05237342443439,48.15187302700271],[-122.05255005165758,48.15200009865811],[-122.0541043824894,48.15199808885446],[-122.06714407516012,48.1523313492551],[-122.07521060907717,48.151718457009835],[-122.07567198217612,48.149911066864114],[-122.07694657807667,48.14477502849269],[-122.08165883313926,48.14469363460081],[-122.09096358792104,48.14447211495979]]]},"properties":{"COUNTY":"Snohomish","PRECCODE":83914515,"PRECNAME":"Jordan Trails","PRECINCT":"Snohomish 83914515","DESCRIPTIO":"Arlington Rural Farther Southeast (Jordan Trails, Deer Mountain)","OFFICE":"PUD Commissioner District 1","JURISDICTION":"Public Utility","RACE":"Snohomish County PUD Commissioner District 1","Name_1":"Sid Logan","Party_1":"None_1","Votes_1":"78","Name_2":"Bruce King","Party_2":"None_3","Votes_2":"29","Name_3":"Janet St Clair","Party_3":"None_2","Votes_3":"27","Name_4":null,"Party_4":null,"Votes_4":"0","Name_5":null,"Party_5":null,"Votes_5":"0","Name_6":null,"Party_6":null,"Votes_6":"0","Name_7":null,"Party_7":null,"Votes_7":"0","Votes_total":"134","Pct_1":58.21,"Pct_2":21.64,"Pct_3":20.15,"Pct_4":0,"Pct_5":0,"Pct_6":0,"Pct_7":0,"Margin":36.57}},
{"type":"Feature","geometry":{"type":"Polygon","coordinates":[[[-122.07522839159338,48.153538749076134],[-122.07585595632285,48.16613131959113],[-122.08694380615916,48.16612068166204],[-122.09821409784873,48.16622190508079],[-122.09701245445478,48.16440777281547],[-122.1104727058893,48.16442820581944],[-122.10414858901736,48.156920675379446],[-122.10252282037162,48.14931462234969],[-122.10066668817028,48.14639426801085],[-122.09934099133068,48.14542057120811],[-122.09888144189367,48.144929396018064],[-122.09868580539981,48.144565630491286],[-122.09851468412033,48.144328787337585],[-122.09712554378734,48.14432966709218],[-122.08165883313926,48.14469363460081],[-122.07694657807667,48.14477502849269],[-122.07567198217612,48.149911066864114],[-122.07522839159338,48.153538749076134]]]},"properties":{"COUNTY":"Snohomish","PRECCODE":83914517,"PRECNAME":"Pilot","PRECINCT":"Snohomish 83914517","DESCRIPTIO":"Arlington Rural Far Southeast (McElroy Road & 164th)","OFFICE":"PUD Commissioner District 1","JURISDICTION":"Public Utility","RACE":"Snohomish County PUD Commissioner District 1","Name_1":"Sid Logan","Party_1":"None_1","Votes_1":"71","Name_2":"Janet St Clair","Party_2":"None_2","Votes_2":"32","Name_3":"Bruce King","Party_3":"None_3","Votes_3":"29","Name_4":null,"Party_4":null,"Votes_4":"0","Name_5":null,"Party_5":null,"Votes_5":"0","Name_6":null,"Party_6":null,"Votes_6":"0","Name_7":null,"Party_7":null,"Votes_7":"0","Votes_total":"132","Pct_1":53.79,"Pct_2":24.24,"Pct_3":21.97,"Pct_4":0,"Pct_5":0,"Pct_6":0,"Pct_7":0,"Margin":29.55}},
{"type":"Feature","geometry":{"type":"Polygon","coordinates":[[[-122.0744132231525,48.213022822384474],[-122.03593743336073,48.21283012156485],[-122.03144349311398,48.21394595571829],[-122.02734211845684,48.21486168644233],[-122.0337341392706,48.215027575415185],[-122.03510875441165,48.21561408306449],[-122.03776502617758,48.2178935870919],[-122.0407947682146,48.23058638314786],[-122.0417726139856,48.23159858393985],[-122.04550649150649,48.23373757443672],[-122.04774885772842,48.23596089354846],[-122.04969955430343,48.236494720215966],[-122.0597679764009,48.23694236866511],[-122.0610499778643,48.23610544888405],[-122.06156128023021,48.236292512346346],[-122.07289113139036,48.232990834107035],[-122.07525316650275,48.23202920162666],[-122.07999747136088,48.23006281608413],[-122.0859913784619,48.22788558908882],[-122.09260797200257,48.226086354768874],[-122.09831377709122,48.225663892287244],[-122.09919219439398,48.22538641346451],[-122.10073990728284,48.22471327478259],[-122.09698440107078,48.22466355611885],[-122.0748056795744,48.22435285982906],[-122.07475797028746,48.223332707182735],[-122.0744132231525,48.213022822384474]]]},"properties":{"COUNTY":"Snohomish","PRECCODE":83914519,"PRECNAME":"Arnot","PRECINCT":"Snohomish 83914519","DESCRIPTIO":"Arlington Heights Northeast (Huckleberry Lane, Trafton School)","OFFICE":"PUD Commissioner District 1","JURISDICTION":"Public Utility","RACE":"Snohomish County PUD Commissioner District 1","Name_1":"Sid Logan","Party_1":"None_1","Votes_1":"113","Name_2":"Bruce King","Party_2":"None_3","Votes_2":"48","Name_3":"Janet St Clair","Party_3":"None_2","Votes_3":"30","Name_4":null,"Party_4":null,"Votes_4":"0","Name_5":null,"Party_5":null,"Votes_5":"0","Name_6":null,"Party_6":null,"Votes_6":"0","Name_7":null,"Party_7":null,"Votes_7":"0","Votes_total":"191","Pct_1":59.16,"Pct_2":25.13,"Pct_3":15.71,"Pct_4":0,"Pct_5":0,"Pct_6":0,"Pct_7":0,"Margin":34.03}},
{"type":"Feature","geometry":{"type":"Polygon","coordinates":[[[-121.96924322840604,48.076106054856496],[-121.96917230189153,48.0719339310158],[-121.97186709671247,48.07177144276631],[-121.97529606716802,48.07363659976302],[-121.97699325248036,48.075825643201355],[-121.97889212882617,48.075783924139834],[-121.97981653831667,48.07589096179859],[-121.97981680874402,48.07590312571472],[-121.98011446266857,48.075904265893676],[-121.98147055677033,48.076152115898125],[-121.98423885267125,48.07638743232149],[-121.98480815258073,48.076553080336446],[-121.98540871333071,48.079262432044935],[-121.98622346668932,48.07969960693511],[-121.98715653169747,48.07854395592939],[-121.98956094375798,48.07971831416276],[-121.99051162436689,48.079145836538956],[-121.99085232676627,48.078215971732256],[-121.99227237150993,48.07843700463311],[-121.99406366450704,48.078155881778855],[-121.99587671764097,48.07793337112068],[-121.9971538171739,48.07787022805088],[-121.99770424857861,48.07778036473862],[-121.9972012655917,48.07713445072049],[-121.99707655361792,48.077040477299434],[-121.99473615827375,48.07654735889926],[-121.99497482206756,48.07500203310795],[-121.9920138102666,48.07352087391877],[-121.99278901386056,48.072237317480855],[-121.99229539865112,48.071301884216616],[-121.99390003071127,48.071111800133615],[-121.99239336725968,48.069894742448355],[-121.99229963287611,48.06847092578718],[-121.99428267024147,48.06685993186408],[-121.9988550077557,48.06649582635807],[-122.0023092080445,48.06458996589536],[-122.00361103325916,48.06314559360666],[-122.00877695795899,48.06220216423041],[-122.0089717146035,48.06064562882175],[-122.00780988629836,48.05876435106045],[-122.0078230167775,48.055617662580794],[-122.00500383369804,48.0509648455407],[-122.00228767061479,48.05046157216734],[-121.99029763450801,48.05045495732267],[-121.96872375303928,48.05065153609541],[-121.96013597463144,48.05078562821898],[-121.96014830584588,48.051420462314574],[-121.96121149553595,48.05373581835318],[-121.95757295176917,48.054483579746744],[-121.95730191758545,48.05485387594848],[-121.95698742189762,48.055840762575315],[-121.95769326868256,48.0568451878486],[-121.95984547963164,48.06000153729287],[-121.95866965260218,48.06253241018504],[-121.95913841502147,48.06815175074859],[-121.96219950314357,48.06982829777827],[-121.9663320734974,48.07509015404448],[-121.96790685968712,48.076124321267265],[-121.96924322840604,48.076106054856496]]]},"properties":{"COUNTY":"Snohomish","PRECCODE":83914521,"PRECNAME":"Bosworth","PRECINCT":"Snohomish 83914521","DESCRIPTIO":"Granite Falls Rural South (Skinner Road, 191st Avenue NE & 78th)","OFFICE":"PUD Commissioner District 1","JURISDICTION":"Public Utility","RACE":"Snohomish County PUD Commissioner District 1","Name_1":"Sid Logan","Party_1":"None_1","Votes_1":"87","Name_2":"Bruce King","Party_2":"None_3","Votes_2":"37","Name_3":"Janet St Clair","Party_3":"None_2","Votes_3":"29","Name_4":null,"Party_4":null,"Votes_4":"0","Name_5":null,"Party_5":null,"Votes_5":"0","Name_6":null,"Party_6":null,"Votes_6":"0","Name_7":null,"Party_7":null,"Votes_7":"0","Votes_total":"153","Pct_1":56.86,"Pct_2":24.18,"Pct_3":18.95,"Pct_4":0,"Pct_5":0,"Pct_6":0,"Pct_7":0,"Margin":32.68}},
{"type":"Feature","geometry":{"type":"Polygon","coordinates":[[[-122.10153461867132,48.22472380279247],[-122.10266324099524,48.22475609205932],[-122.1036944627742,48.224042939114],[-122.10516673337426,48.22241783984775],[-122.10941051208681,48.22032560079792],[-122.11049142453955,48.21736682727476],[-122.11140672761343,48.21635338743433],[-122.1170109157019,48.212113830204835],[-122.1187774869783,48.21150337198467],[-122.11996577016124,48.210385626629176],[-122.12390980902046,48.20832351041438],[-122.12527716006619,48.20703465694802],[-122.12644405569395,48.20356667734932],[-122.12844422587028,48.20363706565516],[-122.12824381252608,48.20323140732412],[-122.12786664595576,48.20254508414425],[-122.12640711074656,48.20297394268817],[-122.12470614533018,48.202608858452564],[-122.11914098391357,48.20079558287709],[-122.11874733096846,48.20069528096105],[-122.11856395246127,48.20080382631465],[-122.11836083709244,48.20100469548765],[-122.1175581740842,48.20298167420697],[-122.11701201845116,48.208439615115594],[-122.11345891592002,48.20870930964078],[-122.10743481916109,48.210070297074544],[-122.10483756642527,48.21103495233788],[-122.09974607378203,48.21155792715385],[-122.09938266848393,48.21154256140666],[-122.09734955024463,48.21016279182599],[-122.09350593567362,48.20980070218698],[-122.09209508337267,48.209242527554025],[-122.09150327050692,48.20781201784266],[-122.09181559301227,48.20517505508997],[-122.0904104433209,48.2036904544215],[-122.08448462393648,48.20232557575045],[-122.07617041631197,48.20200867900157],[-122.07521116856994,48.20196299895588],[-122.07505280099488,48.201964707441256],[-122.07430303547184,48.20960378739201],[-122.07475797028746,48.223332707182735],[-122.0748056795744,48.22435285982906],[-122.09698440107078,48.22466355611885],[-122.10153461867132,48.22472380279247]]]},"properties":{"COUNTY":"Snohomish","PRECCODE":83914533,"PRECNAME":"Huckleberry","PRECINCT":"Snohomish 83914533","DESCRIPTIO":"Arlington Heights West (Outback Kangaroo Farm, Maranatha Way)","OFFICE":"PUD Commissioner District 1","JURISDICTION":"Public Utility","RACE":"Snohomish County PUD Commissioner District 1","Name_1":"Sid Logan","Party_1":"None_1","Votes_1":"68","Name_2":"Bruce King","Party_2":"None_3","Votes_2":"24","Name_3":"Janet St Clair","Party_3":"None_2","Votes_3":"20","Name_4":null,"Party_4":null,"Votes_4":"0","Name_5":null,"Party_5":null,"Votes_5":"0","Name_6":null,"Party_6":null,"Votes_6":"0","Name_7":null,"Party_7":null,"Votes_7":"0","Votes_total":"112","Pct_1":60.71,"Pct_2":21.43,"Pct_3":17.86,"Pct_4":0,"Pct_5":0,"Pct_6":0,"Pct_7":0,"Margin":39.28}},
{"type":"Feature","geometry":{"type":"Polygon","coordinates":[[[-121.97983836338574,48.07680363671672],[-121.97256398224671,48.07690688152159],[-121.97258181354746,48.07762142424778],[-121.9745613639787,48.077593971710066],[-121.97458378500818,48.07869949991927],[-121.97634310796433,48.07865578387271],[-121.97635559889942,48.07956538152016],[-121.97990304985399,48.07948297901224],[-121.97986963163127,48.07809499679996],[-121.98090337199434,48.07808013000566],[-121.98107503794178,48.0799337580439],[-121.98393686409196,48.08235763401179],[-121.98327932455246,48.0826871381518],[-121.98413537083134,48.08307088007436],[-121.98436774863218,48.08289539692877],[-121.98480770925826,48.08269409974667],[-121.98543064810622,48.082510328820625],[-121.98546393918942,48.084046018723186],[-121.98817368330438,48.08388523112851],[-121.99616440165516,48.081891591462714],[-121.99618495122785,48.08300690596597],[-122.00020638570052,48.083044253466554],[-122.0002744762993,48.08679863983899],[-121.99916022729208,48.08678947872604],[-121.99915960555754,48.08676198281676],[-121.99903682285483,48.08676100194098],[-121.99903742321527,48.08678755539095],[-121.99625642138014,48.08676537096764],[-121.9964268314467,48.09173456689787],[-121.991087175928,48.09284474274053],[-121.98771220513726,48.0928345013674],[-121.98762386589242,48.090419888447485],[-121.98297580351776,48.09045331219178],[-121.98296070698272,48.08982219366637],[-121.98033458004888,48.08984400289078],[-121.98032699998022,48.09047233997609],[-121.9803428322954,48.09088506059982],[-121.98026987955669,48.09165268522574],[-121.98221452068759,48.09343187293269],[-121.98356425514763,48.09348819105616],[-121.98476682984952,48.093254238426645],[-121.98825532151356,48.09385502733605],[-121.99710623410668,48.09760669813773],[-122.00183984912667,48.09777540902428],[-122.00315465215353,48.10023142314065],[-122.00689488383017,48.100891976175895],[-122.01174118407795,48.10496748411966],[-122.01415247125273,48.1049785394374],[-122.0144623447015,48.10271449411672],[-122.01807486113076,48.10132144830712],[-122.01798869965221,48.10122346453101],[-122.01789327074047,48.097716717569305],[-122.01780572862599,48.093506215429066],[-122.01776500625493,48.0921345915338],[-122.01767081597112,48.08683218929073],[-122.01288540230722,48.08679533127472],[-122.01288437483775,48.083128501766424],[-122.01265464116346,48.07199256552685],[-122.01056615945751,48.07191569663897],[-122.00917628460577,48.071085262076124],[-122.00830939092164,48.07083102020172],[-122.00842717828014,48.07153460145745],[-122.00503313216667,48.072649686183986],[-122.00324033266116,48.07213222337912],[-122.0016548095151,48.072478827195276],[-122.00087661119969,48.07609660541763],[-121.99778665451471,48.07776691090909],[-121.9971538171739,48.07787022805088],[-121.99587671764097,48.07793337112068],[-121.99406366450704,48.078155881778855],[-121.99227237150993,48.07843700463311],[-121.99085232676627,48.078215971732256],[-121.99051162436689,48.079145836538956],[-121.98956094375798,48.07971831416276],[-121.98715653169747,48.07854395592939],[-121.98622346668932,48.07969960693511],[-121.98540871333071,48.079262432044935],[-121.98480815258073,48.076553080336446],[-121.98423885267125,48.07638743232149],[-121.98147055677033,48.076152115898125],[-121.98011446266857,48.075904265893676],[-121.97981680874402,48.07590312571472],[-121.97983836338574,48.07680363671672]]]},"properties":{"COUNTY":"Snohomish","PRECCODE":83914555,"PRECNAME":"Sandman","PRECINCT":"Snohomish 83914555","DESCRIPTIO":"Granite Falls Rural West (Granville Grange, Crooked Mile Road)","OFFICE":"PUD Commissioner District 1","JURISDICTION":"Public Utility","RACE":"Snohomish County PUD Commissioner District 1","Name_1":"Sid Logan","Party_1":"None_1","Votes_1":"89","Name_2":"Bruce King","Party_2":"None_3","Votes_2":"38","Name_3":"Janet St Clair","Party_3":"None_2","Votes_3":"26","Name_4":"Write-In","Party_4":"None_4","Votes_4":"1","Name_5":null,"Party_5":null,"Votes_5":"0","Name_6":null,"Party_6":null,"Votes_6":"0","Name_7":null,"Party_7":null,"Votes_7":"0","Votes_total":"154","Pct_1":57.79,"Pct_2":24.68,"Pct_3":16.88,"Pct_4":0.65,"Pct_5":0,"Pct_6":0,"Pct_7":0,"Margin":33.11}},
{"type":"Feature","geometry":{"type":"Polygon","coordinates":[[[-121.97429668264822,48.09551726478255],[-121.97269825328861,48.09596896857873],[-121.97116910819989,48.09715036067343],[-121.9713674136942,48.10240184811348],[-121.97024451696674,48.10435825911148],[-121.97193020739353,48.107264859127554],[-121.97021145176257,48.10877436801048],[-121.97055766072735,48.1098311063785],[-121.96799448796416,48.1112511776254],[-121.96897101300684,48.111326693465244],[-121.96920348631683,48.11189046167174],[-121.96867425189158,48.11400008255846],[-121.96926213960933,48.11380843962346],[-121.97018306777109,48.11416842764529],[-121.97041609138954,48.11630983820308],[-121.97246328647873,48.117955460981754],[-121.97079089220097,48.117592820732455],[-121.96949577208508,48.117766533184756],[-121.96839769230911,48.118776802174544],[-121.96523925809919,48.11940400513509],[-121.95798174059271,48.12257237314172],[-121.95568971544921,48.12421868750266],[-121.95552956800073,48.124315780365514],[-121.95545647022223,48.124343824060716],[-121.9553127350168,48.1243718727734],[-121.95822117791408,48.12446638967762],[-121.96787259422578,48.12468184454065],[-121.96705973609843,48.15317619492354],[-121.98872924995665,48.152455974430936],[-121.98893227261307,48.13811117040888],[-122.02049895675997,48.13803800015253],[-122.02065246879629,48.1329921687567],[-122.01956855494956,48.13240995833671],[-122.01333732303604,48.12848770449345],[-122.01282368681719,48.12760750224227],[-122.01329707146272,48.126730363974104],[-122.01513138839873,48.12667184959153],[-122.02140783924776,48.12918431888648],[-122.02581656774078,48.13031484510583],[-122.02725425060682,48.13016780659018],[-122.02852097974406,48.12920602193518],[-122.02913423838255,48.12781560946454],[-122.02840273306084,48.126911351834096],[-122.02591478952465,48.12688433031141],[-122.02508121860727,48.1258356306465],[-122.02601414247857,48.12436558168896],[-122.02734299104394,48.12377029121714],[-122.02809107803277,48.121706084850246],[-122.02802763381885,48.12009574852226],[-122.02701077149882,48.11771608248046],[-122.02751387072036,48.115220292615376],[-122.02624679338581,48.11394229067518],[-122.02309114800737,48.11402787048851],[-122.02108396465883,48.11342755793433],[-122.02050243019917,48.11259821161688],[-122.02099868377323,48.11039348299082],[-122.00130480896249,48.110469324829964],[-122.00101139027008,48.11285464767028],[-122.00022674914746,48.11117709035992],[-121.99862189018587,48.10995311428848],[-121.98075069156094,48.1017176870611],[-121.97630689156084,48.10027942900672],[-121.97399354826013,48.09746985564963],[-121.97429668264822,48.09551726478255]]]},"properties":{"COUNTY":"Snohomish","PRECCODE":83914557,"PRECNAME":"Trangen","PRECINCT":"Snohomish 83914557","DESCRIPTIO":"Granite Falls Rural Far North (Trangen Road, Riverside, Spring Lake)","OFFICE":"PUD Commissioner District 1","JURISDICTION":"Public Utility","RACE":"Snohomish County PUD Commissioner District 1","Name_1":"Sid Logan","Party_1":"None_1","Votes_1":"97","Name_2":"Bruce King","Party_2":"None_3","Votes_2":"64","Name_3":"Janet St Clair","Party_3":"None_2","Votes_3":"51","Name_4":null,"Party_4":null,"Votes_4":"0","Name_5":null,"Party_5":null,"Votes_5":"0","Name_6":null,"Party_6":null,"Votes_6":"0","Name_7":null,"Party_7":null,"Votes_7":"0","Votes_total":"212","Pct_1":45.75,"Pct_2":30.19,"Pct_3":24.06,"Pct_4":0,"Pct_5":0,"Pct_6":0,"Pct_7":0,"Margin":15.56}},
{"type":"Feature","geometry":{"type":"Polygon","coordinates":[[[-122.064640220567,48.09276531180056],[-122.0640729688103,48.092720671420125],[-122.06327896912832,48.092741671431874],[-122.0629499691319,48.0926126716413],[-122.06218671699436,48.090087415586424],[-122.06079442318061,48.08938303187267],[-122.06102642622488,48.08817034173012],[-122.05920918061965,48.08748941574106],[-122.05918620404842,48.086437013475134],[-122.05822050045172,48.08583454400077],[-122.05582718008112,48.08572510108738],[-122.05377790622823,48.08480357722899],[-122.05130803745288,48.0823863305729],[-122.04911467326579,48.08219631284479],[-122.04931230697731,48.0807592003841],[-122.0487553407267,48.07978244566173],[-122.04689860205177,48.08026114495849],[-122.04602404964886,48.0812205988327],[-122.04298175127546,48.08229986150267],[-122.03808539970446,48.082796412516764],[-122.03794286213608,48.08226641193056],[-122.03534595845126,48.07988674921752],[-122.0336556946043,48.07881117427866],[-122.03226662900089,48.07726959705811],[-122.03207176973251,48.077115011881475],[-122.03192348615083,48.07708189996095],[-122.03184884358292,48.07966943738584],[-122.03178152105268,48.08187933731031],[-122.02823764032068,48.08165557961638],[-122.024370921649,48.08337184433812],[-122.01288437483775,48.083128501766424],[-122.01288540230722,48.08679533127472],[-122.01767081597112,48.08683218929073],[-122.0178098074883,48.09408449862969],[-122.02479008220266,48.094123002773934],[-122.02707834349037,48.09416693067202],[-122.03163650389276,48.09419041076224],[-122.04291989103777,48.094150370677035],[-122.04336593952394,48.108663486817086],[-122.05402586121414,48.108632123491155],[-122.05437718201681,48.123460040175814],[-122.07638538379315,48.12345489617017],[-122.0757380790968,48.10839348604521],[-122.05403046559313,48.10863207727205],[-122.05404758051691,48.10257109941912],[-122.0540359161813,48.101322461704925],[-122.05415544861131,48.09705877941352],[-122.05420286729644,48.09411428082297],[-122.06495236807494,48.094103281282095],[-122.06464181830258,48.09303142947268],[-122.064640220567,48.09276531180056]]]},"properties":{"COUNTY":"Snohomish","PRECCODE":83914573,"PRECNAME":"Airpark","PRECINCT":"Snohomish 83914573","DESCRIPTIO":"Lake Stevens Rural Farthest North (Frontier Airpark North & East), Granite Falls Rural Far West","OFFICE":"PUD Commissioner District 1","JURISDICTION":"Public Utility","RACE":"Snohomish County PUD Commissioner District 1","Name_1":"Sid Logan","Party_1":"None_1","Votes_1":"166","Name_2":"Bruce King","Party_2":"None_3","Votes_2":"61","Name_3":"Janet St Clair","Party_3":"None_2","Votes_3":"41","Name_4":null,"Party_4":null,"Votes_4":"0","Name_5":null,"Party_5":null,"Votes_5":"0","Name_6":null,"Party_6":null,"Votes_6":"0","Name_7":null,"Party_7":null,"Votes_7":"0","Votes_total":"268","Pct_1":61.94,"Pct_2":22.76,"Pct_3":15.3,"Pct_4":0,"Pct_5":0,"Pct_6":0,"Pct_7":0,"Margin":39.18}},
{"type":"Feature","geometry":{"type":"Polygon","coordinates":[[[-122.04314927772761,48.14693235245607],[-122.0432640629646,48.14503930054374],[-122.04344041067863,48.14153237617416],[-122.0400657191487,48.1415256099672],[-122.040027009532,48.14159995597329],[-122.03774976575991,48.14308146346403],[-122.03509866037805,48.14399596517454],[-122.03455106325197,48.14508533373907],[-122.03548807727647,48.14655107564772],[-122.03745236615654,48.14757578531217],[-122.03992903781104,48.1467944912785],[-122.04216990260635,48.146856632887946],[-122.04314927772761,48.14693235245607]]]},"properties":{"COUNTY":"Snohomish","PRECCODE":83914583,"PRECNAME":"Jordan Bridge","PRECINCT":"Snohomish 83914583","DESCRIPTIO":"Arlington Rural Farthest Southeast (Jordan River Trails)","OFFICE":"PUD Commissioner District 1","JURISDICTION":"Public Utility","RACE":"Snohomish County PUD Commissioner District 1","Name_1":"Sid Logan","Party_1":"None_1","Votes_1":"35","Name_2":"Bruce King","Party_2":"None_3","Votes_2":"26","Name_3":"Janet St Clair","Party_3":"None_2","Votes_3":"21","Name_4":null,"Party_4":null,"Votes_4":"0","Name_5":null,"Party_5":null,"Votes_5":"0","Name_6":null,"Party_6":null,"Votes_6":"0","Name_7":null,"Party_7":null,"Votes_7":"0","Votes_total":"82","Pct_1":42.68,"Pct_2":31.71,"Pct_3":25.61,"Pct_4":0,"Pct_5":0,"Pct_6":0,"Pct_7":0,"Margin":10.97}},
{"type":"Feature","geometry":{"type":"Polygon","coordinates":[[[-122.16083098172014,48.23893944792003],[-122.18256701576658,48.238762042399735],[-122.18817301300008,48.23872751439929],[-122.18829911437643,48.23535646283086],[-122.1913160338113,48.23498695780833],[-122.19201212509462,48.23455840942533],[-122.19396204701906,48.232699637656914],[-122.19365833848614,48.231186368085474],[-122.19369219289611,48.224362588682645],[-122.14969324794329,48.224459688951946],[-122.14301526506239,48.224530604607025],[-122.1465222597456,48.22814131930989],[-122.15580051283222,48.23534151828915],[-122.15715813455,48.23692467390475],[-122.15770960478577,48.23768078358415],[-122.15818380590767,48.23840410736975],[-122.15857174587278,48.23894507116891],[-122.16083098172014,48.23893944792003]]]},"properties":{"COUNTY":"Snohomish","PRECCODE":83914647,"PRECNAME":"Henning","PRECINCT":"Snohomish 83914647","DESCRIPTIO":"Arlington Rural Farther Northwest (Kackman Creek, Meadow Ridge)","OFFICE":"PUD Commissioner District 1","JURISDICTION":"Public Utility","RACE":"Snohomish County PUD Commissioner District 1","Name_1":"Sid Logan","Party_1":"None_1","Votes_1":"179","Name_2":"Janet St Clair","Party_2":"None_2","Votes_2":"70","Name_3":"Bruce King","Party_3":"None_3","Votes_3":"70","Name_4":"Write-In","Party_4":"None_4","Votes_4":"3","Name_5":null,"Party_5":null,"Votes_5":"0","Name_6":null,"Party_6":null,"Votes_6":"0","Name_7":null,"Party_7":null,"Votes_7":"0","Votes_total":"322","Pct_1":55.59,"Pct_2":21.74,"Pct_3":21.74,"Pct_4":0.93,"Pct_5":0,"Pct_6":0,"Pct_7":0,"Margin":33.85}},
{"type":"Feature","geometry":{"type":"Polygon","coordinates":[[[-122.23723772753705,48.2389634425818],[-122.23718214672793,48.246038665789165],[-122.2049108013118,48.24630838232172],[-122.20495436417458,48.263821768501685],[-122.20490236986436,48.26850745203079],[-122.20533488988323,48.26815333625994],[-122.23662190449276,48.26754008885408],[-122.24728060014694,48.267615706359244],[-122.25847193744423,48.26844098831786],[-122.26661995675387,48.26835382471383],[-122.26940368786018,48.26754338929227],[-122.25351843474701,48.25047268220406],[-122.24140247175771,48.238959209608666],[-122.24090689677054,48.23894118984702],[-122.23725893380347,48.23513732579416],[-122.23722008309277,48.2381478937338],[-122.23723772753705,48.2389634425818]]]},"properties":{"COUNTY":"Snohomish","PRECCODE":83914708,"PRECNAME":"Rose","PRECINCT":"Snohomish 83914708","DESCRIPTIO":"Stanwood Rural Farther East (Rose Road, Hall Road)","OFFICE":"PUD Commissioner District 1","JURISDICTION":"Public Utility","RACE":"Snohomish County PUD Commissioner District 1","Name_1":"Sid Logan","Party_1":"None_1","Votes_1":"98","Name_2":"Bruce King","Party_2":"None_3","Votes_2":"44","Name_3":"Janet St Clair","Party_3":"None_2","Votes_3":"34","Name_4":"Write-In","Party_4":"None_4","Votes_4":"1","Name_5":null,"Party_5":null,"Votes_5":"0","Name_6":null,"Party_6":null,"Votes_6":"0","Name_7":null,"Party_7":null,"Votes_7":"0","Votes_total":"177","Pct_1":55.37,"Pct_2":24.86,"Pct_3":19.21,"Pct_4":0.56,"Pct_5":0,"Pct_6":0,"Pct_7":0,"Margin":30.51}},
{"type":"Feature","geometry":{"type":"Polygon","coordinates":[[[-122.03185346882292,48.29772327558913],[-122.03187792335103,48.290167975464655],[-122.04297077916944,48.29010894263917],[-122.04286465092198,48.268248250975084],[-122.04016692791733,48.268236090774415],[-122.03907257739628,48.265634362453284],[-122.03529263239147,48.263259088335786],[-122.03505178987781,48.26123486461044],[-122.03752248570848,48.259196817019586],[-122.03884843278244,48.258837938464225],[-122.04130257705025,48.25925072670673],[-122.04607334043045,48.26137660586053],[-122.04712920957786,48.26118668508518],[-122.05090425308727,48.25889804890698],[-122.05182227643976,48.25768100386557],[-122.05161803012876,48.256317664769725],[-122.04955467356866,48.253723439064075],[-122.04984721296096,48.251535534046646],[-122.05084459583341,48.250900337261214],[-122.05398918378104,48.250126227076855],[-122.06085688790951,48.25021133502749],[-122.06507107107247,48.24645795673031],[-122.06709806489906,48.24614873901991],[-122.07001823004026,48.24634746991804],[-122.07579864290416,48.249569676481705],[-122.07969629097867,48.247874625365796],[-122.0813514580336,48.24603120149696],[-122.08408173912484,48.245024194652686],[-122.0846865878423,48.24424139793247],[-122.08564490636537,48.24118372604003],[-122.08481268977673,48.238821156843855],[-122.08505403592387,48.23811418682979],[-122.08849680107842,48.23725020072745],[-122.09071399609154,48.235529962795304],[-122.09121786689053,48.2341301566588],[-122.08857525402152,48.23178633852305],[-122.08792306175809,48.23093599106635],[-122.0893605554618,48.228782943303536],[-122.09221913743569,48.228744278055544],[-122.09517160541597,48.22659574507242],[-122.09935070992033,48.22667925169611],[-122.10170153566416,48.22541929158323],[-122.10266324099524,48.22475609205932],[-122.10153461867132,48.22472380279247],[-122.10073990728284,48.22471327478259],[-122.09919219439398,48.22538641346451],[-122.09831377709122,48.225663892287244],[-122.09260797200257,48.226086354768874],[-122.0859913784619,48.22788558908882],[-122.07999747136088,48.23006281608413],[-122.07525316650275,48.23202920162666],[-122.07289113139036,48.232990834107035],[-122.06156128023021,48.236292512346346],[-122.05979379986451,48.23768070826324],[-122.05933919860426,48.23827971185515],[-122.05730485088664,48.24197470874628],[-122.05303091799944,48.244861653847416],[-122.05059594771222,48.24568864763622],[-122.04644995032638,48.24602470503385],[-122.04535208293943,48.246204698774044],[-122.04470802984972,48.246351723255096],[-122.04225195124647,48.24724970046513],[-122.02724702569702,48.25600172251863],[-122.02541782497835,48.25745272198825],[-122.02484880641002,48.25809971439864],[-122.0243570886769,48.258849658410206],[-122.02398281132353,48.25964070881713],[-122.02379790845704,48.26023266375808],[-122.02246398234853,48.26313565763885],[-122.02019176831793,48.2648006981113],[-122.01944889115974,48.26512671434731],[-122.01073897801702,48.26814370267242],[-122.00440214982765,48.270346699331654],[-121.99904925990813,48.27358471028222],[-121.99858806308619,48.27382472082991],[-121.99811490889637,48.27403572104837],[-121.99714310881842,48.27442070525706],[-121.99492176146157,48.2746016939152],[-121.98982917494669,48.2735306506883],[-121.98812981678087,48.27356970548281],[-121.98844979003212,48.282388715132264],[-121.98957585832926,48.282483663190135],[-121.98960181962052,48.283066672958185],[-121.99199489751255,48.28369865451372],[-121.99276979648089,48.28440770081071],[-121.99106124436356,48.28519370895382],[-121.98757096149369,48.289022690341774],[-121.98813985546032,48.29258171614881],[-121.98921094855059,48.29339568268266],[-121.98790292594735,48.29382970190679],[-121.98653277137066,48.29346473320038],[-121.98396498682204,48.29392269283516],[-121.98560887415488,48.29456271159839],[-121.98540393017392,48.29490471320384],[-121.98413697278698,48.29485970525205],[-121.98478814399101,48.295430731930495],[-121.9927670491365,48.296158694309185],[-121.99393295977629,48.296934652544216],[-121.99618021928521,48.29756022402021],[-122.03185346882292,48.29772327558913]]]},"properties":{"COUNTY":"Snohomish","PRECCODE":83914759,"PRECNAME":"North Fork","PRECINCT":"Snohomish 83914759","DESCRIPTIO":"Arlington Rural Far Northeast (Grant Creek, Trafton General Store)","OFFICE":"PUD Commissioner District 1","JURISDICTION":"Public Utility","RACE":"Snohomish County PUD Commissioner District 1","Name_1":"Sid Logan","Party_1":"None_1","Votes_1":"78","Name_2":"Bruce King","Party_2":"None_3","Votes_2":"30","Name_3":"Janet St Clair","Party_3":"None_2","Votes_3":"15","Name_4":"Write-In","Party_4":"None_4","Votes_4":"1","Name_5":null,"Party_5":null,"Votes_5":"0","Name_6":null,"Party_6":null,"Votes_6":"0","Name_7":null,"Party_7":null,"Votes_7":"0","Votes_total":"124","Pct_1":62.9,"Pct_2":24.19,"Pct_3":12.1,"Pct_4":0.81,"Pct_5":0,"Pct_6":0,"Pct_7":0,"Margin":38.71}},
{"type":"Feature","geometry":{"type":"Polygon","coordinates":[[[-122.01753346357644,48.036177444824695],[-121.94459744966873,48.03647652491656],[-121.9485288446048,48.03774453294053],[-121.95164918992968,48.039472349571376],[-121.95434026866405,48.043637431534],[-121.95786982032485,48.04704387541468],[-121.96015729755736,48.05033432747811],[-121.96013597463144,48.05078562821898],[-121.96872375303928,48.05065153609541],[-121.99029763450801,48.05045495732267],[-122.00228767061479,48.05046157216734],[-122.00500383369804,48.0509648455407],[-122.0078230167775,48.055617662580794],[-122.00780988629836,48.05876435106045],[-122.0089717146035,48.06064562882175],[-122.00877695795899,48.06220216423041],[-122.00361103325916,48.06314559360666],[-122.0023092080445,48.06458996589536],[-121.9988550077557,48.06649582635807],[-121.99428267024147,48.06685993186408],[-121.99229963287611,48.06847092578718],[-121.99239336725968,48.069894742448355],[-121.99390003071127,48.071111800133615],[-121.99229539865112,48.071301884216616],[-121.99278901386056,48.072237317480855],[-121.9920138102666,48.07352087391877],[-121.99497482206756,48.07500203310795],[-121.99473615827375,48.07654735889926],[-121.99707655361792,48.077040477299434],[-121.9972012655917,48.07713445072049],[-121.99770424857861,48.07778036473862],[-121.99778665451471,48.07776691090909],[-122.00087661119969,48.07609660541763],[-122.0016548095151,48.072478827195276],[-122.00324033266116,48.07213222337912],[-122.00503313216667,48.072649686183986],[-122.00842717828014,48.07153460145745],[-122.00816371632881,48.069958081226304],[-122.01022863849829,48.06756759402437],[-122.01390829654149,48.06780329832558],[-122.01465126915218,48.06747007970641],[-122.0126973181593,48.063836853855655],[-122.0131875706904,48.062359180680644],[-122.01665728455798,48.06177144196719],[-122.02023588530251,48.061942181526845],[-122.02094238639411,48.06154023977111],[-122.01813091123337,48.05928716591704],[-122.01749063009979,48.057473452746564],[-122.01747867258007,48.05747322709568],[-122.0177782050865,48.05692072082708],[-122.01809620527236,48.05654616610961],[-122.01893170735413,48.05582831286588],[-122.02087757510589,48.055444956418214],[-122.02151377816917,48.05416807145631],[-122.02401477590168,48.05323570611216],[-122.02497737771827,48.050938153455206],[-122.02499972978785,48.048884440361675],[-122.02623866092141,48.04846262372116],[-122.02791048474981,48.049177440152356],[-122.02910214790923,48.04880092327698],[-122.02966908827972,48.048085964193234],[-122.02969017372479,48.047719650477994],[-122.02551369370639,48.045125935476946],[-122.02471299282742,48.04330778781115],[-122.02476699476401,48.04303353110492],[-122.02498086239922,48.04261243770816],[-122.02636589650159,48.04219107211441],[-122.02652729559442,48.04171173532956],[-122.0238814641458,48.041064581058144],[-122.02316105305813,48.040928933062354],[-122.02222443324762,48.04082229217626],[-122.02156428758738,48.0408784160659],[-122.02067896986509,48.040776852391446],[-122.01959392374158,48.03879646483667],[-122.01700000275285,48.037723712050365],[-122.01753346357644,48.036177444824695]]]},"properties":{"COUNTY":"Snohomish","PRECCODE":83914816,"PRECNAME":"Tree Farm","PRECINCT":"Snohomish 83914816","DESCRIPTIO":"Granite Falls Rural Far South (Lake Bosworth, Pilchuck Tree Farm Road & 50th)","OFFICE":"PUD Commissioner District 1","JURISDICTION":"Public Utility","RACE":"Snohomish County PUD Commissioner District 1","Name_1":"Sid Logan","Party_1":"None_1","Votes_1":"110","Name_2":"Janet St Clair","Party_2":"None_2","Votes_2":"57","Name_3":"Bruce King","Party_3":"None_3","Votes_3":"50","Name_4":"Write-In","Party_4":"None_4","Votes_4":"1","Name_5":null,"Party_5":null,"Votes_5":"0","Name_6":null,"Party_6":null,"Votes_6":"0","Name_7":null,"Party_7":null,"Votes_7":"0","Votes_total":"218","Pct_1":50.46,"Pct_2":26.15,"Pct_3":22.94,"Pct_4":0.46,"Pct_5":0,"Pct_6":0,"Pct_7":0,"Margin":24.31}},
{"type":"Feature","geometry":{"type":"Polygon","coordinates":[[[-122.04523004488952,48.123525458136896],[-122.04539248111743,48.12354487273988],[-122.04590658371448,48.12379000828151],[-122.04607837033522,48.12504212083739],[-122.05108630678455,48.12921753880237],[-122.05313465500558,48.13111772647265],[-122.05441385618147,48.13286879935784],[-122.05438111253358,48.13077475180807],[-122.05437718201681,48.123460040175814],[-122.05402586121414,48.108632123491155],[-122.04336593952394,48.108663486817086],[-122.04291989103777,48.094150370677035],[-122.03163650389276,48.09419041076224],[-122.02707834349037,48.09416693067202],[-122.02479008220266,48.094123002773934],[-122.0178098074883,48.09408449862969],[-122.01798869965221,48.10122346453101],[-122.01807486113076,48.10132144830712],[-122.02207229535857,48.1013865242661],[-122.0224436807377,48.10153328172954],[-122.02366859140558,48.10285810794305],[-122.03135068170623,48.11327861334869],[-122.0316286156236,48.11369997534896],[-122.03178985679797,48.11398503613601],[-122.03230542248254,48.115162717968694],[-122.03251425216253,48.11549673853229],[-122.03278091173951,48.115846878665494],[-122.03333400649065,48.11645507550264],[-122.03478797873122,48.11798755478094],[-122.03678570272653,48.11985816429926],[-122.04071018514558,48.12335350806106],[-122.04098006155732,48.12350873675735],[-122.04230682482681,48.12356034385017],[-122.04523004488952,48.123525458136896]]]},"properties":{"COUNTY":"Snohomish","PRECCODE":83914832,"PRECNAME":"Glenmore","PRECINCT":"Snohomish 83914832","DESCRIPTIO":"Granite Falls Rural Far Northwest (Glenmore, Sarvey Wildlife Center)","OFFICE":"PUD Commissioner District 1","JURISDICTION":"Public Utility","RACE":"Snohomish County PUD Commissioner District 1","Name_1":"Sid Logan","Party_1":"None_1","Votes_1":"117","Name_2":"Janet St Clair","Party_2":"None_2","Votes_2":"47","Name_3":"Bruce King","Party_3":"None_3","Votes_3":"31","Name_4":null,"Party_4":null,"Votes_4":"0","Name_5":null,"Party_5":null,"Votes_5":"0","Name_6":null,"Party_6":null,"Votes_6":"0","Name_7":null,"Party_7":null,"Votes_7":"0","Votes_total":"195","Pct_1":60,"Pct_2":24.1,"Pct_3":15.9,"Pct_4":0,"Pct_5":0,"Pct_6":0,"Pct_7":0,"Margin":35.9}},
{"type":"Feature","geometry":{"type":"Polygon","coordinates":[[[-122.12525162798967,48.26760276860626],[-122.1246793398271,48.27191383987276],[-122.12910628070999,48.27646354511277],[-122.12877401143344,48.27825098313117],[-122.13075291642797,48.28521000583314],[-122.14013547943527,48.29758421683968],[-122.17274246985308,48.29705906703384],[-122.20120329683087,48.29763729095361],[-122.19703419903945,48.29334263721586],[-122.18309122073565,48.282424808247114],[-122.18113848975136,48.28036962846586],[-122.18117123121468,48.27611937537298],[-122.17462738632128,48.27120343780527],[-122.17253974517642,48.26888614109419],[-122.16923851441133,48.2668920061189],[-122.16671518130448,48.26648032889766],[-122.16541275165982,48.26514716655841],[-122.1653613800505,48.26463078202993],[-122.1675940005075,48.26231153527065],[-122.16690798886098,48.25490449159826],[-122.16330822628815,48.24864869039783],[-122.15933074297844,48.24330933906995],[-122.1607997272234,48.24202027463603],[-122.15881849789334,48.238944459255585],[-122.15115868671325,48.238953007169414],[-122.14872972365838,48.239603304769716],[-122.14556030455644,48.23896439860753],[-122.14372332245003,48.239293065022295],[-122.13966605913228,48.243261381622816],[-122.1394298381675,48.244363645550386],[-122.14105821422315,48.24708042740088],[-122.13945081469608,48.250378137478556],[-122.1395841303563,48.252897683512145],[-122.13837902128778,48.25343559898825],[-122.1363104142488,48.253495765124],[-122.131173565819,48.25231716004376],[-122.12980245080054,48.2527461600835],[-122.12971482620529,48.2534224535237],[-122.13217451941254,48.25714073133178],[-122.13205543308167,48.25866275644414],[-122.12816065547437,48.26025408391233],[-122.1281133022787,48.26428143401054],[-122.12639466098634,48.26559967689081],[-122.12525162798967,48.26760276860626]]]},"properties":{"COUNTY":"Snohomish","PRECCODE":83914851,"PRECNAME":"Finn","PRECINCT":"Snohomish 83914851","DESCRIPTIO":"Arlington Rural Far North (Bryant Community Church, Finn Settlement Road)","OFFICE":"PUD Commissioner District 1","JURISDICTION":"Public Utility","RACE":"Snohomish County PUD Commissioner District 1","Name_1":"Sid Logan","Party_1":"None_1","Votes_1":"104","Name_2":"Janet St Clair","Party_2":"None_2","Votes_2":"37","Name_3":"Bruce King","Party_3":"None_3","Votes_3":"34","Name_4":"Write-In","Party_4":"None_4","Votes_4":"2","Name_5":null,"Party_5":null,"Votes_5":"0","Name_6":null,"Party_6":null,"Votes_6":"0","Name_7":null,"Party_7":null,"Votes_7":"0","Votes_total":"177","Pct_1":58.76,"Pct_2":20.9,"Pct_3":19.21,"Pct_4":1.13,"Pct_5":0,"Pct_6":0,"Pct_7":0,"Margin":37.86}},
{"type":"Feature","geometry":{"type":"Polygon","coordinates":[[[-121.94771158444614,48.103526063131184],[-121.94694992855604,48.103535504650345],[-121.94557189360502,48.10341057177335],[-121.93933351443636,48.10153887983305],[-121.93841527245435,48.10080601578835],[-121.93958641857908,48.09916218075178],[-121.93923377588078,48.09789182529529],[-121.93708668216782,48.09667796387803],[-121.93191311820486,48.09507631720632],[-121.92986309978679,48.09552651346589],[-121.92694612679043,48.09712005456665],[-121.92586514993253,48.09823136537723],[-121.92544050003094,48.10011402508245],[-121.92491915203237,48.100403682510226],[-121.92122198553128,48.100590057025144],[-121.91861009926801,48.101755022764266],[-121.91518197121364,48.104063595178445],[-121.91033470020373,48.10475898849864],[-121.90903897892632,48.1057310394024],[-121.90772175210829,48.10790744995779],[-121.90678260560067,48.10841477524884],[-121.90588138608432,48.11030274497966],[-121.90525097763003,48.110451963515644],[-121.90417924076459,48.1097041549134],[-121.90421441153056,48.115238389172276],[-121.90974207510706,48.115851844810265],[-121.90781964057,48.118861201620454],[-121.90596943377203,48.11910595387453],[-121.90405844198936,48.12127842834964],[-121.90397674353382,48.12360313726761],[-121.93704410721224,48.123999413538655],[-121.93710887933575,48.12178489151871],[-121.93857879893564,48.121817992525706],[-121.94070678480537,48.12047304134217],[-121.94213834839219,48.120110459584666],[-121.94217990379778,48.118212124553686],[-121.94283512645788,48.11818912144565],[-121.94343217070343,48.11813860723963],[-121.94402249515349,48.118060324771214],[-121.94460322574756,48.11795465722254],[-121.94517153027479,48.117822118752606],[-121.94572463990178,48.11766335518409],[-121.94625985851553,48.11747914031089],[-121.94677458012129,48.11727037212578],[-121.94714565503664,48.11709828978156],[-121.9493975688504,48.11549047506912],[-121.9507064599667,48.11368354941686],[-121.95110740215483,48.1120083150621],[-121.9507466934595,48.11007281197007],[-121.95035838803379,48.109343903023024],[-121.94902995150842,48.10756657184498],[-121.94867442802311,48.10661082978649],[-121.94874189930887,48.10599491201882],[-121.94889199281506,48.10563125408723],[-121.94926617151756,48.10512086007541],[-121.949499513864,48.104902709775644],[-121.95089040162168,48.104069237033656],[-121.95240107322415,48.10340179262649],[-121.95334329322178,48.10288458548586],[-121.95313395251877,48.102857582492945],[-121.95263747122466,48.10282583657788],[-121.95241729961884,48.102747701971865],[-121.95197773841225,48.10243883536331],[-121.95102307294034,48.10232415304464],[-121.9506495683186,48.10241843221673],[-121.94964071642347,48.103014523742246],[-121.94931458098857,48.10319375730296],[-121.94771207153134,48.10354859150095],[-121.94771158444614,48.103526063131184]]]},"properties":{"COUNTY":"Snohomish","PRECCODE":83914858,"PRECNAME":"Canyon Creek","PRECINCT":"Snohomish 83914858","DESCRIPTIO":"Granite Falls Rural Far Northeast (River & Forest Heights, River-N-Forest Estates, 119th Street)","OFFICE":"PUD Commissioner District 1","JURISDICTION":"Public Utility","RACE":"Snohomish County PUD Commissioner District 1","Name_1":"Sid Logan","Party_1":"None_1","Votes_1":"35","Name_2":"Janet St Clair","Party_2":"None_2","Votes_2":"26","Name_3":"Bruce King","Party_3":"None_3","Votes_3":"26","Name_4":"Write-In","Party_4":"None_4","Votes_4":"1","Name_5":null,"Party_5":null,"Votes_5":"0","Name_6":null,"Party_6":null,"Votes_6":"0","Name_7":null,"Party_7":null,"Votes_7":"0","Votes_total":"88","Pct_1":39.77,"Pct_2":29.55,"Pct_3":29.55,"Pct_4":1.14,"Pct_5":0,"Pct_6":0,"Pct_7":0,"Margin":10.22}},
{"type":"Feature","geometry":{"type":"Polygon","coordinates":[[[-122.78088021784508,46.908987402993645],[-122.79149385255015,46.90897337998064],[-122.79146120505219,46.90481174227914],[-122.7944564819977,46.90479092155727],[-122.79445696703188,46.90480259356143],[-122.80213380294602,46.90474899058115],[-122.80217857100247,46.90125978865834],[-122.81290244724198,46.90116508962119],[-122.813079384377,46.909037068334094],[-122.8262480284855,46.9091023890197],[-122.82627064732779,46.90703238398052],[-122.82927246633658,46.90703922045665],[-122.8293214976268,46.90911713061433],[-122.83400469154456,46.90913943516617],[-122.83412151538586,46.901085520715625],[-122.85755279525596,46.900921368552915],[-122.85760784212258,46.90108581659861],[-122.86634245385683,46.90107529458223],[-122.86633032381218,46.894726861258505],[-122.8662673017342,46.86490958257812],[-122.86626364550278,46.85649307327174],[-122.8612273577921,46.85647310639564],[-122.86124927413465,46.85955387858748],[-122.85478322442015,46.85957673209707],[-122.85479392337302,46.86204168949116],[-122.85202783391911,46.86407619797354],[-122.84933264496532,46.86423219704373],[-122.84553414910712,46.86331519278016],[-122.84431222437031,46.863499790995185],[-122.84427326372723,46.86116455376168],[-122.83890977765908,46.861202524722756],[-122.83890019554859,46.86033730794924],[-122.83383462425114,46.85989788219176],[-122.83096214293627,46.85983905930779],[-122.83082537505172,46.86027910095314],[-122.82991272223781,46.86042227657658],[-122.82963635611696,46.86046607425541],[-122.82885108556712,46.860421761731736],[-122.82840528711556,46.86038380936673],[-122.82754693847626,46.86036911820243],[-122.82623301076458,46.85938288179503],[-122.82649644148374,46.857505540118424],[-122.8027544417682,46.85877397616658],[-122.80184846929352,46.85849518745067],[-122.80046929929681,46.85847636145707],[-122.79263150732518,46.858990543691874],[-122.78033706683537,46.86092104663122],[-122.77627671801763,46.86079845861482],[-122.77413276101093,46.86128480530267],[-122.77314009237281,46.86181459662469],[-122.77002095252232,46.86359750912125],[-122.7672949192186,46.8648904842629],[-122.7666227889971,46.86515128804454],[-122.76524948393785,46.86561724681524],[-122.75482543502082,46.868539089545536],[-122.75352344224504,46.86887445175327],[-122.7517434135466,46.869246176918296],[-122.74967188118362,46.86959924718202],[-122.74964262191239,46.87249752023287],[-122.76140015595719,46.872370046781],[-122.76411042082073,46.86908384139701],[-122.76931196104009,46.86723814023648],[-122.77314336914974,46.86515350680036],[-122.7815599162618,46.865168876127726],[-122.78156909460974,46.88684894644693],[-122.78089335719707,46.90659035176334],[-122.78088021784508,46.908987402993645]]]},"properties":{"COUNTY":"Thurston","PRECCODE":14,"PRECNAME":"McIntosh West","PRECINCT":"Thurston 14","DESCRIPTIO":"Tenino Rural North (Chaenn Hill, Old Military Road)","OFFICE":"PUD Commissioner District 1","JURISDICTION":"Public Utility","RACE":"Thurston County PUD Commissioner District 1","Name_1":"Jim Campbell","Party_1":"None_1","Votes_1":"122","Name_2":"Troy Kirby","Party_2":"None_2","Votes_2":"84","Name_3":"Bruce D. Wilkinson, Jr.","Party_3":"None_3","Votes_3":"28","Name_4":"Write-In","Party_4":"None_4","Votes_4":"1","Name_5":null,"Party_5":null,"Votes_5":"0","Name_6":null,"Party_6":null,"Votes_6":"0","Name_7":null,"Party_7":null,"Votes_7":"0","Votes_total":"235","Pct_1":51.91,"Pct_2":35.74,"Pct_3":11.91,"Pct_4":0.43,"Pct_5":0,"Pct_6":0,"Pct_7":0,"Margin":16.17}},
{"type":"Feature","geometry":{"type":"Polygon","coordinates":[[[-122.79427291274028,46.96451675693769],[-122.79147828350652,46.96238564268065],[-122.79148702545805,46.96698284049049],[-122.78100183088489,46.9669001953511],[-122.7809635698483,46.974166641689635],[-122.76200345464704,46.97414358892476],[-122.76370649482305,46.97248743300564],[-122.76389723765108,46.9709081557681],[-122.76398874588868,46.97035501039127],[-122.7641031052449,46.96990478558587],[-122.76456864352531,46.96841714668299],[-122.76429382384707,46.966856962275756],[-122.74923992884808,46.9668356727272],[-122.74918465133344,46.966889244032735],[-122.74909303440717,46.98088550155008],[-122.74729072661535,46.98082169621545],[-122.73729343151912,46.984966946514135],[-122.73682224907502,46.98547636991324],[-122.74925427385041,46.98559639709558],[-122.75406465213904,46.986301685155034],[-122.75786214999205,46.9861049450847],[-122.75963618258922,46.98517334018318],[-122.76080416757759,46.98466167110549],[-122.76391386578742,46.98445344061441],[-122.77164634576127,46.98475960553668],[-122.77312611776557,46.985016552872565],[-122.79665783286374,46.99052640105138],[-122.80562976387772,46.98639896968691],[-122.81097971512823,46.98391221949238],[-122.81801345286526,46.98078437662615],[-122.816863271847,46.97986263373695],[-122.81179211988102,46.97796647973257],[-122.8091305697993,46.9748530893049],[-122.80070081818873,46.97117453198716],[-122.79427291274028,46.96451675693769]]]},"properties":{"COUNTY":"Thurston","PRECCODE":15,"PRECNAME":"Sunwood Lakes North","PRECINCT":"Thurston 15","DESCRIPTIO":"Lacey Rural Southeast (Evergreen Valley Grocery, Canterwood)","OFFICE":"PUD Commissioner District 1","JURISDICTION":"Public Utility","RACE":"Thurston County PUD Commissioner District 1","Name_1":"Jim Campbell","Party_1":"None_1","Votes_1":"82","Name_2":"Troy Kirby","Party_2":"None_2","Votes_2":"73","Name_3":"Bruce D. Wilkinson, Jr.","Party_3":"None_3","Votes_3":"27","Name_4":"Write-In","Party_4":"None_4","Votes_4":"1","Name_5":null,"Party_5":null,"Votes_5":"0","Name_6":null,"Party_6":null,"Votes_6":"0","Name_7":null,"Party_7":null,"Votes_7":"0","Votes_total":"183","Pct_1":44.81,"Pct_2":39.89,"Pct_3":14.75,"Pct_4":0.55,"Pct_5":0,"Pct_6":0,"Pct_7":0,"Margin":4.92}},
{"type":"Feature","geometry":{"type":"Polygon","coordinates":[[[-122.73682224907502,46.98547636991324],[-122.73729343151912,46.984966946514135],[-122.74729072661535,46.98082169621545],[-122.74909303440717,46.98088550155008],[-122.74918465133344,46.966889244032735],[-122.74932908455357,46.96674926864153],[-122.74928884826669,46.96326660403595],[-122.73858749057347,46.96332623922572],[-122.73857188935985,46.962810832471106],[-122.7385740512636,46.96183470775123],[-122.73797980618947,46.961932538440045],[-122.73732280698835,46.9619705383425],[-122.7365148063939,46.96188653853986],[-122.7352028054825,46.96201153848474],[-122.73287280608375,46.963158539483324],[-122.73064780688162,46.9662805396827],[-122.72951880647588,46.96610353956597],[-122.72724280632075,46.96695254001996],[-122.7271248057103,46.967632539911975],[-122.72613780557404,46.96786453958377],[-122.72536980709917,46.96825653936109],[-122.72495380650642,46.968299540270955],[-122.71988680513826,46.9682515411271],[-122.72024680598574,46.97024754043457],[-122.72233980691342,46.97445954071163],[-122.71977743757591,46.976605699065566],[-122.72269149991219,46.97948807409249],[-122.72301962186607,46.98533529126452],[-122.73323518286293,46.9849390817371],[-122.73682224907502,46.98547636991324]]]},"properties":{"COUNTY":"Thurston","PRECCODE":22,"PRECNAME":"Eaton Creek North","PRECINCT":"Thurston 22","DESCRIPTIO":"Lacey Rural Farther Southeast (LZ Ranch Airport, Chestnut Hill)","OFFICE":"PUD Commissioner District 1","JURISDICTION":"Public Utility","RACE":"Thurston County PUD Commissioner District 1","Name_1":"Troy Kirby","Party_1":"None_2","Votes_1":"61","Name_2":"Jim Campbell","Party_2":"None_1","Votes_2":"58","Name_3":"Bruce D. Wilkinson, Jr.","Party_3":"None_3","Votes_3":"24","Name_4":"Write-In","Party_4":"None_4","Votes_4":"2","Name_5":null,"Party_5":null,"Votes_5":"0","Name_6":null,"Party_6":null,"Votes_6":"0","Name_7":null,"Party_7":null,"Votes_7":"0","Votes_total":"145","Pct_1":42.07,"Pct_2":40,"Pct_3":16.55,"Pct_4":1.38,"Pct_5":0,"Pct_6":0,"Pct_7":0,"Margin":2.07}},
{"type":"Feature","geometry":{"type":"MultiPolygon","coordinates":[[[[-122.78436197738594,46.99614972922139],[-122.7834589535847,46.99658043548011],[-122.78503217057505,46.996152489530886],[-122.78436197738594,46.99614972922139]]],[[[-122.78877882368026,46.999485534910576],[-122.78834698778033,46.99861158084453],[-122.78835833979964,46.99850307091594],[-122.7881020013178,46.99822035097856],[-122.78568873503247,46.99615580136419],[-122.78533436747988,46.99615359606721],[-122.78827074702271,46.998696187231616],[-122.78865548108645,47.000104320678815],[-122.78823794729641,47.0011573884706],[-122.78909508266682,47.0032585876171],[-122.78873368367735,47.00435558707103],[-122.78620774829048,47.00394358819204],[-122.78599188220218,47.002989122210444],[-122.78353834836169,47.00248378858738],[-122.78306614774853,47.000815988394805],[-122.78340294839771,46.999824989327756],[-122.78264994727454,46.998519187865895],[-122.78113487937284,46.998085387542375],[-122.78259434675442,46.99760312110309],[-122.78327062370506,46.99667518081537],[-122.78093939480031,46.99784796574432],[-122.76898203412253,47.00329015505482],[-122.77013933126395,47.00358502567743],[-122.77571102519114,47.00355742160677],[-122.78484420093378,47.00548001908072],[-122.7900281149164,47.00459157227168],[-122.79004082477302,47.004107534818615],[-122.79131182415927,47.00383253534214],[-122.79129282416801,47.00115953516625],[-122.78996282330598,47.00118453513759],[-122.78989182331185,46.99953553485297],[-122.78877882368026,46.999485534910576]]]]},"properties":{"COUNTY":"Thurston","PRECCODE":23,"PRECNAME":"Pattison East","PRECINCT":"Thurston 23","DESCRIPTIO":"Lake Country South (Lake Pattison Northwest, Gentle Ridge)","OFFICE":"PUD Commissioner District 1","JURISDICTION":"Public Utility","RACE":"Thurston County PUD Commissioner District 1","Name_1":"Jim Campbell","Party_1":"None_1","Votes_1":"100","Name_2":"Troy Kirby","Party_2":"None_2","Votes_2":"63","Name_3":"Bruce D. Wilkinson, Jr.","Party_3":"None_3","Votes_3":"29","Name_4":"Write-In","Party_4":"None_4","Votes_4":"4","Name_5":null,"Party_5":null,"Votes_5":"0","Name_6":null,"Party_6":null,"Votes_6":"0","Name_7":null,"Party_7":null,"Votes_7":"0","Votes_total":"196","Pct_1":51.02,"Pct_2":32.14,"Pct_3":14.8,"Pct_4":2.04,"Pct_5":0,"Pct_6":0,"Pct_7":0,"Margin":18.88}},
{"type":"Feature","geometry":{"type":"Polygon","coordinates":[[[-122.49839098156646,46.843247922165496],[-122.49872928363347,46.84450173954589],[-122.49925847509849,46.84698387995324],[-122.49765804799047,46.84949666455107],[-122.49798575568448,46.852410528779146],[-122.49642999471075,46.854482591992294],[-122.49854248816962,46.85561107967284],[-122.50224861178862,46.85643867608663],[-122.50416270118995,46.85914639762676],[-122.5077400998298,46.86000153751764],[-122.51078436640945,46.8612384168278],[-122.52364277331236,46.86793849916404],[-122.52883259380877,46.870093620595064],[-122.52913137031089,46.83636560109764],[-122.5356574359101,46.83630199911743],[-122.53545469333449,46.8350415557283],[-122.53388374465855,46.83313155343959],[-122.53252841792789,46.832754746436315],[-122.52909354833369,46.83271669109535],[-122.52730234971716,46.833505068010965],[-122.52002616371026,46.841166887296495],[-122.51817226967518,46.84162314704836],[-122.51437874392191,46.841170555758985],[-122.5073818527723,46.83997671180101],[-122.49898474113893,46.83973755709999],[-122.4988419026068,46.84048861861088],[-122.49839098156646,46.843247922165496]]]},"properties":{"COUNTY":"Thurston","PRECCODE":28,"PRECNAME":"Cougar Mountain","PRECINCT":"Thurston 28","DESCRIPTIO":"Yelm Rural Farther Southeast (Cougar Mountain Airfield, Longmire Barn)","OFFICE":"PUD Commissioner District 1","JURISDICTION":"Public Utility","RACE":"Thurston County PUD Commissioner District 1","Name_1":"Jim Campbell","Party_1":"None_1","Votes_1":"46","Name_2":"Troy Kirby","Party_2":"None_2","Votes_2":"26","Name_3":"Bruce D. Wilkinson, Jr.","Party_3":"None_3","Votes_3":"23","Name_4":null,"Party_4":null,"Votes_4":"0","Name_5":null,"Party_5":null,"Votes_5":"0","Name_6":null,"Party_6":null,"Votes_6":"0","Name_7":null,"Party_7":null,"Votes_7":"0","Votes_total":"95","Pct_1":48.42,"Pct_2":27.37,"Pct_3":24.21,"Pct_4":0,"Pct_5":0,"Pct_6":0,"Pct_7":0,"Margin":21.05}},
{"type":"Feature","geometry":{"type":"Polygon","coordinates":[[[-122.83382317337544,46.965185769530486],[-122.83386527575425,46.952623373305194],[-122.84401282116147,46.952534526880314],[-122.84448982045164,46.94910152645292],[-122.84612411079931,46.94807739027054],[-122.84815623463597,46.9458714496131],[-122.85025641280149,46.945282968412414],[-122.85476178501874,46.945437142917896],[-122.8543665221074,46.944494272639275],[-122.85462351716606,46.94185506784892],[-122.84434400032795,46.94178741512777],[-122.84442072140689,46.94528516621498],[-122.81265219073265,46.94533691499885],[-122.81258852412556,46.94893547482147],[-122.80200044536957,46.94893446918875],[-122.80200596248565,46.959749464570784],[-122.8049762927177,46.96008827314334],[-122.80667538699952,46.9607350813492],[-122.80855015850484,46.963015220741674],[-122.80980356791919,46.9636274601511],[-122.81620738150899,46.963947919089385],[-122.8234339807319,46.96519300027695],[-122.83382317337544,46.965185769530486]]]},"properties":{"COUNTY":"Thurston","PRECCODE":36,"PRECNAME":"Rich","PRECINCT":"Thurston 36","DESCRIPTIO":"Lacey Rural Far Southwest (East Olympia Elementary School, Lattin's Mill)","OFFICE":"PUD Commissioner District 1","JURISDICTION":"Public Utility","RACE":"Thurston County PUD Commissioner District 1","Name_1":"Jim Campbell","Party_1":"None_1","Votes_1":"143","Name_2":"Troy Kirby","Party_2":"None_2","Votes_2":"99","Name_3":"Bruce D. Wilkinson, Jr.","Party_3":"None_3","Votes_3":"26","Name_4":"Write-In","Party_4":"None_4","Votes_4":"3","Name_5":null,"Party_5":null,"Votes_5":"0","Name_6":null,"Party_6":null,"Votes_6":"0","Name_7":null,"Party_7":null,"Votes_7":"0","Votes_total":"271","Pct_1":52.77,"Pct_2":36.53,"Pct_3":9.59,"Pct_4":1.11,"Pct_5":0,"Pct_6":0,"Pct_7":0,"Margin":16.24}},
{"type":"Feature","geometry":{"type":"Polygon","coordinates":[[[-122.8663546766642,46.90922111196478],[-122.86563026054134,46.909218927671205],[-122.86553832187029,46.916491329033875],[-122.90793088690337,46.91659039981235],[-122.90575422183915,46.91163504696543],[-122.90539162639257,46.90801076468229],[-122.9097151875866,46.89625581219863],[-122.9115258070177,46.893486118453005],[-122.91271376471451,46.88778347609404],[-122.91517116496092,46.88200991353918],[-122.91438467997992,46.87778631441982],[-122.91673623636608,46.87495037858227],[-122.91945442272825,46.86971465373919],[-122.92265943725344,46.868445799002075],[-122.92352823475747,46.86761449445473],[-122.92354393561281,46.863829740534946],[-122.9342217039849,46.848115708445384],[-122.93401368351617,46.83371249443778],[-122.89316357578524,46.8425454790503],[-122.89483242901692,46.846152354118786],[-122.89095607186006,46.84739667426191],[-122.89091924966591,46.84880681062495],[-122.87809158576113,46.84871761897028],[-122.8777286353922,46.850515439988364],[-122.8764869784725,46.85053761527884],[-122.87416488514778,46.8526981930514],[-122.87298851958236,46.85543780529283],[-122.86949165692427,46.85541214857516],[-122.86947321245934,46.85659161479827],[-122.87091828684264,46.85747831415568],[-122.8710776166908,46.85770946748952],[-122.87089193368789,46.857718624544354],[-122.87087477994469,46.85777333817457],[-122.8708324659553,46.857824805071516],[-122.87077404159122,46.857862925828805],[-122.8706951186786,46.85788974934747],[-122.87052921512615,46.8578994113945],[-122.87034415289837,46.8578737980867],[-122.86669725435965,46.85683000540089],[-122.86626441941972,46.85660532919327],[-122.8662673017342,46.86490958257812],[-122.86633032381218,46.894726861258505],[-122.8663546766642,46.90922111196478]]]},"properties":{"COUNTY":"Thurston","PRECCODE":45,"PRECNAME":"Rocky Prairie","PRECINCT":"Thurston 45","DESCRIPTIO":"Tenino Rural West (Rocky Prairie, Violet Prairie Road)","OFFICE":"PUD Commissioner District 1","JURISDICTION":"Public Utility","RACE":"Thurston County PUD Commissioner District 1","Name_1":"Jim Campbell","Party_1":"None_1","Votes_1":"111","Name_2":"Troy Kirby","Party_2":"None_2","Votes_2":"69","Name_3":"Bruce D. Wilkinson, Jr.","Party_3":"None_3","Votes_3":"36","Name_4":"Write-In","Party_4":"None_4","Votes_4":"1","Name_5":null,"Party_5":null,"Votes_5":"0","Name_6":null,"Party_6":null,"Votes_6":"0","Name_7":null,"Party_7":null,"Votes_7":"0","Votes_total":"217","Pct_1":51.15,"Pct_2":31.8,"Pct_3":16.59,"Pct_4":0.46,"Pct_5":0,"Pct_6":0,"Pct_7":0,"Margin":19.35}},
{"type":"Feature","geometry":{"type":"Polygon","coordinates":[[[-122.82310294588859,47.07589991664977],[-122.83928184649659,47.075921327300165],[-122.83960030552112,47.07859035259302],[-122.84098040719637,47.08078619008041],[-122.84436815073579,47.08331956469753],[-122.8649643485879,47.0834615233141],[-122.86495047778226,47.06894911934646],[-122.85686164886552,47.06881383884955],[-122.85564568972852,47.06986488458941],[-122.85296066124293,47.06961178378773],[-122.85024502370504,47.0687486167225],[-122.84432088496347,47.06869816625827],[-122.84432100000332,47.06868337417776],[-122.83218642402989,47.06864459775686],[-122.82305307339772,47.06861493318014],[-122.82310294588859,47.07589991664977]]]},"properties":{"COUNTY":"Thurston","PRECCODE":47,"PRECNAME":"Woodard Creek","PRECINCT":"Thurston 47","DESCRIPTIO":"E. Olympia Rural Northeast (South Bay Fire Station, Pleasant Glade Substation)","OFFICE":"PUD Commissioner District 1","JURISDICTION":"Public Utility","RACE":"Thurston County PUD Commissioner District 1","Name_1":"Jim Campbell","Party_1":"None_1","Votes_1":"163","Name_2":"Troy Kirby","Party_2":"None_2","Votes_2":"79","Name_3":"Bruce D. Wilkinson, Jr.","Party_3":"None_3","Votes_3":"44","Name_4":null,"Party_4":null,"Votes_4":"0","Name_5":null,"Party_5":null,"Votes_5":"0","Name_6":null,"Party_6":null,"Votes_6":"0","Name_7":null,"Party_7":null,"Votes_7":"0","Votes_total":"286","Pct_1":56.99,"Pct_2":27.62,"Pct_3":15.38,"Pct_4":0,"Pct_5":0,"Pct_6":0,"Pct_7":0,"Margin":29.37}},
{"type":"Feature","geometry":{"type":"Polygon","coordinates":[[[-122.76636902605595,46.971499363332896],[-122.76707850413773,46.97158706525639],[-122.7699547070845,46.971537447941074],[-122.76897077093291,46.97046184822552],[-122.76888640205877,46.968657391828096],[-122.76743699662002,46.96429724435871],[-122.76950455881716,46.961855848334146],[-122.77059938673102,46.961468466757594],[-122.77388190138113,46.96152599693429],[-122.7753003710425,46.9609116110373],[-122.7861018144718,46.96089053286826],[-122.78867881489316,46.96025553272568],[-122.79005581430626,46.961306532862935],[-122.79180781480214,46.96045253225928],[-122.79606581567089,46.959837531963096],[-122.80200596248565,46.959749464570784],[-122.80200044536957,46.94893446918875],[-122.80207737341897,46.937957451485836],[-122.79678028891368,46.9379821142378],[-122.79683190098564,46.93441548587681],[-122.79146922828856,46.93443362588608],[-122.79152813111993,46.91621119538129],[-122.78090162448086,46.916201070086714],[-122.78082222985728,46.92338952262725],[-122.74883676869345,46.92329676673486],[-122.73877078677646,46.923314072448],[-122.73831574184182,46.952392690053955],[-122.73857381338892,46.95309247531684],[-122.73857188935985,46.962810832471106],[-122.73858749057347,46.96332623922572],[-122.74928884826669,46.96326660403595],[-122.74932908455357,46.96674926864153],[-122.74923992884808,46.9668356727272],[-122.76429382384707,46.966856962275756],[-122.76456864352531,46.96841714668299],[-122.7641031052449,46.96990478558587],[-122.76398874588868,46.97035501039127],[-122.76389723765108,46.9709081557681],[-122.76382079995435,46.97152221385755],[-122.76495753343859,46.97153758521132],[-122.76542265971337,46.97156803717215],[-122.76636902605595,46.971499363332896]]]},"properties":{"COUNTY":"Thurston","PRECCODE":51,"PRECNAME":"Spurgeon Creek","PRECINCT":"Thurston 51","DESCRIPTIO":"Lacey Rural Far South (Fox Ridge, Equus Lane)","OFFICE":"PUD Commissioner District 1","JURISDICTION":"Public Utility","RACE":"Thurston County PUD Commissioner District 1","Name_1":"Troy Kirby","Party_1":"None_2","Votes_1":"111","Name_2":"Jim Campbell","Party_2":"None_1","Votes_2":"98","Name_3":"Bruce D. Wilkinson, Jr.","Party_3":"None_3","Votes_3":"23","Name_4":null,"Party_4":null,"Votes_4":"0","Name_5":null,"Party_5":null,"Votes_5":"0","Name_6":null,"Party_6":null,"Votes_6":"0","Name_7":null,"Party_7":null,"Votes_7":"0","Votes_total":"232","Pct_1":47.84,"Pct_2":42.24,"Pct_3":9.91,"Pct_4":0,"Pct_5":0,"Pct_6":0,"Pct_7":0,"Margin":5.6}},
{"type":"Feature","geometry":{"type":"Polygon","coordinates":[[[-122.82649644148374,46.857505540118424],[-122.83085405859825,46.85715590595667],[-122.83085460947446,46.856734753886194],[-122.83388448117356,46.856572227063666],[-122.83388312697831,46.85629693920145],[-122.8442706837095,46.85567507820423],[-122.84429969328433,46.853149065858744],[-122.84640965140356,46.85316652128322],[-122.84665613670052,46.85405811825227],[-122.85471960847876,46.853925804957626],[-122.85800301431095,46.851405221678846],[-122.85818161330654,46.85055797603611],[-122.83907530538495,46.85051179271779],[-122.83898940928465,46.836080450290915],[-122.84430761747998,46.836050867976745],[-122.84465248328156,46.82595361817671],[-122.83493311908173,46.825994828516656],[-122.8349060015299,46.81692088086272],[-122.82051001189726,46.816967570752304],[-122.82049821523107,46.81444203979568],[-122.80268993071311,46.81449808848639],[-122.80278780311657,46.80719964039491],[-122.78147138917281,46.80739062043405],[-122.7815160776132,46.80366841832377],[-122.77627290038123,46.803516842917176],[-122.77634131119342,46.79994233841363],[-122.76051209513196,46.79973511396065],[-122.75020545549629,46.800038831191486],[-122.74976681053852,46.80113454603413],[-122.7497862278622,46.807227376800356],[-122.73982200052383,46.807396251144446],[-122.73954770716877,46.80129031592636],[-122.75149891642812,46.79131725434821],[-122.7662508972877,46.77800567120476],[-122.78706454346523,46.76363950007105],[-122.69912256455106,46.76385391820355],[-122.6574783116296,46.76331933451624],[-122.61575080450064,46.76214434932071],[-122.6152103276022,46.791979053746566],[-122.61561312119721,46.80699416470318],[-122.61395294052049,46.835981521302394],[-122.59373209286403,46.83556316666558],[-122.59375866083248,46.832000509644175],[-122.58316224052392,46.83224110213369],[-122.58327509323588,46.828687129408834],[-122.57272429485214,46.82871101573416],[-122.57254759541073,46.832367865963],[-122.56709341812929,46.83243642949596],[-122.56717153690862,46.83060111276849],[-122.56173438506828,46.8306357821818],[-122.56143265462998,46.83251505472954],[-122.55856628971608,46.83255186336055],[-122.56164293263849,46.83365609111174],[-122.56575473082135,46.83594871570249],[-122.56660866373706,46.83753848742436],[-122.56910445416497,46.837381915057385],[-122.57027465492531,46.838728686287226],[-122.57189430163191,46.839062396016125],[-122.5728624334993,46.839910309128214],[-122.57470145137253,46.83959797176666],[-122.57539666685827,46.83825823529047],[-122.5766752089274,46.83802698147835],[-122.57990977853298,46.83909905342663],[-122.58219927264214,46.84168834778535],[-122.58437035540376,46.84174201154139],[-122.58618117832788,46.84080220854874],[-122.58787854529861,46.840876031718814],[-122.5930900791143,46.84374625550444],[-122.59428491753117,46.84396866763405],[-122.59549248454559,46.84364433985632],[-122.59552443428838,46.84446931373574],[-122.59712679065133,46.84556737096713],[-122.59858047762063,46.84505306764452],[-122.60051552920906,46.845133994639106],[-122.60275490205589,46.84420877965247],[-122.60508883725826,46.842758342522764],[-122.60928346489635,46.843447683480875],[-122.61869007864122,46.843721018737405],[-122.61962893253929,46.843872410653844],[-122.63447656892454,46.84697195500825],[-122.64088292088535,46.8476991061032],[-122.64283292503144,46.848770166921184],[-122.64659273665337,46.84989944684059],[-122.65110230074175,46.855303867136755],[-122.65201983613773,46.85604641219165],[-122.65433719520779,46.85737583376061],[-122.65700797970405,46.85791899935398],[-122.67245801371399,46.857802199541425],[-122.67772956448124,46.85971036972054],[-122.68345464520007,46.866042330031185],[-122.69164849629496,46.86911615217884],[-122.69301777848439,46.87002253802374],[-122.69436057538726,46.87302351930746],[-122.6976628678391,46.87665157718667],[-122.7007585278288,46.88178219507017],[-122.70819066037461,46.877648979565436],[-122.70948596827576,46.87703464723829],[-122.71317202291762,46.875839949350066],[-122.73866332548985,46.871473926944425],[-122.74415169930907,46.870537508137026],[-122.7517434135466,46.869246176918296],[-122.75352344224504,46.86887445175327],[-122.75482543502082,46.868539089545536],[-122.76524948393785,46.86561724681524],[-122.7666227889971,46.86515128804454],[-122.7672949192186,46.8648904842629],[-122.77002095252232,46.86359750912125],[-122.77314009237281,46.86181459662469],[-122.77413276101093,46.86128480530267],[-122.77627671801763,46.86079845861482],[-122.78033706683537,46.86092104663122],[-122.79263150732518,46.858990543691874],[-122.80046929929681,46.85847636145707],[-122.80184846929352,46.85849518745067],[-122.8027544417682,46.85877397616658],[-122.82649644148374,46.857505540118424]],[[-122.70948221911593,46.78340491726446],[-122.71199742066365,46.783096583996894],[-122.71405262126746,46.78338071812103],[-122.71455808772205,46.78277871710429],[-122.71603948783616,46.78345751734626],[-122.71862228765738,46.78268111751711],[-122.71743042215103,46.78507171677006],[-122.71729422230175,46.78674518512814],[-122.71580168888427,46.78655251709385],[-122.71246642236622,46.786976183370214],[-122.71132928680292,46.787590584918576],[-122.71004548645976,46.787619118575016],[-122.70961201963776,46.78832211799385],[-122.70520068782992,46.78807358486569],[-122.70393081942532,46.78839431937986],[-122.70213448681416,46.78804738652783],[-122.70122448689582,46.78813518562692],[-122.70094448657346,46.78863838514659],[-122.70011428685366,46.78761911892082],[-122.69485768584127,46.78826218714233],[-122.69352088476522,46.7887807869768],[-122.69303921936765,46.78820332012097],[-122.69027708521809,46.7877461200913],[-122.68734621671805,46.78758498704919],[-122.6829560841213,46.78800492071995],[-122.67817228135746,46.78739758758717],[-122.67590288063298,46.78757118833497],[-122.6745320815594,46.788665322139785],[-122.67188201691889,46.78878372293533],[-122.66989328171135,46.78956078947735],[-122.66871508093047,46.789233389705714],[-122.66344528076768,46.79120658909623],[-122.65606747972113,46.79087872386788],[-122.65175421232627,46.7915315241941],[-122.64915147839758,46.79053379059424],[-122.64778147725522,46.79068252562624],[-122.64519507879375,46.79190759263415],[-122.64025581045054,46.791405924702296],[-122.64283927664079,46.79081112562953],[-122.64551527732982,46.789631724489745],[-122.64864627912044,46.78992952417138],[-122.65163501198279,46.78936259160486],[-122.65784441305549,46.78903939025945],[-122.66212427958396,46.7884311901173],[-122.6642376800969,46.787600322816104],[-122.66615861535439,46.7873991901109],[-122.66728128126161,46.78666452282424],[-122.67035961472939,46.78587258851941],[-122.6721676143552,46.785922788583896],[-122.67361748268034,46.785305920834496],[-122.67679528216681,46.784810987336925],[-122.67984961701981,46.78481952151309],[-122.68117408171653,46.785183188608706],[-122.68219681698774,46.784547320559824],[-122.68527281553555,46.78437558748611],[-122.68590281563246,46.78388258708316],[-122.6855910153277,46.781352921104585],[-122.68720688236736,46.782158387465536],[-122.68893521537646,46.78236111943984],[-122.69202381653646,46.78183858669878],[-122.69761441797122,46.78329318602939],[-122.7022300847166,46.78256731925878],[-122.70541668570809,46.78379058510968],[-122.70730341850796,46.78334531823065],[-122.70948221911593,46.78340491726446]]]},"properties":{"COUNTY":"Thurston","PRECCODE":53,"PRECNAME":"Vail","PRECINCT":"Thurston 53","DESCRIPTIO":"Rainier Rural South (Vail, Johnson Creek Road), Tenino Rural Southeast (Churchill Road)","OFFICE":"PUD Commissioner District 1","JURISDICTION":"Public Utility","RACE":"Thurston County PUD Commissioner District 1","Name_1":"Jim Campbell","Party_1":"None_1","Votes_1":"173","Name_2":"Troy Kirby","Party_2":"None_2","Votes_2":"100","Name_3":"Bruce D. Wilkinson, Jr.","Party_3":"None_3","Votes_3":"56","Name_4":null,"Party_4":null,"Votes_4":"0","Name_5":null,"Party_5":null,"Votes_5":"0","Name_6":null,"Party_6":null,"Votes_6":"0","Name_7":null,"Party_7":null,"Votes_7":"0","Votes_total":"329","Pct_1":52.58,"Pct_2":30.4,"Pct_3":17.02,"Pct_4":0,"Pct_5":0,"Pct_6":0,"Pct_7":0,"Margin":22.18}},
{"type":"Feature","geometry":{"type":"Polygon","coordinates":[[[-122.8649694740617,47.08710261449945],[-122.8954154341335,47.08710223402464],[-122.89547690070435,47.0860007231016],[-122.90107586581016,47.08600815403489],[-122.90075347125196,47.08128787897075],[-122.90225339336897,47.078203286677144],[-122.90319502621732,47.07752030838978],[-122.9035033984107,47.076098370795286],[-122.90429091508555,47.07557175404153],[-122.90078361342181,47.07556733282156],[-122.90072682943679,47.07721798148367],[-122.89754063322603,47.07722884148167],[-122.89752994144051,47.07826045863949],[-122.89489391180696,47.0782712524234],[-122.89493075161155,47.077253711226895],[-122.89062800191223,47.0772682807914],[-122.89069180568511,47.06953814965897],[-122.88937647476124,47.06953865101833],[-122.88937207685278,47.06934765470334],[-122.88812665639134,47.06934721289293],[-122.88794947104638,47.06935870615697],[-122.88798834347044,47.07506223874815],[-122.88843184688051,47.077695510758424],[-122.88971265870862,47.078793834931915],[-122.8649601247977,47.07895620811004],[-122.8649694740617,47.08710261449945]]]},"properties":{"COUNTY":"Thurston","PRECCODE":63,"PRECNAME":"Ames","PRECINCT":"Thurston 63","DESCRIPTIO":"E. Olympia Rural Northwest (Squaxin Park Trailhead, Ellis Creek Farm)","OFFICE":"PUD Commissioner District 1","JURISDICTION":"Public Utility","RACE":"Thurston County PUD Commissioner District 1","Name_1":"Jim Campbell","Party_1":"None_1","Votes_1":"159","Name_2":"Troy Kirby","Party_2":"None_2","Votes_2":"75","Name_3":"Bruce D. Wilkinson, Jr.","Party_3":"None_3","Votes_3":"38","Name_4":"Write-In","Party_4":"None_4","Votes_4":"4","Name_5":null,"Party_5":null,"Votes_5":"0","Name_6":null,"Party_6":null,"Votes_6":"0","Name_7":null,"Party_7":null,"Votes_7":"0","Votes_total":"276","Pct_1":57.61,"Pct_2":27.17,"Pct_3":13.77,"Pct_4":1.45,"Pct_5":0,"Pct_6":0,"Pct_7":0,"Margin":30.44}},
{"type":"Feature","geometry":{"type":"Polygon","coordinates":[[[-122.84402198629707,47.14317200649334],[-122.84456896258399,47.143735039993196],[-122.84443461244786,47.14554993749803],[-122.84499700025242,47.14654713633357],[-122.84444890655838,47.148092313973365],[-122.84099052234772,47.14959941983725],[-122.83954673101317,47.15140527104657],[-122.83839702064466,47.151544087844535],[-122.84062851293888,47.15350854605653],[-122.83986137237522,47.155210901073374],[-122.84085516043284,47.157766519116116],[-122.84079094054412,47.159142040718095],[-122.8423138084599,47.1602138714521],[-122.84263055344591,47.16146632209961],[-122.84152264999084,47.1631943371319],[-122.84211111915441,47.1641266893284],[-122.8437340963391,47.16464416911695],[-122.84509352864848,47.16435165117737],[-122.84749935484378,47.16303143286397],[-122.8485519527369,47.1611246986426],[-122.84829840520702,47.16254516742133],[-122.8505209380178,47.16483902334857],[-122.85133546889911,47.16502927468793],[-122.85252980115335,47.16472141260809],[-122.85457676320462,47.1626556548542],[-122.85675168523277,47.1624024691299],[-122.85928262597584,47.16280103801457],[-122.86117906035481,47.162037846563],[-122.86244985845983,47.1607761225385],[-122.86347698040119,47.1586727403088],[-122.86325649013533,47.15733786075415],[-122.86129280178075,47.15783602837229],[-122.8606247610051,47.15751909954838],[-122.86097249149803,47.1585494632154],[-122.85980524164654,47.1577522731807],[-122.85978838581654,47.15819306381462],[-122.85878608096128,47.15851300381573],[-122.85775408070835,47.15829668833684],[-122.85729479951453,47.15855270809232],[-122.85712908909366,47.158074917679585],[-122.85646492667512,47.158420441880196],[-122.85625243101163,47.15782198977553],[-122.85500684183363,47.15757033563381],[-122.85487813090221,47.156403769373384],[-122.8555899743635,47.15548517479588],[-122.85557906925578,47.15681739660491],[-122.85818248291005,47.15788667719427],[-122.86113094430112,47.156072624904816],[-122.86171321099911,47.1566952277829],[-122.8630022566325,47.15516355439419],[-122.86278482764911,47.1544510096265],[-122.86525967491428,47.152299511286],[-122.86340133423424,47.15624307418895],[-122.864675016943,47.15618735587664],[-122.86473936931347,47.15692879367259],[-122.86645193341029,47.15801221519425],[-122.8677901722536,47.15799211716524],[-122.87040916155425,47.157034684077985],[-122.87095787332396,47.1489300985678],[-122.8579412643085,47.14875342227951],[-122.86300712811081,47.14137091351231],[-122.85510070451818,47.1417488226157],[-122.85534148029114,47.143311764707704],[-122.84402198629707,47.14317200649334]]]},"properties":{"COUNTY":"Thurston","PRECCODE":66,"PRECNAME":"Fishtrap","PRECINCT":"Thurston 66","DESCRIPTIO":"E. Olympia Rural Farthest Northeast (Fishtrap Loop, Evergreen Drive, Willow Drive)","OFFICE":"PUD Commissioner District 1","JURISDICTION":"Public Utility","RACE":"Thurston County PUD Commissioner District 1","Name_1":"Jim Campbell","Party_1":"None_1","Votes_1":"167","Name_2":"Troy Kirby","Party_2":"None_2","Votes_2":"59","Name_3":"Bruce D. Wilkinson, Jr.","Party_3":"None_3","Votes_3":"47","Name_4":"Write-In","Party_4":"None_4","Votes_4":"1","Name_5":null,"Party_5":null,"Votes_5":"0","Name_6":null,"Party_6":null,"Votes_6":"0","Name_7":null,"Party_7":null,"Votes_7":"0","Votes_total":"274","Pct_1":60.95,"Pct_2":21.53,"Pct_3":17.15,"Pct_4":0.36,"Pct_5":0,"Pct_6":0,"Pct_7":0,"Margin":39.42}},
{"type":"Feature","geometry":{"type":"Polygon","coordinates":[[[-122.8247059707248,47.097783371780444],[-122.82437544755098,47.096085254812444],[-122.82261858098,47.094432925592315],[-122.82257015374081,47.093548433422335],[-122.82350189983349,47.09248122077106],[-122.82239088127076,47.092260801685036],[-122.82089997522253,47.09124744521879],[-122.8225471759466,47.08963304533297],[-122.82190274976405,47.089015049601656],[-122.82066081843385,47.088951446962035],[-122.82047383728413,47.08791549606144],[-122.82058354638724,47.08627290207533],[-122.82127803128712,47.085453187149795],[-122.8209179921605,47.08517723697715],[-122.82140306093632,47.08464436162814],[-122.82226131485858,47.0846490291374],[-122.82215884624362,47.083713212248384],[-122.82316824055312,47.08194716790002],[-122.8220537926508,47.080461356720114],[-122.82254371192923,47.07782733336156],[-122.82139134510993,47.07589567649814],[-122.82310294588859,47.07589991664977],[-122.82305307339772,47.06861493318014],[-122.82040415742276,47.068597378698925],[-122.81869877574326,47.06860868938756],[-122.81623455152965,47.0686090962],[-122.81623788736557,47.06924352809139],[-122.81860878325477,47.0695468606322],[-122.81958380716094,47.070503744750724],[-122.81720916046919,47.07178313419269],[-122.81801377797177,47.07306885893323],[-122.81782403324195,47.07957658783888],[-122.80985088605267,47.07955224424033],[-122.80978709447267,47.075873340191066],[-122.80183873791816,47.07585659129204],[-122.80179676360989,47.08691682063681],[-122.80173463420991,47.0977940991649],[-122.80275303477859,47.09777301747221],[-122.8247059707248,47.097783371780444]]]},"properties":{"COUNTY":"Thurston","PRECCODE":88,"PRECNAME":"Woodland","PRECINCT":"Thurston 88","DESCRIPTIO":"Lacey Rural North (Foxhall, Hollywood Drive)","OFFICE":"PUD Commissioner District 1","JURISDICTION":"Public Utility","RACE":"Thurston County PUD Commissioner District 1","Name_1":"Jim Campbell","Party_1":"None_1","Votes_1":"152","Name_2":"Troy Kirby","Party_2":"None_2","Votes_2":"50","Name_3":"Bruce D. Wilkinson, Jr.","Party_3":"None_3","Votes_3":"40","Name_4":null,"Party_4":null,"Votes_4":"0","Name_5":null,"Party_5":null,"Votes_5":"0","Name_6":null,"Party_6":null,"Votes_6":"0","Name_7":null,"Party_7":null,"Votes_7":"0","Votes_total":"242","Pct_1":62.81,"Pct_2":20.66,"Pct_3":16.53,"Pct_4":0,"Pct_5":0,"Pct_6":0,"Pct_7":0,"Margin":42.15}},
{"type":"Feature","geometry":{"type":"Polygon","coordinates":[[[-122.85462813665072,47.010776859605606],[-122.86317537794261,47.01085572574222],[-122.86524596139748,47.01084452390253],[-122.86521361556908,47.003861571494745],[-122.86440463444926,47.00351836722545],[-122.86386235006098,47.00318476474848],[-122.86302410270636,47.00239247084944],[-122.8625415582359,47.00208712442368],[-122.86198916706924,47.00184375755271],[-122.86138381928332,47.00166981426562],[-122.86113093223634,47.00162096590254],[-122.85479162553068,47.00067167367923],[-122.85462813665072,47.010776859605606]]]},"properties":{"COUNTY":"Thurston","PRECCODE":90,"PRECNAME":"Sweet Briar","PRECINCT":"Thurston 90","DESCRIPTIO":"Unincorporated S. Olympia North (Centennial Elementary, Newcastle, Wilderness West Apartments)","OFFICE":"PUD Commissioner District 1","JURISDICTION":"Public Utility","RACE":"Thurston County PUD Commissioner District 1","Name_1":"Jim Campbell","Party_1":"None_1","Votes_1":"266","Name_2":"Troy Kirby","Party_2":"None_2","Votes_2":"83","Name_3":"Bruce D. Wilkinson, Jr.","Party_3":"None_3","Votes_3":"52","Name_4":"Write-In","Party_4":"None_4","Votes_4":"2","Name_5":null,"Party_5":null,"Votes_5":"0","Name_6":null,"Party_6":null,"Votes_6":"0","Name_7":null,"Party_7":null,"Votes_7":"0","Votes_total":"403","Pct_1":66,"Pct_2":20.6,"Pct_3":12.9,"Pct_4":0.5,"Pct_5":0,"Pct_6":0,"Pct_7":0,"Margin":45.4}},
{"type":"Feature","geometry":{"type":"Polygon","coordinates":[[[-122.85193422421013,46.99627314473648],[-122.85191367659202,46.99226499628648],[-122.85500331606872,46.99231895829184],[-122.85583672020759,46.99200151352655],[-122.85644613035478,46.99260694163774],[-122.86521344313014,46.99269536004665],[-122.87276375125938,46.99266907857373],[-122.87079395515303,46.992295821620935],[-122.86864701618596,46.99078942318858],[-122.85729161797167,46.989595759014556],[-122.85503661384281,46.989327185860894],[-122.85475027466893,46.98889088020096],[-122.85162613020923,46.988675229342476],[-122.84445323196663,46.987292642137625],[-122.84433045355686,46.996229040410974],[-122.85193422421013,46.99627314473648]]]},"properties":{"COUNTY":"Thurston","PRECCODE":97,"PRECNAME":"Delridge","PRECINCT":"Thurston 97","DESCRIPTIO":"Unincorporated S. Olympia Southeast (Indian Summer Golf Course Far West, Hickory Court)","OFFICE":"PUD Commissioner District 1","JURISDICTION":"Public Utility","RACE":"Thurston County PUD Commissioner District 1","Name_1":"Jim Campbell","Party_1":"None_1","Votes_1":"51","Name_2":"Troy Kirby","Party_2":"None_2","Votes_2":"26","Name_3":"Bruce D. Wilkinson, Jr.","Party_3":"None_3","Votes_3":"9","Name_4":null,"Party_4":null,"Votes_4":"0","Name_5":null,"Party_5":null,"Votes_5":"0","Name_6":null,"Party_6":null,"Votes_6":"0","Name_7":null,"Party_7":null,"Votes_7":"0","Votes_total":"86","Pct_1":59.3,"Pct_2":30.23,"Pct_3":10.47,"Pct_4":0,"Pct_5":0,"Pct_6":0,"Pct_7":0,"Margin":29.07}},
{"type":"Feature","geometry":{"type":"Polygon","coordinates":[[[-122.87822076618559,47.001725599250854],[-122.8757258277326,47.00173397016693],[-122.875725709192,46.99541107860572],[-122.87461239482681,46.995869749360224],[-122.87371616170991,46.99562136642137],[-122.87365433201659,46.99274670361353],[-122.86521344313014,46.99269536004665],[-122.85644613035478,46.99260694163774],[-122.85583672020759,46.99200151352655],[-122.85500331606872,46.99231895829184],[-122.85191367659202,46.99226499628648],[-122.85193422421013,46.99627314473648],[-122.85899537828998,46.99630985959571],[-122.86517198001053,46.99624717088078],[-122.86519229272653,46.99997605264733],[-122.86356399165261,46.99999795584855],[-122.86356480943932,47.00162253442428],[-122.8653409248445,47.00161016802464],[-122.86521361556908,47.003861571494745],[-122.86802626219846,47.00472663646052],[-122.8686199492744,47.00470538936963],[-122.87154551869165,47.0044596819025],[-122.87221233581069,47.00396114672928],[-122.87340209613548,47.00358953454935],[-122.87819975121997,47.00354527191963],[-122.87819985612394,47.002948251413834],[-122.87822689233586,47.002947683690344],[-122.87822076618559,47.001725599250854]]]},"properties":{"COUNTY":"Thurston","PRECCODE":100,"PRECNAME":"Hewitt Lake","PRECINCT":"Thurston 100","DESCRIPTIO":"Unincorporated S. Olympia West (Hewitt Lake, Glenmore South, Delridge)","OFFICE":"PUD Commissioner District 1","JURISDICTION":"Public Utility","RACE":"Thurston County PUD Commissioner District 1","Name_1":"Jim Campbell","Party_1":"None_1","Votes_1":"249","Name_2":"Troy Kirby","Party_2":"None_2","Votes_2":"93","Name_3":"Bruce D. Wilkinson, Jr.","Party_3":"None_3","Votes_3":"54","Name_4":"Write-In","Party_4":"None_4","Votes_4":"4","Name_5":null,"Party_5":null,"Votes_5":"0","Name_6":null,"Party_6":null,"Votes_6":"0","Name_7":null,"Party_7":null,"Votes_7":"0","Votes_total":"400","Pct_1":62.25,"Pct_2":23.25,"Pct_3":13.5,"Pct_4":1,"Pct_5":0,"Pct_6":0,"Pct_7":0,"Margin":39}},
{"type":"Feature","geometry":{"type":"Polygon","coordinates":[[[-122.84402198629707,47.14317200649334],[-122.85534148029114,47.143311764707704],[-122.85510070451818,47.1417488226157],[-122.86300712811081,47.14137091351231],[-122.8579412643085,47.14875342227951],[-122.87095787332396,47.1489300985678],[-122.87040916155425,47.157034684077985],[-122.87526124808026,47.15470756723732],[-122.87610030858849,47.15384639897909],[-122.87592312537734,47.15316556921129],[-122.87682525413676,47.152394949217516],[-122.87725523369429,47.15089909139646],[-122.87712046260435,47.15385203208906],[-122.87749601941049,47.15407283088778],[-122.8781538887934,47.15363963463385],[-122.88065495551439,47.15154825135095],[-122.88465299479479,47.14595211635122],[-122.88615986241207,47.144959788105965],[-122.8862217010925,47.12247368904764],[-122.88470190017227,47.12002812162232],[-122.8815911007971,47.116993466105185],[-122.88128964237914,47.11610203764278],[-122.8756739490934,47.11612273297281],[-122.87566962691751,47.11793611859344],[-122.87302619846103,47.11793823487912],[-122.8730281109072,47.11974933491749],[-122.86508497075293,47.1197480021564],[-122.84953375927968,47.11961477398929],[-122.84452146415629,47.119611058099245],[-122.84435948524232,47.13036007536523],[-122.84490029736942,47.13055196506458],[-122.84723511305369,47.129584229117434],[-122.84852611088608,47.126823272162994],[-122.84945479212266,47.12737102380118],[-122.85121141517176,47.127209977583924],[-122.85308714936127,47.125205344671464],[-122.85416622641847,47.12506991810444],[-122.85433814126009,47.124616156558275],[-122.85474403521492,47.12498141365325],[-122.85558390633115,47.12486063689597],[-122.85766743479971,47.12314728471526],[-122.85882234412692,47.12296994175921],[-122.85848398216335,47.12233292995462],[-122.85895686946046,47.12251050699254],[-122.85934493738955,47.121807735512434],[-122.86181267337277,47.120896728714605],[-122.85956414407353,47.12221343731103],[-122.85930915175241,47.12331432615157],[-122.8579800763059,47.12384682441621],[-122.85807674802669,47.12437236424304],[-122.85351880039036,47.12665580537843],[-122.85250527614593,47.127573911435036],[-122.85279050010577,47.128214313372226],[-122.85233474621124,47.12867019516676],[-122.85017559761444,47.12860907549094],[-122.84948196379804,47.130278335462606],[-122.84743548695458,47.13194984741147],[-122.84562466481418,47.132455345921336],[-122.84190864455539,47.13213113242187],[-122.83999274097236,47.13301754404587],[-122.84062701746407,47.1337151911393],[-122.84272563960161,47.133447958710526],[-122.8435046526092,47.1337304866822],[-122.84407366147992,47.132993104433396],[-122.8457965870885,47.13307980578483],[-122.84643154005559,47.13348511972873],[-122.84645617699006,47.13468174524828],[-122.84800771094137,47.136275642806844],[-122.84896660117899,47.13663970573977],[-122.85107913254771,47.135620714383585],[-122.85040321001577,47.13718973879748],[-122.85153909726866,47.13761922524823],[-122.85145338501644,47.13817147966064],[-122.85324226624857,47.14017052260862],[-122.85384450541297,47.139564184003284],[-122.85489029296318,47.13934265056364],[-122.85528663693974,47.13864405688103],[-122.85653037597592,47.13861282749652],[-122.85372170026379,47.141009272893065],[-122.8536195104721,47.142108495119146],[-122.85314406707475,47.14099655315553],[-122.85161933489208,47.139667929424064],[-122.85110729333454,47.13981757593253],[-122.85035526726593,47.1388907119997],[-122.84962455299276,47.13881021846198],[-122.8494958233073,47.13818743443413],[-122.84778581283592,47.137795060987685],[-122.844955167113,47.136185254011885],[-122.84449541574708,47.13803364114482],[-122.84348053776132,47.139220480076055],[-122.84320484156537,47.14098819901138],[-122.84402198629707,47.14317200649334]]]},"properties":{"COUNTY":"Thurston","PRECCODE":101,"PRECNAME":"Zangle","PRECINCT":"Thurston 101","DESCRIPTIO":"E. Olympia Rural Farthest North (Woodard Bay, Boston Harbor Elementary School)","OFFICE":"PUD Commissioner District 1","JURISDICTION":"Public Utility","RACE":"Thurston County PUD Commissioner District 1","Name_1":"Jim Campbell","Party_1":"None_1","Votes_1":"157","Name_2":"Troy Kirby","Party_2":"None_2","Votes_2":"56","Name_3":"Bruce D. Wilkinson, Jr.","Party_3":"None_3","Votes_3":"39","Name_4":null,"Party_4":null,"Votes_4":"0","Name_5":null,"Party_5":null,"Votes_5":"0","Name_6":null,"Party_6":null,"Votes_6":"0","Name_7":null,"Party_7":null,"Votes_7":"0","Votes_total":"252","Pct_1":62.3,"Pct_2":22.22,"Pct_3":15.48,"Pct_4":0,"Pct_5":0,"Pct_6":0,"Pct_7":0,"Margin":40.08}},
{"type":"Feature","geometry":{"type":"Polygon","coordinates":[[[-122.88571386145213,47.116093366672764],[-122.88128964237914,47.11610203764278],[-122.8815911007971,47.116993466105185],[-122.88470190017227,47.12002812162232],[-122.8862217010925,47.12247368904764],[-122.88615986241207,47.144959788105965],[-122.88638161438297,47.14553019854231],[-122.88729183016433,47.14550306273434],[-122.89118858727083,47.14401611290169],[-122.8926818477793,47.14141599561791],[-122.89228972849926,47.140837769158864],[-122.89319198787625,47.14100384640717],[-122.89369668851064,47.14022576433931],[-122.89329736634552,47.1436366445167],[-122.89517358880772,47.14455668167262],[-122.89558346100885,47.146017997802275],[-122.89640323380934,47.146302806229606],[-122.8981877616637,47.145029668989764],[-122.90009059127365,47.14491232183051],[-122.90074581250673,47.14436173528835],[-122.90094384410878,47.14342381188193],[-122.9003352825536,47.14246933895016],[-122.90098735795978,47.14115693450925],[-122.90044448728209,47.14056379516249],[-122.90105015512073,47.13980146201478],[-122.90218283192715,47.14007898508041],[-122.90430868553851,47.139572074880334],[-122.90692880219657,47.140472846758],[-122.90749402883336,47.13994056497077],[-122.90725103856533,47.13755025901997],[-122.90525002776238,47.131918885417576],[-122.90438451432757,47.13097102622249],[-122.90407969471964,47.128696061899774],[-122.9030491707865,47.127113530142594],[-122.90143878478996,47.125938905249996],[-122.90125150067847,47.12499915755165],[-122.89993092949081,47.123524921294376],[-122.89908654696062,47.123218773069155],[-122.89814269968245,47.12167433869347],[-122.8946443960626,47.11884127561658],[-122.89409214700461,47.11572763930259],[-122.89294757940723,47.11381667673829],[-122.89119687883554,47.11248837734621],[-122.8896630076537,47.11397315770277],[-122.88864389657707,47.11423853831484],[-122.88825807974757,47.11508011792706],[-122.88903303170446,47.115750762490144],[-122.88796089469096,47.116311683815184],[-122.88793130076043,47.11765319625053],[-122.88723429519783,47.11585214605564],[-122.88627589856905,47.11639057244924],[-122.88584138019542,47.11806997453216],[-122.88571386145213,47.116093366672764]]]},"properties":{"COUNTY":"Thurston","PRECCODE":102,"PRECNAME":"Boston Harbor","PRECINCT":"Thurston 102","DESCRIPTIO":"E. Olympia Rural Farthest Northwest (Boston Harbor Marina, Burfoot Park)","OFFICE":"PUD Commissioner District 1","JURISDICTION":"Public Utility","RACE":"Thurston County PUD Commissioner District 1","Name_1":"Jim Campbell","Party_1":"None_1","Votes_1":"252","Name_2":"Troy Kirby","Party_2":"None_2","Votes_2":"72","Name_3":"Bruce D. Wilkinson, Jr.","Party_3":"None_3","Votes_3":"41","Name_4":"Write-In","Party_4":"None_4","Votes_4":"1","Name_5":null,"Party_5":null,"Votes_5":"0","Name_6":null,"Party_6":null,"Votes_6":"0","Name_7":null,"Party_7":null,"Votes_7":"0","Votes_total":"366","Pct_1":68.85,"Pct_2":19.67,"Pct_3":11.2,"Pct_4":0.27,"Pct_5":0,"Pct_6":0,"Pct_7":0,"Margin":49.18}},
{"type":"Feature","geometry":{"type":"Polygon","coordinates":[[[-122.8946665829818,47.09714850083529],[-122.88705261291692,47.09729682120841],[-122.88375126623262,47.101860490954316],[-122.87560128017513,47.10204791507984],[-122.8756739490934,47.11612273297281],[-122.88571386145213,47.116093366672764],[-122.88623054209656,47.114971251919044],[-122.88712842086288,47.11488931298595],[-122.88719247599816,47.11419062768789],[-122.8859165064199,47.11276225332113],[-122.88511780691267,47.10995577829946],[-122.88586801142894,47.11018049004746],[-122.88670337688909,47.11236699662764],[-122.88824994583484,47.11295236210993],[-122.89065086840098,47.11086959317673],[-122.8918954124543,47.110473072595106],[-122.89278562942123,47.11081485537586],[-122.893099906171,47.110175562932326],[-122.8941723090965,47.105381861075315],[-122.893797138775,47.10128402729339],[-122.8946665829818,47.09714850083529]]]},"properties":{"COUNTY":"Thurston","PRECCODE":103,"PRECNAME":"Gull Harbor","PRECINCT":"Thurston 103","DESCRIPTIO":"E. Olympia Rural Farther Northwest (Gull Harbor, Seashore Senior MHP, Indian Road)","OFFICE":"PUD Commissioner District 1","JURISDICTION":"Public Utility","RACE":"Thurston County PUD Commissioner District 1","Name_1":"Jim Campbell","Party_1":"None_1","Votes_1":"100","Name_2":"Troy Kirby","Party_2":"None_2","Votes_2":"44","Name_3":"Bruce D. Wilkinson, Jr.","Party_3":"None_3","Votes_3":"34","Name_4":null,"Party_4":null,"Votes_4":"0","Name_5":null,"Party_5":null,"Votes_5":"0","Name_6":null,"Party_6":null,"Votes_6":"0","Name_7":null,"Party_7":null,"Votes_7":"0","Votes_total":"178","Pct_1":56.18,"Pct_2":24.72,"Pct_3":19.1,"Pct_4":0,"Pct_5":0,"Pct_6":0,"Pct_7":0,"Margin":31.46}},
{"type":"Feature","geometry":{"type":"Polygon","coordinates":[[[-122.84525888107797,47.08400412878038],[-122.84969910823165,47.08787360425449],[-122.84953375927968,47.11961477398929],[-122.86508497075293,47.1197480021564],[-122.86497455877742,47.090713531405264],[-122.8649643485879,47.0834615233141],[-122.84436815073579,47.08331956469753],[-122.84525888107797,47.08400412878038]]]},"properties":{"COUNTY":"Thurston","PRECCODE":104,"PRECNAME":"Friendly Grove","PRECINCT":"Thurston 104","DESCRIPTIO":"E. Olympia Rural Far North (Lemon Road, Eagle Lake Lane)","OFFICE":"PUD Commissioner District 1","JURISDICTION":"Public Utility","RACE":"Thurston County PUD Commissioner District 1","Name_1":"Jim Campbell","Party_1":"None_1","Votes_1":"96","Name_2":"Troy Kirby","Party_2":"None_2","Votes_2":"41","Name_3":"Bruce D. Wilkinson, Jr.","Party_3":"None_3","Votes_3":"30","Name_4":null,"Party_4":null,"Votes_4":"0","Name_5":null,"Party_5":null,"Votes_5":"0","Name_6":null,"Party_6":null,"Votes_6":"0","Name_7":null,"Party_7":null,"Votes_7":"0","Votes_total":"167","Pct_1":57.49,"Pct_2":24.55,"Pct_3":17.96,"Pct_4":0,"Pct_5":0,"Pct_6":0,"Pct_7":0,"Margin":32.94}},
{"type":"Feature","geometry":{"type":"Polygon","coordinates":[[[-122.82047383728413,47.08791549606144],[-122.82097148282585,47.088681633913104],[-122.82241037787868,47.08887345004251],[-122.82294745780257,47.08946425962646],[-122.82292781781709,47.09005116188345],[-122.8214056184053,47.091076738107795],[-122.82408805459504,47.09256300752387],[-122.82328270654773,47.09355507350228],[-122.82337673827836,47.094361355413916],[-122.82549882618031,47.095662739796566],[-122.8259150427981,47.09515298873466],[-122.8278405494808,47.094939223313425],[-122.82792841754706,47.094386193256554],[-122.82835040596265,47.09481923970673],[-122.82905564969165,47.094792018906716],[-122.82814463547771,47.09628511043072],[-122.828526486898,47.097779711300696],[-122.82803726656066,47.09850670704571],[-122.8284532573921,47.098555249093344],[-122.82771116928905,47.098955566998086],[-122.8276347710445,47.0996942377762],[-122.82855970203866,47.100350657057916],[-122.82981512497119,47.10039935902569],[-122.8299007521891,47.10079677054617],[-122.82749365967025,47.10087113716013],[-122.8274321863031,47.10141328782964],[-122.8279452182776,47.10216517955907],[-122.82880124977544,47.10203468929178],[-122.82790066299162,47.10269818293084],[-122.82807019471814,47.10333897784913],[-122.82921513453155,47.103435649800176],[-122.82819485466634,47.103982875302265],[-122.82812452449409,47.105203572528396],[-122.82887919041893,47.10538446434404],[-122.82814072190097,47.10592924329366],[-122.82839034303271,47.106957827212376],[-122.82759826895224,47.10759851023831],[-122.82846163564189,47.10826085378686],[-122.82850779951971,47.11074243055878],[-122.83013944721571,47.111236149463046],[-122.83161282977713,47.11319457985731],[-122.8321746479494,47.114466656754566],[-122.83151367419026,47.11515736548182],[-122.83396941802863,47.11628734121108],[-122.83421777512416,47.117162171706674],[-122.83528094804765,47.117873960743445],[-122.83566688710584,47.11725596874646],[-122.8352889923251,47.11677330242949],[-122.83617315427364,47.117455293438326],[-122.83575986508146,47.117393597478504],[-122.83611318640465,47.11798214845203],[-122.83561253997925,47.117817088283374],[-122.83543931167314,47.118356501037034],[-122.83626359609356,47.11915173974814],[-122.83693453226486,47.11917292056951],[-122.8363423234609,47.1194616914946],[-122.83897552606622,47.12060159466843],[-122.83833873876462,47.1207897789829],[-122.83830813598385,47.12129065685718],[-122.83964668171541,47.12245598276325],[-122.84219139077908,47.12996685054265],[-122.84320749524875,47.13094434656604],[-122.84435948524232,47.13036007536523],[-122.84452146415629,47.119611058099245],[-122.84953375927968,47.11961477398929],[-122.84969910823165,47.08787360425449],[-122.84525888107797,47.08400412878038],[-122.84098040719637,47.08078619008041],[-122.83960030552112,47.07859035259302],[-122.83928184649659,47.075921327300165],[-122.82139134510993,47.07589567649814],[-122.82254371192923,47.07782733336156],[-122.8220537926508,47.080461356720114],[-122.82316824055312,47.08194716790002],[-122.82215884624362,47.083713212248384],[-122.82226131485858,47.0846490291374],[-122.82140306093632,47.08464436162814],[-122.8209179921605,47.08517723697715],[-122.82127803128712,47.085453187149795],[-122.82058354638724,47.08627290207533],[-122.82047383728413,47.08791549606144]]]},"properties":{"COUNTY":"Thurston","PRECCODE":105,"PRECNAME":"South Bay","PRECINCT":"Thurston 105","DESCRIPTIO":"E. Olympia Rural Far Northeast (South Bay Elementary School, South Bay Terrace)","OFFICE":"PUD Commissioner District 1","JURISDICTION":"Public Utility","RACE":"Thurston County PUD Commissioner District 1","Name_1":"Jim Campbell","Party_1":"None_1","Votes_1":"176","Name_2":"Troy Kirby","Party_2":"None_2","Votes_2":"90","Name_3":"Bruce D. Wilkinson, Jr.","Party_3":"None_3","Votes_3":"48","Name_4":null,"Party_4":null,"Votes_4":"0","Name_5":null,"Party_5":null,"Votes_5":"0","Name_6":null,"Party_6":null,"Votes_6":"0","Name_7":null,"Party_7":null,"Votes_7":"0","Votes_total":"314","Pct_1":56.05,"Pct_2":28.66,"Pct_3":15.29,"Pct_4":0,"Pct_5":0,"Pct_6":0,"Pct_7":0,"Margin":27.39}},
{"type":"Feature","geometry":{"type":"Polygon","coordinates":[[[-122.87154741526159,47.06196602698556],[-122.87150647306821,47.062695769515074],[-122.86933167611271,47.06272662186128],[-122.86725517388699,47.064296928294205],[-122.86504070861572,47.06448757219517],[-122.86495047778226,47.06894911934646],[-122.8649601247977,47.07895620811004],[-122.88971265870862,47.078793834931915],[-122.88843184688051,47.077695510758424],[-122.88798834347044,47.07506223874815],[-122.88794679152981,47.06882823537834],[-122.87321757295429,47.06887659695144],[-122.87303099806779,47.06985095480239],[-122.87244645989006,47.069850246020835],[-122.87239796649004,47.067666195654105],[-122.87147764494085,47.067670637805016],[-122.87147407436503,47.06662556970696],[-122.87566439941865,47.06666270138101],[-122.87568243842846,47.06202151149169],[-122.87331540702637,47.06200255509075],[-122.87330021238657,47.06257811640154],[-122.87203278035908,47.06264867297811],[-122.87205317413688,47.06193700160349],[-122.87154741526159,47.06196602698556]]]},"properties":{"COUNTY":"Thurston","PRECCODE":107,"PRECNAME":"Bigelow","PRECINCT":"Thurston 107","DESCRIPTIO":"E. Olympia Rural North (Friendly Grove Park, Freeman Lane, Tom Evans Road)","OFFICE":"PUD Commissioner District 1","JURISDICTION":"Public Utility","RACE":"Thurston County PUD Commissioner District 1","Name_1":"Jim Campbell","Party_1":"None_1","Votes_1":"160","Name_2":"Troy Kirby","Party_2":"None_2","Votes_2":"65","Name_3":"Bruce D. Wilkinson, Jr.","Party_3":"None_3","Votes_3":"29","Name_4":"Write-In","Party_4":"None_4","Votes_4":"1","Name_5":null,"Party_5":null,"Votes_5":"0","Name_6":null,"Party_6":null,"Votes_6":"0","Name_7":null,"Party_7":null,"Votes_7":"0","Votes_total":"255","Pct_1":62.75,"Pct_2":25.49,"Pct_3":11.37,"Pct_4":0.39,"Pct_5":0,"Pct_6":0,"Pct_7":0,"Margin":37.26}},
{"type":"Feature","geometry":{"type":"Polygon","coordinates":[[[-122.81623455152965,47.0686090962],[-122.81869877574326,47.06860868938756],[-122.82040415742276,47.068597378698925],[-122.82305307339772,47.06861493318014],[-122.82305002890153,47.06313531707631],[-122.82307278563243,47.05766101522065],[-122.81794336510575,47.057643711858354],[-122.8178852351377,47.06135450022433],[-122.81511177867198,47.06135538072658],[-122.81510320426031,47.06498037106352],[-122.82040098341669,47.06498291388987],[-122.82040215166587,47.066281667736526],[-122.81624475767555,47.06627806339389],[-122.81623455152965,47.0686090962]]]},"properties":{"COUNTY":"Thurston","PRECCODE":109,"PRECNAME":"Pleasant Glade","PRECINCT":"Thurston 109","DESCRIPTIO":"Lacey Rural Near North (Judd Street, Cunningham, Hidden Village Manufactured Home Cooperative)","OFFICE":"PUD Commissioner District 1","JURISDICTION":"Public Utility","RACE":"Thurston County PUD Commissioner District 1","Name_1":"Troy Kirby","Party_1":"None_2","Votes_1":"21","Name_2":"Bruce D. Wilkinson, Jr.","Party_2":"None_3","Votes_2":"12","Name_3":"Jim Campbell","Party_3":"None_1","Votes_3":"11","Name_4":null,"Party_4":null,"Votes_4":"0","Name_5":null,"Party_5":null,"Votes_5":"0","Name_6":null,"Party_6":null,"Votes_6":"0","Name_7":null,"Party_7":null,"Votes_7":"0","Votes_total":"44","Pct_1":47.73,"Pct_2":27.27,"Pct_3":25,"Pct_4":0,"Pct_5":0,"Pct_6":0,"Pct_7":0,"Margin":20.46}},
{"type":"Feature","geometry":{"type":"Polygon","coordinates":[[[-122.85024502370504,47.0687486167225],[-122.85296066124293,47.06961178378773],[-122.85564568972852,47.06986488458941],[-122.85686164886552,47.06881383884955],[-122.86495047778226,47.06894911934646],[-122.86504070861572,47.06448757219517],[-122.86725517388699,47.064296928294205],[-122.86933167611271,47.06272662186128],[-122.87150647306821,47.062695769515074],[-122.87154741526159,47.06196602698556],[-122.87171292308456,47.05749390003105],[-122.875686743421,47.0575257360472],[-122.87513139114962,47.05740998376237],[-122.87565826627416,47.05442711150033],[-122.87567337001354,47.05162238582678],[-122.87515752628713,47.05159101888552],[-122.87516248682954,47.05201983386921],[-122.87318116092464,47.052011776979235],[-122.87335883160921,47.051040751334604],[-122.87343221545409,47.05034634575569],[-122.87080432113103,47.05035771021986],[-122.870791999539,47.049153842559434],[-122.8702837663515,47.049154637202875],[-122.8702959451442,47.0488064300055],[-122.86791550819052,47.04881863855473],[-122.86790950237169,47.050824870222286],[-122.86878876519872,47.05082887130074],[-122.86879181980765,47.05218351746886],[-122.86627725081506,47.05217912896629],[-122.86627660460024,47.05164147448781],[-122.8641503943918,47.051767069573],[-122.86396931344706,47.050231405309326],[-122.86512931563908,47.05006247219005],[-122.86512740590446,47.04928279009558],[-122.86319360680213,47.04949629894172],[-122.86319026100249,47.047415601119354],[-122.86081407826549,47.04738247398832],[-122.86081235587478,47.04819479650366],[-122.85966669784534,47.04818598006472],[-122.85966802094995,47.048532580299415],[-122.86080430624321,47.048540311634305],[-122.86080221687969,47.04886922830293],[-122.859116420753,47.048986401626635],[-122.85911914181182,47.050804728020736],[-122.8549132121828,47.05076850495828],[-122.85490727652987,47.05690120740185],[-122.85399094894225,47.0568722411416],[-122.85399381434327,47.05793257920968],[-122.85373263158418,47.05710210983856],[-122.84959570563625,47.05705107046695],[-122.8496789992847,47.06873663269196],[-122.85024502370504,47.0687486167225]]]},"properties":{"COUNTY":"Thurston","PRECCODE":112,"PRECNAME":"Roosevelt","PRECINCT":"Thurston 112","DESCRIPTIO":"E. Olympia Rural Near North (Bigelow Lake, Eighth Avenue Park)","OFFICE":"PUD Commissioner District 1","JURISDICTION":"Public Utility","RACE":"Thurston County PUD Commissioner District 1","Name_1":"Jim Campbell","Party_1":"None_1","Votes_1":"155","Name_2":"Troy Kirby","Party_2":"None_2","Votes_2":"88","Name_3":"Bruce D. Wilkinson, Jr.","Party_3":"None_3","Votes_3":"64","Name_4":"Write-In","Party_4":"None_4","Votes_4":"5","Name_5":null,"Party_5":null,"Votes_5":"0","Name_6":null,"Party_6":null,"Votes_6":"0","Name_7":null,"Party_7":null,"Votes_7":"0","Votes_total":"312","Pct_1":49.68,"Pct_2":28.21,"Pct_3":20.51,"Pct_4":1.6,"Pct_5":0,"Pct_6":0,"Pct_7":0,"Margin":21.47}},
{"type":"Feature","geometry":{"type":"Polygon","coordinates":[[[-122.86113093223634,47.00162096590254],[-122.86138381928332,47.00166981426562],[-122.86198916706924,47.00184375755271],[-122.8625415582359,47.00208712442368],[-122.86302410270636,47.00239247084944],[-122.86386235006098,47.00318476474848],[-122.86440463444926,47.00351836722545],[-122.86521361556908,47.003861571494745],[-122.8653409248445,47.00161016802464],[-122.86356480943932,47.00162253442428],[-122.86356399165261,46.99999795584855],[-122.86519229272653,46.99997605264733],[-122.86517198001053,46.99624717088078],[-122.85899537828998,46.99630985959571],[-122.84433045355686,46.996229040410974],[-122.8443385705154,46.997939806285146],[-122.85056520161463,46.99994426092767],[-122.86113093223634,47.00162096590254]]]},"properties":{"COUNTY":"Thurston","PRECCODE":120,"PRECNAME":"Hays","PRECINCT":"Thurston 120","DESCRIPTIO":"Unincorporated S. Olympia Center (Glenmore North, Chestnut Village)","OFFICE":"PUD Commissioner District 1","JURISDICTION":"Public Utility","RACE":"Thurston County PUD Commissioner District 1","Name_1":"Jim Campbell","Party_1":"None_1","Votes_1":"193","Name_2":"Troy Kirby","Party_2":"None_2","Votes_2":"67","Name_3":"Bruce D. Wilkinson, Jr.","Party_3":"None_3","Votes_3":"24","Name_4":"Write-In","Party_4":"None_4","Votes_4":"1","Name_5":null,"Party_5":null,"Votes_5":"0","Name_6":null,"Party_6":null,"Votes_6":"0","Name_7":null,"Party_7":null,"Votes_7":"0","Votes_total":"285","Pct_1":67.72,"Pct_2":23.51,"Pct_3":8.42,"Pct_4":0.35,"Pct_5":0,"Pct_6":0,"Pct_7":0,"Margin":44.21}},
{"type":"Feature","geometry":{"type":"Polygon","coordinates":[[[-122.83247976391753,46.992413334109266],[-122.83360775722308,46.99538947165332],[-122.83361224187105,46.99630340390971],[-122.8385624529997,46.996409802161494],[-122.84433851710583,46.99792952613965],[-122.84432993412409,46.996257559270454],[-122.84445323196663,46.987292642137625],[-122.84297190382784,46.98696718717963],[-122.82530874149164,46.98326008533815],[-122.82655290851933,46.98486795696434],[-122.82961028071517,46.98873301958853],[-122.83247976391753,46.992413334109266]]]},"properties":{"COUNTY":"Thurston","PRECCODE":121,"PRECNAME":"Indian Summer","PRECINCT":"Thurston 121","DESCRIPTIO":"Unincorporated S. Olympia Far Southeast (Indian Summer Golf Course)","OFFICE":"PUD Commissioner District 1","JURISDICTION":"Public Utility","RACE":"Thurston County PUD Commissioner District 1","Name_1":"Jim Campbell","Party_1":"None_1","Votes_1":"182","Name_2":"Troy Kirby","Party_2":"None_2","Votes_2":"82","Name_3":"Bruce D. Wilkinson, Jr.","Party_3":"None_3","Votes_3":"29","Name_4":"Write-In","Party_4":"None_4","Votes_4":"3","Name_5":null,"Party_5":null,"Votes_5":"0","Name_6":null,"Party_6":null,"Votes_6":"0","Name_7":null,"Party_7":null,"Votes_7":"0","Votes_total":"296","Pct_1":61.49,"Pct_2":27.7,"Pct_3":9.8,"Pct_4":1.01,"Pct_5":0,"Pct_6":0,"Pct_7":0,"Margin":33.79}},
{"type":"Feature","geometry":{"type":"Polygon","coordinates":[[[-122.81801345286526,46.98078437662615],[-122.82097126181341,46.97939096789278],[-122.82339749166738,46.98078990913685],[-122.82530874149164,46.98326008533815],[-122.84297190382784,46.98696718717963],[-122.84445323196663,46.987292642137625],[-122.85162613020923,46.988675229342476],[-122.85475027466893,46.98889088020096],[-122.83857469017889,46.96797419642849],[-122.83772129544055,46.96736388875602],[-122.83505967495998,46.96692561621296],[-122.83388874097487,46.96621292907366],[-122.83382317337544,46.965185769530486],[-122.8234339807319,46.96519300027695],[-122.81620738150899,46.963947919089385],[-122.80980356791919,46.9636274601511],[-122.80855015850484,46.963015220741674],[-122.80667538699952,46.9607350813492],[-122.8049762927177,46.96008827314334],[-122.80200596248565,46.959749464570784],[-122.79606581567089,46.959837531963096],[-122.79180781480214,46.96045253225928],[-122.79005581430626,46.961306532862935],[-122.79033781534703,46.96153053309085],[-122.79082781496055,46.96188853247296],[-122.79427291274028,46.96451675693769],[-122.80070081818873,46.97117453198716],[-122.8091305697993,46.9748530893049],[-122.81179211988102,46.97796647973257],[-122.816863271847,46.97986263373695],[-122.81801345286526,46.98078437662615]]]},"properties":{"COUNTY":"Thurston","PRECCODE":122,"PRECNAME":"Chambers","PRECINCT":"Thurston 122","DESCRIPTIO":"Lacey Rural Southwest (Talcott Ridge, East Olympia Fire Station)","OFFICE":"PUD Commissioner District 1","JURISDICTION":"Public Utility","RACE":"Thurston County PUD Commissioner District 1","Name_1":"Jim Campbell","Party_1":"None_1","Votes_1":"263","Name_2":"Troy Kirby","Party_2":"None_2","Votes_2":"146","Name_3":"Bruce D. Wilkinson, Jr.","Party_3":"None_3","Votes_3":"58","Name_4":"Write-In","Party_4":"None_4","Votes_4":"2","Name_5":null,"Party_5":null,"Votes_5":"0","Name_6":null,"Party_6":null,"Votes_6":"0","Name_7":null,"Party_7":null,"Votes_7":"0","Votes_total":"469","Pct_1":56.08,"Pct_2":31.13,"Pct_3":12.37,"Pct_4":0.43,"Pct_5":0,"Pct_6":0,"Pct_7":0,"Margin":24.95}},
{"type":"Feature","geometry":{"type":"Polygon","coordinates":[[[-122.60275490205589,46.84420877965247],[-122.60466051062951,46.84437648913396],[-122.60822892171242,46.845465202424286],[-122.60940129192859,46.845542438987536],[-122.61070832288779,46.844600611897064],[-122.61378651860393,46.84515824547914],[-122.61333475182451,46.86509810425009],[-122.64483292086135,46.8651372558612],[-122.64467057157867,46.872415915940735],[-122.65518112587725,46.87261871618084],[-122.65565648009064,46.85864943185432],[-122.65700797970405,46.85791899935398],[-122.65433719520779,46.85737583376061],[-122.65201983613773,46.85604641219165],[-122.65110230074175,46.855303867136755],[-122.64659273665337,46.84989944684059],[-122.64283292503144,46.848770166921184],[-122.64088292088535,46.8476991061032],[-122.63447656892454,46.84697195500825],[-122.61962893253929,46.843872410653844],[-122.61869007864122,46.843721018737405],[-122.60928346489635,46.843447683480875],[-122.60508883725826,46.842758342522764],[-122.60275490205589,46.84420877965247]]]},"properties":{"COUNTY":"Thurston","PRECCODE":127,"PRECNAME":"Ruth Prairie","PRECINCT":"Thurston 127","DESCRIPTIO":"Rainier Rural Far Southeast (Champion Lane, Village Drive)","OFFICE":"PUD Commissioner District 1","JURISDICTION":"Public Utility","RACE":"Thurston County PUD Commissioner District 1","Name_1":"Jim Campbell","Party_1":"None_1","Votes_1":"82","Name_2":"Troy Kirby","Party_2":"None_2","Votes_2":"51","Name_3":"Bruce D. Wilkinson, Jr.","Party_3":"None_3","Votes_3":"21","Name_4":"Write-In","Party_4":"None_4","Votes_4":"1","Name_5":null,"Party_5":null,"Votes_5":"0","Name_6":null,"Party_6":null,"Votes_6":"0","Name_7":null,"Party_7":null,"Votes_7":"0","Votes_total":"155","Pct_1":52.9,"Pct_2":32.9,"Pct_3":13.55,"Pct_4":0.65,"Pct_5":0,"Pct_6":0,"Pct_7":0,"Margin":20}},
{"type":"Feature","geometry":{"type":"MultiPolygon","coordinates":[[[[-122.26510945757269,46.763039991285225],[-122.26324860702509,46.76303080133884],[-122.26403521029434,46.763417364389866],[-122.26510945757269,46.763039991285225]]],[[[-122.25972394419989,46.76311949788377],[-122.21564082926574,46.7629819883307],[-122.21596967071424,46.76348496975844],[-122.21738400394516,46.76390850192336],[-122.22078420617083,46.76433696943098],[-122.2233340056876,46.765415968769624],[-122.22774607343058,46.76630983537646],[-122.22940680762667,46.76791376681508],[-122.23354914170721,46.76938170094138],[-122.23850060805475,46.77326630133233],[-122.24049847742567,46.77435050105581],[-122.24370981038089,46.77527156684513],[-122.24558554357415,46.774140966247344],[-122.24765267812904,46.771392033014486],[-122.24909087772436,46.77028549904463],[-122.2506854775744,46.770278032256144],[-122.25243821141592,46.77100036533046],[-122.25610294418158,46.769656232223724],[-122.25942014359876,46.76771616519043],[-122.26103134336712,46.765278897370294],[-122.26201067845456,46.764709098500354],[-122.25972394419989,46.76311949788377]]],[[[-122.31690361858605,46.76344822513335],[-122.26534826008778,46.76304116820017],[-122.26520327798653,46.76346969795036],[-122.26729934456047,46.7644642970901],[-122.26963527854474,46.76458709626965],[-122.26946494679113,46.76572889643008],[-122.27285134513693,46.768063163651945],[-122.27450214674285,46.76840676262294],[-122.27546554843506,46.76945676266438],[-122.27843068132724,46.76988949566357],[-122.27943014842805,46.769328963539934],[-122.28397781442601,46.77026629565188],[-122.284964683216,46.77110929509671],[-122.28504155106636,46.771964629442714],[-122.28595148300883,46.77216822833253],[-122.28606188344605,46.773095828894675],[-122.28865421800865,46.77407482849973],[-122.28963095266673,46.77370309491694],[-122.28948475102206,46.774746160907966],[-122.29129228473582,46.775531228812525],[-122.2920072863832,46.77729942958586],[-122.2936906204582,46.77764269493124],[-122.29515222065184,46.77708502764779],[-122.29642235265965,46.77752442906733],[-122.29844308678986,46.77751009522737],[-122.29921668556686,46.77814496146498],[-122.29995335430992,46.77811302802879],[-122.29963302088017,46.778687094903916],[-122.30094295432404,46.780530961346265],[-122.30417582195537,46.78178336153488],[-122.30289595609521,46.78208162713228],[-122.30361029002822,46.78447095995851],[-122.3032595573219,46.78628669343773],[-122.3038894890878,46.78674022769111],[-122.30602242194549,46.78690622759762],[-122.30918815801364,46.78909409447894],[-122.31044729014303,46.789011560172376],[-122.31038809043447,46.790559027769184],[-122.31222869205338,46.7920731608039],[-122.31369129224467,46.79096602777098],[-122.31228835772501,46.79012076133583],[-122.30971195538379,46.783733759827015],[-122.31137975700906,46.78050429354125],[-122.31394162308902,46.77960169306319],[-122.31374048859232,46.77898875945799],[-122.31539395399192,46.77730669291531],[-122.31518195568877,46.776342426431974],[-122.3170036234732,46.77369875879939],[-122.31710702228341,46.77183649184726],[-122.3179183558178,46.770383426372454],[-122.3178239553659,46.76836729327438],[-122.31930495370703,46.76566722473797],[-122.31741268728211,46.76476495734789],[-122.31690361858605,46.76344822513335]]],[[[-122.61575080450064,46.76214434932071],[-122.57095763050589,46.76326674128548],[-122.54969882151312,46.763421268486226],[-122.52739829717976,46.76305807763758],[-122.46582248136302,46.763010326734964],[-122.33892571026497,46.763013012410305],[-122.31727366275399,46.7632849930447],[-122.31839575216901,46.76465415735686],[-122.32056282023862,46.765530691462935],[-122.32006715561678,46.76729142578093],[-122.32152482209165,46.76850609222018],[-122.32139015493401,46.7697832911569],[-122.32330742299376,46.771063491759975],[-122.3223466228111,46.77154369132195],[-122.3222397553693,46.772137092023215],[-122.32397965681318,46.772777325318444],[-122.32297995616875,46.77287029075329],[-122.32097962285823,46.77401949225322],[-122.32024782321974,46.775022892777976],[-122.31899028922224,46.775051425160825],[-122.31770902275852,46.77577282511016],[-122.31720295671714,46.77645342559141],[-122.31790982344945,46.77741175835211],[-122.31773922243603,46.778157558422485],[-122.31824655503279,46.778376826877654],[-122.3166610908958,46.778871158498],[-122.31590655709947,46.78056742600301],[-122.31315249042427,46.78196389352394],[-122.31313715736836,46.78562636053965],[-122.31396215805448,46.787008093556324],[-122.3152466253048,46.787384759962514],[-122.31529075793405,46.788050826728025],[-122.31430042542189,46.78867482809636],[-122.3164788931286,46.78936302566677],[-122.31747842558629,46.79050262663414],[-122.31663315862052,46.79247736100941],[-122.3176987609945,46.79373449350545],[-122.31685442621374,46.794818559322174],[-122.31470815939498,46.795390761167056],[-122.31512236061575,46.79598696030072],[-122.31457215987609,46.79678436137785],[-122.31740469294039,46.79609969290149],[-122.31821309259901,46.79626636018079],[-122.31859602612148,46.79542282694058],[-122.31947275943074,46.794951159478316],[-122.32003489398589,46.795098293029184],[-122.32235002641943,46.79367249220271],[-122.32080862685383,46.79512995967435],[-122.31968436137355,46.79557329332375],[-122.31816742743796,46.79734616107824],[-122.31420909341796,46.7987982946121],[-122.31380476048464,46.79956982819713],[-122.31463489455068,46.80024069377087],[-122.31418322701712,46.80079556013336],[-122.31449596127635,46.80276849404712],[-122.31243962929908,46.802701961827026],[-122.31178636154918,46.80340922791901],[-122.31114016252599,46.8033783607889],[-122.3111600269817,46.80155162898607],[-122.31011043445675,46.80082274983221],[-122.30806212564967,46.802367557179636],[-122.30541594858907,46.806514609266294],[-122.43011734637899,46.806651181192564],[-122.43205098246686,46.80630909542208],[-122.44065117530579,46.806810407795325],[-122.44799227124818,46.80858704128252],[-122.45220667820712,46.80897713631808],[-122.4537594447163,46.81035740810785],[-122.45752528492132,46.81190091893035],[-122.4624147426101,46.812572423119285],[-122.4673141313284,46.81416685375112],[-122.47197878055468,46.81452136549055],[-122.47578494028326,46.817038498004],[-122.48057206555598,46.81748832060781],[-122.48328029084901,46.81928277777555],[-122.48330179551317,46.82181335042646],[-122.48226024560167,46.825997059791455],[-122.4864509791707,46.836154348062855],[-122.48649445782029,46.84035733933918],[-122.48540791641202,46.846122306584775],[-122.48854377226868,46.85098230513987],[-122.49642999471075,46.854482591992294],[-122.49798575568448,46.852410528779146],[-122.49765804799047,46.84949666455107],[-122.49925847509849,46.84698387995324],[-122.49872928363347,46.84450173954589],[-122.49839098156646,46.843247922165496],[-122.4988419026068,46.84048861861088],[-122.49898474113893,46.83973755709999],[-122.5073818527723,46.83997671180101],[-122.51437874392191,46.841170555758985],[-122.51817226967518,46.84162314704836],[-122.52002616371026,46.841166887296495],[-122.52730234971716,46.833505068010965],[-122.52909354833369,46.83271669109535],[-122.53495005958106,46.83259507200793],[-122.53226604619147,46.82788019259898],[-122.53157743090682,46.82401442855449],[-122.5299353181185,46.82159758114511],[-122.55128249324797,46.82151113227496],[-122.5509055415649,46.8339605085314],[-122.55196559065597,46.833600350242506],[-122.55333190885561,46.83224033440172],[-122.55561759955586,46.831665223961096],[-122.55768124051802,46.832563214400416],[-122.56143265462998,46.83251505472954],[-122.56173438506828,46.8306357821818],[-122.56717153690862,46.83060111276849],[-122.56709341812929,46.83243642949596],[-122.57254759541073,46.832367865963],[-122.57272429485214,46.82871101573416],[-122.58327509323588,46.828687129408834],[-122.58316224052392,46.83224110213369],[-122.59375866083248,46.832000509644175],[-122.59373209286403,46.83556316666558],[-122.61395294052049,46.835981521302394],[-122.61561312119721,46.80699416470318],[-122.6152103276022,46.791979053746566],[-122.61575080450064,46.76214434932071]]]]},"properties":{"COUNTY":"Thurston","PRECCODE":130,"PRECNAME":"Bald Hills","PRECINCT":"Thurston 130","DESCRIPTIO":"Eatonville Rural Farthest West (Fennel Road, Johnson Road)","OFFICE":"PUD Commissioner District 1","JURISDICTION":"Public Utility","RACE":"Thurston County PUD Commissioner District 1","Name_1":"Jim Campbell","Party_1":"None_1","Votes_1":"48","Name_2":"Troy Kirby","Party_2":"None_2","Votes_2":"30","Name_3":"Bruce D. Wilkinson, Jr.","Party_3":"None_3","Votes_3":"26","Name_4":null,"Party_4":null,"Votes_4":"0","Name_5":null,"Party_5":null,"Votes_5":"0","Name_6":null,"Party_6":null,"Votes_6":"0","Name_7":null,"Party_7":null,"Votes_7":"0","Votes_total":"104","Pct_1":46.15,"Pct_2":28.85,"Pct_3":25,"Pct_4":0,"Pct_5":0,"Pct_6":0,"Pct_7":0,"Margin":17.3}},
{"type":"Feature","geometry":{"type":"Polygon","coordinates":[[[-122.858826679857,46.93299618886355],[-122.86367839000194,46.932582432063846],[-122.86716049049342,46.93148068856419],[-122.86859871544024,46.93039598089447],[-122.86992169627541,46.928210681372164],[-122.87485830244883,46.9276547691795],[-122.88216258744129,46.923755965450326],[-122.90789482471148,46.923715518377634],[-122.90793088690337,46.91659039981235],[-122.86553832187029,46.916491329033875],[-122.86563026054134,46.909218927671205],[-122.8663546766642,46.90922111196478],[-122.86634245385683,46.90107529458223],[-122.85760784212258,46.90108581659861],[-122.85755279525596,46.900921368552915],[-122.83412151538586,46.901085520715625],[-122.83400469154456,46.90913943516617],[-122.8293214976268,46.90911713061433],[-122.82927246633658,46.90703922045665],[-122.82627064732779,46.90703238398052],[-122.8262480284855,46.9091023890197],[-122.813079384377,46.909037068334094],[-122.81290244724198,46.90116508962119],[-122.80217857100247,46.90125978865834],[-122.80213380294602,46.90474899058115],[-122.79445696703188,46.90480259356143],[-122.79452896087989,46.904909229536045],[-122.79566620939559,46.906070397684395],[-122.80053270588274,46.90672045600254],[-122.80146163375369,46.908340859967076],[-122.80184897875515,46.91109042957057],[-122.80215406152752,46.91146084924555],[-122.80581379158973,46.912159334971406],[-122.80588537214817,46.912552455940194],[-122.80413205822137,46.9130419602612],[-122.80528367273357,46.915671511845495],[-122.80723680654185,46.91692183615205],[-122.80822507968892,46.917984683756934],[-122.80831398682183,46.91905857471389],[-122.80996884005924,46.92011907736142],[-122.81389006155771,46.91994438320325],[-122.81832151880668,46.92088063758624],[-122.82551445659281,46.921423240507345],[-122.83392869945207,46.92077396545688],[-122.83877125880713,46.919602139727004],[-122.84049857891385,46.91975632933676],[-122.85677948460646,46.924827643789875],[-122.8600924615775,46.92513223503715],[-122.86005904999801,46.929757750872106],[-122.858826679857,46.93299618886355]]]},"properties":{"COUNTY":"Thurston","PRECCODE":147,"PRECNAME":"Plumb","PRECINCT":"Thurston 147","DESCRIPTIO":"Tenino Rural Far North (Offut Lake), Tumwater Rural Far Southeast (Rocky Prairie Reserve)","OFFICE":"PUD Commissioner District 1","JURISDICTION":"Public Utility","RACE":"Thurston County PUD Commissioner District 1","Name_1":"Jim Campbell","Party_1":"None_1","Votes_1":"180","Name_2":"Troy Kirby","Party_2":"None_2","Votes_2":"96","Name_3":"Bruce D. Wilkinson, Jr.","Party_3":"None_3","Votes_3":"64","Name_4":"Write-In","Party_4":"None_4","Votes_4":"2","Name_5":null,"Party_5":null,"Votes_5":"0","Name_6":null,"Party_6":null,"Votes_6":"0","Name_7":null,"Party_7":null,"Votes_7":"0","Votes_total":"342","Pct_1":52.63,"Pct_2":28.07,"Pct_3":18.71,"Pct_4":0.58,"Pct_5":0,"Pct_6":0,"Pct_7":0,"Margin":24.56}},
{"type":"Feature","geometry":{"type":"Polygon","coordinates":[[[-122.78089335719707,46.90659035176334],[-122.78156909460974,46.88684894644693],[-122.7815599162618,46.865168876127726],[-122.77314336914974,46.86515350680036],[-122.76931196104009,46.86723814023648],[-122.76411042082073,46.86908384139701],[-122.76140015595719,46.872370046781],[-122.74964262191239,46.87249752023287],[-122.74967188118362,46.86959924718202],[-122.74415169930907,46.870537508137026],[-122.73866332548985,46.871473926944425],[-122.71317202291762,46.875839949350066],[-122.70948596827576,46.87703464723829],[-122.70819066037461,46.877648979565436],[-122.7007585278288,46.88178219507017],[-122.69775032433438,46.88324346641533],[-122.69770391060227,46.888327605872504],[-122.69890281420211,46.887007130982134],[-122.7050223547417,46.887035344128336],[-122.72327274384219,46.90282633617582],[-122.7325693831553,46.90863741988802],[-122.73576517370978,46.913995157094796],[-122.73912919588331,46.917015090574075],[-122.74095311570815,46.91792434751459],[-122.74761728957749,46.91994069084918],[-122.74883676869345,46.92329676673486],[-122.78082222985728,46.92338952262725],[-122.78090162448086,46.916201070086714],[-122.78086612564813,46.911565267174765],[-122.78089335719707,46.90659035176334]]]},"properties":{"COUNTY":"Thurston","PRECCODE":149,"PRECNAME":"McIntosh East","PRECINCT":"Thurston 149","DESCRIPTIO":"Rainier Rural West (Tenalquot Prairie, Deschutes Prairie, Skookumchuck, McIntosh Lake Boat Launch)","OFFICE":"PUD Commissioner District 1","JURISDICTION":"Public Utility","RACE":"Thurston County PUD Commissioner District 1","Name_1":"Jim Campbell","Party_1":"None_1","Votes_1":"161","Name_2":"Troy Kirby","Party_2":"None_2","Votes_2":"89","Name_3":"Bruce D. Wilkinson, Jr.","Party_3":"None_3","Votes_3":"42","Name_4":"Write-In","Party_4":"None_4","Votes_4":"1","Name_5":null,"Party_5":null,"Votes_5":"0","Name_6":null,"Party_6":null,"Votes_6":"0","Name_7":null,"Party_7":null,"Votes_7":"0","Votes_total":"293","Pct_1":54.95,"Pct_2":30.38,"Pct_3":14.33,"Pct_4":0.34,"Pct_5":0,"Pct_6":0,"Pct_7":0,"Margin":24.57}},
{"type":"Feature","geometry":{"type":"Polygon","coordinates":[[[-122.80180238356901,47.14117950614989],[-122.7872659302727,47.14130786018624],[-122.78905118715745,47.14331518350849],[-122.79010383585896,47.14372578492366],[-122.79096858526746,47.14293710488882],[-122.7909371900282,47.14357246227314],[-122.79022480239747,47.14370699650877],[-122.79294166327767,47.14795520798205],[-122.79391380008934,47.152702258380565],[-122.79611998780238,47.152703147679766],[-122.79822253960343,47.15117509758237],[-122.79971855715827,47.15088438874811],[-122.80041985564317,47.149968054099766],[-122.80028963203004,47.14918439706797],[-122.80166986448171,47.149523844668984],[-122.80095189858663,47.14983909155801],[-122.80097812926165,47.15104180006371],[-122.79879438669296,47.15302669104291],[-122.79881143227283,47.15383823197434],[-122.79785809658289,47.15379250082495],[-122.79779074347795,47.155215929805976],[-122.79898835931222,47.158456149272126],[-122.79998506320112,47.15953706093699],[-122.79947357712528,47.15897404610027],[-122.80112667942808,47.15739291270544],[-122.80022369375199,47.15918215189472],[-122.80216544343786,47.161760784831685],[-122.80318242783945,47.16217669834814],[-122.80292621830303,47.161852608985065],[-122.80343581603191,47.16166602998187],[-122.80325355520259,47.162308887130784],[-122.80465112504639,47.16438187036994],[-122.80537000307571,47.16470653055504],[-122.80671562434046,47.164594707435825],[-122.8083786265965,47.16340226826588],[-122.80771728705142,47.16375407329587],[-122.80837798609973,47.16205500713038],[-122.80735355411628,47.15943577738164],[-122.80821872758789,47.16053219156894],[-122.80917610419007,47.160332793719675],[-122.80895133938294,47.161151808481314],[-122.81044830671316,47.160735504859396],[-122.80946442355626,47.16175017717051],[-122.81039806864833,47.16264031009191],[-122.80988288222233,47.16363085933376],[-122.81134787067909,47.168050122893],[-122.81276132748775,47.168692921312676],[-122.81424519567962,47.167526476104214],[-122.81378113816572,47.168648884722295],[-122.81298293069104,47.16896720706554],[-122.81248642808727,47.17093819657018],[-122.81354960537946,47.172411995961426],[-122.81497618943573,47.178091371698734],[-122.81967471793155,47.17674106655931],[-122.82107404244663,47.175862930380354],[-122.82488335732324,47.16785752086873],[-122.82488612168919,47.16681355195535],[-122.82649336990146,47.16430699074577],[-122.82600973856987,47.16303150184955],[-122.82705637263115,47.161407798654196],[-122.82628885249379,47.16046849922493],[-122.82704512617704,47.155330655397044],[-122.8266633406744,47.15501362773346],[-122.82728072334254,47.154489792039534],[-122.82714740509917,47.15148365426996],[-122.82767500987933,47.15089184622465],[-122.82706356474858,47.14731450101306],[-122.82837116872457,47.14246605166512],[-122.82813679653326,47.14133813553079],[-122.80180238356901,47.14117950614989]]]},"properties":{"COUNTY":"Thurston","PRECCODE":160,"PRECNAME":"Johnson Point","PRECINCT":"Thurston 160","DESCRIPTIO":"Lacey Rural Farthest North (Johnson Point, Baird Cove, Puget Marina)","OFFICE":"PUD Commissioner District 1","JURISDICTION":"Public Utility","RACE":"Thurston County PUD Commissioner District 1","Name_1":"Jim Campbell","Party_1":"None_1","Votes_1":"268","Name_2":"Troy Kirby","Party_2":"None_2","Votes_2":"90","Name_3":"Bruce D. Wilkinson, Jr.","Party_3":"None_3","Votes_3":"30","Name_4":"Write-In","Party_4":"None_4","Votes_4":"7","Name_5":null,"Party_5":null,"Votes_5":"0","Name_6":null,"Party_6":null,"Votes_6":"0","Name_7":null,"Party_7":null,"Votes_7":"0","Votes_total":"395","Pct_1":67.85,"Pct_2":22.78,"Pct_3":7.59,"Pct_4":1.77,"Pct_5":0,"Pct_6":0,"Pct_7":0,"Margin":45.07}},
{"type":"Feature","geometry":{"type":"Polygon","coordinates":[[[-122.86523337625226,47.00723532253335],[-122.87723190468932,47.007187553953386],[-122.87722490272185,47.00355060604864],[-122.87340209613548,47.00358953454935],[-122.87221233581069,47.00396114672928],[-122.87154551869165,47.0044596819025],[-122.8686199492744,47.00470538936963],[-122.86802626219846,47.00472663646052],[-122.86521361556908,47.003861571494745],[-122.86523337625226,47.00723532253335]]]},"properties":{"COUNTY":"Thurston","PRECCODE":161,"PRECNAME":"Wards","PRECINCT":"Thurston 161","DESCRIPTIO":"Unincorporated S. Olympia Northwest (Ward Lake South, Boulevard Heights)","OFFICE":"PUD Commissioner District 1","JURISDICTION":"Public Utility","RACE":"Thurston County PUD Commissioner District 1","Name_1":"Jim Campbell","Party_1":"None_1","Votes_1":"102","Name_2":"Troy Kirby","Party_2":"None_2","Votes_2":"44","Name_3":"Bruce D. Wilkinson, Jr.","Party_3":"None_3","Votes_3":"16","Name_4":null,"Party_4":null,"Votes_4":"0","Name_5":null,"Party_5":null,"Votes_5":"0","Name_6":null,"Party_6":null,"Votes_6":"0","Name_7":null,"Party_7":null,"Votes_7":"0","Votes_total":"162","Pct_1":62.96,"Pct_2":27.16,"Pct_3":9.88,"Pct_4":0,"Pct_5":0,"Pct_6":0,"Pct_7":0,"Margin":35.8}},
{"type":"Feature","geometry":{"type":"Polygon","coordinates":[[[-122.83350124115667,47.00075285653157],[-122.83380965883943,47.00208961563556],[-122.83538958094707,47.002051375228056],[-122.8361863496109,47.002704344981616],[-122.83618640497748,47.00346853356524],[-122.83908417345087,47.00346943797656],[-122.83908509488519,47.01069935618991],[-122.84430347429657,47.010700447270544],[-122.84436330673941,47.00275733027238],[-122.84433851710583,46.99792952613965],[-122.8385624529997,46.996409802161494],[-122.83361224187105,46.99630340390971],[-122.83350124115667,47.00075285653157]]]},"properties":{"COUNTY":"Thurston","PRECCODE":163,"PRECNAME":"Smith Lake","PRECINCT":"Thurston 163","DESCRIPTIO":"Unincorporated S. Olympia Far Northeast (Woodsmuir, Fuller Lane)","OFFICE":"PUD Commissioner District 1","JURISDICTION":"Public Utility","RACE":"Thurston County PUD Commissioner District 1","Name_1":"Jim Campbell","Party_1":"None_1","Votes_1":"182","Name_2":"Troy Kirby","Party_2":"None_2","Votes_2":"109","Name_3":"Bruce D. Wilkinson, Jr.","Party_3":"None_3","Votes_3":"56","Name_4":"Write-In","Party_4":"None_4","Votes_4":"9","Name_5":null,"Party_5":null,"Votes_5":"0","Name_6":null,"Party_6":null,"Votes_6":"0","Name_7":null,"Party_7":null,"Votes_7":"0","Votes_total":"356","Pct_1":51.12,"Pct_2":30.62,"Pct_3":15.73,"Pct_4":2.53,"Pct_5":0,"Pct_6":0,"Pct_7":0,"Margin":20.5}},
{"type":"Feature","geometry":{"type":"Polygon","coordinates":[[[-122.79148702545805,46.96698284049049],[-122.79147829463858,46.962389311594094],[-122.79049981544998,46.961640532772684],[-122.79033781534703,46.96153053309085],[-122.78867881489316,46.96025553272568],[-122.7861018144718,46.96089053286826],[-122.7753003710425,46.9609116110373],[-122.77388190138113,46.96152599693429],[-122.77059938673102,46.961468466757594],[-122.76950455881716,46.961855848334146],[-122.76743699662002,46.96429724435871],[-122.76888640205877,46.968657391828096],[-122.76897077093291,46.97046184822552],[-122.7699547070845,46.971537447941074],[-122.76707850413773,46.97158706525639],[-122.76636902605595,46.971499363332896],[-122.76542265971337,46.97156803717215],[-122.76495753343859,46.97153758521132],[-122.76382079995435,46.97152221385755],[-122.76370649482305,46.97248743300564],[-122.76200345464704,46.97414358892476],[-122.7809635698483,46.974166641689635],[-122.78100183088489,46.9669001953511],[-122.79148702545805,46.96698284049049]]]},"properties":{"COUNTY":"Thurston","PRECCODE":165,"PRECNAME":"Sunwood Lakes South","PRECINCT":"Thurston 165","DESCRIPTIO":"Lacey Rural Far Southeast (Sunwood Lakes)","OFFICE":"PUD Commissioner District 1","JURISDICTION":"Public Utility","RACE":"Thurston County PUD Commissioner District 1","Name_1":"Jim Campbell","Party_1":"None_1","Votes_1":"151","Name_2":"Troy Kirby","Party_2":"None_2","Votes_2":"90","Name_3":"Bruce D. Wilkinson, Jr.","Party_3":"None_3","Votes_3":"49","Name_4":"Write-In","Party_4":"None_4","Votes_4":"5","Name_5":null,"Party_5":null,"Votes_5":"0","Name_6":null,"Party_6":null,"Votes_6":"0","Name_7":null,"Party_7":null,"Votes_7":"0","Votes_total":"295","Pct_1":51.19,"Pct_2":30.51,"Pct_3":16.61,"Pct_4":1.69,"Pct_5":0,"Pct_6":0,"Pct_7":0,"Margin":20.68}},
{"type":"Feature","geometry":{"type":"Polygon","coordinates":[[[-122.7385740512636,46.96183470775123],[-122.73857381338892,46.95309247531684],[-122.73831574184182,46.952392690053955],[-122.72558714050979,46.952437850731044],[-122.72561577881736,46.95944011842257],[-122.71230089666327,46.959642018729284],[-122.71240633677206,46.9738961749035],[-122.7175252420904,46.97418011153997],[-122.71977743757591,46.976605699065566],[-122.72233980691342,46.97445954071163],[-122.72024680598574,46.97024754043457],[-122.71988680513826,46.9682515411271],[-122.72495380650642,46.968299540270955],[-122.72536980709917,46.96825653936109],[-122.72613780557404,46.96786453958377],[-122.7271248057103,46.967632539911975],[-122.72724280632075,46.96695254001996],[-122.72951880647588,46.96610353956597],[-122.73064780688162,46.9662805396827],[-122.73287280608375,46.963158539483324],[-122.7352028054825,46.96201153848474],[-122.7365148063939,46.96188653853986],[-122.73732280698835,46.9619705383425],[-122.73797980618947,46.961932538440045],[-122.7385740512636,46.96183470775123]]]},"properties":{"COUNTY":"Thurston","PRECCODE":166,"PRECNAME":"Eaton Creek South","PRECINCT":"Thurston 166","DESCRIPTIO":"Lacey Rural Farthest Southeast (Valley Green, 93rd Lane)","OFFICE":"PUD Commissioner District 1","JURISDICTION":"Public Utility","RACE":"Thurston County PUD Commissioner District 1","Name_1":"Jim Campbell","Party_1":"None_1","Votes_1":"34","Name_2":"Troy Kirby","Party_2":"None_2","Votes_2":"25","Name_3":"Bruce D. Wilkinson, Jr.","Party_3":"None_3","Votes_3":"7","Name_4":null,"Party_4":null,"Votes_4":"0","Name_5":null,"Party_5":null,"Votes_5":"0","Name_6":null,"Party_6":null,"Votes_6":"0","Name_7":null,"Party_7":null,"Votes_7":"0","Votes_total":"66","Pct_1":51.52,"Pct_2":37.88,"Pct_3":10.61,"Pct_4":0,"Pct_5":0,"Pct_6":0,"Pct_7":0,"Margin":13.64}},
{"type":"Feature","geometry":{"type":"Polygon","coordinates":[[[-122.80180238356901,47.14117950614989],[-122.82813679653326,47.14133813553079],[-122.82882991987702,47.139459598775936],[-122.82710907556854,47.13564503406099],[-122.82899980766057,47.13294027275823],[-122.82815225512444,47.13297482664645],[-122.82655205754817,47.134775136081394],[-122.82734811067174,47.13289273806276],[-122.8293560258807,47.13216008473913],[-122.8297689294292,47.12800438451652],[-122.82790893186053,47.128694660320186],[-122.82749887616157,47.12959412547825],[-122.82705739759211,47.12867383361873],[-122.82731493237468,47.12745740542055],[-122.82625533509606,47.126736590638906],[-122.82798358833494,47.12706234084886],[-122.82769886760076,47.12607183032771],[-122.82908795181915,47.12452081802291],[-122.83041272634209,47.12135888085086],[-122.83039465759641,47.118536712937335],[-122.82993868554742,47.1168507460539],[-122.82826008119186,47.11595911377004],[-122.82764242296851,47.114713346292646],[-122.82525684571286,47.114427013283596],[-122.8264238995424,47.11382603299818],[-122.82496125471283,47.113520456634824],[-122.82417341831147,47.11391861653664],[-122.82424740317967,47.11326426293297],[-122.8238283390958,47.113189627659246],[-122.82222152110182,47.11343476295258],[-122.82404197329903,47.11266944559008],[-122.82543793227345,47.112804939638124],[-122.82471955400794,47.110606396720364],[-122.82399378982105,47.11038019767372],[-122.82456556028247,47.11027717478953],[-122.82540273685758,47.10913265400263],[-122.8254272809002,47.10828477896047],[-122.82433922634647,47.10750722770299],[-122.82357802553179,47.10748193885698],[-122.82342908184543,47.10676971479212],[-122.82551858605433,47.10655337804015],[-122.8261124466579,47.10392608600019],[-122.82561764538941,47.10356695505206],[-122.82463788423576,47.105812865837436],[-122.82316772440723,47.10560004174798],[-122.82299758188155,47.10381636181685],[-122.82372768735232,47.103644928237166],[-122.82416091087084,47.10125630642511],[-122.82203467728051,47.10111785580302],[-122.82035666629601,47.09925460408023],[-122.82127514614132,47.099580104964566],[-122.82206878816096,47.10059073634024],[-122.82342587985993,47.10075067622767],[-122.82451224253614,47.1000141914466],[-122.8247059707248,47.097783371780444],[-122.80275303477859,47.09777301747221],[-122.80168775036259,47.09779381878688],[-122.80180238356901,47.14117950614989]]]},"properties":{"COUNTY":"Thurston","PRECCODE":176,"PRECNAME":"Henderson","PRECINCT":"Thurston 176","DESCRIPTIO":"Lacey Rural Far North (Puget Road, Kellogg Beach)","OFFICE":"PUD Commissioner District 1","JURISDICTION":"Public Utility","RACE":"Thurston County PUD Commissioner District 1","Name_1":"Jim Campbell","Party_1":"None_1","Votes_1":"211","Name_2":"Troy Kirby","Party_2":"None_2","Votes_2":"110","Name_3":"Bruce D. Wilkinson, Jr.","Party_3":"None_3","Votes_3":"53","Name_4":"Write-In","Party_4":"None_4","Votes_4":"5","Name_5":null,"Party_5":null,"Votes_5":"0","Name_6":null,"Party_6":null,"Votes_6":"0","Name_7":null,"Party_7":null,"Votes_7":"0","Votes_total":"379","Pct_1":55.67,"Pct_2":29.02,"Pct_3":13.98,"Pct_4":1.32,"Pct_5":0,"Pct_6":0,"Pct_7":0,"Margin":26.65}},
{"type":"Feature","geometry":{"type":"Polygon","coordinates":[[[-122.7900281149164,47.00459157227168],[-122.79249945604028,47.00426090748196],[-122.79620467791604,47.00439188736709],[-122.79924722869956,47.00529736986149],[-122.7992436631797,47.003376752297925],[-122.80067345418523,47.00338517747694],[-122.8006907529151,46.999774298998254],[-122.79924166410022,46.999773286816804],[-122.79923330259504,47.001480035089564],[-122.79805130041706,47.00280614302025],[-122.7941121436133,47.00172876781713],[-122.79301479882668,46.99912468594547],[-122.79113089594921,46.99945447741855],[-122.78876129959258,46.99944237937055],[-122.78877882368026,46.999485534910576],[-122.78989182331185,46.99953553485297],[-122.78996282330598,47.00118453513759],[-122.79129282416801,47.00115953516625],[-122.79131182415927,47.00383253534214],[-122.79004082477302,47.004107534818615],[-122.7900281149164,47.00459157227168]]]},"properties":{"COUNTY":"Thurston","PRECCODE":178,"PRECNAME":"Pattison West","PRECINCT":"Thurston 178","DESCRIPTIO":"Lake Country Southwest (Forest Glen, 53rd Ave SE & Rumac, Pattison Lake Condos)","OFFICE":"PUD Commissioner District 1","JURISDICTION":"Public Utility","RACE":"Thurston County PUD Commissioner District 1","Name_1":"Jim Campbell","Party_1":"None_1","Votes_1":"44","Name_2":"Troy Kirby","Party_2":"None_2","Votes_2":"43","Name_3":"Bruce D. Wilkinson, Jr.","Party_3":"None_3","Votes_3":"14","Name_4":"Write-In","Party_4":"None_4","Votes_4":"1","Name_5":null,"Party_5":null,"Votes_5":"0","Name_6":null,"Party_6":null,"Votes_6":"0","Name_7":null,"Party_7":null,"Votes_7":"0","Votes_total":"102","Pct_1":43.14,"Pct_2":42.16,"Pct_3":13.73,"Pct_4":0.98,"Pct_5":0,"Pct_6":0,"Pct_7":0,"Margin":0.98}},
{"type":"Feature","geometry":{"type":"Polygon","coordinates":[[[-122.80200044536957,46.94893446918875],[-122.81258852412556,46.94893547482147],[-122.81265219073265,46.94533691499885],[-122.84442072140689,46.94528516621498],[-122.84434400032795,46.94178741512777],[-122.85462351716606,46.94185506784892],[-122.85506143279792,46.93855184599137],[-122.858826679857,46.93299618886355],[-122.86005904999801,46.929757750872106],[-122.8600924615775,46.92513223503715],[-122.85677948460646,46.924827643789875],[-122.84049857891385,46.91975632933676],[-122.83877125880713,46.919602139727004],[-122.83392869945207,46.92077396545688],[-122.82551445659281,46.921423240507345],[-122.81832151880668,46.92088063758624],[-122.81389006155771,46.91994438320325],[-122.80996884005924,46.92011907736142],[-122.80831398682183,46.91905857471389],[-122.80822507968892,46.917984683756934],[-122.80723680654185,46.91692183615205],[-122.80528367273357,46.915671511845495],[-122.80413205822137,46.9130419602612],[-122.80588537214817,46.912552455940194],[-122.80581379158973,46.912159334971406],[-122.80215406152752,46.91146084924555],[-122.80184897875515,46.91109042957057],[-122.80146163375369,46.908340859967076],[-122.80053270588274,46.90672045600254],[-122.79566620939559,46.906070397684395],[-122.79452896087989,46.904909229536045],[-122.7944564819977,46.90479092155727],[-122.79146120505219,46.90481174227914],[-122.79149385255015,46.90897337998064],[-122.78088021784508,46.908987402993645],[-122.78086612564813,46.911565267174765],[-122.78090162448086,46.916201070086714],[-122.79152813111993,46.91621119538129],[-122.79146922828856,46.93443362588608],[-122.79683190098564,46.93441548587681],[-122.79678028891368,46.9379821142378],[-122.80207737341897,46.937957451485836],[-122.80200044536957,46.94893446918875]]]},"properties":{"COUNTY":"Thurston","PRECCODE":180,"PRECNAME":"Stedman","PRECINCT":"Thurston 180","DESCRIPTIO":"Lacey Rural Far South (River Park, Tempo Lake, Stedman Road)","OFFICE":"PUD Commissioner District 1","JURISDICTION":"Public Utility","RACE":"Thurston County PUD Commissioner District 1","Name_1":"Jim Campbell","Party_1":"None_1","Votes_1":"134","Name_2":"Troy Kirby","Party_2":"None_2","Votes_2":"78","Name_3":"Bruce D. Wilkinson, Jr.","Party_3":"None_3","Votes_3":"41","Name_4":"Write-In","Party_4":"None_4","Votes_4":"4","Name_5":null,"Party_5":null,"Votes_5":"0","Name_6":null,"Party_6":null,"Votes_6":"0","Name_7":null,"Party_7":null,"Votes_7":"0","Votes_total":"257","Pct_1":52.14,"Pct_2":30.35,"Pct_3":15.95,"Pct_4":1.56,"Pct_5":0,"Pct_6":0,"Pct_7":0,"Margin":21.79}},
{"type":"Feature","geometry":{"type":"MultiPolygon","coordinates":[[[[-122.75963618258922,46.98517334018318],[-122.75963400537977,46.98943481547917],[-122.767608725168,46.989439792334956],[-122.77000567703378,46.98779632292372],[-122.77145574388413,46.98904212211763],[-122.77480627716027,46.98972352134174],[-122.77583114323687,46.9915943878564],[-122.77806714457309,46.99298852215394],[-122.78056047764906,46.993120922335926],[-122.78233187817214,46.9937797215059],[-122.78427934659231,46.99547518786347],[-122.78308434492958,46.99598498749134],[-122.7834589535847,46.99658043548011],[-122.78436197738594,46.99614972922139],[-122.79665783286374,46.99052640105138],[-122.77312611776557,46.985016552872565],[-122.77164634576127,46.98475960553668],[-122.76391386578742,46.98445344061441],[-122.76080416757759,46.98466167110549],[-122.75963618258922,46.98517334018318]]],[[[-122.78093319921976,46.99712601423086],[-122.78093939480031,46.99784796574432],[-122.78327062370506,46.99667518081537],[-122.78187348086902,46.99635218741327],[-122.78092924365129,46.99662013267158],[-122.78093294032496,46.99709584582374],[-122.78093319921976,46.99712601423086]]]]},"properties":{"COUNTY":"Thurston","PRECCODE":185,"PRECNAME":"Fair Oaks","PRECINCT":"Thurston 185","DESCRIPTIO":"Lake Country Farthest South (Kelly Beach Road, Fair Oaks Road, Cate Farm)","OFFICE":"PUD Commissioner District 1","JURISDICTION":"Public Utility","RACE":"Thurston County PUD Commissioner District 1","Name_1":"Jim Campbell","Party_1":"None_1","Votes_1":"92","Name_2":"Troy Kirby","Party_2":"None_2","Votes_2":"92","Name_3":"Bruce D. Wilkinson, Jr.","Party_3":"None_3","Votes_3":"37","Name_4":null,"Party_4":null,"Votes_4":"0","Name_5":null,"Party_5":null,"Votes_5":"0","Name_6":null,"Party_6":null,"Votes_6":"0","Name_7":null,"Party_7":null,"Votes_7":"0","Votes_total":"221","Pct_1":41.63,"Pct_2":41.63,"Pct_3":16.74,"Pct_4":0,"Pct_5":0,"Pct_6":0,"Pct_7":0,"Margin":0}},
{"type":"Feature","geometry":{"type":"Polygon","coordinates":[[[-122.84436330673941,47.00275733027238],[-122.84430347429657,47.010700447270544],[-122.85462813665072,47.010776859605606],[-122.85479162553068,47.00067167367923],[-122.85056520161463,46.99994426092767],[-122.8443385705154,46.997939806285146],[-122.84436330673941,47.00275733027238]]]},"properties":{"COUNTY":"Thurston","PRECCODE":186,"PRECNAME":"Wilderness","PRECINCT":"Thurston 186","DESCRIPTIO":"Unincorporated S. Olympia Northeast (Wilderness East, Chambers Crossing, Crescent Point Apartments)","OFFICE":"PUD Commissioner District 1","JURISDICTION":"Public Utility","RACE":"Thurston County PUD Commissioner District 1","Name_1":"Jim Campbell","Party_1":"None_1","Votes_1":"226","Name_2":"Troy Kirby","Party_2":"None_2","Votes_2":"109","Name_3":"Bruce D. Wilkinson, Jr.","Party_3":"None_3","Votes_3":"59","Name_4":"Write-In","Party_4":"None_4","Votes_4":"1","Name_5":null,"Party_5":null,"Votes_5":"0","Name_6":null,"Party_6":null,"Votes_6":"0","Name_7":null,"Party_7":null,"Votes_7":"0","Votes_total":"395","Pct_1":57.22,"Pct_2":27.59,"Pct_3":14.94,"Pct_4":0.25,"Pct_5":0,"Pct_6":0,"Pct_7":0,"Margin":29.63}},
{"type":"Feature","geometry":{"type":"Polygon","coordinates":[[[-122.75963400537977,46.98943481547917],[-122.75970683756317,47.00323595012928],[-122.76898203412253,47.00329015505482],[-122.78093939480031,46.99784796574432],[-122.78093319921976,46.99712601423086],[-122.78022907935427,46.997591521351765],[-122.77833687990314,46.99742638986186],[-122.77675808035076,46.996339720935566],[-122.77547534492145,46.99602112157141],[-122.77501887843128,46.9954011215542],[-122.77402467851188,46.99538978843309],[-122.7720261465242,46.99810438943627],[-122.77103367774367,46.995887789409075],[-122.76904594478128,46.994987522668794],[-122.76798034358222,46.99393932336854],[-122.76774134208891,46.99212352370714],[-122.76605834168204,46.991343923066836],[-122.76644427614447,46.99013172389837],[-122.767608725168,46.989439792334956],[-122.75963400537977,46.98943481547917]]]},"properties":{"COUNTY":"Thurston","PRECCODE":187,"PRECNAME":"Mullen","PRECINCT":"Thurston 187","DESCRIPTIO":"Lake Country Far Southeast (Pattison Lake Boat Launch, Atchison Drive)","OFFICE":"PUD Commissioner District 1","JURISDICTION":"Public Utility","RACE":"Thurston County PUD Commissioner District 1","Name_1":"Jim Campbell","Party_1":"None_1","Votes_1":"146","Name_2":"Troy Kirby","Party_2":"None_2","Votes_2":"134","Name_3":"Bruce D. Wilkinson, Jr.","Party_3":"None_3","Votes_3":"65","Name_4":"Write-In","Party_4":"None_4","Votes_4":"3","Name_5":null,"Party_5":null,"Votes_5":"0","Name_6":null,"Party_6":null,"Votes_6":"0","Name_7":null,"Party_7":null,"Votes_7":"0","Votes_total":"348","Pct_1":41.95,"Pct_2":38.51,"Pct_3":18.68,"Pct_4":0.86,"Pct_5":0,"Pct_6":0,"Pct_7":0,"Margin":3.44}},
{"type":"Feature","geometry":{"type":"Polygon","coordinates":[[[-122.83218642402989,47.06864459775686],[-122.83900371497128,47.06866654010771],[-122.83899523964061,47.064135393563305],[-122.83900680421323,47.06153483561275],[-122.83898707095058,47.05778678906354],[-122.82308004031432,47.05772162167483],[-122.82305446654064,47.060900731342855],[-122.82305307339772,47.06861493318014],[-122.83218642402989,47.06864459775686]]]},"properties":{"COUNTY":"Thurston","PRECCODE":189,"PRECNAME":"Sleater Kinney","PRECINCT":"Thurston 189","DESCRIPTIO":"Lacey Rural Near Northwest (Lacey Islamic Center, Trailside Estates, Alonda Villa Senior MHP)","OFFICE":"PUD Commissioner District 1","JURISDICTION":"Public Utility","RACE":"Thurston County PUD Commissioner District 1","Name_1":"Jim Campbell","Party_1":"None_1","Votes_1":"150","Name_2":"Troy Kirby","Party_2":"None_2","Votes_2":"108","Name_3":"Bruce D. Wilkinson, Jr.","Party_3":"None_3","Votes_3":"45","Name_4":"Write-In","Party_4":"None_4","Votes_4":"4","Name_5":null,"Party_5":null,"Votes_5":"0","Name_6":null,"Party_6":null,"Votes_6":"0","Name_7":null,"Party_7":null,"Votes_7":"0","Votes_total":"307","Pct_1":48.86,"Pct_2":35.18,"Pct_3":14.66,"Pct_4":1.3,"Pct_5":0,"Pct_6":0,"Pct_7":0,"Margin":13.68}},
{"type":"Feature","geometry":{"type":"Polygon","coordinates":[[[-122.85475027466893,46.98889088020096],[-122.85503661384281,46.989327185860894],[-122.85729161797167,46.989595759014556],[-122.86854750206541,46.99077894357824],[-122.86726802852311,46.987487636050226],[-122.86732002122474,46.98672310894101],[-122.86807346294289,46.986296499247594],[-122.86799564327268,46.98550515931065],[-122.86523868231872,46.98512494548837],[-122.86331579700389,46.98533652428166],[-122.86220537261188,46.984419426591856],[-122.86242249149913,46.981768034016014],[-122.86538399276246,46.98154503259404],[-122.86472930624485,46.980087183031586],[-122.86595977918739,46.9781795314369],[-122.86428418492768,46.97737028025143],[-122.86474708598605,46.976775106029336],[-122.8627868828667,46.97597864677441],[-122.86294263416016,46.97534794485682],[-122.8644439481799,46.97404120880699],[-122.86657495791792,46.974341714813576],[-122.86839075395959,46.97231447863199],[-122.87073409077124,46.970795109487234],[-122.87148798554679,46.970990499582406],[-122.87308219241663,46.970242020358384],[-122.87309968703391,46.96936384867669],[-122.87178882238513,46.96926675655178],[-122.87320743200588,46.96821173829226],[-122.87379738740377,46.965728498500646],[-122.87450252663982,46.96582818443745],[-122.87468178391038,46.96692771319455],[-122.8789034181286,46.965336165335955],[-122.87778504404253,46.96304709628822],[-122.87705862484313,46.962440419835765],[-122.87612216459955,46.96236676238068],[-122.87612789992548,46.96082606117613],[-122.87520719485795,46.96083079827912],[-122.87520997700948,46.960008416195144],[-122.87889288194246,46.95998354098325],[-122.87432079321654,46.9566101788466],[-122.86113598371197,46.95178050771195],[-122.85476178501874,46.945437142917896],[-122.85025641280149,46.945282968412414],[-122.84815623463597,46.9458714496131],[-122.84612411079931,46.94807739027054],[-122.84448982045164,46.94910152645292],[-122.84401282116147,46.952534526880314],[-122.83386527575425,46.952623373305194],[-122.83382317337544,46.965185769530486],[-122.83388874097487,46.96621292907366],[-122.83505967495998,46.96692561621296],[-122.83772129544055,46.96736388875602],[-122.83857469017889,46.96797419642849],[-122.85475027466893,46.98889088020096]]]},"properties":{"COUNTY":"Thurston","PRECCODE":192,"PRECNAME":"East Olympia","PRECINCT":"Thurston 192","DESCRIPTIO":"Lacey Rural Farther Southwest (Rixie Road, East Olympia Post Office)","OFFICE":"PUD Commissioner District 1","JURISDICTION":"Public Utility","RACE":"Thurston County PUD Commissioner District 1","Name_1":"Jim Campbell","Party_1":"None_1","Votes_1":"213","Name_2":"Troy Kirby","Party_2":"None_2","Votes_2":"138","Name_3":"Bruce D. Wilkinson, Jr.","Party_3":"None_3","Votes_3":"41","Name_4":"Write-In","Party_4":"None_4","Votes_4":"2","Name_5":null,"Party_5":null,"Votes_5":"0","Name_6":null,"Party_6":null,"Votes_6":"0","Name_7":null,"Party_7":null,"Votes_7":"0","Votes_total":"394","Pct_1":54.06,"Pct_2":35.03,"Pct_3":10.41,"Pct_4":0.51,"Pct_5":0,"Pct_6":0,"Pct_7":0,"Margin":19.03}},
{"type":"Feature","geometry":{"type":"Polygon","coordinates":[[[-122.86497455877742,47.090713531405264],[-122.86508497075293,47.1197480021564],[-122.8730281109072,47.11974933491749],[-122.87302619846103,47.11793823487912],[-122.87566962691751,47.11793611859344],[-122.8756739490934,47.11612273297281],[-122.87560128017513,47.10204791507984],[-122.88375126623262,47.101860490954316],[-122.88705261291692,47.09729682120841],[-122.8946665829818,47.09714850083529],[-122.89682661916571,47.095228853578746],[-122.8980530166423,47.09336151160012],[-122.90080212385082,47.0876079502683],[-122.90107586581016,47.08600815403489],[-122.89547690070435,47.0860007231016],[-122.8954154341335,47.08710223402464],[-122.8649694740617,47.08710261449945],[-122.86497455877742,47.090713531405264]]]},"properties":{"COUNTY":"Thurston","PRECCODE":195,"PRECNAME":"Libby","PRECINCT":"Thurston 195","DESCRIPTIO":"E. Olympia Rural Far Northwest (Gull Harbor Lutheran Church, Heights Lane)","OFFICE":"PUD Commissioner District 1","JURISDICTION":"Public Utility","RACE":"Thurston County PUD Commissioner District 1","Name_1":"Jim Campbell","Party_1":"None_1","Votes_1":"131","Name_2":"Troy Kirby","Party_2":"None_2","Votes_2":"65","Name_3":"Bruce D. Wilkinson, Jr.","Party_3":"None_3","Votes_3":"41","Name_4":"Write-In","Party_4":"None_4","Votes_4":"2","Name_5":null,"Party_5":null,"Votes_5":"0","Name_6":null,"Party_6":null,"Votes_6":"0","Name_7":null,"Party_7":null,"Votes_7":"0","Votes_total":"239","Pct_1":54.81,"Pct_2":27.2,"Pct_3":17.15,"Pct_4":0.84,"Pct_5":0,"Pct_6":0,"Pct_7":0,"Margin":27.61}},
{"type":"Feature","geometry":{"type":"Polygon","coordinates":[[[-122.90166221640469,47.044921841825115],[-122.89548801299048,47.045343611393044],[-122.89649873126095,47.0514878179511],[-122.8980461737386,47.052132063703894],[-122.89792463847773,47.05504859336282],[-122.8991776854265,47.057664167530724],[-122.90263248584262,47.058344738901866],[-122.90290377896495,47.05875765060101],[-122.90503918564283,47.058570904779174],[-122.90474076803534,47.056470210217235],[-122.90574572958661,47.05588932985865],[-122.90516975009285,47.05143198415196],[-122.90475337788664,47.050112937266235],[-122.90395629671812,47.04977150515725],[-122.90403704076326,47.048082801578296],[-122.90455371903892,47.04780046374226],[-122.9043509566851,47.04497378062236],[-122.90513433770097,47.04478910110158],[-122.90540611817757,47.045520740060596],[-122.90785818418871,47.045374622642804],[-122.90886455403978,47.0433703165903],[-122.90491793774115,47.04354812029983],[-122.9044731368315,47.04295375018476],[-122.90494196707184,47.042422895645174],[-122.90380612563354,47.04095569113037],[-122.90520981270515,47.03882370596916],[-122.90842201821268,47.037677503655466],[-122.90092918215957,47.03808141529855],[-122.90166221640469,47.044921841825115]]]},"properties":{"COUNTY":"Thurston","PRECCODE":204,"PRECNAME":"Olympia 04","PRECINCT":"Thurston 204","DESCRIPTIO":"Downtown North (Boardwalk Affordable Senior Apartments, 123 4th Apartments)","OFFICE":"PUD Commissioner District 1","JURISDICTION":"Public Utility","RACE":"Thurston County PUD Commissioner District 1","Name_1":"Jim Campbell","Party_1":"None_1","Votes_1":"233","Name_2":"Troy Kirby","Party_2":"None_2","Votes_2":"91","Name_3":"Bruce D. Wilkinson, Jr.","Party_3":"None_3","Votes_3":"80","Name_4":"Write-In","Party_4":"None_4","Votes_4":"1","Name_5":null,"Party_5":null,"Votes_5":"0","Name_6":null,"Party_6":null,"Votes_6":"0","Name_7":null,"Party_7":null,"Votes_7":"0","Votes_total":"405","Pct_1":57.53,"Pct_2":22.47,"Pct_3":19.75,"Pct_4":0.25,"Pct_5":0,"Pct_6":0,"Pct_7":0,"Margin":35.06}},
{"type":"Feature","geometry":{"type":"Polygon","coordinates":[[[-122.89104567697929,47.033538160857915],[-122.89071488082328,47.03379989549796],[-122.88711276665094,47.035380884364045],[-122.88562448895874,47.035592366813795],[-122.88718651735178,47.036751239091],[-122.88985228110313,47.037481560195545],[-122.89173183579304,47.03963883822969],[-122.89204499169752,47.040480181421714],[-122.89225811379397,47.042197208496155],[-122.89255836843701,47.043954481219274],[-122.89265295043624,47.0442075479914],[-122.89285164588358,47.04552345325849],[-122.90166221640469,47.044921841825115],[-122.90092918215957,47.03808141529855],[-122.90101592347658,47.0355820948383],[-122.89439678772418,47.035463629425166],[-122.89265406166905,47.03493386675755],[-122.89204342680051,47.03444590443189],[-122.89104567697929,47.033538160857915]]]},"properties":{"COUNTY":"Thurston","PRECCODE":205,"PRECNAME":"Olympia 05","PRECINCT":"Thurston 205","DESCRIPTIO":"Downtown Southeast (Annie's Art Flats Apartments, Iliad Apartments, Capitol Gateway Park)","OFFICE":"PUD Commissioner District 1","JURISDICTION":"Public Utility","RACE":"Thurston County PUD Commissioner District 1","Name_1":"Jim Campbell","Party_1":"None_1","Votes_1":"131","Name_2":"Bruce D. Wilkinson, Jr.","Party_2":"None_3","Votes_2":"83","Name_3":"Troy Kirby","Party_3":"None_2","Votes_3":"64","Name_4":"Write-In","Party_4":"None_4","Votes_4":"2","Name_5":null,"Party_5":null,"Votes_5":"0","Name_6":null,"Party_6":null,"Votes_6":"0","Name_7":null,"Party_7":null,"Votes_7":"0","Votes_total":"280","Pct_1":46.79,"Pct_2":29.64,"Pct_3":22.86,"Pct_4":0.71,"Pct_5":0,"Pct_6":0,"Pct_7":0,"Margin":17.15}},
{"type":"Feature","geometry":{"type":"Polygon","coordinates":[[[-122.86513968126467,47.02538021917982],[-122.87358074754671,47.02533539656731],[-122.87323069454698,47.01651828529144],[-122.87321825309111,47.016286547353445],[-122.87002723774536,47.016300268313316],[-122.8696065750401,47.01632957902766],[-122.86960633354848,47.016302070966354],[-122.86522537520321,47.016321618458306],[-122.86513968126467,47.02538021917982]]]},"properties":{"COUNTY":"Thurston","PRECCODE":208,"PRECNAME":"Olympia 08","PRECINCT":"Thurston 208","DESCRIPTIO":"Cain Road East (Washington Middle School, Canterbury)","OFFICE":"PUD Commissioner District 1","JURISDICTION":"Public Utility","RACE":"Thurston County PUD Commissioner District 1","Name_1":"Jim Campbell","Party_1":"None_1","Votes_1":"160","Name_2":"Troy Kirby","Party_2":"None_2","Votes_2":"58","Name_3":"Bruce D. Wilkinson, Jr.","Party_3":"None_3","Votes_3":"32","Name_4":"Write-In","Party_4":"None_4","Votes_4":"1","Name_5":null,"Party_5":null,"Votes_5":"0","Name_6":null,"Party_6":null,"Votes_6":"0","Name_7":null,"Party_7":null,"Votes_7":"0","Votes_total":"251","Pct_1":63.75,"Pct_2":23.11,"Pct_3":12.75,"Pct_4":0.4,"Pct_5":0,"Pct_6":0,"Pct_7":0,"Margin":40.64}},
{"type":"Feature","geometry":{"type":"Polygon","coordinates":[[[-122.84949169293392,47.02523860220637],[-122.85495944202437,47.02527569292448],[-122.86513968126467,47.02538021917982],[-122.86521426954671,47.01813578092781],[-122.84958528198857,47.018006658505975],[-122.84949169293392,47.02523860220637]]]},"properties":{"COUNTY":"Thurston","PRECCODE":209,"PRECNAME":"Olympia 09","PRECINCT":"Thurston 209","DESCRIPTIO":"Chambers Basin West (McKenny Elementary School, Rossmoor, Whisper Ridge)","OFFICE":"PUD Commissioner District 1","JURISDICTION":"Public Utility","RACE":"Thurston County PUD Commissioner District 1","Name_1":"Jim Campbell","Party_1":"None_1","Votes_1":"305","Name_2":"Troy Kirby","Party_2":"None_2","Votes_2":"135","Name_3":"Bruce D. Wilkinson, Jr.","Party_3":"None_3","Votes_3":"70","Name_4":"Write-In","Party_4":"None_4","Votes_4":"3","Name_5":null,"Party_5":null,"Votes_5":"0","Name_6":null,"Party_6":null,"Votes_6":"0","Name_7":null,"Party_7":null,"Votes_7":"0","Votes_total":"513","Pct_1":59.45,"Pct_2":26.32,"Pct_3":13.65,"Pct_4":0.58,"Pct_5":0,"Pct_6":0,"Pct_7":0,"Margin":33.13}},
{"type":"Feature","geometry":{"type":"Polygon","coordinates":[[[-122.90092918215957,47.03808141529855],[-122.90842201821268,47.037677503655466],[-122.90831707952901,47.03607276430642],[-122.90685452730769,47.034119224281774],[-122.90682379454476,47.03277774727126],[-122.90505877384825,47.03152753292353],[-122.89281095660752,47.031531938556626],[-122.89225317624764,47.03226161885184],[-122.89141088692166,47.033249435065166],[-122.89104567697929,47.033538160857915],[-122.89204342680051,47.03444590443189],[-122.89265406166905,47.03493386675755],[-122.89439678772418,47.035463629425166],[-122.90101592347658,47.0355820948383],[-122.90092918215957,47.03808141529855]]]},"properties":{"COUNTY":"Thurston","PRECCODE":210,"PRECNAME":"Olympia 10","PRECINCT":"Thurston 210","DESCRIPTIO":"South Capitol North (Maple Park, Washington State Capitol Building)","OFFICE":"PUD Commissioner District 1","JURISDICTION":"Public Utility","RACE":"Thurston County PUD Commissioner District 1","Name_1":"Jim Campbell","Party_1":"None_1","Votes_1":"179","Name_2":"Troy Kirby","Party_2":"None_2","Votes_2":"57","Name_3":"Bruce D. Wilkinson, Jr.","Party_3":"None_3","Votes_3":"54","Name_4":null,"Party_4":null,"Votes_4":"0","Name_5":null,"Party_5":null,"Votes_5":"0","Name_6":null,"Party_6":null,"Votes_6":"0","Name_7":null,"Party_7":null,"Votes_7":"0","Votes_total":"290","Pct_1":61.72,"Pct_2":19.66,"Pct_3":18.62,"Pct_4":0,"Pct_5":0,"Pct_6":0,"Pct_7":0,"Margin":42.06}},
{"type":"Feature","geometry":{"type":"Polygon","coordinates":[[[-122.89344255249023,47.03070566773957],[-122.89281095660752,47.031531938556626],[-122.90505877384825,47.03152753292353],[-122.90592488153341,47.030752865049884],[-122.904876025614,47.030058843687954],[-122.90505819166167,47.02926703374564],[-122.90349617858939,47.02642202851681],[-122.90355540822414,47.02493750028897],[-122.90274828922072,47.02395474239095],[-122.90058608434902,47.02449001229377],[-122.89881859672256,47.02559868950091],[-122.89401677244751,47.03003761804751],[-122.89344255249023,47.03070566773957]]]},"properties":{"COUNTY":"Thurston","PRECCODE":211,"PRECNAME":"Olympia 11","PRECINCT":"Thurston 211","DESCRIPTIO":"South Capitol South (Lincoln Elementary School, Washington State Capitol Museum)","OFFICE":"PUD Commissioner District 1","JURISDICTION":"Public Utility","RACE":"Thurston County PUD Commissioner District 1","Name_1":"Jim Campbell","Party_1":"None_1","Votes_1":"135","Name_2":"Troy Kirby","Party_2":"None_2","Votes_2":"46","Name_3":"Bruce D. Wilkinson, Jr.","Party_3":"None_3","Votes_3":"38","Name_4":"Write-In","Party_4":"None_4","Votes_4":"1","Name_5":null,"Party_5":null,"Votes_5":"0","Name_6":null,"Party_6":null,"Votes_6":"0","Name_7":null,"Party_7":null,"Votes_7":"0","Votes_total":"220","Pct_1":61.36,"Pct_2":20.91,"Pct_3":17.27,"Pct_4":0.45,"Pct_5":0,"Pct_6":0,"Pct_7":0,"Margin":40.45}},
{"type":"Feature","geometry":{"type":"Polygon","coordinates":[[[-122.87570779300107,47.02942655370026],[-122.8755579871496,47.03252239956501],[-122.87553116703975,47.03677811995924],[-122.87569519528701,47.03669933051063],[-122.87947544903636,47.036025132809705],[-122.88517408691865,47.03565636433999],[-122.88711276665094,47.035380884364045],[-122.89071488082328,47.03379989549796],[-122.89141088692166,47.033249435065166],[-122.89225317624764,47.03226161885184],[-122.89344255249023,47.03070566773957],[-122.89369004134299,47.030418456252185],[-122.89178445575403,47.029597058688154],[-122.89067666689208,47.02918177692639],[-122.88978882351658,47.028772897828276],[-122.88854638171739,47.027380488683434],[-122.88854305148993,47.027287635260684],[-122.88698436935194,47.025481354728946],[-122.87967931589355,47.02473173300916],[-122.87898023129581,47.02435593691044],[-122.87871399797494,47.024057720955554],[-122.87854262436471,47.02351035954398],[-122.87854127038197,47.0232491236634],[-122.87673082641125,47.02327488508182],[-122.87689393803488,47.025061581948854],[-122.87632644013054,47.02622815874722],[-122.87698963162339,47.02721529148494],[-122.8769478789408,47.029467958498486],[-122.87570779300107,47.02942655370026]]]},"properties":{"COUNTY":"Thurston","PRECCODE":214,"PRECNAME":"Olympia 14","PRECINCT":"Thurston 214","DESCRIPTIO":"Cain Road Northwest (Harry Fain's Legion Park, Watershed Park)","OFFICE":"PUD Commissioner District 1","JURISDICTION":"Public Utility","RACE":"Thurston County PUD Commissioner District 1","Name_1":"Jim Campbell","Party_1":"None_1","Votes_1":"121","Name_2":"Bruce D. Wilkinson, Jr.","Party_2":"None_3","Votes_2":"35","Name_3":"Troy Kirby","Party_3":"None_2","Votes_3":"33","Name_4":null,"Party_4":null,"Votes_4":"0","Name_5":null,"Party_5":null,"Votes_5":"0","Name_6":null,"Party_6":null,"Votes_6":"0","Name_7":null,"Party_7":null,"Votes_7":"0","Votes_total":"189","Pct_1":64.02,"Pct_2":18.52,"Pct_3":17.46,"Pct_4":0,"Pct_5":0,"Pct_6":0,"Pct_7":0,"Margin":45.5}},
{"type":"Feature","geometry":{"type":"Polygon","coordinates":[[[-122.87913357290434,47.04606074620465],[-122.88514267592865,47.04604335443871],[-122.89285164588358,47.04552345325849],[-122.89265295043624,47.0442075479914],[-122.89255836843701,47.043954481219274],[-122.89225811379397,47.042197208496155],[-122.89204499169752,47.040480181421714],[-122.89173183579304,47.03963883822969],[-122.88985228110313,47.037481560195545],[-122.88718651735178,47.036751239091],[-122.88562448895874,47.035592366813795],[-122.88517408691865,47.03565636433999],[-122.8818673418854,47.035875622210526],[-122.88186524889234,47.043508714193834],[-122.87914514535296,47.04350003127159],[-122.87913357290434,47.04606074620465]]]},"properties":{"COUNTY":"Thurston","PRECCODE":215,"PRECNAME":"Olympia 15","PRECINCT":"Thurston 215","DESCRIPTIO":"Eastside West (Madison Elementary School, Lee Creighton Justice Center, Eastway Circle Apartments)","OFFICE":"PUD Commissioner District 1","JURISDICTION":"Public Utility","RACE":"Thurston County PUD Commissioner District 1","Name_1":"Jim Campbell","Party_1":"None_1","Votes_1":"185","Name_2":"Troy Kirby","Party_2":"None_2","Votes_2":"86","Name_3":"Bruce D. Wilkinson, Jr.","Party_3":"None_3","Votes_3":"83","Name_4":"Write-In","Party_4":"None_4","Votes_4":"2","Name_5":null,"Party_5":null,"Votes_5":"0","Name_6":null,"Party_6":null,"Votes_6":"0","Name_7":null,"Party_7":null,"Votes_7":"0","Votes_total":"356","Pct_1":51.97,"Pct_2":24.16,"Pct_3":23.31,"Pct_4":0.56,"Pct_5":0,"Pct_6":0,"Pct_7":0,"Margin":27.81}},
{"type":"Feature","geometry":{"type":"Polygon","coordinates":[[[-122.82316601242535,47.0504932103247],[-122.82494966049815,47.050520359034515],[-122.82496555728171,47.05155026407509],[-122.82587668963562,47.05153451929009],[-122.82592002186682,47.05052106071069],[-122.83358988683534,47.050534434830496],[-122.83349295444468,47.05229438772465],[-122.83353688704182,47.05253254629788],[-122.83352563418946,47.053988467906734],[-122.8335586976437,47.05422643222559],[-122.83356650821847,47.057767053664435],[-122.83911363993411,47.05778892015145],[-122.83912117115331,47.054163792152195],[-122.83902667668961,47.04779223360592],[-122.83902889152712,47.0450953127396],[-122.8232114504989,47.04646345046894],[-122.82316601242535,47.0504932103247]]]},"properties":{"COUNTY":"Thurston","PRECCODE":217,"PRECNAME":"Olympia 17","PRECINCT":"Thurston 217","DESCRIPTIO":"Martin Way West (San Mar Villas, Candlewood Manor MHP, Oriental Drive)","OFFICE":"PUD Commissioner District 1","JURISDICTION":"Public Utility","RACE":"Thurston County PUD Commissioner District 1","Name_1":"Jim Campbell","Party_1":"None_1","Votes_1":"81","Name_2":"Troy Kirby","Party_2":"None_2","Votes_2":"43","Name_3":"Bruce D. Wilkinson, Jr.","Party_3":"None_3","Votes_3":"27","Name_4":"Write-In","Party_4":"None_4","Votes_4":"2","Name_5":null,"Party_5":null,"Votes_5":"0","Name_6":null,"Party_6":null,"Votes_6":"0","Name_7":null,"Party_7":null,"Votes_7":"0","Votes_total":"153","Pct_1":52.94,"Pct_2":28.1,"Pct_3":17.65,"Pct_4":1.31,"Pct_5":0,"Pct_6":0,"Pct_7":0,"Margin":24.84}},
{"type":"Feature","geometry":{"type":"Polygon","coordinates":[[[-122.88462151344898,47.046044823048845],[-122.87741090211063,47.04606619149464],[-122.87345694414478,47.04604895114841],[-122.8734764215104,47.04996668050782],[-122.87335883160921,47.051040751334604],[-122.87318116092464,47.052011776979235],[-122.87516248682954,47.05201983386921],[-122.87516649211523,47.05168196819338],[-122.87461482908076,47.05161962332986],[-122.8746486907593,47.05003189761657],[-122.87573226268785,47.05010622542644],[-122.88396112244149,47.050157930805675],[-122.8839764225042,47.04807530227248],[-122.88463075954255,47.04776463267388],[-122.88462151344898,47.046044823048845]]]},"properties":{"COUNTY":"Thurston","PRECCODE":218,"PRECNAME":"Olympia 18","PRECINCT":"Thurston 218","DESCRIPTIO":"Upper Eastside West (Turner Street, Ralph's Thriftway)","OFFICE":"PUD Commissioner District 1","JURISDICTION":"Public Utility","RACE":"Thurston County PUD Commissioner District 1","Name_1":"Jim Campbell","Party_1":"None_1","Votes_1":"167","Name_2":"Bruce D. Wilkinson, Jr.","Party_2":"None_3","Votes_2":"78","Name_3":"Troy Kirby","Party_3":"None_2","Votes_3":"55","Name_4":null,"Party_4":null,"Votes_4":"0","Name_5":null,"Party_5":null,"Votes_5":"0","Name_6":null,"Party_6":null,"Votes_6":"0","Name_7":null,"Party_7":null,"Votes_7":"0","Votes_total":"300","Pct_1":55.67,"Pct_2":26,"Pct_3":18.33,"Pct_4":0,"Pct_5":0,"Pct_6":0,"Pct_7":0,"Margin":29.67}},
{"type":"Feature","geometry":{"type":"Polygon","coordinates":[[[-122.88622340603189,47.050173289203876],[-122.88975000699597,47.050134685693706],[-122.89026943812195,47.05013976078574],[-122.89027867870563,47.04792358932739],[-122.88995287638843,47.04571520046501],[-122.88514267592865,47.04604335443871],[-122.88462151344898,47.046044823048845],[-122.88463075954255,47.04776463267388],[-122.8839764225042,47.04807530227248],[-122.88396112248125,47.0501579317048],[-122.88622340603189,47.050173289203876]]]},"properties":{"COUNTY":"Thurston","PRECCODE":220,"PRECNAME":"Olympia 20","PRECINCT":"Thurston 220","DESCRIPTIO":"Bigelow East (State Avenue Fire Station, Bayview Apartments, Olympia Metro Church)","OFFICE":"PUD Commissioner District 1","JURISDICTION":"Public Utility","RACE":"Thurston County PUD Commissioner District 1","Name_1":"Jim Campbell","Party_1":"None_1","Votes_1":"83","Name_2":"Bruce D. Wilkinson, Jr.","Party_2":"None_3","Votes_2":"32","Name_3":"Troy Kirby","Party_3":"None_2","Votes_3":"27","Name_4":"Write-In","Party_4":"None_4","Votes_4":"1","Name_5":null,"Party_5":null,"Votes_5":"0","Name_6":null,"Party_6":null,"Votes_6":"0","Name_7":null,"Party_7":null,"Votes_7":"0","Votes_total":"143","Pct_1":58.04,"Pct_2":22.38,"Pct_3":18.88,"Pct_4":0.7,"Pct_5":0,"Pct_6":0,"Pct_7":0,"Margin":35.66}},
{"type":"Feature","geometry":{"type":"Polygon","coordinates":[[[-122.89526681191752,47.06673951409548],[-122.89734186478972,47.06705905829599],[-122.89624556850636,47.06296717057293],[-122.89406843548242,47.058206434323395],[-122.89423211793482,47.0561916730391],[-122.89316531396706,47.05621338509387],[-122.89303481754916,47.05717655831289],[-122.88865971679243,47.057153412809754],[-122.88865269657349,47.05565646095954],[-122.88491173858039,47.05564774592928],[-122.88490982796526,47.057156813095695],[-122.88480295281795,47.05776674595846],[-122.88474759932284,47.06204478480763],[-122.88937154109308,47.06205565553524],[-122.89013283437146,47.06388824532327],[-122.89376616137557,47.063885783676554],[-122.89376478693893,47.06574036936148],[-122.89527330007581,47.065754860640276],[-122.89526681191752,47.06673951409548]]]},"properties":{"COUNTY":"Thurston","PRECCODE":221,"PRECNAME":"Olympia 21","PRECINCT":"Thurston 221","DESCRIPTIO":"Northeast Olympia Northwest (Reeves Middle School, Bayshore Place)","OFFICE":"PUD Commissioner District 1","JURISDICTION":"Public Utility","RACE":"Thurston County PUD Commissioner District 1","Name_1":"Jim Campbell","Party_1":"None_1","Votes_1":"261","Name_2":"Troy Kirby","Party_2":"None_2","Votes_2":"70","Name_3":"Bruce D. Wilkinson, Jr.","Party_3":"None_3","Votes_3":"54","Name_4":"Write-In","Party_4":"None_4","Votes_4":"2","Name_5":null,"Party_5":null,"Votes_5":"0","Name_6":null,"Party_6":null,"Votes_6":"0","Name_7":null,"Party_7":null,"Votes_7":"0","Votes_total":"387","Pct_1":67.44,"Pct_2":18.09,"Pct_3":13.95,"Pct_4":0.52,"Pct_5":0,"Pct_6":0,"Pct_7":0,"Margin":49.35}},
{"type":"Feature","geometry":{"type":"Polygon","coordinates":[[[-122.87154741526159,47.06196602698556],[-122.87205317413688,47.06193700160349],[-122.87203278035908,47.06264867297811],[-122.87330021238657,47.06257811640154],[-122.87331540702637,47.06200255509075],[-122.87566349007932,47.06202182779349],[-122.88474759932284,47.06204478480763],[-122.88480295281795,47.05776674595846],[-122.88490982796526,47.057156813095695],[-122.88491173858039,47.05564774592928],[-122.88865269657349,47.05565646095954],[-122.88864327192589,47.05364630320679],[-122.87566281352933,47.05358288692804],[-122.87565826627416,47.05442711150033],[-122.87513139114962,47.05740998376237],[-122.875686743421,47.0575257360472],[-122.87171292308456,47.05749390003105],[-122.87154741526159,47.06196602698556]]]},"properties":{"COUNTY":"Thurston","PRECCODE":223,"PRECNAME":"Olympia 23","PRECINCT":"Thurston 223","DESCRIPTIO":"Northeast Olympia Southeast (Roosevelt Elementary School, Mission Creek Park)","OFFICE":"PUD Commissioner District 1","JURISDICTION":"Public Utility","RACE":"Thurston County PUD Commissioner District 1","Name_1":"Jim Campbell","Party_1":"None_1","Votes_1":"201","Name_2":"Troy Kirby","Party_2":"None_2","Votes_2":"70","Name_3":"Bruce D. Wilkinson, Jr.","Party_3":"None_3","Votes_3":"64","Name_4":"Write-In","Party_4":"None_4","Votes_4":"5","Name_5":null,"Party_5":null,"Votes_5":"0","Name_6":null,"Party_6":null,"Votes_6":"0","Name_7":null,"Party_7":null,"Votes_7":"0","Votes_total":"340","Pct_1":59.12,"Pct_2":20.59,"Pct_3":18.82,"Pct_4":1.47,"Pct_5":0,"Pct_6":0,"Pct_7":0,"Margin":38.53}},
{"type":"Feature","geometry":{"type":"Polygon","coordinates":[[[-122.87767764103498,47.019942013734585],[-122.88022430108073,47.0199332099862],[-122.88131687241442,47.019948096640405],[-122.88332059345231,47.01992066348262],[-122.88702657053821,47.0194853716689],[-122.88759579577032,47.01991479760218],[-122.8890435150824,47.02049639400853],[-122.88906989462843,47.018336332321816],[-122.88675180722515,47.01832466302973],[-122.88676356000359,47.01761068502926],[-122.88617682827665,47.01761534074444],[-122.88617484235166,47.016589977923786],[-122.88454790306515,47.01658463210739],[-122.8845510040208,47.01622496077089],[-122.88622126102464,47.01622992097656],[-122.88621397618266,47.01479395907113],[-122.88722547286994,47.01479340567495],[-122.88722690235376,47.01308079697867],[-122.88446790028951,47.01310073654166],[-122.88448617977188,47.009416119939274],[-122.88720104858108,47.00935852762111],[-122.88720141754784,47.00776686204194],[-122.8886943884273,47.00777045644894],[-122.88868252273906,47.00363345436812],[-122.88083384739089,47.00366284293095],[-122.880860360924,47.008152896179894],[-122.88057046931414,47.00875428644691],[-122.87927602116542,47.01036861130942],[-122.87926473789928,47.01655021860213],[-122.87919504305346,47.01691770617095],[-122.87849544469952,47.01840557635174],[-122.87781490000354,47.01924085344128],[-122.87769289370915,47.01964430576762],[-122.87767764103498,47.019942013734585]]]},"properties":{"COUNTY":"Thurston","PRECCODE":225,"PRECNAME":"Olympia 25","PRECINCT":"Thurston 225","DESCRIPTIO":"Ward Lake Northwest (Miller High School, Briggs Village, Parkside Apartments)","OFFICE":"PUD Commissioner District 1","JURISDICTION":"Public Utility","RACE":"Thurston County PUD Commissioner District 1","Name_1":"Jim Campbell","Party_1":"None_1","Votes_1":"240","Name_2":"Troy Kirby","Party_2":"None_2","Votes_2":"79","Name_3":"Bruce D. Wilkinson, Jr.","Party_3":"None_3","Votes_3":"49","Name_4":"Write-In","Party_4":"None_4","Votes_4":"2","Name_5":null,"Party_5":null,"Votes_5":"0","Name_6":null,"Party_6":null,"Votes_6":"0","Name_7":null,"Party_7":null,"Votes_7":"0","Votes_total":"370","Pct_1":64.86,"Pct_2":21.35,"Pct_3":13.24,"Pct_4":0.54,"Pct_5":0,"Pct_6":0,"Pct_7":0,"Margin":43.51}},
{"type":"Feature","geometry":{"type":"Polygon","coordinates":[[[-122.87562169285194,47.04350499019928],[-122.87853938896299,47.04350002903475],[-122.88186524889234,47.043508714193834],[-122.8818673418854,47.035875622210526],[-122.87947544903636,47.036025132809705],[-122.87569519528701,47.03669933051063],[-122.87477366889964,47.03714197391086],[-122.87297355733833,47.0383050052761],[-122.8729887104761,47.039876825515506],[-122.87301127987593,47.04348498861128],[-122.87562169285194,47.04350499019928]]]},"properties":{"COUNTY":"Thurston","PRECCODE":230,"PRECNAME":"Olympia 30","PRECINCT":"Thurston 230","DESCRIPTIO":"Eastside Center (Madison Scenic Park, 14th Ave SE & Fir)","OFFICE":"PUD Commissioner District 1","JURISDICTION":"Public Utility","RACE":"Thurston County PUD Commissioner District 1","Name_1":"Jim Campbell","Party_1":"None_1","Votes_1":"168","Name_2":"Troy Kirby","Party_2":"None_2","Votes_2":"66","Name_3":"Bruce D. Wilkinson, Jr.","Party_3":"None_3","Votes_3":"60","Name_4":"Write-In","Party_4":"None_4","Votes_4":"2","Name_5":null,"Party_5":null,"Votes_5":"0","Name_6":null,"Party_6":null,"Votes_6":"0","Name_7":null,"Party_7":null,"Votes_7":"0","Votes_total":"296","Pct_1":56.76,"Pct_2":22.3,"Pct_3":20.27,"Pct_4":0.68,"Pct_5":0,"Pct_6":0,"Pct_7":0,"Margin":34.46}},
{"type":"Feature","geometry":{"type":"Polygon","coordinates":[[[-122.84428863279771,47.01796018675526],[-122.86521426954671,47.01813578092781],[-122.86522537520321,47.016321618458306],[-122.86960633354848,47.016302070966354],[-122.8696065750401,47.01632957902766],[-122.87002723774536,47.016300268313316],[-122.87321825309111,47.016286547353445],[-122.87320076774343,47.01596087957693],[-122.87320743112753,47.01455696560149],[-122.8652352103129,47.01450676465153],[-122.86524596139748,47.01084452390253],[-122.86317537794261,47.01085572574222],[-122.85462813665072,47.010776859605606],[-122.84968645099072,47.01074380260364],[-122.84963555490911,47.014373922356285],[-122.8443463719661,47.01433118084496],[-122.84428863279771,47.01796018675526]]]},"properties":{"COUNTY":"Thurston","PRECCODE":231,"PRECNAME":"Olympia 31","PRECINCT":"Thurston 231","DESCRIPTIO":"Cain Road Southeast (LBA Park, Nottingham)","OFFICE":"PUD Commissioner District 1","JURISDICTION":"Public Utility","RACE":"Thurston County PUD Commissioner District 1","Name_1":"Jim Campbell","Party_1":"None_1","Votes_1":"128","Name_2":"Troy Kirby","Party_2":"None_2","Votes_2":"49","Name_3":"Bruce D. Wilkinson, Jr.","Party_3":"None_3","Votes_3":"28","Name_4":"Write-In","Party_4":"None_4","Votes_4":"1","Name_5":null,"Party_5":null,"Votes_5":"0","Name_6":null,"Party_6":null,"Votes_6":"0","Name_7":null,"Party_7":null,"Votes_7":"0","Votes_total":"206","Pct_1":62.14,"Pct_2":23.79,"Pct_3":13.59,"Pct_4":0.49,"Pct_5":0,"Pct_6":0,"Pct_7":0,"Margin":38.35}},
{"type":"Feature","geometry":{"type":"Polygon","coordinates":[[[-122.84494780199651,47.0251703792801],[-122.84417456625685,47.025211236460514],[-122.8442793057958,47.03245794237036],[-122.84691135323904,47.032470395856095],[-122.85720450669119,47.032572706511374],[-122.85726319720524,47.028829438599274],[-122.85722224731734,47.025297754373305],[-122.84960236047549,47.025240252283794],[-122.84494780199651,47.0251703792801]]]},"properties":{"COUNTY":"Thurston","PRECCODE":232,"PRECNAME":"Olympia 32","PRECINCT":"Thurston 232","DESCRIPTIO":"Chambers Basin North (Margaret McKinney Park, Woodfield Estates)","OFFICE":"PUD Commissioner District 1","JURISDICTION":"Public Utility","RACE":"Thurston County PUD Commissioner District 1","Name_1":"Jim Campbell","Party_1":"None_1","Votes_1":"200","Name_2":"Troy Kirby","Party_2":"None_2","Votes_2":"93","Name_3":"Bruce D. Wilkinson, Jr.","Party_3":"None_3","Votes_3":"57","Name_4":"Write-In","Party_4":"None_4","Votes_4":"2","Name_5":null,"Party_5":null,"Votes_5":"0","Name_6":null,"Party_6":null,"Votes_6":"0","Name_7":null,"Party_7":null,"Votes_7":"0","Votes_total":"352","Pct_1":56.82,"Pct_2":26.42,"Pct_3":16.19,"Pct_4":0.57,"Pct_5":0,"Pct_6":0,"Pct_7":0,"Margin":30.4}},
{"type":"Feature","geometry":{"type":"Polygon","coordinates":[[[-122.88083384739089,47.00366284293095],[-122.88080475124927,47.00355188524636],[-122.87783595427447,47.003544343554694],[-122.87722490272185,47.00355060604864],[-122.87723190468932,47.007187553953386],[-122.86523337625226,47.00723532253335],[-122.86524608058706,47.0095658220744],[-122.8652352103129,47.01450676465153],[-122.87320743112753,47.01455696560149],[-122.87320076774343,47.01596087957693],[-122.87323069454698,47.01651828529144],[-122.87926473789928,47.01655021860213],[-122.87927602116542,47.01036861130942],[-122.88057046931414,47.00875428644691],[-122.880860360924,47.008152896179894],[-122.88083384739089,47.00366284293095]]]},"properties":{"COUNTY":"Thurston","PRECCODE":235,"PRECNAME":"Olympia 35","PRECINCT":"Thurston 235","DESCRIPTIO":"Ward Lake Center (Ward Lake, Holiday Hills, Cedar Park Loop, Silver Leaf Apartments)","OFFICE":"PUD Commissioner District 1","JURISDICTION":"Public Utility","RACE":"Thurston County PUD Commissioner District 1","Name_1":"Jim Campbell","Party_1":"None_1","Votes_1":"331","Name_2":"Troy Kirby","Party_2":"None_2","Votes_2":"116","Name_3":"Bruce D. Wilkinson, Jr.","Party_3":"None_3","Votes_3":"53","Name_4":"Write-In","Party_4":"None_4","Votes_4":"4","Name_5":null,"Party_5":null,"Votes_5":"0","Name_6":null,"Party_6":null,"Votes_6":"0","Name_7":null,"Party_7":null,"Votes_7":"0","Votes_total":"504","Pct_1":65.67,"Pct_2":23.02,"Pct_3":10.52,"Pct_4":0.79,"Pct_5":0,"Pct_6":0,"Pct_7":0,"Margin":42.65}},
{"type":"Feature","geometry":{"type":"Polygon","coordinates":[[[-122.87323069454698,47.01651828529144],[-122.87358074754671,47.02533539656731],[-122.87374436445359,47.029382304546644],[-122.87570779300107,47.02942655370026],[-122.8769478789408,47.029467958498486],[-122.87698963162339,47.02721529148494],[-122.87632644013054,47.02622815874722],[-122.87689393803488,47.025061581948854],[-122.87673082641125,47.02327488508182],[-122.87854127038197,47.0232491236634],[-122.87853365121634,47.022087425108616],[-122.87833297141813,47.02143112573898],[-122.87772207080708,47.02046466766691],[-122.87768381011176,47.020280945081765],[-122.87767966366611,47.01978161750844],[-122.87769289370915,47.01964430576762],[-122.87781490000354,47.01924085344128],[-122.87849544469952,47.01840557635174],[-122.87919504305346,47.01691770617095],[-122.87926473789928,47.01655021860213],[-122.87323069454698,47.01651828529144]]]},"properties":{"COUNTY":"Thurston","PRECCODE":239,"PRECNAME":"Olympia 39","PRECINCT":"Thurston 239","DESCRIPTIO":"Cain Road Southwest (Centerwood, Braemar, Transformation Life Church)","OFFICE":"PUD Commissioner District 1","JURISDICTION":"Public Utility","RACE":"Thurston County PUD Commissioner District 1","Name_1":"Jim Campbell","Party_1":"None_1","Votes_1":"165","Name_2":"Troy Kirby","Party_2":"None_2","Votes_2":"38","Name_3":"Bruce D. Wilkinson, Jr.","Party_3":"None_3","Votes_3":"26","Name_4":"Write-In","Party_4":"None_4","Votes_4":"4","Name_5":null,"Party_5":null,"Votes_5":"0","Name_6":null,"Party_6":null,"Votes_6":"0","Name_7":null,"Party_7":null,"Votes_7":"0","Votes_total":"233","Pct_1":70.82,"Pct_2":16.31,"Pct_3":11.16,"Pct_4":1.72,"Pct_5":0,"Pct_6":0,"Pct_7":0,"Margin":54.51}},
{"type":"Feature","geometry":{"type":"Polygon","coordinates":[[[-122.87768381011176,47.020280945081765],[-122.87772207080708,47.02046466766691],[-122.87833297141813,47.02143112573898],[-122.87853365121634,47.022087425108616],[-122.87854262436471,47.02351035954398],[-122.87871399797494,47.024057720955554],[-122.87898023129581,47.02435593691044],[-122.87967931589355,47.02473173300916],[-122.88698436935194,47.025481354728946],[-122.88854305148993,47.027287635260684],[-122.88841284031663,47.02322502201922],[-122.88791161643849,47.02004418355108],[-122.88759579577032,47.01991479760218],[-122.88702657053821,47.0194853716689],[-122.88332059345231,47.01992066348262],[-122.88131687241442,47.019948096640405],[-122.88022430108073,47.0199332099862],[-122.87767764103498,47.019942013734585],[-122.87768381011176,47.020280945081765]]]},"properties":{"COUNTY":"Thurston","PRECCODE":240,"PRECNAME":"Olympia 40","PRECINCT":"Thurston 240","DESCRIPTIO":"Governor Stevens East (Pioneer Elementary School, Cloverfield Drive, Hazard Lake)","OFFICE":"PUD Commissioner District 1","JURISDICTION":"Public Utility","RACE":"Thurston County PUD Commissioner District 1","Name_1":"Jim Campbell","Party_1":"None_1","Votes_1":"174","Name_2":"Troy Kirby","Party_2":"None_2","Votes_2":"51","Name_3":"Bruce D. Wilkinson, Jr.","Party_3":"None_3","Votes_3":"31","Name_4":null,"Party_4":null,"Votes_4":"0","Name_5":null,"Party_5":null,"Votes_5":"0","Name_6":null,"Party_6":null,"Votes_6":"0","Name_7":null,"Party_7":null,"Votes_7":"0","Votes_total":"256","Pct_1":67.97,"Pct_2":19.92,"Pct_3":12.11,"Pct_4":0,"Pct_5":0,"Pct_6":0,"Pct_7":0,"Margin":48.05}},
{"type":"Feature","geometry":{"type":"MultiPolygon","coordinates":[[[[-122.9005823487033,47.02214935988743],[-122.90072781628388,47.02186810942498],[-122.9001678335006,47.02215073464822],[-122.9005823487033,47.02214935988743]]],[[[-122.88791161643849,47.02004418355108],[-122.88841284031663,47.02322502201922],[-122.88854638171739,47.027380488683434],[-122.88978882351658,47.028772897828276],[-122.89067666689208,47.02918177692639],[-122.89178445575403,47.029597058688154],[-122.89369004134299,47.030418456252185],[-122.89401677244751,47.03003761804751],[-122.89881859672256,47.02559868950091],[-122.90058608434902,47.02449001229377],[-122.90274828922072,47.02395474239095],[-122.90192335837847,47.02353213592683],[-122.8991129980038,47.023952720822905],[-122.89786220699905,47.02299592059873],[-122.89681793133894,47.02340144683293],[-122.89674898243477,47.02093572316863],[-122.89550656794275,47.0209478278194],[-122.89015332887782,47.02093347918405],[-122.88791161643849,47.02004418355108]]]]},"properties":{"COUNTY":"Thurston","PRECCODE":241,"PRECNAME":"Olympia 41","PRECINCT":"Thurston 241","DESCRIPTIO":"Governor Stevens West (Wildwood, Trillium Park)","OFFICE":"PUD Commissioner District 1","JURISDICTION":"Public Utility","RACE":"Thurston County PUD Commissioner District 1","Name_1":"Jim Campbell","Party_1":"None_1","Votes_1":"199","Name_2":"Bruce D. Wilkinson, Jr.","Party_2":"None_3","Votes_2":"60","Name_3":"Troy Kirby","Party_3":"None_2","Votes_3":"47","Name_4":null,"Party_4":null,"Votes_4":"0","Name_5":null,"Party_5":null,"Votes_5":"0","Name_6":null,"Party_6":null,"Votes_6":"0","Name_7":null,"Party_7":null,"Votes_7":"0","Votes_total":"306","Pct_1":65.03,"Pct_2":19.61,"Pct_3":15.36,"Pct_4":0,"Pct_5":0,"Pct_6":0,"Pct_7":0,"Margin":45.42}},
{"type":"Feature","geometry":{"type":"Polygon","coordinates":[[[-122.89550656794275,47.0209478278194],[-122.89550907392328,47.02054805185346],[-122.89670653466274,47.020548376844154],[-122.8952520283135,47.019069291011334],[-122.89730872518645,47.01938524815503],[-122.89726994398957,47.01818818800421],[-122.89522915553543,47.018297514423814],[-122.8952120213772,47.01791174488132],[-122.89292135107178,47.01744057446952],[-122.89293449976446,47.01786543007012],[-122.89356744459783,47.01785849637976],[-122.89359594904317,47.01877396993064],[-122.89296909081453,47.01877347120179],[-122.89294262640465,47.01804857361884],[-122.89230142426938,47.018043933139616],[-122.89233215999037,47.01933067330401],[-122.89022661401546,47.01932414318312],[-122.89022646617893,47.019709686743205],[-122.88964099424851,47.01970890843247],[-122.88964545195668,47.01905080025754],[-122.89090905427838,47.01866782275579],[-122.89023591980087,47.01845076935089],[-122.89024295279626,47.0178462685487],[-122.89205731267245,47.01785017373601],[-122.8920398323261,47.01727454909756],[-122.89283124321133,47.017277733104976],[-122.89281238093764,47.01667390284604],[-122.89158900178043,47.01708244491641],[-122.89074872642637,47.016670879881815],[-122.89024870385157,47.01721287790654],[-122.89075050549347,47.01740679136626],[-122.8896564525508,47.0176228575267],[-122.88965384397234,47.01795011024325],[-122.88790104498483,47.01795262753055],[-122.88789465569992,47.01761732933499],[-122.88907321693867,47.01778376274228],[-122.88907155520761,47.01745993299799],[-122.88965780055356,47.01745953489235],[-122.88966104619206,47.0169655083855],[-122.88873612727852,47.01696227263405],[-122.88873879583001,47.01666170935415],[-122.8873084821066,47.01695939624359],[-122.88678094724179,47.01665726920046],[-122.88729886886296,47.018112024991616],[-122.88675180722515,47.01832466302973],[-122.88906989462843,47.018336332321816],[-122.8890435150824,47.02049639400853],[-122.89015332887782,47.02093347918405],[-122.89550656794275,47.0209478278194]]]},"properties":{"COUNTY":"Thurston","PRECCODE":242,"PRECNAME":"Olympia 42","PRECINCT":"Thurston 242","DESCRIPTIO":"Governor Stevens Southwest (Sunset Way, Carlyon North Parcels)","OFFICE":"PUD Commissioner District 1","JURISDICTION":"Public Utility","RACE":"Thurston County PUD Commissioner District 1","Name_1":"Jim Campbell","Party_1":"None_1","Votes_1":"93","Name_2":"Bruce D. Wilkinson, Jr.","Party_2":"None_3","Votes_2":"39","Name_3":"Troy Kirby","Party_3":"None_2","Votes_3":"37","Name_4":"Write-In","Party_4":"None_4","Votes_4":"1","Name_5":null,"Party_5":null,"Votes_5":"0","Name_6":null,"Party_6":null,"Votes_6":"0","Name_7":null,"Party_7":null,"Votes_7":"0","Votes_total":"170","Pct_1":54.71,"Pct_2":22.94,"Pct_3":21.76,"Pct_4":0.59,"Pct_5":0,"Pct_6":0,"Pct_7":0,"Margin":31.77}},
{"type":"Feature","geometry":{"type":"Polygon","coordinates":[[[-122.83912010989424,47.05461877452309],[-122.84442396482989,47.05465138304779],[-122.84445601677395,47.0510231950716],[-122.84877282406782,47.051070623102255],[-122.84879951795882,47.04697555762697],[-122.84784738861714,47.04703982903385],[-122.84784759629612,47.04701319242921],[-122.83902651349553,47.04762008956945],[-122.83912010989424,47.05461877452309]]]},"properties":{"COUNTY":"Thurston","PRECCODE":245,"PRECNAME":"Olympia 45","PRECINCT":"Thurston 245","DESCRIPTIO":"Martin Way North-Center (Ensign Apartments, Firs Senior Apartments, Olympia Crest Apartments)","OFFICE":"PUD Commissioner District 1","JURISDICTION":"Public Utility","RACE":"Thurston County PUD Commissioner District 1","Name_1":"Jim Campbell","Party_1":"None_1","Votes_1":"75","Name_2":"Troy Kirby","Party_2":"None_2","Votes_2":"55","Name_3":"Bruce D. Wilkinson, Jr.","Party_3":"None_3","Votes_3":"31","Name_4":"Write-In","Party_4":"None_4","Votes_4":"1","Name_5":null,"Party_5":null,"Votes_5":"0","Name_6":null,"Party_6":null,"Votes_6":"0","Name_7":null,"Party_7":null,"Votes_7":"0","Votes_total":"162","Pct_1":46.3,"Pct_2":33.95,"Pct_3":19.14,"Pct_4":0.62,"Pct_5":0,"Pct_6":0,"Pct_7":0,"Margin":12.35}},
{"type":"Feature","geometry":{"type":"Polygon","coordinates":[[[-122.84432088496347,47.06869816625827],[-122.8496789992847,47.06873663269196],[-122.84959570563625,47.05705107046695],[-122.85373263158418,47.05710210983856],[-122.85399381434327,47.05793257920968],[-122.85399094894225,47.0568722411416],[-122.85490727652987,47.05690120740185],[-122.85490560908306,47.0543187099831],[-122.84959149862829,47.0542501212104],[-122.84959747128595,47.051053531048666],[-122.84877282406782,47.051070623102255],[-122.84445601677395,47.0510231950716],[-122.84432088496347,47.06869816625827]]]},"properties":{"COUNTY":"Thurston","PRECCODE":246,"PRECNAME":"Olympia 46","PRECINCT":"Thurston 246","DESCRIPTIO":"Newport Northwest (Springwood, Landis Pointe Apartments)","OFFICE":"PUD Commissioner District 1","JURISDICTION":"Public Utility","RACE":"Thurston County PUD Commissioner District 1","Name_1":"Jim Campbell","Party_1":"None_1","Votes_1":"165","Name_2":"Troy Kirby","Party_2":"None_2","Votes_2":"84","Name_3":"Bruce D. Wilkinson, Jr.","Party_3":"None_3","Votes_3":"62","Name_4":"Write-In","Party_4":"None_4","Votes_4":"5","Name_5":null,"Party_5":null,"Votes_5":"0","Name_6":null,"Party_6":null,"Votes_6":"0","Name_7":null,"Party_7":null,"Votes_7":"0","Votes_total":"316","Pct_1":52.22,"Pct_2":26.58,"Pct_3":19.62,"Pct_4":1.58,"Pct_5":0,"Pct_6":0,"Pct_7":0,"Margin":25.64}},
{"type":"Feature","geometry":{"type":"Polygon","coordinates":[[[-122.87553116703975,47.03677811995924],[-122.8755579871496,47.03252239956501],[-122.87570779300107,47.02942655370026],[-122.87374436445359,47.029382304546644],[-122.87358074754671,47.02533539656731],[-122.86513968126467,47.02538021917982],[-122.86514471827924,47.03184229053818],[-122.86807960623345,47.03407117575996],[-122.86902163959803,47.0371960193963],[-122.86906215236638,47.04037278245643],[-122.86999181723448,47.040096145419575],[-122.87149794991602,47.039374772893446],[-122.87297394530661,47.0383300874569],[-122.87297355733833,47.0383050052761],[-122.87477366889964,47.03714197391086],[-122.87553116703975,47.03677811995924]]]},"properties":{"COUNTY":"Thurston","PRECCODE":247,"PRECNAME":"Olympia 47","PRECINCT":"Thurston 247","DESCRIPTIO":"Cain Road Northeast (Church of Living Water, McGrath Woods Park)","OFFICE":"PUD Commissioner District 1","JURISDICTION":"Public Utility","RACE":"Thurston County PUD Commissioner District 1","Name_1":"Jim Campbell","Party_1":"None_1","Votes_1":"224","Name_2":"Troy Kirby","Party_2":"None_2","Votes_2":"99","Name_3":"Bruce D. Wilkinson, Jr.","Party_3":"None_3","Votes_3":"59","Name_4":null,"Party_4":null,"Votes_4":"0","Name_5":null,"Party_5":null,"Votes_5":"0","Name_6":null,"Party_6":null,"Votes_6":"0","Name_7":null,"Party_7":null,"Votes_7":"0","Votes_total":"382","Pct_1":58.64,"Pct_2":25.92,"Pct_3":15.45,"Pct_4":0,"Pct_5":0,"Pct_6":0,"Pct_7":0,"Margin":32.72}},
{"type":"Feature","geometry":{"type":"Polygon","coordinates":[[[-122.85150279888542,47.04158975558753],[-122.85216487569726,47.04132406591923],[-122.8533861587611,47.04090687605895],[-122.85557196953862,47.04050136139095],[-122.86604856668158,47.04072629328973],[-122.86897225412667,47.0403995335148],[-122.86906215236638,47.04037278245643],[-122.86902163959803,47.0371960193963],[-122.86807960623345,47.03407117575996],[-122.86514471827924,47.03184229053818],[-122.86513968126467,47.02538021917982],[-122.85722224731734,47.025297754373305],[-122.85726319720524,47.028829438599274],[-122.85720450669119,47.032572706511374],[-122.84691135323904,47.032470395856095],[-122.84702955046662,47.04173834935041],[-122.85150279888542,47.04158975558753]]]},"properties":{"COUNTY":"Thurston","PRECCODE":248,"PRECNAME":"Olympia 48","PRECINCT":"Thurston 248","DESCRIPTIO":"Chambers Basin Northwest (Olympia Regional Learning Academy, Redwood Estates, Briar Lea)","OFFICE":"PUD Commissioner District 1","JURISDICTION":"Public Utility","RACE":"Thurston County PUD Commissioner District 1","Name_1":"Jim Campbell","Party_1":"None_1","Votes_1":"220","Name_2":"Troy Kirby","Party_2":"None_2","Votes_2":"114","Name_3":"Bruce D. Wilkinson, Jr.","Party_3":"None_3","Votes_3":"76","Name_4":"Write-In","Party_4":"None_4","Votes_4":"2","Name_5":null,"Party_5":null,"Votes_5":"0","Name_6":null,"Party_6":null,"Votes_6":"0","Name_7":null,"Party_7":null,"Votes_7":"0","Votes_total":"412","Pct_1":53.4,"Pct_2":27.67,"Pct_3":18.45,"Pct_4":0.49,"Pct_5":0,"Pct_6":0,"Pct_7":0,"Margin":25.73}},
{"type":"Feature","geometry":{"type":"Polygon","coordinates":[[[-122.88865971679243,47.057153412809754],[-122.89303481754916,47.05717655831289],[-122.89316531396706,47.05621338509387],[-122.89423211793482,47.0561916730391],[-122.89432950343517,47.05523951091068],[-122.89301159811711,47.05272880175869],[-122.88996531623602,47.052694322221626],[-122.88975000699597,47.050134685693706],[-122.88622340603189,47.050173289203876],[-122.87573226268785,47.05010622542644],[-122.8746486907593,47.05003189761657],[-122.87461482908076,47.05161962332986],[-122.87516649211523,47.05168196819338],[-122.87515752628713,47.05159101888552],[-122.87567337001354,47.05162238582678],[-122.87566281352933,47.05358288692804],[-122.88864327192589,47.05364630320679],[-122.88865971679243,47.057153412809754]]]},"properties":{"COUNTY":"Thurston","PRECCODE":249,"PRECNAME":"Olympia 49","PRECINCT":"Thurston 249","DESCRIPTIO":"Bigelow North (Bigelow Park, Capital Vision Community Gardens)","OFFICE":"PUD Commissioner District 1","JURISDICTION":"Public Utility","RACE":"Thurston County PUD Commissioner District 1","Name_1":"Jim Campbell","Party_1":"None_1","Votes_1":"189","Name_2":"Bruce D. Wilkinson, Jr.","Party_2":"None_3","Votes_2":"86","Name_3":"Troy Kirby","Party_3":"None_2","Votes_3":"64","Name_4":null,"Party_4":null,"Votes_4":"0","Name_5":null,"Party_5":null,"Votes_5":"0","Name_6":null,"Party_6":null,"Votes_6":"0","Name_7":null,"Party_7":null,"Votes_7":"0","Votes_total":"339","Pct_1":55.75,"Pct_2":25.37,"Pct_3":18.88,"Pct_4":0,"Pct_5":0,"Pct_6":0,"Pct_7":0,"Margin":30.38}},
{"type":"Feature","geometry":{"type":"Polygon","coordinates":[[[-122.87741090211063,47.04606619149464],[-122.87913357290434,47.04606074620465],[-122.87914514871001,47.04349915283453],[-122.87562169285194,47.04350499019928],[-122.87301127987593,47.04348498861128],[-122.8729887104761,47.039876825515506],[-122.87297394530661,47.0383300874569],[-122.87149794991602,47.039374772893446],[-122.86999181723448,47.040096145419575],[-122.86897225412667,47.0403995335148],[-122.86604856668158,47.04072629328973],[-122.85557196953862,47.04050136139095],[-122.8533861587611,47.04090687605895],[-122.85216487569726,47.04132406591923],[-122.85150279888542,47.04158975558753],[-122.85187914403156,47.041577245620786],[-122.85185676366436,47.046769128365966],[-122.8549628837763,47.046559811897104],[-122.86377794185124,47.04599550660597],[-122.87169623128806,47.04603262891537],[-122.87741090211063,47.04606619149464]]]},"properties":{"COUNTY":"Thurston","PRECCODE":250,"PRECNAME":"Olympia 50","PRECINCT":"Thurston 250","DESCRIPTIO":"Eastside East (Forest Memorial Gardens, Lions Park)","OFFICE":"PUD Commissioner District 1","JURISDICTION":"Public Utility","RACE":"Thurston County PUD Commissioner District 1","Name_1":"Jim Campbell","Party_1":"None_1","Votes_1":"143","Name_2":"Troy Kirby","Party_2":"None_2","Votes_2":"74","Name_3":"Bruce D. Wilkinson, Jr.","Party_3":"None_3","Votes_3":"56","Name_4":null,"Party_4":null,"Votes_4":"0","Name_5":null,"Party_5":null,"Votes_5":"0","Name_6":null,"Party_6":null,"Votes_6":"0","Name_7":null,"Party_7":null,"Votes_7":"0","Votes_total":"273","Pct_1":52.38,"Pct_2":27.11,"Pct_3":20.51,"Pct_4":0,"Pct_5":0,"Pct_6":0,"Pct_7":0,"Margin":25.27}},
{"type":"Feature","geometry":{"type":"Polygon","coordinates":[[[-122.83903302280046,47.03425669000891],[-122.84428596152169,47.034263862557175],[-122.8442793057958,47.03245794237036],[-122.84417456625685,47.025211236460514],[-122.84494780199651,47.0251703792801],[-122.84949169293392,47.02523860220637],[-122.84958528198857,47.018006658505975],[-122.84428863279771,47.01796018675526],[-122.8443463719661,47.01433118084496],[-122.84963555490911,47.014373922356285],[-122.84968645099072,47.01074380260364],[-122.84430347429657,47.010700447270544],[-122.83908509488519,47.01069935618991],[-122.83908417345087,47.00346943797656],[-122.83618640497748,47.00346853356524],[-122.8361863496109,47.002704344981616],[-122.83538958094707,47.002051375228056],[-122.83380965883943,47.00208961563556],[-122.83350124115667,47.00075285653157],[-122.83349431934317,47.001030796437625],[-122.83212559014304,47.0042110538033],[-122.83263391703306,47.006131469911814],[-122.83330771411268,47.00740717140173],[-122.8336809345724,47.01069737556355],[-122.8337051967634,47.01069746759752],[-122.83376372506518,47.01438567776063],[-122.83379584143277,47.01922161274149],[-122.83384445719147,47.02005502773071],[-122.83392345898486,47.02066778144394],[-122.83401147063849,47.021161198223346],[-122.83412457955208,47.021658403260474],[-122.83902479482092,47.021591707788254],[-122.83903302280046,47.03425669000891]]]},"properties":{"COUNTY":"Thurston","PRECCODE":251,"PRECNAME":"Olympia 51","PRECINCT":"Thurston 251","DESCRIPTIO":"Chambers Basin Southeast (Herman Road, Hoffman Court)","OFFICE":"PUD Commissioner District 1","JURISDICTION":"Public Utility","RACE":"Thurston County PUD Commissioner District 1","Name_1":"Jim Campbell","Party_1":"None_1","Votes_1":"38","Name_2":"Troy Kirby","Party_2":"None_2","Votes_2":"31","Name_3":"Bruce D. Wilkinson, Jr.","Party_3":"None_3","Votes_3":"12","Name_4":null,"Party_4":null,"Votes_4":"0","Name_5":null,"Party_5":null,"Votes_5":"0","Name_6":null,"Party_6":null,"Votes_6":"0","Name_7":null,"Party_7":null,"Votes_7":"0","Votes_total":"81","Pct_1":46.91,"Pct_2":38.27,"Pct_3":14.81,"Pct_4":0,"Pct_5":0,"Pct_6":0,"Pct_7":0,"Margin":8.64}},
{"type":"Feature","geometry":{"type":"Polygon","coordinates":[[[-122.88975000699597,47.050134685693706],[-122.88996531623602,47.052694322221626],[-122.89301159811711,47.05272880175869],[-122.89273625921194,47.05059081500533],[-122.89362779933467,47.04729087985616],[-122.89532232469072,47.047447977924826],[-122.89592547334595,47.05120587335921],[-122.89649873126095,47.0514878179511],[-122.89548801299048,47.045343611393044],[-122.88995287638843,47.04571520046501],[-122.89027867870563,47.04792358932739],[-122.89026943812195,47.05013976078574],[-122.88975000699597,47.050134685693706]]]},"properties":{"COUNTY":"Thurston","PRECCODE":252,"PRECNAME":"Olympia 52","PRECINCT":"Thurston 252","DESCRIPTIO":"Bigelow West (East Bay Harbor Condos, Community Youth Services)","OFFICE":"PUD Commissioner District 1","JURISDICTION":"Public Utility","RACE":"Thurston County PUD Commissioner District 1","Name_1":"Jim Campbell","Party_1":"None_1","Votes_1":"90","Name_2":"Troy Kirby","Party_2":"None_2","Votes_2":"29","Name_3":"Bruce D. Wilkinson, Jr.","Party_3":"None_3","Votes_3":"15","Name_4":"Write-In","Party_4":"None_4","Votes_4":"1","Name_5":null,"Party_5":null,"Votes_5":"0","Name_6":null,"Party_6":null,"Votes_6":"0","Name_7":null,"Party_7":null,"Votes_7":"0","Votes_total":"135","Pct_1":66.67,"Pct_2":21.48,"Pct_3":11.11,"Pct_4":0.74,"Pct_5":0,"Pct_6":0,"Pct_7":0,"Margin":45.19}},
{"type":"Feature","geometry":{"type":"Polygon","coordinates":[[[-122.83898707095058,47.05778678906354],[-122.83900680421323,47.06153483561275],[-122.83899523964061,47.064135393563305],[-122.83900371497128,47.06866654010771],[-122.84432100000332,47.06868337417776],[-122.84442396482989,47.05465138304779],[-122.83912010989424,47.05461877452309],[-122.83911363993411,47.05778892015145],[-122.83898707095058,47.05778678906354]]]},"properties":{"COUNTY":"Thurston","PRECCODE":253,"PRECNAME":"Olympia 53","PRECINCT":"Thurston 253","DESCRIPTIO":"Newport Northeast (Mapleview Drive, Village at Mill Pond, Arbor Square Apartments)","OFFICE":"PUD Commissioner District 1","JURISDICTION":"Public Utility","RACE":"Thurston County PUD Commissioner District 1","Name_1":"Jim Campbell","Party_1":"None_1","Votes_1":"117","Name_2":"Troy Kirby","Party_2":"None_2","Votes_2":"76","Name_3":"Bruce D. Wilkinson, Jr.","Party_3":"None_3","Votes_3":"38","Name_4":"Write-In","Party_4":"None_4","Votes_4":"6","Name_5":null,"Party_5":null,"Votes_5":"0","Name_6":null,"Party_6":null,"Votes_6":"0","Name_7":null,"Party_7":null,"Votes_7":"0","Votes_total":"237","Pct_1":49.37,"Pct_2":32.07,"Pct_3":16.03,"Pct_4":2.53,"Pct_5":0,"Pct_6":0,"Pct_7":0,"Margin":17.3}},
{"type":"Feature","geometry":{"type":"Polygon","coordinates":[[[-122.87345694414478,47.04604895114841],[-122.87169623128806,47.04603262891537],[-122.86377794185124,47.04599550660597],[-122.8549628837763,47.046559811897104],[-122.84879951795882,47.04697555762697],[-122.84877282406782,47.051070623102255],[-122.84959747128595,47.051053531048666],[-122.84959149862829,47.0542501212104],[-122.85490560908306,47.0543187099831],[-122.8549132121828,47.05076850495828],[-122.85911914181182,47.050804728020736],[-122.859116420753,47.048986401626635],[-122.86080221687969,47.04886922830293],[-122.86080430624321,47.048540311634305],[-122.85966802094995,47.048532580299415],[-122.85966669784534,47.04818598006472],[-122.86081235587478,47.04819479650366],[-122.86081407826549,47.04738247398832],[-122.86319026100249,47.047415601119354],[-122.86319360680213,47.04949629894172],[-122.86512740590446,47.04928279009558],[-122.86512931563908,47.05006247219005],[-122.86396931344706,47.050231405309326],[-122.8641503943918,47.051767069573],[-122.86627660460024,47.05164147448781],[-122.86627725081506,47.05217912896629],[-122.86879181980765,47.05218351746886],[-122.86878876519872,47.05082887130074],[-122.86790950237169,47.050824870222286],[-122.86791550819052,47.04881863855473],[-122.8702959451442,47.0488064300055],[-122.8702837663515,47.049154637202875],[-122.870791999539,47.049153842559434],[-122.87080432113103,47.05035771021986],[-122.87343221545409,47.05034634575569],[-122.8734764215104,47.04996668050782],[-122.87345694414478,47.04604895114841]]]},"properties":{"COUNTY":"Thurston","PRECCODE":257,"PRECNAME":"Olympia 57","PRECINCT":"Thurston 257","DESCRIPTIO":"Upper Eastside East (Brown Street, South Bay Rd NE & Phoenix, Unity Commons Apartments)","OFFICE":"PUD Commissioner District 1","JURISDICTION":"Public Utility","RACE":"Thurston County PUD Commissioner District 1","Name_1":"Jim Campbell","Party_1":"None_1","Votes_1":"100","Name_2":"Troy Kirby","Party_2":"None_2","Votes_2":"47","Name_3":"Bruce D. Wilkinson, Jr.","Party_3":"None_3","Votes_3":"41","Name_4":"Write-In","Party_4":"None_4","Votes_4":"5","Name_5":null,"Party_5":null,"Votes_5":"0","Name_6":null,"Party_6":null,"Votes_6":"0","Name_7":null,"Party_7":null,"Votes_7":"0","Votes_total":"193","Pct_1":51.81,"Pct_2":24.35,"Pct_3":21.24,"Pct_4":2.59,"Pct_5":0,"Pct_6":0,"Pct_7":0,"Margin":27.46}},
{"type":"Feature","geometry":{"type":"Polygon","coordinates":[[[-122.83902651349553,47.04762008956945],[-122.84784759629612,47.04701319242921],[-122.84784738861714,47.04703982903385],[-122.85185676366436,47.046769128365966],[-122.85187914403156,47.041577245620786],[-122.84702955046662,47.04173834935041],[-122.84691135323904,47.032470395856095],[-122.8442793057958,47.03245794237036],[-122.84428596152169,47.034263862557175],[-122.83903302280046,47.03425669000891],[-122.83908664964498,47.035148654704535],[-122.83908224846074,47.03894517069247],[-122.8390819339213,47.03922441048613],[-122.83904271341332,47.04057814771749],[-122.83902651349553,47.04762008956945]]]},"properties":{"COUNTY":"Thurston","PRECCODE":258,"PRECNAME":"Olympia 58","PRECINCT":"Thurston 258","DESCRIPTIO":"Martin Way South (Merritt Manor Apartments, Colonial Estates Senior MHP)","OFFICE":"PUD Commissioner District 1","JURISDICTION":"Public Utility","RACE":"Thurston County PUD Commissioner District 1","Name_1":"Jim Campbell","Party_1":"None_1","Votes_1":"153","Name_2":"Troy Kirby","Party_2":"None_2","Votes_2":"75","Name_3":"Bruce D. Wilkinson, Jr.","Party_3":"None_3","Votes_3":"52","Name_4":null,"Party_4":null,"Votes_4":"0","Name_5":null,"Party_5":null,"Votes_5":"0","Name_6":null,"Party_6":null,"Votes_6":"0","Name_7":null,"Party_7":null,"Votes_7":"0","Votes_total":"280","Pct_1":54.64,"Pct_2":26.79,"Pct_3":18.57,"Pct_4":0,"Pct_5":0,"Pct_6":0,"Pct_7":0,"Margin":27.85}},
{"type":"Feature","geometry":{"type":"Polygon","coordinates":[[[-122.88794947104638,47.06935870615697],[-122.88812665639134,47.06934721289293],[-122.88937207685278,47.06934765470334],[-122.88937647476124,47.06953865101833],[-122.89069180568511,47.06953814965897],[-122.89062800191223,47.0772682807914],[-122.89493075161155,47.077253711226895],[-122.89489391180696,47.0782712524234],[-122.89752994144051,47.07826045863949],[-122.89754063322603,47.07722884148167],[-122.90072682943679,47.07721798148367],[-122.90078361342181,47.07556733282156],[-122.90428562687387,47.07556643833201],[-122.90341019183832,47.072272455120576],[-122.90244298539909,47.07100685814756],[-122.9011344625374,47.0707895437865],[-122.89977046695242,47.07161988152875],[-122.89868489791962,47.071688518447864],[-122.89782659037387,47.073218321040265],[-122.89551907970932,47.07407347675185],[-122.89720102730887,47.072472529183244],[-122.89719100212658,47.07096919754954],[-122.8991060726644,47.071119073275796],[-122.89916326608278,47.06999953439129],[-122.89816660090696,47.06782301809917],[-122.89662341629847,47.06725202875071],[-122.89734092931437,47.06706066606489],[-122.89526681191752,47.06673951409548],[-122.89527330007581,47.065754860640276],[-122.89376478693893,47.06574036936148],[-122.89376616137557,47.063885783676554],[-122.89013283437146,47.06388824532327],[-122.88937154109308,47.06205565553524],[-122.87568243842846,47.06202151149169],[-122.87566439941865,47.06666270138101],[-122.87147407436503,47.06662556970696],[-122.87147764494085,47.067670637805016],[-122.87239796649004,47.067666195654105],[-122.87244645989006,47.069850246020835],[-122.87303099806779,47.06985095480239],[-122.87321757295429,47.06887659695144],[-122.88794679152981,47.06882823537834],[-122.88794947104638,47.06935870615697]]]},"properties":{"COUNTY":"Thurston","PRECCODE":259,"PRECNAME":"Olympia 59","PRECINCT":"Thurston 259","DESCRIPTIO":"Northeast Olympia North (Squaxin Park, Rogers Elementary School)","OFFICE":"PUD Commissioner District 1","JURISDICTION":"Public Utility","RACE":"Thurston County PUD Commissioner District 1","Name_1":"Jim Campbell","Party_1":"None_1","Votes_1":"163","Name_2":"Bruce D. Wilkinson, Jr.","Party_2":"None_3","Votes_2":"52","Name_3":"Troy Kirby","Party_3":"None_2","Votes_3":"49","Name_4":"Write-In","Party_4":"None_4","Votes_4":"2","Name_5":null,"Party_5":null,"Votes_5":"0","Name_6":null,"Party_6":null,"Votes_6":"0","Name_7":null,"Party_7":null,"Votes_7":"0","Votes_total":"266","Pct_1":61.28,"Pct_2":19.55,"Pct_3":18.42,"Pct_4":0.75,"Pct_5":0,"Pct_6":0,"Pct_7":0,"Margin":41.73}},
{"type":"Feature","geometry":{"type":"Polygon","coordinates":[[[-122.87819975121997,47.00354527191963],[-122.88101800364038,47.00355242396227],[-122.88101146307092,47.00227478603758],[-122.87985014600133,47.00227810871518],[-122.88000561909689,47.00156623809282],[-122.87822076618559,47.001725599250854],[-122.87822689233586,47.002947683690344],[-122.87819985612394,47.002948251413834],[-122.87819975121997,47.00354527191963]]]},"properties":{"COUNTY":"Thurston","PRECCODE":261,"PRECNAME":"Olympia 61","PRECINCT":"Thurston 261","DESCRIPTIO":"Ward Lake South (Village Cooperative Senior Living)","OFFICE":"PUD Commissioner District 1","JURISDICTION":"Public Utility","RACE":"Thurston County PUD Commissioner District 1","Name_1":"Jim Campbell","Party_1":"None_1","Votes_1":"44","Name_2":"Troy Kirby","Party_2":"None_2","Votes_2":"17","Name_3":"Bruce D. Wilkinson, Jr.","Party_3":"None_3","Votes_3":"4","Name_4":null,"Party_4":null,"Votes_4":"0","Name_5":null,"Party_5":null,"Votes_5":"0","Name_6":null,"Party_6":null,"Votes_6":"0","Name_7":null,"Party_7":null,"Votes_7":"0","Votes_total":"65","Pct_1":67.69,"Pct_2":26.15,"Pct_3":6.15,"Pct_4":0,"Pct_5":0,"Pct_6":0,"Pct_7":0,"Margin":41.54}},
{"type":"Feature","geometry":{"type":"Polygon","coordinates":[[[-122.82307278563243,47.05766101522065],[-122.8230736391714,47.057721595758984],[-122.83356650821847,47.057767053664435],[-122.8335586976437,47.05422643222559],[-122.83352563418946,47.053988467906734],[-122.83353688704182,47.05253254629788],[-122.83349295444468,47.05229438772465],[-122.83358988683534,47.050534434830496],[-122.82592002186682,47.05052106071069],[-122.82587668963562,47.05153451929009],[-122.82496555728171,47.05155026407509],[-122.82494966049815,47.050520359034515],[-122.82316601242535,47.0504932103247],[-122.82321010751892,47.04658312818704],[-122.82270487059687,47.04659330085716],[-122.82222954142773,47.04663913173043],[-122.81825974856937,47.048024426438],[-122.81651073862264,47.04907227305661],[-122.81437153322791,47.049233684665104],[-122.81499366765911,47.049905542942646],[-122.81460807591152,47.051256640808056],[-122.80862745266946,47.055406930955066],[-122.80662538965065,47.05619343092004],[-122.80219393268587,47.05686023084564],[-122.80203148521663,47.057854824481524],[-122.80374093369068,47.05899258770957],[-122.803870252229,47.05933585431469],[-122.80425219855579,47.06079904058801],[-122.80460526342314,47.06025362056647],[-122.8047296562036,47.05997889437704],[-122.80477380907125,47.05981750151079],[-122.80555976390521,47.05773689161728],[-122.81254058466122,47.057628250553414],[-122.82307278563243,47.05766101522065]]]},"properties":{"COUNTY":"Thurston","PRECCODE":302,"PRECNAME":"Lacey 02","PRECINCT":"Thurston 302","DESCRIPTIO":"North Lacey Far North (North Thurston High School, Modera Apartments, Livingston Street)","OFFICE":"PUD Commissioner District 1","JURISDICTION":"Public Utility","RACE":"Thurston County PUD Commissioner District 1","Name_1":"Jim Campbell","Party_1":"None_1","Votes_1":"100","Name_2":"Troy Kirby","Party_2":"None_2","Votes_2":"87","Name_3":"Bruce D. Wilkinson, Jr.","Party_3":"None_3","Votes_3":"40","Name_4":"Write-In","Party_4":"None_4","Votes_4":"3","Name_5":null,"Party_5":null,"Votes_5":"0","Name_6":null,"Party_6":null,"Votes_6":"0","Name_7":null,"Party_7":null,"Votes_7":"0","Votes_total":"230","Pct_1":43.48,"Pct_2":37.83,"Pct_3":17.39,"Pct_4":1.3,"Pct_5":0,"Pct_6":0,"Pct_7":0,"Margin":5.65}},
{"type":"Feature","geometry":{"type":"Polygon","coordinates":[[[-122.82330691585818,47.02562254620143],[-122.82853179653536,47.025630935774664],[-122.82858617580155,47.02387982645297],[-122.83114794233902,47.023998186023526],[-122.8338297959203,47.02312471941796],[-122.83404126670143,47.023003721889104],[-122.83421205591436,47.02284315377621],[-122.83423735980084,47.022450678527164],[-122.83396978186025,47.02214400128295],[-122.83398788525186,47.02197367874657],[-122.83408128745522,47.021936517883915],[-122.83441821069621,47.02191882045836],[-122.83414392378229,47.02173566454049],[-122.83395915308363,47.02088544275367],[-122.8338756231648,47.02033227517537],[-122.83383310894047,47.01992462579872],[-122.8338081874058,47.01957533806022],[-122.8337906307684,47.01894506559332],[-122.83376237225781,47.01432692607604],[-122.8232095975754,47.01432432953503],[-122.82330691585818,47.02562254620143]]]},"properties":{"COUNTY":"Thurston","PRECCODE":307,"PRECNAME":"Lacey 07","PRECINCT":"Thurston 307","DESCRIPTIO":"Wonderwood West (Chambers Lake Natural Area, Lakeview Estates)","OFFICE":"PUD Commissioner District 1","JURISDICTION":"Public Utility","RACE":"Thurston County PUD Commissioner District 1","Name_1":"Jim Campbell","Party_1":"None_1","Votes_1":"163","Name_2":"Troy Kirby","Party_2":"None_2","Votes_2":"98","Name_3":"Bruce D. Wilkinson, Jr.","Party_3":"None_3","Votes_3":"46","Name_4":"Write-In","Party_4":"None_4","Votes_4":"3","Name_5":null,"Party_5":null,"Votes_5":"0","Name_6":null,"Party_6":null,"Votes_6":"0","Name_7":null,"Party_7":null,"Votes_7":"0","Votes_total":"310","Pct_1":52.58,"Pct_2":31.61,"Pct_3":14.84,"Pct_4":0.97,"Pct_5":0,"Pct_6":0,"Pct_7":0,"Margin":20.97}},
{"type":"Feature","geometry":{"type":"Polygon","coordinates":[[[-122.83379969935474,47.038473404833816],[-122.8390829971273,47.03908320315006],[-122.83908224846074,47.03894517069247],[-122.83908664964498,47.035148654704535],[-122.8390348105329,47.034328446838174],[-122.83902642701156,47.033594930405165],[-122.83793413889869,47.03144991306691],[-122.83377127795602,47.03142420662476],[-122.83379969935474,47.038473404833816]]]},"properties":{"COUNTY":"Thurston","PRECCODE":308,"PRECNAME":"Lacey 08","PRECINCT":"Thurston 308","DESCRIPTIO":"North Lacey Far West (Trailside Apartments, Boone Street, Hacienda Apartments)","OFFICE":"PUD Commissioner District 1","JURISDICTION":"Public Utility","RACE":"Thurston County PUD Commissioner District 1","Name_1":"Jim Campbell","Party_1":"None_1","Votes_1":"83","Name_2":"Troy Kirby","Party_2":"None_2","Votes_2":"54","Name_3":"Bruce D. Wilkinson, Jr.","Party_3":"None_3","Votes_3":"24","Name_4":null,"Party_4":null,"Votes_4":"0","Name_5":null,"Party_5":null,"Votes_5":"0","Name_6":null,"Party_6":null,"Votes_6":"0","Name_7":null,"Party_7":null,"Votes_7":"0","Votes_total":"161","Pct_1":51.55,"Pct_2":33.54,"Pct_3":14.91,"Pct_4":0,"Pct_5":0,"Pct_6":0,"Pct_7":0,"Margin":18.01}},
{"type":"Feature","geometry":{"type":"Polygon","coordinates":[[[-122.8285313205128,47.03423396557925],[-122.82326991403029,47.03427110260847],[-122.8232114504989,47.04646345046894],[-122.83902889152712,47.0450953127396],[-122.83904271341332,47.04057814771749],[-122.8390819339213,47.03922441048613],[-122.8390829971273,47.03908320315006],[-122.83379969935474,47.038473404833816],[-122.83378382938996,47.034237669615],[-122.8285313205128,47.03423396557925]]]},"properties":{"COUNTY":"Thurston","PRECCODE":309,"PRECNAME":"Lacey 09","PRECINCT":"Thurston 309","DESCRIPTIO":"North Lacey Northwest (6Wood Flats Apartments, Hall Street)","OFFICE":"PUD Commissioner District 1","JURISDICTION":"Public Utility","RACE":"Thurston County PUD Commissioner District 1","Name_1":"Jim Campbell","Party_1":"None_1","Votes_1":"66","Name_2":"Troy Kirby","Party_2":"None_2","Votes_2":"48","Name_3":"Bruce D. Wilkinson, Jr.","Party_3":"None_3","Votes_3":"38","Name_4":"Write-In","Party_4":"None_4","Votes_4":"1","Name_5":null,"Party_5":null,"Votes_5":"0","Name_6":null,"Party_6":null,"Votes_6":"0","Name_7":null,"Party_7":null,"Votes_7":"0","Votes_total":"153","Pct_1":43.14,"Pct_2":31.37,"Pct_3":24.84,"Pct_4":0.65,"Pct_5":0,"Pct_6":0,"Pct_7":0,"Margin":11.77}},
{"type":"Feature","geometry":{"type":"Polygon","coordinates":[[[-122.8285313205128,47.03423396557925],[-122.83378382938996,47.034237669615],[-122.83376890150139,47.02781964147204],[-122.82853225747965,47.027857448117835],[-122.8285313205128,47.03423396557925]]]},"properties":{"COUNTY":"Thurston","PRECCODE":310,"PRECNAME":"Lacey 10","PRECINCT":"Thurston 310","DESCRIPTIO":"Chambers Northeast (Panorama Senior Community North)","OFFICE":"PUD Commissioner District 1","JURISDICTION":"Public Utility","RACE":"Thurston County PUD Commissioner District 1","Name_1":"Jim Campbell","Party_1":"None_1","Votes_1":"235","Name_2":"Troy Kirby","Party_2":"None_2","Votes_2":"72","Name_3":"Bruce D. Wilkinson, Jr.","Party_3":"None_3","Votes_3":"40","Name_4":null,"Party_4":null,"Votes_4":"0","Name_5":null,"Party_5":null,"Votes_5":"0","Name_6":null,"Party_6":null,"Votes_6":"0","Name_7":null,"Party_7":null,"Votes_7":"0","Votes_total":"347","Pct_1":67.72,"Pct_2":20.75,"Pct_3":11.53,"Pct_4":0,"Pct_5":0,"Pct_6":0,"Pct_7":0,"Margin":46.97}},
{"type":"Feature","geometry":{"type":"Polygon","coordinates":[[[-122.83376890150139,47.02781964147204],[-122.8338297959203,47.02312471941796],[-122.83114794233902,47.023998186023526],[-122.82858617580155,47.02387982645297],[-122.82853179653536,47.025630935774664],[-122.82330691585818,47.02562254620143],[-122.82330191074438,47.02743877430441],[-122.82853966783274,47.0274470048443],[-122.82853225747965,47.027857448117835],[-122.83376890150139,47.02781964147204]]]},"properties":{"COUNTY":"Thurston","PRECCODE":311,"PRECNAME":"Lacey 11","PRECINCT":"Thurston 311","DESCRIPTIO":"Chambers Southeast (Alpha Street, Panorama Senior Community South)","OFFICE":"PUD Commissioner District 1","JURISDICTION":"Public Utility","RACE":"Thurston County PUD Commissioner District 1","Name_1":"Jim Campbell","Party_1":"None_1","Votes_1":"130","Name_2":"Troy Kirby","Party_2":"None_2","Votes_2":"54","Name_3":"Bruce D. Wilkinson, Jr.","Party_3":"None_3","Votes_3":"37","Name_4":null,"Party_4":null,"Votes_4":"0","Name_5":null,"Party_5":null,"Votes_5":"0","Name_6":null,"Party_6":null,"Votes_6":"0","Name_7":null,"Party_7":null,"Votes_7":"0","Votes_total":"221","Pct_1":58.82,"Pct_2":24.43,"Pct_3":16.74,"Pct_4":0,"Pct_5":0,"Pct_6":0,"Pct_7":0,"Margin":34.39}},
{"type":"Feature","geometry":{"type":"Polygon","coordinates":[[[-122.83427597663254,47.02192268626068],[-122.83409865541236,47.02193127144819],[-122.83402521634032,47.02195619199732],[-122.83398788525186,47.02197367874657],[-122.83396978186025,47.02214400128295],[-122.83423735980084,47.022450678527164],[-122.83421205591436,47.02284315377621],[-122.83404126670143,47.023003721889104],[-122.8338297959203,47.02312471941796],[-122.83376890150139,47.02781964147204],[-122.83377127795602,47.03142420662476],[-122.83785383960664,47.031446136622066],[-122.83427597663254,47.02192268626068]]]},"properties":{"COUNTY":"Thurston","PRECCODE":316,"PRECNAME":"Lacey 16","PRECINCT":"Thurston 316","DESCRIPTIO":"Chambers Center (Chambers Lake Lane Senior Community)","OFFICE":"PUD Commissioner District 1","JURISDICTION":"Public Utility","RACE":"Thurston County PUD Commissioner District 1","Name_1":"Jim Campbell","Party_1":"None_1","Votes_1":"178","Name_2":"Troy Kirby","Party_2":"None_2","Votes_2":"39","Name_3":"Bruce D. Wilkinson, Jr.","Party_3":"None_3","Votes_3":"22","Name_4":"Write-In","Party_4":"None_4","Votes_4":"1","Name_5":null,"Party_5":null,"Votes_5":"0","Name_6":null,"Party_6":null,"Votes_6":"0","Name_7":null,"Party_7":null,"Votes_7":"0","Votes_total":"240","Pct_1":74.17,"Pct_2":16.25,"Pct_3":9.17,"Pct_4":0.42,"Pct_5":0,"Pct_6":0,"Pct_7":0,"Margin":57.92}},
{"type":"Feature","geometry":{"type":"Polygon","coordinates":[[[-122.82318386641285,46.99624066352609],[-122.8336120373628,46.996261788287896],[-122.83360775722308,46.99538947165332],[-122.83247976391753,46.992413334109266],[-122.8231306202215,46.99240984074423],[-122.82318386641285,46.99624066352609]]]},"properties":{"COUNTY":"Thurston","PRECCODE":322,"PRECNAME":"Lacey 22","PRECINCT":"Thurston 322","DESCRIPTIO":"South Lacey South (Beckonridge, William Bush Park)","OFFICE":"PUD Commissioner District 1","JURISDICTION":"Public Utility","RACE":"Thurston County PUD Commissioner District 1","Name_1":"Jim Campbell","Party_1":"None_1","Votes_1":"105","Name_2":"Troy Kirby","Party_2":"None_2","Votes_2":"60","Name_3":"Bruce D. Wilkinson, Jr.","Party_3":"None_3","Votes_3":"31","Name_4":"Write-In","Party_4":"None_4","Votes_4":"4","Name_5":null,"Party_5":null,"Votes_5":"0","Name_6":null,"Party_6":null,"Votes_6":"0","Name_7":null,"Party_7":null,"Votes_7":"0","Votes_total":"200","Pct_1":52.5,"Pct_2":30,"Pct_3":15.5,"Pct_4":2,"Pct_5":0,"Pct_6":0,"Pct_7":0,"Margin":22.5}},
{"type":"Feature","geometry":{"type":"Polygon","coordinates":[[[-122.79924722869956,47.00529736986149],[-122.80549372720529,47.00891977592586],[-122.80854220725845,47.00907525724546],[-122.808359779962,47.00703455834824],[-122.81263626015256,47.007051219554775],[-122.81260729941182,46.99618594047091],[-122.80964332451668,46.996174669106246],[-122.80730845971624,46.996178178346774],[-122.80734209516011,46.99979688225775],[-122.8006907529151,46.999774298998254],[-122.80067345418523,47.00338517747694],[-122.7992436631797,47.003376752297925],[-122.79924722869956,47.00529736986149]]]},"properties":{"COUNTY":"Thurston","PRECCODE":327,"PRECNAME":"Lacey 27","PRECINCT":"Thurston 327","DESCRIPTIO":"Southwick East (Lakes Elementary School, Emerald Heights, Crestwood Park MHP, Southwick Lake)","OFFICE":"PUD Commissioner District 1","JURISDICTION":"Public Utility","RACE":"Thurston County PUD Commissioner District 1","Name_1":"Jim Campbell","Party_1":"None_1","Votes_1":"126","Name_2":"Troy Kirby","Party_2":"None_2","Votes_2":"88","Name_3":"Bruce D. Wilkinson, Jr.","Party_3":"None_3","Votes_3":"44","Name_4":"Write-In","Party_4":"None_4","Votes_4":"3","Name_5":null,"Party_5":null,"Votes_5":"0","Name_6":null,"Party_6":null,"Votes_6":"0","Name_7":null,"Party_7":null,"Votes_7":"0","Votes_total":"261","Pct_1":48.28,"Pct_2":33.72,"Pct_3":16.86,"Pct_4":1.15,"Pct_5":0,"Pct_6":0,"Pct_7":0,"Margin":14.56}},
{"type":"Feature","geometry":{"type":"Polygon","coordinates":[[[-122.81581472070505,47.007062882550876],[-122.8192255509574,47.00707510192948],[-122.81921887082656,47.003452369987414],[-122.82316607799531,47.00346526735978],[-122.82317352754934,47.00044619664719],[-122.81674052863801,47.00059558149116],[-122.8152459754407,47.003588822385275],[-122.8152612008829,47.00534836291813],[-122.81580660964742,47.00588048463126],[-122.8158435144871,47.00603785468829],[-122.81581472070505,47.007062882550876]]]},"properties":{"COUNTY":"Thurston","PRECCODE":329,"PRECNAME":"Lacey 29","PRECINCT":"Thurston 329","DESCRIPTIO":"Southwick West (Parkside, Summerwalk North, Firwood Grove Condos, Boardwalk)","OFFICE":"PUD Commissioner District 1","JURISDICTION":"Public Utility","RACE":"Thurston County PUD Commissioner District 1","Name_1":"Jim Campbell","Party_1":"None_1","Votes_1":"81","Name_2":"Troy Kirby","Party_2":"None_2","Votes_2":"64","Name_3":"Bruce D. Wilkinson, Jr.","Party_3":"None_3","Votes_3":"33","Name_4":"Write-In","Party_4":"None_4","Votes_4":"2","Name_5":null,"Party_5":null,"Votes_5":"0","Name_6":null,"Party_6":null,"Votes_6":"0","Name_7":null,"Party_7":null,"Votes_7":"0","Votes_total":"180","Pct_1":45,"Pct_2":35.56,"Pct_3":18.33,"Pct_4":1.11,"Pct_5":0,"Pct_6":0,"Pct_7":0,"Margin":9.44}},
{"type":"Feature","geometry":{"type":"Polygon","coordinates":[[[-122.79113089594921,46.99945447741855],[-122.79301479882668,46.99912468594547],[-122.7941121436133,47.00172876781713],[-122.79805130041706,47.00280614302025],[-122.79923330259504,47.001480035089564],[-122.79924166410022,46.999773286816804],[-122.8020269502379,46.99977521594881],[-122.80734209516011,46.99979688225775],[-122.80730845971624,46.996178178346774],[-122.78568873503247,46.99615580136419],[-122.7881020013178,46.99822035097856],[-122.78835833979964,46.99850307091594],[-122.78834698778033,46.99861158084453],[-122.78876129959258,46.99944237937055],[-122.79113089594921,46.99945447741855]]]},"properties":{"COUNTY":"Thurston","PRECCODE":330,"PRECNAME":"Lacey 30","PRECINCT":"Thurston 330","DESCRIPTIO":"Lakepointe North (Thornbury Park, Komachin Loop, Pattison Lake Drive)","OFFICE":"PUD Commissioner District 1","JURISDICTION":"Public Utility","RACE":"Thurston County PUD Commissioner District 1","Name_1":"Jim Campbell","Party_1":"None_1","Votes_1":"221","Name_2":"Troy Kirby","Party_2":"None_2","Votes_2":"138","Name_3":"Bruce D. Wilkinson, Jr.","Party_3":"None_3","Votes_3":"54","Name_4":"Write-In","Party_4":"None_4","Votes_4":"6","Name_5":null,"Party_5":null,"Votes_5":"0","Name_6":null,"Party_6":null,"Votes_6":"0","Name_7":null,"Party_7":null,"Votes_7":"0","Votes_total":"419","Pct_1":52.74,"Pct_2":32.94,"Pct_3":12.89,"Pct_4":1.43,"Pct_5":0,"Pct_6":0,"Pct_7":0,"Margin":19.8}},
{"type":"Feature","geometry":{"type":"Polygon","coordinates":[[[-122.808359779962,47.00703455834824],[-122.80853629877915,47.00900917144453],[-122.80986101303203,47.00899710091894],[-122.81053622380787,47.00907640543803],[-122.8118381539674,47.00952840523905],[-122.81791970742059,47.012811169908645],[-122.81790155945508,47.01069695440791],[-122.82317684543462,47.010718173856155],[-122.82316607799531,47.00346526735978],[-122.81921887082656,47.003452369987414],[-122.8192255509574,47.00707510192948],[-122.808359779962,47.00703455834824]]]},"properties":{"COUNTY":"Thurston","PRECCODE":331,"PRECNAME":"Lacey 31","PRECINCT":"Thurston 331","DESCRIPTIO":"Southwick Northwest (Park Place, Wonderwood Lane, College Pointe Apartments)","OFFICE":"PUD Commissioner District 1","JURISDICTION":"Public Utility","RACE":"Thurston County PUD Commissioner District 1","Name_1":"Jim Campbell","Party_1":"None_1","Votes_1":"133","Name_2":"Troy Kirby","Party_2":"None_2","Votes_2":"94","Name_3":"Bruce D. Wilkinson, Jr.","Party_3":"None_3","Votes_3":"46","Name_4":null,"Party_4":null,"Votes_4":"0","Name_5":null,"Party_5":null,"Votes_5":"0","Name_6":null,"Party_6":null,"Votes_6":"0","Name_7":null,"Party_7":null,"Votes_7":"0","Votes_total":"273","Pct_1":48.72,"Pct_2":34.43,"Pct_3":16.85,"Pct_4":0,"Pct_5":0,"Pct_6":0,"Pct_7":0,"Margin":14.29}},
{"type":"Feature","geometry":{"type":"Polygon","coordinates":[[[-122.8072966232408,46.99493437828951],[-122.80731310387557,46.99326153525725],[-122.8071626209237,46.99315560638685],[-122.80705024303096,46.99305248735781],[-122.80682848072168,46.99290940381426],[-122.80657771746797,46.99280905246431],[-122.79665783286374,46.99052640105138],[-122.78436197738594,46.99614972922139],[-122.78503217057505,46.996152489530886],[-122.78533436747988,46.99615359606721],[-122.80730979339694,46.99617817594592],[-122.8072966232408,46.99493437828951]]]},"properties":{"COUNTY":"Thurston","PRECCODE":332,"PRECNAME":"Lacey 32","PRECINCT":"Thurston 332","DESCRIPTIO":"Lakepointe South (Lakepointe Park, Turf Lane)","OFFICE":"PUD Commissioner District 1","JURISDICTION":"Public Utility","RACE":"Thurston County PUD Commissioner District 1","Name_1":"Jim Campbell","Party_1":"None_1","Votes_1":"130","Name_2":"Troy Kirby","Party_2":"None_2","Votes_2":"122","Name_3":"Bruce D. Wilkinson, Jr.","Party_3":"None_3","Votes_3":"67","Name_4":"Write-In","Party_4":"None_4","Votes_4":"3","Name_5":null,"Party_5":null,"Votes_5":"0","Name_6":null,"Party_6":null,"Votes_6":"0","Name_7":null,"Party_7":null,"Votes_7":"0","Votes_total":"322","Pct_1":40.37,"Pct_2":37.89,"Pct_3":20.81,"Pct_4":0.93,"Pct_5":0,"Pct_6":0,"Pct_7":0,"Margin":2.48}},
{"type":"Feature","geometry":{"type":"Polygon","coordinates":[[[-122.81801345286526,46.98078437662615],[-122.81097971512823,46.98391221949238],[-122.80734595055584,46.98560337580846],[-122.80734597783197,46.985986808023725],[-122.80868344167779,46.98536941754754],[-122.80905935906624,46.98529946135185],[-122.81207681207108,46.98536095240102],[-122.81452826693196,46.98689313747063],[-122.81508117517613,46.98691404309729],[-122.8221793083144,46.9868680047605],[-122.82184487562137,46.98626134056224],[-122.82166856450945,46.985995524086796],[-122.82067620161793,46.984759525379694],[-122.81994589402348,46.982607028665605],[-122.81801345286526,46.98078437662615]]]},"properties":{"COUNTY":"Thurston","PRECCODE":336,"PRECNAME":"Lacey 36","PRECINCT":"Thurston 336","DESCRIPTIO":"Horizon Pointe South (Radius Loop, 70th Way)","OFFICE":"PUD Commissioner District 1","JURISDICTION":"Public Utility","RACE":"Thurston County PUD Commissioner District 1","Name_1":"Troy Kirby","Party_1":"None_2","Votes_1":"94","Name_2":"Jim Campbell","Party_2":"None_1","Votes_2":"92","Name_3":"Bruce D. Wilkinson, Jr.","Party_3":"None_3","Votes_3":"26","Name_4":"Write-In","Party_4":"None_4","Votes_4":"3","Name_5":null,"Party_5":null,"Votes_5":"0","Name_6":null,"Party_6":null,"Votes_6":"0","Name_7":null,"Party_7":null,"Votes_7":"0","Votes_total":"215","Pct_1":43.72,"Pct_2":42.79,"Pct_3":12.09,"Pct_4":1.4,"Pct_5":0,"Pct_6":0,"Pct_7":0,"Margin":0.93}},
{"type":"Feature","geometry":{"type":"Polygon","coordinates":[[[-122.83414392378229,47.02173566454049],[-122.83441821069621,47.02191882045836],[-122.83427597663254,47.02192268626068],[-122.83785383960664,47.031446136622066],[-122.83793413889869,47.03144991306691],[-122.83902642701156,47.033594930405165],[-122.83902479482092,47.021591707788254],[-122.83412457955208,47.021658403260474],[-122.83414392378229,47.02173566454049]]]},"properties":{"COUNTY":"Thurston","PRECCODE":337,"PRECNAME":"Lacey 37","PRECINCT":"Thurston 337","DESCRIPTIO":"Chambers West (Edgelake MHP, Westlake Drive)","OFFICE":"PUD Commissioner District 1","JURISDICTION":"Public Utility","RACE":"Thurston County PUD Commissioner District 1","Name_1":"Jim Campbell","Party_1":"None_1","Votes_1":"31","Name_2":"Troy Kirby","Party_2":"None_2","Votes_2":"26","Name_3":"Bruce D. Wilkinson, Jr.","Party_3":"None_3","Votes_3":"11","Name_4":"Write-In","Party_4":"None_4","Votes_4":"1","Name_5":null,"Party_5":null,"Votes_5":"0","Name_6":null,"Party_6":null,"Votes_6":"0","Name_7":null,"Party_7":null,"Votes_7":"0","Votes_total":"69","Pct_1":44.93,"Pct_2":37.68,"Pct_3":15.94,"Pct_4":1.45,"Pct_5":0,"Pct_6":0,"Pct_7":0,"Margin":7.25}},
{"type":"Feature","geometry":{"type":"Polygon","coordinates":[[[-122.82317147982567,47.0071046145858],[-122.83156103609221,47.00705073438962],[-122.83297914867754,47.00678510565022],[-122.83263391703306,47.006131469911814],[-122.83212559014304,47.0042110538033],[-122.83349431934317,47.001030796437625],[-122.8336120373628,46.996261788287896],[-122.82318386641285,46.99624066352609],[-122.82317147982567,47.0071046145858]]]},"properties":{"COUNTY":"Thurston","PRECCODE":339,"PRECNAME":"Lacey 39","PRECINCT":"Thurston 339","DESCRIPTIO":"South Lacey South-Center (Kensington, Lexington, Woodland Senior Living, Lacey Park Apartments)","OFFICE":"PUD Commissioner District 1","JURISDICTION":"Public Utility","RACE":"Thurston County PUD Commissioner District 1","Name_1":"Jim Campbell","Party_1":"None_1","Votes_1":"213","Name_2":"Troy Kirby","Party_2":"None_2","Votes_2":"148","Name_3":"Bruce D. Wilkinson, Jr.","Party_3":"None_3","Votes_3":"53","Name_4":"Write-In","Party_4":"None_4","Votes_4":"2","Name_5":null,"Party_5":null,"Votes_5":"0","Name_6":null,"Party_6":null,"Votes_6":"0","Name_7":null,"Party_7":null,"Votes_7":"0","Votes_total":"416","Pct_1":51.2,"Pct_2":35.58,"Pct_3":12.74,"Pct_4":0.48,"Pct_5":0,"Pct_6":0,"Pct_7":0,"Margin":15.62}},
{"type":"Feature","geometry":{"type":"Polygon","coordinates":[[[-122.8231768428055,47.01071817390911],[-122.8232095975754,47.01432432953503],[-122.83376237225781,47.01432692607604],[-122.8337051967634,47.01069746759752],[-122.8231768428055,47.01071817390911]]]},"properties":{"COUNTY":"Thurston","PRECCODE":340,"PRECNAME":"Lacey 40","PRECINCT":"Thurston 340","DESCRIPTIO":"South Lacey North-Center (Avonlea, Stonegate)","OFFICE":"PUD Commissioner District 1","JURISDICTION":"Public Utility","RACE":"Thurston County PUD Commissioner District 1","Name_1":"Jim Campbell","Party_1":"None_1","Votes_1":"112","Name_2":"Troy Kirby","Party_2":"None_2","Votes_2":"67","Name_3":"Bruce D. Wilkinson, Jr.","Party_3":"None_3","Votes_3":"32","Name_4":null,"Party_4":null,"Votes_4":"0","Name_5":null,"Party_5":null,"Votes_5":"0","Name_6":null,"Party_6":null,"Votes_6":"0","Name_7":null,"Party_7":null,"Votes_7":"0","Votes_total":"211","Pct_1":53.08,"Pct_2":31.75,"Pct_3":15.17,"Pct_4":0,"Pct_5":0,"Pct_6":0,"Pct_7":0,"Margin":21.33}},
{"type":"Feature","geometry":{"type":"Polygon","coordinates":[[[-122.8221793083144,46.9868680047605],[-122.81508117517613,46.98691404309729],[-122.81452826693196,46.98689313747063],[-122.81207681207108,46.98536095240102],[-122.80905935906624,46.98529946135185],[-122.80868344167779,46.98536941754754],[-122.80734597783197,46.985986808023725],[-122.807346179514,46.988877643292064],[-122.81159594558612,46.98885161247881],[-122.82307740637245,46.988848229798975],[-122.82304769312462,46.98862219379002],[-122.82295904463946,46.9883526392461],[-122.8221793083144,46.9868680047605]]]},"properties":{"COUNTY":"Thurston","PRECCODE":344,"PRECNAME":"Lacey 44","PRECINCT":"Thurston 344","DESCRIPTIO":"Horizon Pointe North (Horizon Pointe Park, Switchback Loop)","OFFICE":"PUD Commissioner District 1","JURISDICTION":"Public Utility","RACE":"Thurston County PUD Commissioner District 1","Name_1":"Jim Campbell","Party_1":"None_1","Votes_1":"84","Name_2":"Troy Kirby","Party_2":"None_2","Votes_2":"62","Name_3":"Bruce D. Wilkinson, Jr.","Party_3":"None_3","Votes_3":"24","Name_4":"Write-In","Party_4":"None_4","Votes_4":"2","Name_5":null,"Party_5":null,"Votes_5":"0","Name_6":null,"Party_6":null,"Votes_6":"0","Name_7":null,"Party_7":null,"Votes_7":"0","Votes_total":"172","Pct_1":48.84,"Pct_2":36.05,"Pct_3":13.95,"Pct_4":1.16,"Pct_5":0,"Pct_6":0,"Pct_7":0,"Margin":12.79}},
{"type":"Feature","geometry":{"type":"Polygon","coordinates":[[[-122.80562976387772,46.98639896968691],[-122.79665783286374,46.99052640105138],[-122.80657771746797,46.99280905246431],[-122.80682848072168,46.99290940381426],[-122.80705024303096,46.99305248735781],[-122.8071626209237,46.99315560638685],[-122.80731310387557,46.99326153525725],[-122.807346179514,46.988877643292064],[-122.80734595055584,46.98560337580846],[-122.80562976387772,46.98639896968691]]]},"properties":{"COUNTY":"Thurston","PRECCODE":345,"PRECNAME":"Lacey 45","PRECINCT":"Thurston 345","DESCRIPTIO":"Horizon Pointe East (Pennsylvania Street, Chambers Prairie Elementary, Island Collection Condos)","OFFICE":"PUD Commissioner District 1","JURISDICTION":"Public Utility","RACE":"Thurston County PUD Commissioner District 1","Name_1":"Jim Campbell","Party_1":"None_1","Votes_1":"72","Name_2":"Troy Kirby","Party_2":"None_2","Votes_2":"61","Name_3":"Bruce D. Wilkinson, Jr.","Party_3":"None_3","Votes_3":"17","Name_4":"Write-In","Party_4":"None_4","Votes_4":"1","Name_5":null,"Party_5":null,"Votes_5":"0","Name_6":null,"Party_6":null,"Votes_6":"0","Name_7":null,"Party_7":null,"Votes_7":"0","Votes_total":"151","Pct_1":47.68,"Pct_2":40.4,"Pct_3":11.26,"Pct_4":0.66,"Pct_5":0,"Pct_6":0,"Pct_7":0,"Margin":7.28}},
{"type":"Feature","geometry":{"type":"Polygon","coordinates":[[[-122.82961028071517,46.98873301958853],[-122.82655290851933,46.98486795696434],[-122.82339749166738,46.98078990913685],[-122.82097126181341,46.97939096789278],[-122.81801345286526,46.98078437662615],[-122.81994589402348,46.982607028665605],[-122.82067620161793,46.984759525379694],[-122.82166856450945,46.985995524086796],[-122.82184487562137,46.98626134056224],[-122.82199697574674,46.98652505545833],[-122.82289626373604,46.98821731828298],[-122.82295904463946,46.9883526392461],[-122.82304769312462,46.98862219379002],[-122.82307740637245,46.988848229798975],[-122.82313592252045,46.9888481472004],[-122.82961028071517,46.98873301958853]]]},"properties":{"COUNTY":"Thurston","PRECCODE":349,"PRECNAME":"Lacey 49","PRECINCT":"Thurston 349","DESCRIPTIO":"Horizon Pointe Far East (Indian Summer Country Club Southeast, Rainier Crossing Condos, Sorrento)","OFFICE":"PUD Commissioner District 1","JURISDICTION":"Public Utility","RACE":"Thurston County PUD Commissioner District 1","Name_1":"Jim Campbell","Party_1":"None_1","Votes_1":"109","Name_2":"Troy Kirby","Party_2":"None_2","Votes_2":"60","Name_3":"Bruce D. Wilkinson, Jr.","Party_3":"None_3","Votes_3":"17","Name_4":"Write-In","Party_4":"None_4","Votes_4":"1","Name_5":null,"Party_5":null,"Votes_5":"0","Name_6":null,"Party_6":null,"Votes_6":"0","Name_7":null,"Party_7":null,"Votes_7":"0","Votes_total":"187","Pct_1":58.29,"Pct_2":32.09,"Pct_3":9.09,"Pct_4":0.53,"Pct_5":0,"Pct_6":0,"Pct_7":0,"Margin":26.2}},
{"type":"Feature","geometry":{"type":"Polygon","coordinates":[[[-122.80183873791816,47.07585659129204],[-122.80978709447267,47.075873340191066],[-122.80985088605267,47.07955224424033],[-122.81782403324195,47.07957658783888],[-122.81801377797177,47.07306885893323],[-122.81720916046919,47.07178313419269],[-122.81958380716094,47.070503744750724],[-122.81860878325477,47.0695468606322],[-122.81623788736557,47.06924352809139],[-122.81624475767555,47.06627806339389],[-122.82040215166587,47.066281667736526],[-122.82040098341669,47.06498291388987],[-122.81510320426031,47.06498037106352],[-122.81511177867198,47.06135538072658],[-122.8178852351377,47.06135450022433],[-122.81794336510575,47.057643711858354],[-122.81254058466122,47.057628250553414],[-122.80555976390521,47.05773689161728],[-122.80477380907125,47.05981750151079],[-122.8047296562036,47.05997889437704],[-122.80462660964555,47.06021519440005],[-122.80289883071742,47.06288477803915],[-122.8022003521437,47.064137626890044],[-122.80197622685994,47.064322975807656],[-122.80196994449842,47.064975312696845],[-122.801709266935,47.06497435215837],[-122.80165904459164,47.068591991038836],[-122.80183873791816,47.07585659129204]]]},"properties":{"COUNTY":"Thurston","PRECCODE":353,"PRECNAME":"Lacey 53","PRECINCT":"Thurston 353","DESCRIPTIO":"Gateway Far West (Woodland Creek Street, Pleasant Glade Neighborhood Park)","OFFICE":"PUD Commissioner District 1","JURISDICTION":"Public Utility","RACE":"Thurston County PUD Commissioner District 1","Name_1":"Jim Campbell","Party_1":"None_1","Votes_1":"79","Name_2":"Troy Kirby","Party_2":"None_2","Votes_2":"44","Name_3":"Bruce D. Wilkinson, Jr.","Party_3":"None_3","Votes_3":"17","Name_4":null,"Party_4":null,"Votes_4":"0","Name_5":null,"Party_5":null,"Votes_5":"0","Name_6":null,"Party_6":null,"Votes_6":"0","Name_7":null,"Party_7":null,"Votes_7":"0","Votes_total":"140","Pct_1":56.43,"Pct_2":31.43,"Pct_3":12.14,"Pct_4":0,"Pct_5":0,"Pct_6":0,"Pct_7":0,"Margin":25}},
{"type":"Feature","geometry":{"type":"Polygon","coordinates":[[[-122.8072966232408,46.99493437828951],[-122.80730979339694,46.99617817594592],[-122.81125049956103,46.99617960876325],[-122.81259410467706,46.99618550506238],[-122.81321402188571,46.99620596515996],[-122.82318386641285,46.99624066352609],[-122.8231306202215,46.99240984074423],[-122.83247976391753,46.992413334109266],[-122.82961028071517,46.98873301958853],[-122.82313592252045,46.9888481472004],[-122.81159594558612,46.98885161247881],[-122.807346179514,46.988877643292064],[-122.8072966232408,46.99493437828951]]]},"properties":{"COUNTY":"Thurston","PRECCODE":357,"PRECNAME":"Lacey 57","PRECINCT":"Thurston 357","DESCRIPTIO":"South Lacey East (Capitol City Golf Club, Titleist Lane)","OFFICE":"PUD Commissioner District 1","JURISDICTION":"Public Utility","RACE":"Thurston County PUD Commissioner District 1","Name_1":"Jim Campbell","Party_1":"None_1","Votes_1":"192","Name_2":"Troy Kirby","Party_2":"None_2","Votes_2":"109","Name_3":"Bruce D. Wilkinson, Jr.","Party_3":"None_3","Votes_3":"48","Name_4":null,"Party_4":null,"Votes_4":"0","Name_5":null,"Party_5":null,"Votes_5":"0","Name_6":null,"Party_6":null,"Votes_6":"0","Name_7":null,"Party_7":null,"Votes_7":"0","Votes_total":"349","Pct_1":55.01,"Pct_2":31.23,"Pct_3":13.75,"Pct_4":0,"Pct_5":0,"Pct_6":0,"Pct_7":0,"Margin":23.78}},
{"type":"Feature","geometry":{"type":"Polygon","coordinates":[[[-122.80165904459164,47.068591991038836],[-122.80170926285925,47.06497462671971],[-122.79653902625428,47.0649421715196],[-122.79652099500844,47.07039529480143],[-122.80167065692869,47.070434180341685],[-122.80165904459164,47.068591991038836]]]},"properties":{"COUNTY":"Thurston","PRECCODE":360,"PRECNAME":"Lacey 60","PRECINCT":"Thurston 360","DESCRIPTIO":"Gateway West (Britton Lane)","OFFICE":"PUD Commissioner District 1","JURISDICTION":"Public Utility","RACE":"Thurston County PUD Commissioner District 1","Name_1":"Jim Campbell","Party_1":"None_1","Votes_1":"2","Name_2":"Troy Kirby","Party_2":"None_2","Votes_2":"1","Name_3":null,"Party_3":null,"Votes_3":"0","Name_4":null,"Party_4":null,"Votes_4":"0","Name_5":null,"Party_5":null,"Votes_5":"0","Name_6":null,"Party_6":null,"Votes_6":"0","Name_7":null,"Party_7":null,"Votes_7":"0","Votes_total":"3","Pct_1":66.67,"Pct_2":33.33,"Pct_3":0,"Pct_4":0,"Pct_5":0,"Pct_6":0,"Pct_7":0,"Margin":33.34}},
{"type":"Feature","geometry":{"type":"Polygon","coordinates":[[[-122.82317352754934,47.00044619664719],[-122.82318386641285,46.99624066352609],[-122.81321402188571,46.99620596515996],[-122.81260729941182,46.99618594047091],[-122.81263626015256,47.007051219554775],[-122.81581472070505,47.007062882550876],[-122.8158435144871,47.00603785468829],[-122.81580660964742,47.00588048463126],[-122.8152612008829,47.00534836291813],[-122.8152459754407,47.003588822385275],[-122.81674052863801,47.00059558149116],[-122.82317352754934,47.00044619664719]]]},"properties":{"COUNTY":"Thurston","PRECCODE":361,"PRECNAME":"Lacey 61","PRECINCT":"Thurston 361","DESCRIPTIO":"Southwick South (Summerwalk South, Mountain Greens MHP, College Glen Apartments)","OFFICE":"PUD Commissioner District 1","JURISDICTION":"Public Utility","RACE":"Thurston County PUD Commissioner District 1","Name_1":"Jim Campbell","Party_1":"None_1","Votes_1":"78","Name_2":"Troy Kirby","Party_2":"None_2","Votes_2":"60","Name_3":"Bruce D. Wilkinson, Jr.","Party_3":"None_3","Votes_3":"28","Name_4":"Write-In","Party_4":"None_4","Votes_4":"1","Name_5":null,"Party_5":null,"Votes_5":"0","Name_6":null,"Party_6":null,"Votes_6":"0","Name_7":null,"Party_7":null,"Votes_7":"0","Votes_total":"167","Pct_1":46.71,"Pct_2":35.93,"Pct_3":16.77,"Pct_4":0.6,"Pct_5":0,"Pct_6":0,"Pct_7":0,"Margin":10.78}},
{"type":"Feature","geometry":{"type":"Polygon","coordinates":[[[-122.8231768428055,47.01071817390911],[-122.8336809345724,47.01069737556355],[-122.83330771411268,47.00740717140173],[-122.83297914867754,47.00678510565022],[-122.83156103609221,47.00705073438962],[-122.82317147982567,47.0071046145858],[-122.8231768428055,47.01071817390911]]]},"properties":{"COUNTY":"Thurston","PRECCODE":362,"PRECNAME":"Lacey 62","PRECINCT":"Thurston 362","DESCRIPTIO":"South Lacey North (Schilter Farm, College Terrace MHP, Chambers Reserve Townhomes)","OFFICE":"PUD Commissioner District 1","JURISDICTION":"Public Utility","RACE":"Thurston County PUD Commissioner District 1","Name_1":"Jim Campbell","Party_1":"None_1","Votes_1":"103","Name_2":"Troy Kirby","Party_2":"None_2","Votes_2":"68","Name_3":"Bruce D. Wilkinson, Jr.","Party_3":"None_3","Votes_3":"28","Name_4":null,"Party_4":null,"Votes_4":"0","Name_5":null,"Party_5":null,"Votes_5":"0","Name_6":null,"Party_6":null,"Votes_6":"0","Name_7":null,"Party_7":null,"Votes_7":"0","Votes_total":"199","Pct_1":51.76,"Pct_2":34.17,"Pct_3":14.07,"Pct_4":0,"Pct_5":0,"Pct_6":0,"Pct_7":0,"Margin":17.59}},
{"type":"Feature","geometry":{"type":"Polygon","coordinates":[[[-122.88678094724179,47.01665726920046],[-122.88873879583001,47.01666170935415],[-122.89001333864765,47.016582785569234],[-122.889793332139,47.00938091078323],[-122.90286510097691,47.00939261578727],[-122.90391380317442,47.00799392919492],[-122.9035529925992,47.00716946574014],[-122.90156424555822,47.00672153696245],[-122.89866067042551,47.00504325626853],[-122.89851153826127,47.003307614304966],[-122.89778935878817,47.002342952997665],[-122.8937644841816,47.0001588998406],[-122.89388893848181,47.003536542220054],[-122.88868252273906,47.00363345436812],[-122.8886943884273,47.00777045644894],[-122.88720141754784,47.00776686204194],[-122.88720104858108,47.00935852762111],[-122.88448617977188,47.009416119939274],[-122.88446790028951,47.01310073654166],[-122.88722690235376,47.01308079697867],[-122.88722547286994,47.01479340567495],[-122.88621397618266,47.01479395907113],[-122.88622126102464,47.01622992097656],[-122.8845510040208,47.01622496077089],[-122.88454790306515,47.01658463210739],[-122.88632448348788,47.016585049361375],[-122.88678094724179,47.01665726920046]]]},"properties":{"COUNTY":"Thurston","PRECCODE":412,"PRECNAME":"Tumwater 12","PRECINCT":"Thurston 412","DESCRIPTIO":"South Carlyon East (Southglen Avenue), South Carlyon South (Delta Lane)","OFFICE":"PUD Commissioner District 1","JURISDICTION":"Public Utility","RACE":"Thurston County PUD Commissioner District 1","Name_1":"Jim Campbell","Party_1":"None_1","Votes_1":"204","Name_2":"Troy Kirby","Party_2":"None_2","Votes_2":"93","Name_3":"Bruce D. Wilkinson, Jr.","Party_3":"None_3","Votes_3":"36","Name_4":"Write-In","Party_4":"None_4","Votes_4":"1","Name_5":null,"Party_5":null,"Votes_5":"0","Name_6":null,"Party_6":null,"Votes_6":"0","Name_7":null,"Party_7":null,"Votes_7":"0","Votes_total":"334","Pct_1":61.08,"Pct_2":27.84,"Pct_3":10.78,"Pct_4":0.3,"Pct_5":0,"Pct_6":0,"Pct_7":0,"Margin":33.24}},
{"type":"Feature","geometry":{"type":"Polygon","coordinates":[[[-122.82991272223781,46.86042227657658],[-122.83082537505172,46.86027910095314],[-122.83096214293627,46.85983905930779],[-122.83383462425114,46.85989788219176],[-122.83890019554859,46.86033730794924],[-122.83890977765908,46.861202524722756],[-122.84427326372723,46.86116455376168],[-122.84431222437031,46.863499790995185],[-122.84553414910712,46.86331519278016],[-122.84933264496532,46.86423219704373],[-122.85202783391911,46.86407619797354],[-122.85479392337302,46.86204168949116],[-122.85478322442015,46.85957673209707],[-122.86124927413465,46.85955387858748],[-122.8612273577921,46.85647310639564],[-122.86626364550278,46.85649307327174],[-122.86626441941972,46.85660532919327],[-122.86669725435965,46.85683000540089],[-122.87033214762822,46.857870920796735],[-122.87044223821633,46.85789167296248],[-122.87056850531157,46.85790033727334],[-122.87068334375935,46.8578920685127],[-122.87075947007094,46.857869570536465],[-122.87085067011813,46.85780695678207],[-122.87089193368789,46.857718624544354],[-122.8710776166908,46.85770946748952],[-122.87091828684264,46.85747831415568],[-122.86947321245934,46.85659161479827],[-122.86949165692427,46.85541214857516],[-122.87298851958236,46.85543780529283],[-122.87416488514778,46.8526981930514],[-122.8764869784725,46.85053761527884],[-122.8777286353922,46.850515439988364],[-122.87809158576113,46.84871761897028],[-122.89091924966591,46.84880681062495],[-122.89095607186006,46.84739667426191],[-122.89483242901692,46.846152354118786],[-122.89316357578524,46.8425454790503],[-122.87619452361473,46.84627540106431],[-122.87202319311216,46.84727062974174],[-122.86759718940453,46.849187203164256],[-122.8640186064414,46.85096866953261],[-122.86203897965493,46.85164018482489],[-122.85913583251846,46.85195426589669],[-122.85874094093587,46.85485686681144],[-122.85608204672133,46.854899126091205],[-122.8561011165835,46.856436978658806],[-122.84505696944578,46.85938058898481],[-122.839026681589,46.85939701190673],[-122.83008128427845,46.85767651863125],[-122.82649644148374,46.857505540118424],[-122.82623301076458,46.85938288179503],[-122.82754693847626,46.86036911820243],[-122.82840528711556,46.86038380936673],[-122.82885108556712,46.860421761731736],[-122.82963635611696,46.86046607425541],[-122.82991272223781,46.86042227657658]]]},"properties":{"COUNTY":"Thurston","PRECCODE":501,"PRECNAME":"Tenino 01","PRECINCT":"Thurston 501","DESCRIPTIO":"Tenino North (Lincoln Avenue, McClellan Street)","OFFICE":"PUD Commissioner District 1","JURISDICTION":"Public Utility","RACE":"Thurston County PUD Commissioner District 1","Name_1":"Jim Campbell","Party_1":"None_1","Votes_1":"114","Name_2":"Troy Kirby","Party_2":"None_2","Votes_2":"60","Name_3":"Bruce D. Wilkinson, Jr.","Party_3":"None_3","Votes_3":"47","Name_4":"Write-In","Party_4":"None_4","Votes_4":"4","Name_5":null,"Party_5":null,"Votes_5":"0","Name_6":null,"Party_6":null,"Votes_6":"0","Name_7":null,"Party_7":null,"Votes_7":"0","Votes_total":"225","Pct_1":50.67,"Pct_2":26.67,"Pct_3":20.89,"Pct_4":1.78,"Pct_5":0,"Pct_6":0,"Pct_7":0,"Margin":24}},
{"type":"Feature","geometry":{"type":"MultiPolygon","coordinates":[[[[-122.87619452361473,46.84627540106431],[-122.87541028807358,46.84359336755525],[-122.87377780785299,46.843840892651464],[-122.87377559063133,46.845144426514295],[-122.87185652327165,46.84514328095305],[-122.87202319311216,46.84727062974174],[-122.87619452361473,46.84627540106431]]],[[[-122.86759718940453,46.849187203164256],[-122.8676011558099,46.84694200057056],[-122.86628796080187,46.84693329897479],[-122.86628837661681,46.849835321194185],[-122.86759718940453,46.849187203164256]]],[[[-122.85818161330654,46.85055797603611],[-122.85800301431095,46.851405221678846],[-122.85471960847876,46.853925804957626],[-122.84665613670052,46.85405811825227],[-122.84640965140356,46.85316652128322],[-122.84429969328433,46.853149065858744],[-122.8442706837095,46.85567507820423],[-122.83388312697831,46.85629693920145],[-122.83388448117356,46.856572227063666],[-122.83085460947446,46.856734753886194],[-122.83085405859825,46.85715590595667],[-122.82649644148374,46.857505540118424],[-122.83008128427845,46.85767651863125],[-122.839026681589,46.85939701190673],[-122.84505696944578,46.85938058898481],[-122.8561011165835,46.856436978658806],[-122.85608204672133,46.854899126091205],[-122.85874094093587,46.85485686681144],[-122.85913583251846,46.85195426589669],[-122.86203897965493,46.85164018482489],[-122.8640186064414,46.85096866953261],[-122.86402605841542,46.8463717270808],[-122.8623777999232,46.84637251882018],[-122.86270951772495,46.845230960890795],[-122.86178089663295,46.845222785210474],[-122.86156828006284,46.84636915858582],[-122.86053874345139,46.84636758663265],[-122.85818161330654,46.85055797603611]]]]},"properties":{"COUNTY":"Thurston","PRECCODE":502,"PRECNAME":"Tenino 02","PRECINCT":"Thurston 502","DESCRIPTIO":"Tenino South (Park Avenue, Huston Street)","OFFICE":"PUD Commissioner District 1","JURISDICTION":"Public Utility","RACE":"Thurston County PUD Commissioner District 1","Name_1":"Jim Campbell","Party_1":"None_1","Votes_1":"106","Name_2":"Troy Kirby","Party_2":"None_2","Votes_2":"84","Name_3":"Bruce D. Wilkinson, Jr.","Party_3":"None_3","Votes_3":"39","Name_4":"Write-In","Party_4":"None_4","Votes_4":"1","Name_5":null,"Party_5":null,"Votes_5":"0","Name_6":null,"Party_6":null,"Votes_6":"0","Name_7":null,"Party_7":null,"Votes_7":"0","Votes_total":"230","Pct_1":46.09,"Pct_2":36.52,"Pct_3":16.96,"Pct_4":0.43,"Pct_5":0,"Pct_6":0,"Pct_7":0,"Margin":9.57}}
]}