{
"type": "FeatureCollection",
"crs": { "type": "name", "properties": { "name": "urn:ogc:def:crs:OGC:1.3:CRS84" } },
"features": [
{ "type": "Feature", "properties": { "COUNTY": "Clallam", "PRECCODE": 201, "PRECNAME": "Agnew 201", "PRECINCT": "Clallam 201", "DESCRIPTIO": "Sequim Rural Farthest West (North Barr Road, Shore Road, Lewis Road)", "OFFICE": "PUD Commissioner District 2", "JURISDICTION": "Public Utility", "RACE": "Clallam County PUD Commissioner District 2", "Name_1": "Timothy Dalton", "Party_1": "None_4", "Votes_1": "92", "Name_2": "Missi Baker", "Party_2": "None_5", "Votes_2": "64", "Name_3": "Write-In", "Party_3": "None_6", "Votes_3": "49", "Name_4": "Rick Paschall", "Party_4": "None_1", "Votes_4": "6", "Name_5": "Randy Brackett", "Party_5": "None_2", "Votes_5": "5", "Name_6": null, "Party_6": null, "Votes_6": "0", "Name_7": null, "Party_7": null, "Votes_7": "0", "Votes_total": "216", "Pct_1": 42.59, "Pct_2": 29.63, "Pct_3": 22.69, "Pct_4": 2.78, "Pct_5": 2.31, "Pct_6": 0.0, "Pct_7": 0.0, "Margin": 12.96 }, "geometry": { "type": "Polygon", "coordinates": [ [ [ -123.221977645999971, 48.105194814000072 ], [ -123.222012435999943, 48.105010854000049 ], [ -123.221573338, 48.104969872000026 ], [ -123.22142149099993, 48.104874293000073 ], [ -123.221605665999959, 48.104607166000051 ], [ -123.221844116999975, 48.104471195000023 ], [ -123.222035294999927, 48.104334935000054 ], [ -123.222079813999969, 48.104235273000022 ], [ -123.222270081, 48.104099667000071 ], [ -123.222514011, 48.104061681000069 ], [ -123.222756415999967, 48.103990814000042 ], [ -123.222854597999955, 48.103988772000029 ], [ -123.222998819999987, 48.103919947000065 ], [ -123.223090902999957, 48.103786383000049 ], [ -123.223235124999988, 48.103717557000039 ], [ -123.223278114, 48.103585014000025 ], [ -123.223472952999913, 48.103548047000061 ], [ -123.223413185999959, 48.10331890600002 ], [ -123.223313479999945, 48.10328806800004 ], [ -123.223351894999965, 48.103056884000075 ], [ -123.223589717999957, 48.102887374000026 ], [ -123.223783027999971, 48.102817527000063 ], [ -123.224117501999956, 48.10261309100008 ], [ -123.224114451, 48.10254733000005 ], [ -123.224209488999946, 48.102479590000023 ], [ -123.224343115999929, 48.102180536000041 ], [ -123.224915397999951, 48.101806587000056 ], [ -123.224959909999939, 48.101706923000044 ], [ -123.225107176, 48.101703857000082 ], [ -123.225154737999972, 48.101669954000045 ], [ -123.225354144999983, 48.10173162600006 ], [ -123.225401708, 48.101697723000029 ], [ -123.225349566, 48.101632984000041 ], [ -123.22539407499994, 48.101533321000026 ], [ -123.22534346099998, 48.101501463000027 ], [ -123.225335828999945, 48.101337060000048 ], [ -123.225131845999968, 48.101176747000061 ], [ -123.225122687999942, 48.100979464000034 ], [ -123.225167197999951, 48.100879801000076 ], [ -123.22535744399994, 48.100744190000057 ], [ -123.22560135599997, 48.100706198000076 ], [ -123.225498602999934, 48.100609601000031 ], [ -123.22564433899997, 48.100573653000026 ], [ -123.225833055999956, 48.100405161000026 ], [ -123.225725720999947, 48.100209924000062 ], [ -123.225573882, 48.10011434900008 ], [ -123.225566249999986, 48.099949948000074 ], [ -123.225704351, 48.099749598000074 ], [ -123.225699772999988, 48.099650956000062 ], [ -123.225886959, 48.09944958400007 ], [ -123.225982078999948, 48.099381777000076 ], [ -123.225975971999958, 48.099250255000072 ], [ -123.225874746999949, 48.099186540000062 ], [ -123.225810395999957, 48.098858758000063 ], [ -123.226101858999982, 48.098786861000065 ], [ -123.226196976999972, 48.098719055000061 ], [ -123.226295146999973, 48.09871701000003 ], [ -123.226388736999979, 48.098616322000055 ], [ -123.226681724999978, 48.098577305000049 ], [ -123.227013105999958, 48.098307100000049 ], [ -123.227006997999979, 48.098175579000042 ], [ -123.226905772999942, 48.098111864000032 ], [ -123.226901190999953, 48.098013223000066 ], [ -123.226703324999932, 48.097984434000068 ], [ -123.226655765999979, 48.098018338000031 ], [ -123.226459424999973, 48.098022429000032 ], [ -123.226453317999983, 48.097890907000078 ], [ -123.226643548999974, 48.097755294000081 ], [ -123.226884391999988, 48.097651538000036 ], [ -123.226928895999947, 48.097551874000033 ], [ -123.227508745999927, 48.097342314000059 ], [ -123.227657525999973, 48.09737212400006 ], [ -123.227703556999984, 48.097305340000055 ], [ -123.227996534999988, 48.097266319000028 ], [ -123.228042562999974, 48.097199534000026 ], [ -123.22803186799996, 48.096969372000046 ], [ -123.228122397999982, 48.096802922000059 ], [ -123.228601009999977, 48.096529643000054 ], [ -123.228900097999912, 48.096622141000061 ], [ -123.229005907999976, 48.096784495000058 ], [ -123.229107131999967, 48.096848208000047 ], [ -123.229114774999985, 48.097012611000025 ], [ -123.229019663999949, 48.097080419000065 ], [ -123.229074861999962, 48.097210917000041 ], [ -123.229275784999984, 48.097305462000065 ], [ -123.229373953999954, 48.097303414000066 ], [ -123.229614789999985, 48.097199652000029 ], [ -123.229947674999949, 48.096962320000046 ], [ -123.229949357999942, 48.096884236000051 ], [ -123.230032081, 48.096664348000047 ], [ -123.230645696999929, 48.096124943000056 ], [ -123.230685603, 48.095926636000051 ], [ -123.230927959999974, 48.095855752000027 ], [ -123.231210217999944, 48.095586560000072 ], [ -123.231349816, 48.095419083000081 ], [ -123.23143574199996, 48.095153991000068 ], [ -123.231524725999961, 48.094954658000056 ], [ -123.231759424999936, 48.094719370000064 ], [ -123.231952692, 48.094649509000078 ], [ -123.232296264999931, 48.094642333000081 ], [ -123.232546264999939, 48.094735847000038 ], [ -123.233035552999979, 48.094692711000043 ], [ -123.233184328999954, 48.094722515000058 ], [ -123.233276367999963, 48.094588942000023 ], [ -123.233175142999954, 48.09452523200008 ], [ -123.233167487999978, 48.094360830000021 ], [ -123.23331013799995, 48.094259112000032 ], [ -123.233348500999952, 48.094027923000063 ], [ -123.233050952999974, 48.093968317000076 ], [ -123.232845443999963, 48.09377513700008 ], [ -123.232837789999934, 48.093610735000034 ], [ -123.233172167999925, 48.093406274000074 ], [ -123.233319409999979, 48.093403197000043 ], [ -123.233620018999957, 48.093528563000064 ], [ -123.23371818, 48.09352651100005 ], [ -123.234192138999944, 48.093154567000049 ], [ -123.234288767999942, 48.093119634000054 ], [ -123.23428417199996, 48.093020993000039 ], [ -123.234376205, 48.092887420000068 ], [ -123.234370077999969, 48.092755898000064 ], [ -123.23446364199998, 48.092655204000032 ], [ -123.234402307999972, 48.092393188000067 ], [ -123.234147720999943, 48.092201036000056 ], [ -123.234153440999989, 48.09206196000008 ], [ -123.234084856999985, 48.091906139000052 ], [ -123.234172293999961, 48.091673924000069 ], [ -123.234267387999964, 48.091606111000026 ], [ -123.234310339999965, 48.091473564000069 ], [ -123.234497463999972, 48.091272176000075 ], [ -123.234535818999944, 48.091040988000024 ], [ -123.234753292, 48.090885901000028 ], [ -123.234767423999955, 48.090739932000076 ], [ -123.235005152999989, 48.09057039900005 ], [ -123.235102679999954, 48.090568359000024 ], [ -123.235245945999964, 48.090466625000033 ], [ -123.235344100999939, 48.090464572000023 ], [ -123.235535813999917, 48.090361824000063 ], [ -123.235684579999941, 48.090391624000056 ], [ -123.235937631999931, 48.09055089200006 ], [ -123.236223269999982, 48.090608109000073 ], [ -123.236474420999969, 48.090473835000068 ], [ -123.236423809999977, 48.090441982000073 ], [ -123.236514299999911, 48.090275525000038 ], [ -123.236606301, 48.089771998000053 ], [ -123.236676881, 48.08954804900003 ], [ -123.236668578999954, 48.089369989000026 ], [ -123.238751327999978, 48.089623713000037 ], [ -123.242214854999986, 48.090000739000061 ], [ -123.246530255999986, 48.090504526000075 ], [ -123.249829341999913, 48.090875095000065 ], [ -123.251297788999977, 48.091077573000064 ], [ -123.254093261999969, 48.091368886000048 ], [ -123.264679943999965, 48.092569383000068 ], [ -123.286163112999958, 48.094947637000075 ], [ -123.286336248999987, 48.101469925000053 ], [ -123.286317892999989, 48.10385839800005 ], [ -123.281703141999969, 48.105437262000066 ], [ -123.278475671999928, 48.106239544000061 ], [ -123.277141012999948, 48.106511489000063 ], [ -123.27572018799998, 48.106770925000035 ], [ -123.274658545999955, 48.106936754000053 ], [ -123.274062478999952, 48.106970865000051 ], [ -123.273116150999954, 48.106967821000069 ], [ -123.254007962999978, 48.105591340000046 ], [ -123.248212671999923, 48.105207270000051 ], [ -123.246192583999942, 48.105153583000053 ], [ -123.24352758699996, 48.105127681000049 ], [ -123.221977645999971, 48.105194814000072 ] ] ] } },
{ "type": "Feature", "properties": { "COUNTY": "Clallam", "PRECCODE": 209, "PRECNAME": "Blue Mountain 209", "PRECINCT": "Clallam 209", "DESCRIPTIO": "Sequim Rural Farthest Southwest (Blue Mountain Road, South Barr Road, Kirk Road)", "OFFICE": "PUD Commissioner District 2", "JURISDICTION": "Public Utility", "RACE": "Clallam County PUD Commissioner District 2", "Name_1": "Randy Brackett", "Party_1": "None_2", "Votes_1": "336", "Name_2": "Write-In", "Party_2": "None_6", "Votes_2": "86", "Name_3": "Missi Baker", "Party_3": "None_5", "Votes_3": "3", "Name_4": "Rick Paschall", "Party_4": "None_1", "Votes_4": "1", "Name_5": null, "Party_5": null, "Votes_5": "0", "Name_6": null, "Party_6": null, "Votes_6": "0", "Name_7": null, "Party_7": null, "Votes_7": "0", "Votes_total": "426", "Pct_1": 78.87, "Pct_2": 20.19, "Pct_3": 0.7, "Pct_4": 0.23, "Pct_5": 0.0, "Pct_6": 0.0, "Pct_7": 0.0, "Margin": 58.68 }, "geometry": { "type": "Polygon", "coordinates": [ [ [ -123.189260705, 48.057765120000035 ], [ -123.189300079999953, 48.043301105000104 ], [ -123.188069137, 48.043303410000107 ], [ -123.186815440999979, 48.028351657000059 ], [ -123.186486200999937, 48.013957983000068 ], [ -123.186513679, 47.999463108000072 ], [ -123.187557227999903, 47.999461618000034 ], [ -123.187500361000019, 47.954105689000087 ], [ -123.18876616699994, 47.954105576000082 ], [ -123.18871160999997, 47.910318584 ], [ -123.210236928999961, 47.910318572 ], [ -123.210260939999941, 47.924790505000061 ], [ -123.231792253999913, 47.924790485000067 ], [ -123.231853159, 47.954105590000083 ], [ -123.230587369999981, 47.954105705000096 ], [ -123.230617495999965, 47.968577379000038 ], [ -123.254332445000031, 47.968577379000038 ], [ -123.254292248999974, 47.983049162 ], [ -123.254174526999975, 48.000038335000063 ], [ -123.275873061999988, 48.000089031000087 ], [ -123.286525505999961, 48.00015776500009 ], [ -123.286086870999966, 48.043560889 ], [ -123.285616373999957, 48.04356022700005 ], [ -123.285898445000015, 48.058100350000061 ], [ -123.286085472999929, 48.072570847000087 ], [ -123.285953551999938, 48.086733912000085 ], [ -123.286163112999958, 48.094947637000061 ], [ -123.264679943999965, 48.092569383000097 ], [ -123.254093261999913, 48.091368886000069 ], [ -123.251297789, 48.091077573000035 ], [ -123.249829341999913, 48.090875095000072 ], [ -123.246530255999986, 48.090504526000061 ], [ -123.242214854999986, 48.090000739000025 ], [ -123.238751327999978, 48.089623713 ], [ -123.23666857900001, 48.089369989000062 ], [ -123.23004136900002, 48.088588510000058 ], [ -123.223556466, 48.087593867000095 ], [ -123.18920917199992, 48.082118569000038 ], [ -123.189179231999915, 48.072517344000019 ], [ -123.189260705, 48.057765120000035 ] ] ] } },
{ "type": "Feature", "properties": { "COUNTY": "Clallam", "PRECCODE": 210, "PRECNAME": "Bluffs 210", "PRECINCT": "Clallam 210", "DESCRIPTIO": "Port Angeles Rural Farther East (Gasman Road, The Bluffs, Olympian Way)", "OFFICE": "PUD Commissioner District 2", "JURISDICTION": "Public Utility", "RACE": "Clallam County PUD Commissioner District 2", "Name_1": "Timothy Dalton", "Party_1": "None_4", "Votes_1": "129", "Name_2": "Rick Paschall", "Party_2": "None_1", "Votes_2": "3", "Name_3": "Missi Baker", "Party_3": "None_5", "Votes_3": "3", "Name_4": "Randy Brackett", "Party_4": "None_2", "Votes_4": "2", "Name_5": "Write-In", "Party_5": "None_6", "Votes_5": "1", "Name_6": null, "Party_6": null, "Votes_6": "0", "Name_7": null, "Party_7": null, "Votes_7": "0", "Votes_total": "138", "Pct_1": 93.48, "Pct_2": 2.17, "Pct_3": 2.17, "Pct_4": 1.45, "Pct_5": 0.72, "Pct_6": 0.0, "Pct_7": 0.0, "Margin": 91.31 }, "geometry": { "type": "Polygon", "coordinates": [ [ [ -123.286336248999987, 48.101469925000053 ], [ -123.286163112999958, 48.094947637000075 ], [ -123.296643828999947, 48.096207851000031 ], [ -123.296935309, 48.096240254000058 ], [ -123.297254154999948, 48.096261613000081 ], [ -123.297868507999937, 48.096287171000029 ], [ -123.315654615999932, 48.096374482000037 ], [ -123.31591984799995, 48.096387605000075 ], [ -123.316302402999966, 48.096435047000057 ], [ -123.316599013999962, 48.096493947000063 ], [ -123.318226291999935, 48.096775283000049 ], [ -123.318252125238814, 48.113012415071552 ], [ -123.3181678, 48.1130114 ], [ -123.312047899999968, 48.1140462 ], [ -123.288522199999974, 48.1209374 ], [ -123.286231004956377, 48.120482632504299 ], [ -123.286225354999956, 48.115871477000034 ], [ -123.286336248999987, 48.101469925000053 ] ] ] } },
{ "type": "Feature", "properties": { "COUNTY": "Clallam", "PRECCODE": 214, "PRECNAME": "Carlsborg 214", "PRECINCT": "Clallam 214", "DESCRIPTIO": "Sequim Rural Far West (Carlsborg Post Office, Mill Road, Cedar Grove MHP)", "OFFICE": "PUD Commissioner District 2", "JURISDICTION": "Public Utility", "RACE": "Clallam County PUD Commissioner District 2", "Name_1": "Timothy Dalton", "Party_1": "None_4", "Votes_1": "85", "Name_2": "Rick Paschall", "Party_2": "None_1", "Votes_2": "6", "Name_3": "Missi Baker", "Party_3": "None_5", "Votes_3": "6", "Name_4": "Write-In", "Party_4": "None_6", "Votes_4": "3", "Name_5": null, "Party_5": null, "Votes_5": "0", "Name_6": null, "Party_6": null, "Votes_6": "0", "Name_7": null, "Party_7": null, "Votes_7": "0", "Votes_total": "100", "Pct_1": 85.0, "Pct_2": 6.0, "Pct_3": 6.0, "Pct_4": 3.0, "Pct_5": 0.0, "Pct_6": 0.0, "Pct_7": 0.0, "Margin": 79.0 }, "geometry": { "type": "Polygon", "coordinates": [ [ [ -123.14677990699991, 48.079403182000085 ], [ -123.147032673999931, 48.078781477000064 ], [ -123.147087223999932, 48.078730382000103 ], [ -123.147160375999945, 48.078697958000085 ], [ -123.147273531999957, 48.078686155000078 ], [ -123.147376789, 48.078691215000056 ], [ -123.147736437, 48.078788718000041 ], [ -123.147893362999952, 48.078802220000085 ], [ -123.148031792999944, 48.078799429000036 ], [ -123.148204863999936, 48.078776894000043 ], [ -123.148958581999963, 48.078630752000031 ], [ -123.149127033999932, 48.078584501000101 ], [ -123.149554187999925, 48.078428324000058 ], [ -123.149699731999988, 48.078339516 ], [ -123.149777539999945, 48.078256884000012 ], [ -123.149895382999944, 48.078088229000073 ], [ -123.150055059999886, 48.077794737000048 ], [ -123.150099989, 48.077679837000048 ], [ -123.150232877999954, 48.077099493000077 ], [ -123.150283132999959, 48.076956877000086 ], [ -123.150377460999934, 48.076763652000082 ], [ -123.150517475, 48.076541301000077 ], [ -123.150591343999963, 48.076387584000052 ], [ -123.150632677000019, 48.076219150000057 ], [ -123.151700240999944, 48.076334103000065 ], [ -123.156708467000016, 48.07703278400006 ], [ -123.16208584599994, 48.077898062000074 ], [ -123.163714359999958, 48.078138766000087 ], [ -123.167483609999977, 48.078754536000055 ], [ -123.183855743999956, 48.08133859200008 ], [ -123.189177941, 48.082113584000076 ], [ -123.189224414999927, 48.08700551 ], [ -123.1891896879999, 48.096908510000027 ], [ -123.184143567999982, 48.095840612000053 ], [ -123.176384682, 48.094242429000076 ], [ -123.174455216999945, 48.093833187000037 ], [ -123.167439626, 48.092326933000031 ], [ -123.166812557999904, 48.092170247000034 ], [ -123.166570604999947, 48.092092869000027 ], [ -123.165935534, 48.091855013000057 ], [ -123.165394314999972, 48.091583300000053 ], [ -123.165112332, 48.091419595 ], [ -123.158251736999915, 48.086922652000069 ], [ -123.15769748699995, 48.086525261000048 ], [ -123.156960984999955, 48.086018534000054 ], [ -123.156588737999968, 48.085820311000077 ], [ -123.156179426999927, 48.085663408000059 ], [ -123.155738728, 48.085532240000042 ], [ -123.155339062999957, 48.085442773000118 ], [ -123.154782430999873, 48.085375784000078 ], [ -123.154275812, 48.085362842000059 ], [ -123.147980542999974, 48.085315264000037 ], [ -123.148203835999965, 48.085140324000037 ], [ -123.148514163999934, 48.084920595000071 ], [ -123.148571732000022, 48.084866402000017 ], [ -123.148615278, 48.084810172000076 ], [ -123.148655902999934, 48.084725829000028 ], [ -123.14868104, 48.084617901000072 ], [ -123.148677154999916, 48.084468704000066 ], [ -123.148520835999989, 48.084070569000076 ], [ -123.148444035999944, 48.083707342000046 ], [ -123.148378701999945, 48.082806360000099 ], [ -123.148141707999969, 48.082196908000036 ], [ -123.148130468000033, 48.082025721 ], [ -123.148142047, 48.081808841000075 ], [ -123.14821720099998, 48.081583536 ], [ -123.14852067399994, 48.081141742000035 ], [ -123.148528890999913, 48.081008255 ], [ -123.148519037999918, 48.080867989000041 ], [ -123.148434750999968, 48.08073160700004 ], [ -123.148326898999983, 48.080624267000033 ], [ -123.148192144999967, 48.0805508 ], [ -123.148075992999949, 48.080496005000093 ], [ -123.147766027999964, 48.080397501000014 ], [ -123.147510907999987, 48.080333603000057 ], [ -123.147316132999933, 48.08026848700009 ], [ -123.147127068999964, 48.08017230600003 ], [ -123.146969952999896, 48.080075482000019 ], [ -123.146851668999901, 48.079973113000072 ], [ -123.146783399999919, 48.079876878 ], [ -123.146742781999947, 48.079763422000035 ], [ -123.146725514999915, 48.079616164000115 ], [ -123.14677990699991, 48.079403182000085 ] ] ] } },
{ "type": "Feature", "properties": { "COUNTY": "Clallam", "PRECCODE": 216, "PRECNAME": "Clark 216", "PRECINCT": "Clallam 216", "DESCRIPTIO": "Port Angeles East CDP South (Kemp Street, Marsden Road, View Vista MHP)", "OFFICE": "PUD Commissioner District 2", "JURISDICTION": "Public Utility", "RACE": "Clallam County PUD Commissioner District 2", "Name_1": "Rick Paschall", "Party_1": "None_1", "Votes_1": "287", "Name_2": "Randy Brackett", "Party_2": "None_2", "Votes_2": "116", "Name_3": "Write-In", "Party_3": "None_6", "Votes_3": "4", "Name_4": null, "Party_4": null, "Votes_4": "0", "Name_5": null, "Party_5": null, "Votes_5": "0", "Name_6": null, "Party_6": null, "Votes_6": "0", "Name_7": null, "Party_7": null, "Votes_7": "0", "Votes_total": "407", "Pct_1": 70.52, "Pct_2": 28.5, "Pct_3": 0.98, "Pct_4": 0.0, "Pct_5": 0.0, "Pct_6": 0.0, "Pct_7": 0.0, "Margin": 42.02 }, "geometry": { "type": "Polygon", "coordinates": [ [ [ -123.358013550999942, 48.105312279000032 ], [ -123.358033910999964, 48.105091571000067 ], [ -123.358006628999973, 48.104777351000045 ], [ -123.357952637999958, 48.104570684000066 ], [ -123.357838369999939, 48.104306651000059 ], [ -123.357579359999988, 48.103963701000048 ], [ -123.357328339, 48.103683568000065 ], [ -123.357225487999969, 48.103622226000027 ], [ -123.357314656999961, 48.103535495000067 ], [ -123.357420195999964, 48.103370149000057 ], [ -123.357492478999944, 48.103194733000059 ], [ -123.357489356999935, 48.102963804000069 ], [ -123.357616654999944, 48.10240678100007 ], [ -123.357397381999988, 48.101911719000036 ], [ -123.357344285999943, 48.101820486000065 ], [ -123.356983428999968, 48.101392134000037 ], [ -123.356861531999954, 48.101290081000059 ], [ -123.368784106999925, 48.101263412000037 ], [ -123.368598322999972, 48.096253024000077 ], [ -123.368582008999979, 48.095963441000031 ], [ -123.368543164999949, 48.095655226000069 ], [ -123.368471325999948, 48.09535646900008 ], [ -123.368421052999977, 48.095228019000047 ], [ -123.368284946999921, 48.094963071000045 ], [ -123.368151881999921, 48.094759891000074 ], [ -123.367536353999952, 48.093949283000029 ], [ -123.381182758999969, 48.093959166000047 ], [ -123.380950750999943, 48.104589343000043 ], [ -123.378829207999971, 48.104822651000063 ], [ -123.37814249399996, 48.104864612000021 ], [ -123.377584088999981, 48.104876983000054 ], [ -123.376915335999982, 48.104878424000049 ], [ -123.37301212499996, 48.104861317000029 ], [ -123.371955061, 48.104866601000019 ], [ -123.371641800999953, 48.104882609000072 ], [ -123.371311114, 48.104913746000079 ], [ -123.370945204999941, 48.104998888000068 ], [ -123.370463488999988, 48.105132683000072 ], [ -123.370039709999944, 48.105285951000035 ], [ -123.363192791999964, 48.108397969000059 ], [ -123.361887642999989, 48.108973205000041 ], [ -123.361410379999967, 48.109153438000071 ], [ -123.360961350999929, 48.109273226000028 ], [ -123.360339578, 48.10935105500004 ], [ -123.36015033399994, 48.109354623000058 ], [ -123.359848424999939, 48.109342383000069 ], [ -123.359615450999968, 48.109321271000056 ], [ -123.358996881999985, 48.109204256000062 ], [ -123.358779818999949, 48.109138442000074 ], [ -123.358511461999967, 48.109026808000074 ], [ -123.358262478999961, 48.108899803000035 ], [ -123.358063987, 48.108771637000075 ], [ -123.357744133999972, 48.108502464000019 ], [ -123.357596814999965, 48.108359883000041 ], [ -123.357459921999961, 48.108162697000068 ], [ -123.357385075999943, 48.108018204000075 ], [ -123.357339094999986, 48.107855077000067 ], [ -123.357314595, 48.107677626000054 ], [ -123.357304192999919, 48.107465278000063 ], [ -123.357347359999935, 48.10706111800004 ], [ -123.35790274699994, 48.105743656000065 ], [ -123.357972234999977, 48.105524603000042 ], [ -123.358013550999942, 48.105312279000032 ] ] ] } },
{ "type": "Feature", "properties": { "COUNTY": "Clallam", "PRECCODE": 217, "PRECNAME": "Cline 217", "PRECINCT": "Clallam 217", "DESCRIPTIO": "Dungeness West (Olympic Game Farm, Cline Spit County Park, Dungeness Landing County Park)", "OFFICE": "PUD Commissioner District 2", "JURISDICTION": "Public Utility", "RACE": "Clallam County PUD Commissioner District 2", "Name_1": "Rick Paschall", "Party_1": "None_1", "Votes_1": "2", "Name_2": "Timothy Dalton", "Party_2": "None_4", "Votes_2": "2", "Name_3": "Write-In", "Party_3": "None_6", "Votes_3": "2", "Name_4": "Missi Baker", "Party_4": "None_5", "Votes_4": "1", "Name_5": null, "Party_5": null, "Votes_5": "0", "Name_6": null, "Party_6": null, "Votes_6": "0", "Name_7": null, "Party_7": null, "Votes_7": "0", "Votes_total": "7", "Pct_1": 28.57, "Pct_2": 28.57, "Pct_3": 28.57, "Pct_4": 14.29, "Pct_5": 0.0, "Pct_6": 0.0, "Pct_7": 0.0, "Margin": 0.0 }, "geometry": { "type": "MultiPolygon", "coordinates": [ [ [ [ -123.128845569999967, 48.151598285000034 ], [ -123.128739853999946, 48.15149953100007 ], [ -123.128518155999984, 48.151325873000076 ], [ -123.128162702999973, 48.150905744000056 ], [ -123.128061378999945, 48.150751577000051 ], [ -123.128007554999954, 48.150613265000061 ], [ -123.127992174999974, 48.150482657000055 ], [ -123.127989105999987, 48.149732566000068 ], [ -123.128007706999981, 48.149527328000026 ], [ -123.128068380999963, 48.149276300000047 ], [ -123.12805228699996, 48.149195109000054 ], [ -123.128027056999954, 48.14915387000007 ], [ -123.127948665999966, 48.149072837000062 ], [ -123.12787855599997, 48.149030048000036 ], [ -123.12776816799996, 48.148989453000063 ], [ -123.127674369999966, 48.148968232000072 ], [ -123.127440407, 48.148951421000042 ], [ -123.12695949299993, 48.148973054000066 ], [ -123.126816390999963, 48.148954468000056 ], [ -123.126737350999989, 48.148929077000048 ], [ -123.126594152999971, 48.148864965000023 ], [ -123.126526105999957, 48.148813406000052 ], [ -123.12640163099995, 48.148697622000043 ], [ -123.126287747999982, 48.148540912000037 ], [ -123.12622532499995, 48.148408038000071 ], [ -123.126148842999953, 48.148156206000067 ], [ -123.126119646999925, 48.147929675000057 ], [ -123.12612127899996, 48.147655131000079 ], [ -123.126131684999947, 48.147378642000028 ], [ -123.126162010999977, 48.147173044000048 ], [ -123.126244972999984, 48.146827945000041 ], [ -123.126308566, 48.146676600000035 ], [ -123.126487864999945, 48.146404745000034 ], [ -123.126726026999961, 48.146164508000034 ], [ -123.127058145999968, 48.145902552000045 ], [ -123.127451064999931, 48.14561859500003 ], [ -123.127628859999959, 48.145463829000043 ], [ -123.127747079999949, 48.145340686000054 ], [ -123.127930704999983, 48.145094227000072 ], [ -123.128118601, 48.144799582000076 ], [ -123.128416520999934, 48.14430083000007 ], [ -123.12878864799994, 48.143631567000057 ], [ -123.128849439999954, 48.143558932000069 ], [ -123.128978642, 48.143465191000075 ], [ -123.129295368999976, 48.143330465000076 ], [ -123.12941809299997, 48.143295393000074 ], [ -123.129573142999945, 48.143286725000046 ], [ -123.129706791999979, 48.14330523000006 ], [ -123.129922774999955, 48.143351942000031 ], [ -123.130073516, 48.143405186000052 ], [ -123.130439166999935, 48.143567318000059 ], [ -123.130779510999957, 48.143686729000073 ], [ -123.130878136999968, 48.143707832000082 ], [ -123.130987486999985, 48.143712876000045 ], [ -123.13106856099995, 48.143707068000019 ], [ -123.131146890999958, 48.143688387000054 ], [ -123.131250734999981, 48.143641923000068 ], [ -123.131290896999985, 48.143599462000047 ], [ -123.131481586999939, 48.143271219000042 ], [ -123.131741301999966, 48.142936038000073 ], [ -123.131861613999931, 48.142832009000074 ], [ -123.131966258999952, 48.142762702000027 ], [ -123.132176365999968, 48.142674038000052 ], [ -123.13281669999995, 48.142529053000025 ], [ -123.132949196999945, 48.142486619000074 ], [ -123.133095593999911, 48.142419411000049 ], [ -123.133988387999977, 48.141965780000078 ], [ -123.134522476999962, 48.14164580900006 ], [ -123.134809386999947, 48.141433158000034 ], [ -123.134878406999988, 48.141357683000081 ], [ -123.13496156599993, 48.141223955000036 ], [ -123.135006532999952, 48.141114468000069 ], [ -123.135028063999968, 48.140963921000036 ], [ -123.134997187999929, 48.140776335000055 ], [ -123.134902046999969, 48.140558693000052 ], [ -123.134770666999955, 48.140366798000052 ], [ -123.134620353999978, 48.140231865000032 ], [ -123.134339202, 48.140056101000027 ], [ -123.133858489999952, 48.13979005300007 ], [ -123.133685265999986, 48.139667602000031 ], [ -123.133578287999967, 48.139570629000048 ], [ -123.133482347, 48.139460775000032 ], [ -123.133434080999933, 48.139389023000028 ], [ -123.13338973, 48.139282304000055 ], [ -123.133359264999967, 48.139069206000045 ], [ -123.133388132, 48.138924142000057 ], [ -123.13346484299997, 48.138794919000077 ], [ -123.133561709, 48.138709708000071 ], [ -123.133854238999959, 48.138540353000053 ], [ -123.134076889999974, 48.138428764000018 ], [ -123.134408320999981, 48.138284049000042 ], [ -123.135647818999971, 48.137767741000069 ], [ -123.135881376999976, 48.137693818000052 ], [ -123.136111652999958, 48.137640461000039 ], [ -123.136340280999931, 48.137614195000026 ], [ -123.136716194999977, 48.137613492000071 ], [ -123.136839806999944, 48.137629771000036 ], [ -123.137009805, 48.137671786000055 ], [ -123.137486199999955, 48.137813383000037 ], [ -123.137581779999948, 48.137832922000023 ], [ -123.137740033999989, 48.137851925000056 ], [ -123.137967610999979, 48.137862774000041 ], [ -123.138297186999964, 48.137840684000018 ], [ -123.138412113999934, 48.137815628000055 ], [ -123.138565829999919, 48.137740851000046 ], [ -123.138663660999924, 48.137679785000039 ], [ -123.138807480999958, 48.137555484000082 ], [ -123.139357564999969, 48.13681357300004 ], [ -123.139613638999947, 48.136575124000039 ], [ -123.139833711999984, 48.13640644000003 ], [ -123.140774206999964, 48.13578749900006 ], [ -123.140906574999988, 48.135663471000036 ], [ -123.140989442999967, 48.135567748000021 ], [ -123.141034727, 48.135492935000059 ], [ -123.141125017999968, 48.135221113000064 ], [ -123.141375651999965, 48.133379125000033 ], [ -123.141390533999967, 48.132907759000034 ], [ -123.141425417999983, 48.132779572000054 ], [ -123.141466075, 48.132701040000022 ], [ -123.141553889999969, 48.132580876000077 ], [ -123.141684339999983, 48.132464921000057 ], [ -123.141979716, 48.132279580000045 ], [ -123.142595490999966, 48.131969265000059 ], [ -123.143574786999977, 48.13151046400003 ], [ -123.143766557999982, 48.131410751000026 ], [ -123.143938710999976, 48.13129084500008 ], [ -123.144074823999944, 48.131171896000069 ], [ -123.144221320999975, 48.131004205000067 ], [ -123.144316273999948, 48.13085397400004 ], [ -123.14438008999997, 48.130641873000059 ], [ -123.144384450999965, 48.130501324000079 ], [ -123.144366885999958, 48.130268366000053 ], [ -123.144293279999957, 48.129896075000026 ], [ -123.144229846999963, 48.129671182000038 ], [ -123.144117906999938, 48.129316326000037 ], [ -123.143922821, 48.128772684000062 ], [ -123.143791904999915, 48.128232513000064 ], [ -123.143774553999947, 48.128030347000049 ], [ -123.14359981399997, 48.126962693000053 ], [ -123.143571222, 48.126259402000073 ], [ -123.143529441999988, 48.126144968000062 ], [ -123.143461370999916, 48.126029923000026 ], [ -123.14343701699994, 48.125949399000035 ], [ -123.143451194999969, 48.125786768000069 ], [ -123.143496300999971, 48.125614590000048 ], [ -123.143585111, 48.125393768000045 ], [ -123.143771165999965, 48.125053032000032 ], [ -123.143808074, 48.124933927000029 ], [ -123.14381631599997, 48.124806134000039 ], [ -123.143790898999967, 48.124752575000059 ], [ -123.143705762999943, 48.124676491000059 ], [ -123.143272181999976, 48.124414771000033 ], [ -123.143098593999966, 48.124270656000078 ], [ -123.142934278999959, 48.124095405000048 ], [ -123.142868978999957, 48.123987204000052 ], [ -123.14279450399998, 48.123810967000047 ], [ -123.142769886999986, 48.123715111000081 ], [ -123.142768040999954, 48.123573745000037 ], [ -123.142783413999936, 48.123497623000041 ], [ -123.142892703999962, 48.123257898000077 ], [ -123.143019033999948, 48.123082394000058 ], [ -123.143161577999962, 48.122925344000059 ], [ -123.143256261999966, 48.122851162000082 ], [ -123.143353881999971, 48.122797738000031 ], [ -123.143502601999955, 48.122751411000088 ], [ -123.143616288999979, 48.122731827000045 ], [ -123.143821380999967, 48.12273435000003 ], [ -123.143975095999949, 48.122747798000034 ], [ -123.144473921999975, 48.122835191000036 ], [ -123.144606666999948, 48.122841173000047 ], [ -123.144725567999956, 48.12283305600004 ], [ -123.14503900299998, 48.122760764000077 ], [ -123.145229571999948, 48.122695714000031 ], [ -123.145403892, 48.12259996500007 ], [ -123.14561211799996, 48.122435877000036 ], [ -123.145732749, 48.122316179000045 ], [ -123.145767864, 48.122260337000057 ], [ -123.145931245999961, 48.121789782000057 ], [ -123.146049067, 48.121565537000038 ], [ -123.146115870999949, 48.121396314000037 ], [ -123.146146188999978, 48.121224139000041 ], [ -123.146169898999986, 48.120923484000059 ], [ -123.146146940999955, 48.120530442000074 ], [ -123.146160978999959, 48.120406418000073 ], [ -123.146223459999959, 48.12028876100004 ], [ -123.14654497, 48.119932696000042 ], [ -123.146625214, 48.119821115000036 ], [ -123.146802657999942, 48.119479641000055 ], [ -123.146854674999986, 48.119287868000072 ], [ -123.14686034999994, 48.119133403000035 ], [ -123.146904147999962, 48.119004901000032 ], [ -123.146934672999961, 48.11895452400006 ], [ -123.147046652999961, 48.118832224000073 ], [ -123.147194698999968, 48.118724491000087 ], [ -123.147715780999988, 48.118452117000061 ], [ -123.148199815999988, 48.118225720000055 ], [ -123.14858200799992, 48.118027560000023 ], [ -123.149313917999962, 48.117580805000038 ], [ -123.149537738999953, 48.117394434000055 ], [ -123.149683321999987, 48.117246084000044 ], [ -123.149738811999967, 48.117168243000037 ], [ -123.149777525, 48.117002232000061 ], [ -123.149779279999962, 48.11687668400004 ], [ -123.149751314999961, 48.116613087000083 ], [ -123.149718647999975, 48.116479790000035 ], [ -123.149623543999923, 48.116278037000022 ], [ -123.149450816999931, 48.116061042000062 ], [ -123.14933679499994, 48.115892140000021 ], [ -123.149307729999947, 48.115768543000058 ], [ -123.149320043999978, 48.115565862000032 ], [ -123.149343913999985, 48.115481133000053 ], [ -123.149419782, 48.11534140600002 ], [ -123.150085248999986, 48.114859679000062 ], [ -123.150295908, 48.114683217000049 ], [ -123.150390981999962, 48.114570270000065 ], [ -123.150422467999988, 48.114502018000053 ], [ -123.150448230999956, 48.114383138000051 ], [ -123.150429742999961, 48.114261177000067 ], [ -123.150383420999958, 48.114144236000065 ], [ -123.150311215999977, 48.114019201000076 ], [ -123.150040111999928, 48.113629809000031 ], [ -123.149871850999943, 48.113327710000071 ], [ -123.149773214999968, 48.112997281000048 ], [ -123.149766119999981, 48.112821644000064 ], [ -123.149791510999989, 48.112665593000024 ], [ -123.149874874999938, 48.112463931000029 ], [ -123.150014439999921, 48.112263146000032 ], [ -123.150183808999941, 48.112106134000044 ], [ -123.150353645999985, 48.111959329000065 ], [ -123.151011421999968, 48.111453365000045 ], [ -123.151697975, 48.110948721000064 ], [ -123.151974941, 48.110783623000032 ], [ -123.152396042999968, 48.110503719000064 ], [ -123.152665276, 48.110245926000054 ], [ -123.152795438999988, 48.110057601000051 ], [ -123.152863616, 48.109834816000046 ], [ -123.152863205999921, 48.109746738000069 ], [ -123.152813607999974, 48.10967155600008 ], [ -123.152720641999935, 48.109580584000071 ], [ -123.152546523999916, 48.10950315500002 ], [ -123.152429659999939, 48.109434092000065 ], [ -123.152390611999976, 48.109356316000053 ], [ -123.15238966699998, 48.109256345000063 ], [ -123.15247387099997, 48.109073709000029 ], [ -123.152717932999977, 48.108730718000061 ], [ -123.152901578999945, 48.10854607400006 ], [ -123.153175099999928, 48.108304858000047 ], [ -123.153235600999949, 48.108227452000051 ], [ -123.153273613999943, 48.108124313000076 ], [ -123.153283, 48.108016991000056 ], [ -123.15327539599997, 48.107848113000038 ], [ -123.15322966899997, 48.107568505000074 ], [ -123.15667914, 48.108267719000033 ], [ -123.158147335999928, 48.108580914000079 ], [ -123.158747133999952, 48.108654498000078 ], [ -123.159275171, 48.108669525000039 ], [ -123.160470677999953, 48.108669315000043 ], [ -123.162072543999955, 48.108653997000033 ], [ -123.166460568, 48.108645608000067 ], [ -123.167407083999976, 48.108658477000056 ], [ -123.167401029999965, 48.116076300000032 ], [ -123.167351584999963, 48.127790617000073 ], [ -123.167233743999986, 48.130623083000039 ], [ -123.167086382999983, 48.131137826000035 ], [ -123.166911356999961, 48.131510760000026 ], [ -123.166323452999947, 48.133096571000067 ], [ -123.166538615999983, 48.137580955000033 ], [ -123.16687262471406, 48.148815007291525 ], [ -123.16337590000002, 48.1497153 ], [ -123.1534816, 48.1502237 ], [ -123.152125699999985, 48.1517787 ], [ -123.15088750000001, 48.1553547 ], [ -123.1508217, 48.153881 ], [ -123.148907, 48.152309 ], [ -123.138549800000021, 48.1503926 ], [ -123.1410302, 48.1501548 ], [ -123.1373961, 48.1482851 ], [ -123.136164799999975, 48.1486535 ], [ -123.1370408, 48.1504209 ], [ -123.138032600000017, 48.150507 ], [ -123.132854299999977, 48.1506938 ], [ -123.13033, 48.1530056 ], [ -123.129059715229488, 48.151942035807011 ], [ -123.128979533999953, 48.151788354000075 ], [ -123.128845569999967, 48.151598285000034 ] ] ], [ [ [ -123.131815599999982, 48.1544344 ], [ -123.1317297, 48.1539119 ], [ -123.1330065, 48.1540336 ], [ -123.1331352, 48.1543056 ], [ -123.131815599999982, 48.1544344 ] ] ] ] } },
{ "type": "Feature", "properties": { "COUNTY": "Clallam", "PRECCODE": 218, "PRECNAME": "Coyote 218", "PRECINCT": "Clallam 218", "DESCRIPTIO": "Dungeness Far Southwest (Dungeness Golf Course, Dungeness Greens, Greywolf Road)", "OFFICE": "PUD Commissioner District 2", "JURISDICTION": "Public Utility", "RACE": "Clallam County PUD Commissioner District 2", "Name_1": "Randy Brackett", "Party_1": "None_2", "Votes_1": "51", "Name_2": "Missi Baker", "Party_2": "None_5", "Votes_2": "7", "Name_3": "Rick Paschall", "Party_3": "None_1", "Votes_3": "3", "Name_4": "Write-In", "Party_4": "None_6", "Votes_4": "2", "Name_5": null, "Party_5": null, "Votes_5": "0", "Name_6": null, "Party_6": null, "Votes_6": "0", "Name_7": null, "Party_7": null, "Votes_7": "0", "Votes_total": "63", "Pct_1": 80.95, "Pct_2": 11.11, "Pct_3": 4.76, "Pct_4": 3.17, "Pct_5": 0.0, "Pct_6": 0.0, "Pct_7": 0.0, "Margin": 69.84 }, "geometry": { "type": "Polygon", "coordinates": [ [ [ -123.199185974999963, 48.130477290000037 ], [ -123.189097518999972, 48.130559746000067 ], [ -123.167233743999986, 48.130623083000039 ], [ -123.167351584999963, 48.127790617000073 ], [ -123.167401029999965, 48.116076300000032 ], [ -123.189164953999949, 48.116091736000037 ], [ -123.211019760999974, 48.116131054000043 ], [ -123.218489742999964, 48.11608570900006 ], [ -123.218657471999961, 48.116286396000078 ], [ -123.218835964999954, 48.116418334000059 ], [ -123.21896579099996, 48.116576202000026 ], [ -123.219065520999933, 48.116607044000034 ], [ -123.219223488999958, 48.116834148000059 ], [ -123.219376889999978, 48.116962612000066 ], [ -123.219432085, 48.117093113000067 ], [ -123.219390596999958, 48.117258534000023 ], [ -123.21939668899995, 48.117390056000026 ], [ -123.219502510999959, 48.117552419000049 ], [ -123.219603765999963, 48.117616140000052 ], [ -123.21970045099998, 48.117581220000034 ], [ -123.219800180999968, 48.117612060000056 ], [ -123.219803228, 48.117677822000076 ], [ -123.219902958999967, 48.117708661000044 ], [ -123.219958155999947, 48.117839163000042 ], [ -123.220108514999978, 48.117901863000043 ], [ -123.220212816999933, 48.118031346000066 ], [ -123.220464432999975, 48.118157766000074 ], [ -123.220524202999982, 48.118386909000037 ], [ -123.220237192999917, 48.118557432000046 ], [ -123.220247858, 48.118787595000079 ], [ -123.220206370999975, 48.118953017000081 ], [ -123.220456466999948, 48.119046557000047 ], [ -123.220461037999897, 48.119145199000059 ], [ -123.220172500999965, 48.119282841000022 ], [ -123.220177070999966, 48.119381482000044 ], [ -123.220035848999942, 48.119516064000038 ], [ -123.219945254, 48.119682506000053 ], [ -123.219753401, 48.119785228000069 ], [ -123.219708864999973, 48.119884889000048 ], [ -123.219612175999927, 48.119919810000049 ], [ -123.219268431999978, 48.119926948000057 ], [ -123.219076576999953, 48.120029668000029 ], [ -123.21898293299995, 48.120130348000032 ], [ -123.218494912999972, 48.120206304000078 ], [ -123.218450373999971, 48.12030596500005 ], [ -123.218239136999955, 48.120326291000026 ], [ -123.217914767999957, 48.120415818000026 ], [ -123.217724429999976, 48.120551416000062 ], [ -123.217741172999979, 48.120913101000035 ], [ -123.21794368999997, 48.121040546000074 ], [ -123.218293529, 48.121164933000045 ], [ -123.218256599999933, 48.121428995000024 ], [ -123.218408489999959, 48.121524579000031 ], [ -123.218463687999986, 48.121655081000029 ], [ -123.21825401599996, 48.121756504000075 ], [ -123.217981742999939, 48.121862557000036 ], [ -123.217794444999953, 48.122063916000059 ], [ -123.217754468999956, 48.122262217000063 ], [ -123.217861817999975, 48.122457462000057 ], [ -123.21776664399998, 48.122525261000071 ], [ -123.217728189999946, 48.122756444000061 ], [ -123.217683646999959, 48.122856104000043 ], [ -123.217889215999961, 48.123049309000066 ], [ -123.218286655999975, 48.123139797000078 ], [ -123.218631943999981, 48.123165542000031 ], [ -123.218782316999963, 48.123228244000074 ], [ -123.21908611, 48.123419409000064 ], [ -123.219291685999934, 48.123612612000045 ], [ -123.219346887999961, 48.123743114000035 ], [ -123.219363641999948, 48.124104798000076 ], [ -123.219269991999965, 48.124205478000079 ], [ -123.219032054999943, 48.124374979000038 ], [ -123.218557700999966, 48.12474685900002 ], [ -123.218464046999955, 48.124847539000029 ], [ -123.218424070999944, 48.125045841000023 ], [ -123.218677240999952, 48.125205146000035 ], [ -123.218899825, 48.125187240000052 ], [ -123.219463018999974, 48.125188832000042 ], [ -123.219409338, 48.125091210000051 ], [ -123.2195521, 48.124989510000027 ], [ -123.219758822999921, 48.125183574000062 ], [ -123.219999546999972, 48.125208523000026 ], [ -123.220206791999942, 48.125304714000031 ], [ -123.220310277999943, 48.125435669000062 ], [ -123.220311593538753, 48.125753137607319 ], [ -123.2117191, 48.1299643 ], [ -123.210796388767122, 48.130570266585693 ], [ -123.199185974999963, 48.130477290000037 ] ] ] } },
{ "type": "Feature", "properties": { "COUNTY": "Clallam", "PRECCODE": 220, "PRECNAME": "Deer Park 220", "PRECINCT": "Clallam 220", "DESCRIPTIO": "Port Angeles Rural Farther Southeast (Deer Park Road, South Bagley Creek Road)", "OFFICE": "PUD Commissioner District 2", "JURISDICTION": "Public Utility", "RACE": "Clallam County PUD Commissioner District 2", "Name_1": "Missi Baker", "Party_1": "None_5", "Votes_1": "555", "Name_2": "Rick Paschall", "Party_2": "None_1", "Votes_2": "227", "Name_3": "Randy Brackett", "Party_3": "None_2", "Votes_3": "86", "Name_4": "Write-In", "Party_4": "None_6", "Votes_4": "5", "Name_5": "Timothy Dalton", "Party_5": "None_4", "Votes_5": "1", "Name_6": null, "Party_6": null, "Votes_6": "0", "Name_7": null, "Party_7": null, "Votes_7": "0", "Votes_total": "874", "Pct_1": 63.5, "Pct_2": 25.97, "Pct_3": 9.84, "Pct_4": 0.57, "Pct_5": 0.11, "Pct_6": 0.0, "Pct_7": 0.0, "Margin": 37.53 }, "geometry": { "type": "Polygon", "coordinates": [ [ [ -123.34564543, 48.106039622000061 ], [ -123.340767073, 48.102473757000077 ], [ -123.340325395, 48.102167479000038 ], [ -123.33989938, 48.101891641000051 ], [ -123.339377035999945, 48.101586957000066 ], [ -123.338654862999988, 48.101235387000017 ], [ -123.336450062999944, 48.100252797000067 ], [ -123.33503690400002, 48.099685222000105 ], [ -123.334556990999943, 48.099531246000062 ], [ -123.334186091999968, 48.099438267 ], [ -123.333845059999973, 48.099374205000025 ], [ -123.331048287999977, 48.09894715000005 ], [ -123.318226291999977, 48.096775283000028 ], [ -123.318207114999893, 48.093517002000077 ], [ -123.318234534999959, 48.090068202 ], [ -123.318160224999929, 48.086886880000044 ], [ -123.31795101699997, 48.072361251000075 ], [ -123.317952893000026, 48.05801084600003 ], [ -123.317673827999926, 48.043583115000075 ], [ -123.318520960999933, 48.043582790000052 ], [ -123.318572573999958, 48.029028998000051 ], [ -123.318561895999935, 48.02489639500007 ], [ -123.318644989999896, 48.020991811000037 ], [ -123.318627269999936, 48.014595836000098 ], [ -123.318734885, 48.007223247000084 ], [ -123.318499655999972, 48.000058426000038 ], [ -123.340023544, 48.000405527000062 ], [ -123.340241618, 48.01459634600004 ], [ -123.350990386999925, 48.014608546 ], [ -123.351485012999902, 48.04344830900002 ], [ -123.350073494999876, 48.043456312000067 ], [ -123.350125134, 48.044404721000021 ], [ -123.350166375999962, 48.044553129000036 ], [ -123.350204454999982, 48.044636723000025 ], [ -123.350206839999899, 48.044889956000112 ], [ -123.350142429999934, 48.045251797000027 ], [ -123.349945820999892, 48.045592109000026 ], [ -123.349774080000017, 48.045745276 ], [ -123.349332055999909, 48.045813428000052 ], [ -123.348793667999971, 48.045997262000071 ], [ -123.348213723999933, 48.04602626100008 ], [ -123.347671680999952, 48.046025114000066 ], [ -123.347425934999961, 48.046050042000083 ], [ -123.347212476999985, 48.046134263000042 ], [ -123.347023699, 48.046242284000087 ], [ -123.347012305999925, 48.046307505000065 ], [ -123.346938716999958, 48.046387031000073 ], [ -123.346960127999978, 48.04653261900004 ], [ -123.347056968, 48.046631211000026 ], [ -123.347625403999942, 48.046859011000052 ], [ -123.347750153999954, 48.046937448000058 ], [ -123.347791245999957, 48.046988491000022 ], [ -123.347804426999929, 48.047059601000043 ], [ -123.347794201999974, 48.04715402500004 ], [ -123.347765095999932, 48.047243977000022 ], [ -123.347700735999979, 48.047313531 ], [ -123.347652514999965, 48.047415216000068 ], [ -123.347474119999958, 48.047636667000084 ], [ -123.347407597999947, 48.047761553000029 ], [ -123.347370773999941, 48.04779810200003 ], [ -123.347280825999917, 48.04804033 ], [ -123.347280910999956, 48.048629612000084 ], [ -123.347340717999884, 48.048865300000053 ], [ -123.34737892, 48.048961920000046 ], [ -123.347402806, 48.049152968000044 ], [ -123.347459245999943, 48.04921987400008 ], [ -123.347749906999965, 48.049413218 ], [ -123.348329016999983, 48.049481696000065 ], [ -123.348868007, 48.049602994000068 ], [ -123.349680577999905, 48.049682546999989 ], [ -123.349742923999926, 48.049765608000023 ], [ -123.349740242999928, 48.04991506600004 ], [ -123.349676359999989, 48.049994381000033 ], [ -123.34949832700002, 48.050118456000085 ], [ -123.349103792999969, 48.050269908000097 ], [ -123.348362809999955, 48.050667666000059 ], [ -123.34801090199997, 48.050802064000074 ], [ -123.347763583999935, 48.05098928400011 ], [ -123.347731719999942, 48.051132867 ], [ -123.347872369999948, 48.0513326700001 ], [ -123.348057151999939, 48.051546162000093 ], [ -123.348277342999964, 48.051693993000065 ], [ -123.348443289000016, 48.051914412 ], [ -123.348440019999941, 48.052151483000081 ], [ -123.34832253, 48.05222220100007 ], [ -123.348018426999957, 48.052340894000032 ], [ -123.347929324999953, 48.05240130300006 ], [ -123.347923889999933, 48.052489108000046 ], [ -123.348043218999948, 48.052655349000119 ], [ -123.348627174999976, 48.053100348000072 ], [ -123.348935868999931, 48.053578979000065 ], [ -123.348970682999962, 48.053695129000076 ], [ -123.349422229999945, 48.054313512000085 ], [ -123.349555712999958, 48.054476185000041 ], [ -123.349911159999976, 48.055000845000031 ], [ -123.349946328999934, 48.055229016000077 ], [ -123.349953873999965, 48.055582764000036 ], [ -123.349862527999917, 48.055696795000053 ], [ -123.349769034999937, 48.055861188000073 ], [ -123.349702407, 48.055989249 ], [ -123.349678191999971, 48.056090408000024 ], [ -123.349557541999943, 48.056300910000033 ], [ -123.349519806000032, 48.056512765000072 ], [ -123.349429131, 48.056834552000041 ], [ -123.349363716999989, 48.056887929000034 ], [ -123.349378115000022, 48.057183069000111 ], [ -123.349271556, 48.05728937700011 ], [ -123.349121602999915, 48.057386779000083 ], [ -123.349007375, 48.05742502500005 ], [ -123.34891826599997, 48.057485436000071 ], [ -123.34852003, 48.057656507000019 ], [ -123.348402790999984, 48.057748391000082 ], [ -123.348163662, 48.05789968800007 ], [ -123.348012246, 48.057977663000038 ], [ -123.348028061999955, 48.058097487000097 ], [ -123.348178053999902, 48.058194829000058 ], [ -123.348304732999935, 48.058312223 ], [ -123.348434475, 48.058497693000071 ], [ -123.348661263999915, 48.058664836000048 ], [ -123.348951424999953, 48.058962074000036 ], [ -123.349158393999957, 48.059330907000096 ], [ -123.349256523999898, 48.059455354000086 ], [ -123.349355499999916, 48.059696698000081 ], [ -123.349376212999957, 48.059827729000084 ], [ -123.349471447000028, 48.060091954 ], [ -123.349495183999949, 48.060578460000023 ], [ -123.349459482, 48.060837327000037 ], [ -123.349399918999936, 48.061010746000086 ], [ -123.349262925999966, 48.061169578 ], [ -123.349111661, 48.061250808000054 ], [ -123.348560294999956, 48.061470750000048 ], [ -123.348163472999985, 48.061482704000056 ], [ -123.347682431999971, 48.061450988000011 ], [ -123.347522867, 48.061451226000031 ], [ -123.347199007999919, 48.061464835 ], [ -123.347075693999926, 48.061516221000076 ], [ -123.346868696999948, 48.061744811000075 ], [ -123.346839342999928, 48.061829883 ], [ -123.346789824, 48.062702761000018 ], [ -123.346793882999975, 48.062890986000042 ], [ -123.346838326999901, 48.063005298000093 ], [ -123.346855134, 48.063245186000039 ], [ -123.346912647999943, 48.063438753000071 ], [ -123.346983018999964, 48.063791124000012 ], [ -123.347011239999901, 48.063871676000097 ], [ -123.347038244999936, 48.064525338000095 ], [ -123.34723141799995, 48.064511336000095 ], [ -123.34779934599996, 48.064336553000011 ], [ -123.347925354999973, 48.064340306000055 ], [ -123.348043590999964, 48.064373458000055 ], [ -123.348849591, 48.064816850000049 ], [ -123.349006939999938, 48.064865344000076 ], [ -123.349108350999984, 48.06495723400004 ], [ -123.349238967999966, 48.065348912000026 ], [ -123.349270685999898, 48.065406673 ], [ -123.349400908999968, 48.065491503000011 ], [ -123.349532623999892, 48.065517758000048 ], [ -123.349737878999932, 48.065646458000046 ], [ -123.349727017999925, 48.065727867000113 ], [ -123.349390983000035, 48.065985176 ], [ -123.349318498999963, 48.066082592000072 ], [ -123.349089641999925, 48.066256465000066 ], [ -123.348988702999947, 48.066378763000067 ], [ -123.348932501, 48.066516365999988 ], [ -123.348938833, 48.066646169000073 ], [ -123.349010492999966, 48.066725769000087 ], [ -123.349028437999948, 48.066800033000014 ], [ -123.3490023089999, 48.066956433000072 ], [ -123.348799270999976, 48.067261225000067 ], [ -123.348756778000038, 48.067375812000044 ], [ -123.348776259999923, 48.067586413000065 ], [ -123.34882268799997, 48.067741223000084 ], [ -123.34894716499997, 48.067907351000052 ], [ -123.349554255000029, 48.068340526000021 ], [ -123.349672764, 48.06857818500005 ], [ -123.349732036999967, 48.068807455000098 ], [ -123.3497923, 48.068952190000097 ], [ -123.349952188999964, 48.069146769000028 ], [ -123.350151578999956, 48.069458938000011 ], [ -123.350603994000011, 48.070091956000077 ], [ -123.350787412999978, 48.070281133 ], [ -123.350799549999948, 48.070430179 ], [ -123.350851360999968, 48.070490758000027 ], [ -123.350935592000027, 48.07053433800008 ], [ -123.351141507, 48.070581764000096 ], [ -123.351270583999934, 48.070543276000102 ], [ -123.351379258999941, 48.070401264000076 ], [ -123.351443680999949, 48.070227737000017 ], [ -123.351532177999957, 48.070154395 ], [ -123.351658451999953, 48.070158054000025 ], [ -123.351895138999978, 48.070243803000025 ], [ -123.351953773999966, 48.070255545000101 ], [ -123.352142589999943, 48.070251402000025 ], [ -123.352314519999922, 48.070299571000106 ], [ -123.35241267899994, 48.070424017000015 ], [ -123.352466579999941, 48.070543005000083 ], [ -123.352629751000023, 48.070705021999984 ], [ -123.352676098999964, 48.070768890000039 ], [ -123.352721273999933, 48.070897755000033 ], [ -123.352717464000023, 48.07100823900003 ], [ -123.352213352999954, 48.071113502000038 ], [ -123.351675641999975, 48.071206471000011 ], [ -123.351069938999927, 48.071399929000023 ], [ -123.35010869, 48.071661352000071 ], [ -123.349924616999942, 48.071762758000027 ], [ -123.349770272999947, 48.072069740000117 ], [ -123.349755538, 48.07216092100002 ], [ -123.349892809999972, 48.07239499500011 ], [ -123.350139952999911, 48.072694803000047 ], [ -123.351784386999981, 48.073924986000058 ], [ -123.352303667999976, 48.074244789000041 ], [ -123.352828480999932, 48.074473528000041 ], [ -123.354002927999971, 48.074616600000077 ], [ -123.354714187999917, 48.074891550000082 ], [ -123.355207, 48.075260608000072 ], [ -123.355696000999984, 48.075745034000093 ], [ -123.355841334000019, 48.075949696000059 ], [ -123.356090056, 48.076369543000077 ], [ -123.35622964599996, 48.076655417000012 ], [ -123.356381294999935, 48.076785198 ], [ -123.357106301999977, 48.076848889000033 ], [ -123.358208909999973, 48.07699667 ], [ -123.358672435999935, 48.077158589000071 ], [ -123.358856138999982, 48.077258433000075 ], [ -123.358985738999934, 48.077726408000075 ], [ -123.358812864999933, 48.078056525000129 ], [ -123.358601737999976, 48.078389111000014 ], [ -123.358556369999931, 48.078549194000033 ], [ -123.358560472999926, 48.078737418000053 ], [ -123.358634688999928, 48.078873785000063 ], [ -123.359003480000013, 48.07907018600006 ], [ -123.359082360999949, 48.079406163000051 ], [ -123.359235473999888, 48.079753450000027 ], [ -123.359380195999975, 48.080138294000058 ], [ -123.359643596999931, 48.080564324000051 ], [ -123.359862785999951, 48.081090414000059 ], [ -123.35999055799995, 48.081525943000038 ], [ -123.360057486999949, 48.08170138400007 ], [ -123.360057621999886, 48.081808523000049 ], [ -123.360108414999928, 48.081947033000063 ], [ -123.359921193999952, 48.082480438000054 ], [ -123.359353653000014, 48.08295878200002 ], [ -123.358949103999947, 48.083208024000029 ], [ -123.358790785999986, 48.083438735000115 ], [ -123.358764916999974, 48.083600017000059 ], [ -123.358796884999961, 48.083761655 ], [ -123.358920383999958, 48.083911596000064 ], [ -123.359095861999904, 48.084031078000102 ], [ -123.359258294999904, 48.08408270400011 ], [ -123.359612857999977, 48.08409761700009 ], [ -123.360371403000016, 48.084149152000094 ], [ -123.360765989999962, 48.084192409000117 ], [ -123.36120426599993, 48.084531787000053 ], [ -123.361212689999888, 48.084901801000022 ], [ -123.360955361999942, 48.085189894000067 ], [ -123.360384230999898, 48.085303180000011 ], [ -123.359706542999987, 48.085314836000094 ], [ -123.358545685999928, 48.085663429000071 ], [ -123.358213948999961, 48.08591098200003 ], [ -123.357968080999939, 48.08622975800003 ], [ -123.35776338999996, 48.086704999000098 ], [ -123.357864096999933, 48.087564895000099 ], [ -123.357995747999894, 48.087891570000039 ], [ -123.358358359, 48.088263480000073 ], [ -123.358885627999911, 48.088737282000025 ], [ -123.359009851999957, 48.089094976000048 ], [ -123.358850467999943, 48.089309509000024 ], [ -123.358338024999981, 48.089530178000075 ], [ -123.357568877999924, 48.089754859000024 ], [ -123.357030701000028, 48.089951831000064 ], [ -123.356892506999941, 48.090097667000052 ], [ -123.356903146999926, 48.090314974000094 ], [ -123.357273892999956, 48.091155907000029 ], [ -123.357343373999967, 48.091477435000094 ], [ -123.357262197999958, 48.09190461700009 ], [ -123.356727178999961, 48.092354715000013 ], [ -123.356543900999981, 48.092478827999976 ], [ -123.356128514999966, 48.092707124000043 ], [ -123.355420129999956, 48.092888284000026 ], [ -123.355161274999986, 48.092942654000076 ], [ -123.35493628499988, 48.093009309000088 ], [ -123.354851913999951, 48.093063104000102 ], [ -123.354857434999971, 48.093468837000017 ], [ -123.355030766000013, 48.09364854400004 ], [ -123.355213664999923, 48.094316608000078 ], [ -123.355385732999977, 48.094752797000098 ], [ -123.355517653999968, 48.09498038400001 ], [ -123.355611173999989, 48.09510827200004 ], [ -123.355893723999927, 48.095339064000029 ], [ -123.35612258, 48.09545575 ], [ -123.356804121999986, 48.095619402000047 ], [ -123.356883421, 48.095650145000015 ], [ -123.357063929, 48.095970862000073 ], [ -123.35740531, 48.096503956000049 ], [ -123.357355920999893, 48.096686839 ], [ -123.356983568999951, 48.096906136000015 ], [ -123.356898909999941, 48.097157937000063 ], [ -123.356870528999963, 48.097566044000075 ], [ -123.356583436999955, 48.098434460000085 ], [ -123.356598510999973, 48.098841611000118 ], [ -123.356632741999917, 48.099038944 ], [ -123.356760677999958, 48.099289331000108 ], [ -123.356763146999981, 48.099527903000052 ], [ -123.356720140999983, 48.099736703000097 ], [ -123.356598907, 48.100041336000075 ], [ -123.356501832999939, 48.100332410000092 ], [ -123.356498931999951, 48.100571100000131 ], [ -123.356610211999964, 48.100763482000062 ], [ -123.35662961599995, 48.100961140000067 ], [ -123.356861531999954, 48.101290081000109 ], [ -123.356983429000024, 48.101392134000022 ], [ -123.357344285999929, 48.101820486000015 ], [ -123.357397381999988, 48.101911719000022 ], [ -123.357616655, 48.102406781000035 ], [ -123.357489356999935, 48.102963804000041 ], [ -123.357492478999944, 48.103194733000052 ], [ -123.357420195999964, 48.103370149000071 ], [ -123.357314656999975, 48.103535495000074 ], [ -123.357225487999969, 48.103622226000063 ], [ -123.356930032999941, 48.103453005000098 ], [ -123.356677443000024, 48.103322785000067 ], [ -123.356328034999933, 48.103175810000074 ], [ -123.356025695, 48.103074510000035 ], [ -123.355731553999988, 48.103021006000048 ], [ -123.355302676999955, 48.102963899000038 ], [ -123.354761332999914, 48.102944587000039 ], [ -123.35433017999992, 48.102989239000088 ], [ -123.353892576, 48.103078516000018 ], [ -123.3535031709999, 48.103187740000088 ], [ -123.353096781999966, 48.103330568000089 ], [ -123.35270784, 48.103534890000027 ], [ -123.352356440999984, 48.103762925000069 ], [ -123.35197675499991, 48.104050926000099 ], [ -123.349813377, 48.105924145000095 ], [ -123.349522918000019, 48.106132411000011 ], [ -123.349139862999948, 48.106307943000054 ], [ -123.348749686999966, 48.106429150000046 ], [ -123.348287181999964, 48.106532222000048 ], [ -123.347758438999961, 48.10657526500006 ], [ -123.347386162999953, 48.106565036000106 ], [ -123.346948905, 48.106537477000046 ], [ -123.346739062999987, 48.106500855000029 ], [ -123.346409785, 48.106420354000115 ], [ -123.345996494, 48.106249026000064 ], [ -123.34564543, 48.106039622000061 ] ] ] } },
{ "type": "Feature", "properties": { "COUNTY": "Clallam", "PRECCODE": 222, "PRECNAME": "Dungeness East 222", "PRECINCT": "Clallam 222", "DESCRIPTIO": "Dungeness Southeast (Kirner Road, Dungeness Heights, Madrona Terrace)", "OFFICE": "PUD Commissioner District 2", "JURISDICTION": "Public Utility", "RACE": "Clallam County PUD Commissioner District 2", "Name_1": "Write-In", "Party_1": "None_6", "Votes_1": "340", "Name_2": "Missi Baker", "Party_2": "None_5", "Votes_2": "4", "Name_3": "Randy Brackett", "Party_3": "None_2", "Votes_3": "2", "Name_4": "Timothy Dalton", "Party_4": "None_4", "Votes_4": "2", "Name_5": null, "Party_5": null, "Votes_5": "0", "Name_6": null, "Party_6": null, "Votes_6": "0", "Name_7": null, "Party_7": null, "Votes_7": "0", "Votes_total": "348", "Pct_1": 97.7, "Pct_2": 1.15, "Pct_3": 0.57, "Pct_4": 0.57, "Pct_5": 0.0, "Pct_6": 0.0, "Pct_7": 0.0, "Margin": 96.55 }, "geometry": { "type": "Polygon", "coordinates": [ [ [ -123.129573142999945, 48.143286725000046 ], [ -123.12941809299997, 48.143295393000074 ], [ -123.129295368999976, 48.143330465000076 ], [ -123.128978642, 48.143465191000075 ], [ -123.128037218999964, 48.142915672000072 ], [ -123.126998752999953, 48.142407080000048 ], [ -123.126543007999956, 48.142249982000067 ], [ -123.125332390999972, 48.141897304000054 ], [ -123.124641244999964, 48.141651323000069 ], [ -123.123720118, 48.141234620000034 ], [ -123.123471829999971, 48.141104297000027 ], [ -123.123229139999978, 48.14096255100003 ], [ -123.122896987, 48.140735647000035 ], [ -123.122517624999944, 48.140412680000047 ], [ -123.12218117099998, 48.140088858000063 ], [ -123.121893145999977, 48.139767662000047 ], [ -123.121667884999979, 48.13940929100005 ], [ -123.121318299999984, 48.138783892000056 ], [ -123.121277028999955, 48.138675919000043 ], [ -123.121215335999977, 48.138405176000049 ], [ -123.121064624999974, 48.137912393000072 ], [ -123.120313990999989, 48.135875935000058 ], [ -123.11966106999995, 48.134588391000079 ], [ -123.11903902799996, 48.133512194000041 ], [ -123.118767729999959, 48.133082881000064 ], [ -123.118235286999919, 48.132331828000069 ], [ -123.117836055999987, 48.131800870000056 ], [ -123.117161840999955, 48.130998742000031 ], [ -123.116492578999953, 48.13030788300005 ], [ -123.115447224, 48.129317464000053 ], [ -123.115087428999971, 48.128995738000064 ], [ -123.114114311, 48.128228269000033 ], [ -123.113059527999951, 48.127433670000073 ], [ -123.112075674999971, 48.126808725000046 ], [ -123.110276229999954, 48.125775168000068 ], [ -123.109038190999982, 48.125081167000076 ], [ -123.107845769999983, 48.124447325000062 ], [ -123.106590601999955, 48.12372848900003 ], [ -123.106082323999928, 48.123397244000046 ], [ -123.104338139999953, 48.122052162000053 ], [ -123.103912522999948, 48.121769571000073 ], [ -123.103105950999961, 48.121328979000054 ], [ -123.102906965999964, 48.121199392000044 ], [ -123.10275549, 48.121076222000063 ], [ -123.10254162399994, 48.120839039000032 ], [ -123.102441117999916, 48.120680678000042 ], [ -123.102260262999948, 48.120273231000056 ], [ -123.10221336499994, 48.12009821700007 ], [ -123.102200440999965, 48.119988882000023 ], [ -123.102180514999958, 48.115982988000034 ], [ -123.123913194999943, 48.116140686000044 ], [ -123.134860579999952, 48.116210653000046 ], [ -123.149531895999985, 48.116165818000063 ], [ -123.149623543999923, 48.116278037000022 ], [ -123.149681876999978, 48.116390366000076 ], [ -123.149718647999975, 48.116479790000035 ], [ -123.149767446999988, 48.116727614000062 ], [ -123.149777525, 48.117002232000061 ], [ -123.149738811999967, 48.117168243000037 ], [ -123.149683321999987, 48.117246084000044 ], [ -123.149537738999953, 48.117394434000055 ], [ -123.149313917999962, 48.117580805000038 ], [ -123.14858200799992, 48.118027560000023 ], [ -123.148199815999988, 48.118225720000055 ], [ -123.147715780999988, 48.118452117000061 ], [ -123.147194698999968, 48.118724491000087 ], [ -123.147046652999961, 48.118832224000073 ], [ -123.146934672999961, 48.11895452400006 ], [ -123.146904147999962, 48.119004901000032 ], [ -123.14686034999994, 48.119133403000035 ], [ -123.146854674999986, 48.119287868000072 ], [ -123.146802657999942, 48.119479641000055 ], [ -123.146625214, 48.119821115000036 ], [ -123.14654497, 48.119932696000042 ], [ -123.146223459999959, 48.12028876100004 ], [ -123.146160978999959, 48.120406418000073 ], [ -123.146146940999955, 48.120530442000074 ], [ -123.146169898999986, 48.120923484000059 ], [ -123.146146188999978, 48.121224139000041 ], [ -123.146115870999949, 48.121396314000037 ], [ -123.146049067, 48.121565537000038 ], [ -123.145931245999961, 48.121789782000057 ], [ -123.14579190299996, 48.122209675000079 ], [ -123.145732749, 48.122316179000045 ], [ -123.145680364, 48.122373115000073 ], [ -123.145499580999982, 48.122530644000051 ], [ -123.145301149999966, 48.122662458000036 ], [ -123.145148278999955, 48.122727152000031 ], [ -123.144786934999971, 48.122822775000031 ], [ -123.144606666999948, 48.122841173000047 ], [ -123.144473921999975, 48.122835191000036 ], [ -123.143975095999949, 48.122747798000034 ], [ -123.143688433999941, 48.122731428000058 ], [ -123.143616288999979, 48.122731827000045 ], [ -123.143502601999955, 48.122751411000088 ], [ -123.143353881999971, 48.122797738000031 ], [ -123.143256261999966, 48.122851162000082 ], [ -123.14311686299996, 48.122967566000057 ], [ -123.14295019599993, 48.123169573000041 ], [ -123.142824756999971, 48.123395747000068 ], [ -123.142768040999954, 48.123573745000037 ], [ -123.142769886999986, 48.123715111000081 ], [ -123.14279450399998, 48.123810967000047 ], [ -123.142868978999957, 48.123987204000052 ], [ -123.142934278999959, 48.124095405000048 ], [ -123.143098593999966, 48.124270656000078 ], [ -123.143272181999976, 48.124414771000033 ], [ -123.143705762999943, 48.124676491000059 ], [ -123.143790898999967, 48.124752575000059 ], [ -123.14381631599997, 48.124806134000039 ], [ -123.143808074, 48.124933927000029 ], [ -123.143771165999965, 48.125053032000032 ], [ -123.143585111, 48.125393768000045 ], [ -123.143496300999971, 48.125614590000048 ], [ -123.143451194999969, 48.125786768000069 ], [ -123.14343701699994, 48.125949399000035 ], [ -123.143461370999916, 48.126029923000026 ], [ -123.143529441999988, 48.126144968000062 ], [ -123.143571222, 48.126259402000073 ], [ -123.14359981399997, 48.126962693000053 ], [ -123.143774553999947, 48.128030347000049 ], [ -123.143791904999915, 48.128232513000064 ], [ -123.143922821, 48.128772684000062 ], [ -123.144117906999938, 48.129316326000037 ], [ -123.144293279999957, 48.129896075000026 ], [ -123.144366885999958, 48.130268366000053 ], [ -123.144384450999965, 48.130501324000079 ], [ -123.14438008999997, 48.130641873000059 ], [ -123.144316273999948, 48.13085397400004 ], [ -123.144221320999975, 48.131004205000067 ], [ -123.144074823999944, 48.131171896000069 ], [ -123.143938710999976, 48.13129084500008 ], [ -123.143819434999926, 48.131376455000058 ], [ -123.143574786999977, 48.13151046400003 ], [ -123.142595490999966, 48.131969265000059 ], [ -123.141979716, 48.132279580000045 ], [ -123.141771024, 48.132404055000045 ], [ -123.141636088, 48.132499220000057 ], [ -123.141504249999954, 48.132644779000024 ], [ -123.141425417999983, 48.132779572000054 ], [ -123.141390533999967, 48.132907759000034 ], [ -123.141375651999965, 48.133379125000033 ], [ -123.141125017999968, 48.135221113000064 ], [ -123.141064848999946, 48.135429109000029 ], [ -123.140989442999967, 48.135567748000021 ], [ -123.140906574999988, 48.135663471000036 ], [ -123.140774206999964, 48.13578749900006 ], [ -123.139833711999984, 48.13640644000003 ], [ -123.139613638999947, 48.136575124000039 ], [ -123.139357564999969, 48.13681357300004 ], [ -123.138807480999958, 48.137555484000082 ], [ -123.138663660999924, 48.137679785000039 ], [ -123.138565829999919, 48.137740851000046 ], [ -123.138412113999934, 48.137815628000055 ], [ -123.138297186999964, 48.137840684000018 ], [ -123.138170705999983, 48.137853473000064 ], [ -123.137967610999979, 48.137862774000041 ], [ -123.137740033999989, 48.137851925000056 ], [ -123.137486199999955, 48.137813383000037 ], [ -123.137009805, 48.137671786000055 ], [ -123.136839806999944, 48.137629771000036 ], [ -123.136716194999977, 48.137613492000071 ], [ -123.136340280999931, 48.137614195000026 ], [ -123.136111652999958, 48.137640461000039 ], [ -123.135881376999976, 48.137693818000052 ], [ -123.135647818999971, 48.137767741000069 ], [ -123.134859236999944, 48.138091453000072 ], [ -123.134076889999974, 48.138428764000018 ], [ -123.133854238999959, 48.138540353000053 ], [ -123.133561709, 48.138709708000071 ], [ -123.13346484299997, 48.138794919000077 ], [ -123.133388132, 48.138924142000057 ], [ -123.133368724999968, 48.138982021000061 ], [ -123.133359264999967, 48.139069206000045 ], [ -123.133375395999963, 48.139234495000039 ], [ -123.133434080999933, 48.139389023000028 ], [ -123.133578287999967, 48.139570629000048 ], [ -123.133685265999986, 48.139667602000031 ], [ -123.133858489999952, 48.13979005300007 ], [ -123.134536216999962, 48.140173717000039 ], [ -123.134685514999944, 48.140285865000074 ], [ -123.134770666999955, 48.140366798000052 ], [ -123.134842925999976, 48.140458188000018 ], [ -123.134954377, 48.140664566000055 ], [ -123.134997187999929, 48.140776335000055 ], [ -123.135028063999968, 48.140963921000036 ], [ -123.135006532999952, 48.141114468000069 ], [ -123.134982993, 48.141177129000027 ], [ -123.134878406999988, 48.141357683000081 ], [ -123.134809386999947, 48.141433158000034 ], [ -123.134715384999978, 48.141510378000078 ], [ -123.134404917999944, 48.141722045000044 ], [ -123.133988387999977, 48.141965780000078 ], [ -123.133095593999911, 48.142419411000049 ], [ -123.132949196999945, 48.142486619000074 ], [ -123.13281669999995, 48.142529053000025 ], [ -123.132176365999968, 48.142674038000052 ], [ -123.131966258999952, 48.142762702000027 ], [ -123.131861613999931, 48.142832009000074 ], [ -123.131741301999966, 48.142936038000073 ], [ -123.131481586999939, 48.143271219000042 ], [ -123.131290896999985, 48.143599462000047 ], [ -123.131250734999981, 48.143641923000068 ], [ -123.131146890999958, 48.143688387000054 ], [ -123.13106856099995, 48.143707068000019 ], [ -123.130987486999985, 48.143712876000045 ], [ -123.130878136999968, 48.143707832000082 ], [ -123.130779510999957, 48.143686729000073 ], [ -123.130439166999935, 48.143567318000059 ], [ -123.130073516, 48.143405186000052 ], [ -123.129922774999955, 48.143351942000031 ], [ -123.129706791999979, 48.14330523000006 ], [ -123.129573142999945, 48.143286725000046 ] ] ] } },
{ "type": "Feature", "properties": { "COUNTY": "Clallam", "PRECCODE": 223, "PRECNAME": "Dungeness West 223", "PRECINCT": "Clallam 223", "DESCRIPTIO": "Dungeness Far Northwest (Mains Farm, Dungeness National Wildlife Refuge)", "OFFICE": "PUD Commissioner District 2", "JURISDICTION": "Public Utility", "RACE": "Clallam County PUD Commissioner District 2", "Name_1": "Rick Paschall", "Party_1": "None_1", "Votes_1": "70", "Name_2": "Missi Baker", "Party_2": "None_5", "Votes_2": "10", "Name_3": "Randy Brackett", "Party_3": "None_2", "Votes_3": "1", "Name_4": "Timothy Dalton", "Party_4": "None_4", "Votes_4": "1", "Name_5": "Write-In", "Party_5": "None_6", "Votes_5": "1", "Name_6": null, "Party_6": null, "Votes_6": "0", "Name_7": null, "Party_7": null, "Votes_7": "0", "Votes_total": "83", "Pct_1": 84.34, "Pct_2": 12.05, "Pct_3": 1.2, "Pct_4": 1.2, "Pct_5": 1.2, "Pct_6": 0.0, "Pct_7": 0.0, "Margin": 72.29 }, "geometry": { "type": "Polygon", "coordinates": [ [ [ -123.16687262471406, 48.148815007291525 ], [ -123.166538615999983, 48.137580955000033 ], [ -123.166323452999947, 48.133096571000067 ], [ -123.166911356999961, 48.131510760000026 ], [ -123.167086382999983, 48.131137826000035 ], [ -123.167233743999986, 48.130623083000039 ], [ -123.189097518999972, 48.130559746000067 ], [ -123.199185974999963, 48.130477290000037 ], [ -123.210796388767122, 48.130570266585693 ], [ -123.1911575, 48.1434659 ], [ -123.1797515, 48.1537686 ], [ -123.1662951, 48.16403 ], [ -123.1520113, 48.1731485 ], [ -123.144594199999986, 48.1759618 ], [ -123.131700900000013, 48.17632540000001 ], [ -123.1251842, 48.1776404 ], [ -123.1131728, 48.1822777 ], [ -123.1015155, 48.1848249 ], [ -123.100405399999971, 48.1834318 ], [ -123.1010247, 48.1826888 ], [ -123.109451300000018, 48.1809755 ], [ -123.1158917, 48.1805813 ], [ -123.124901, 48.1758772 ], [ -123.124537800000013, 48.1764319 ], [ -123.126962500000019, 48.175728 ], [ -123.1244954, 48.1774747 ], [ -123.1327398, 48.1749329 ], [ -123.1386906, 48.1676106 ], [ -123.1419445, 48.1574501 ], [ -123.143454300000016, 48.1564662 ], [ -123.1449699, 48.1570349 ], [ -123.145311699999965, 48.1586202 ], [ -123.143681500000014, 48.1599979 ], [ -123.142130900000012, 48.1644167 ], [ -123.142466199999973, 48.1705313 ], [ -123.141979599999971, 48.1728373 ], [ -123.1407245, 48.1738943 ], [ -123.1413795, 48.1729469 ], [ -123.1404408, 48.1726045 ], [ -123.141281, 48.1723555 ], [ -123.1399757, 48.1716203 ], [ -123.1421025, 48.1702252 ], [ -123.1413439, 48.1698274 ], [ -123.142151699999971, 48.168351 ], [ -123.1415703, 48.1661229 ], [ -123.136808899999977, 48.173344899999989 ], [ -123.1361735, 48.1730986 ], [ -123.13420109999997, 48.1754261 ], [ -123.1409559, 48.175507 ], [ -123.1387318, 48.1735967 ], [ -123.140705, 48.1752023 ], [ -123.1432382, 48.1756687 ], [ -123.1502852, 48.173306 ], [ -123.165120799999968, 48.1641453 ], [ -123.179387899999966, 48.1532515 ], [ -123.1865352, 48.1460917 ], [ -123.1768161, 48.1462548 ], [ -123.16687262471406, 48.148815007291525 ] ] ] } },
{ "type": "Feature", "properties": { "COUNTY": "Clallam", "PRECCODE": 232, "PRECNAME": "Fairview 232", "PRECINCT": "Clallam 232", "DESCRIPTIO": "Port Angeles East CDP North (Larch Avenue, Strait View Drive), Port Angeles Rural Far East (Fairview)", "OFFICE": "PUD Commissioner District 2", "JURISDICTION": "Public Utility", "RACE": "Clallam County PUD Commissioner District 2", "Name_1": "Timothy Dalton", "Party_1": "None_4", "Votes_1": "585", "Name_2": "Missi Baker", "Party_2": "None_5", "Votes_2": "239", "Name_3": "Rick Paschall", "Party_3": "None_1", "Votes_3": "132", "Name_4": "Randy Brackett", "Party_4": "None_2", "Votes_4": "8", "Name_5": "Write-In", "Party_5": "None_6", "Votes_5": "4", "Name_6": null, "Party_6": null, "Votes_6": "0", "Name_7": null, "Party_7": null, "Votes_7": "0", "Votes_total": "968", "Pct_1": 60.43, "Pct_2": 24.69, "Pct_3": 13.64, "Pct_4": 0.83, "Pct_5": 0.41, "Pct_6": 0.0, "Pct_7": 0.0, "Margin": 35.74 }, "geometry": { "type": "Polygon", "coordinates": [ [ [ -123.318226291999977, 48.096775283000028 ], [ -123.331048287999977, 48.09894715000005 ], [ -123.333845059999973, 48.099374205000025 ], [ -123.334186091999968, 48.099438267 ], [ -123.334556990999943, 48.099531246000062 ], [ -123.33503690400002, 48.099685222000105 ], [ -123.336450062999944, 48.100252797000067 ], [ -123.338654862999988, 48.101235387000017 ], [ -123.339377035999945, 48.101586957000066 ], [ -123.33989938, 48.101891641000051 ], [ -123.340325395, 48.102167479000038 ], [ -123.340767073, 48.102473757000077 ], [ -123.345671110999973, 48.106058660000031 ], [ -123.345996494, 48.106249026000064 ], [ -123.346409785, 48.106420354000115 ], [ -123.346739062999987, 48.106500855000029 ], [ -123.346948905, 48.106537477000046 ], [ -123.347386162999953, 48.106565036000106 ], [ -123.347758438999961, 48.10657526500006 ], [ -123.348287181999964, 48.106532222000048 ], [ -123.348749686999966, 48.106429150000046 ], [ -123.349139862999948, 48.106307943000054 ], [ -123.349522918000019, 48.106132411000011 ], [ -123.349813377, 48.105924145000095 ], [ -123.35197675499991, 48.104050926000099 ], [ -123.352356440999984, 48.103762925000069 ], [ -123.35270784, 48.103534890000027 ], [ -123.353096781999966, 48.103330568000089 ], [ -123.3535031709999, 48.103187740000088 ], [ -123.353892576, 48.103078516000018 ], [ -123.35433017999992, 48.102989239000088 ], [ -123.354761332999914, 48.102944587000039 ], [ -123.355302676999955, 48.102963899000038 ], [ -123.355731553999988, 48.103021006000048 ], [ -123.356025695, 48.103074510000035 ], [ -123.356328034999933, 48.103175810000074 ], [ -123.356677443000024, 48.103322785000067 ], [ -123.356930032999941, 48.103453005000098 ], [ -123.357328338999963, 48.103683568000086 ], [ -123.357579360000017, 48.103963701000069 ], [ -123.357838369999939, 48.104306651000023 ], [ -123.357952638000015, 48.104570684000024 ], [ -123.358006629000016, 48.104777351000074 ], [ -123.358033911, 48.105091571000045 ], [ -123.358013550999971, 48.10531227900001 ], [ -123.357972234999949, 48.105524603000092 ], [ -123.35790274699994, 48.105743656000087 ], [ -123.35775607, 48.106113702000066 ], [ -123.357347359999892, 48.107061118000018 ], [ -123.357304192999919, 48.107465278000063 ], [ -123.357314594999949, 48.107677626000054 ], [ -123.357339094999929, 48.107855077000082 ], [ -123.357385075999943, 48.108018204000082 ], [ -123.357459922, 48.108162697000047 ], [ -123.357596814999965, 48.10835988300002 ], [ -123.357744133999972, 48.108502464 ], [ -123.358063987, 48.108771637000068 ], [ -123.358262478999961, 48.108899803 ], [ -123.358511461999967, 48.109026808000038 ], [ -123.358779818999977, 48.109138442000045 ], [ -123.358996881999985, 48.109204256000062 ], [ -123.359615450999968, 48.109321271000063 ], [ -123.35984842499991, 48.10934238300004 ], [ -123.36015033399994, 48.10935462300008 ], [ -123.360339577999966, 48.10935105500004 ], [ -123.360961350999972, 48.109273226 ], [ -123.36141038, 48.109153438000043 ], [ -123.361887642999989, 48.108973205000055 ], [ -123.362180855, 48.108851060000063 ], [ -123.363192791999964, 48.108397969000059 ], [ -123.370039709999986, 48.105285951000056 ], [ -123.370463488999988, 48.105132683000072 ], [ -123.370945204999956, 48.104998888000104 ], [ -123.371311113999965, 48.104913746000079 ], [ -123.371641800999953, 48.104882609000079 ], [ -123.371955061000023, 48.104866601 ], [ -123.373012124999903, 48.104861317 ], [ -123.376915335999925, 48.104878424000084 ], [ -123.37758408900001, 48.104876983000054 ], [ -123.37814249399996, 48.104864612 ], [ -123.378829207999914, 48.104822651000092 ], [ -123.380950750999943, 48.104589343000065 ], [ -123.381954597999979, 48.104527465000089 ], [ -123.382789862999971, 48.104490265000038 ], [ -123.382895718999933, 48.104651607000065 ], [ -123.38296380999995, 48.104729382000102 ], [ -123.383261460000014, 48.104858288000017 ], [ -123.383414787999953, 48.104967170000052 ], [ -123.383446571999954, 48.105009494000093 ], [ -123.383468914999938, 48.105160969000018 ], [ -123.38348247499998, 48.105434955000035 ], [ -123.383571294999939, 48.10554364000005 ], [ -123.383740697999968, 48.105672136000024 ], [ -123.383947951999957, 48.10587239200008 ], [ -123.38401576699998, 48.106042743000053 ], [ -123.384194835999978, 48.106273367000043 ], [ -123.384346594, 48.106443483000078 ], [ -123.384440403, 48.106652857 ], [ -123.384500348999921, 48.107160499 ], [ -123.384555831999975, 48.107278153000038 ], [ -123.384558773999956, 48.107337573000066 ], [ -123.384948913, 48.107746937000016 ], [ -123.385175333999911, 48.108039336000054 ], [ -123.385440735000017, 48.10831766899998 ], [ -123.385567675999965, 48.108580821 ], [ -123.385629919999943, 48.108648867000028 ], [ -123.385693631, 48.10874653700003 ], [ -123.386010024999933, 48.109056822000042 ], [ -123.386302402999902, 48.109274982000052 ], [ -123.386410856999987, 48.109376714000035 ], [ -123.38655084699991, 48.109515632000068 ], [ -123.386632033999902, 48.109655942000053 ], [ -123.386724293999976, 48.10992157800009 ], [ -123.386830260999972, 48.110071195000032 ], [ -123.386934326999977, 48.11027545400006 ], [ -123.386969296999922, 48.110387048000064 ], [ -123.387252592999971, 48.110922637000044 ], [ -123.387313092999946, 48.111053549000047 ], [ -123.387383134999965, 48.111268421000055 ], [ -123.387462299999967, 48.111564091000012 ], [ -123.387485249999983, 48.111841124000101 ], [ -123.387597229999983, 48.112302951000039 ], [ -123.387582133999913, 48.112597373000057 ], [ -123.387545189999969, 48.112740309000074 ], [ -123.387639076, 48.113048851000023 ], [ -123.387661967999932, 48.113107828000103 ], [ -123.388088948999894, 48.113665077000036 ], [ -123.388346130999977, 48.114065817000061 ], [ -123.388344242033753, 48.11449479252704 ], [ -123.381589899999966, 48.1148931 ], [ -123.374224, 48.113861 ], [ -123.360803499999989, 48.1155014 ], [ -123.3526612, 48.1177214 ], [ -123.3490031, 48.1179576 ], [ -123.3442696, 48.1171387 ], [ -123.340601399999983, 48.1140381 ], [ -123.3378645, 48.1132485 ], [ -123.318252125238843, 48.113012415071566 ], [ -123.318226291999977, 48.096775283000028 ] ] ] } },
{ "type": "Feature", "properties": { "COUNTY": "Clallam", "PRECCODE": 240, "PRECNAME": "Jamestown 240", "PRECINCT": "Clallam 240", "DESCRIPTIO": "Dungeness Far East (Jamestown), Dungeness Northeast (Dungeness Fire Station)", "OFFICE": "PUD Commissioner District 2", "JURISDICTION": "Public Utility", "RACE": "Clallam County PUD Commissioner District 2", "Name_1": "Write-In", "Party_1": "None_6", "Votes_1": "79", "Name_2": "Timothy Dalton", "Party_2": "None_4", "Votes_2": "5", "Name_3": "Rick Paschall", "Party_3": "None_1", "Votes_3": "1", "Name_4": null, "Party_4": null, "Votes_4": "0", "Name_5": null, "Party_5": null, "Votes_5": "0", "Name_6": null, "Party_6": null, "Votes_6": "0", "Name_7": null, "Party_7": null, "Votes_7": "0", "Votes_total": "85", "Pct_1": 92.94, "Pct_2": 5.88, "Pct_3": 1.18, "Pct_4": 0.0, "Pct_5": 0.0, "Pct_6": 0.0, "Pct_7": 0.0, "Margin": 87.06 }, "geometry": { "type": "Polygon", "coordinates": [ [ [ -123.080602568999922, 48.115932757000039 ], [ -123.102180514999958, 48.115982988000034 ], [ -123.102200440999965, 48.119988882000023 ], [ -123.10221336499994, 48.12009821700007 ], [ -123.102260262999948, 48.120273231000056 ], [ -123.102407188999933, 48.120613621000068 ], [ -123.102474198999971, 48.120743789000073 ], [ -123.10268012899995, 48.120999595000058 ], [ -123.10275549, 48.121076222000063 ], [ -123.102906965999964, 48.121199392000044 ], [ -123.103105950999961, 48.121328979000054 ], [ -123.103912522999948, 48.121769571000073 ], [ -123.104338139999953, 48.122052162000053 ], [ -123.106082323999928, 48.123397244000046 ], [ -123.106590601999955, 48.12372848900003 ], [ -123.107845769999983, 48.124447325000062 ], [ -123.109038190999982, 48.125081167000076 ], [ -123.110276229999954, 48.125775168000068 ], [ -123.112075674999971, 48.126808725000046 ], [ -123.113059527999951, 48.127433670000073 ], [ -123.114114311, 48.128228269000033 ], [ -123.115087428999971, 48.128995738000064 ], [ -123.115447224, 48.129317464000053 ], [ -123.116492578999953, 48.13030788300005 ], [ -123.117161840999955, 48.130998742000031 ], [ -123.117981071999921, 48.131987445000057 ], [ -123.118767729999959, 48.133082881000064 ], [ -123.11903902799996, 48.133512194000041 ], [ -123.11966106999995, 48.134588391000079 ], [ -123.120313990999989, 48.135875935000058 ], [ -123.121064624999974, 48.137912393000072 ], [ -123.121215335999977, 48.138405176000049 ], [ -123.121277028999955, 48.138675919000043 ], [ -123.121318299999984, 48.138783892000056 ], [ -123.121667884999979, 48.13940929100005 ], [ -123.121893145999977, 48.139767662000047 ], [ -123.12218117099998, 48.140088858000063 ], [ -123.122517624999944, 48.140412680000047 ], [ -123.122896987, 48.140735647000035 ], [ -123.123229139999978, 48.14096255100003 ], [ -123.123720118, 48.141234620000034 ], [ -123.124396878999946, 48.141546313000049 ], [ -123.124847900999953, 48.141731457000049 ], [ -123.125332390999972, 48.141897304000054 ], [ -123.126543007999956, 48.142249982000067 ], [ -123.126998752999953, 48.142407080000048 ], [ -123.128037218999964, 48.142915672000072 ], [ -123.128978642, 48.143465191000075 ], [ -123.128849439999954, 48.143558932000069 ], [ -123.12878864799994, 48.143631567000057 ], [ -123.128416520999934, 48.14430083000007 ], [ -123.128118601, 48.144799582000076 ], [ -123.127930704999983, 48.145094227000072 ], [ -123.127747079999949, 48.145340686000054 ], [ -123.127628859999959, 48.145463829000043 ], [ -123.127451064999931, 48.14561859500003 ], [ -123.127058145999968, 48.145902552000045 ], [ -123.126726026999961, 48.146164508000034 ], [ -123.126487864999945, 48.146404745000034 ], [ -123.126390610999977, 48.146538471000042 ], [ -123.126308566, 48.146676600000035 ], [ -123.126244972999984, 48.146827945000041 ], [ -123.126162010999977, 48.147173044000048 ], [ -123.126131684999947, 48.147378642000028 ], [ -123.126119646999925, 48.147929675000057 ], [ -123.126148842999953, 48.148156206000067 ], [ -123.126178103999948, 48.148274622000031 ], [ -123.126287747999982, 48.148540912000037 ], [ -123.12640163099995, 48.148697622000043 ], [ -123.126594152999971, 48.148864965000023 ], [ -123.126737350999989, 48.148929077000048 ], [ -123.126889421999977, 48.148966878000067 ], [ -123.127105677999964, 48.148971724000027 ], [ -123.127440407, 48.148951421000042 ], [ -123.127585695999954, 48.148956690000034 ], [ -123.12776816799996, 48.148989453000063 ], [ -123.12787855599997, 48.149030048000036 ], [ -123.127948665999966, 48.149072837000062 ], [ -123.12805228699996, 48.149195109000054 ], [ -123.128068380999963, 48.149276300000047 ], [ -123.128007706999981, 48.149527328000026 ], [ -123.127989105999987, 48.149732566000068 ], [ -123.127992174999974, 48.150482657000055 ], [ -123.128007554999954, 48.150613265000061 ], [ -123.128061378999945, 48.150751577000051 ], [ -123.128162702999973, 48.150905744000056 ], [ -123.128518155999984, 48.151325873000076 ], [ -123.128739853999946, 48.15149953100007 ], [ -123.128845569999967, 48.151598285000034 ], [ -123.128914798999972, 48.151683025000068 ], [ -123.129059715229488, 48.151942035807011 ], [ -123.128990400000021, 48.151884 ], [ -123.1294351, 48.1541511 ], [ -123.1233723, 48.1517892 ], [ -123.12208440000002, 48.1516877 ], [ -123.121672300000014, 48.1527037 ], [ -123.1192833, 48.1525542 ], [ -123.112569299999976, 48.1488378 ], [ -123.107017399999975, 48.1422854 ], [ -123.0885203, 48.1291433 ], [ -123.081409299999976, 48.1253537 ], [ -123.080490399626399, 48.125038249735205 ], [ -123.080602568999922, 48.115932757000039 ] ] ] } },
{ "type": "Feature", "properties": { "COUNTY": "Clallam", "PRECCODE": 245, "PRECNAME": "Lost Mountain 245", "PRECINCT": "Clallam 245", "DESCRIPTIO": "Sequim Rural Farther Southwest (Hooker Road, Matriotti Creek, Lost Mountain)", "OFFICE": "PUD Commissioner District 2", "JURISDICTION": "Public Utility", "RACE": "Clallam County PUD Commissioner District 2", "Name_1": "Missi Baker", "Party_1": "None_5", "Votes_1": "59", "Name_2": "Timothy Dalton", "Party_2": "None_4", "Votes_2": "8", "Name_3": "Randy Brackett", "Party_3": "None_2", "Votes_3": "4", "Name_4": "Rick Paschall", "Party_4": "None_1", "Votes_4": "1", "Name_5": null, "Party_5": null, "Votes_5": "0", "Name_6": null, "Party_6": null, "Votes_6": "0", "Name_7": null, "Party_7": null, "Votes_7": "0", "Votes_total": "72", "Pct_1": 81.94, "Pct_2": 11.11, "Pct_3": 5.56, "Pct_4": 1.39, "Pct_5": 0.0, "Pct_6": 0.0, "Pct_7": 0.0, "Margin": 70.83 }, "geometry": { "type": "Polygon", "coordinates": [ [ [ -123.167610795999977, 48.057951444 ], [ -123.167673581, 48.043339668 ], [ -123.166571387999909, 48.043352663000107 ], [ -123.166000800999953, 48.036035956000013 ], [ -123.165511805, 48.028722889000036 ], [ -123.165091391999951, 48.021386784000022 ], [ -123.164951459999884, 48.014171731 ], [ -123.16442623, 47.999735109000014 ], [ -123.165995080999934, 47.999715260000066 ], [ -123.165956893999962, 47.954105704 ], [ -123.167222646999988, 47.954105578000082 ], [ -123.167186284999929, 47.910318568 ], [ -123.18871160999997, 47.910318584 ], [ -123.18876616699994, 47.954105576000082 ], [ -123.187500361000019, 47.954105689000087 ], [ -123.187557227999903, 47.999461618000034 ], [ -123.186513679, 47.999463108000072 ], [ -123.186486200999937, 48.013957983000068 ], [ -123.186815440999979, 48.028351657000059 ], [ -123.188069137, 48.043303410000107 ], [ -123.189300079999953, 48.043301105000104 ], [ -123.189260705, 48.057765120000035 ], [ -123.189179231999915, 48.072517344000019 ], [ -123.18920917199992, 48.082118569000038 ], [ -123.183855743999956, 48.08133859200008 ], [ -123.167483609999977, 48.078754536000055 ], [ -123.167610795999977, 48.057951444 ] ] ] } },
{ "type": "Feature", "properties": { "COUNTY": "Clallam", "PRECCODE": 247, "PRECNAME": "Macleay 247", "PRECINCT": "Clallam 247", "DESCRIPTIO": "Sequim Rural Far Northwest (Heath Road, Sequim Prairie Grange, Sequim Valley Airport)", "OFFICE": "PUD Commissioner District 2", "JURISDICTION": "Public Utility", "RACE": "Clallam County PUD Commissioner District 2", "Name_1": "Timothy Dalton", "Party_1": "None_4", "Votes_1": "202", "Name_2": "Write-In", "Party_2": "None_6", "Votes_2": "186", "Name_3": "Missi Baker", "Party_3": "None_5", "Votes_3": "114", "Name_4": "Rick Paschall", "Party_4": "None_1", "Votes_4": "15", "Name_5": "Randy Brackett", "Party_5": "None_2", "Votes_5": "8", "Name_6": null, "Party_6": null, "Votes_6": "0", "Name_7": null, "Party_7": null, "Votes_7": "0", "Votes_total": "525", "Pct_1": 38.48, "Pct_2": 35.43, "Pct_3": 21.71, "Pct_4": 2.86, "Pct_5": 1.52, "Pct_6": 0.0, "Pct_7": 0.0, "Margin": 3.05 }, "geometry": { "type": "Polygon", "coordinates": [ [ [ -123.167401029999937, 48.116076300000053 ], [ -123.167407083999976, 48.108658477000027 ], [ -123.166460568000019, 48.108645608000032 ], [ -123.162072543999912, 48.108653997000012 ], [ -123.160470677999982, 48.108669315000043 ], [ -123.159275171, 48.10866952500006 ], [ -123.15874713399991, 48.108654498000057 ], [ -123.158147335999985, 48.1085809140001 ], [ -123.15667914, 48.108267719000033 ], [ -123.153229668999955, 48.107568505000089 ], [ -123.153211240999937, 48.10722617400009 ], [ -123.153256793999958, 48.10680334700001 ], [ -123.153307636000022, 48.106590434000076 ], [ -123.153358140999913, 48.106448951000097 ], [ -123.153537536999906, 48.10607762100009 ], [ -123.153626288999988, 48.10583087800002 ], [ -123.153707269000037, 48.10550883400002 ], [ -123.153696002, 48.105296394000028 ], [ -123.153665631999971, 48.105191952 ], [ -123.153638621999946, 48.105145933000095 ], [ -123.153574507999977, 48.105048672000052 ], [ -123.153455878000031, 48.104911573000074 ], [ -123.153356894999902, 48.104763417000065 ], [ -123.153263310999961, 48.104579610000044 ], [ -123.153094250999956, 48.104058203000079 ], [ -123.153052846999955, 48.103898852000036 ], [ -123.152850509999922, 48.102673836000108 ], [ -123.15283391499996, 48.10230515700006 ], [ -123.152847084999976, 48.102123956000078 ], [ -123.152886043999956, 48.101963654000052 ], [ -123.152981868999959, 48.101807924000049 ], [ -123.153297684999984, 48.101458915000038 ], [ -123.15350367399995, 48.101253849000031 ], [ -123.153895333999955, 48.100933841000028 ], [ -123.154139974999936, 48.100683681000113 ], [ -123.154228459, 48.100517623000044 ], [ -123.154264965, 48.100381184000035 ], [ -123.154275005999935, 48.10020956700005 ], [ -123.154260850999918, 48.099974160000023 ], [ -123.154188734999977, 48.099564851 ], [ -123.154129499, 48.099382861000045 ], [ -123.154072462999949, 48.099286913000093 ], [ -123.153891491999971, 48.099101004000069 ], [ -123.153762733999926, 48.098993326000048 ], [ -123.153525700000031, 48.09883645500004 ], [ -123.152981427, 48.098524380000057 ], [ -123.152329857000026, 48.09812479700004 ], [ -123.152025394999967, 48.097970364000055 ], [ -123.151853224000021, 48.097917498000022 ], [ -123.151723128999905, 48.097891048000058 ], [ -123.151256890999974, 48.097835278000069 ], [ -123.151144929999958, 48.097814956000072 ], [ -123.151032909, 48.097779264000046 ], [ -123.150879295, 48.097708839000084 ], [ -123.150788196999898, 48.097649536000063 ], [ -123.150704859999962, 48.097562859000078 ], [ -123.150670122999912, 48.09750166 ], [ -123.150659939999969, 48.09735426000006 ], [ -123.150700324999931, 48.097224886000014 ], [ -123.150851700999937, 48.096876625000071 ], [ -123.150892593999941, 48.096723113000053 ], [ -123.150936288999972, 48.096439595000049 ], [ -123.150922335999908, 48.096000423000035 ], [ -123.150900829999983, 48.095846274000074 ], [ -123.15085608899993, 48.095697523000105 ], [ -123.15076537799996, 48.095610452000095 ], [ -123.150596083999972, 48.095539349 ], [ -123.150094683, 48.095396749 ], [ -123.149955592999945, 48.095303279000092 ], [ -123.149879758999944, 48.095207770000101 ], [ -123.149591222, 48.09463278300003 ], [ -123.149560926999982, 48.094410036000077 ], [ -123.149589399999911, 48.094173769000072 ], [ -123.149623538999904, 48.094063566 ], [ -123.149937663999978, 48.09346204600007 ], [ -123.149954904999959, 48.093371231000013 ], [ -123.149899099999985, 48.092947981000073 ], [ -123.149951059000017, 48.092576139000045 ], [ -123.149931998999946, 48.092519087000028 ], [ -123.14983676099996, 48.092383714000022 ], [ -123.149579525, 48.09209017600007 ], [ -123.149398577999975, 48.091774373000042 ], [ -123.149253323000011, 48.091388498000093 ], [ -123.149219224999953, 48.091115445000064 ], [ -123.149272702999937, 48.090967565 ], [ -123.149308094000034, 48.090923081000049 ], [ -123.149368529999961, 48.090876876000038 ], [ -123.149526359999939, 48.090812017000097 ], [ -123.15019427999998, 48.090627324000081 ], [ -123.150363215000013, 48.090569361000099 ], [ -123.150608827999974, 48.090453297000074 ], [ -123.15076421199997, 48.090324550000076 ], [ -123.150857672999976, 48.09016617800004 ], [ -123.150893223999972, 48.090054977000065 ], [ -123.150915529999949, 48.089918825 ], [ -123.150902203999934, 48.089464373000048 ], [ -123.150907079, 48.089335715000068 ], [ -123.150925170999969, 48.089263928000072 ], [ -123.151345371, 48.088493610000029 ], [ -123.151388867999984, 48.088354649000074 ], [ -123.15137909399995, 48.088295328000051 ], [ -123.151333603999902, 48.088231966000045 ], [ -123.151285633999933, 48.088192462000066 ], [ -123.151055185999951, 48.088052468000036 ], [ -123.150990529999973, 48.087996391000011 ], [ -123.150901703999978, 48.087903655000069 ], [ -123.150852615999909, 48.087827620000077 ], [ -123.150791327, 48.087695440000068 ], [ -123.150761102, 48.087583230000106 ], [ -123.150684080999909, 48.087021313000058 ], [ -123.150636069999933, 48.086912484000024 ], [ -123.150447990999936, 48.086624814000032 ], [ -123.150349751999968, 48.086540305000057 ], [ -123.150044101999981, 48.086449405000089 ], [ -123.14903801899996, 48.086252069000096 ], [ -123.14871395699997, 48.086165132000104 ], [ -123.148432337999949, 48.086047379000043 ], [ -123.148288413999907, 48.085964401000105 ], [ -123.148094902999901, 48.085803506000026 ], [ -123.147949425999968, 48.085650277000049 ], [ -123.147904432999937, 48.085551385000038 ], [ -123.147902684000016, 48.085491759000078 ], [ -123.147919280999915, 48.085416699000078 ], [ -123.147980542999974, 48.085315264000037 ], [ -123.154275812, 48.085362842000059 ], [ -123.154782430999873, 48.085375784000078 ], [ -123.155339062999957, 48.085442773000118 ], [ -123.155738728, 48.085532240000042 ], [ -123.156179426999927, 48.085663408000059 ], [ -123.156588737999968, 48.085820311000077 ], [ -123.156960984999955, 48.086018534000054 ], [ -123.15769748699995, 48.086525261000048 ], [ -123.158251736999915, 48.086922652000069 ], [ -123.165112332, 48.091419595 ], [ -123.165394314999972, 48.091583300000053 ], [ -123.165935534, 48.091855013000057 ], [ -123.166570604999947, 48.092092869000027 ], [ -123.166812557999904, 48.092170247000034 ], [ -123.167233724999903, 48.092279804000029 ], [ -123.176384682, 48.094242429000076 ], [ -123.184143567999982, 48.095840612000053 ], [ -123.211032588999899, 48.10152645600003 ], [ -123.211037727, 48.105228008000054 ], [ -123.221977645999942, 48.105194814000065 ], [ -123.221958642999965, 48.105341094 ], [ -123.221697430999924, 48.105526799000081 ], [ -123.221703527999978, 48.105658321000035 ], [ -123.221513252999969, 48.105793925000071 ], [ -123.221424211999974, 48.105993249000043 ], [ -123.221232411999893, 48.106095974000013 ], [ -123.2211433679999, 48.106295296999981 ], [ -123.221152509999982, 48.106492581000062 ], [ -123.22130741, 48.106653921 ], [ -123.221609590999961, 48.106812200000036 ], [ -123.221615686999911, 48.106943721000086 ], [ -123.221520547999958, 48.107011523000011 ], [ -123.221534262000034, 48.107307447000061 ], [ -123.221485169999951, 48.107308468000056 ], [ -123.221343981999908, 48.107443052000093 ], [ -123.221300983999981, 48.107575594000053 ], [ -123.221360744999956, 48.107804737 ], [ -123.221465031999983, 48.107934217000057 ], [ -123.221475699999985, 48.108164380000098 ], [ -123.221188748999907, 48.108334906999985 ], [ -123.220990845000017, 48.108306109000097 ], [ -123.220895702999925, 48.108373909000122 ], [ -123.220699322999948, 48.108377992 ], [ -123.220409322999942, 48.108482755000054 ], [ -123.22032027100002, 48.108682078000029 ], [ -123.220329410999952, 48.108879360000103 ], [ -123.220380028999983, 48.108911220000067 ], [ -123.220287931999906, 48.109044783000023 ], [ -123.220240359, 48.109078685000064 ], [ -123.220030159, 48.109055043000069 ], [ -123.220015625999949, 48.109067893000066 ], [ -123.219888447999892, 48.109301510000115 ], [ -123.219750145999896, 48.10961730500005 ], [ -123.219739080999872, 48.110336680000067 ], [ -123.219616978, 48.110473944000056 ], [ -123.219825551999932, 48.110732908000067 ], [ -123.219882263999949, 48.11089629 ], [ -123.219739539999949, 48.110997992000073 ], [ -123.219688918999935, 48.110966131000104 ], [ -123.219444953, 48.111004111000042 ], [ -123.219451044999943, 48.111135633000089 ], [ -123.219355896, 48.111203433000107 ], [ -123.21936351, 48.111367835000031 ], [ -123.219315934999983, 48.111401736000076 ], [ -123.219377214999952, 48.111663760000091 ], [ -123.219386349999922, 48.111861043000069 ], [ -123.219191062999926, 48.11199459 ], [ -123.219056364999972, 48.112164105 ], [ -123.219014879000014, 48.112329526000011 ], [ -123.219027059999959, 48.112592570000025 ], [ -123.219134393999965, 48.112787813000097 ], [ -123.219142006999974, 48.112952216000025 ], [ -123.219243252999902, 48.113015938000061 ], [ -123.219352109999917, 48.11324406100001 ], [ -123.219356677999983, 48.113342702000089 ], [ -123.21955764599987, 48.113437265000101 ], [ -123.219562214999911, 48.113535906 ], [ -123.219767754999936, 48.113729109000083 ], [ -123.21967260000001, 48.113796909000015 ], [ -123.219428620999935, 48.113834889000053 ], [ -123.219334988999947, 48.11393557000013 ], [ -123.218810109999964, 48.114275591000094 ], [ -123.21876862199997, 48.114441013000018 ], [ -123.218820767999944, 48.114505754000049 ], [ -123.219017170999948, 48.11450167600006 ], [ -123.219058522, 48.114527701000078 ], [ -123.219072360999945, 48.114632178000114 ], [ -123.218928104999932, 48.114700997000035 ], [ -123.218685644999965, 48.114771857000044 ], [ -123.218598098000015, 48.115004058000061 ], [ -123.218407780999968, 48.115139658000011 ], [ -123.218525772999968, 48.115565065000027 ], [ -123.218389122999952, 48.115798287000054 ], [ -123.218493417999966, 48.115927769000017 ], [ -123.218489743000021, 48.116085709000025 ], [ -123.211019761000031, 48.116131054000057 ], [ -123.189164953999949, 48.116091736000087 ], [ -123.167401029999937, 48.116076300000053 ] ] ] } },
{ "type": "Feature", "properties": { "COUNTY": "Clallam", "PRECCODE": 249, "PRECNAME": "Monterra 249", "PRECINCT": "Clallam 249", "DESCRIPTIO": "Sequim Rural Farther Northwest (Finn Hall Road, Gunn Road, Monterra Senior Manufactured Homes)", "OFFICE": "PUD Commissioner District 2", "JURISDICTION": "Public Utility", "RACE": "Clallam County PUD Commissioner District 2", "Name_1": "Randy Brackett", "Party_1": "None_2", "Votes_1": "433", "Name_2": "Write-In", "Party_2": "None_6", "Votes_2": "140", "Name_3": "Rick Paschall", "Party_3": "None_1", "Votes_3": "1", "Name_4": null, "Party_4": null, "Votes_4": "0", "Name_5": null, "Party_5": null, "Votes_5": "0", "Name_6": null, "Party_6": null, "Votes_6": "0", "Name_7": null, "Party_7": null, "Votes_7": "0", "Votes_total": "574", "Pct_1": 75.44, "Pct_2": 24.39, "Pct_3": 0.17, "Pct_4": 0.0, "Pct_5": 0.0, "Pct_6": 0.0, "Pct_7": 0.0, "Margin": 51.05 }, "geometry": { "type": "Polygon", "coordinates": [ [ [ -123.2195521, 48.124989510000027 ], [ -123.219409338, 48.125091210000051 ], [ -123.219463018999974, 48.125188832000042 ], [ -123.218899825, 48.125187240000052 ], [ -123.218677240999952, 48.125205146000035 ], [ -123.218424070999944, 48.125045841000023 ], [ -123.218464046999955, 48.124847539000029 ], [ -123.218557700999966, 48.12474685900002 ], [ -123.219032054999943, 48.124374979000038 ], [ -123.219269991999965, 48.124205478000079 ], [ -123.219363641999948, 48.124104798000076 ], [ -123.219346887999961, 48.123743114000035 ], [ -123.219291685999934, 48.123612612000045 ], [ -123.21908611, 48.123419409000064 ], [ -123.218782316999963, 48.123228244000074 ], [ -123.218631943999981, 48.123165542000031 ], [ -123.218286655999975, 48.123139797000078 ], [ -123.217889215999961, 48.123049309000066 ], [ -123.217683646999959, 48.122856104000043 ], [ -123.217728189999946, 48.122756444000061 ], [ -123.21776664399998, 48.122525261000071 ], [ -123.217861817999975, 48.122457462000057 ], [ -123.217754468999956, 48.122262217000063 ], [ -123.217794444999953, 48.122063916000059 ], [ -123.217981742999939, 48.121862557000036 ], [ -123.21825401599996, 48.121756504000075 ], [ -123.218463687999986, 48.121655081000029 ], [ -123.218408489999959, 48.121524579000031 ], [ -123.218256599999933, 48.121428995000024 ], [ -123.218293529, 48.121164933000045 ], [ -123.21794368999997, 48.121040546000074 ], [ -123.217741172999979, 48.120913101000035 ], [ -123.217724429999976, 48.120551416000062 ], [ -123.217914767999957, 48.120415818000026 ], [ -123.218239136999955, 48.120326291000026 ], [ -123.218450373999971, 48.12030596500005 ], [ -123.218494912999972, 48.120206304000078 ], [ -123.21898293299995, 48.120130348000032 ], [ -123.219076576999953, 48.120029668000029 ], [ -123.219268431999978, 48.119926948000057 ], [ -123.219612175999927, 48.119919810000049 ], [ -123.219708864999973, 48.119884889000048 ], [ -123.219753401, 48.119785228000069 ], [ -123.219945254, 48.119682506000053 ], [ -123.220035848999942, 48.119516064000038 ], [ -123.220177070999966, 48.119381482000044 ], [ -123.220172500999965, 48.119282841000022 ], [ -123.220461037999897, 48.119145199000059 ], [ -123.220456466999948, 48.119046557000047 ], [ -123.220206370999975, 48.118953017000081 ], [ -123.220247858, 48.118787595000079 ], [ -123.220237192999917, 48.118557432000046 ], [ -123.220524202999982, 48.118386909000037 ], [ -123.220464432999975, 48.118157766000074 ], [ -123.220212816999933, 48.118031346000066 ], [ -123.220108514999978, 48.117901863000043 ], [ -123.219958155999947, 48.117839163000042 ], [ -123.219902958999967, 48.117708661000044 ], [ -123.219803228, 48.117677822000076 ], [ -123.219800180999968, 48.117612060000056 ], [ -123.21970045099998, 48.117581220000034 ], [ -123.219603765999963, 48.117616140000052 ], [ -123.219502510999959, 48.117552419000049 ], [ -123.21939668899995, 48.117390056000026 ], [ -123.219390596999958, 48.117258534000023 ], [ -123.219432085, 48.117093113000067 ], [ -123.219376889999978, 48.116962612000066 ], [ -123.219223488999958, 48.116834148000059 ], [ -123.219065520999933, 48.116607044000034 ], [ -123.21896579099996, 48.116576202000026 ], [ -123.218835964999954, 48.116418334000059 ], [ -123.218657471999961, 48.116286396000078 ], [ -123.218489939999984, 48.116097374000049 ], [ -123.21849341799998, 48.115927769000052 ], [ -123.218389122999952, 48.115798287000075 ], [ -123.218525772999968, 48.115565065000062 ], [ -123.218407780999911, 48.115139658000032 ], [ -123.218598097999987, 48.115004058000061 ], [ -123.218685645, 48.114771857000051 ], [ -123.218928104999989, 48.114700997000057 ], [ -123.219072360999945, 48.114632178000079 ], [ -123.219058521999941, 48.114527701000043 ], [ -123.219017170999948, 48.114501676000032 ], [ -123.218820767999944, 48.114505754000049 ], [ -123.21876862199997, 48.114441013000025 ], [ -123.218810109999964, 48.11427559100008 ], [ -123.219334988999947, 48.113935570000081 ], [ -123.219428620999935, 48.113834889000032 ], [ -123.219672599999953, 48.11379690900003 ], [ -123.219767754999936, 48.113729109000076 ], [ -123.219562214999911, 48.113535906000038 ], [ -123.219557645999913, 48.113437265000066 ], [ -123.219356677999954, 48.113342702000068 ], [ -123.219352109999974, 48.113244061000046 ], [ -123.219243252999945, 48.113015938000046 ], [ -123.219142006999959, 48.112952216000053 ], [ -123.219134394, 48.112787813000068 ], [ -123.219027059999959, 48.112592570000061 ], [ -123.219014878999985, 48.112329526000046 ], [ -123.219056364999972, 48.112164105000026 ], [ -123.219191062999968, 48.111994590000052 ], [ -123.219386349999979, 48.111861043000033 ], [ -123.219377214999952, 48.111663760000049 ], [ -123.219315934999926, 48.111401736000055 ], [ -123.21936351, 48.111367835000067 ], [ -123.219355895999954, 48.111203433000071 ], [ -123.219451044999943, 48.111135633000053 ], [ -123.219444953, 48.111004111000057 ], [ -123.219688918999964, 48.110966131000055 ], [ -123.219739539999978, 48.11099799200008 ], [ -123.219882263999963, 48.110896290000021 ], [ -123.219825551999989, 48.110732908000045 ], [ -123.219616977999962, 48.110473944000027 ], [ -123.219739080999929, 48.110336680000046 ], [ -123.219750145999953, 48.109617305000029 ], [ -123.219888447999935, 48.10930151000008 ], [ -123.220015625999949, 48.109067893000024 ], [ -123.220030158999961, 48.109055043000069 ], [ -123.220240358999945, 48.109078685000043 ], [ -123.220287931999962, 48.109044783000058 ], [ -123.220380028999941, 48.108911220000039 ], [ -123.220329410999952, 48.108879360000053 ], [ -123.220320271, 48.108682078000065 ], [ -123.22040932299997, 48.108482755000061 ], [ -123.220699322999963, 48.108377992000044 ], [ -123.220895702999925, 48.108373909000079 ], [ -123.220990844999932, 48.108306109000068 ], [ -123.22118874899995, 48.108334907000028 ], [ -123.221475699999985, 48.108164380000062 ], [ -123.221465031999983, 48.107934217000036 ], [ -123.22136074499997, 48.107804737000031 ], [ -123.221300983999981, 48.107575594000075 ], [ -123.221343981999965, 48.107443052000065 ], [ -123.22148517, 48.107308468000035 ], [ -123.221534261999977, 48.107307447000039 ], [ -123.221520547999958, 48.107011523000033 ], [ -123.221615686999925, 48.106943721000043 ], [ -123.221609590999961, 48.106812200000036 ], [ -123.221307409999952, 48.106653921000024 ], [ -123.221152509999982, 48.106492581000055 ], [ -123.221143367999957, 48.106295297000031 ], [ -123.221232411999949, 48.10609597400002 ], [ -123.221424212, 48.105993249000043 ], [ -123.221513252999969, 48.105793925000057 ], [ -123.221703527999978, 48.105658321000071 ], [ -123.221697430999924, 48.105526799000074 ], [ -123.221958643, 48.105341094000039 ], [ -123.221977645999971, 48.105194814000072 ], [ -123.24352758699996, 48.105127681000049 ], [ -123.246192583999942, 48.105153583000053 ], [ -123.248212671999923, 48.105207270000051 ], [ -123.254007962999978, 48.105591340000046 ], [ -123.273116150999954, 48.106967821000069 ], [ -123.274062478999952, 48.106970865000051 ], [ -123.274658545999955, 48.106936754000053 ], [ -123.27572018799998, 48.106770925000035 ], [ -123.277141012999948, 48.106511489000063 ], [ -123.278475671999928, 48.106239544000061 ], [ -123.281703141999969, 48.105437262000066 ], [ -123.286317892999989, 48.10385839800005 ], [ -123.286225354999956, 48.115871477000034 ], [ -123.286231004956377, 48.120482632504299 ], [ -123.2856706, 48.1203714 ], [ -123.283378200000016, 48.1185253 ], [ -123.2773212, 48.1164198 ], [ -123.2645546, 48.1159825 ], [ -123.2549486, 48.1172943 ], [ -123.2475371, 48.1156678 ], [ -123.2384093, 48.1179686 ], [ -123.229775699999976, 48.1211144 ], [ -123.220311593538753, 48.125753137607319 ], [ -123.220310277999943, 48.125435669000062 ], [ -123.220206791999942, 48.125304714000031 ], [ -123.219999546999972, 48.125208523000026 ], [ -123.219758822999921, 48.125183574000062 ], [ -123.2195521, 48.124989510000027 ] ] ] } },
{ "type": "Feature", "properties": { "COUNTY": "Clallam", "PRECCODE": 253, "PRECNAME": "Obrien 253", "PRECINCT": "Clallam 253", "DESCRIPTIO": "Port Angeles Rural Farther Southeast (Obrien Road)", "OFFICE": "PUD Commissioner District 2", "JURISDICTION": "Public Utility", "RACE": "Clallam County PUD Commissioner District 2", "Name_1": "Timothy Dalton", "Party_1": "None_4", "Votes_1": "113", "Name_2": "Missi Baker", "Party_2": "None_5", "Votes_2": "5", "Name_3": "Rick Paschall", "Party_3": "None_1", "Votes_3": "2", "Name_4": "Randy Brackett", "Party_4": "None_2", "Votes_4": "1", "Name_5": "Write-In", "Party_5": "None_6", "Votes_5": "1", "Name_6": null, "Party_6": null, "Votes_6": "0", "Name_7": null, "Party_7": null, "Votes_7": "0", "Votes_total": "122", "Pct_1": 92.62, "Pct_2": 4.1, "Pct_3": 1.64, "Pct_4": 0.82, "Pct_5": 0.82, "Pct_6": 0.0, "Pct_7": 0.0, "Margin": 88.52 }, "geometry": { "type": "Polygon", "coordinates": [ [ [ -123.285898445000015, 48.058100350000061 ], [ -123.285616373999957, 48.04356022700005 ], [ -123.286086870999966, 48.043560889 ], [ -123.286525505999961, 48.00015776500009 ], [ -123.297174709, 48.000092307000088 ], [ -123.318499655999972, 48.000058426000038 ], [ -123.318734885, 48.007223247000084 ], [ -123.318627269999936, 48.014595836000098 ], [ -123.318644989999896, 48.020991811000037 ], [ -123.318561895999935, 48.02489639500007 ], [ -123.318572573999958, 48.029028998000051 ], [ -123.318520960999933, 48.043582790000052 ], [ -123.317673827999926, 48.043583115000075 ], [ -123.317952893000026, 48.05801084600003 ], [ -123.31795101699997, 48.072361251000075 ], [ -123.318160224999929, 48.086886880000044 ], [ -123.318234534999959, 48.090068202 ], [ -123.318207114999893, 48.093517002000077 ], [ -123.318226291999977, 48.096775283000028 ], [ -123.316599014000019, 48.096493947000013 ], [ -123.316302403, 48.096435047000028 ], [ -123.315919847999936, 48.096387605000096 ], [ -123.315654615999932, 48.096374482000073 ], [ -123.297868507999937, 48.096287171000043 ], [ -123.297254155, 48.096261613000067 ], [ -123.296935309, 48.09624025400008 ], [ -123.296643828999947, 48.096207851000059 ], [ -123.286163112999958, 48.094947637000061 ], [ -123.285953551999938, 48.086733912000085 ], [ -123.286085472999929, 48.072570847000087 ], [ -123.285898445000015, 48.058100350000061 ] ] ] } },
{ "type": "Feature", "properties": { "COUNTY": "Clallam", "PRECCODE": 265, "PRECNAME": "Riverside 265", "PRECINCT": "Clallam 265", "DESCRIPTIO": "Sequim Rural Far Southwest (Taylor Cutoff Road, Parkwood Senior MHP, Fish Hatchery Road)", "OFFICE": "PUD Commissioner District 2", "JURISDICTION": "Public Utility", "RACE": "Clallam County PUD Commissioner District 2", "Name_1": "Timothy Dalton", "Party_1": "None_4", "Votes_1": "105", "Name_2": "Randy Brackett", "Party_2": "None_2", "Votes_2": "4", "Name_3": "Missi Baker", "Party_3": "None_5", "Votes_3": "4", "Name_4": "Write-In", "Party_4": "None_6", "Votes_4": "4", "Name_5": "Rick Paschall", "Party_5": "None_1", "Votes_5": "3", "Name_6": null, "Party_6": null, "Votes_6": "0", "Name_7": null, "Party_7": null, "Votes_7": "0", "Votes_total": "120", "Pct_1": 87.5, "Pct_2": 3.33, "Pct_3": 3.33, "Pct_4": 3.33, "Pct_5": 2.5, "Pct_6": 0.0, "Pct_7": 0.0, "Margin": 84.17 }, "geometry": { "type": "Polygon", "coordinates": [ [ [ -123.106156183999971, 47.98957043700009 ], [ -123.106424039999965, 47.98911843300008 ], [ -123.106883528999973, 47.98852580300008 ], [ -123.107083573999915, 47.988167700000112 ], [ -123.107221448999951, 47.987895340000051 ], [ -123.107300135999964, 47.98764025 ], [ -123.10733321099994, 47.987438382000086 ], [ -123.10733624799991, 47.98600971200009 ], [ -123.107354012999963, 47.985909510000056 ], [ -123.107374979999932, 47.985493932000047 ], [ -123.107342839999959, 47.985265571000078 ], [ -123.107205198999949, 47.984703219999986 ], [ -123.107038016999951, 47.984250189000086 ], [ -123.10704989099996, 47.984129688000053 ], [ -123.10710511099991, 47.984046219000078 ], [ -123.107189896999913, 47.983965458000057 ], [ -123.107370869999983, 47.983839955000057 ], [ -123.107486586000036, 47.983737162000082 ], [ -123.107529460999956, 47.983596276000057 ], [ -123.107480606999985, 47.983434146000057 ], [ -123.107396135, 47.983299083000077 ], [ -123.10677926399994, 47.982775896000042 ], [ -123.106666666999942, 47.982615029000051 ], [ -123.106586594999911, 47.982468347000093 ], [ -123.106583396, 47.982339907000018 ], [ -123.106626852999952, 47.982212190000027 ], [ -123.106796179999904, 47.981933703000074 ], [ -123.107046397999909, 47.981597597000068 ], [ -123.107162968000011, 47.981458544000112 ], [ -123.107307663999961, 47.981345292000064 ], [ -123.108484775999941, 47.980827686000048 ], [ -123.109386790999977, 47.98036001300008 ], [ -123.109587634999983, 47.980184687000047 ], [ -123.109655814999925, 47.980061419000066 ], [ -123.109694778999966, 47.979887661000078 ], [ -123.109668273999986, 47.979453256000014 ], [ -123.109565626999981, 47.979017067000072 ], [ -123.109572225999955, 47.978888433000087 ], [ -123.10961990899996, 47.978689789000086 ], [ -123.109668256999981, 47.978561974000073 ], [ -123.109772626999984, 47.978424807000096 ], [ -123.109923140999925, 47.978276839000017 ], [ -123.110200173999957, 47.978048926000085 ], [ -123.110345216999946, 47.977943901000096 ], [ -123.110773584999933, 47.977698151 ], [ -123.110932971000011, 47.977584602000029 ], [ -123.11104374699994, 47.977425890000049 ], [ -123.111166006, 47.977082433000056 ], [ -123.111247508, 47.976927598000024 ], [ -123.111741184999985, 47.976438367000043 ], [ -123.111995830999916, 47.976148290000026 ], [ -123.112047258, 47.975979225000074 ], [ -123.111980309999936, 47.97585205300004 ], [ -123.111897435999921, 47.975753206000022 ], [ -123.111791065999924, 47.975677890000014 ], [ -123.111494033999961, 47.97550751700004 ], [ -123.110834225999881, 47.975177960000032 ], [ -123.110631585999926, 47.975033715000095 ], [ -123.110331821, 47.974856803000101 ], [ -123.110083188999937, 47.974726652000086 ], [ -123.109664964999979, 47.974533969000042 ], [ -123.109527966000016, 47.97448726800009 ], [ -123.109357807999942, 47.974467583000056 ], [ -123.109055424, 47.974453820000065 ], [ -123.108993487999925, 47.974440223000016 ], [ -123.108838678, 47.974379047000106 ], [ -123.108480862999969, 47.974192328000107 ], [ -123.108341691999897, 47.974183370000077 ], [ -123.10826292199998, 47.974165888000037 ], [ -123.108165687999971, 47.974051162000066 ], [ -123.108041858999954, 47.973815547000108 ], [ -123.107954014999976, 47.973753010000088 ], [ -123.107938691999962, 47.973727127000068 ], [ -123.107945863999987, 47.973648420000039 ], [ -123.108085652999918, 47.973521846000054 ], [ -123.108127113, 47.973497215000059 ], [ -123.108159395, 47.973425152000047 ], [ -123.108135207999965, 47.973358972 ], [ -123.108076330999964, 47.973310145000028 ], [ -123.107850109999887, 47.973164650000079 ], [ -123.107814582999978, 47.973162975000029 ], [ -123.107744782999987, 47.973188168000071 ], [ -123.107695190999962, 47.97318915200006 ], [ -123.107572658999956, 47.973143970000052 ], [ -123.107439376999949, 47.973015675000092 ], [ -123.107321108999912, 47.972980068 ], [ -123.107297433000028, 47.972958974000022 ], [ -123.107269232, 47.972926287000071 ], [ -123.10723869399996, 47.972810084000052 ], [ -123.107169404999979, 47.972786300000038 ], [ -123.107042317999955, 47.972787025000088 ], [ -123.107011917999927, 47.972765165000055 ], [ -123.106914802999938, 47.972626022 ], [ -123.106847095999981, 47.97245574500004 ], [ -123.106789951999943, 47.972403866 ], [ -123.106751845999966, 47.97238934600005 ], [ -123.106684198000011, 47.97231161700001 ], [ -123.106657078999959, 47.972181868000021 ], [ -123.106635483999952, 47.972147253000088 ], [ -123.10644994, 47.972005372000076 ], [ -123.10633621199996, 47.971944731000036 ], [ -123.106301446999922, 47.971914870000056 ], [ -123.106299741999976, 47.971845716000104 ], [ -123.10628696, 47.971828898000048 ], [ -123.106185941999968, 47.971813830000038 ], [ -123.106054472999929, 47.971714903000112 ], [ -123.105996197, 47.971698088000053 ], [ -123.105877838999973, 47.971684263000071 ], [ -123.105811146999969, 47.971658630000071 ], [ -123.105782004999952, 47.971421994000032 ], [ -123.105809627999989, 47.971319911000123 ], [ -123.105837380999915, 47.971281622000063 ], [ -123.106065615999967, 47.971177358000048 ], [ -123.106329100000011, 47.971174826 ], [ -123.106397986, 47.97115908200005 ], [ -123.10658347899998, 47.971056563000097 ], [ -123.106702322999951, 47.970959858000079 ], [ -123.106716943999942, 47.970927221000046 ], [ -123.106710049, 47.970861765000052 ], [ -123.106646039999944, 47.970684226000095 ], [ -123.106653442999914, 47.970548400000055 ], [ -123.106632395999966, 47.970495804000059 ], [ -123.106568648999911, 47.970445852000097 ], [ -123.106384765999977, 47.970396608000016 ], [ -123.106179481999959, 47.970397778000027 ], [ -123.105894806999956, 47.970336121000081 ], [ -123.105801468999928, 47.970255774000087 ], [ -123.105783483, 47.970190814000041 ], [ -123.105799402999978, 47.970053177000025 ], [ -123.105846103000019, 47.969989354000084 ], [ -123.105890016, 47.969953440000026 ], [ -123.106003518, 47.969887392000082 ], [ -123.106419049999914, 47.969721904000053 ], [ -123.106787215999987, 47.969522086000048 ], [ -123.106948010999986, 47.969394068000028 ], [ -123.107040974999904, 47.969296425000024 ], [ -123.107060847999946, 47.969256841000032 ], [ -123.107066357999898, 47.969185609000093 ], [ -123.107019322999975, 47.969102581000065 ], [ -123.107013375999955, 47.969058670000074 ], [ -123.10703994899994, 47.969023999000051 ], [ -123.10702352600002, 47.968894037000041 ], [ -123.107057393999952, 47.968781946 ], [ -123.107056076999939, 47.968691220000053 ], [ -123.107011317999962, 47.968616632000092 ], [ -123.106996323999951, 47.968549538000048 ], [ -123.107087774, 47.968347350000016 ], [ -123.107103371000051, 47.968209477000059 ], [ -123.107139038999975, 47.968086845000037 ], [ -123.107182216999959, 47.968036637000068 ], [ -123.107284211, 47.967996875000054 ], [ -123.107321092999925, 47.967901796000014 ], [ -123.107397853999942, 47.967779799000041 ], [ -123.107424829999985, 47.967705238000093 ], [ -123.107443284999988, 47.967584398000042 ], [ -123.107471602999965, 47.967540292000116 ], [ -123.107468794999988, 47.967476482000073 ], [ -123.10731423, 47.967303921000017 ], [ -123.10725851099987, 47.967216486000055 ], [ -123.107243416999964, 47.967020836000046 ], [ -123.107006551999916, 47.966893452000072 ], [ -123.106936483999988, 47.966823720000072 ], [ -123.106878552999916, 47.966784228000094 ], [ -123.106838589, 47.966710995000064 ], [ -123.106843598999959, 47.966677512000047 ], [ -123.107061252, 47.966368381000052 ], [ -123.107066762000017, 47.966297149000113 ], [ -123.107115204999943, 47.966219258000059 ], [ -123.107132012, 47.966110064000091 ], [ -123.107064986999973, 47.966011241000075 ], [ -123.106966655999926, 47.965937716000035 ], [ -123.106957125999912, 47.96591758400006 ], [ -123.107010906999932, 47.965862812000061 ], [ -123.10701414199994, 47.965838072000054 ], [ -123.106886846999984, 47.965744801000064 ], [ -123.106819502999912, 47.96563872800008 ], [ -123.106815238, 47.965590914000025 ], [ -123.106831481999919, 47.965518017000036 ], [ -123.106792091999949, 47.965457837000031 ], [ -123.10678865700001, 47.965428875000029 ], [ -123.106831197, 47.965364165 ], [ -123.106981370999975, 47.965240712000103 ], [ -123.107133588999943, 47.965163664000031 ], [ -123.107164829999945, 47.965136917000038 ], [ -123.107236417999928, 47.964897454000031 ], [ -123.107345276999965, 47.964620962000069 ], [ -123.10735752, 47.964555402000066 ], [ -123.107349062999901, 47.964510574 ], [ -123.107299760999922, 47.964421560000098 ], [ -123.107125081999968, 47.964282783000066 ], [ -123.107127665999926, 47.964194191000018 ], [ -123.107189433999977, 47.964075394000041 ], [ -123.107201549999971, 47.964006934000061 ], [ -123.10716838499998, 47.963940824000105 ], [ -123.107139036999968, 47.963912377000057 ], [ -123.107010225999943, 47.963833651000023 ], [ -123.106860979999936, 47.963830807000058 ], [ -123.10656897899996, 47.963874341000022 ], [ -123.106441197999956, 47.963868168000047 ], [ -123.106243054999965, 47.963883711000086 ], [ -123.106119539999966, 47.963925352000061 ], [ -123.105986237999971, 47.963941060000124 ], [ -123.105836492000023, 47.963975964000085 ], [ -123.10576936399994, 47.963972941000101 ], [ -123.105735124, 47.963931527000057 ], [ -123.105738102999965, 47.963900987 ], [ -123.105779438999932, 47.963858074000015 ], [ -123.105911774000035, 47.963771262000101 ], [ -123.106123235999945, 47.963665463000055 ], [ -123.106152316999939, 47.963638759000069 ], [ -123.106164443999987, 47.96361964900008 ], [ -123.106146512999914, 47.963506790000075 ], [ -123.10609810699998, 47.963438078000067 ], [ -123.105980531999947, 47.963319938000069 ], [ -123.105933911, 47.963291833000049 ], [ -123.105775830999974, 47.963235459 ], [ -123.105662455999919, 47.963163682000108 ], [ -123.105561207999955, 47.963072795000052 ], [ -123.105553509999964, 47.962996020000091 ], [ -123.105589551999941, 47.962832739000092 ], [ -123.105577417, 47.962802498000059 ], [ -123.105468361999939, 47.962730636000067 ], [ -123.105437294999959, 47.962663033000069 ], [ -123.105339992999973, 47.962612709000084 ], [ -123.10528370900002, 47.962512221000033 ], [ -123.105261669999962, 47.962502499000017 ], [ -123.105207817999968, 47.962506470000086 ], [ -123.105069062, 47.962545508000026 ], [ -123.104766324999915, 47.962541352000045 ], [ -123.104356901, 47.962568339000057 ], [ -123.104276818999949, 47.962565572000095 ], [ -123.104041774000024, 47.962528139 ], [ -123.103853468, 47.962472360000021 ], [ -123.103620131999961, 47.962375382000076 ], [ -123.103577258999977, 47.962334138000031 ], [ -123.103534761, 47.962252246 ], [ -123.103490217999962, 47.962074597000061 ], [ -123.103526647999928, 47.96192001800005 ], [ -123.103507972, 47.961888455000015 ], [ -123.103449921999982, 47.961846061000067 ], [ -123.103443054999957, 47.961788138000074 ], [ -123.10352153599996, 47.961705300000055 ], [ -123.103643263999984, 47.961623055000089 ], [ -123.103674242999872, 47.961541158000074 ], [ -123.103674801999944, 47.961455509000082 ], [ -123.103718170999969, 47.961409654000107 ], [ -123.103773529999927, 47.961292438 ], [ -123.10384127699993, 47.961211263000031 ], [ -123.103892141999978, 47.961188483000015 ], [ -123.103984219999958, 47.961169240000018 ], [ -123.104101898999943, 47.961191582000012 ], [ -123.104138221999918, 47.961182154000028 ], [ -123.104175303, 47.961140777000068 ], [ -123.104168873999939, 47.961043655000019 ], [ -123.104116153999982, 47.960975029000025 ], [ -123.104094475999943, 47.960825956000043 ], [ -123.104104229999919, 47.960654487000063 ], [ -123.104075769999909, 47.960596992 ], [ -123.103927985999917, 47.960528800000048 ], [ -123.103901056999916, 47.960506109000036 ], [ -123.103845476999965, 47.960421574000065 ], [ -123.103855008999957, 47.960350554000051 ], [ -123.103903362999958, 47.960214315000066 ], [ -123.103895099999974, 47.960173838000081 ], [ -123.103913633, 47.960103799000066 ], [ -123.104121665999969, 47.960067743000103 ], [ -123.104231708999905, 47.96001475900006 ], [ -123.104349121999974, 47.959981950000028 ], [ -123.104678446999941, 47.959952196000046 ], [ -123.104824605999951, 47.95995547100005 ], [ -123.104956746999989, 47.960002397000025 ], [ -123.105120053999954, 47.959969565000058 ], [ -123.105423545999969, 47.959958191000091 ], [ -123.105520377999966, 47.95996608800003 ], [ -123.105578056999946, 47.959986375000035 ], [ -123.105641353999928, 47.959991182000074 ], [ -123.105680384999985, 47.959979864000026 ], [ -123.105836095999976, 47.95988069200007 ], [ -123.105892320999914, 47.959859133000073 ], [ -123.106142368999897, 47.959825907999985 ], [ -123.106325820999984, 47.959771466000099 ], [ -123.106384297999938, 47.959725309000092 ], [ -123.106437627000034, 47.959660386000053 ], [ -123.106456666999961, 47.959601948000021 ], [ -123.1064654, 47.959456627000073 ], [ -123.106442523999945, 47.959378700000023 ], [ -123.106381472999871, 47.959276235000061 ], [ -123.106180716, 47.959125531000034 ], [ -123.106002264999972, 47.959036125000097 ], [ -123.105964970999977, 47.958986115000044 ], [ -123.105910012999985, 47.958841333000052 ], [ -123.105860789, 47.958779168000063 ], [ -123.105789210999902, 47.958723981000027 ], [ -123.105589611999932, 47.958656818000065 ], [ -123.105437147999936, 47.958678712 ], [ -123.105404060999959, 47.958663402000077 ], [ -123.105387798999899, 47.958637598000067 ], [ -123.105411085999904, 47.958528275000091 ], [ -123.105470436999923, 47.958403721000089 ], [ -123.105473589000013, 47.958278830000054 ], [ -123.105505455999975, 47.958217236000024 ], [ -123.105596494999972, 47.958151724000018 ], [ -123.105560989999958, 47.958055020000096 ], [ -123.105564213999955, 47.957980930000097 ], [ -123.105583445999969, 47.957926843000067 ], [ -123.105753087999943, 47.957755106000057 ], [ -123.105891376, 47.95755853400005 ], [ -123.10593396, 47.957358381000098 ], [ -123.105928606999882, 47.957236671000068 ], [ -123.105972601, 47.95717663000007 ], [ -123.106043243999949, 47.957133462000051 ], [ -123.106130946999926, 47.957124761000046 ], [ -123.106275935999975, 47.957085489000079 ], [ -123.106494223999988, 47.956954305000075 ], [ -123.106508542999904, 47.956926780000096 ], [ -123.106501193999947, 47.956894956000035 ], [ -123.106453135999956, 47.956845051000087 ], [ -123.106476634999964, 47.956799781000072 ], [ -123.106459754999989, 47.956667721000066 ], [ -123.106467570999925, 47.95661956900009 ], [ -123.106504015, 47.956594385000038 ], [ -123.106610921999987, 47.956593028 ], [ -123.106674653, 47.956567303000021 ], [ -123.106765050000035, 47.956449324000012 ], [ -123.106792214999956, 47.956342536000065 ], [ -123.106778598999981, 47.956317582000047 ], [ -123.106714988999983, 47.956286088000112 ], [ -123.106693539999966, 47.95624744400002 ], [ -123.106637286999927, 47.956202014999988 ], [ -123.106588240999969, 47.956051535000064 ], [ -123.106462742999966, 47.955888922000021 ], [ -123.106379515999919, 47.955826784000031 ], [ -123.105993712999961, 47.955677312000013 ], [ -123.105913716000032, 47.955631284000027 ], [ -123.105842370999966, 47.955620796000041 ], [ -123.105658547999937, 47.955631585000056 ], [ -123.105594284999967, 47.95562095700005 ], [ -123.105497000999875, 47.955584795000078 ], [ -123.105389394999975, 47.955475034000067 ], [ -123.105359182999948, 47.955432780000116 ], [ -123.105346364999974, 47.955383039 ], [ -123.105406443999968, 47.955298521000024 ], [ -123.105418306999965, 47.955245910000016 ], [ -123.105711285999945, 47.954961655000048 ], [ -123.105844728999983, 47.954868435000051 ], [ -123.105886280999968, 47.954846183 ], [ -123.105970742999915, 47.954832603000021 ], [ -123.106091138999943, 47.954830214 ], [ -123.106168517999961, 47.954816775000033 ], [ -123.106262243999979, 47.954772062000067 ], [ -123.106348364, 47.954715595000017 ], [ -123.106442072000021, 47.954589937000023 ], [ -123.106467052999946, 47.954513257000066 ], [ -123.106472250999957, 47.954470301000057 ], [ -123.106457144999922, 47.954449174000089 ], [ -123.106454320999973, 47.954384950000104 ], [ -123.106521148999917, 47.954212210000023 ], [ -123.106532278999964, 47.954142947000058 ], [ -123.106512360999986, 47.954012402000011 ], [ -123.106480160999965, 47.953924954000058 ], [ -123.106523771999946, 47.953788385000045 ], [ -123.106667155999929, 47.95366412100006 ], [ -123.106785142999968, 47.953607022000035 ], [ -123.10698809500002, 47.953467291000031 ], [ -123.107030882999979, 47.953392638000061 ], [ -123.10702066099995, 47.953321419000041 ], [ -123.106996903999899, 47.953264753000056 ], [ -123.106859401999927, 47.953119876000059 ], [ -123.106647661999915, 47.953059799000066 ], [ -123.106551323999923, 47.953045046000092 ], [ -123.106228367999947, 47.953034791000036 ], [ -123.106135466999959, 47.953017589000027 ], [ -123.105943821999901, 47.952930924000057 ], [ -123.105682283999954, 47.952785285000083 ], [ -123.105649176999975, 47.952773071000053 ], [ -123.105504815999936, 47.952757917000035 ], [ -123.105384522999927, 47.952703946000014 ], [ -123.104993963999945, 47.952599447000075 ], [ -123.10440664599993, 47.952357546000044 ], [ -123.104281286999949, 47.952329562000038 ], [ -123.104231032999948, 47.952299801000059 ], [ -123.104172119999944, 47.952242972000072 ], [ -123.104009355999921, 47.952167218000021 ], [ -123.103973819000018, 47.952099709000031 ], [ -123.103891162, 47.952049865000077 ], [ -123.103849104999981, 47.952005118000017 ], [ -123.103741631999938, 47.951931837000082 ], [ -123.103678830000035, 47.95187419200002 ], [ -123.103632816999905, 47.951795003000043 ], [ -123.103571251999981, 47.951773014 ], [ -123.103525550999947, 47.951708323000062 ], [ -123.10348585499996, 47.951676933000044 ], [ -123.103403594999946, 47.951636091000033 ], [ -123.103329354999957, 47.951583250000013 ], [ -123.10325408599995, 47.951413030000055 ], [ -123.103057688999954, 47.951259545000056 ], [ -123.10302781299994, 47.951224715000102 ], [ -123.103017321999985, 47.951097435000058 ], [ -123.102996559999951, 47.951040192000029 ], [ -123.103050336999971, 47.950966081000026 ], [ -123.103132420999913, 47.950887448000088 ], [ -123.103198255999942, 47.950679429000012 ], [ -123.103163363999926, 47.950636510000017 ], [ -123.103059241999972, 47.950583016000031 ], [ -123.103037553, 47.95055871800006 ], [ -123.103025451999954, 47.95047235400002 ], [ -123.103034032999943, 47.950331912000046 ], [ -123.10301837599998, 47.950280740000068 ], [ -123.102902319, 47.950170059000065 ], [ -123.102897420999909, 47.950100376000073 ], [ -123.102737962999939, 47.94997809500007 ], [ -123.1026888, 47.949907647000018 ], [ -123.102670537, 47.949787103000077 ], [ -123.102706124999912, 47.949714190000094 ], [ -123.102641095999971, 47.949673006000062 ], [ -123.1026579789999, 47.949621190000038 ], [ -123.102660276999941, 47.949542634000117 ], [ -123.102637291999898, 47.949411811000026 ], [ -123.102686705999972, 47.949268403000069 ], [ -123.102694904999936, 47.949144830000058 ], [ -123.102685045999905, 47.949014932000061 ], [ -123.102706113999901, 47.948942599000105 ], [ -123.102744921999943, 47.948896145000084 ], [ -123.102754487999889, 47.948852195 ], [ -123.102735787999976, 47.94877534200004 ], [ -123.102695918999956, 47.948696336000076 ], [ -123.10249765099995, 47.948487893000056 ], [ -123.102458891999973, 47.948464712 ], [ -123.102268061999908, 47.948398518000033 ], [ -123.102196024, 47.94838549100011 ], [ -123.102000049999944, 47.948380638000067 ], [ -123.101503396999959, 47.948277710000077 ], [ -123.101432141999922, 47.948254654000038 ], [ -123.101237859000022, 47.948137878000054 ], [ -123.100891848999979, 47.948017184 ], [ -123.100792440999911, 47.94793508000005 ], [ -123.100765639999935, 47.947898400000042 ], [ -123.100719917, 47.947759893000033 ], [ -123.100588961999946, 47.947656948000045 ], [ -123.100566045999926, 47.947614929000046 ], [ -123.10056496699994, 47.947502977000092 ], [ -123.100534593999939, 47.947391167 ], [ -123.100396646999968, 47.947229966000073 ], [ -123.100173464999969, 47.947163095000036 ], [ -123.099840855999986, 47.947112016000077 ], [ -123.099321690999915, 47.94701261900012 ], [ -123.099093074000038, 47.947011681000042 ], [ -123.098920433999922, 47.94697659600007 ], [ -123.098809803999956, 47.946967904000054 ], [ -123.098730580999955, 47.946933835999985 ], [ -123.098646035999948, 47.946864067 ], [ -123.09857540599991, 47.946651565000089 ], [ -123.098618163999987, 47.946327208000071 ], [ -123.098628661999967, 47.946000480000031 ], [ -123.098616582999952, 47.945910253000115 ], [ -123.098554924999988, 47.945818211000059 ], [ -123.098339251000013, 47.945644225000052 ], [ -123.097765777999982, 47.945227754000058 ], [ -123.097757509, 47.945131959000022 ], [ -123.097793548999974, 47.945024215000089 ], [ -123.097906772, 47.944898653000088 ], [ -123.098002901999948, 47.944767813000098 ], [ -123.098078240999897, 47.944629207000098 ], [ -123.09811452199996, 47.944515973000037 ], [ -123.098122721000024, 47.944433525000065 ], [ -123.097812120999905, 47.943957078000068 ], [ -123.097740887999947, 47.943908952000093 ], [ -123.097557857000012, 47.943838618000044 ], [ -123.096665346999956, 47.943678056000081 ], [ -123.096553505999921, 47.943644537000061 ], [ -123.096489362999975, 47.943574486000038 ], [ -123.096318458999946, 47.943210293 ], [ -123.096169837, 47.942988374000038 ], [ -123.095622100999989, 47.942502768000104 ], [ -123.095084702999941, 47.942071776000049 ], [ -123.094902216, 47.94190819100001 ], [ -123.094735653000015, 47.941746823000067 ], [ -123.094614722999921, 47.941590104000078 ], [ -123.094415665, 47.941525604000063 ], [ -123.094277574000017, 47.941539281000047 ], [ -123.093928379, 47.941669538000077 ], [ -123.093766926999976, 47.941716638000067 ], [ -123.093624356999968, 47.941722186000071 ], [ -123.093008978999961, 47.941646483000028 ], [ -123.092872014999983, 47.941599805000074 ], [ -123.092741709999956, 47.941512017 ], [ -123.092625962999975, 47.941388089000057 ], [ -123.092557239999962, 47.941213932000046 ], [ -123.092522365999983, 47.94107467700006 ], [ -123.092504478999956, 47.940844725000041 ], [ -123.092461748999952, 47.940617893000102 ], [ -123.092402923999899, 47.940479166000074 ], [ -123.092308375999949, 47.940371393000049 ], [ -123.091862489999954, 47.939985156000056 ], [ -123.091845410999952, 47.939771639000071 ], [ -123.091898495, 47.939490761000101 ], [ -123.091879535999922, 47.939343099000048 ], [ -123.09188072299996, 47.938992068000054 ], [ -123.091862829999954, 47.938866149000027 ], [ -123.091793147, 47.938766054 ], [ -123.091691253, 47.938674895000098 ], [ -123.091439172, 47.938600249000046 ], [ -123.091280196, 47.938614384000068 ], [ -123.090838639999944, 47.938691656000067 ], [ -123.090507965999976, 47.938678899000074 ], [ -123.090379574999986, 47.938640426000084 ], [ -123.090196404999944, 47.938556202000051 ], [ -123.089989202999902, 47.938491703000032 ], [ -123.089590494, 47.938422858000116 ], [ -123.089416014999912, 47.938349409000082 ], [ -123.089240605, 47.938256957000071 ], [ -123.089104917999961, 47.938152659000053 ], [ -123.089060369, 47.938065719000058 ], [ -123.089086235, 47.937906100000085 ], [ -123.089258134999938, 47.937540678000047 ], [ -123.089624420999968, 47.937050825000014 ], [ -123.089747892999952, 47.936790504000051 ], [ -123.089875442000022, 47.936634468000115 ], [ -123.090048102999916, 47.936378718000086 ], [ -123.090162290999942, 47.936283306000107 ], [ -123.090500427999942, 47.936177811000078 ], [ -123.09065711999996, 47.93611710900003 ], [ -123.09087295499998, 47.93601414000004 ], [ -123.090951248999929, 47.935935802000031 ], [ -123.09097968899998, 47.935839368000053 ], [ -123.091040595999957, 47.935739304000045 ], [ -123.091127309999962, 47.93566626300003 ], [ -123.091161726999928, 47.935619057000025 ], [ -123.091211382, 47.935445372000046 ], [ -123.091222085, 47.935132349000078 ], [ -123.091211553999983, 47.93488578100002 ], [ -123.091240251999977, 47.934794654000036 ], [ -123.091307845999964, 47.934664449000088 ], [ -123.091427632999938, 47.934516809000044 ], [ -123.091517750999927, 47.934429982000061 ], [ -123.091550925999925, 47.934346983000026 ], [ -123.091534516999985, 47.934251367000016 ], [ -123.09145588399997, 47.934135015000074 ], [ -123.091343295999977, 47.933887614000035 ], [ -123.09134127199998, 47.93347084 ], [ -123.091367932999972, 47.933327654000067 ], [ -123.091412941999963, 47.933236339000054 ], [ -123.091592558999977, 47.932966719000049 ], [ -123.091804706999966, 47.932767852000026 ], [ -123.091838846999948, 47.932714996000087 ], [ -123.091845362999962, 47.93267097600009 ], [ -123.091922605999912, 47.932581691000074 ], [ -123.092061639999898, 47.932493955 ], [ -123.092279336, 47.932429333000073 ], [ -123.092445372999933, 47.93239310300001 ], [ -123.092557105999958, 47.932341617000098 ], [ -123.092636464999913, 47.932285192000059 ], [ -123.092713275999984, 47.932176720000051 ], [ -123.092828728999962, 47.931930282000081 ], [ -123.092808081000044, 47.931821048000103 ], [ -123.092738297999901, 47.931729181000058 ], [ -123.092654615999919, 47.931582606000099 ], [ -123.092533474999925, 47.93132716800001 ], [ -123.092499017999941, 47.931196301000021 ], [ -123.092495907999961, 47.931122330000029 ], [ -123.092524601999926, 47.931031202000035 ], [ -123.092601008999964, 47.930914512000058 ], [ -123.092784747999971, 47.930823217000061 ], [ -123.093080656999902, 47.930501837000037 ], [ -123.093138558999939, 47.930423947000072 ], [ -123.093181686999955, 47.930294280000091 ], [ -123.093131425999928, 47.930163592000021 ], [ -123.093114344999961, 47.930054279000025 ], [ -123.093129333999954, 47.929933289000054 ], [ -123.093323758999972, 47.92952897 ], [ -123.093348777, 47.929446150000075 ], [ -123.093358266999985, 47.929108644000031 ], [ -123.093399193999971, 47.92901741700004 ], [ -123.093512117, 47.928886209000026 ], [ -123.093591791, 47.928752992000092 ], [ -123.093453222, 47.92866247400007 ], [ -123.093242971999928, 47.928430772000084 ], [ -123.093198693000019, 47.928349311 ], [ -123.093124086999964, 47.928315138000109 ], [ -123.093113923999937, 47.928274230000099 ], [ -123.093131567999961, 47.927936543000051 ], [ -123.093113682, 47.927706590000028 ], [ -123.093112548, 47.927402054000055 ], [ -123.093095627999944, 47.927202243000046 ], [ -123.093060627999947, 47.927060249000107 ], [ -123.093103591999935, 47.926916874000057 ], [ -123.093477357999959, 47.926509106000069 ], [ -123.093868226, 47.926117411000078 ], [ -123.093937946999944, 47.926031033000037 ], [ -123.093989828999895, 47.925996979000061 ], [ -123.093990283999929, 47.925922928000055 ], [ -123.09393652199995, 47.925814426000059 ], [ -123.093997921999986, 47.925714348000028 ], [ -123.094103820999962, 47.92562734100003 ], [ -123.094379103999984, 47.925479174000031 ], [ -123.094500314999976, 47.925454900000062 ], [ -123.09474476199992, 47.925354032000058 ], [ -123.094787829999945, 47.925306633000055 ], [ -123.094839099999916, 47.925176785000048 ], [ -123.094929196999914, 47.925089955000068 ], [ -123.095032591999981, 47.925024769000089 ], [ -123.09511035, 47.924842232000088 ], [ -123.095164167999911, 47.924764431000042 ], [ -123.095250482999944, 47.924694137000088 ], [ -123.095450095999951, 47.924594260000077 ], [ -123.095568582999988, 47.924504059000085 ], [ -123.095606024, 47.924143996000048 ], [ -123.095605798999969, 47.923952043000057 ], [ -123.095545957, 47.923604928000024 ], [ -123.095499531999977, 47.92347963900005 ], [ -123.095502019, 47.923353441000096 ], [ -123.095544301999936, 47.923196368000063 ], [ -123.095733802999987, 47.92277569700007 ], [ -123.095821450999949, 47.92262859100007 ], [ -123.095898644999934, 47.922528334000035 ], [ -123.095952755, 47.922466979000028 ], [ -123.096020136999968, 47.922416300000087 ], [ -123.09619465, 47.922116618000075 ], [ -123.09623152599994, 47.921838835000088 ], [ -123.096212045999934, 47.921586977000032 ], [ -123.096116836999954, 47.92136113300009 ], [ -123.096002222, 47.921165883000107 ], [ -123.095830624, 47.920796387000095 ], [ -123.095724830999941, 47.920614653000058 ], [ -123.095692117999988, 47.920519397000078 ], [ -123.09569267599997, 47.920437117000027 ], [ -123.095840013999975, 47.92007205100002 ], [ -123.09592739799993, 47.919919637000106 ], [ -123.096021316999952, 47.919838206000023 ], [ -123.096089634999942, 47.919806701 ], [ -123.096168460999934, 47.919750284000038 ], [ -123.096413818999949, 47.919668587000039 ], [ -123.096845602999963, 47.919468104000053 ], [ -123.097123720999946, 47.919295357000053 ], [ -123.097194501999979, 47.919230891000048 ], [ -123.09718363099995, 47.919165145000122 ], [ -123.097105007000025, 47.919048797000087 ], [ -123.096925621999915, 47.918874176000024 ], [ -123.096905124, 47.918778478 ], [ -123.09684591, 47.918631535000024 ], [ -123.096012735999949, 47.917685375000076 ], [ -123.09594132200003, 47.917445463000028 ], [ -123.095942333000011, 47.917289132000057 ], [ -123.095925213000015, 47.917168680000039 ], [ -123.095975690000031, 47.916929157000034 ], [ -123.09610719799997, 47.916855293000047 ], [ -123.096525362999941, 47.916720754000018 ], [ -123.096802057999966, 47.916696121000022 ], [ -123.097018856999966, 47.916708293000056 ], [ -123.097227667999917, 47.916734351000073 ], [ -123.097392960999954, 47.916777654000015 ], [ -123.097522837999932, 47.916764153000059 ], [ -123.097635444999938, 47.916720870000027 ], [ -123.097625291999989, 47.916586552000098 ], [ -123.09775558999992, 47.916488031000036 ], [ -123.097868482999942, 47.916356988000118 ], [ -123.097861617999982, 47.916112907000084 ], [ -123.097827577999922, 47.91589702100007 ], [ -123.097870914999959, 47.915761691000071 ], [ -123.097939138999934, 47.915645176000019 ], [ -123.098076641999953, 47.91552729900004 ], [ -123.098269139999985, 47.91544951 ], [ -123.098528176999963, 47.915397671000051 ], [ -123.098730865999968, 47.915371759000045 ], [ -123.099251283999934, 47.915336753000084 ], [ -123.099477975, 47.91538435000011 ], [ -123.099815088999989, 47.915531306000013 ], [ -123.099860045999961, 47.915533053000061 ], [ -123.099928652999964, 47.915517993000059 ], [ -123.099969721999983, 47.915440471000046 ], [ -123.100012244999931, 47.915288704 ], [ -123.100075716999967, 47.915158582000082 ], [ -123.100119324000019, 47.9150289 ], [ -123.100128428, 47.914954657000088 ], [ -123.100422725, 47.914603124000045 ], [ -123.100501385000015, 47.914533166000027 ], [ -123.100613066, 47.914481502000015 ], [ -123.100916924000018, 47.914428835000095 ], [ -123.101005230999959, 47.914399626 ], [ -123.101056837999963, 47.914360262000024 ], [ -123.101133202999975, 47.914243566000046 ], [ -123.101118811999925, 47.914095802000084 ], [ -123.10122099699997, 47.914016924000038 ], [ -123.101428812999984, 47.913908626000044 ], [ -123.101499878999945, 47.913860603000067 ], [ -123.101811244999922, 47.91351434200002 ], [ -123.101933099, 47.913410348000028 ], [ -123.101986773, 47.913236566000037 ], [ -123.102061912, 47.91318845200005 ], [ -123.102174403, 47.913153394000091 ], [ -123.102385877999978, 47.91303661300001 ], [ -123.102729586999899, 47.912788527 ], [ -123.102791530999966, 47.912710541000116 ], [ -123.102826298999986, 47.912567170000074 ], [ -123.102784623000019, 47.912455662000085 ], [ -123.102677475999911, 47.912246539000094 ], [ -123.102698560999912, 47.911886832000093 ], [ -123.1027316, 47.911812058000031 ], [ -123.10278212599998, 47.911750778000034 ], [ -123.102877606, 47.911691244000068 ], [ -123.103122817999946, 47.911617934000041 ], [ -123.103781725, 47.911382561000025 ], [ -123.104060587, 47.911226234000054 ], [ -123.104250501999957, 47.911096388000054 ], [ -123.104588188999941, 47.910892134000036 ], [ -123.104876710000028, 47.910683486 ], [ -123.104987137, 47.910596195000068 ], [ -123.105318435999962, 47.910241426000013 ], [ -123.105414045999964, 47.910184629000021 ], [ -123.105542691999958, 47.910146466000072 ], [ -123.105647824999949, 47.910127849000041 ], [ -123.105744519999945, 47.910093137 ], [ -123.105855617, 47.91001954200005 ], [ -123.10599675899995, 47.909893347 ], [ -123.106011169999988, 47.90985463500008 ], [ -123.105969883999919, 47.909751174000057 ], [ -123.105892736999948, 47.9096649620001 ], [ -123.105890021999983, 47.909412732000106 ], [ -123.105906861999983, 47.909330089000022 ], [ -123.106031704000017, 47.909204256000095 ], [ -123.106127310999938, 47.909147458000092 ], [ -123.106281071999945, 47.909122447000065 ], [ -123.106421667999939, 47.909078533000077 ], [ -123.10662009099994, 47.909038990000099 ], [ -123.106818677000035, 47.909013154 ], [ -123.107132161999928, 47.908908153000013 ], [ -123.107182544999901, 47.908844132000048 ], [ -123.107263366999945, 47.908735558000032 ], [ -123.107297174999971, 47.908666249000078 ], [ -123.107314449999976, 47.90850955500008 ], [ -123.107208916999951, 47.908426718000072 ], [ -123.10723444499996, 47.908261612000075 ], [ -123.107141973999958, 47.907832784000036 ], [ -123.107150125999965, 47.907646127000049 ], [ -123.10717363, 47.907533170000121 ], [ -123.107167907999937, 47.907489421000051 ], [ -123.106956331999967, 47.907323585 ], [ -123.10687063499995, 47.907229337000025 ], [ -123.10682716, 47.90716431700006 ], [ -123.106811677999971, 47.90699463800005 ], [ -123.106879600999903, 47.906872639 ], [ -123.107106701999953, 47.906659693000051 ], [ -123.107236956, 47.906561161000063 ], [ -123.107601885999969, 47.906414052000066 ], [ -123.107696811000025, 47.906343556000095 ], [ -123.107757931999942, 47.90624913100001 ], [ -123.107767325999987, 47.906004858000045 ], [ -123.107627707999896, 47.905705794 ], [ -123.107627169999915, 47.905601597999983 ], [ -123.107741126999954, 47.905410189000044 ], [ -123.107887403999982, 47.905305816000023 ], [ -123.107965895999911, 47.905232943000044 ], [ -123.107955958999966, 47.905093135000108 ], [ -123.107931140999938, 47.905003191000034 ], [ -123.107940906999971, 47.904942643 ], [ -123.108069942, 47.904819457000016 ], [ -123.108243625999947, 47.904681565000082 ], [ -123.108355286999938, 47.90463006500007 ], [ -123.108426573999978, 47.904576548000087 ], [ -123.108460947000026, 47.904529165000071 ], [ -123.1084327, 47.90444203900006 ], [ -123.108398452, 47.904398751000031 ], [ -123.108468525000021, 47.904320580000039 ], [ -123.108598097999987, 47.904208351000086 ], [ -123.108980408999983, 47.904000519000121 ], [ -123.109180726999952, 47.903917052000054 ], [ -123.109321171999952, 47.903870394000101 ], [ -123.109459257000012, 47.903848299000053 ], [ -123.109666778999951, 47.903838713000056 ], [ -123.109858949999932, 47.90384866400008 ], [ -123.109961611999921, 47.903769767000036 ], [ -123.110057231000013, 47.903630696000079 ], [ -123.110162218000013, 47.903423031000038 ], [ -123.11010749, 47.903201950000039 ], [ -123.110181062999942, 47.903101762000091 ], [ -123.110275334999926, 47.903028536000079 ], [ -123.110438703999961, 47.902940232000056 ], [ -123.110561606999966, 47.902858314000021 ], [ -123.110727264, 47.902723339000055 ], [ -123.111002825999918, 47.902594489000052 ], [ -123.111184406999939, 47.902555140000075 ], [ -123.11137533, 47.902529467000086 ], [ -123.111497415999978, 47.902524179000096 ], [ -123.111549842999963, 47.902512214000083 ], [ -123.111613141999982, 47.90247258400008 ], [ -123.111661489999975, 47.902367472 ], [ -123.111670441999962, 47.902290488000034 ], [ -123.111627928999951, 47.902069135000012 ], [ -123.111852934999888, 47.901804121000026 ], [ -123.111906435, 47.901720833000063 ], [ -123.111898812999982, 47.901638561 ], [ -123.111811361999926, 47.901508706000087 ], [ -123.11157706999991, 47.901274826000105 ], [ -123.111532681999961, 47.9012016 ], [ -123.111445340999921, 47.90115675400002 ], [ -123.111115327999954, 47.901070003000036 ], [ -123.111039159999976, 47.901013939 ], [ -123.110941105999927, 47.900823987000102 ], [ -123.110943010999918, 47.900593591000046 ], [ -123.110985482999979, 47.90025534100004 ], [ -123.110978705999969, 47.900107407000064 ], [ -123.111004622999985, 47.899950519000043 ], [ -123.111036665999961, 47.899845598000063 ], [ -123.111108104000024, 47.899712547999975 ], [ -123.111263849999915, 47.899542143000097 ], [ -123.11129832999994, 47.899486701000029 ], [ -123.111307583, 47.899426164000012 ], [ -123.111383736999983, 47.899295751000047 ], [ -123.111514767999921, 47.899213478999989 ], [ -123.11187952799996, 47.899074585000044 ], [ -123.111966289999955, 47.899004267000088 ], [ -123.111991677000034, 47.898929830000057 ], [ -123.112097717, 47.898743905000039 ], [ -123.112243811999974, 47.898357071000092 ], [ -123.112160010999929, 47.898032258000043 ], [ -123.112078250999986, 47.89784194500001 ], [ -123.111942429999942, 47.897351009000076 ], [ -123.112081454999981, 47.896986270000099 ], [ -123.112112684999886, 47.896864913000087 ], [ -123.112129940999978, 47.896708216 ], [ -123.11211511899991, 47.896552234000069 ], [ -123.111932873999919, 47.896122491000042 ], [ -123.111982563999973, 47.896044771000085 ], [ -123.112072988999969, 47.89596614400007 ], [ -123.112314543000011, 47.895892722000035 ], [ -123.112479665999984, 47.895757756000052 ], [ -123.112651561999911, 47.895584418000013 ], [ -123.113119593999983, 47.895193839000029 ], [ -123.11315719, 47.895118959000058 ], [ -123.113197761, 47.89474252800008 ], [ -123.113183904, 47.894616519000046 ], [ -123.113200322999944, 47.89452565600007 ], [ -123.11335456099998, 47.894325115000093 ], [ -123.113730102999966, 47.89396110300008 ], [ -123.11378931699987, 47.893921563 ], [ -123.113886643999962, 47.893900369000022 ], [ -123.114049322999918, 47.893891774000032 ], [ -123.11414803, 47.893908941000028 ], [ -123.114274447999989, 47.893909209000043 ], [ -123.114456933999975, 47.893795792000077 ], [ -123.114490897999914, 47.893740360000024 ], [ -123.114511221999919, 47.893635698000068 ], [ -123.114501950999951, 47.893241010000096 ], [ -123.114518792999945, 47.893076095000048 ], [ -123.114543759999975, 47.892993268000019 ], [ -123.11459642899996, 47.892893370000102 ], [ -123.114665802000047, 47.892801499000058 ], [ -123.114823145999964, 47.89266413100006 ], [ -123.114884642000021, 47.892402240000067 ], [ -123.114925098999919, 47.892302785 ], [ -123.114998408999938, 47.892208083000071 ], [ -123.115125477999953, 47.892128636000066 ], [ -123.115309043999943, 47.89203730400007 ], [ -123.115604710999918, 47.891707801000074 ], [ -123.115636907999914, 47.891616586000076 ], [ -123.115683597999933, 47.89156087 ], [ -123.115681840999969, 47.891525259000062 ], [ -123.115620860999982, 47.891435950000051 ], [ -123.115515341, 47.891352948000105 ], [ -123.115474072999959, 47.891342899000087 ], [ -123.115386194999928, 47.891286927000067 ], [ -123.115386890000011, 47.891218353000077 ], [ -123.115501340999955, 47.891131131000051 ], [ -123.115672674999942, 47.891039899000049 ], [ -123.115820788999926, 47.890973866000088 ], [ -123.115957931999915, 47.890943726000089 ], [ -123.116201620999902, 47.890914124000048 ], [ -123.11627996, 47.890931745000081 ], [ -123.116368918, 47.891009631000038 ], [ -123.116482831999988, 47.891004519000056 ], [ -123.116610730000019, 47.891034917000084 ], [ -123.116696404999985, 47.891035920000078 ], [ -123.117097234999932, 47.890978644000043 ], [ -123.117419262999917, 47.890966659000036 ], [ -123.117459895999943, 47.890974151000123 ], [ -123.117512542000043, 47.890956522000081 ], [ -123.117593313999933, 47.890847940000079 ], [ -123.11776517899996, 47.890674594000117 ], [ -123.117809961999953, 47.890580355000047 ], [ -123.117920349999935, 47.890410951000057 ], [ -123.118302338000021, 47.889920631000081 ], [ -123.118556734, 47.889767379000013 ], [ -123.118753296999927, 47.889598966000023 ], [ -123.118796878999973, 47.889573311000035 ], [ -123.119154376, 47.889546990000071 ], [ -123.119841253999965, 47.889585468000057 ], [ -123.120178783999904, 47.889567645000099 ], [ -123.120663987999976, 47.889464766000025 ], [ -123.120821893999945, 47.889442383000045 ], [ -123.121184342, 47.889155422 ], [ -123.121246501999963, 47.889082904000048 ], [ -123.121297504999944, 47.888856891000081 ], [ -123.121361242999967, 47.888713208000098 ], [ -123.121394918999911, 47.888569682000117 ], [ -123.121454910999915, 47.888453334000083 ], [ -123.12153241299994, 47.888361276000111 ], [ -123.121705903999967, 47.888231593000036 ], [ -123.122053698999963, 47.888071105000087 ], [ -123.122443165999954, 47.88792888000004 ], [ -123.122618449, 47.887928217000074 ], [ -123.122824576999989, 47.887984454000019 ], [ -123.122894362999901, 47.887994034000016 ], [ -123.123140480999908, 47.887931455000086 ], [ -123.123303240999945, 47.887832175000035 ], [ -123.123409380999988, 47.887742217000046 ], [ -123.123467327999961, 47.887667049000044 ], [ -123.123627098999947, 47.887589775000045 ], [ -123.123753236000013, 47.887502283000103 ], [ -123.123930786999949, 47.887454776000062 ], [ -123.124355877999946, 47.887476460000094 ], [ -123.12458696299997, 47.887450036000025 ], [ -123.124954187999961, 47.88736314700003 ], [ -123.125030040999931, 47.887320314000043 ], [ -123.125102375999987, 47.887206430000042 ], [ -123.125231871999958, 47.887094180000069 ], [ -123.125362044999974, 47.886995627 ], [ -123.125493165999984, 47.886916249000102 ], [ -123.125822003999986, 47.88651741700005 ], [ -123.125976274999985, 47.886226359000034 ], [ -123.126132883, 47.88607510800005 ], [ -123.126213361, 47.885961040000034 ], [ -123.126297533999931, 47.885931903000014 ], [ -123.126757603999962, 47.885826646000098 ], [ -123.127079743999985, 47.88573527500008 ], [ -123.127521723999962, 47.88558380000007 ], [ -123.127661526999987, 47.885515195000075 ], [ -123.127775256999968, 47.885414093000065 ], [ -123.127791648, 47.885323228000097 ], [ -123.127524497999914, 47.885002187000083 ], [ -123.127314645999988, 47.884685518 ], [ -123.127237738999909, 47.884511559 ], [ -123.127234854999941, 47.884360793000049 ], [ -123.12734719300002, 47.884221331000056 ], [ -123.127729795999969, 47.883931153000027 ], [ -123.12786033, 47.883747575000022 ], [ -123.127905335, 47.883565743000077 ], [ -123.127905843999969, 47.883401189000054 ], [ -123.127781384999935, 47.883162307000092 ], [ -123.127790037999929, 47.882997572000043 ], [ -123.12782719700003, 47.882914469000113 ], [ -123.128070263999959, 47.882698373999986 ], [ -123.12822468499995, 47.882585562000067 ], [ -123.128615730999982, 47.882394088000034 ], [ -123.128765567999949, 47.882281378000037 ], [ -123.128894356000018, 47.882155255999983 ], [ -123.128982160999925, 47.882107011000087 ], [ -123.129240188999958, 47.882038665000024 ], [ -123.129337793999952, 47.882033907000078 ], [ -123.12962148299998, 47.881907567000013 ], [ -123.129847064999964, 47.88176042 ], [ -123.129977453999913, 47.881656371000105 ], [ -123.130004969999987, 47.88154331800007 ], [ -123.130015108999928, 47.881408714000031 ], [ -123.130005122999989, 47.881186806000059 ], [ -123.129908356999977, 47.880931023000038 ], [ -123.129910443, 47.880705930000069 ], [ -123.129989782999971, 47.880558976000074 ], [ -123.130090611999933, 47.880444621000031 ], [ -123.130223157, 47.880301959000036 ], [ -123.130404481999932, 47.880166772000045 ], [ -123.130612549, 47.88007760700004 ], [ -123.130970470999912, 47.879968795000103 ], [ -123.13124613699992, 47.879845374000091 ], [ -123.131401121999943, 47.879754483000035 ], [ -123.131645840999937, 47.879664663000057 ], [ -123.132235503, 47.879348397000101 ], [ -123.132712515000037, 47.878990436000052 ], [ -123.132974415999897, 47.878826013000044 ], [ -123.133720024999974, 47.878448990000024 ], [ -123.133964462999941, 47.878353687000043 ], [ -123.134198171999927, 47.878288619000081 ], [ -123.13444898399996, 47.87823962100002 ], [ -123.134708663, 47.878215276000049 ], [ -123.135405706999904, 47.878214867000011 ], [ -123.135623535, 47.878158380000045 ], [ -123.135750138999967, 47.878070863000083 ], [ -123.135925641999918, 47.877993218000057 ], [ -123.13621297, 47.877940824000085 ], [ -123.136489070999943, 47.877918848000036 ], [ -123.136714903999987, 47.877859437 ], [ -123.136933938999974, 47.877745330000067 ], [ -123.137314687999918, 47.877501780000074 ], [ -123.137583136999964, 47.877397702000074 ], [ -123.137817417999969, 47.877354553000067 ], [ -123.138128541999947, 47.877381148000048 ], [ -123.138346945000023, 47.877346582000023 ], [ -123.138571137999989, 47.877254296000025 ], [ -123.138744659999944, 47.87711652800008 ], [ -123.138832013000012, 47.876977615000051 ], [ -123.138831190999923, 47.876500287000077 ], [ -123.138902902, 47.876364468000112 ], [ -123.138981889999954, 47.876313499000084 ], [ -123.139170113999953, 47.876235733000037 ], [ -123.139485522999948, 47.876174471000034 ], [ -123.139799022, 47.876074858000045 ], [ -123.13994365399995, 47.8759403110001 ], [ -123.14020522299991, 47.875493583 ], [ -123.140324751999927, 47.875427988000084 ], [ -123.140961094999923, 47.875171128000062 ], [ -123.141462585999946, 47.875081502000015 ], [ -123.141566235999889, 47.875024491 ], [ -123.141619935999984, 47.874946665000053 ], [ -123.141610385999925, 47.874826558000059 ], [ -123.141585465, 47.874725137000013 ], [ -123.141626948999985, 47.874647585999988 ], [ -123.141786380000013, 47.874564808000073 ], [ -123.142019553999944, 47.874499736000111 ], [ -123.142147444999964, 47.874346366000026 ], [ -123.142314880999976, 47.874260663000037 ], [ -123.142523328999957, 47.873995953000083 ], [ -123.142532268999929, 47.873929934000031 ], [ -123.142460687999943, 47.8738737850001 ], [ -123.142286246999973, 47.873808643000039 ], [ -123.142194717999956, 47.873761170000108 ], [ -123.142182716999955, 47.87367368400006 ], [ -123.142313030999986, 47.873487179000087 ], [ -123.142470144999933, 47.87335800200006 ], [ -123.142922417999941, 47.873170581000082 ], [ -123.143764393999987, 47.872849079000041 ], [ -123.144078139, 47.872754934000071 ], [ -123.144581013999954, 47.872519916000087 ], [ -123.145005181999977, 47.872341348000049 ], [ -123.145438855, 47.872189987000041 ], [ -123.145837688999919, 47.872085861000045 ], [ -123.146221329999975, 47.872004016000027 ], [ -123.146550811999958, 47.871898710000018 ], [ -123.146933014999959, 47.87169622800004 ], [ -123.147046679999946, 47.871595107000111 ], [ -123.147133007, 47.871426043000078 ], [ -123.147270764000041, 47.871225823000032 ], [ -123.147505897999906, 47.870741107000072 ], [ -123.14759362700002, 47.870610404000089 ], [ -123.147663188999985, 47.870523990000038 ], [ -123.147833717999944, 47.87041901300006 ], [ -123.147904371999942, 47.870354514000056 ], [ -123.147938491, 47.870211309000112 ], [ -123.147999039999959, 47.87009750300011 ], [ -123.148076341, 47.870002857 ], [ -123.148269652999957, 47.869864456000101 ], [ -123.148582890999961, 47.869668839999989 ], [ -123.148736446999976, 47.869550533000051 ], [ -123.148840425999978, 47.869408663000037 ], [ -123.149033461999963, 47.869264783000034 ], [ -123.149494292999989, 47.868994868000087 ], [ -123.14967590199997, 47.868856900000047 ], [ -123.15001246999995, 47.868822556000033 ], [ -123.1501699, 47.868792086000013 ], [ -123.150275097, 47.868674699000067 ], [ -123.150420094, 47.868548355 ], [ -123.150612336000037, 47.868470307000024 ], [ -123.150821045999948, 47.86840576900002 ], [ -123.151092221999988, 47.86826594500009 ], [ -123.151496404999961, 47.867923088000055 ], [ -123.151560886999974, 47.867806619000092 ], [ -123.151699616, 47.867636537000067 ], [ -123.151748810999905, 47.867550581000046 ], [ -123.151724893999969, 47.867194436000062 ], [ -123.151647502999936, 47.866902489000076 ], [ -123.167150271999972, 47.866902609000086 ], [ -123.167222646999988, 47.954105578000082 ], [ -123.165956893999962, 47.954105704 ], [ -123.165995080999934, 47.999715260000066 ], [ -123.16442623, 47.999735109000014 ], [ -123.164951459999884, 48.014171731 ], [ -123.165091391999951, 48.021386784000022 ], [ -123.165511805, 48.028722889000036 ], [ -123.166000800999953, 48.036035956000013 ], [ -123.166571387999909, 48.043352663000107 ], [ -123.167673581, 48.043339668 ], [ -123.167610795999977, 48.057951444 ], [ -123.167483609999977, 48.078754536000055 ], [ -123.163714359999958, 48.078138766000087 ], [ -123.16208584599994, 48.077898062000074 ], [ -123.156708467000016, 48.07703278400006 ], [ -123.151700240999944, 48.076334103000065 ], [ -123.150632677000019, 48.076219150000057 ], [ -123.150638811999968, 48.07608421200009 ], [ -123.150606282999959, 48.075967643000041 ], [ -123.150557811999946, 48.075848400000034 ], [ -123.150386018999924, 48.075581222000032 ], [ -123.150362763999979, 48.075457375 ], [ -123.150363167999913, 48.075381125 ], [ -123.150381150999962, 48.07518568600009 ], [ -123.150433598999982, 48.07492988700006 ], [ -123.150532421999955, 48.074599350000071 ], [ -123.150666394999945, 48.074339526000067 ], [ -123.150970039999947, 48.073823916000038 ], [ -123.151002577999961, 48.07369087600005 ], [ -123.150984555, 48.073602343000097 ], [ -123.150938766999943, 48.073507869 ], [ -123.150764306999974, 48.073304481000044 ], [ -123.15074590899998, 48.073180234000063 ], [ -123.150797335999954, 48.07308796100007 ], [ -123.150914247999935, 48.072966598000058 ], [ -123.150987882999971, 48.072810738000058 ], [ -123.150997790999952, 48.072470297000031 ], [ -123.150947172999921, 48.071991427000029 ], [ -123.150919006999956, 48.071884744000087 ], [ -123.150829410999947, 48.0717357 ], [ -123.150800290999953, 48.071548971 ], [ -123.150820627999948, 48.071462154000102 ], [ -123.150853583999904, 48.071395240000086 ], [ -123.150958575999979, 48.071287164000111 ], [ -123.151065971999984, 48.071116361000101 ], [ -123.151115916999956, 48.070956972000047 ], [ -123.151095019999985, 48.07078475 ], [ -123.151036632999947, 48.070650706000023 ], [ -123.150935778999951, 48.070471634000043 ], [ -123.150891381999926, 48.070335333000038 ], [ -123.150916821999886, 48.070111029000053 ], [ -123.151088148999932, 48.069655228000087 ], [ -123.151302430999976, 48.069283495000057 ], [ -123.151664657999959, 48.068804215000014 ], [ -123.151823215999926, 48.068518909000041 ], [ -123.151977717999912, 48.068282892000056 ], [ -123.152117269000016, 48.068116424000038 ], [ -123.152349325999936, 48.067915892000059 ], [ -123.1525144699999, 48.067802766000021 ], [ -123.153397614999989, 48.06729473500009 ], [ -123.153583117999972, 48.067208698000066 ], [ -123.154156076999953, 48.067011078000057 ], [ -123.154602422999929, 48.066828098000016 ], [ -123.155007083000015, 48.066600172000079 ], [ -123.155190901999944, 48.066464755000069 ], [ -123.15533214700001, 48.066335389000116 ], [ -123.155409279, 48.066210656000095 ], [ -123.155420095999915, 48.066148918000053 ], [ -123.155358418999953, 48.065883521000032 ], [ -123.155355312999944, 48.065814542000098 ], [ -123.155372736999979, 48.065724846000045 ], [ -123.155515632999965, 48.06530336200008 ], [ -123.155550624999947, 48.065085023000037 ], [ -123.155586177999979, 48.064991052000082 ], [ -123.155676577999884, 48.064824792000088 ], [ -123.155752798, 48.064735395000071 ], [ -123.155918523999929, 48.064599110000067 ], [ -123.155959540999959, 48.064538376000023 ], [ -123.155975137999974, 48.064452266000089 ], [ -123.155938179999978, 48.064360746000062 ], [ -123.155833021999925, 48.064276434000107 ], [ -123.155745608999936, 48.064228207000028 ], [ -123.155220582000013, 48.064005516000066 ], [ -123.154941467999919, 48.06387281300001 ], [ -123.154695087999983, 48.063726582000086 ], [ -123.154183221999972, 48.063302559000086 ], [ -123.154122945999944, 48.063240017000062 ], [ -123.154082768999942, 48.063152988000056 ], [ -123.154078595999906, 48.063115052000029 ], [ -123.154095787999907, 48.062804456 ], [ -123.154074699999967, 48.06266409700001 ], [ -123.154028953999898, 48.062600901000032 ], [ -123.153963896999954, 48.062540828000024 ], [ -123.153386295999908, 48.062063547000072 ], [ -123.153285547999971, 48.061962880000081 ], [ -123.153170116000013, 48.061791008000078 ], [ -123.153084058, 48.061511471000038 ], [ -123.152877850999971, 48.060439419000069 ], [ -123.152776665999966, 48.06010630100004 ], [ -123.1527118, 48.059962336000027 ], [ -123.152524716999977, 48.059701805000053 ], [ -123.152142391999945, 48.059370529 ], [ -123.150710427999968, 48.058247170000037 ], [ -123.15019702499994, 48.057926939000012 ], [ -123.149761432999952, 48.057717225000069 ], [ -123.14943491899993, 48.05757579 ], [ -123.148790018999975, 48.057243666000062 ], [ -123.148554977999936, 48.057095370000042 ], [ -123.148265012999957, 48.056826285000071 ], [ -123.148095700999946, 48.056625894000014 ], [ -123.14782094399996, 48.056263720000068 ], [ -123.147770572999917, 48.056129352000056 ], [ -123.147765936999974, 48.056061368000016 ], [ -123.1477857779999, 48.055969531000066 ], [ -123.147857593, 48.055847811000028 ], [ -123.147969871999933, 48.055738412000032 ], [ -123.148367516999883, 48.055464848000042 ], [ -123.148417444999922, 48.055409354000076 ], [ -123.148458906999906, 48.055326365000049 ], [ -123.148473489999986, 48.055177246000056 ], [ -123.148436856999979, 48.055022719000057 ], [ -123.148359321999934, 48.054845476000054 ], [ -123.148063332999982, 48.054475604000089 ], [ -123.147994386999954, 48.054401956000028 ], [ -123.147862183999948, 48.054297099000067 ], [ -123.147711946999934, 48.054210984000044 ], [ -123.147419108999927, 48.054072765000065 ], [ -123.146836525, 48.053837694000066 ], [ -123.146440887999916, 48.053664476000037 ], [ -123.146267149999943, 48.053546870000076 ], [ -123.146174081999973, 48.05345928800002 ], [ -123.146091449999972, 48.053352906000015 ], [ -123.146032514999945, 48.05325696200007 ], [ -123.145985495, 48.053140554000031 ], [ -123.145953941999963, 48.052991202 ], [ -123.145954319999987, 48.052841209000043 ], [ -123.145979849999989, 48.052697849 ], [ -123.146070653999928, 48.052505559000068 ], [ -123.14612080499991, 48.052356942000124 ], [ -123.146140149, 48.052075623000022 ], [ -123.146161036999956, 48.051987115000067 ], [ -123.146220522, 48.051888305000062 ], [ -123.146464112999979, 48.051619132 ], [ -123.146655312999911, 48.051448625000013 ], [ -123.146759528999908, 48.051317964000042 ], [ -123.146783216999935, 48.051212733000035 ], [ -123.146778843, 48.051115210000049 ], [ -123.146685405999989, 48.050852831000014 ], [ -123.14653094399992, 48.050496452000104 ], [ -123.146498964999921, 48.050337587000101 ], [ -123.146513102999947, 48.050177791000024 ], [ -123.146577806999971, 48.050000835000034 ], [ -123.146694592999978, 48.049474192000069 ], [ -123.146726629999947, 48.049159287000045 ], [ -123.146714442, 48.048966692000093 ], [ -123.146622717999946, 48.048742371000088 ], [ -123.146500986000021, 48.048561507000045 ], [ -123.146259313, 48.048318781000035 ], [ -123.146063727999987, 48.048153690000063 ], [ -123.145694138999957, 48.047908780000043 ], [ -123.145347358999942, 48.047618174999975 ], [ -123.145020298, 48.047212895000015 ], [ -123.144990669999942, 48.04710635900009 ], [ -123.145015637999919, 48.04702967200005 ], [ -123.145093389, 48.046942399000024 ], [ -123.14513212, 48.046855911000058 ], [ -123.145110332999977, 48.046765882000074 ], [ -123.145130899999955, 48.046670237000058 ], [ -123.145163600999936, 48.04660767900004 ], [ -123.145243056999902, 48.04655846200005 ], [ -123.145626863, 48.046407883000029 ], [ -123.145722986999942, 48.046334524 ], [ -123.145794388, 48.046264043000029 ], [ -123.146312540999986, 48.04554651600008 ], [ -123.146400500999974, 48.04544951200004 ], [ -123.146489956, 48.045385809000024 ], [ -123.146628751999941, 48.04531396900002 ], [ -123.146918474999907, 48.045203374000025 ], [ -123.147193583999936, 48.045083550000058 ], [ -123.147700161000017, 48.044820973000093 ], [ -123.148087518999901, 48.044591748000045 ], [ -123.148361044, 48.04435767600004 ], [ -123.148675686, 48.043932315000106 ], [ -123.148721929999894, 48.043855198000109 ], [ -123.148724432999941, 48.043752775 ], [ -123.148692450999974, 48.04359391 ], [ -123.148527034999972, 48.043230612000045 ], [ -123.148408750999934, 48.043047300000062 ], [ -123.148341833999908, 48.04290104400004 ], [ -123.148329936, 48.04279415000007 ], [ -123.148345265999936, 48.042581954000113 ], [ -123.148415319999927, 48.042323418000123 ], [ -123.148525029999973, 48.042078368 ], [ -123.148610846999986, 48.041933790000037 ], [ -123.148729759999966, 48.041814734000035 ], [ -123.148798318000033, 48.041710813000059 ], [ -123.148898508999963, 48.041461357000024 ], [ -123.148950930999945, 48.041205558000087 ], [ -123.148959163999891, 48.040993505000039 ], [ -123.14892931699994, 48.040882212000071 ], [ -123.148853042000027, 48.040764714000026 ], [ -123.148771594999957, 48.040690172999987 ], [ -123.14853528299993, 48.040566382000044 ], [ -123.14826747799998, 48.04045274900006 ], [ -123.147935403999966, 48.040330889000103 ], [ -123.147497805999961, 48.040151637000108 ], [ -123.147352197999922, 48.040071248000025 ], [ -123.147194562999957, 48.039960151000074 ], [ -123.146840308999941, 48.039660179000023 ], [ -123.14587774999994, 48.039243543000012 ], [ -123.145754987999922, 48.039174708000097 ], [ -123.145652430999945, 48.039091778000078 ], [ -123.145572360999921, 48.038969975000036 ], [ -123.145540368999932, 48.038895081000057 ], [ -123.145522092999897, 48.038801759000052 ], [ -123.145527305, 48.038585667000028 ], [ -123.145568946, 48.038339268000072 ], [ -123.145670668999955, 48.038046379 ], [ -123.145956364, 48.037472836000063 ], [ -123.146238956000019, 48.037028076000034 ], [ -123.146451249999984, 48.036789498000097 ], [ -123.146576438999944, 48.036688113000061 ], [ -123.146856018999983, 48.036516747000093 ], [ -123.147088517999961, 48.036405331000019 ], [ -123.147549539999901, 48.036246334000097 ], [ -123.147791277999943, 48.036146716000111 ], [ -123.147951789, 48.036054661000051 ], [ -123.148074525, 48.035969494000014 ], [ -123.148265507, 48.035769797 ], [ -123.148872915999988, 48.034953957 ], [ -123.14889793, 48.034864801 ], [ -123.148898479999943, 48.034750548000055 ], [ -123.148886958, 48.034673633000097 ], [ -123.148846978999956, 48.034570047000052 ], [ -123.148803572999896, 48.034497331000068 ], [ -123.148654847999964, 48.034325990000106 ], [ -123.148506401999938, 48.034207575000075 ], [ -123.14831903299995, 48.034112729000043 ], [ -123.147924064999984, 48.034003271000053 ], [ -123.147757868999989, 48.033945342000052 ], [ -123.147585421999949, 48.033864717000036 ], [ -123.14746497500002, 48.033782499000068 ], [ -123.147147301999937, 48.033496777000053 ], [ -123.147032725999964, 48.033432777 ], [ -123.146926062000034, 48.033387711000017 ], [ -123.146630939999937, 48.03328514400004 ], [ -123.146192629000012, 48.033178099000068 ], [ -123.145816041999979, 48.033111962000106 ], [ -123.145152551999914, 48.033031844000043 ], [ -123.144924705999969, 48.032989996000062 ], [ -123.144803120999967, 48.032960624000019 ], [ -123.144609488999933, 48.032892091000036 ], [ -123.144481254999988, 48.032803549000072 ], [ -123.144387907999985, 48.032700677 ], [ -123.14432626699994, 48.032592403000102 ], [ -123.144269512000022, 48.032355471000052 ], [ -123.144272294999908, 48.031973642000068 ], [ -123.144304369999972, 48.031513770000039 ], [ -123.14427593099991, 48.031387424000052 ], [ -123.144207586, 48.031279447 ], [ -123.143905801999935, 48.030932776000014 ], [ -123.143753718999989, 48.030716272000035 ], [ -123.143630807999941, 48.030483032000106 ], [ -123.143593594999984, 48.030181176000077 ], [ -123.143386416999988, 48.029913943000089 ], [ -123.143252014999959, 48.029845227000088 ], [ -123.143090947999951, 48.02981514 ], [ -123.142866901999966, 48.02980536700008 ], [ -123.142647041, 48.029809794000087 ], [ -123.142496046999923, 48.02984616500008 ], [ -123.142356968999948, 48.029910865000012 ], [ -123.142233138000037, 48.02999906400003 ], [ -123.142098137999938, 48.030075585000056 ], [ -123.141786891999956, 48.030179460000035 ], [ -123.141568305999911, 48.030212429000095 ], [ -123.141380571999889, 48.030220968 ], [ -123.14113514099995, 48.030209241000101 ], [ -123.140963327999955, 48.030176988000086 ], [ -123.140527754999965, 48.030040525000082 ], [ -123.139975179999951, 48.02981558500003 ], [ -123.13890109399992, 48.029301871000072 ], [ -123.138430257999985, 48.02901136000002 ], [ -123.138194172999974, 48.028811361000081 ], [ -123.138064150999966, 48.028602086 ], [ -123.138010827999906, 48.028441267000098 ], [ -123.137991757999941, 48.028332136000031 ], [ -123.137986658999935, 48.02821796300001 ], [ -123.138067413999963, 48.027483069000034 ], [ -123.138075199, 48.027180558000069 ], [ -123.138028863999978, 48.027017217000044 ], [ -123.137947599999904, 48.026866482000095 ], [ -123.137666146999976, 48.026524548000047 ], [ -123.137598071999946, 48.026430686000012 ], [ -123.137463345999919, 48.026195317000074 ], [ -123.137312694999963, 48.026000742000043 ], [ -123.137055350999987, 48.025801167000061 ], [ -123.136886444999959, 48.025595054000057 ], [ -123.136786019999974, 48.025421174000066 ], [ -123.136776054999984, 48.025268728000057 ], [ -123.136789791999973, 48.025099419000078 ], [ -123.136876930999975, 48.024904828000061 ], [ -123.137008993999956, 48.024683146000022 ], [ -123.137008399999942, 48.024590309000061 ], [ -123.136938947999923, 48.024465524000036 ], [ -123.136833719999942, 48.0243343160001 ], [ -123.136174190999895, 48.023790466000051 ], [ -123.135493127999965, 48.023161338000044 ], [ -123.135055064999946, 48.022808257000051 ], [ -123.134901691999957, 48.022711344000115 ], [ -123.13480806499993, 48.022601328000071 ], [ -123.134617737, 48.022312315000043 ], [ -123.13450733800002, 48.022224063000024 ], [ -123.134340844999926, 48.022151219000044 ], [ -123.134193883999927, 48.022118456000086 ], [ -123.134019193999933, 48.022100535000014 ], [ -123.133783014999949, 48.022136222000043 ], [ -123.133673052999896, 48.022216992000068 ], [ -123.133519059999969, 48.02226531500007 ], [ -123.133412796999963, 48.022269828000077 ], [ -123.133294200000023, 48.02223649500008 ], [ -123.133235562999957, 48.022194817000091 ], [ -123.133202003999926, 48.022078834000091 ], [ -123.133192733999962, 48.021950460000049 ], [ -123.133200979999913, 48.021816972000089 ], [ -123.133257064999952, 48.021642053 ], [ -123.133380513999953, 48.021465782000085 ], [ -123.133628103999939, 48.021208458000018 ], [ -123.134370905000011, 48.020357912000073 ], [ -123.134466255999925, 48.020267912000094 ], [ -123.134505560999955, 48.020114756000027 ], [ -123.134379651999936, 48.019917299000035 ], [ -123.134364561999945, 48.019817610000047 ], [ -123.134417576999951, 48.01973322 ], [ -123.134580501999935, 48.019646624000103 ], [ -123.134717971999947, 48.019546255000066 ], [ -123.134834001999963, 48.019362989000086 ], [ -123.134854516999937, 48.019186402000052 ], [ -123.134794440999954, 48.019032859000042 ], [ -123.134691821999979, 48.018880170000024 ], [ -123.134295298999959, 48.018661956000081 ], [ -123.133795858999946, 48.018443425000036 ], [ -123.133685467999967, 48.018355171 ], [ -123.133637834999902, 48.018241851000049 ], [ -123.133635655999939, 48.018113334000077 ], [ -123.133660886999976, 48.017962841000063 ], [ -123.133710402999981, 48.017799956 ], [ -123.133926808999931, 48.017559920000025 ], [ -123.134494711999949, 48.017165225000056 ], [ -123.134678735, 48.01699488 ], [ -123.134727399000013, 48.016812966000039 ], [ -123.134693991999924, 48.016620795000037 ], [ -123.134594073999907, 48.016449006000038 ], [ -123.134500670999898, 48.016343747000022 ], [ -123.134358377999945, 48.016256134000066 ], [ -123.134151846999899, 48.016160287000034 ], [ -123.133798479999896, 48.016034055000077 ], [ -123.133493213999955, 48.015952091000045 ], [ -123.133171921000013, 48.015908539000087 ], [ -123.132759723999982, 48.01589538000006 ], [ -123.132402505999949, 48.015921589000101 ], [ -123.131860462999967, 48.016020543000117 ], [ -123.131525256000018, 48.016062973000068 ], [ -123.131151737999929, 48.016041890000018 ], [ -123.130855049999965, 48.015993078000065 ], [ -123.130657416999952, 48.015937519 ], [ -123.130469891, 48.015869853 ], [ -123.130362739999924, 48.015774389000079 ], [ -123.130339297999953, 48.01564629800005 ], [ -123.130352154999954, 48.015536526000034 ], [ -123.130463218, 48.01540098 ], [ -123.130586820999909, 48.01530803600005 ], [ -123.131293253, 48.01499628700001 ], [ -123.132321051999952, 48.014411447000022 ], [ -123.132937332999958, 48.014018569000022 ], [ -123.134468001999963, 48.012959156000122 ], [ -123.134677607, 48.01277219100011 ], [ -123.134799374999929, 48.012593165000041 ], [ -123.134830865999945, 48.012509140000105 ], [ -123.134839540999963, 48.01241962000006 ], [ -123.134809738999977, 48.012144582000047 ], [ -123.134827648999945, 48.011972605000025 ], [ -123.134856757, 48.011901218000069 ], [ -123.134972948999973, 48.011726158000066 ], [ -123.135102916999983, 48.011569067000039 ], [ -123.135316747, 48.011362923000036 ], [ -123.1358113739999, 48.010928504000063 ], [ -123.13597349, 48.01076514700005 ], [ -123.136089734, 48.010627817000042 ], [ -123.136172098999978, 48.010510200000091 ], [ -123.136208865999947, 48.010401174000037 ], [ -123.136222431, 48.010288677000048 ], [ -123.136206540000032, 48.010149284000065 ], [ -123.136156822, 48.010053291000112 ], [ -123.135947888000032, 48.009859679000094 ], [ -123.135664953999949, 48.009700762000087 ], [ -123.135495057999961, 48.009625166000042 ], [ -123.135074729999985, 48.009482803 ], [ -123.134634529999971, 48.00931784500002 ], [ -123.134242685, 48.009123346000088 ], [ -123.133754336, 48.008833170000067 ], [ -123.133413338000025, 48.008585272000069 ], [ -123.132941287, 48.008182871 ], [ -123.132742775999958, 48.008027342000091 ], [ -123.132459512999958, 48.007880656000026 ], [ -123.131739724999989, 48.00757130600001 ], [ -123.131343250999933, 48.007431647000011 ], [ -123.131107822999951, 48.007403035000031 ], [ -123.130906203999956, 48.007416599000088 ], [ -123.130762249999961, 48.007450433000052 ], [ -123.130563064, 48.00751870500001 ], [ -123.130435299, 48.007597449000052 ], [ -123.130337478999962, 48.007711304000047 ], [ -123.130281984, 48.00797906 ], [ -123.130267066, 48.008122203000028 ], [ -123.130138295999984, 48.008417615000056 ], [ -123.130064967999957, 48.008523837000048 ], [ -123.129960161999989, 48.008640212000088 ], [ -123.129815516999926, 48.008738340000029 ], [ -123.129655844999988, 48.008817722000032 ], [ -123.129445065999931, 48.008864797 ], [ -123.129207887999939, 48.008876688000022 ], [ -123.129015308999925, 48.00885435700004 ], [ -123.128838867999974, 48.008795990000088 ], [ -123.128320763999966, 48.008554004000061 ], [ -123.127949583000031, 48.00834478500007 ], [ -123.127639884999979, 48.008081958000083 ], [ -123.127475779999983, 48.00790192500002 ], [ -123.127410819999909, 48.007717526000036 ], [ -123.127389828999952, 48.007484634000043 ], [ -123.127405973999984, 48.007289090000029 ], [ -123.127478312, 48.006921007000045 ], [ -123.127559793999978, 48.006678921000081 ], [ -123.127678681999953, 48.006400375000034 ], [ -123.127932794999964, 48.005971516000088 ], [ -123.128506076999983, 48.005141064000014 ], [ -123.128607863999932, 48.005036654 ], [ -123.128778424999936, 48.004883252000099 ], [ -123.128989877999928, 48.004771884000021 ], [ -123.129452508, 48.004565016000058 ], [ -123.129617349999975, 48.004442677000057 ], [ -123.129683372999921, 48.004331840000035 ], [ -123.12974256999992, 48.004147337000042 ], [ -123.129726064999915, 48.003935781000038 ], [ -123.129679036999931, 48.003755786000063 ], [ -123.129538531999941, 48.003627659000038 ], [ -123.12941130599998, 48.003558785000024 ], [ -123.129238639, 48.00350510600002 ], [ -123.12898863, 48.003467258000079 ], [ -123.128643452999967, 48.003443221000062 ], [ -123.128068315999954, 48.003433308000027 ], [ -123.127376956, 48.00344238300007 ], [ -123.127180853999917, 48.003420119000097 ], [ -123.126997871999961, 48.003373784000075 ], [ -123.126805162000011, 48.003268126000037 ], [ -123.12624154, 48.002798489000078 ], [ -123.126080788999943, 48.00261362600007 ], [ -123.125953899000024, 48.002392373000056 ], [ -123.125602908999923, 48.00111855100009 ], [ -123.125459584999959, 48.000766685000016 ], [ -123.125229559000033, 48.000459407000086 ], [ -123.12499053199997, 48.000268965000039 ], [ -123.124808784999928, 48.000170226000044 ], [ -123.124165354999903, 47.999896530000044 ], [ -123.123538134999961, 47.99967225400006 ], [ -123.122928542999972, 47.999409123000042 ], [ -123.122750646, 47.999317018000063 ], [ -123.122614219999917, 47.999219417000077 ], [ -123.12249687799995, 47.99908177300005 ], [ -123.122399754999918, 47.998929726 ], [ -123.122164991999952, 47.998495786000056 ], [ -123.121946336, 47.998189845000063 ], [ -123.121682221999976, 47.99787781300008 ], [ -123.121424061999932, 47.997621656000028 ], [ -123.121200158999955, 47.997432475000011 ], [ -123.120810441999978, 47.99718827600006 ], [ -123.119324334999988, 47.996205346000082 ], [ -123.119126612999963, 47.996057636000032 ], [ -123.118992747, 47.995938983000073 ], [ -123.118923424999963, 47.995786379000059 ], [ -123.118904167999972, 47.99566544 ], [ -123.119000715999974, 47.995019571000022 ], [ -123.118965366999987, 47.994770632000041 ], [ -123.118878334999934, 47.994532055 ], [ -123.118780303, 47.994359026 ], [ -123.11863712399996, 47.994186895000048 ], [ -123.118514404999985, 47.994084352000101 ], [ -123.118259890999965, 47.993909775000041 ], [ -123.11806812899998, 47.993817939000081 ], [ -123.117614463000024, 47.993698660000071 ], [ -123.117186963999984, 47.993620853000031 ], [ -123.116886238999911, 47.993580183000034 ], [ -123.116310544999962, 47.993530990000053 ], [ -123.116005936999983, 47.993481062000093 ], [ -123.115657801999973, 47.993390003000016 ], [ -123.115525114, 47.993376314000045 ], [ -123.115354738999898, 47.993375040000032 ], [ -123.114965298999934, 47.993450454000048 ], [ -123.114795440999941, 47.993460834000103 ], [ -123.114634764999948, 47.993443034000059 ], [ -123.114483064999916, 47.99339239200004 ], [ -123.114330335999981, 47.993318438000045 ], [ -123.114143881999922, 47.993189161000018 ], [ -123.114010137999941, 47.993072833000063 ], [ -123.113921438, 47.99295327500004 ], [ -123.113882359999963, 47.992776735000085 ], [ -123.113982747999913, 47.992137795000062 ], [ -123.113989610999951, 47.991899680000074 ], [ -123.113920279999988, 47.991667747000079 ], [ -123.113785766999953, 47.99137645000004 ], [ -123.11360274, 47.991088451000017 ], [ -123.11352569599994, 47.990996659000061 ], [ -123.113327805999987, 47.990844276000068 ], [ -123.112926547999919, 47.990651610000015 ], [ -123.112538386999958, 47.990519342 ], [ -123.11220969699994, 47.990474549000027 ], [ -123.111916557999919, 47.990447714000027 ], [ -123.11168378999993, 47.990450008000039 ], [ -123.110965802999957, 47.99056227000009 ], [ -123.110700569999949, 47.990616536000047 ], [ -123.110199321999971, 47.99075715000005 ], [ -123.109792140999915, 47.99090289200003 ], [ -123.109243214999964, 47.991144774000063 ], [ -123.108961352, 47.99129502400006 ], [ -123.107775686999943, 47.99199516400008 ], [ -123.107513728999947, 47.992124017000087 ], [ -123.107250229, 47.992217904000029 ], [ -123.106583905999926, 47.992399106000022 ], [ -123.106206677, 47.992462917000047 ], [ -123.105803275999904, 47.992411808 ], [ -123.105566961999926, 47.992209871000078 ], [ -123.105521266999929, 47.991949030000072 ], [ -123.105532996999941, 47.99158883100003 ], [ -123.105670545999942, 47.990896168000106 ], [ -123.105774131999922, 47.99022097600001 ], [ -123.105868835999914, 47.989979012000056 ], [ -123.105941806999937, 47.990033086 ], [ -123.105981362999927, 47.989982076000047 ], [ -123.106156183999971, 47.98957043700009 ] ], [ [ -123.105937019999899, 47.990039259000071 ], [ -123.10594199699996, 47.990033227000012 ], [ -123.105941806999937, 47.990033086 ], [ -123.105937019999899, 47.990039259000071 ] ] ] } },
{ "type": "Feature", "properties": { "COUNTY": "Clallam", "PRECCODE": 266, "PRECNAME": "Robin Hill 266", "PRECINCT": "Clallam 266", "DESCRIPTIO": "Sequim Rural Farther West (Solmar, Robin Hill Farm County Park, Pumpkin Patch Flea Market)", "OFFICE": "PUD Commissioner District 2", "JURISDICTION": "Public Utility", "RACE": "Clallam County PUD Commissioner District 2", "Name_1": "Rick Paschall", "Party_1": "None_1", "Votes_1": "251", "Name_2": "Randy Brackett", "Party_2": "None_2", "Votes_2": "88", "Name_3": "Timothy Dalton", "Party_3": "None_4", "Votes_3": "1", "Name_4": "Write-In", "Party_4": "None_6", "Votes_4": "1", "Name_5": null, "Party_5": null, "Votes_5": "0", "Name_6": null, "Party_6": null, "Votes_6": "0", "Name_7": null, "Party_7": null, "Votes_7": "0", "Votes_total": "341", "Pct_1": 73.61, "Pct_2": 25.81, "Pct_3": 0.29, "Pct_4": 0.29, "Pct_5": 0.0, "Pct_6": 0.0, "Pct_7": 0.0, "Margin": 47.8 }, "geometry": { "type": "Polygon", "coordinates": [ [ [ -123.211037726999962, 48.10522800800004 ], [ -123.211032588999956, 48.10152645600003 ], [ -123.189189687999956, 48.096908510000048 ], [ -123.189224414999956, 48.087005510000033 ], [ -123.189177940999969, 48.082113584000062 ], [ -123.223556466, 48.087593867000066 ], [ -123.230041369, 48.088588510000079 ], [ -123.236668578999954, 48.089369989000026 ], [ -123.236676881, 48.08954804900003 ], [ -123.236606301, 48.089771998000053 ], [ -123.236514299999911, 48.090275525000038 ], [ -123.236423809999977, 48.090441982000073 ], [ -123.236474420999969, 48.090473835000068 ], [ -123.236223269999982, 48.090608109000073 ], [ -123.235937631999931, 48.09055089200006 ], [ -123.235684579999941, 48.090391624000056 ], [ -123.235535813999917, 48.090361824000063 ], [ -123.235344100999939, 48.090464572000023 ], [ -123.235245945999964, 48.090466625000033 ], [ -123.235102679999954, 48.090568359000024 ], [ -123.235005152999989, 48.09057039900005 ], [ -123.234767423999955, 48.090739932000076 ], [ -123.234753292, 48.090885901000028 ], [ -123.234535818999944, 48.091040988000024 ], [ -123.234497463999972, 48.091272176000075 ], [ -123.234310339999965, 48.091473564000069 ], [ -123.234267387999964, 48.091606111000026 ], [ -123.234172293999961, 48.091673924000069 ], [ -123.234084856999985, 48.091906139000052 ], [ -123.234153440999989, 48.09206196000008 ], [ -123.234147720999943, 48.092201036000056 ], [ -123.234402307999972, 48.092393188000067 ], [ -123.23446364199998, 48.092655204000032 ], [ -123.234370077999969, 48.092755898000064 ], [ -123.234376205, 48.092887420000068 ], [ -123.23428417199996, 48.093020993000039 ], [ -123.234288767999942, 48.093119634000054 ], [ -123.234192138999944, 48.093154567000049 ], [ -123.23371818, 48.09352651100005 ], [ -123.233620018999957, 48.093528563000064 ], [ -123.233319409999979, 48.093403197000043 ], [ -123.233172167999925, 48.093406274000074 ], [ -123.232837789999934, 48.093610735000034 ], [ -123.232845443999963, 48.09377513700008 ], [ -123.233050952999974, 48.093968317000076 ], [ -123.233348500999952, 48.094027923000063 ], [ -123.23331013799995, 48.094259112000032 ], [ -123.233167487999978, 48.094360830000021 ], [ -123.233175142999954, 48.09452523200008 ], [ -123.233276367999963, 48.094588942000023 ], [ -123.233184328999954, 48.094722515000058 ], [ -123.233035552999979, 48.094692711000043 ], [ -123.232546264999939, 48.094735847000038 ], [ -123.232296264999931, 48.094642333000081 ], [ -123.231952692, 48.094649509000078 ], [ -123.231759424999936, 48.094719370000064 ], [ -123.231524725999961, 48.094954658000056 ], [ -123.23143574199996, 48.095153991000068 ], [ -123.231349816, 48.095419083000081 ], [ -123.231210217999944, 48.095586560000072 ], [ -123.230927959999974, 48.095855752000027 ], [ -123.230685603, 48.095926636000051 ], [ -123.230645696999929, 48.096124943000056 ], [ -123.230032081, 48.096664348000047 ], [ -123.229949357999942, 48.096884236000051 ], [ -123.229947674999949, 48.096962320000046 ], [ -123.229614789999985, 48.097199652000029 ], [ -123.229373953999954, 48.097303414000066 ], [ -123.229275784999984, 48.097305462000065 ], [ -123.229074861999962, 48.097210917000041 ], [ -123.229019663999949, 48.097080419000065 ], [ -123.229114774999985, 48.097012611000025 ], [ -123.229107131999967, 48.096848208000047 ], [ -123.229005907999976, 48.096784495000058 ], [ -123.228900097999912, 48.096622141000061 ], [ -123.228601009999977, 48.096529643000054 ], [ -123.228122397999982, 48.096802922000059 ], [ -123.22803186799996, 48.096969372000046 ], [ -123.228042562999974, 48.097199534000026 ], [ -123.227996534999988, 48.097266319000028 ], [ -123.227703556999984, 48.097305340000055 ], [ -123.227657525999973, 48.09737212400006 ], [ -123.227508745999927, 48.097342314000059 ], [ -123.226928895999947, 48.097551874000033 ], [ -123.226884391999988, 48.097651538000036 ], [ -123.226643548999974, 48.097755294000081 ], [ -123.226453317999983, 48.097890907000078 ], [ -123.226459424999973, 48.098022429000032 ], [ -123.226655765999979, 48.098018338000031 ], [ -123.226703324999932, 48.097984434000068 ], [ -123.226901190999953, 48.098013223000066 ], [ -123.226905772999942, 48.098111864000032 ], [ -123.227006997999979, 48.098175579000042 ], [ -123.227013105999958, 48.098307100000049 ], [ -123.226681724999978, 48.098577305000049 ], [ -123.226388736999979, 48.098616322000055 ], [ -123.226295146999973, 48.09871701000003 ], [ -123.226196976999972, 48.098719055000061 ], [ -123.226101858999982, 48.098786861000065 ], [ -123.225810395999957, 48.098858758000063 ], [ -123.225874746999949, 48.099186540000062 ], [ -123.225975971999958, 48.099250255000072 ], [ -123.225982078999948, 48.099381777000076 ], [ -123.225886959, 48.09944958400007 ], [ -123.225699772999988, 48.099650956000062 ], [ -123.225704351, 48.099749598000074 ], [ -123.225566249999986, 48.099949948000074 ], [ -123.225573882, 48.10011434900008 ], [ -123.225725720999947, 48.100209924000062 ], [ -123.225833055999956, 48.100405161000026 ], [ -123.22564433899997, 48.100573653000026 ], [ -123.225498602999934, 48.100609601000031 ], [ -123.22560135599997, 48.100706198000076 ], [ -123.22535744399994, 48.100744190000057 ], [ -123.225167197999951, 48.100879801000076 ], [ -123.225122687999942, 48.100979464000034 ], [ -123.225131845999968, 48.101176747000061 ], [ -123.225335828999945, 48.101337060000048 ], [ -123.22534346099998, 48.101501463000027 ], [ -123.22539407499994, 48.101533321000026 ], [ -123.225349566, 48.101632984000041 ], [ -123.225401708, 48.101697723000029 ], [ -123.225354144999983, 48.10173162600006 ], [ -123.225154737999972, 48.101669954000045 ], [ -123.225107176, 48.101703857000082 ], [ -123.224959909999939, 48.101706923000044 ], [ -123.224915397999951, 48.101806587000056 ], [ -123.224343115999929, 48.102180536000041 ], [ -123.224209488999946, 48.102479590000023 ], [ -123.224114451, 48.10254733000005 ], [ -123.224117501999956, 48.10261309100008 ], [ -123.223783027999971, 48.102817527000063 ], [ -123.223589717999957, 48.102887374000026 ], [ -123.223351894999965, 48.103056884000075 ], [ -123.223313479999945, 48.10328806800004 ], [ -123.223413185999959, 48.10331890600002 ], [ -123.223472952999913, 48.103548047000061 ], [ -123.223278114, 48.103585014000025 ], [ -123.223235124999988, 48.103717557000039 ], [ -123.223090902999957, 48.103786383000049 ], [ -123.222998819999987, 48.103919947000065 ], [ -123.222854597999955, 48.103988772000029 ], [ -123.222756415999967, 48.103990814000042 ], [ -123.222514011, 48.104061681000069 ], [ -123.222270081, 48.104099667000071 ], [ -123.222079813999969, 48.104235273000022 ], [ -123.222035294999927, 48.104334935000054 ], [ -123.221844116999975, 48.104471195000023 ], [ -123.221605665999959, 48.104607166000051 ], [ -123.22142149099993, 48.104874293000073 ], [ -123.221573338, 48.104969872000026 ], [ -123.222012435999943, 48.105010854000049 ], [ -123.221977645999971, 48.105194814000072 ], [ -123.211037726999962, 48.10522800800004 ] ] ] } },
{ "type": "Feature", "properties": { "COUNTY": "Pend Oreille", "PRECCODE": 3, "PRECNAME": "Dalkena", "PRECINCT": "Pend Oreille 3", "DESCRIPTIO": "Newport Rural Far Northwest (Dalkena, Wolfred, Davis Lake)", "OFFICE": "PUD Commissioner District 2", "JURISDICTION": "Public Utility", "RACE": "Pend Oreille County PUD Commissioner District 2", "Name_1": "Tracy Rutt", "Party_1": "None_3", "Votes_1": "90", "Name_2": "Ernie Hood", "Party_2": "None_2", "Votes_2": "31", "Name_3": null, "Party_3": null, "Votes_3": "0", "Name_4": null, "Party_4": null, "Votes_4": "0", "Name_5": null, "Party_5": null, "Votes_5": "0", "Name_6": null, "Party_6": null, "Votes_6": "0", "Name_7": null, "Party_7": null, "Votes_7": "0", "Votes_total": "121", "Pct_1": 74.38, "Pct_2": 25.62, "Pct_3": 0.0, "Pct_4": 0.0, "Pct_5": 0.0, "Pct_6": 0.0, "Pct_7": 0.0, "Margin": 48.76 }, "geometry": { "type": "Polygon", "coordinates": [ [ [ -117.246132302999925, 48.266451838000044 ], [ -117.241794673999976, 48.261606872000094 ], [ -117.238327566, 48.257638690000029 ], [ -117.23572044699992, 48.254777469 ], [ -117.234099884999964, 48.250978101000051 ], [ -117.232570965, 48.24570573400009 ], [ -117.229069542999937, 48.242317664000069 ], [ -117.223720154, 48.23887818000005 ], [ -117.216521468999957, 48.235348584000043 ], [ -117.208243797999955, 48.234188210000049 ], [ -117.199912433999941, 48.233955494000078 ], [ -117.190596671, 48.234624339000078 ], [ -117.184981273, 48.235396471000101 ], [ -117.179278011999912, 48.237559134999984 ], [ -117.176569505999979, 48.238256314000026 ], [ -117.174791747999947, 48.238126695000048 ], [ -117.171704782, 48.23772974700006 ], [ -117.165751105999931, 48.237479392000047 ], [ -117.16482072499997, 48.237520058000037 ], [ -117.164126653999901, 48.237597244000028 ], [ -117.156798618999957, 48.238893250000061 ], [ -117.154279608999985, 48.238969252000039 ], [ -117.151073595999947, 48.239121255 ], [ -117.146423828999971, 48.238352416000069 ], [ -117.141701037999923, 48.236183011999984 ], [ -117.136807103999899, 48.234192290000038 ], [ -117.13344155599998, 48.2330992710001 ], [ -117.129091543999948, 48.232184274000069 ], [ -117.124969528999955, 48.231879278000058 ], [ -117.122238724999974, 48.232437682000075 ], [ -117.116111032, 48.23100866000005 ], [ -117.103383572999959, 48.229820105000023 ], [ -117.098061901999969, 48.230223564000021 ], [ -117.091479046999964, 48.228736224000059 ], [ -117.090015859999951, 48.228510174000085 ], [ -117.080922034999972, 48.225934783000071 ], [ -117.072207973, 48.223781122000055 ], [ -117.071348526999927, 48.222733066000025 ], [ -117.068560765999962, 48.219404472000036 ], [ -117.064351377000023, 48.216105708000036 ], [ -117.061185630999915, 48.211852513000025 ], [ -117.057909577999936, 48.21010400600003 ], [ -117.059969359000021, 48.210112539000114 ], [ -117.068000798999918, 48.210115758000029 ], [ -117.06800061399997, 48.21002835200008 ], [ -117.071281590999931, 48.210014324000063 ], [ -117.078904754999982, 48.210086529000087 ], [ -117.090044451, 48.210235181000051 ], [ -117.112008954999979, 48.210248768000014 ], [ -117.133470374999945, 48.210328905000068 ], [ -117.155106610999951, 48.210300205000095 ], [ -117.176673825999956, 48.21019533200004 ], [ -117.242023215999964, 48.210512799000107 ], [ -117.263583045999908, 48.21047061900007 ], [ -117.285198977999983, 48.210408944000044 ], [ -117.305396648999988, 48.210385810000076 ], [ -117.305549578999887, 48.205124135000027 ], [ -117.348729223999911, 48.20516049600009 ], [ -117.37034183, 48.205238803 ], [ -117.381616443, 48.205335833000042 ], [ -117.392890129999941, 48.205448215000011 ], [ -117.413503699999936, 48.205294864000024 ], [ -117.437522513999966, 48.205310030000028 ], [ -117.43749827100001, 48.194539166000041 ], [ -117.480507451000022, 48.194738372000103 ], [ -117.502461254, 48.194706741000054 ], [ -117.502200021999968, 48.201931674000022 ], [ -117.502374165999981, 48.209182722 ], [ -117.502238295, 48.223361849000092 ], [ -117.50085092099998, 48.223366352000021 ], [ -117.500804751999979, 48.230628838000065 ], [ -117.500143671999965, 48.238055275000093 ], [ -117.500059229000016, 48.252401372000044 ], [ -117.500056431999965, 48.266864684 ], [ -117.47832011899996, 48.266696535000037 ], [ -117.45653438399998, 48.266456638000079 ], [ -117.435035741, 48.266576663000073 ], [ -117.413502823999949, 48.266645921000112 ], [ -117.392219883999985, 48.266475855000067 ], [ -117.370501119999915, 48.266484422000069 ], [ -117.348946553999966, 48.266593472000039 ], [ -117.344846973094533, 48.266588266838397 ], [ -117.344818630981024, 48.26650311345302 ], [ -117.344949431847297, 48.266277714141381 ], [ -117.345039031567794, 48.266016046925856 ], [ -117.344891898924914, 48.265558181105284 ], [ -117.344726630528797, 48.265504512947182 ], [ -117.344463230396173, 48.265307513346308 ], [ -117.344529564092596, 48.265126981300142 ], [ -117.344776230532489, 48.264847581528656 ], [ -117.345112964226203, 48.264711246590934 ], [ -117.345195096720019, 48.264540647112746 ], [ -117.345021497852926, 48.264387913656144 ], [ -117.344849029797587, 48.264181714329865 ], [ -117.344702429017161, 48.264092113822066 ], [ -117.344472030072623, 48.263651980360557 ], [ -117.344076964357882, 48.263185580913273 ], [ -117.343912629665766, 48.263185914175352 ], [ -117.343666831413216, 48.263312380623347 ], [ -117.343493762609867, 48.263492913851216 ], [ -117.343182163495229, 48.263655847321033 ], [ -117.342919497824923, 48.263926514175836 ], [ -117.342696696440356, 48.264044047083864 ], [ -117.342482897380833, 48.263981447001804 ], [ -117.342221563907188, 48.263784580948311 ], [ -117.342039028076158, 48.263470380458749 ], [ -117.341431828835567, 48.262536248429477 ], [ -117.341027961002325, 48.262285314144904 ], [ -117.340535894597068, 48.262170047557397 ], [ -117.340019362908677, 48.262117914684126 ], [ -117.339557629506714, 48.262182313789239 ], [ -117.339270030114051, 48.262353514012787 ], [ -117.338933829250664, 48.262480914416628 ], [ -117.338745493962278, 48.262607581039411 ], [ -117.338311296333828, 48.26268991502775 ], [ -117.337941228667844, 48.262664180540426 ], [ -117.336568026776732, 48.262649315251558 ], [ -117.335023361629666, 48.262690248770724 ], [ -117.334334028715418, 48.262782115234764 ], [ -117.333916028504532, 48.262936114215329 ], [ -117.333168761735422, 48.263343314098208 ], [ -117.332831428393575, 48.263317049043522 ], [ -117.33266656049922, 48.263119980955672 ], [ -117.332764761106731, 48.261968115106662 ], [ -117.332453694699339, 48.26259864815659 ], [ -117.332346959824406, 48.262905049419906 ], [ -117.332298159619754, 48.263201915747288 ], [ -117.332486826720427, 48.263480582132125 ], [ -117.332905562243667, 48.263587114674593 ], [ -117.333366363224187, 48.263540580851817 ], [ -117.334261363339252, 48.263168981919989 ], [ -117.33482056035389, 48.263059849186476 ], [ -117.336150428089979, 48.262902781525405 ], [ -117.336774828234098, 48.26290091500708 ], [ -117.337307693809905, 48.262953647643577 ], [ -117.33777656279743, 48.262942847842602 ], [ -117.338179428013959, 48.263005047741167 ], [ -117.338722429933426, 48.262957914671077 ], [ -117.339091362325149, 48.262867047365191 ], [ -117.339583695537925, 48.262361914178818 ], [ -117.340008896398786, 48.262324646538204 ], [ -117.340315362770895, 48.262387047943392 ], [ -117.340651362928369, 48.262538646520994 ], [ -117.340882497061997, 48.262690848362112 ], [ -117.341341096918541, 48.263157646961361 ], [ -117.34157136364297, 48.263498313979625 ], [ -117.34203249639458, 48.264334047322251 ], [ -117.342007363574623, 48.264478047642186 ], [ -117.341851097491954, 48.264550715073575 ], [ -117.341547496518771, 48.264578248484405 ], [ -117.341244030411275, 48.264399448084411 ], [ -117.340998363848257, 48.264283180690668 ], [ -117.340733097747531, 48.264184913616994 ], [ -117.340421496373693, 48.26404144768221 ], [ -117.340135028338395, 48.263988514444172 ], [ -117.339830095266507, 48.264142180149094 ], [ -117.33949449786995, 48.264773647024192 ], [ -117.339320496500093, 48.2650349816588 ], [ -117.339051361405836, 48.265278580869783 ], [ -117.33885349573616, 48.265494848096871 ], [ -117.338795629477957, 48.265774447376906 ], [ -117.338607295880095, 48.26607171403564 ], [ -117.338098831082874, 48.266468847956311 ], [ -117.338066947386338, 48.266562823684552 ], [ -117.327125434999971, 48.266451445 ], [ -117.305548004999963, 48.266386736000079 ], [ -117.284531275999925, 48.266755690000053 ], [ -117.26274489099994, 48.266674046000041 ], [ -117.24643054299996, 48.266883580000062 ], [ -117.246132302999925, 48.266451838000044 ] ] ] } },
{ "type": "Feature", "properties": { "COUNTY": "Pend Oreille", "PRECCODE": 12, "PRECNAME": "Newport NE", "PRECINCT": "Pend Oreille 12", "DESCRIPTIO": "Newport Rural North (Riverfront Homes), Newport Northeast (Willow Lane, Post Office)", "OFFICE": "PUD Commissioner District 2", "JURISDICTION": "Public Utility", "RACE": "Pend Oreille County PUD Commissioner District 2", "Name_1": "Ernie Hood", "Party_1": "None_2", "Votes_1": "187", "Name_2": "Gerry David Bradbury", "Party_2": "None_1", "Votes_2": "67", "Name_3": "Tracy Rutt", "Party_3": "None_3", "Votes_3": "56", "Name_4": "Write-In", "Party_4": "None_4", "Votes_4": "3", "Name_5": null, "Party_5": null, "Votes_5": "0", "Name_6": null, "Party_6": null, "Votes_6": "0", "Name_7": null, "Party_7": null, "Votes_7": "0", "Votes_total": "313", "Pct_1": 59.74, "Pct_2": 21.41, "Pct_3": 17.89, "Pct_4": 0.96, "Pct_5": 0.0, "Pct_6": 0.0, "Pct_7": 0.0, "Margin": 38.33 }, "geometry": { "type": "Polygon", "coordinates": [ [ [ -117.068016961, 48.25372992000009 ], [ -117.046352266999989, 48.253432194000077 ], [ -117.03766009499995, 48.253295950000073 ], [ -117.037624233, 48.253026293000055 ], [ -117.037731312999952, 48.239169104000062 ], [ -117.037694248, 48.238917319000095 ], [ -117.038090086999901, 48.224746157000048 ], [ -117.03807743, 48.224530907 ], [ -117.038525333999942, 48.210379050000043 ], [ -117.038526052999913, 48.210005815000081 ], [ -117.039020205999904, 48.195100242000109 ], [ -117.039512573999914, 48.181038856 ], [ -117.041816215, 48.181051289000052 ], [ -117.042556084999944, 48.181041296000018 ], [ -117.047013400999944, 48.181086511000039 ], [ -117.046893100999966, 48.186902232000108 ], [ -117.046873392999899, 48.19019117 ], [ -117.046825078000012, 48.19356791200007 ], [ -117.046825585999954, 48.195583060000082 ], [ -117.042788562999959, 48.195991921 ], [ -117.04206455399995, 48.197111658 ], [ -117.043101340999939, 48.198933349000086 ], [ -117.044261341999984, 48.199758348000046 ], [ -117.047159343999979, 48.202374345000052 ], [ -117.049641350999963, 48.203086343000081 ], [ -117.052242353999972, 48.204927341 ], [ -117.053637354000031, 48.206315340000081 ], [ -117.056222351999921, 48.209414337000069 ], [ -117.057362577999967, 48.21010174000002 ], [ -117.057909577999936, 48.21010400600003 ], [ -117.061185630999915, 48.211852513000025 ], [ -117.064351377000023, 48.216105708000036 ], [ -117.068560765999962, 48.219404472000036 ], [ -117.071348526999927, 48.222733066000025 ], [ -117.072207973, 48.223781122000055 ], [ -117.080922034999972, 48.225934783000071 ], [ -117.090015859999951, 48.228510174000085 ], [ -117.091479046999964, 48.228736224000059 ], [ -117.098061901999969, 48.230223564000021 ], [ -117.103383572999959, 48.229820105000023 ], [ -117.116111032, 48.23100866000005 ], [ -117.122238724999974, 48.232437682000075 ], [ -117.124969528999955, 48.231879278000058 ], [ -117.129091543999948, 48.232184274000069 ], [ -117.13344155599998, 48.2330992710001 ], [ -117.136807103999899, 48.234192290000038 ], [ -117.141701037999923, 48.236183011999984 ], [ -117.146423828999971, 48.238352416000069 ], [ -117.151073595999947, 48.239121255 ], [ -117.152651670999958, 48.242558249000076 ], [ -117.152286834999941, 48.243452986000115 ], [ -117.151932432999942, 48.24418345599998 ], [ -117.15151291799998, 48.244517132000063 ], [ -117.151286106999905, 48.244661544000024 ], [ -117.150801338999983, 48.244858974000103 ], [ -117.150613155999949, 48.244977055 ], [ -117.150128208999988, 48.245177220000059 ], [ -117.149977086, 48.245293608000097 ], [ -117.149944911, 48.24534754900003 ], [ -117.149746353, 48.245564070000093 ], [ -117.149641627999927, 48.245725658000048 ], [ -117.149446459999979, 48.245824339000045 ], [ -117.149306410999898, 48.24596024 ], [ -117.149315232999939, 48.246144250000036 ], [ -117.149158951999979, 48.246148041 ], [ -117.149069217, 48.246203089000026 ], [ -117.148993610999952, 48.246294194000015 ], [ -117.14884300600005, 48.246402368000076 ], [ -117.148175949999882, 48.246753687000101 ], [ -117.147745224999952, 48.247004751000091 ], [ -117.147065069999925, 48.247303582000036 ], [ -117.146786083999984, 48.247493129000098 ], [ -117.146728088999893, 48.247565534000046 ], [ -117.146684397999934, 48.247671257 ], [ -117.146657893999986, 48.248087392000052 ], [ -117.146586908999964, 48.248428211000018 ], [ -117.1465754, 48.248608901000047 ], [ -117.146484698999942, 48.248743458000078 ], [ -117.146484093999973, 48.24907530500009 ], [ -117.146378741999968, 48.249310925000039 ], [ -117.146158004000014, 48.249617318000084 ], [ -117.146040874, 48.249715469000122 ], [ -117.145863302999942, 48.249924352000079 ], [ -117.145433324999914, 48.25035644600004 ], [ -117.145061081000023, 48.250526883000113 ], [ -117.144715174999973, 48.250670640000102 ], [ -117.143650673999943, 48.250942070000093 ], [ -117.143351074999927, 48.251067941000017 ], [ -117.143049812999934, 48.251284273000067 ], [ -117.142391735999979, 48.251493198000041 ], [ -117.141919859000012, 48.251808895000046 ], [ -117.141630360999955, 48.252033787000094 ], [ -117.141110576999921, 48.252520907000068 ], [ -117.140750321999946, 48.252889145000083 ], [ -117.140590258999936, 48.253016238000029 ], [ -117.14036922799994, 48.253133369000025 ], [ -117.140125871, 48.253214208000053 ], [ -117.139859663999971, 48.253266969999984 ], [ -117.139582731999951, 48.253294741000055 ], [ -117.139214833000011, 48.253267810000047 ], [ -117.138557702999989, 48.253268297 ], [ -117.138243176, 48.253305965000024 ], [ -117.138057905999929, 48.253377484000062 ], [ -117.137886060999918, 48.253496010000021 ], [ -117.137747448999903, 48.253656185000033 ], [ -117.13335707, 48.253666214000063 ], [ -117.122319852999937, 48.253713818 ], [ -117.089736112, 48.253693363000096 ], [ -117.068016961, 48.25372992000009 ] ] ] } },
{ "type": "Feature", "properties": { "COUNTY": "Pend Oreille", "PRECCODE": 13, "PRECNAME": "Newport SE", "PRECINCT": "Pend Oreille 13", "DESCRIPTIO": "Newport Southeast (West Oldtown, Public Library)", "OFFICE": "PUD Commissioner District 2", "JURISDICTION": "Public Utility", "RACE": "Pend Oreille County PUD Commissioner District 2", "Name_1": "Tracy Rutt", "Party_1": "None_3", "Votes_1": "110", "Name_2": "Gerry David Bradbury", "Party_2": "None_1", "Votes_2": "76", "Name_3": "Write-In", "Party_3": "None_4", "Votes_3": "53", "Name_4": "Ernie Hood", "Party_4": "None_2", "Votes_4": "20", "Name_5": null, "Party_5": null, "Votes_5": "0", "Name_6": null, "Party_6": null, "Votes_6": "0", "Name_7": null, "Party_7": null, "Votes_7": "0", "Votes_total": "259", "Pct_1": 42.47, "Pct_2": 29.34, "Pct_3": 20.46, "Pct_4": 7.72, "Pct_5": 0.0, "Pct_6": 0.0, "Pct_7": 0.0, "Margin": 13.13 }, "geometry": { "type": "Polygon", "coordinates": [ [ [ -117.047013400999944, 48.181086511000039 ], [ -117.042556084999944, 48.181041296000018 ], [ -117.041816215, 48.181051289000052 ], [ -117.039512573999914, 48.181038856 ], [ -117.039647132999932, 48.17375568900011 ], [ -117.039749093999916, 48.166762376000037 ], [ -117.039786725999946, 48.166578909000044 ], [ -117.047306830999986, 48.166506744000024 ], [ -117.047071564999982, 48.176586192000094 ], [ -117.047082126999967, 48.176770735999987 ], [ -117.047013400999944, 48.181086511000039 ] ] ] } },
{ "type": "Feature", "properties": { "COUNTY": "Pend Oreille", "PRECCODE": 14, "PRECNAME": "Newport NW", "PRECINCT": "Pend Oreille 14", "DESCRIPTIO": "Newport Northwest (Hospital, Laurelhurst), Newport Rural Northwest (Wolf Trail)", "OFFICE": "PUD Commissioner District 2", "JURISDICTION": "Public Utility", "RACE": "Pend Oreille County PUD Commissioner District 2", "Name_1": "Ernie Hood", "Party_1": "None_2", "Votes_1": "361", "Name_2": "Gerry David Bradbury", "Party_2": "None_1", "Votes_2": "191", "Name_3": "Write-In", "Party_3": "None_4", "Votes_3": "43", "Name_4": "Tracy Rutt", "Party_4": "None_3", "Votes_4": "18", "Name_5": null, "Party_5": null, "Votes_5": "0", "Name_6": null, "Party_6": null, "Votes_6": "0", "Name_7": null, "Party_7": null, "Votes_7": "0", "Votes_total": "613", "Pct_1": 58.89, "Pct_2": 31.16, "Pct_3": 7.01, "Pct_4": 2.94, "Pct_5": 0.0, "Pct_6": 0.0, "Pct_7": 0.0, "Margin": 27.73 }, "geometry": { "type": "Polygon", "coordinates": [ [ [ -117.046893100999966, 48.186902232000108 ], [ -117.047013400999944, 48.181086511000039 ], [ -117.057925525, 48.181106301000071 ], [ -117.068751087, 48.181173860000072 ], [ -117.068049718999973, 48.20289795500004 ], [ -117.068000798999918, 48.210115758000029 ], [ -117.059969359000021, 48.210112539000114 ], [ -117.057362577999967, 48.21010174000002 ], [ -117.056222351999921, 48.209414337000069 ], [ -117.053637354000031, 48.206315340000081 ], [ -117.052242353999972, 48.204927341 ], [ -117.049641350999963, 48.203086343000081 ], [ -117.047159343999979, 48.202374345000052 ], [ -117.044261341999984, 48.199758348000046 ], [ -117.043101340999939, 48.198933349000086 ], [ -117.04206455399995, 48.197111658 ], [ -117.042788562999959, 48.195991921 ], [ -117.046825585999954, 48.195583060000082 ], [ -117.046825078000012, 48.19356791200007 ], [ -117.046873392999899, 48.19019117 ], [ -117.046893100999966, 48.186902232000108 ] ] ] } },
{ "type": "Feature", "properties": { "COUNTY": "Pend Oreille", "PRECCODE": 15, "PRECNAME": "Newport SW", "PRECINCT": "Pend Oreille 15", "DESCRIPTIO": "Newport Southwest (Newport Public Schools, Newport Cemetery)", "OFFICE": "PUD Commissioner District 2", "JURISDICTION": "Public Utility", "RACE": "Pend Oreille County PUD Commissioner District 2", "Name_1": "Tracy Rutt", "Party_1": "None_3", "Votes_1": "154", "Name_2": "Write-In", "Party_2": "None_4", "Votes_2": "71", "Name_3": "Ernie Hood", "Party_3": "None_2", "Votes_3": "15", "Name_4": "Gerry David Bradbury", "Party_4": "None_1", "Votes_4": "6", "Name_5": null, "Party_5": null, "Votes_5": "0", "Name_6": null, "Party_6": null, "Votes_6": "0", "Name_7": null, "Party_7": null, "Votes_7": "0", "Votes_total": "246", "Pct_1": 62.6, "Pct_2": 28.86, "Pct_3": 6.1, "Pct_4": 2.44, "Pct_5": 0.0, "Pct_6": 0.0, "Pct_7": 0.0, "Margin": 33.74 }, "geometry": { "type": "Polygon", "coordinates": [ [ [ -117.047071564999982, 48.176586192000094 ], [ -117.047306830999986, 48.166506744000024 ], [ -117.039786725999946, 48.166578909000044 ], [ -117.040356088999985, 48.152137572000022 ], [ -117.040397950999989, 48.150298647000021 ], [ -117.04199809999993, 48.150316323000055 ], [ -117.042008096999965, 48.15011122300006 ], [ -117.04301909699997, 48.150019223000079 ], [ -117.044645096999943, 48.149985223000016 ], [ -117.045358096999962, 48.149807223000032 ], [ -117.045691096999974, 48.14953322300002 ], [ -117.04585209699998, 48.149337223000053 ], [ -117.046145096999965, 48.149282223000036 ], [ -117.046313096999924, 48.149331223000083 ], [ -117.046572096999952, 48.149477223000083 ], [ -117.047030991000014, 48.149432233000013 ], [ -117.047249773, 48.149275388 ], [ -117.047286096999969, 48.149159222000065 ], [ -117.047282133999914, 48.149114036000064 ], [ -117.047500548999935, 48.149213738000043 ], [ -117.047701518999958, 48.149273994000055 ], [ -117.047898048999969, 48.149305463000083 ], [ -117.048149185999989, 48.149315518000037 ], [ -117.048214113999919, 48.149328492000045 ], [ -117.048332922, 48.149371672000072 ], [ -117.048462705, 48.149455720000091 ], [ -117.048533081999935, 48.149514938000017 ], [ -117.048697126, 48.149706681000069 ], [ -117.048899964000015, 48.149877258000053 ], [ -117.049064119, 48.14997265600006 ], [ -117.049257537999893, 48.150040274000048 ], [ -117.049461674999932, 48.150091889000059 ], [ -117.049637497, 48.149764335000036 ], [ -117.049723022, 48.149642839000109 ], [ -117.049758098999959, 48.149604143000026 ], [ -117.049850869999915, 48.149538579000101 ], [ -117.049967363999926, 48.149493025000062 ], [ -117.050272217999932, 48.149449478000108 ], [ -117.050963423999931, 48.149403533000026 ], [ -117.051599601, 48.149345849000056 ], [ -117.052345921000025, 48.149310858 ], [ -117.052554405999956, 48.149317920000058 ], [ -117.052758439999934, 48.149347458000101 ], [ -117.052857098999951, 48.149370434000048 ], [ -117.052980766999966, 48.149436611000013 ], [ -117.05303293299994, 48.149476591000038 ], [ -117.053316138999918, 48.149770011000072 ], [ -117.05355603199996, 48.149995696000083 ], [ -117.05382283899992, 48.150152558000102 ], [ -117.054090613999961, 48.150265178 ], [ -117.054889762999892, 48.150488374000091 ], [ -117.054993656999969, 48.150502080000059 ], [ -117.05506317399994, 48.150492515000074 ], [ -117.055124736999986, 48.150468887000066 ], [ -117.055172176999989, 48.150433564000082 ], [ -117.055232143999916, 48.150300427000083 ], [ -117.055673056999979, 48.149900759000047 ], [ -117.055824748, 48.149775837000014 ], [ -117.055964541000023, 48.149701479000086 ], [ -117.056190589999986, 48.149537891000051 ], [ -117.056330383999978, 48.149404045999979 ], [ -117.056401766999954, 48.149296971000091 ], [ -117.056446382, 48.149180972000096 ], [ -117.05647017699998, 48.148895437000093 ], [ -117.056532637999936, 48.148571235000091 ], [ -117.056583200999938, 48.148440365000106 ], [ -117.056728893999917, 48.148174063000084 ], [ -117.056739600999904, 48.148088403000017 ], [ -117.056725324999917, 48.148020588000087 ], [ -117.05664680199996, 48.147881390000045 ], [ -117.056632525999973, 48.147799298000081 ], [ -117.05664323299996, 48.147717207000035 ], [ -117.05675744699991, 48.14739598000002 ], [ -117.056743169999933, 48.146914139000032 ], [ -117.05675744699991, 48.1468356170001 ], [ -117.056786000999921, 48.146749956000036 ], [ -117.0568788, 48.146600050000067 ], [ -117.056918060999962, 48.146100363000109 ], [ -117.056960890999918, 48.145818397000049 ], [ -117.057035844000026, 48.145622091000057 ], [ -117.05794955699993, 48.144961791000043 ], [ -117.058214043, 48.144750694000081 ], [ -117.058222953000026, 48.144715158000075 ], [ -117.058406414, 48.14478690100006 ], [ -117.060490821999949, 48.144801177 ], [ -117.06213978800001, 48.144758347000085 ], [ -117.062785811999973, 48.144758347000085 ], [ -117.063949367999953, 48.144726224000102 ], [ -117.066729768, 48.144758347000085 ], [ -117.067108102999939, 48.144726224000102 ], [ -117.069192791999953, 48.144754796000065 ], [ -117.069451611999952, 48.144767442000045 ], [ -117.069702453, 48.144790743000023 ], [ -117.070393285999955, 48.144884441000038 ], [ -117.070520087999981, 48.144893220000064 ], [ -117.071421680999975, 48.144899411000047 ], [ -117.071893265, 48.144890115000074 ], [ -117.072051757999986, 48.144749558000072 ], [ -117.072172703999939, 48.144690968000113 ], [ -117.072811494999939, 48.144512409000086 ], [ -117.073475590000015, 48.144243069 ], [ -117.073666707999905, 48.144189738000115 ], [ -117.073876343999942, 48.144147431000086 ], [ -117.074088353999983, 48.144086504000015 ], [ -117.074521247999925, 48.143925720000034 ], [ -117.074880351, 48.14375622300004 ], [ -117.075024854000034, 48.143699966 ], [ -117.075184634999943, 48.143667063000038 ], [ -117.075340064, 48.143653232000048 ], [ -117.075477111999973, 48.14361994300004 ], [ -117.075595040999957, 48.14356257 ], [ -117.075914412999978, 48.14335281000006 ], [ -117.076008155999929, 48.143304374000046 ], [ -117.076742385000031, 48.143119073 ], [ -117.076847501999936, 48.14307554300003 ], [ -117.077096889999979, 48.142906200000048 ], [ -117.077260721999934, 48.142834523000069 ], [ -117.077372153999974, 48.142771289000081 ], [ -117.077580632999911, 48.142590228000117 ], [ -117.077660902000019, 48.142541737 ], [ -117.078148595999949, 48.142416869000073 ], [ -117.078519342999968, 48.142283261000038 ], [ -117.078691227999954, 48.142250930000024 ], [ -117.07894882399998, 48.14222401100001 ], [ -117.079396127999971, 48.14214237 ], [ -117.079585801999897, 48.142087055000047 ], [ -117.079984379999928, 48.141948606000057 ], [ -117.080163535999958, 48.141912593 ], [ -117.080349671999954, 48.141900158000041 ], [ -117.080719753999958, 48.141930865000084 ], [ -117.080905651, 48.14192616100005 ], [ -117.081510448999936, 48.141827922000104 ], [ -117.081770492999937, 48.1417946440001 ], [ -117.082046003999935, 48.141707228000065 ], [ -117.082176637999979, 48.141654520000053 ], [ -117.082419519999974, 48.141535583000071 ], [ -117.082486196, 48.141513482000022 ], [ -117.082629514999979, 48.141487475000083 ], [ -117.082879405999947, 48.141469647000029 ], [ -117.083174098000015, 48.141400179000065 ], [ -117.083435384999945, 48.141351945000075 ], [ -117.08370409799997, 48.141328215000051 ], [ -117.084038070999981, 48.141315992000017 ], [ -117.084372446999922, 48.141310639000025 ], [ -117.085041149999924, 48.14132055900005 ], [ -117.085166699999917, 48.14130191800011 ], [ -117.085235950999959, 48.141267514 ], [ -117.085298956999921, 48.141192479000019 ], [ -117.085335769999972, 48.140407034000035 ], [ -117.085379723999964, 48.140268628000051 ], [ -117.085704467999918, 48.139860784000049 ], [ -117.085840388999983, 48.139753225000035 ], [ -117.086034055999932, 48.139628497000011 ], [ -117.086055911999978, 48.139602028000041 ], [ -117.086064234999938, 48.139557229000069 ], [ -117.086512516, 48.139561925000109 ], [ -117.089423100999937, 48.13952781200004 ], [ -117.090248185999911, 48.139542782000035 ], [ -117.090361615999981, 48.139516618000087 ], [ -117.090455504999937, 48.13946662500004 ], [ -117.0906551409999, 48.139231010000074 ], [ -117.090730324, 48.139178823000023 ], [ -117.090867954999922, 48.13911717400007 ], [ -117.091276960999949, 48.139613472000107 ], [ -117.092178427999926, 48.140813682000022 ], [ -117.092529236, 48.141228446000063 ], [ -117.093434085999874, 48.141860661000059 ], [ -117.093936179999972, 48.142175626 ], [ -117.094690566999944, 48.142627120000057 ], [ -117.0951624, 48.142943550000041 ], [ -117.095573192999964, 48.143247022000018 ], [ -117.095749184999946, 48.143390943000014 ], [ -117.096075755999976, 48.143691818000043 ], [ -117.096225850999957, 48.143848329000022 ], [ -117.096487692999929, 48.144146811000034 ], [ -117.096707988999967, 48.14443110200002 ], [ -117.097012570999922, 48.144917314000011 ], [ -117.097590930999914, 48.145952848999976 ], [ -117.098113024999989, 48.146852904000113 ], [ -117.098452846999933, 48.147309938 ], [ -117.099073147999931, 48.148065258000059 ], [ -117.099475722999898, 48.148493849 ], [ -117.09991022299991, 48.14890824600009 ], [ -117.100953161999939, 48.149803254000069 ], [ -117.101071343999976, 48.149938357000053 ], [ -117.101178665999953, 48.150123207000064 ], [ -117.101215854999936, 48.150302550000077 ], [ -117.101215532, 48.150363563000063 ], [ -117.101187013999947, 48.150483924000071 ], [ -117.101104124999935, 48.150635136000069 ], [ -117.10104936399992, 48.150706921000044 ], [ -117.100914967, 48.150840537000093 ], [ -117.100202519000021, 48.151412950000029 ], [ -117.100043749999941, 48.15155740000008 ], [ -117.099932874999979, 48.151682388000026 ], [ -117.099890305999907, 48.151749326000044 ], [ -117.099832583999927, 48.151889450000013 ], [ -117.099791947999975, 48.152093941000061 ], [ -117.099785781, 48.152197052000062 ], [ -117.099789091000019, 48.152300223000069 ], [ -117.099813573999882, 48.152386410000112 ], [ -117.099937538999953, 48.15263577300005 ], [ -117.100060355999972, 48.152790684000067 ], [ -117.100173858999952, 48.152893838000068 ], [ -117.09884433, 48.153591217000042 ], [ -117.095643227999986, 48.155332061000109 ], [ -117.091409655999882, 48.157436019000031 ], [ -117.091230706999923, 48.157549713 ], [ -117.09108159099992, 48.157681273000065 ], [ -117.090966232999975, 48.157827234000052 ], [ -117.0909222, 48.157904428000052 ], [ -117.090806848999918, 48.158185530000033 ], [ -117.090795085999972, 48.158240848000091 ], [ -117.090801884999976, 48.158352300000075 ], [ -117.090848531999924, 48.158459389000051 ], [ -117.091071700000015, 48.158713762000048 ], [ -117.091347106999947, 48.158992386000101 ], [ -117.091588139999942, 48.159200732000016 ], [ -117.087863474999935, 48.160879890000039 ], [ -117.087145308999922, 48.161184011000067 ], [ -117.086517165999936, 48.161468282000058 ], [ -117.086051977999901, 48.161728340000067 ], [ -117.085614392999901, 48.162009024000028 ], [ -117.085206448999912, 48.162309030000074 ], [ -117.085014191999875, 48.162465844000081 ], [ -117.083580415999947, 48.16379560000005 ], [ -117.081830054999983, 48.165549634000058 ], [ -117.080018495000019, 48.167275661000055 ], [ -117.079707963, 48.167541844000041 ], [ -117.079366621, 48.167790575000019 ], [ -117.079185071999973, 48.167907893000049 ], [ -117.07880167, 48.168127499 ], [ -117.078393255999927, 48.168325905000081 ], [ -117.071316036999931, 48.171429547000024 ], [ -117.069030458000029, 48.172471140000056 ], [ -117.068751087, 48.181173860000072 ], [ -117.057925525, 48.181106301000071 ], [ -117.047013400999944, 48.181086511000039 ], [ -117.047082126999967, 48.176770735999987 ], [ -117.047071564999982, 48.176586192000094 ] ] ] } },
{ "type": "Feature", "properties": { "COUNTY": "Pend Oreille", "PRECCODE": 21, "PRECNAME": "Deer Valley North", "PRECINCT": "Pend Oreille 21", "DESCRIPTIO": "Newport Rural West (Deer Valley North)", "OFFICE": "PUD Commissioner District 2", "JURISDICTION": "Public Utility", "RACE": "Pend Oreille County PUD Commissioner District 2", "Name_1": "Gerry David Bradbury", "Party_1": "None_1", "Votes_1": "350", "Name_2": "Write-In", "Party_2": "None_4", "Votes_2": "28", "Name_3": "Tracy Rutt", "Party_3": "None_3", "Votes_3": "10", "Name_4": null, "Party_4": null, "Votes_4": "0", "Name_5": null, "Party_5": null, "Votes_5": "0", "Name_6": null, "Party_6": null, "Votes_6": "0", "Name_7": null, "Party_7": null, "Votes_7": "0", "Votes_total": "388", "Pct_1": 90.21, "Pct_2": 7.22, "Pct_3": 2.58, "Pct_4": 0.0, "Pct_5": 0.0, "Pct_6": 0.0, "Pct_7": 0.0, "Margin": 82.99 }, "geometry": { "type": "Polygon", "coordinates": [ [ [ -117.242023215999964, 48.210512799000107 ], [ -117.176673825999956, 48.21019533200004 ], [ -117.155106610999951, 48.210300205000095 ], [ -117.133470374999945, 48.210328905000068 ], [ -117.112008954999979, 48.210248768000014 ], [ -117.090044451, 48.210235181000051 ], [ -117.078904754999982, 48.210086529000087 ], [ -117.071281590999931, 48.210014324000063 ], [ -117.06800061399997, 48.21002835200008 ], [ -117.068049718999973, 48.20289795500004 ], [ -117.069030459, 48.172471139000045 ], [ -117.071316036999931, 48.171429547000024 ], [ -117.078393255999927, 48.168325905000081 ], [ -117.07880167, 48.168127499 ], [ -117.079185071999973, 48.167907893000049 ], [ -117.079366621, 48.167790575000019 ], [ -117.079707963, 48.167541844000041 ], [ -117.080018495000019, 48.167275661000055 ], [ -117.081830054999983, 48.165549634000058 ], [ -117.083580415999947, 48.16379560000005 ], [ -117.085014191999875, 48.162465844000081 ], [ -117.085206448999912, 48.162309030000074 ], [ -117.085614392999901, 48.162009024000028 ], [ -117.086051977999901, 48.161728340000067 ], [ -117.086517165999936, 48.161468282000058 ], [ -117.087145308999922, 48.161184011000067 ], [ -117.087863474999935, 48.160879890000039 ], [ -117.091588139999942, 48.159200732000016 ], [ -117.091746664, 48.159141836000025 ], [ -117.093394198999988, 48.15842499400005 ], [ -117.097752457, 48.156472315000038 ], [ -117.101550092999972, 48.154789172000037 ], [ -117.101863947000012, 48.154678623000038 ], [ -117.103058805000018, 48.154301174000082 ], [ -117.106643210999934, 48.153218838000051 ], [ -117.108497351999958, 48.152670694000093 ], [ -117.11000259099994, 48.15219312100001 ], [ -117.110365640999973, 48.152471786000064 ], [ -117.111093678999893, 48.152895217 ], [ -117.111629652999952, 48.153227775000076 ], [ -117.111917174000027, 48.153417179000044 ], [ -117.112106645999972, 48.153575751000098 ], [ -117.112265519999966, 48.153748718000031 ], [ -117.112428251999958, 48.154004162000014 ], [ -117.112476662999924, 48.154150282000032 ], [ -117.11258070699995, 48.154615627000069 ], [ -117.112648852999882, 48.154774031000031 ], [ -117.112697643000033, 48.154849788 ], [ -117.112785328, 48.154950192000044 ], [ -117.112965422999949, 48.155075863000057 ], [ -117.113111666999927, 48.155138696 ], [ -117.11334559, 48.155201845000086 ], [ -117.113467323999942, 48.155224153000063 ], [ -117.113975744999905, 48.155275687000064 ], [ -117.114147787000022, 48.155270091000048 ], [ -117.114313710999966, 48.155239157000068 ], [ -117.114465289999913, 48.155184418000061 ], [ -117.114675280999975, 48.155057652000053 ], [ -117.114944233999921, 48.154865265000026 ], [ -117.115357313999979, 48.154546762000059 ], [ -117.115521936000036, 48.154448641000023 ], [ -117.11570727, 48.154368748000081 ], [ -117.117042229999953, 48.153851376000077 ], [ -117.117370776999962, 48.153739688000073 ], [ -117.117449295999975, 48.153725019 ], [ -117.117611447999963, 48.153715929000057 ], [ -117.117771878999932, 48.153734132000054 ], [ -117.117848269999968, 48.153753175000034 ], [ -117.117920487999967, 48.153778481000089 ], [ -117.118047924999956, 48.153846186000088 ], [ -117.118146166, 48.153932985000075 ], [ -117.118209026999935, 48.15403341400004 ], [ -117.118730182, 48.156045200000044 ], [ -117.118897825999937, 48.156530343000043 ], [ -117.119058457, 48.156936992000034 ], [ -117.119084416, 48.157107740000029 ], [ -117.119082149999926, 48.157193610000036 ], [ -117.119003795, 48.157652638000087 ], [ -117.119470159999921, 48.157638786000099 ], [ -117.119936890999924, 48.157645009000085 ], [ -117.120435806000017, 48.157672119000011 ], [ -117.120929625999977, 48.15772688600002 ], [ -117.121414934, 48.157808931000048 ], [ -117.121653340999927, 48.157860013000018 ], [ -117.122572245999933, 48.15808966900002 ], [ -117.123368238999987, 48.158251997000036 ], [ -117.125771377999953, 48.158582088000081 ], [ -117.13219041499994, 48.159529434000028 ], [ -117.132437749999966, 48.159563301000084 ], [ -117.132937729999924, 48.159609930000045 ], [ -117.133441806999883, 48.159628165000036 ], [ -117.138051895999951, 48.159610358000066 ], [ -117.1406960959999, 48.159615405000046 ], [ -117.14778755699993, 48.159601608000052 ], [ -117.148631895, 48.159611981000019 ], [ -117.149383838999938, 48.159636555000105 ], [ -117.150041882999915, 48.159678987000063 ], [ -117.150369197000018, 48.159710016000062 ], [ -117.150827194, 48.159786366000077 ], [ -117.158337419999938, 48.160829322000026 ], [ -117.160363750999977, 48.161121438000045 ], [ -117.160674101, 48.161181225000099 ], [ -117.160824217999973, 48.161221193000038 ], [ -117.161111109, 48.161320422000067 ], [ -117.161376135, 48.16144390400008 ], [ -117.161614738999901, 48.161589521000039 ], [ -117.161722832999899, 48.161669861000028 ], [ -117.162715721999973, 48.162579931000025 ], [ -117.162956718999908, 48.162776909000051 ], [ -117.163192319999951, 48.162936309000017 ], [ -117.163423355999882, 48.16305359800004 ], [ -117.163546695, 48.16310471 ], [ -117.16380656799997, 48.163190856000028 ], [ -117.164080567999932, 48.163254458000047 ], [ -117.164364346999989, 48.163294510000078 ], [ -117.16485032699994, 48.163316400000014 ], [ -117.166234449999976, 48.163319571000017 ], [ -117.168042723999918, 48.163339646000082 ], [ -117.169851246999926, 48.163339865000097 ], [ -117.17184131, 48.16335762500006 ], [ -117.17204974899991, 48.163357243000029 ], [ -117.172465556999924, 48.163338222000043 ], [ -117.172877297999918, 48.163295003000037 ], [ -117.173080660999958, 48.163264413999983 ], [ -117.173480429, 48.163185570000024 ], [ -117.174049678999921, 48.16303085000002 ], [ -117.17501385199995, 48.162743677000066 ], [ -117.175502, 48.162609529000058 ], [ -117.175837401999971, 48.162532286000072 ], [ -117.176009656999938, 48.162503807000014 ], [ -117.176360229999972, 48.162467636000052 ], [ -117.176714741999888, 48.162459567 ], [ -117.176891907999973, 48.162466123000101 ], [ -117.177375762999972, 48.162560079000059 ], [ -117.177683897, 48.162649827000024 ], [ -117.180638479000024, 48.163637629000036 ], [ -117.181180540999932, 48.163790818000024 ], [ -117.18201719899993, 48.163978617 ], [ -117.182587676, 48.164075155 ], [ -117.184346208999926, 48.164316902000017 ], [ -117.187786355999904, 48.164765612000025 ], [ -117.190090826999977, 48.165086276000089 ], [ -117.190724543, 48.165195066000123 ], [ -117.191348073000015, 48.165327606000076 ], [ -117.191655396999906, 48.165402654000069 ], [ -117.192967657999986, 48.16582823600001 ], [ -117.195145814999989, 48.166563857000035 ], [ -117.195820461999944, 48.166805153000027 ], [ -117.19607161, 48.166994790999986 ], [ -117.196296056999941, 48.167198864000092 ], [ -117.196578696999978, 48.167528341 ], [ -117.196728840999981, 48.167760939000061 ], [ -117.198073455999989, 48.170603022000115 ], [ -117.198496663999947, 48.17154154200005 ], [ -117.19902979999992, 48.172669537000033 ], [ -117.199338729, 48.173271061000065 ], [ -117.199628406999977, 48.173785020000047 ], [ -117.199947574999925, 48.174291106000084 ], [ -117.200062872999922, 48.174452055000074 ], [ -117.200211590999984, 48.174624220000027 ], [ -117.200388152999921, 48.174784184000032 ], [ -117.200615827999954, 48.174953797000022 ], [ -117.200867734, 48.175107324000031 ], [ -117.201141342, 48.175243222000077 ], [ -117.204153540000021, 48.176466885000082 ], [ -117.204630512999927, 48.17660939600006 ], [ -117.204957115, 48.176672387000032 ], [ -117.20512418399997, 48.176693547000085 ], [ -117.205462608999966, 48.176714780000076 ], [ -117.205854241999958, 48.176709389000067 ], [ -117.206049338999918, 48.176697458000064 ], [ -117.206435938999959, 48.176655261000029 ], [ -117.206895529999969, 48.17659118800006 ], [ -117.207360303999963, 48.176546896000048 ], [ -117.208313865999983, 48.176422674000065 ], [ -117.209451502999968, 48.176290829999985 ], [ -117.209776678999972, 48.176273575000081 ], [ -117.210124972999893, 48.176287464000069 ], [ -117.21054376599993, 48.176338227 ], [ -117.212379051999989, 48.176685805000069 ], [ -117.212615946999975, 48.176746821000052 ], [ -117.212831151, 48.176829344000048 ], [ -117.213019836999976, 48.176931665999987 ], [ -117.213503469999949, 48.177275604000023 ], [ -117.213692748999947, 48.177381243000063 ], [ -117.213900312999897, 48.177470200000052 ], [ -117.214019113999981, 48.177506940000072 ], [ -117.214267939999942, 48.177560863000082 ], [ -117.214526421999935, 48.177587637000087 ], [ -117.214787979, 48.177586582000089 ], [ -117.21491783099998, 48.177575599000065 ], [ -117.215882703999966, 48.177425159000045 ], [ -117.216195197, 48.177395676000096 ], [ -117.216428598999926, 48.17739595200004 ], [ -117.21654443700001, 48.177405990000075 ], [ -117.216770237999981, 48.177445504000048 ], [ -117.216878582999954, 48.177474698000061 ], [ -117.216982845999979, 48.177509917000052 ], [ -117.217176168999984, 48.177597384000094 ], [ -117.218418047999961, 48.178274436000059 ], [ -117.218719352000036, 48.178418212000061 ], [ -117.218999341999933, 48.178536587000096 ], [ -117.219257253999956, 48.178628427000049 ], [ -117.2195297049999, 48.17869903700003 ], [ -117.220512919000029, 48.178874686 ], [ -117.220726238999987, 48.178964176000115 ], [ -117.220920076999946, 48.179071679000032 ], [ -117.221091054999988, 48.179195321000051 ], [ -117.221236192, 48.179332947000077 ], [ -117.221799015, 48.180210445000036 ], [ -117.221972323999978, 48.180438517000077 ], [ -117.222174767999945, 48.180655590000079 ], [ -117.222404797999971, 48.180860003000028 ], [ -117.222648468999964, 48.181035838000099 ], [ -117.222916525999949, 48.181195014000039 ], [ -117.223206433999962, 48.181336025000071 ], [ -117.223358732999927, 48.181399296000073 ], [ -117.223595654999926, 48.181477624000067 ], [ -117.22432607099995, 48.181683494000048 ], [ -117.22482717599992, 48.181795865000019 ], [ -117.228218755999976, 48.182633577000054 ], [ -117.229344017999892, 48.182898876000067 ], [ -117.229715031999973, 48.182953066000024 ], [ -117.230092827999954, 48.182978877000025 ], [ -117.230472563999939, 48.182975979000048 ], [ -117.230849378999949, 48.182944409000108 ], [ -117.237244886, 48.181804926000062 ], [ -117.240793423999918, 48.181211668000088 ], [ -117.241127479999989, 48.181143078000012 ], [ -117.241449643999928, 48.181052558000069 ], [ -117.241903617000034, 48.18087768500007 ], [ -117.243200074999919, 48.180198665000027 ], [ -117.243463063999968, 48.180085898000108 ], [ -117.243743649999914, 48.179994043000065 ], [ -117.24388939299989, 48.179956346000047 ], [ -117.244189378999948, 48.179898038000033 ], [ -117.24753918299993, 48.179478989000081 ], [ -117.247898545999988, 48.179410288000078 ], [ -117.248074055999922, 48.17936725400007 ], [ -117.248414659, 48.179264333000084 ], [ -117.248738702999972, 48.179139771000081 ], [ -117.251651650000014, 48.17783313500005 ], [ -117.252128576999922, 48.17764184900004 ], [ -117.252623113999931, 48.177471741 ], [ -117.253133159999948, 48.177323532000081 ], [ -117.253656553999988, 48.177197851000066 ], [ -117.259199965, 48.175710997000067 ], [ -117.259540650999952, 48.175638769000045 ], [ -117.259891239999902, 48.175592352000102 ], [ -117.260247373999974, 48.175572324000044 ], [ -117.260426138999918, 48.175572296000041 ], [ -117.260782288000016, 48.175592213000087 ], [ -117.261132908999969, 48.17563851900011 ], [ -117.261304780999978, 48.175671400000077 ], [ -117.261638977999922, 48.175756111000069 ], [ -117.261800264999948, 48.175807677000073 ], [ -117.262108706999953, 48.175928427000017 ], [ -117.262395138999977, 48.176071389000043 ], [ -117.263462012999952, 48.176714591000049 ], [ -117.264376674999923, 48.177291844000123 ], [ -117.264570109, 48.177403134 ], [ -117.264974803999962, 48.177610955000063 ], [ -117.26518550900002, 48.177707200000029 ], [ -117.26562219, 48.177883700000059 ], [ -117.266077218999953, 48.17803808200005 ], [ -117.269766256999915, 48.179132688000031 ], [ -117.27027934999991, 48.179238216000044 ], [ -117.27081, 48.179292439 ], [ -117.270988819999943, 48.17929888 ], [ -117.27116054899993, 48.179290421000104 ], [ -117.271500364999952, 48.179253610000082 ], [ -117.271831519, 48.179190726000023 ], [ -117.272149552999977, 48.179102613000026 ], [ -117.272450188999954, 48.178990458000072 ], [ -117.272592705999912, 48.17892582500005 ], [ -117.275102938999979, 48.177756332000094 ], [ -117.275549466999962, 48.177609954000069 ], [ -117.275933754999983, 48.177539012000061 ], [ -117.276326979999894, 48.177495139000065 ], [ -117.276724887999976, 48.177478808000053 ], [ -117.281497219999935, 48.177492672000035 ], [ -117.28188697899995, 48.177463628000041 ], [ -117.282079702999894, 48.177439217000064 ], [ -117.284624502999989, 48.177002463000065 ], [ -117.285209291999976, 48.176964443000038 ], [ -117.285601106999962, 48.176968477000095 ], [ -117.285990800999983, 48.176996006000067 ], [ -117.286386987999961, 48.177067207 ], [ -117.286771353999896, 48.177163110000038 ], [ -117.287140465999983, 48.177282857000087 ], [ -117.28731826399995, 48.177351345000076 ], [ -117.287658361999931, 48.177504788000071 ], [ -117.28781989899997, 48.177589399000055 ], [ -117.287975278999951, 48.177679022000092 ], [ -117.28824049399995, 48.177864467000077 ], [ -117.288362564999929, 48.177963502000097 ], [ -117.288584155999956, 48.178173000000115 ], [ -117.288683141999954, 48.178282958000054 ], [ -117.288856298, 48.178511961 ], [ -117.288930049999976, 48.178630454000029 ], [ -117.289649103999963, 48.180167953000058 ], [ -117.289793031999977, 48.1803788080001 ], [ -117.28987851299992, 48.18047967600009 ], [ -117.289972626999898, 48.180577045000071 ], [ -117.290185455999946, 48.180759981000023 ], [ -117.290303448999936, 48.180844927000031 ], [ -117.29056058899998, 48.181000333 ], [ -117.290842996, 48.181134699000026 ], [ -117.290992489999923, 48.18119341100001 ], [ -117.29130552499997, 48.181292899000063 ], [ -117.291468003999981, 48.181333336000122 ], [ -117.291802133999937, 48.181394915000062 ], [ -117.291972651999941, 48.181415847000018 ], [ -117.292317701999977, 48.181437641000045 ], [ -117.297399469999959, 48.181423085000084 ], [ -117.300160935999898, 48.181437314000021 ], [ -117.301541539999931, 48.181452021000077 ], [ -117.302194412999967, 48.18146795600007 ], [ -117.302847582, 48.181458903000113 ], [ -117.304206764999932, 48.18141981800008 ], [ -117.305240607999906, 48.181420008000011 ], [ -117.305978053999951, 48.181434194000126 ], [ -117.306305621999954, 48.18140295200002 ], [ -117.30672120899996, 48.181326003000045 ], [ -117.306813863999963, 48.18131799 ], [ -117.307000448999972, 48.18132053700004 ], [ -117.307182610999959, 48.181347666000057 ], [ -117.307353182999933, 48.181398305000073 ], [ -117.307812620000036, 48.181635632000081 ], [ -117.308213588, 48.181821140000068 ], [ -117.308848885999979, 48.182063190000022 ], [ -117.309068648999954, 48.182133816 ], [ -117.309248035999971, 48.182177661 ], [ -117.309616151999947, 48.182245525000013 ], [ -117.309905311999984, 48.182282771000068 ], [ -117.31019462299993, 48.18235669200007 ], [ -117.310446790999947, 48.182476938000057 ], [ -117.310586115, 48.182579124 ], [ -117.311605784, 48.183418501000077 ], [ -117.31193822799996, 48.183717389000023 ], [ -117.312249859, 48.184026144 ], [ -117.312525272999949, 48.184251600999985 ], [ -117.312829839999935, 48.184459614000062 ], [ -117.313222941999967, 48.1846962750001 ], [ -117.314087565, 48.185299176000072 ], [ -117.314340619999939, 48.185439311000039 ], [ -117.314613589, 48.185561594000021 ], [ -117.314903669000017, 48.185664771000035 ], [ -117.31520787599996, 48.185747782000064 ], [ -117.316344502999939, 48.185970490000017 ], [ -117.318173203, 48.186290451000019 ], [ -117.318565639999946, 48.186386403000057 ], [ -117.31881111999995, 48.186474723000075 ], [ -117.319039910999919, 48.186581211 ], [ -117.320574751999928, 48.187379175000046 ], [ -117.320898724000017, 48.187571787000081 ], [ -117.321070664, 48.187660108000017 ], [ -117.321432484999903, 48.187819775 ], [ -117.321815452999928, 48.187955610000046 ], [ -117.322013779999963, 48.188014195000093 ], [ -117.322421853999984, 48.188112030000099 ], [ -117.322630668999949, 48.188151055000048 ], [ -117.323842470000031, 48.18844349600009 ], [ -117.324442775999955, 48.188599740000051 ], [ -117.325885825, 48.189001506000068 ], [ -117.326143987999941, 48.189064530000053 ], [ -117.326669988999924, 48.18917097700006 ], [ -117.326937091000019, 48.189214252000085 ], [ -117.327486132999965, 48.189289919000053 ], [ -117.327939088999983, 48.189338491000065 ], [ -117.328286258999967, 48.189393464 ], [ -117.328455637999966, 48.189431051999989 ], [ -117.328968251000035, 48.189571296000054 ], [ -117.329235234999928, 48.189656283000069 ], [ -117.329416873999918, 48.189734120000018 ], [ -117.329499781999957, 48.189780361000032 ], [ -117.329646892999961, 48.189885878000062 ], [ -117.329765723999927, 48.190006279000073 ], [ -117.329989493999946, 48.190185707000083 ], [ -117.330242665999947, 48.190346717000089 ], [ -117.33064625399993, 48.190554820000074 ], [ -117.330932042999976, 48.19067158200005 ], [ -117.331322400999952, 48.190801698000072 ], [ -117.331652151999947, 48.190956249000081 ], [ -117.331962850999929, 48.191132741000018 ], [ -117.332058360000019, 48.191198211000021 ], [ -117.332226768999959, 48.191342204000115 ], [ -117.33227309999991, 48.191407071000064 ], [ -117.332389636999977, 48.191527738000019 ], [ -117.332535098000022, 48.191633438000061 ], [ -117.33270526799997, 48.191721106000038 ], [ -117.332972889999908, 48.191822146000042 ], [ -117.333111608999928, 48.191904356000101 ], [ -117.333223850999971, 48.192002992 ], [ -117.333305353999947, 48.192114310000058 ], [ -117.333437133999951, 48.192443264000097 ], [ -117.33358157, 48.19270458000004 ], [ -117.334421240999902, 48.193858972999983 ], [ -117.334576005999963, 48.194010153000065 ], [ -117.334858513999933, 48.194209431000026 ], [ -117.335076020999935, 48.194320849000107 ], [ -117.335420663000022, 48.194430890000064 ], [ -117.335777848, 48.194521297000072 ], [ -117.33640084799994, 48.194634374000032 ], [ -117.336663392, 48.194650895000052 ], [ -117.336926647000027, 48.19464062300009 ], [ -117.337056638999911, 48.194625490000078 ], [ -117.33761029799993, 48.194514067 ], [ -117.337895757999888, 48.194425814000077 ], [ -117.338160716999951, 48.194312532000033 ], [ -117.338400294999971, 48.194176307000042 ], [ -117.338509166000037, 48.194100360000064 ], [ -117.338679638999949, 48.194013424000069 ], [ -117.338844386, 48.193955039000038 ], [ -117.338932571, 48.193934565000028 ], [ -117.339115980999978, 48.193912116000028 ], [ -117.33930238899994, 48.193915003 ], [ -117.339394290999962, 48.193925952000029 ], [ -117.339570719999912, 48.19396628900008 ], [ -117.340071704999929, 48.19403511800008 ], [ -117.340562537999915, 48.19413123500005 ], [ -117.341257935000016, 48.194308019000019 ], [ -117.34148655300001, 48.194336404000062 ], [ -117.341719060999935, 48.194338315000032 ], [ -117.342526706999976, 48.194259095000049 ], [ -117.342992602000024, 48.194239924000073 ], [ -117.343459355999983, 48.194242985000052 ], [ -117.343646633999938, 48.194218789 ], [ -117.343823835999927, 48.194171596 ], [ -117.343906683999961, 48.194139865000054 ], [ -117.344057209999974, 48.19406153700006 ], [ -117.344217472, 48.193897913000022 ], [ -117.344350159999948, 48.193664462000058 ], [ -117.344493325, 48.193446091000027 ], [ -117.344722689999983, 48.193168323000044 ], [ -117.344851267999942, 48.193036114000023 ], [ -117.345115032999928, 48.192821895000066 ], [ -117.345359472000013, 48.192646788000062 ], [ -117.345491857999903, 48.192566049000042 ], [ -117.345775063999923, 48.19241935900007 ], [ -117.346080111, 48.19229376600007 ], [ -117.34623974, 48.192239342 ], [ -117.347167108, 48.192015428000047 ], [ -117.347536716999898, 48.191964411000086 ], [ -117.348103105999883, 48.19196170900004 ], [ -117.34819658100001, 48.191951900000021 ], [ -117.348376799999983, 48.191913827000079 ], [ -117.348542070999969, 48.191852521000072 ], [ -117.348617000999965, 48.191813889000066 ], [ -117.348940384999977, 48.191626940000056 ], [ -117.349182324999944, 48.191467627000101 ], [ -117.349290447000016, 48.191424291000068 ], [ -117.349412535999974, 48.191403301000015 ], [ -117.349475688999959, 48.191401806000073 ], [ -117.349896685999951, 48.191421323 ], [ -117.350521628, 48.191487984000013 ], [ -117.35095989300001, 48.191583780000038 ], [ -117.351439364999962, 48.191891729000112 ], [ -117.351569321999989, 48.191992657000107 ], [ -117.351714869999952, 48.192166812000046 ], [ -117.351857383999942, 48.192425016000094 ], [ -117.352082308999982, 48.192663961000058 ], [ -117.352343672999936, 48.192890968000022 ], [ -117.35298906999995, 48.193401427000055 ], [ -117.353095782000011, 48.193528739000016 ], [ -117.353240440999983, 48.193794283000059 ], [ -117.353403196999949, 48.194044992000016 ], [ -117.353508192000021, 48.194277135000036 ], [ -117.353550960999883, 48.194395 ], [ -117.353585670999948, 48.194754066000058 ], [ -117.35363807, 48.194873449000077 ], [ -117.353678896999924, 48.1949294570001 ], [ -117.353757875999975, 48.195257339000051 ], [ -117.353855188999944, 48.195543295000078 ], [ -117.35385789, 48.195650510000071 ], [ -117.353757210000012, 48.196310358000041 ], [ -117.353708139000048, 48.19641657400004 ], [ -117.353552542999921, 48.196615420000057 ], [ -117.353514230999977, 48.196725734000047 ], [ -117.353517825, 48.196838957000089 ], [ -117.35354814899992, 48.196956778000057 ], [ -117.353576476999976, 48.197013556000051 ], [ -117.353800497999941, 48.197326038000064 ], [ -117.354180435000032, 48.198087212000075 ], [ -117.354211386999907, 48.198281387000065 ], [ -117.354293028999948, 48.198478065000081 ], [ -117.354255748999975, 48.198606730000073 ], [ -117.354184956999958, 48.198728944000059 ], [ -117.354082895999952, 48.198840839000077 ], [ -117.353923515999909, 48.198952865000109 ], [ -117.353796208999952, 48.199081938000035 ], [ -117.353511221999966, 48.199499679000056 ], [ -117.352993829999903, 48.200067934000081 ], [ -117.352928727999938, 48.200154235000035 ], [ -117.352895695999948, 48.200248333 ], [ -117.352861373999971, 48.200934106 ], [ -117.352826504999882, 48.201174432000073 ], [ -117.352759537999987, 48.201411701000062 ], [ -117.352661012999988, 48.201643999000012 ], [ -117.352230282999969, 48.202325314000092 ], [ -117.352013554999971, 48.202531093000061 ], [ -117.351835059999956, 48.202649289000064 ], [ -117.351570886999937, 48.202789852000066 ], [ -117.351257595999925, 48.202980617000037 ], [ -117.35066558299998, 48.20342529900006 ], [ -117.350332437999981, 48.203643880000115 ], [ -117.349354559999952, 48.204201762 ], [ -117.349246201999975, 48.20427377 ], [ -117.34904611599994, 48.204428080000056 ], [ -117.348869806999986, 48.204594847000109 ], [ -117.34836460799994, 48.204967503000027 ], [ -117.348172728999984, 48.205160225000071 ], [ -117.305549578999887, 48.205124135000027 ], [ -117.305396648999988, 48.210385810000076 ], [ -117.285198977999983, 48.210408944000044 ], [ -117.263583045999908, 48.21047061900007 ], [ -117.242023215999964, 48.210512799000107 ] ] ] } },
{ "type": "Feature", "properties": { "COUNTY": "Pend Oreille", "PRECCODE": 25, "PRECNAME": "Deer Valley South", "PRECINCT": "Pend Oreille 25", "DESCRIPTIO": "Newport Rural Far West (Deer Valley South)", "OFFICE": "PUD Commissioner District 2", "JURISDICTION": "Public Utility", "RACE": "Pend Oreille County PUD Commissioner District 2", "Name_1": "Write-In", "Party_1": "None_4", "Votes_1": "255", "Name_2": "Gerry David Bradbury", "Party_2": "None_1", "Votes_2": "15", "Name_3": null, "Party_3": null, "Votes_3": "0", "Name_4": null, "Party_4": null, "Votes_4": "0", "Name_5": null, "Party_5": null, "Votes_5": "0", "Name_6": null, "Party_6": null, "Votes_6": "0", "Name_7": null, "Party_7": null, "Votes_7": "0", "Votes_total": "270", "Pct_1": 94.44, "Pct_2": 5.56, "Pct_3": 0.0, "Pct_4": 0.0, "Pct_5": 0.0, "Pct_6": 0.0, "Pct_7": 0.0, "Margin": 88.88 }, "geometry": { "type": "Polygon", "coordinates": [ [ [ -117.216428598999926, 48.17739595200004 ], [ -117.216195197, 48.177395676000096 ], [ -117.215882703999966, 48.177425159000045 ], [ -117.21509993899997, 48.177548836000064 ], [ -117.214787979, 48.177586582000089 ], [ -117.214526421999935, 48.177587637000087 ], [ -117.214267939999942, 48.177560863000082 ], [ -117.214019113999981, 48.177506940000072 ], [ -117.213900312999897, 48.177470200000052 ], [ -117.213692748999947, 48.177381243000063 ], [ -117.213503469999949, 48.177275604000023 ], [ -117.213019836999976, 48.176931665999987 ], [ -117.212831151, 48.176829344000048 ], [ -117.212615946999975, 48.176746821000052 ], [ -117.212379051999989, 48.176685805000069 ], [ -117.21054376599993, 48.176338227 ], [ -117.210124972999893, 48.176287464000069 ], [ -117.209776678999972, 48.176273575000081 ], [ -117.209451502999968, 48.176290829999985 ], [ -117.208313865999983, 48.176422674000065 ], [ -117.207360303999963, 48.176546896000048 ], [ -117.206895529999969, 48.17659118800006 ], [ -117.206435938999959, 48.176655261000029 ], [ -117.206049338999918, 48.176697458000064 ], [ -117.205854241999958, 48.176709389000067 ], [ -117.205462608999966, 48.176714780000076 ], [ -117.20512418399997, 48.176693547000085 ], [ -117.204957115, 48.176672387000032 ], [ -117.204630512999927, 48.17660939600006 ], [ -117.204472251, 48.17656780800008 ], [ -117.203999689999989, 48.176409222000103 ], [ -117.201285433999942, 48.175304127000061 ], [ -117.201001992000045, 48.175177566000073 ], [ -117.200615827999954, 48.174953797000022 ], [ -117.200388152999921, 48.174784184000032 ], [ -117.200211590999984, 48.174624220000027 ], [ -117.200062872999922, 48.174452055000074 ], [ -117.199947574999925, 48.174291106000084 ], [ -117.199628406999977, 48.173785020000047 ], [ -117.199338729, 48.173271061000065 ], [ -117.19902979999992, 48.172669537000033 ], [ -117.198496663999947, 48.17154154200005 ], [ -117.198073455999989, 48.170603022000115 ], [ -117.196728840999981, 48.167760939000061 ], [ -117.196578696999978, 48.167528341 ], [ -117.196296056999941, 48.167198864000092 ], [ -117.19607161, 48.166994790999986 ], [ -117.195820461999944, 48.166805153000027 ], [ -117.195145814999989, 48.166563857000035 ], [ -117.192533028999989, 48.165682543000045 ], [ -117.191655396999906, 48.165402654000069 ], [ -117.191348073000015, 48.165327606000076 ], [ -117.190724543, 48.165195066000123 ], [ -117.190090826999977, 48.165086276000089 ], [ -117.187786355999904, 48.164765612000025 ], [ -117.184346208999926, 48.164316902000017 ], [ -117.182587676, 48.164075155 ], [ -117.18201719899993, 48.163978617 ], [ -117.181180540999932, 48.163790818000024 ], [ -117.180638479000024, 48.163637629000036 ], [ -117.177683897, 48.162649827000024 ], [ -117.177375762999972, 48.162560079000059 ], [ -117.176891907999973, 48.162466123000101 ], [ -117.176714741999888, 48.162459567 ], [ -117.176360229999972, 48.162467636000052 ], [ -117.176009656999938, 48.162503807000014 ], [ -117.175837401999971, 48.162532286000072 ], [ -117.175502, 48.162609529000058 ], [ -117.17501385199995, 48.162743677000066 ], [ -117.174049678999921, 48.16303085000002 ], [ -117.173480429, 48.163185570000024 ], [ -117.173080660999958, 48.163264413999983 ], [ -117.172877297999918, 48.163295003000037 ], [ -117.172465556999924, 48.163338222000043 ], [ -117.17204974899991, 48.163357243000029 ], [ -117.17184131, 48.16335762500006 ], [ -117.169851246999926, 48.163339865000097 ], [ -117.168042723999918, 48.163339646000082 ], [ -117.166234449999976, 48.163319571000017 ], [ -117.16485032699994, 48.163316400000014 ], [ -117.164364346999989, 48.163294510000078 ], [ -117.164080567999932, 48.163254458000047 ], [ -117.16380656799997, 48.163190856000028 ], [ -117.163546695, 48.16310471 ], [ -117.163423355999882, 48.16305359800004 ], [ -117.163192319999951, 48.162936309000017 ], [ -117.162956718999908, 48.162776909000051 ], [ -117.162715721999973, 48.162579931000025 ], [ -117.161722832999899, 48.161669861000028 ], [ -117.161614738999901, 48.161589521000039 ], [ -117.161376135, 48.16144390400008 ], [ -117.161111109, 48.161320422000067 ], [ -117.160824217999973, 48.161221193000038 ], [ -117.160674101, 48.161181225000099 ], [ -117.160363750999977, 48.161121438000045 ], [ -117.158337419999938, 48.160829322000026 ], [ -117.150827194, 48.159786366000077 ], [ -117.150369197000018, 48.159710016000062 ], [ -117.150041882999915, 48.159678987000063 ], [ -117.149383838999938, 48.159636555000105 ], [ -117.148631895, 48.159611981000019 ], [ -117.14778755699993, 48.159601608000052 ], [ -117.1406960959999, 48.159615405000046 ], [ -117.138051895999951, 48.159610358000066 ], [ -117.133441806999883, 48.159628165000036 ], [ -117.132937729999924, 48.159609930000045 ], [ -117.132437749999966, 48.159563301000084 ], [ -117.13219041499994, 48.159529434000028 ], [ -117.125771377999953, 48.158582088000081 ], [ -117.123368238999987, 48.158251997000036 ], [ -117.122572245999933, 48.15808966900002 ], [ -117.121653340999927, 48.157860013000018 ], [ -117.121414934, 48.157808931000048 ], [ -117.120929625999977, 48.15772688600002 ], [ -117.120435806000017, 48.157672119000011 ], [ -117.119936890999924, 48.157645009000085 ], [ -117.119470159999921, 48.157638786000099 ], [ -117.119003795, 48.157652638000087 ], [ -117.119082149999926, 48.157193610000036 ], [ -117.119084416, 48.157107740000029 ], [ -117.119058457, 48.156936992000034 ], [ -117.118897825999937, 48.156530343000043 ], [ -117.118730182, 48.156045200000044 ], [ -117.118209026999935, 48.15403341400004 ], [ -117.118146166, 48.153932985000075 ], [ -117.118047924999956, 48.153846186000088 ], [ -117.117920487999967, 48.153778481000089 ], [ -117.117848269999968, 48.153753175000034 ], [ -117.117771878999932, 48.153734132000054 ], [ -117.117611447999963, 48.153715929000057 ], [ -117.117449295999975, 48.153725019 ], [ -117.117370776999962, 48.153739688000073 ], [ -117.117042229999953, 48.153851376000077 ], [ -117.11570727, 48.154368748000081 ], [ -117.115521936000036, 48.154448641000023 ], [ -117.115357313999979, 48.154546762000059 ], [ -117.114944233999921, 48.154865265000026 ], [ -117.114675280999975, 48.155057652000053 ], [ -117.114465289999913, 48.155184418000061 ], [ -117.114313710999966, 48.155239157000068 ], [ -117.114147787000022, 48.155270091000048 ], [ -117.113975744999905, 48.155275687000064 ], [ -117.113467323999942, 48.155224153000063 ], [ -117.11334559, 48.155201845000086 ], [ -117.113111666999927, 48.155138696 ], [ -117.112965422999949, 48.155075863000057 ], [ -117.112785328, 48.154950192000044 ], [ -117.112697643000033, 48.154849788 ], [ -117.112648852999882, 48.154774031000031 ], [ -117.11258070699995, 48.154615627000069 ], [ -117.112476662999924, 48.154150282000032 ], [ -117.112428251999958, 48.154004162000014 ], [ -117.112265519999966, 48.153748718000031 ], [ -117.112106645999972, 48.153575751000098 ], [ -117.111917174000027, 48.153417179000044 ], [ -117.111629652999952, 48.153227775000076 ], [ -117.111093678999893, 48.152895217 ], [ -117.110365640999973, 48.152471786000064 ], [ -117.11000259099994, 48.15219312100001 ], [ -117.111100958999899, 48.151887991000066 ], [ -117.11176570299989, 48.15164577300002 ], [ -117.112390018999974, 48.15135940800004 ], [ -117.114294892999936, 48.150382324000098 ], [ -117.115115642999953, 48.150019962000052 ], [ -117.115679837999963, 48.14979900700007 ], [ -117.116826385999943, 48.149408190000067 ], [ -117.118067261999926, 48.149039447000106 ], [ -117.118810856999914, 48.148849966000057 ], [ -117.119916506000038, 48.148616927000056 ], [ -117.120973436, 48.148437055 ], [ -117.12274000499994, 48.148202124000107 ], [ -117.124535712999943, 48.148107983000038 ], [ -117.126260944999956, 48.148034405 ], [ -117.131612730999919, 48.147780440000112 ], [ -117.133508088999974, 48.147675831000079 ], [ -117.134010502, 48.147637895000052 ], [ -117.134508989999944, 48.147581335000083 ], [ -117.135263174999977, 48.147419343000081 ], [ -117.136003291999899, 48.147230516 ], [ -117.136367405999948, 48.147126206000088 ], [ -117.143251087999914, 48.145018300000018 ], [ -117.144197401999946, 48.144742740000048 ], [ -117.147457572999983, 48.143744054000095 ], [ -117.148187754, 48.143502129000069 ], [ -117.151121282999981, 48.142601029000033 ], [ -117.151813739999966, 48.142413371000046 ], [ -117.15463792099996, 48.14154875900001 ], [ -117.155555958999983, 48.141246200000118 ], [ -117.155609445999957, 48.14217590300003 ], [ -117.155624925000026, 48.144645109000052 ], [ -117.155650230999981, 48.145120186 ], [ -117.161198167999899, 48.145115504000067 ], [ -117.162977711999972, 48.145136457000028 ], [ -117.163266691, 48.145120676000047 ], [ -117.163409373000022, 48.14510320400003 ], [ -117.163687980999967, 48.145049486000026 ], [ -117.163953515999978, 48.144971566000059 ], [ -117.164079910999973, 48.144923942000027 ], [ -117.164317174999979, 48.14481241500004 ], [ -117.167344177999965, 48.142907774 ], [ -117.168030278999979, 48.14250915500007 ], [ -117.171805104000043, 48.14040887500002 ], [ -117.172725742, 48.139906762000031 ], [ -117.176213421999989, 48.137940011000111 ], [ -117.177069811999957, 48.137475847000069 ], [ -117.177213117999941, 48.137371230000028 ], [ -117.177405286999928, 48.137185570000035 ], [ -117.177505303999951, 48.13704590600004 ], [ -117.177573561999978, 48.136897917000034 ], [ -117.177878980999978, 48.137080234000031 ], [ -117.178938946999921, 48.137851102000035 ], [ -117.179537320999941, 48.138229088000045 ], [ -117.180165694999985, 48.138579074000056 ], [ -117.181198968, 48.139121312000064 ], [ -117.181693719999913, 48.139344092000016 ], [ -117.181907928999976, 48.139406771000061 ], [ -117.18202025099994, 48.13942869000001 ], [ -117.182251224999931, 48.13945288200005 ], [ -117.182484978999938, 48.139450371000024 ], [ -117.182839400999953, 48.139388210000028 ], [ -117.183061149000011, 48.139319241000109 ], [ -117.18326595, 48.139229827000072 ], [ -117.18355178099992, 48.139026589000053 ], [ -117.183820673999975, 48.138813744000011 ], [ -117.184113347000036, 48.138615453000043 ], [ -117.184265189999977, 48.138536851000019 ], [ -117.184438465999946, 48.138481567000071 ], [ -117.184530712, 48.138463498000085 ], [ -117.184721178999965, 48.138447533 ], [ -117.184912374999968, 48.138458942000064 ], [ -117.185152326, 48.138507108000042 ], [ -117.185380778, 48.138575906000057 ], [ -117.185593791999963, 48.138664146000075 ], [ -117.185739375999916, 48.138801463000071 ], [ -117.185856872999963, 48.138950346000051 ], [ -117.186004534999924, 48.139223685000012 ], [ -117.186211532, 48.13971475500005 ], [ -117.186355566000017, 48.139985062000036 ], [ -117.186502310999984, 48.140191656000077 ], [ -117.186637454999968, 48.14031466600003 ], [ -117.186729689999964, 48.140373956000062 ], [ -117.18693317, 48.140477465000096 ], [ -117.187043213999956, 48.140521073000066 ], [ -117.187276660999927, 48.140590706000047 ], [ -117.187523289, 48.140635587000034 ], [ -117.187649733999962, 48.140648390000116 ], [ -117.187774498, 48.140652689000021 ], [ -117.188023373, 48.140639739000022 ], [ -117.188265262999892, 48.140598470000072 ], [ -117.188493028999943, 48.140530096000099 ], [ -117.188699948999897, 48.14043664000009 ], [ -117.188793652999962, 48.140381339000044 ], [ -117.188870585999894, 48.14031898300005 ], [ -117.189062377999988, 48.140113537000012 ], [ -117.189155032, 48.139964257 ], [ -117.189500411999958, 48.139557825000033 ], [ -117.18977229599993, 48.139178306000076 ], [ -117.189895541999988, 48.138976214000046 ], [ -117.189980058999964, 48.138765392000018 ], [ -117.19000735500002, 48.138657738000077 ], [ -117.190211548, 48.137384044000029 ], [ -117.19028001399991, 48.137136872 ], [ -117.190328071999986, 48.137015324000068 ], [ -117.190385191999923, 48.136895547000023 ], [ -117.190470694999945, 48.136815429000059 ], [ -117.190663922999988, 48.136667073000034 ], [ -117.190884052999948, 48.136536586000069 ], [ -117.191127427999959, 48.136426133000086 ], [ -117.191528303, 48.136308580000048 ], [ -117.192533125999887, 48.13605845900004 ], [ -117.192684237, 48.136028240000037 ], [ -117.192993792999985, 48.135988334 ], [ -117.193308526999942, 48.135976342000077 ], [ -117.193483234, 48.135989141000074 ], [ -117.193828281999942, 48.136033554000015 ], [ -117.194164174999941, 48.136102593000047 ], [ -117.194967027999937, 48.136337788000063 ], [ -117.19549410800002, 48.136514893000061 ], [ -117.195701862, 48.136572302000012 ], [ -117.195810739999928, 48.136591250000066 ], [ -117.196033959999923, 48.136608842000015 ], [ -117.196258236999924, 48.136598967000083 ], [ -117.196521419999954, 48.136511042000087 ], [ -117.19664588499991, 48.136458498000103 ], [ -117.196764859000027, 48.136400535000099 ], [ -117.196984258999962, 48.136269396000088 ], [ -117.199559625999981, 48.134266928000045 ], [ -117.199768270000021, 48.134144198 ], [ -117.199998013, 48.134039708000074 ], [ -117.200245319999922, 48.133955070000091 ], [ -117.200363539999969, 48.133928718000035 ], [ -117.200606134999958, 48.133890891000107 ], [ -117.200901995, 48.133868140000089 ], [ -117.201348234999983, 48.133876346000058 ], [ -117.20149572099993, 48.133890353000062 ], [ -117.201617797, 48.133918139000052 ], [ -117.20196411199997, 48.134032661000028 ], [ -117.202173481999964, 48.134133284 ], [ -117.202524852999929, 48.134407857000063 ], [ -117.203985205999942, 48.135778078000023 ], [ -117.204166495999942, 48.135903156000076 ], [ -117.204365090999943, 48.136006613000106 ], [ -117.20447296, 48.136050104000056 ], [ -117.204702437999941, 48.13611924 ], [ -117.204822600999947, 48.136144447000049 ], [ -117.204945374, 48.136163190000083 ], [ -117.205201738999961, 48.136183445 ], [ -117.205466031, 48.13617818400008 ], [ -117.205596836, 48.136164861000054 ], [ -117.205725607999952, 48.136144511000055 ], [ -117.205973699999973, 48.136083305000049 ], [ -117.206348166999987, 48.135936874 ], [ -117.208189988999948, 48.135090713000082 ], [ -117.208541818999919, 48.134945645000073 ], [ -117.213418737999945, 48.133270896000056 ], [ -117.213725363000023, 48.133187038000045 ], [ -117.21404554399993, 48.133130254000058 ], [ -117.214373971000015, 48.133101487000076 ], [ -117.214990811999911, 48.133091859000075 ], [ -117.216078495000033, 48.133102208000047 ], [ -117.218700755999976, 48.133101605 ], [ -117.225760074, 48.133128353000075 ], [ -117.229530699, 48.133127760000029 ], [ -117.229677616999979, 48.133125215000085 ], [ -117.229969394999969, 48.133102181000034 ], [ -117.230254811999956, 48.13305554300009 ], [ -117.230529626999939, 48.132985995000112 ], [ -117.23066177299998, 48.132942940000092 ], [ -117.231393149, 48.132675785000025 ], [ -117.236808891999928, 48.130610573000027 ], [ -117.238730773999947, 48.129856153000041 ], [ -117.239745263999978, 48.12948182300007 ], [ -117.239995004000036, 48.129360696000091 ], [ -117.240220907999984, 48.129220152000102 ], [ -117.240323859999961, 48.12914323800004 ], [ -117.240507856, 48.128977554000102 ], [ -117.240668681999978, 48.129154813000099 ], [ -117.240594332999976, 48.137985844000085 ], [ -117.242140918999951, 48.137991745000043 ], [ -117.241991080999966, 48.152358091000067 ], [ -117.263939533000041, 48.152440875000082 ], [ -117.263714375999939, 48.166961897000121 ], [ -117.263738448000012, 48.17688717900004 ], [ -117.262395138999977, 48.176071389000043 ], [ -117.262108706999953, 48.175928427000017 ], [ -117.261800264999948, 48.175807677000073 ], [ -117.261638977999922, 48.175756111000069 ], [ -117.261304780999978, 48.175671400000077 ], [ -117.261132908999969, 48.17563851900011 ], [ -117.260782288000016, 48.175592213000087 ], [ -117.260604627999967, 48.175578932000057 ], [ -117.260247373999974, 48.175572324000044 ], [ -117.260068888999939, 48.175579017000068 ], [ -117.259891239999902, 48.175592352000102 ], [ -117.259540650999952, 48.175638769000045 ], [ -117.259199965, 48.175710997000067 ], [ -117.253656553999988, 48.177197851000066 ], [ -117.253133159999948, 48.177323532000081 ], [ -117.252623113999931, 48.177471741 ], [ -117.252128576999922, 48.17764184900004 ], [ -117.251651650000014, 48.17783313500005 ], [ -117.248738702999972, 48.179139771000081 ], [ -117.248414659, 48.179264333000084 ], [ -117.248074055999922, 48.17936725400007 ], [ -117.247898545999988, 48.179410288000078 ], [ -117.24753918299993, 48.179478989000081 ], [ -117.244189378999948, 48.179898038000033 ], [ -117.24388939299989, 48.179956346000047 ], [ -117.243743649999914, 48.179994043000065 ], [ -117.243463063999968, 48.180085898000108 ], [ -117.243200074999919, 48.180198665000027 ], [ -117.241903617000034, 48.18087768500007 ], [ -117.241449643999928, 48.181052558000069 ], [ -117.241127479999989, 48.181143078000012 ], [ -117.240793423999918, 48.181211668000088 ], [ -117.237244886, 48.181804926000062 ], [ -117.230849378999949, 48.182944409000108 ], [ -117.230472563999939, 48.182975979000048 ], [ -117.230282755999937, 48.18298102300011 ], [ -117.229903382999908, 48.182969548000052 ], [ -117.229715031999973, 48.182953066000024 ], [ -117.229344017999892, 48.182898876000067 ], [ -117.228218755999976, 48.182633577000054 ], [ -117.22482717599992, 48.181795865000019 ], [ -117.22432607099995, 48.181683494000048 ], [ -117.223835997999956, 48.181551144000018 ], [ -117.223358732999927, 48.181399296000073 ], [ -117.222916525999949, 48.181195014000039 ], [ -117.222648468999964, 48.181035838000099 ], [ -117.222404797999971, 48.180860003000028 ], [ -117.222174767999945, 48.180655590000079 ], [ -117.221972323999978, 48.180438517000077 ], [ -117.221799015, 48.180210445000036 ], [ -117.221236192, 48.179332947000077 ], [ -117.221008619999978, 48.179131611000017 ], [ -117.220825812999948, 48.179015786000029 ], [ -117.220512919000029, 48.178874686 ], [ -117.2195297049999, 48.17869903700003 ], [ -117.219126245999917, 48.178585086 ], [ -117.218719352000036, 48.178418212000061 ], [ -117.218418047999961, 48.178274436000059 ], [ -117.217670154999894, 48.177860285000079 ], [ -117.21708227799995, 48.177550911000061 ], [ -117.216982845999979, 48.177509917000052 ], [ -117.216770237999981, 48.177445504000048 ], [ -117.21654443700001, 48.177405990000075 ], [ -117.216428598999926, 48.17739595200004 ] ] ] } }
]
}
